property_id,price
d56159653f5d2abc5ed5acd7,692260899.7532986
45550aa81c0151f1fd9fd8fe,793056373.9542124
735deef3382aa15930482f3e,553714054.4947842
0dd49fa8bb7be52b851c6dc9,633272825.2631005
7d3220a91e78f8bc2924d1cd,742550985.7549405
d3054072b2175deec2c1f8dc,411954069.3241112
b7574b06d593fca4eac59815,412005387.34875125
79e822115c5c1a4531366001,509564813.3354074
d3ed5316a463d38c1bd321d0,711366630.5121903
2f1880c9b8f7ac2715e1236d,742004977.7369914
dcca1c7f109175760ff531c6,703150925.3514338
dfc4f3facf91bbd93ee0fa4d,451706251.42417634
30e134a6cbe61d7954d0f56b,416569664.3133062
385fee7bd9ad7722d45dd034,389776557.4209376
87199c236bf22903d1aafdd0,397402547.26816446
19e19ad0cd6b5e84d8aa970e,596708566.1701591
907f968e78d748fde69dd44f,590339867.0252901
be094e5db0f784e3aa013aae,454092938.69730145
7ab96f83915bc84f8c03c1bd,449399866.99478334
07f4aa9b9ff5b0b05d31e6c0,755968348.3086964
e9be8cd37abed8ab510ba1f5,718509958.8043879
5f6ad58df27b562db077b5ce,646572805.96659
ee96d947484aaace40f9b77f,681616321.6471585
15c4aef8401208054697b81e,890048060.1945632
22d6cb11333f2839b8112b89,1065087901.5294206
288c09c33907dadbae495c11,1363528949.4543338
f71d2bca0c5fe2720a1544c4,607150430.2750145
451744cf3ce55a98db8a3562,547573564.822485
fba9ae05a6a8a9e0c6268a9f,596696721.3945771
1338e58f7dcebf5a1ea59388,490078876.01432323
a817e8da0ada143ac87277ee,388414070.68051636
46d8bb3e9a0ca584d3c7a317,611975499.9987249
b2506aa9463aebf01e1e00ca,593276067.7246943
7ec025b9b6e6f33bf65af41b,629012857.076093
2ff531e27672ecd2362eed55,690110612.9765178
9b3cf0d1b91b9c6a2a887647,601936873.3022537
7db5291ce4602d9b2b266872,493280199.6784706
65d5918e826c33bb950fc008,465785480.38908327
395c34e4b8f52cbdb0522459,616974023.6825432
855f4b67d2bd6d18fd03d8e7,574322375.6286644
9ff06409b37e5b5dece4604a,576252395.4074179
0508cd7bd2c77ebb6fea1e56,493823759.2455506
b45fff2e718e54772d46a3fd,563658044.495461
cf4d2297b73dbc357d21e31b,472399207.53510964
0ada7044c5b29925abc90879,562608678.2535317
6305f02255274ab5fb6bd39c,569733322.2664584
d9a94194ae1350512beff3e6,709990491.3646502
e3896296cb80d50d9ad3f903,688443352.8327514
6514f355887c64136edb5595,728162678.737002
f03400cc18e12903b3ffbe5a,735843876.8105639
4e134600155a64783b3f8c3e,621584262.3704
d63ebc63c82fbf66d8b6ffd3,787285656.6793902
1bd64811bd59706844230198,584447167.1960297
a83921284639eedd4a511cb6,642779953.0006223
a2f3f7a1cd573e2a33f52e2d,735597430.440339
47344a66471fa51f61c64652,733060213.8988134
78fd849c9429091347d7e5c9,650788121.009415
c3daf2abea55af99c9579319,712997664.2248547
52864916eb1984abca41ec66,760880563.0405002
c62494a9d7aede44f2f84023,759626601.4016368
a2b576643f7a032371587e5e,991083890.434381
e53bc68f0e97ccead24f3e56,760974384.7870523
fd82c710aad91bc90af490fe,816287187.9023695
d436abc2ee37ba3dd561e940,607029332.9372634
216a598114a403676011cb51,604702842.5664908
ea230d5eccd2b687888173bb,665722125.9422851
18bd0dd7580f2a7cb19a90b9,373361161.1037488
b143c8ca6d334f6a73c3f2a0,303215486.72314113
ab388cb4fa511968783bafee,552526553.2102258
6a4f08cd04d558a56af732d9,499275806.0625932
7216c895aa047c4f405c4941,527249366.9472279
a493488dcd906dc74cf8a604,538512867.8437879
7844b0b2bc65dced90a355c6,495433257.10027236
c1976383069b6b82ab29d092,453031461.60806537
e5cfd99e2308b7b73581dbdc,582992264.5925689
c18c2ea88f4ac53970b53d2c,678316514.5658133
842c9f0e4edf1e5a672ce15e,613213202.2674114
7dd1e46dcbddc6bf5ef694de,478910572.2407786
6cc4f32b39180bd1ec7e117b,565600701.3771007
79e643789a85dc4ffad49a25,958041365.1062306
b3402a9173d289d6db78e09d,726268628.771483
a446507813234e358db8b573,621844528.8676299
c8ef57ddfb35061d1876f94e,663129370.7612365
360be0df2c003005e3db080e,885521769.8732854
9ab245a4c91877cb7a8661ce,908753089.3083186
a57a34c7486e7a40e8deb316,622257601.4414207
ceba7d0f56f6cb03538962fb,703273868.6309173
d5475993f9db58c3e4baf7a3,724556089.4367188
d37a1dda09e30da13ff5bfc3,646805939.4577179
68a8b8d077a8232723bf37e9,667048810.4078877
e1eea7716ca6490b7640717a,670623669.884081
4ae6d75b10848d259ecba576,646885538.0210109
17afbce5c0b56732abbea936,755203382.5878005
84a2673eccd3cf3bd7fd3eb0,765504089.8215586
f2f4e6cbafe527b155707f01,942666308.8741629
de2e3a592cda5b76c9573c5c,813939273.63819
fac651cf404a58f24dc7d286,1169373774.514485
e6f312a0877af26b69855a3d,1157682720.318679
333a643c623a9bc75f3a40f2,826763242.262511
64593641e470908ef23b46cb,778448063.8897091
ce9f2f0071be658ae75ca6f9,1065583339.9148974
9ab385e399a4673732b6a799,639287574.2722886
3429c774b736cefc051e2c55,573514887.7322186
a51ad0372758b2bbfe73f8fd,572734246.4220828
8c801a266256e3fbabe7e3d2,584506278.0122159
ca2f81b8fb6fda20aefb0ccb,593850403.7804496
3c1b1f86087f9b99380e387c,630942121.7677351
b0cad5d612954b8cab18101c,1080151099.7857194
7eb991f4c69215377e4dac8f,896790386.7362633
0d130b8bea4321300396fa34,963742058.6039755
8dfa059401e1dca80ae65ae1,785657906.4538195
3e3f264cd0ac7a65ed2349a2,653641125.5400815
112dce80bf512f3f24391d23,580848450.747723
ff25ded6333278149f8fb68f,680320021.7262757
d555b82c192794e87e9d536f,679306987.1001816
a787382d96ef9fce8f27bc70,863088715.710948
8c3aa295f7bcfd9a43eb2037,886036582.2059052
13ac95652fb3cf6c43dafc66,459283766.0736359
42fc6a80b882c32f6264ac10,433324717.5696438
1e9c53e09220d689a0210ab9,412190452.0075664
3348706086aa3db5c92259c3,468992555.5489238
66d402a9b7d05f29282ddb00,547044173.8953044
cf88be51d6f31c10e5868ff7,393000299.0733977
30b3f38716be209a894b0942,461497467.07709235
0a5908a92d0ba3e36f54b1f3,473889176.9822095
dd206b6ea2d7f6555109ea39,609855625.5208979
c641febd8bc2ece3e4d2d8b6,731413845.2779185
c11fdc02a288af0572a2bca1,646088208.5072951
35dc60a65969b264ab283d6d,679718848.6546032
d9cb0f637cd4feaaaf8a21c0,672056082.7549034
7e8dfae9a5f1faf8afa706f7,431824912.0803529
a280fe7610c254b935c9dcfc,504711063.95877683
85524880fdc4e4daf90e96fd,573702606.5737257
f361109d06f6609c16724b39,464376713.70893484
3f6b2f0c0876c21755369cb6,568010165.6744821
de26819064a290ce78d8fcc1,722156901.2217474
91be1260a84ab7fa3521c495,851152383.8645607
18c8dc4549d38c918af2972e,708573627.3173172
782b0fb8641849c2c34291e6,535284513.43768126
54933f8b33a4fd6f031ed5be,638418885.583558
953176c9a901b4f61c030432,707087420.2735443
357e2add3d68167a4f3ce15e,824412616.6090158
90332d50e91925eb9b614bef,718795552.7417495
11723d1d472bf1a3fdd8b72c,759503816.1472739
01f8b6799e2910f7769db175,743041172.3159411
a0d5001f7dd42d7f0c91d2a9,518412378.78618836
d4439c35bcb88e1490916c67,617812276.0074363
4a73dad0ff8a5262e8b07c4b,703180295.1495799
3dd8085a65f24b497ea59557,810639993.7820413
39ef085809bc80e32e7b6af6,824702765.0335587
b98ee16e8fd7d1c75a9da13c,765515426.7821666
16deb26bf740fa61e258f545,655419483.5714393
732a3bd457d7798e1fd892f6,591756931.3572601
1376058cb128a1c7729cd2e9,610545781.5546187
cac7e7c3e13af91bdc7107e8,725728328.7190046
9f3dfa6e1422f6aeac527c61,452050093.58466315
4dd3d1288ccb66ee4fb9c097,1131714407.8915622
15fb97d6a43731d61e95d004,622237158.7080657
dac29573163315edf99e0e7a,541619117.4020233
b93f2864087d41c3c92d43c3,640727615.3808138
cd4656aed92f5c0a0b6b7c0c,640727615.3808138
556210496090b42ac10cf1b8,991083890.434381
762979729fb21e56a32ed14e,991083890.434381
ea935b76abe664d5e2c4736f,465785480.38908327
40e9ef1e7c6749b7a8d04ea9,562349085.9716847
058265732a484ac8d5497f5c,519982400.27950543
6f52ea8340cdd283f9a79720,565186193.5728508
cafe7c1ee67458e05c84d5fb,569733322.2664584
3f45ed2f08a2b03b738fbb5e,511108967.6238124
f203b18854b75c4564d7a17d,682135060.3900039
d5333f639d11bc3ab073ed72,597890021.4580885
c14f644116669a160446a945,566810895.7373295
de585856ff546e00a5a4672e,596287031.8544176
7a80663cae7c191b5d025fa0,594217993.2348666
71f80198e68fbba902650b1a,572966926.1930696
f3523e0626df8cea803ead0f,593167182.7448002
619abd5f978b1573761be86d,551066399.7313155
17a2323b855e93533a9f09f2,582937022.2853252
38e8630f2c05ea38e2257c21,591784203.0119827
1e3798d739f85ee0e5a314ca,605371150.3274486
46d0544f411bbfb6b452858c,594649813.2839441
605e7a71eecb13b23ffca0c1,585573085.3344858
7515b37b7ae7c62f3dafbe7d,601144698.9196137
28be121ada9c9303be802474,567957218.7972656
331d54f8a1bd3dabce73d6d9,618602129.453519
22d167639ccaace593dffa31,626506697.5495554
36cd68fc3ffab79fcaa340ab,618219155.35159
db924733e88c361cdfab874a,720253710.6956098
64eea2e9a13a8edfe8ac7027,586761506.4205892
97fe6eeed892111bfa20255b,670204242.1774822
b54e6757829ac95e2076d954,712350207.354162
dd59b8122458557041903207,634770431.8753734
b35c58fc1c05a77433025318,630874008.3282443
c41964afa164d8b75f8dbe92,587106850.0686617
96b3ea80cce599b68f96f86e,602783960.2231811
a4bc87ad4f1ad97c0a63d843,607289743.3665354
16e62269e6aa2ea052d05f71,608877947.7639089
518b37b51f824fa0fb5075d3,647421721.4196798
e083d83369cbc93fb94842a1,618872189.2247351
57deff02895d5286eda10d89,665038148.8755116
7ed35835fbe694bc237abe38,593170562.9782134
b48efa9ddf36e85164354f26,645448188.4694164
5910c9b29a1025bada93a5e1,608932002.2050225
10a650e8cb5425c97f08f68a,593195898.1355944
9e0feca2ec3043ae6f840631,643900796.3470683
35ce37bbecac6b164fa21e6c,639896590.8111203
c4955010d066e013812a85ea,633838163.3590455
d5a83c31bec18d1c3eb9af7d,607491377.1226165
70217bd08583854329722821,628978217.3319654
28e748e7aa0a447731e06706,618504002.7261813
27929c0a3e0fd2d6d2969e03,617228663.6993017
5c5ea0d8bae75e0a5c88414f,615452702.897321
2233f50cf7b04791cf1ddeaa,618017739.2635354
bf430621f17dcaf17fb91ac7,619924657.0940276
d8dc9de06461e0220bc55906,626084714.212332
d988975f8c4e6ee8fd8dc1e1,644227783.6748806
bab884e0f99df269805e83a4,623400470.772685
8fa9b20af1508af7a01e2267,791347484.9371623
b6f195d44ddbe10b78b97191,548883018.9294621
2ab0eeac4a228d5769fb4365,523713783.8262982
347a4deda03bfdde6d1c163d,598592120.6009182
17230f18b30b94606fea047d,497712324.0468844
eab4ae491bbbe7b8ab107229,594227746.3561461
07c753474a847bf2bccd55b7,679760574.9310852
b7ce05400f0261743073e072,620378604.7605836
4a33d213841d2af537aa967a,618773151.9254445
04eb0b590ce7483c615b043b,598659057.1118972
a01a51af09a3dc387a18b58c,455560038.33834964
270b930a9e22d5016ffa4019,953024337.9136221
5ed1320fe84a518e267ff537,710553388.2876835
f04b574dc221473cfd616e22,562640538.0568103
6f7e390aa6135019dc5a828f,649425036.7403724
776d4a19fb3852fe6dcd3ddb,629824176.7418989
b7f164b79658952248866c34,760249318.3795174
aafeff5826516e363471e439,547787153.1151549
eba6a2b80a17a846ae560ece,396187833.40112454
90e62f8656ae504bf6175e0d,515164779.5339418
dc4331d09a1e36baaa6bde53,564551472.7400224
372d67ccb9d251e290891f0a,327791368.61306006
a7801c67a0ddd71c50ba38d3,463631696.09057623
e4d6b81f169cab8ea0244d75,459393902.29880726
cd5c6655243a4be0912bc92a,622257601.4414207
f7a7281a19733251134364fc,692538238.2514629
a716ec25a219961fbe90f367,942666308.8741629
8bd45966c16d4eafb49ee2a2,903973914.7926466
baabbdaa5e8f69fc90d303c1,898520969.9893731
8bed46960db1b2a7954ffbcb,982587609.7664115
dbc123f9502159d660f375ca,1497578697.3714426
a4683facc81ccda10e9ae388,1065583339.9148974
3a576586fa1aac85c2ffb75b,1016531995.9303224
b1fb98d0ba25b21c6647d423,936008061.8048217
97fa4be3ed93c37c048f507c,541063612.1965739
cf184cc576effe39c0f857b8,465145360.24719197
784f67fcb2d009d352740ed1,442072766.4035257
f4d6ce332121f814aa663fca,582547181.9248817
c87ae84ef029febca1e633e8,493068849.9447532
e876c6fd9c161861fb92ad5a,691221818.5679243
9047c4764f2c6b1a10b87e99,839439214.4773111
234c94e9a248ae57bb5a0771,509752034.52019995
a49c2976ca4f24f3a6b622e3,438805315.0298194
ffc171cf73514bed077339a6,577226155.4094415
fba83f5feea2522888377066,547739059.9854616
1a593800d5785ecc36c25ead,643122485.1559923
ab157c9601861dc387a91b82,812010484.7362078
f87f8003f15b0fbc12609514,638056718.2955663
f44d035ea2b15b2c69d4da50,647801528.7850256
fc815b59cce7934f816f0502,635603788.8282156
32915b77ca68000ba9eed6d8,548959987.7858161
cb083fa7ff634f424a351840,632296142.4717951
4f3c7b9bc78f882f858b3d3a,458674566.5333108
53d33316e237830ad463a26b,547739864.915111
f5d852e25d51377686c43bc8,462572861.78507096
64731b6eaf4fd2bb6c155013,677119003.5319625
dad7e45e4706ab2564ef9cf1,523032972.30962396
255914e9b13ad94efa6ed365,614374784.0622596
5a8950a64b4aea4ac13dad45,665175870.912244
70f51b4abf26651111305b1b,618451749.1567986
8919ca18fff7571002e440ec,834770819.095167
f776a4e0c8c82b3d29756b34,988086360.4106681
7ea4af39a7e577ffbd600f0d,712942731.2324269
45fc0d46c7a4df7ff6976fce,764307981.935586
7cdcecc706fc7c79cce45b20,652822534.9646757
3503f56e09e639be4762ff2d,615998003.1706947
f70ac0d227db6f5333aa821e,639469033.8634888
20db610da64f80afc1621b12,433788605.6026017
c80ef212c870e2f20ed2234a,558501355.1588707
7dc68d5cac1b7fcdab35586e,521058033.1482933
a478fb93a131fee4119bb9f9,809030558.6600903
7749b2b534213ec7b536372b,555250684.6398246
43e59f5312e304fc21c1e052,776634449.859136
82a7920524816f3db7f5a4ca,707594795.1090294
1a7e331d9ff88ae5efafa8ea,802929871.8103014
a57350d4c79a415137281cb7,445101412.77373004
f3a6132006d54d0e22a17e84,623062917.1006911
14caab87a129f51b2b70508e,653070933.7207183
ba2423d79744d763aa3744f8,708493780.0935194
1caac10c1121a795a172889b,816235351.711905
40768729f2697b87ed6519d1,623974174.7219641
843234d3c6c20bb60a17fbee,759881052.9782134
cd2e4dff930a1c7a1a569992,627646993.7604836
5a6eab133b7e95155f6a9012,569188067.8281348
5bba6c40aeb129c433d2c58e,644994682.7890333
ad3c644b506498127c7beef1,639350418.8951477
a379656c49f4cb1cfc5b3f03,601457936.2660664
998c1a6ace613d8a7468ba5c,623469945.204756
dd610d7ece83bb02dcd7a22f,591293836.3448786
539467d04a2b3e78c592b11b,555077607.2887468
e40fe4ac43cabe82c03dda59,558294027.9684294
5561eab714583013b422e7d4,493934820.8152743
d9110b2b5b1c02766da9e24e,596857491.3041573
c72cf05b93b9c290c063b08b,674876264.8650006
d71cc157c0c43935989009f5,688950744.1972448
4199eaa19ddf8ac436bb2ba3,724072031.6508607
d23d12bd86def2657038a481,690443658.5879612
ca438e13d8aa6285858da0aa,763188825.1757883
a173eb804f4bcf6bfe889417,939815217.6694068
9b3677d498c2ccf69c756ec7,994090513.9812385
f8c787390e4c6d2e99fc7c3d,593464406.9271188
a188aa896d1b4520ccd6b65f,667226429.9697942
9fa39c9eb4b10a20dda6c3c2,600181955.0487584
7bc9022fa1eadbd9ab39acd9,589994151.6865792
46f0731f62232b32eb733dc3,583605179.3187313
b6767d1e329ff5e28c42f632,569838247.8888267
abde4b06769fcb1d5577fa7f,575342453.8929083
1496d159d31717ce254f67a7,558240228.2431567
1470749d0d2551a93827e441,505398812.5824243
3ac517f74dbf8cdc8feadfe8,555339333.2781903
fc6616c62030a53d2aa46b12,696966219.0651181
8497f34947cb4c0ff18a0eaa,767633359.856233
3b2936127f5a4684a1d3de22,573712351.8945214
dab58562904cd13a93d913e1,555415933.5157182
69d1e47b6bdc57512f1838a5,596882314.1116846
23c7f9a0534a4ae6a24e38a6,662139040.8366922
640e9fe41fb79ecba89d8951,775589793.3374522
31f6a25d56f3bb36386d07ae,671256525.8500947
bfb30ae71cdca27f5a5494c6,682101898.4113725
baacf0dbd690644d74f3a929,526700726.61445946
cdcb874d2e62220d12230632,649140853.8693858
1421bdbd9cf7572b799b732c,974343308.2088774
ee9e5adab1455d38edfcaa6e,852727892.2143416
1fae43a9450fae02919962b9,738657506.8480333
5f9ee280509afd55d24f39b7,583242289.3153193
82902f2082dd405ab538ff58,527241951.7978873
eae52c81f779a61f57cb5b58,666168944.0372757
4ec0aee1b202642d2739068b,662402652.459753
f4c6c3210a3c2eb935c6d5bb,784481557.0945764
14a14706d405569501327924,432791863.36287576
146a5a4f3d111dc7b955ce42,702992718.8128514
99bdce7cdea643b0442976f5,622055978.3839303
733c7cdfd50db77066a67140,616131354.0372196
de328410e22767c66d919423,638557476.2935841
d0116b53467b3081664fb268,859280804.9981604
dc722ea5c4d62773f9fb6bbc,522681581.22108287
e84605e3aadd50b064c8eac3,767664074.2243618
31a3719e57ab1425e7267fad,726334564.9625865
34993717af3f861b9735df6e,644899060.4024217
543822711986a454cfd764e3,635238199.8731774
5bbc4ff9cc3ddacb39469e27,709571463.350576
d7ced905983af0800c19b7fe,725851922.8720154
02d5bac2567ee9e19041ad42,760754074.9253336
f4897a8a0a911a2acfb8e8c7,935554741.0518112
4ba19ab08d1fe7f72d0dd37a,552847818.6736827
b7c07f8afe037d55bddb8e41,504127540.53963214
40b20b5a3a986802d64f7675,465812931.2442957
01fb5931cb55f5308382818e,786281214.8664422
7cd0c7174b957df1f004fc88,635374834.6942676
ca13bacbf6dc8d1b09fe4c67,602332731.3785132
0ed0dc77661be57aab63bc83,552767914.3325524
d03558acc19951a882bd568b,599176933.7801062
b8cca0d70fb46f3a31473e98,798905949.6908361
f665a58fa8eda69547c1a159,677443437.9281374
8aa5ae4637ba83e672cd3ab9,620580699.2651745
a6da1996f66e545041d920d6,849178907.1860129
b828609eff041a68fa243a12,651601052.7044486
3f39a260b81dd7de1dff2b31,575791439.1391668
40fd167916ff071afdc44792,853391262.9766759
6ca31945172976c3a11732c6,798486141.1415151
1437d1f1601d26a3dca7594f,811804159.1158195
ebab054e5f256bf4e382002a,992586063.795167
0838d0df248d723da4e25ea9,660597500.8128307
7a134e45b9ebe710c6c6efe6,591969823.6447225
6e9c7f27d6b89c5f9696fae6,550021777.3603307
bd12c705950c46e679c34bf6,978133232.5042701
fa2c1092f17ce021964f8953,683603905.6302437
e3202b635974f7a3367c0ff9,722976225.6981575
49bdf0f970af03d83a57dcff,728053919.5989344
91af29fa680d8033188ffc39,700979124.2817205
cb626b981c0997d254388e76,554237556.4102557
155a8e4186d1626fdda4d0ee,695614455.009365
d337476c2cfa780518523a6b,590546085.7373179
7c3ea8523ece273991a190da,698791427.8022529
674c02227165e1c7189c54e4,990578822.8382773
17056748001fd65cb961b384,862538053.9167293
f56bca5bebfc765162c8cae0,823763549.5451828
5f4b0ec9c7452b888b33c3e8,608621059.0584459
13dbc077e552640736267a49,422271349.67620176
cb645955c851790e83e696a7,607529331.670757
649cca8c83352caf7442f20a,661857748.5636116
fc8836e71725949c5f3fa7f7,1093836375.5667229
4f431d80287051ca323f2c08,499527257.34705687
42defcc69fa22e4c858f3c24,710715457.4910797
291a2f9022933c9d81311e81,751901265.616023
d48a061a2040d851937413aa,775040967.1152781
55d2ad80322427ee3426dceb,770239995.2808512
8c41bfacbc1a6ab831b26fa8,678376697.9697843
c7214222fefdd8d2ad7f8f8f,625741041.1670289
b3d9a095c9c73004643c9e78,813982817.9641763
d49aeae19e13909e75dda2b6,696564012.0863025
dd10dcc52d2549df85f2a8ec,811404162.4952102
6732b448d2e4f32679f235ad,864259825.9183413
f08a5c2992cfee4c0910f68c,723971842.6872196
e3a62f080c25f404ca995e06,732428899.6550887
7634d584c3042533942e2dc0,680013532.1908197
ae58dee872922a9c678dbfcc,1044359845.2218461
5ec01e911785dbd5b49b166c,534088612.8597952
9bc12d9c9ad95064412c3413,616252817.915512
7acdaa0cee1ee62e15f4490b,596973195.8531464
d76d5b14d0acc5295b8057e2,629211783.0148865
32f3364ac1fabdd13db1cfe5,336606613.84649307
8cab957b322f1aba06bae4ad,450933187.90231144
e3dc8b417819e9afe3fc7d0d,447872506.93607515
c71fbecd8f7310c201adbf40,502129924.6785112
54c9bffcdc46819f67e4b3d1,645602100.966996
4d94a2295f612b96264a0db8,631765432.1155653
874f4a836cb74be301e068cd,905112841.096015
a18925f908acda4171bfbe36,870504949.0544292
a587c7419568288d68c46feb,933076501.2977242
19994da77ce4f2db3efe6660,598672300.3798969
9c4dece6127f1f3f3bc1e0f7,578981065.4227172
09c28a830f8093802384071c,672628397.4552829
5766f7cfab59c920081e3046,578981065.4227172
964b7d9de17c1ce396fb83fd,437321519.80154324
44f77a86369d6607753adc09,596835976.0852021
7f25471be85adf0baeb8ebbc,661791981.3394547
6859481703fb0cb34c1e564d,628166542.4483643
7ba0c14dce0cb09ef5735d9f,686943992.9959657
62cd6a29e98a5b7a5ad38050,675921426.3860186
9c6d7e6260e4fe83d43706d4,561009804.7654707
5dbcb55dbba823dc31b041f6,651664190.0683078
85abc5c0353c5b678f087824,579742653.9433358
56dd1bc39664f8e9f316851b,627206838.7030344
b23341faa7307d9d6009c6d8,542490460.7582606
2af941adae2e8dfd66542055,632904313.6902915
268f887f25d416dcd3c0c9c2,737387821.369338
9ddc7272fe43f07035d3da63,1145080193.3732271
4002635ca8b087877ad22d5b,1067624173.5233517
b515b1caa608ff42574e5a06,573617973.7285955
710542343cece039a279dbee,788196162.2336247
187a143dbd6d4bd81d6d9c32,506626494.392926
26db92c003c8e67d92d88aaf,960787646.2700243
641ac8f4f60ae2b9cf6add93,571289329.9733958
784714647351cb6745c867b1,788196162.2336247
5fcf1e2ab4edf13ec844decf,714023329.5440332
2575d932e98c421bbb38b267,799029849.0984966
af9d2f5f62bf74a7fa9c74f4,671421956.6168662
4db8d529af9f718e6d81a85d,555077607.2887468
9a3368605e5f563e29182f3b,665203653.8588867
5ff696d8369101b6dc60e2ed,609582217.4852598
95ade3ab8dc04237acd6441a,300439429.0445619
607ed21e896eb5ffb50d5ead,481822431.7893216
40d9a852bbed67a6036c6d8b,500170637.62560785
97badba651a94721af5df3f0,688950744.1972448
b2f089146c30929c4836f0fb,557250221.1284242
936307e2f478c3ff7b9652e3,647454085.3200517
b6d5cb459999de084965e993,708234271.7152317
aeb66f808982c6308d891f55,655439341.5119069
cf8418c60f4e54dfa09b1e6e,660452964.6076926
1dcf71e8fbfef2c6534576df,665031323.4365242
c78b16f05ef58855da0d4f2f,551687457.263671
19ecf1fc86396ada203c2a19,798381138.7748115
985fc7ab5aabf1831ce3d298,651371133.1734357
8aaeae6bcfcee5ad928ce28d,609584354.2628363
1a93cae134c79a43b13ce656,724072031.6508607
ffad647e8ee35eaea6378fb6,699598692.5737234
c21a3eaa136ef8a912ce7b74,678036847.8987554
fabe0f299a4e4bc6f51d54b9,584366167.1313682
5af99278b1091dca9b0b0332,662860918.0108757
3f0c845deec1c24472a35efd,956660744.2493383
c10f25fd39dd36287a6cde73,1095494289.5741603
f37d31c512866b575780c4b7,1062360486.5469921
5d34f871e5a5cb3a655a0b13,500284384.5148413
95bb852a958d7b16fd676e3c,865569773.6431215
24857a7a80d5f13a52eeb054,578072671.7443548
f9796e9d13fe1becef435e54,957738611.4743663
1c2739878e452a340a4e8972,937922524.5817192
698f3f1929a2dbbc69865b65,614290791.85875
bc230105784ca8640e499ca2,574920040.0808964
622fdba953206a65224f2c82,514908338.9376972
6765fc17d98c08142d3d7757,617300168.0802593
6f35fcba4ffd6a58bce85892,598951755.7176738
d8654c08e95b39e3b4891cd9,709916210.7754965
33305df46dc2186c7e3f727e,822516871.0909419
0cec193a20d720af010383b1,659597756.8066248
734efe04fa6b326ae1d072e8,538083953.1042625
69190139558b2ef3eface18d,638847667.2487012
bb084299ad23f245d7cc5b69,670487891.4972193
d4c7b3372d70b898b167b92a,697482758.5889812
4a119b1bbf04b4bd6051c5b1,618499261.3838878
f844345b6224bc76bc3c6f91,565581820.2282343
052505ca8210e5e651fc0b63,889806736.8465844
5731cdf8cac0b8371d786c90,676418199.3891195
594d8d78af90086bf8cdf09c,703291120.3180326
fcaddcc78938f3a234dd2d3f,418235836.8786595
1574958978c9b5d23d9521b5,719609973.1666118
55902baa0ece72e2e8c869d6,775494598.987918
46161effff173111bb6c3a32,639223471.2745134
b3fcd9cbfd485e4e1da6c89c,491036661.44935054
213ddc1761cd6b018349786a,614043064.122241
be3b1df5f008636e14bec3fe,698587250.2739289
dd27922be5b6f730f8b4e058,415635349.65073013
cd2aeb1b2649ef421102def7,647869640.0094041
a226b4af016a772dc7e39ac8,520704825.95924765
dcef5b332fd31d0ed8d754f3,600791928.2630322
481492907baba4574d4a6f35,721882078.1311718
10e5e54ab66b58b3f41ec381,695569483.9261228
d48866a153ea0fd23a858cd6,541558941.5466275
d273a2075d28e343a657d9de,1028044081.4211135
90a711f776d53cf654614649,626277182.2201903
f87c76eb5071c5b309e3ac3a,509486619.1973362
74df03749e60c216a3e1292f,522189831.2023052
03a84af05df0f577e09d60c1,503693614.1733747
78682041182f01ee4db04e8e,976652931.9653431
25c76b5a1da0c2d8158b3732,674097081.9661325
af8f09175265e1546200ff86,445882065.6356481
c8d4ffb290aa9cea002e8d67,410290557.27254647
cb89ad8156c3428ac80a4db3,627879780.8591713
7602cb1e6fef087d8ee81aac,589162179.0140381
00c75d59ed4777481a50cbd3,694739113.5332084
fd36cffb856c2a14982a5fa9,698495053.6088842
06ccfa37fa6b011ac38422de,554468532.0848513
257b533b6a66b40d0f097c55,597975896.8775468
736eef4bb36681acbcc3c41b,482220839.0124425
e1a4437b17f7bec650d8cd97,727230619.2272202
ecabfcb8ce9bb47ec3089c7e,727230619.2272202
a5a46af0c9fb5c0a03855660,610770524.7378176
920b50f4355cd2674ceee068,644629395.3379445
410e5af026805ec8088f2e71,629080781.8076179
efa0c01632d13ab59f629ab1,550764095.759547
5965d19a68a8414b0419bc68,591024210.3226484
64955a117f2d9264eb59fa82,764881208.8990028
8cd46b5c9cbd056d3712f155,614290791.85875
65f736c3fee3d14c31a57d1f,643986316.7933908
66e9c614882d58c022de7a2c,676418199.3891195
8c787c1e6161b18601e6d7de,560872969.643034
29a115ba5b198689fce5f93b,473995656.9810611
de8ee990e70c8e5ad167dc89,548748350.045164
0b65098a19c2fc1caa6577ed,721882078.1311718
70ea0403b722a1dae1ff9b18,697482758.5889812
5c77e242474e477513b60ad8,539026715.4610074
1655a92b20740a11a5889519,537693152.452727
1709b1446b20b21482dd2d36,760880563.0405002
e5dba7fa0cfb81488b0c331e,552107374.3343517
d09dc3a3270073e5f1cb353c,618499261.3838878
368e740cb71b9175fe5b7b6a,822516871.0909419
b8a8ad4c0215077d3e5aa472,827273127.121969
1f4a78e094987ce29f054fb8,661537589.6471453
aae3a99ac764b8e9bfc562cf,643005793.5844073
a63ecc5539e8725af4128cb5,618721778.1657926
a29e18f37ded2e901181d7d2,700892225.6548617
14ead7469d05e5eacce6a575,682029799.4243447
1cbf39c44f6b0fdbf9554845,682192534.6045874
9012294b64280c565a88a1d8,746447841.8573438
dc0e9ce44b9932c6e48a9390,706586180.4831215
a4f272acb4b3b4f5fc72e99d,603355778.9689521
b0a7295da89516be1c44512e,771669092.3674327
b638b937d4f62949b9eb9fce,620400692.4543217
cadd4a6e1075b57f7b74c63e,677607614.7506124
a88f4eeeeac5ccd1ba9b8a4e,912910887.4793409
29616bf14b5f1cd42786a91d,610756454.066815
f03f97ca55e9a43928c18237,788760878.289827
5fb9bd3aee2e1320dcbea448,549242466.4423386
34bcfc2f0cefad790922879e,710723207.3611224
8c9849cf3d20991e5126420b,812478235.1990339
ca7b9296080c9fc9fb232782,798225959.681459
63a5989d0dad994a6af7734c,572966926.1930696
7d25023ecf668945c87e0666,597890021.4580885
fde3d4a4a819b1fa40530238,496793965.4556588
e3338ac993873aca45755dc8,594217993.2348666
bfeab1b12dd82efa96efac31,566810895.7373295
2d564574f0191164ff1d068b,593167182.7448002
5529d858e9c9e3e92ce8a95a,583021612.2921323
2755af908b841e9024718b3d,426876867.7751299
623df36ea9610ed5c58dbd8b,550810737.7823117
77924a3c7880310a4822e5a7,596287031.8544176
24fd0b7f75feda5db89a4127,426754071.28051114
c2b9a3b2747f32d26c8219fe,551066399.7313155
3c3c7861a9727bedf5e3cb29,762853167.3625457
822ba8fd3c7392bda84461a4,591784203.0119827
4625168852b335b223a05bb3,560318639.7328502
b732ff1637ec53286e890865,594649813.2839441
706bddaf0b87e4f076247450,762239090.5135298
917218fe1425d2c222da1ed3,582937022.2853252
7ac0428c4b7197ca14f3b86a,626506697.5495554
e828e83be8651bc2e07641e2,579586584.4299637
4d069f925100b6cad0b657b8,618219155.35159
a50640d13126880a423521e8,618602129.453519
45e92799de1a5334c3d2d72f,605371150.3274486
93ca9e75cbeaceee69b4f0e4,720253710.6956098
8fc4070ce12262679c381515,586761506.4205892
63182bbbd5f94cea67de2d8b,619924657.0940276
6e163c3a0e30e7bf1e909661,670204242.1774822
3cd016f68705e73b819cf74b,602783960.2231811
3da41d55a2b9f78c2b10c75d,593195898.1355944
0eb8f10c9d5ded1b09f60baf,628978217.3319654
330c37fb5065311564fd35a2,608877947.7639089
b849cef46f19e13d3fc9d5c5,608932002.2050225
7bc034984b19479f29886cc9,609889626.6556022
5cae4522fa829a1614739b64,643900796.3470683
bf6bd06201e60a4c98c8623d,705051901.673347
549ebb2f616d50ca778e92cb,743772332.1908665
448ad6cf4b43298a39c7b5e6,626084714.212332
e9a37a1a4150461126dbb6e9,649632921.9010483
1d4c50978603ef41377af057,634770431.8753734
bb71a24bc5ea4051d84ecacd,647421721.4196798
286ab2411118455780314355,607491377.1226165
045108344bf09b01b597e7ce,618872189.2247351
d714e15ab5c2d5a2503bffcb,582190552.1108588
60823c81f0b98e8a57192a9b,593170562.9782134
dfa988a524343181a0d3ead5,607289743.3665354
fe8bcbd17b16ad023a202843,645448188.4694164
69fe76202cd89637a15de1d4,618504002.7261813
e7cf67cbc08fa04be9f0a3d4,639896590.8111203
670583e7a2ec6e337429fbf9,633838163.3590455
796935018bf2b241646a2dae,587106850.0686617
5f5856dd16c0e5131835e650,617228663.6993017
ea2e380226005bb55c724ce1,665038148.8755116
f40defb11ff73ba4e3db7611,723506251.4027679
a4b2dd2771f49951c027eef2,630874008.3282443
a949ede7227c8f8587715029,644227783.6748806
83f402857435d4fadb27fa36,623400470.772685
36ab522893b5f01caea4cd0d,791347484.9371623
8e4875b7ecd0898571f0b1ae,550273067.1851175
7ef3f8bfd0368696369ac957,632264770.150149
73ec13a5687c542137eb9a41,578273095.5637904
6334eb4a37d102ee00c6e2a1,581541252.4807756
fab91f0b03598c943fa425dd,595512959.9755349
c57c3c7edd591e16c0b7c1f6,618722823.9054403
03aea1b6ff072f117ec733af,619975850.2398334
91b57e8d6c41b7afe949bcba,614942528.3115745
ebbc5fdad817b304af3585c4,586891484.3378354
0232a50c9afca03cbf4277c8,670762187.1972226
05b12b1916e51a804419c654,571512509.5005643
95c9cee9b36fd1d68f647aa5,548897849.0822886
3d31144a77cb51647f3deb02,660951850.2323363
ea87e3259c2b0d6263d39a2f,562479137.7845335
61f634438de4a10a861f42c0,598684641.3685488
c3ca43d0474dea2f2dfb9791,608953689.3005443
a13a3638569b89ddf1260470,565198644.2460907
124959d1429de095473bf5a0,597106772.1755435
4d85bbc09ae56cd85a8f87c6,595709508.5944297
2c13f29a8b9ac9b464e3a582,681515915.4735849
70215712bdd8ae7585520550,534371144.5190225
3352469ca509e8ca652fad1a,587912321.9220914
893caa7433c200e0d43e9f27,665204003.6959368
767cb14f03c909c595c2a731,582819002.5843966
11433baf7716402e8c58bd33,636524945.2441144
e07ca567b0678126a1aec803,599656681.118729
b2286067a73bc0049328b55b,557187390.7368459
c85d56080167254c7bc19303,582755825.6922238
5b9ef8d6defdaf13dccc5ae9,613283635.385284
f7972b1936c6d9e95d3f632b,605836846.288612
defd03ae7d0c0a44baf80abd,662670886.6707312
6fffb7958a58a73b0e16f2b2,635381211.3307585
5d86a1db39e324770ae58efa,593393110.1623203
c56163e390d9e5a7a76e77be,585877763.3040792
fd5ba2795eb7b5fe338d6b4e,578021541.1783308
24d6d85cd0e2dc3deb2db896,616490410.6236676
feea3a2bd9f643219de51c46,667350794.4357426
055d7c66464d7e327711b497,626838048.2771095
046aaa4162cd410e92b216d0,597942627.1609002
b6bf2760cfa26cb28fc989fa,587425833.9071078
3a6262eed8967d695182e435,559650450.6493074
cf3665f24927de548639ee4d,596033972.9769535
4c243fc50d5511a1288bdc0f,574406806.837352
d753227b5c685e93b378baea,590314789.5322725
149e49c22fa0eb163a36c932,633186700.7254187
8baa01b8c6d29c82a6108cb8,680173533.0896578
2d437a09b860d9d46644ea23,590373586.87504
66bd80fd26836fd426be5733,628907553.2946442
a30e69524af9c1bddbc5de34,611266201.6635764
fcc96840d952d32a7300366c,716794909.115053
659bccaa707b94f303610225,575973589.291105
df1c66d8dfb9520c6818a32b,593485332.1179034
dd1dacc0c90022e5b40849bf,580241682.4132932
1a06bfdfaa9d9ac754ad07bb,603146777.3203403
a0ecc8ce0592a40959bd755f,611894277.4110451
739c2b9be0941e4c126d2f3a,643464233.9196715
d723eb2516802250027312b4,677893897.5870221
04cc75f46642efb1192f1875,615935073.2936484
9f37bcaa95fb0044aeef6075,580027304.4969598
7be8abb5d23794ac47ceda32,742670942.7835679
c06c737cc0cef7fafa3fc4c5,504849340.09459597
48e71c45f41778f8dca24cf5,505038540.7321443
b41f7c1cb9cfbd188f8e0233,692096306.9963487
32ce96d8adc8e549b90b4a8b,651723788.8834692
c6bb4ca5a0c839d38dd8ce19,803885191.8232591
1d91edf33a141fa2181abc4b,657140268.12284
aba4e24dcc6998e5020731c8,651723788.8834692
00af33cff3ff7c6927306df4,581334789.0211082
6d2328def08bae481705e20c,630194627.8469282
7815163b8e4a54843d121dc1,660866610.6309736
c9f92088dbdc0d81412968dd,654190537.3974625
8e1bd01ce4b7910d42f59be4,633111800.4583132
5fd89a857727753eae6632f3,709378751.4477451
332e395d4ce62523a2e3208e,586963561.2693712
4fc89ee51cb0e1b9d6459819,621447944.0574586
2571fe181b6ab939eac19d2d,655154120.396763
af98a0e223a825cbab78ae49,566794372.722732
ae187fea3c46c3fbee7e6e8f,859347906.9544692
c681519ec1ee1a28f6a3607b,604640863.9127196
bebcca3e75e747b5a01f5485,601996326.7254823
0842a0730545c623043b1d8e,670440297.4975556
973afa2d67c20297aa108bda,648087621.947362
64a9f0bf04f1c890cc6e31eb,934291235.7620715
9e92b27f554068b7dfb640cd,706436118.6134555
57b7aff18c444fa3c577b079,696258600.6096148
6b23f191d2ccbebf9166926c,611330487.2660706
b80c961aeb98d24d968c71d3,751136584.0507253
064c1cd5e94efdf8c7262fec,672912742.4380717
723078b6cbdf02c88286c596,673315645.7599808
e239ff5eaaebb287beaf76fa,629617157.4939373
b3b30d8b869eaad2382c5447,760970262.657789
3f295e6c14e23cff1468bf82,798713969.32555306
be78bb0e06d5768ac1908247,551768340.5516609
4daf52564456895ca7f4429c,551283458.8671018
c832701653f1e7f01913660f,620183458.4825281
82433a009defc21498037127,650838334.1926433
b53d3d578b1d7d9e00c8a00d,612887335.7492154
36fab4c38cdd91de650e6abd,875888853.7685008
bed932e11a599f7cd4bfa31a,792699831.3361052
1d9addd835c9fe8665e01500,409586547.9975566
d8216aa4e029c0d3d646efbc,593421855.7322426
c1b0ddd3c104ec4482d5025b,507487441.9649654
bd0f754b0fd9b7af284419b2,779368657.8913637
01e907d7672006fa2bba8b0f,663780474.7625755
7ad046b20064565644ebfaca,556643060.3440628
1ac2b23683ba89e9175d1b99,573474860.0102183
ab4c55e78eb83d80c153f50e,555629889.3095326
2ad54bda875fcf8c6b675bf5,553815249.6917468
07e76c765d1137cdd7c2ff53,465364306.18691796
5531b9663c5a37a2bdd97e9a,697810100.1012294
c740655aea4eab7066446c42,505960547.16744405
3b6c37e7e6ff1c03ee4fe995,727236225.4938704
1b5d3ddc71634099fa1f04a8,726987471.6474774
1ad916edbe6fd38f40289a04,644362113.514088
a1368aa4d3ae850bbfd90bca,892891968.8105325
0f728f676325ece6a001b4d5,637167094.5077482
0f98c4e431100aa87e6fa6af,641270092.4151052
91a08474a18644c43224c62b,720793344.31559515
185dd9366a6dd1e820880917,600517768.4361145
e364018f4d994cd15d4af374,600262821.8854346
77348acef84ef77f6a076268,497046528.63825804
7f8f506137780f4cf12e73b6,433924576.75202143
809082a38e6fc3faa66845b9,566106961.8795319
2072a783a44474cd0dd10d7d,617076229.1175113
b71905255273cbb0af1290a9,707596004.1381633
c7d5f021595b58c507f47d3b,872161210.4839797
65ba1feafecd7efdcf214ed2,804559465.9576908
72eb64cd02ad2a54b65083eb,768301590.9790586
35d79b2ac92083bc439124ac,623111990.945455
2f7d36523df4a5eee3edbe05,617924268.4718454
b0d20a04106ebb87e2cdea37,1007227362.6350043
43650eb8b70dfa256ca64979,712942731.2324269
311fa1bf3c405f9bed13b38a,504711063.95877683
d12dc721a59af021e8ac68e5,504711063.95877683
36f9a0ea831710344f468bba,504711063.95877683
1eacbf36422a54f1327fa291,504711063.95877683
9567966987eb1d3117677cc5,578875862.9962893
e5bc85e227ed7dabfccbd005,504711063.95877683
d1f39f86c82916524273bada,493661240.2887739
deeb837c2c6bcbd01930431d,606697759.2957461
57aa22792684debb8d4079dc,638056718.2955663
5b0530f544da162b9a8ff772,555492945.1925048
b7d66c5f1ad06dfcae5b33ff,559176611.1589332
bc353a421fc579770e432176,548959987.7858161
45ae1e929b0fc88718151191,554341537.7030092
b04449c499843cf46ccb695e,660019028.0984733
e4d89c9d33a0f2659df21185,544326991.8295735
b2a7a8ccbbec39b63e4cd028,547124521.9557399
3be69554b1cb31ed5732a836,548923797.1762489
de7f584df6103e8bf95f4a37,455939385.20133334
0f4de499e5bd2c57fcc75013,464376713.70893484
b4fd0aa09f993bbfb1fa8abf,574613175.0294256
88a83e58eaf136a82ab1fe37,503105083.34508586
379429ee3675d1adbf816cc5,533357386.02913606
c6084b85c8d95e0ededc25d1,619704282.7776471
8eae4346936f8c6c67be81ba,560736705.3611665
a13fc9e9b4e47340a5d53bcb,628438757.5579054
7b8a4d701066372dfbdffbec,604238761.6532958
a62a6094ffed3ea7a54fee73,592040664.4470754
bf0ad098fbccd3548d834ff1,574613175.0294256
0a231779f131c36d8e6910f4,503912262.8302813
51ba7338f5900d8ef12206fe,571867474.0995622
81b14dbf863114fdddb38579,503468627.20937264
adaa406ec9ac311e9f9c0bbe,691635178.4052522
4cb11f32806c0e07b4251984,390205881.6969042
3fee486268a1451a7b9fff7c,555583332.9183189
5666f3c36f0ce4eab2c39299,560139112.1233578
8a8dff62516671aee2250cb0,668028948.9998246
ee4fc6a146e888e993a4412a,616850456.1472659
5a16b30f4d580352710e92f1,639892421.2235485
424bb491c71e913e900db76f,656606648.6978015
100bdfc998bbde3d00548bdb,694297327.7329187
d793efed9a723e77ca8272f8,709544670.9840122
725c029b7c5807a4b0ba2bc9,708573627.3173172
b6d3345346f43dba053ceccc,634276834.469768
888bc3c4ceaa108e048ad28d,646623599.3319868
267e000c89d3416e551462c2,653930762.2947694
0ab4a4b8adda35f634812221,686875064.0385072
823ed628bddea9b56792d108,568010165.6744821
a189bd7e4eecdd18ebc7d353,731949285.3498167
da16828139a19aa11bd94ffe,601530931.3653375
874102a58234cc7888902d42,649151315.6264175
789e5d19fa507823cc4c5296,581891220.6392423
174bcb77be3b7e408e61d7e1,615850022.1879078
31a1492e589f317a58a79df7,582359614.1883119
0825f2ca4baf5b34231ecfd2,797812650.3131034
ebc96ea800887a647422b8fe,730468024.30426
969b956eb7769b6f509d3ee6,634413262.5085994
6ef9135481d8fc882a1a735f,673982663.4345515
5f501c4532ade3f412359a1c,662460844.5034587
c6d075772255b1efa52317ac,662741009.1615516
535bdffc5b79d62aa6179c48,759602754.6044179
e95653d504208e8da19fdd03,601530931.3653375
e4e529e778dbc89f854252f1,660580398.2154338
ec5866fcdb9afffad2d7f5c6,752871861.0648614
814694a725a50c306d774342,655898818.4490701
1cd6531d8539468cd5f4b315,745392983.2013273
0c3e734afaa6b7c370754082,639892421.2235485
f80eace37237614562f942aa,591835616.9369956
3aee70815bcf6effcf0e5fdf,708573627.3173172
ea21ddfa37d60737492509cf,665917637.5223556
67c78ce1b8a64f36ddf90cf6,657602805.5227985
fd2efcb61008dc9d11756381,968458424.7192297
f51658b9fea670bd943d6db7,703180295.1495799
b83b0a53ead29faf9dffc0fe,751347971.0841585
c1329245f57c5d9019105382,765574380.5599562
98665b825fb3a06b914d39cf,872534143.0186325
24e90a7d9a2bd0c30a4f661e,686273485.2489297
6e64677f8d730e1f9ca240d2,742243733.7887089
a742819d8e4cf8fdfda6e094,882673016.9691224
ed75d1c40109eeb51fd636f1,721695051.0514407
cfc2ab56604b4e3734d7cbbe,758579282.2365372
ed5622c308bfd10602e939ca,846872929.1272551
5f537d233678443192d22642,739139895.3396984
aaa79ce67339dc53b4f41dd2,766502296.3549784
5f467c6c80023b0174823d85,693065434.7479221
46fcc0d53b263beae95b8eb9,759503816.1472739
2bd47c19e5d29a3157fb8465,988086360.4106681
9c9c2f05352c92c02d080e96,1012045045.954695
cf8fb8db6f74c236cad0cfcd,994246275.0305376
f42a53a05dc90e617e0e4c38,534642937.98675
bd612d494e2f21051556ebe7,620465378.0138907
ed1c8ac25a3db5120c92525f,546832265.4228665
2c30c2736472590fe45277c3,457362202.8457115
bbe2c06e6f90c4234a7781ab,669029504.2299074
b527813993b7bf4a10c05683,701191514.2286912
2f610d2242d583654337d468,1111612648.5577466
dc25c9240c67effcf655b02d,588937195.7300459
c35f5ef73168d03cba1b1f4f,480267234.1785399
e88009be52bf5803ba3665d3,602590839.426286
12a63d4fcb56c1d690e1bbb1,590026291.306757
1d58ad85a82f7731e0f198dc,1062087879.588903
a2fdc7da13d098cfeba13b76,463863909.1509251
1969ba34b72e61337246cb5b,522989239.84941185
8be43cd8653accbb8fe8a270,525694153.9828572
10092cf2f8afb3658ae475ac,558422148.9515709
0fd313e5a0f02df07eb6b104,463631696.09057623
9b5f013e795f5fa610d03238,579969398.4406304
b1ec4b8badc955f9f4fe2131,501802083.2940803
e491adef93281c097ab08dea,483284123.0576705
9a65fe451b30c59beb3d62ef,612985490.7426271
0d3245463127143a8a52014b,741264106.4762828
a0e3198470f97f6a169044b3,652651909.267443
33e4901b6e72593513a02207,649208809.0486676
f45234a3f0aceb12341be024,670112776.5891088
a71d53ec4fd0d64f8c06da2c,868195628.5158021
f1b30c4ea99f19a81d12f73b,1098817660.0358675
a52e2c893f85b49e2499cbab,717046863.3277186
b2fd7ee866066f3ae0dfb3c0,607416582.967449
5acc9d767e3117bed0fd8464,701721045.6084
0449a82dd1667c8c564904f8,723920460.7139245
a0a8d63b5f43b87c0c7e1fb1,841279321.7509263
03de77e22e987fc3fed4eb78,615120940.3636162
3fed1dd17fcfbd2b86e73143,548435744.7714405
04fe204d03bd1c9876242ccd,693655419.500871
32bdf33933c29b1cbf89539c,583242289.3153193
3f6c05c97778fbdc86304bf4,732899618.1939658
478e13e8c1cb5bc80f1080e0,613361128.127816
3128a4896665d38feb72b456,696427192.6710061
fba6203abad5f4b3b721f29e,682636740.7070482
b25f461b3d48d833a73316a9,767664074.2243618
1282e129e1a355b161621dd8,731584790.2576938
293320b55fad21ea3f4a5899,351240169.9134172
de2f5db1cd1024a9734871c3,307527154.56996095
200897b1f8bcd7c116a85306,488613543.32526636
7023f5a68e1ce9cfd23fd021,444993755.02471066
13faa4142e9d60412abb4184,420461214.50986737
d74d0241fe5222f5c5b67222,516698699.4933404
0e51111c47813a0b0dd51b64,578930774.9997826
25e3793214088669aaaa4ca5,838410363.2388349
43d7b77a99e86e8bd21a19ff,965672570.3419726
38b87cf007043b76670207d8,955463132.4979782
8fedbf13ebb7cd3475fa3074,830118813.4125985
4be510fa977b93e34a789f26,534165789.0965599
8f165174bc07c28f9fddeee3,821889555.0742066
7ff6f389e364e67c4238df8a,528699324.59770256
2c91099736f3158f7f09778f,517848130.696015
7bb1bc81e6eb3b4390440165,620484280.9030697
74e43ea3081841278c76cda6,545173566.1668667
9b948f070b94c18e00a857a7,648383615.5208204
99340b6cf8f818392d501e9e,817348212.2227128
b27088c3ccd93e7d8d5571c2,738920408.1332265
4b45cba0d601f29c2b7db97a,583980156.4566929
362212de783981c9ddb767bb,502753565.4587517
5aa78a2bc8ec5e2be315fbcc,925848795.6025405
92fecc04105a999a622ba3cd,542778366.575796
5098115b26f2473c812b70ed,744983082.2595502
e9860f6b4c3e6699e62f6c31,595735281.8682096
71273ae563da6bbc66aa87af,650167812.128948
6c6e7af42a6ddf62b04c35fe,442389246.1471511
484922bbe02cb218ced0e779,455723275.9300478
76745c2648b66151008f6399,609169465.2748691
2100201e0851e80488371b67,484890070.5040798
5885faa4aac834118c5e4351,659225080.0055387
f340405bd7f2c4bf524c50d9,730806717.6420524
1951c1c8855fed5db8031e5c,642404212.6202422
7dd96ddad0fa88f5c5978e39,647520217.8563968
db7535339826028d0fb3355a,556543438.0471054
4317746d5b88142780e6897c,690344915.579509
5796e37eb1a995db5cc06eea,537473583.4406269
817915cc3582112fb5541a49,766913071.5620658
ba524c4e2f13109ce814ea38,628120857.1296535
c2439ab65fe194d1d60eaa07,748556593.9341558
92e4dcc5911b42e7f70311d7,656906563.6723441
6bf86a580c8b510b7447071a,679947917.2105837
975482a692bb98df98b2f243,647407229.3222668
336888717766096b24215b26,653929542.196251
ad79f4fa23a28cc84487517a,709339043.8503541
d925c1d4dcb68990c7204b33,727613542.7057554
f4658aee77fa0e35a71da7f1,603664497.4542462
210d58091ea74bb902915250,580220815.4075066
186d4731b3af01bbe4d08b23,629621186.1802859
b760fde2d4df27a168ce0e80,772776009.6385275
2e653d2567a47067df169d97,652264607.4018946
8b63358f3cdf8df0eb1f43e2,598101840.8416777
c09d691e4c7d7b8c8f6a8370,765329597.685483
4502e2809bb5bd47b2781212,606108478.8278456
d03101c7f823dd7d17e49a83,789833776.512639
f5dbd7dcf63b08f711561e58,645243250.5803655
9855712ed7be7e865656de13,672493886.7352402
5a6397b85f45fba27dd9311f,624320851.1655937
4d1b0315b5aaf21bac150d96,615646289.2145613
32c7a2d032ee21f8bbc6eccf,498372191.7296449
beae197df95b84881128790d,643042776.7047173
0cf7a6d43221664a060ef681,536326891.55365247
c431fd6dbad57351a497fae8,456093700.6994253
b1f8fdc8e3e25517ab80c065,497764824.28889084
7b346d5a5f5ec7165d1f8644,494595944.5625347
947ba86487536d611f548142,1801352699.4533632
8398ba3b03595704b5897704,502302748.6913851
3f895518a7fccca44e534578,483284123.0576705
232e859fc353dbff75c97cf8,670112776.5891088
b234ef225690d57e7c2af4c0,652651909.267443
393e2e7ea1f20eb6b4148d60,580621362.5766847
668db5244c4d5b5c76b0b395,738505470.7959523
646de9441934226c2ffeff77,701721045.6084
de53880a3299626eb6c2cdf9,1098817660.0358675
07f10df13b244dc33b464582,664871820.6838543
e4aa393309860fd5e30f49d9,1146815776.9894228
8c714badfcdef8ccc73df9cb,1406709894.5346432
0f8ded86be8d3543a5069b6f,658573160.8729575
3e9d73530ff24d3f4a543091,519160983.09955156
076ceb408227ab2563a663d0,553507771.649563
e0ae474a5307ef4057da4994,468756522.8778071
d41fc79d800458b1691bbb87,650552838.261194
dc8262e1493ed593103acfa6,606687749.131509
bd6c24498bf413b6c5adf81a,747858656.3540246
885c77c839d705ca7d04d383,659022496.729076
b8896656cf6f5dd7c33ae46c,570098191.1769309
34a9e3ca94ac06347d879942,729157421.7482823
ca3b5cd3505049f1471c47e8,599179299.4627478
8c05c66be6008af7f6dcc10b,884022816.1230433
565fb93190cd34ac8b01f01b,884022816.1230433
6c8119e00b901efd2dd40f0b,709693154.255366
34c92caf68dd0cec9fc383ef,782081545.4949592
68939c438c34e79a317a4f3b,803246081.5055658
dfaba547699e319462abfd6d,584523725.2798111
dd1d2e305d37d9dde55393b0,685162282.524706
c32df77def9978a84f8ba7f1,714878157.4068788
62103a85a8ddcfbf5e40e284,739022155.5818036
93bcdd2a8ee1d5b61d00d58a,736271863.386173
9700892d7133ff2c0d1763e7,825012117.5742903
fca6d7455056792cd61e2ddf,546774074.151519
4e84c5953b493be7ca96103a,608963137.4033318
42fc4101da60fdb41f41f0a4,847953006.345087
12d40725335f83e2fb9b937a,589522238.4808383
2b9681901b216f2174af0089,675331346.7138804
9ab74e81283becc00a779172,414529333.84068215
8f378dc1215f9213f187c02c,474758926.8262542
4a3a6698b5490216e8f8e6f5,1367376246.635109
0dd795526c080e8efdf8eb0e,504499067.0671665
3e7217f628a1d0fc9bc47071,747654261.0978082
157195fb2358bf2d5051c439,685325094.7132187
37063e689732880621e4e733,918992370.5869169
3bc68bc2d6a2b81f9e3b9a50,780726793.5437322
ce21f368495d385fbd98de73,527142817.47132015
1a6af7fd6a5b0602052c4c27,643320663.6066283
e38259adbfd953bf085a69b6,761165319.1761589
0cb6801c9b57e874102ca349,669048390.24252
79f1a5bc0be914956d632658,604271552.4042052
f571f85be35a72b2ac358d27,452482642.5076534
163bec92a997aa8263f5a909,571344260.8505262
9ce3000cd80aeec2c5188e8e,452076399.5073395
6a6178c4cae2e92a08b0dd0d,600768305.3798803
d52cd6eee468311666218625,699721254.143345
8eccd2a6352c33d8c7abcea7,920418280.8734841
53d3e32b1dc782308e352a33,811083331.0733241
be26f0523e5cb13846539384,677716946.6696796
ad7739088e8febc68abb42e5,639148097.32294
add4f9dd26fa34829aa25eaf,759744550.7836872
17005d6ec889a947397ab980,538844822.5518249
3fb3a581a9a74146dcf9b71f,557634045.0156759
51c4a8b438bb0d97f712af31,552719489.7573551
0aa1332c56bf357f492da2c0,593176346.2484963
6cc06c89c226a062fc46795a,614071487.6902186
682b38de3539b2a584446922,313067765.2247779
1cfe9cba4c2015e7b58f05a0,591377574.648557
17d34f9cb105ca5010191142,690708858.7954001
1fc0faf46f3b533f2cae2c06,788080166.1707356
12f9e1f78c630defe302f781,718820250.9599649
87bd6ee6f17d2bd5b61b0ddf,859374878.4303211
fd4ce3ddaf79d1b97043ce0b,973699048.3288829
97aacb0847561f45a5540f21,617767412.6649563
a6dac56445613d70e49647e5,713061980.9453359
8b1acd29eb268fd684036180,700372183.9598751
656c13ca7a1974df58e1b826,994246275.0305376
56f72c2d672b7bc3c264f7fd,693062657.0346625
3771c66b9ecd6db0b201d4c4,671730572.615811
45e2395bee937c187e3486e2,684202433.6917402
7c6880b05c212c66b8961b71,651669266.8943566
e0ae8d2a51c771aef5f245e9,768714496.5927371
3573093e56e95a982a41879c,714826313.4291809
0920b2df9df4f0e509a7efb5,636707671.0681455
43600371d44fbbc81f6b6fa3,640661683.5975703
2684f67bcc89c8a5b95e5592,694250000.899645
ca463fbe3e5cacc152aa70a6,671730572.615811
0935e87627068206f6d9c0c4,490913295.54638815
10afe23f1f58f96422c97934,470184481.1040541
f3c8cf1fbbd6cced1fba0930,531675663.77250797
abfda926d174a8da1d946e27,502494022.61123556
fc9fb2f209a4b5e66f89712b,581501403.0576006
15d10635d71919d0c9663fde,519827491.9937364
79733fdf8881b0d25412abcd,625278233.3922178
7254c91fc9b51e76c6fd2a99,729137538.9049994
b732021729ecf88d6297b48c,779609048.0371289
edf4e11d1f1aa6f8080c3156,712512751.01454
0706ce398b2bd64913e68d39,591165074.9272425
ea4a797b3d73d1b2cba9d651,833505456.0461723
6c598362e322971968739673,443753743.01745206
130a119701171ed3c439c527,622571713.6985983
849c918d78991c57f32f2031,493996508.0647584
036fc9e01b2b1e3ef4574372,715681853.9462216
e4ee1a81aa121aa5f55e20f3,826897185.8331116
de926223fe4296d96466c685,822397098.3940437
340ae520163a220061bd7f28,479080811.9868031
11e36a3effeb0119b8bded5b,584126302.3018912
2492a7a74edb57f784f6361c,700908070.8648318
1900e7808046a5fe89d8e440,860583206.0836887
fba35c04cfb7b6db50cbb57b,655409944.1795005
daff79365fd94d1d3a2bbbd3,574019766.8505867
51230c899cea0054bb74cc44,664378480.038487
5e04875f99a5e4476c0b4186,701927249.7745312
542db19bc6b9a1366715dd7e,627947581.1135337
a117f625c794b7d52ec67cd4,588734128.0755157
4c59acda820b7b75823fa277,565696083.864192
f040a167241599987e7b0967,608620074.8627777
4a016eba4744dd01954f137f,385034889.2943955
0d995f0ad226dd21bc96ff6b,519329742.04373574
3d44c742b1aa4c022a968ea2,463790672.1502211
e47aa2541fb576b9915fd625,508913261.9623
61fe9ea90c8a777971db8384,653315491.953723
4a611bd82c9216a3771ca7b6,700160920.2885687
0cc5caa9b48a835c92da7653,696422037.1361513
9a7f24ba55c92696d377bcb8,640577882.6856357
32366fe92222b329e3d03b29,727321722.323189
aa26461420614755c2a52db2,582230117.6023973
53a447ad5e011909080c0ecb,1113297505.8380997
9d790c8c474c9de2afeb00a2,475328448.94535923
dbf200ef5f1e15211e2fc6d3,648013304.3205045
b96c9e2591a4cdf9c4e0c09d,667735588.8073895
78eb6f51d94a61a967da24f4,612392073.2666451
fb338e93dda9159476b8382c,544254429.6333003
72536bfda19f78d370d95f26,720333594.6706214
7c581e2b9daf20131803eed3,699112854.1587974
50cb0ad562ab5ef4e06f84ed,576811227.010946
a24901956dac4ee0e4b0c91f,778261979.7998354
c1b386f478152f9be1f546ea,557996558.7639121
1f34129d15f992a3b62d4b21,411408395.338903
299117d35bcdd48afa4c2eb0,520869007.7915414
4ff6c53c0bcfd1d24bac7ad5,581348974.2895461
2e52008bd11000eb776bd80a,1520552563.7923472
56b78bb57b2d1f064c47891f,594240568.6446875
ef64a8989a6444cc529dd1cb,633398960.7439281
078f7c6532204fe046b13d14,625220159.302348
28c0649dd8b294574a876e95,991739957.9274223
6b9b9d28723c7ad176a9306e,686509192.9092554
a640228932682c0c04538ac3,712979146.9990437
b19efe9cbc26d61daff5ae90,520903401.08581483
dc69d70e4d2713fcdfd93dd9,532504550.82897264
358e85ba765ddde3ac31be33,461529908.4590744
5e6b2661bb7ba0ce4776d483,468047109.77291644
0b6dcb5c1952dcea931e2c20,634125623.3517606
cde84d2435eb1d0d4ffe2a43,577989224.1600502
bac550d41b2cbdc6a110ec7c,579860754.982811
78fbb49efe7dc0d8e144ad83,719122072.1559025
606affed5c707249158c4b49,636848490.4376963
d44778d36fc789f8b8c745b4,843205248.0406065
27ee3504d1df34ee8ae5dbb2,641575221.1479332
60bae7a45a084f117eda823d,609794877.4870968
98aee6a36f208227a992f9b6,1092979547.5412602
388a6dbda422f886e503e685,1141616902.0289485
2869a2d2689af65497775b1a,984703060.8864444
19993833220392781bc15279,1079251426.387972
f0efda3f7fb18af1b44d6aa5,737903724.2077596
cb915d1ef92dff803c5cceae,1060752717.0238128
4bf02d040efe5358d4a5940a,761918002.1445811
1382140d8fb634851d4d210e,940793981.0044873
b8ea07763f2e1a3d635eb23c,368332815.38629436
8ec00d454698c119085cbee7,610945946.9968598
30d5185ca2ac2fcda2bcb79c,476505469.2950386
d0ea7bcd8cef8588ca50c778,494443206.17319226
fe6c19c6f54606a611d412c8,313648360.8793606
f22ae3d17c92427f5227cbf7,457354956.9897688
92b3b7d8dac6b2f6d5fcfd9a,538707034.8342781
8c44d216517f5c59e2611aac,497938940.2849117
b85fa4bc59149a7a25447537,438302244.509691
99f10097f39b32a478877340,525667911.7481952
44f8d5ab70828e06198579f3,885362718.3629787
1f674965c913f9fe282d07cd,500418724.7317349
60e768892afb284b0e5042bb,519273344.47847855
8a6d013451e46411d35c2b6a,562163145.0900257
6f953b9964d60f6a74c81226,494074826.1786013
05076b448cfbf9dede72904a,593411986.3384668
47051c25acf866250b5d3ec4,547534675.4358078
0952c73b02dd5432aebdf2c1,463425130.499267
cc3ef2f4fd5568aea96c257e,712101084.4346558
834fe4a1e9e4efeefb5aba08,589529084.0378886
104cd052884247b14d697673,536513104.7810468
8bf61f106e60d6be03799de7,639905480.3437223
c13e387f56342f88c993f0a2,689783148.3695837
ae664789baac0c47d13c3c19,620318095.2689736
ecd1e3003c5d74a3c7cbdb11,654806190.4581416
561cf254aba002fdef8258ff,830986328.7095684
98799228c26c9e4899bed65e,693376195.1132343
03025756be203027ab75aaae,707289346.0027843
8997555e7bea06f7b90ce821,637222388.041765
e91a3f962129068a3a76d209,623761027.0974833
4bd0a354d75759510ab6bb46,576562764.4962122
f6c1705a83c039f7a7d46255,589357421.0562061
0c4afcff5f5a90cb79807682,599490787.4213629
d3222a7545e302bf10894658,589317201.9649941
03463535ae93b8b123eaba8b,601153179.5405154
360e5cc9ee1282e5a6ea17dc,582592480.2974049
07f24808e42c9e11a7c20232,592351644.9421145
b80d0456fba49a40fd774e5d,634264317.3082774
f865411c20924c43a080794a,612110481.3993285
c578eb2dffe903475aecbffa,606948349.3388962
d639498fabe1db1236656593,627771804.5316987
e6e3bcae6ba114caf108049f,559174083.6146089
7dd9760286606c45e6a15926,596274596.9625939
2c5f07a9402cc93f4c683759,628809198.5274155
e3295e732bcf306a2d338387,574849272.5046034
240ccc45a242f80f817b04d9,613617001.9618787
a7ff59863f8719590146e71c,589040239.6730472
e6477c2014ad081d22f12b9d,590714460.824431
807687fdb46614d9aa139b20,612883926.7471406
317d8f9d18599b346639a4d1,610455218.8448325
b85acd44e18ab485d3ac543e,587944822.9200965
e61476e47d7e7be706d23fee,607343850.854597
270a97e07eec2be02cd89a86,603037620.7289225
4c9dc4494a3428435457f575,566431077.0436479
26e58d0b13e7f7f5a54585d2,617083912.0971454
166e1e60acca831bfad07736,619119822.7516614
aa25d9f8737f142b8cfa970b,602991509.1445282
44cdcca08e1e66a1496fac6a,556810481.8743702
d75b7730e8c291ed41d7caf1,641902844.783876
6d1534800bf0ce97197efb6f,634625474.1426891
8b13054b3318289aac1f13db,373414801.9518689
c6cb6ccd3f5876c9b9e29685,460573616.1503943
0356797c1683d002bcd94899,922241682.3795787
558cb38bcb8de04588bdfa30,519502829.9524123
0685f2225b939147c8482e6f,410759278.38622445
cf1ba56710023ede80a8381e,791887576.4499037
2d4bd56e71f90e6fb387a2b4,2379748587.5093718
b96b8e1d636f0c10c63e5c6e,591844195.8391612
534be635a841fe21c7a702f2,671633007.0827241
dd5b4eb5d20b8b9c813ba52b,664590184.3929327
46941e09b153ec19f86c0c2a,849205773.0337185
9f06ad3793ede2ba7f39de43,628054113.3787948
b3df8c66475021fc04f107a6,585615413.8426626
468df200fa490e667bfaa31d,816000846.5653836
8130ab67c5e0d96a9a67fb12,572958506.9746132
f7ea437311c0d217b0d572b2,552839639.445696
ca0b59b35225b44447967ef8,449316130.78433776
90961073d9887bc1023315a0,352598287.5853966
a1421c30fb33a249bcd54394,342677010.48331565
c87d9677bed80b0fe06308b7,265375653.5829818
d331a4d58875a393080fdc48,315802175.58542424
2f3281ef06475d2114fbf9a7,378740238.820701
487ede1f7f155194b69c531a,320121349.8258788
04308f869d7c992ed3ea646a,529530790.9317004
912471caea3c71e3f9f70877,493934820.8152743
1baabd705f72393167dba5c8,565773827.2079581
aa4c66791884ea2a8357924a,558294027.9684294
1ce08c19161bd0545eef8a16,558868424.3853539
01eb0a2c1033c30830161321,555654535.1245955
b2759de47d28e8cc05c94e36,551618110.9403454
bcdea05b890394a10d24601c,694136083.1234298
db9f66f68aa772fe29e37edc,540264265.5874902
bd094081331ab259b1076261,627240338.5459815
81e7c8c1894e0c3a9315ff27,432566766.58522725
7cc9cdd32c209a62908a18ad,459414527.642421
1e18024ab7d931bc7ab5873f,618793849.8843273
baa146a6537e8630180fdd35,658129442.9615601
8b788f742021f2438ffbf528,362972377.63687885
66d41314804d77ea0f440695,582244470.7964556
72dec1e6e65f6117e10a2473,553535089.2758571
4066da904062a0041a809b02,484551240.7274037
b7570bfc5ddc7caaf610908d,459414527.642421
f6c6eb3fac9658c4951c4222,478297852.3700747
5fe25ab9cf4ea071cd6287dd,448646747.7551333
0ef36d33e6c378c946b8a65e,477687305.8900271
991a94dd1e99de493672da14,477687305.8900271
798d87a368f073efafead25b,477687305.8900271
9e8cbeb53820394a460f0879,472227339.72768015
7b5582907bf47bb9e873a513,616481863.6830566
0f21ea53a480e4363b8d7aa9,652588676.2070771
ee667413d1cc49427ad448f9,555415933.5157182
12bb70a95996dc6e286086ed,549067529.0979497
9e9e3655ffa5921889cd8ae1,833605201.6652814
f2bfe55b6188070fc5c3f59e,636964771.4515017
1f00fb18ad48b32c666fd319,520303533.6913555
86f15ce6ea8e97837e6b9383,722058059.639726
7002d00c9acf8b8a4a5865b6,797751956.9531292
3e85deb0237521f1a7a8fa84,690443658.5879612
1bf77cd1c4037f4d2ed28036,845054216.5834018
ce8e1e2e4a79fa55a8547457,939815217.6694068
73a8efbc036911954c07b91c,763188825.1757883
9a2051367d6dcbd90a4d60e0,756498820.3657966
3804d5b313b742228ef0f1d8,755913572.618675
fd7b741b96080ca5b964cac4,800764262.7452482
c4cf9ab3776289a412684892,659209241.8982517
1c51566c7dedd4a46503131d,815970114.2568742
62259b400be228a30a655a59,1096769976.7559829
e5092b4a94f1c231a0c47680,994090513.9812385
6f435cb10e5728ef45be9f29,1124836328.4075992
04a071d777e60627223e28d4,509469758.5942247
1117078fa37ed101e9120923,705114155.801253
d56fda10944b088d9cbe1162,350999849.1568434
e01c49250329331a442615d6,404568888.57894707
30ab0bbf876dfa515b266c9f,520283400.24717087
6aaefcb58913bb3f49954b2d,675838892.3032025
629a6122db92e378f0eab96e,751967372.2626578
a8549fa4bb56a2bcc0e15b11,382187686.3920666
34291b30d129222905ffdaba,549755794.0568452
cd5658fc146ae4b5d78fb565,476010749.7494969
ce14bec246191176c16c4e27,563673191.1194935
46529f0455fd35b2f4a489d0,488572325.7495828
52b3823c59546a6ff3de4d09,467643455.5384371
959b7ea50d93bf1c36e35005,802357367.4684446
5c6edbdf110bca5a66a51585,382187686.3920666
d4f6cc3cc6e923cd37d0fbb7,492948028.8775606
2865962bdff8929888a51341,669041472.0578065
105bcd15e02d39f70ec2ecb7,486297816.91755
b2357bf117ecb5b9082871ca,467643455.5384371
273cb73a7bdec0d291e845f1,350999849.1568434
1f4cd62152d4940990ac6a9d,396995102.18920463
a13ff325f90eb49363f59052,727675023.4027163
40871d7ade3e592560d0b3e3,534165789.0965599
ad2081cd75928b8f5e506944,789346962.983543
1508ebe40f90f90a68f6dd69,350999849.1568434
d3cda82d1fa53a7ca1b46a33,829402077.7227169
dc20d46be2470d85ad9e7e45,456233709.93489295
0a7fb26822c2ca556f62a257,476010749.7494969
40a1cefb3cbb7e2972e30d97,371207502.77488744
4c3a2b3e3d5999f747ae0d53,749017521.8800902
a8870552db951bc4e76e7f9a,496370030.8473451
cc48e66185c23195cf958612,543739896.0193667
09d4b5b5c2f97ff88215708d,618047974.1480662
a59320023948e2d915c07306,532977814.11770517
a74214a0d4d40b898ee2be88,470526617.01203096
dd9f28d722d43112651786e6,515757248.3518945
275360e29bf3309e09ec41d9,467324664.93706375
1e21ee2ab4ef88194cc85166,628445988.3351617
268c1e17bc17dd646d1885cb,445045058.36697096
33e22ea4154e8f71062dba8b,557389448.0851603
5b5db88fa09ecd8f4b9cef6a,780008932.1161839
c41dfc0b917edb6e6ef7b1c8,712101225.8472934
3ba6b07e752fa580f630eb8f,735438901.7486004
fa6db64bd7cd8b0f1c0e2453,733137442.429062
2422ffac7337b402339dc550,745141894.5597641
dd6d47e2626e2bf24f842f21,664533272.0105464
bb433dc1bd769d684d8b3352,811868670.6030914
812ad0d57e4291da184bfae5,434536657.2968209
51a0a1a680770b625579e25b,1148553991.2077646
a91fd5b9b1a791a6af59b70d,671858763.988092
094da6ca19427f1a943105f6,799189840.1905944
7af0a604d1901925aa179436,707638037.1192459
890df90091e14d1c3a1b30e8,402770407.38015294
aac17b54a68bd216e2bd1d45,437296682.62785536
fce26c7fbf0bc93937ea5198,569479071.8601838
b4245f075bc41aa29b55d324,628278485.4314102
bb70d80b0c6ad3022160c8af,640190634.0863065
ac85c8f7605ceff58dcb55cb,434685299.8635762
520415ebcdd1a4059d18e2fc,593540436.9035262
81547b223494084af3e15bf3,551893672.4345493
a0f1496a0b4a7cd8b850f010,743092353.2583874
436fd4dce2ff0f71232f4b6c,385968128.5631962
3923f0e655615aa6b52721b8,647465082.6702787
afe03b938be9cf14e98d4a0b,547158468.9325186
0f1c472b94feffc41f1caa44,542144454.5098795
5b76ae185e6b41243777cb4a,582475032.386449
d70b133f81d6f1c9d93e2ed5,559115660.1846458
865459f5342a0102d255fa07,572505944.5852022
fea5eb95dfad452d6786b042,298868510.10868704
415622d0f7adb1a9f7009a63,353026123.1941066
543edc342ad39b149501aaeb,637571971.2567046
89e1d01cb5bfdf567faca443,733645070.1406435
e86b99e5dac8ed0d8296e950,516052791.09009224
2c85b19f02bb3768c10d14fc,560352339.3527771
c17a3139c360750a6de5950a,607075430.0145868
cf76e6077d47a14abaf0cfb3,576472044.1872602
82ad4b3d5a215f17e745d77e,607451500.8069594
dbb4260c89524c78de7433be,481373399.1036316
5b312ebdf71ab7971f9fd2d6,491227678.57211995
b3413352f0280412f53562e0,594459017.0365314
28fc5f188c5e11717cdb4a98,584281213.4361744
c4d7a906b747428aabd368cf,583930937.7305526
a4dec2ce375ab5e4bffa5966,588036116.7082781
546d570784c7ab8746bba80e,535776146.85141844
cca9a08bc4a91f317b851f11,886036582.2059052
bf43226ba66a3e2033d32fe0,545457590.6356101
c2717194de73e1a1d8dce40f,356605800.7352296
acfc06021a7a81313d85f62b,444063745.8628921
2d531a26f8b1a8afa511e3dd,461448816.6188803
4a8acae29064919c68fc8600,573596983.6689992
691b030abfe1190802349715,462264129.37948906
a302ef23e1d0d6a273274cd0,460050855.4214277
a742f415d6c57e8493762c57,595481961.6847295
4672d1c9c3b04fcc87a0ae9b,648254564.4183054
371a0ee537001f7a9d58465a,576184821.7461089
ca5eecb01282d4a84017bd50,576523940.393342
40eefaf8c26b8b4736308bf7,597902602.6053132
a7ff08f7e09b19c1546453fa,591918462.3942469
07a6da2c9c4833ee4cbe8625,606102792.495135
b2d32589626abfc81e44cf70,596343026.4272858
aeb68eb7eecc4aecd5529717,597955682.6867037
3c0b438c7a4fcbfaff9f678e,607716692.608801
c37b357d57918c3a651a5760,596541025.6288939
b65c0544e9deed76615a3138,628362118.3018878
3a8b7b9048c82797fb01a8a1,582503230.1672255
7549cbd5c8003204c85ce1a5,707270758.8484051
21b4c1ad11bb1feac4d02308,632294145.9276251
b972611aaf1b68340de16545,607355142.8654773
eb3356f3856526dc140be7f4,711428692.2464793
93ba409ab36d3e10eaae18c1,638809195.2938741
5717732a654405ba208c0f5f,927735076.3585722
aebb556fa6c9275a9b5c543c,969521740.3026664
fc72e535900c592d6053b806,619502172.612371
04d77c8ade9a55fddd28b00c,605488270.2084605
028adaf559a05c8882893767,598896045.4530394
95781f187bd3fffa3d1b19f5,658123458.3165021
cc2c78d41e3fe29de0b4ec4c,635751604.474488
f78886545677e19e472fd0c4,623328361.07631
3dcdbb92628e6a200adf48e8,1307048913.7744627
4993d1487d78cd9ae2c23619,920275702.6369907
a8a2c61f2b994411af5d9bde,963742058.6039755
57fd11f829e31e198326ac98,863088715.710948
59b9a5730cc8a41bb7a1d16a,710453001.8168253
85b8a65f1b00f78e67622bfb,681908775.3852227
971c610e55f133a1d1e6c2b2,763732657.5145928
0f9867abe3ea0b9c5363982c,673195706.5993916
086521dbe18727963538aa7b,737950689.4144989
bda3c74ea6f73407a3c0a17e,701832972.5748873
257c765ac81bcf773473039b,331437831.4735597
80d2415c0460088d69574285,1306847307.7322624
1554f8aa4c8fbe17e9e82d0e,652071412.8574082
00f6a62599f25ac506113149,633441677.3379654
ae26e4726c16cb2f6a6d3f2e,653105464.3226098
8018df1613094a9e4606c875,602996647.1714299
eae4a1cce7c039c644f01c6a,694458552.7210491
b07cd6c30350efc5de211a8e,1377161128.2788143
5a2624a08494481388f6daff,687182768.0373615
b8eb177e22c63e84738e7788,612448854.6044656
ca02c904cf5eb96ad20705ca,498766112.4551992
8e6dfdcc28f830f2696de9cf,824503867.8170146
99fdac6a2ddb1136f7117f0a,434981086.6129457
22e9f1b4b5e887cb5f0dbfd1,399993035.1140628
d89f812c7edfeb3121bf639a,724820973.0417949
19957244dabc3f727733527d,503574243.23426455
ad1322132f3b533b4aced580,536280454.82167214
40c2ea5f89f5b77cc09d1455,510524659.2538699
140c4de69883df9f3fb3a538,323838344.6830812
5529091bcc05ba5cb2156b15,493168251.9740186
55c5e58ec636586755df3dee,557562773.7721523
6049fb02c166ec9b4471a7c6,657180747.8347583
758b4df32244a51b2271a891,655814080.3750985
2ed1ae5e6fa77e447af230fb,682782604.9693472
527a1c27e038e45d2d1fcd9f,566753638.1141788
1d0c3ba50087cf01637de6c0,549972379.9514675
d0804da971548399183ecb85,880015263.9290564
46a7d0f520dd1e78c0cbce0f,880015263.9290564
57e5120d0b71ec6a67746a59,637935413.1980232
b5292c1e1683d40be46bc2de,562420286.4690006
01e9c7531cf3c63c04b9189f,538712970.0139422
06e91b526821a6ad1372fc44,504876503.6976592
34bca71dc9c74a2072f11e9f,674639933.8002379
22385ae2b3e7640e8c40411b,626169003.1181221
6e4adafdd872a2837921276f,530409096.72455275
8cd3031963c612efd0049f8d,522374982.93318343
43b2fb09efd1593a94b61b4c,589651019.8089796
74448f56811e9562536eff6d,725125442.1909684
44f0e088fee626993778e7fb,672797780.3778487
6e6f7fa167c0f617f50c86cb,652424948.0421498
83da5fb4c15e3daf727a3cc6,678623932.4965018
b45c8a6224ae2656b4189526,654701439.7437372
0d926a0b5ef567c627a7eb0a,875476497.5995904
c73a1177d787a5ed72b8a9a7,816469771.8117801
75c1083db5c940e626c02f53,366489359.0217856
b925c9218f5132c6c81f3a18,417833400.0815322
9a091c59b3cb4c730372b34b,462966581.25994086
bcc704b2e178dd20497e073e,450763198.8329129
6f65de020f663622146b89aa,522079607.43102497
9f3680d00c86707fba024dac,596750045.4964792
18d5cc463455fdb4d443a6f2,494625497.16304165
f1d76d78f9266d9552bb86f2,604140533.9414407
74dbd25d407e51337f883659,655936534.3502933
88ff73eb829a6ec5bfcc0222,610571537.4933487
ed5559fbfaba86299e87ed89,696651027.4708221
5d97aad3e83e26b551c3399a,711181200.8556883
2258ec00dec6a2b85f439135,711181200.8556883
6c94fd185169e708a08d3535,565719706.9324055
ddaa88a11432ca21d3eca774,572544336.9395902
2749b5cfd2728ebdf124a0a3,553886094.629535
a7546a6c6194506dffd65360,661722564.2808803
6de7bfc5e8149ebc40ec0e4b,546345685.6091045
6f83f14861e13af92a2b8cf9,555299866.5697612
d71d0c8357f09fe2f77bedde,452719229.6119917
90b28f5125a0b8a0e3b10580,691262831.8110526
940e08f8fc66ac29f6d76687,704027220.1988554
41d2864e1f73e29f222c61e0,677587133.7431623
f7399e57df358ae7adc9e08f,714890829.1956772
1679719f26e7c650f24eee6d,724493656.4128546
0803ef3270948a30b3fee2f0,619717221.7332761
4a3defc2b7d2cd751c9c970e,756365325.4521531
8bd2490f83568ba653cb74f6,837383475.5748643
b4ffd0a2cdcadfb962578199,861345500.662539
7e5064603267b61520d8f83b,426162934.3500706
88964e1202647db0519a8a00,743470529.8105415
f3d94d0616744b87ff139533,599774851.7415355
60704a08df293592e4cb5719,521953039.4087868
347d5081f7bd36c8edc1f352,732708981.3060212
41d3afc1118758b5314db48e,590258909.5665433
80a1dc97797c41b61f46ec6a,575777273.7720059
c0ff8812c1e8eeab07c698a1,724928063.1448662
a9a4a765b1daec2f3ed59a80,529907828.0915145
33258f995a375ca192ca4d3c,807042139.5898015
80b6c823bad5b4c0fff46657,789297036.8738679
719055eed27f361071cb9eca,705899779.323245
9a354d8c526efc5bcce59dca,550673155.6254762
9850d970fe9fd9bae89f09ad,765681784.8957434
f2c87b07466aad7328b7e0b0,783533621.8763413
27ca0c2320c520342717355d,486296753.3145892
e958bd2b19db118c31f893cd,486296753.3145892
46dcddfc78444011abd29870,575912454.9048879
061d3fd39da1b4b1397054c1,634825685.4054576
3d1a8884a9687e53e5fb0bb7,638902764.2596912
1c0236d4bc291372483a9151,632118708.6039836
c1420f278d45b85c56f415fa,656856197.0298742
ce6fc507df0105c68c29214c,392964546.1278227
e4f26a73bad4e41c375dd897,773928985.3161393
719190aff81379902beb6497,720551328.2062002
da627dae6941b59d1eb98e35,633297311.51047
2189d3297ea703e50ec34d96,726719437.4845725
c7205874bee601a7b01a0cd3,609499667.8881285
a22bc19d0d83b13a53630b7b,532464206.00089663
8acebaa9fd7e917d7e3b391b,589312791.257456
4e104916ab915cf3c0bef846,628942210.2257178
b0df95e9fc94d9aeebc960df,555595378.0919117
ab419cd48b81038c5a30c721,543241048.8263534
5b9bae6f556700e099fedf08,710240726.1771997
989360149d9cc6088391db4d,741051650.8174758
bad7560aac04600e1ec1a9ce,642474371.1622719
08d9f04bc4ebdc74e9d80b16,631850751.3251653
f4311c45516bafcfe8864c70,641632280.9735748
c84e1db639ee43ad83f930c3,594240568.6446875
f778fa43c92344cfbd700432,586906951.0175827
2019bd32dbd09fa285a388f7,698612998.5077434
4db834146c4e73b515d510ce,459238261.35281354
9f9f2548425519863e2cd6b6,631599111.5336155
6c3bb7e1696df587990161b1,658950573.8365858
82f08aadf1eeaf2058b50592,646518813.1200614
753e74e4dbefeccf3e6b27fb,495909115.1939508
a26149f589edb9a903782a3f,604488084.3624866
bd264728a0464376e22b6bee,466491465.5707965
2d5564a502635dce2d46ef8e,713694345.9354223
05bcc7d7db8d352216a4af59,685113972.538344
4794d9994512f01a4bbb6c48,556714652.2247179
64a4528640fe492865ebc0dd,827329943.2560903
f655ec98cd42b0bf2d7cfbfe,849349345.4635814
b09de5f1e028d4fafeb8a22b,570596859.8819126
4c79f17573007a39bb2b4b7b,580705226.0794809
824894236c20b081af2c9868,747812251.8014098
107e76f0c913e19217662faf,816583247.7357785
d5e2bbb69ba3876b93af2d3c,867236455.0432594
a2905faba4c1177603e6cd5b,791479901.4828744
d13e3d432783206eecb0e192,833901528.5514514
6fecee4b1e5f50c0b27dbba4,1112121187.3528297
57891292fbd530872cbe68b2,1059448928.83225
d0d6a1b5c60ad420ebf2ab8f,664205966.7131761
711736da4f0e8282fc8c9e69,713004348.7768248
f32a3b542efba398907ec912,579796298.173216
299a94a02e887c6ab1de59c7,398772578.686497
ad844bdb1150508a4c6d57b8,705294861.1744604
78c17e6ceb87f7587364c873,495003615.7972192
22e8713e2051c88cdafe2364,499514603.132921
79c5085c14068e492e402a26,752670670.3184948
205e9d987013859f391b27b5,949703852.290667
36aa7d0cbfe40adf3c86a134,795510644.8520811
d54d787189cc8f014ae58aaa,597172907.5512416
fe2f1459eb0a380dc31e3a4e,751680644.0334492
ad663952ff2ba1953efdc460,766482030.7359893
b7320c35e90f33fbb1c28813,695607611.6815625
8f90134b8e68948cb18fced1,487071903.9010559
2dfeb06300828182d4109c43,605028497.8718458
3f5a0cbba1433e9b6588dd73,541365385.0007119
f952c40e24c9df4ab2d62017,564913379.3946717
462c7546b358b00e617ce012,594804450.6224554
e0df3391aeb8d3f4b00f418b,568850698.6201828
1e48878318d35476c3e87520,668452316.3302431
e3903705d5a48c6d9f828ab9,632032884.8002788
9e590ad7d22105456bebc767,700383328.8447388
d0fe3d393eee5c0cea5bb6e2,768546674.9363608
57b3791f2c5acffb0097f7c4,467750983.6990175
e11f9a5cf9d6ab0ffddd6096,767435310.3576063
9a3920f803b087c29b487cec,552949932.9088628
6cc0fe8ddc318f1bbad360c5,638414709.563844
3e0c656b64d39ab38201a112,434674954.9762355
cd55abdb54bd56d54b11fad2,638414709.563844
7cd39eb8de56700519d8f287,533073368.5883877
d762007a4ea5de370738e875,591377574.648557
f4fc67d9b9c6078003f9af35,712928999.5263649
dc0a4632d7378c25be351760,646417730.3502713
530a3bae5a13291c69bb8474,666519592.4140404
32b678be83da2a07b37f3012,526469020.2757889
349768047d470d2fa6ff1930,738505470.7959523
e017c3311e2fdeb50a686547,830503627.3273467
bd0329ddd50f2dc4dafebd26,690175727.916322
f6252e878aef5f8a641c3d6e,751903989.3469824
45ae8ffacfd00fb4a4f53d0f,745273274.148536
d186e369ed884150e71906da,840752366.086885
7b9e6b7eb3a5db0443193fbd,603007398.1473789
1ddeeae13139b7c9ada353a3,526379367.73035187
a1ae6f9f5d02548c89b23904,665540496.7149761
dc298d37c5235e15b4cd68a3,714862061.9009135
f640753edfd8fb1a995f1de1,489099994.8190421
69a1f439de0f06e1143a0006,561289382.4459673
98f253233bfcd16533e2a448,803791849.4709824
ece6f8c652d4227370ef0fcf,705524938.862717
599506739a6544839bd97b81,639942368.7363158
a12f49f4ac3c5bb0dc7d8d20,363123333.26993173
9da00f8ff8e19d26c1342274,576545895.1649029
cf5213877dfb4df98f0dc10f,592799061.0370183
84c7006b5a63add890a224e8,900033599.2986165
88aed38ca59c09e1a6202672,610938966.4444166
e6bda9370c80a5f7e5cb6b07,837355876.7872337
3b54ab53b6e3453e333a0939,609245608.7522075
e72ff7414cceec6b162df345,737600934.0536356
f2d4c1faeb7694370bc65ec2,587816720.2442988
e1ffd027cce28c44c0d2f80c,527334231.7048724
5c5039602efa36222e64108a,560727100.7074091
b50f2c871166ee1009416be6,610977715.410067
5e7e36116dbc08932f5fcbf0,649676941.2777003
325ce336d3df17a078db5166,622666004.7589957
a26e967b288a1eb6d8e71d46,575848163.6608309
139331d23d9e3c40cf083a7d,613225627.0674216
1704b2d5f4a33401fb153608,359554344.4795557
ee70354146295365bf241d9c,508913261.9623
fbb0a76f05908c118f7a3df6,421343430.6812749
2aeb794adc9892354aff7240,452611498.0646099
b0a32581cbb586f9710dc3e2,553850658.0333201
ad7f3aae29fa1e7ec900b563,621405809.5668333
1695225258263bd2f463b21e,671034160.1345029
f72fb486fae49fc1de1fdcfd,671787567.947333
6b8f7074aed7ae7e6cfbb090,1034609070.209718
619dab52b321ab297a604185,883494075.2863415
b5bb9af24f9de68e91a1df76,1113297505.8380997
ac3d21f51637207d3e031c2d,568871091.5232414
2aac28d03c2110d871b5f274,567286926.6041328
9ef498b11563827597c82947,586584403.3750573
4f2ca698ff03df0c6386e48f,491695659.632166
606df4826416ea0f146ddf99,498626913.7754705
9ff08a6ca1c63480c563442c,638846653.5224638
ec27554aa1c62314f4d46fc8,480477065.441748
762374e94f17a8783a66d598,465080563.64077395
83ca3a41ca4b5337107c197e,634062006.6720846
c166a9293fa27e910e1fa9c1,654543758.2718117
57f8a1e37c4ffb1b8cbd342a,525810498.0523785
393d99ca47315ae98fe9e7c8,989885944.0382031
9bef4aacc63605f2b2b62292,423421333.0506601
a266efa4e41df357ac4edda4,847050053.3394555
adfdb0eda9aa97f0d3005c4d,669469280.0476774
f05aee3e433cb036653b4375,695459295.1938825
2dfd1808bb95170a088deac6,592806298.2762259
dadf0a00434e8ceefb3e26af,899387826.6393001
4336ff9b2dc1d97ac8f9694a,429023178.71045744
eb14a5813f860bb74740da2b,373151833.6791893
3d580d0df1bf9dd124c282c9,480534186.0796216
49bb5311607e4c7600caa03b,641933900.1663783
78a39ae05ac53535ba0fad2c,546625882.4867506
936e18fcf06ca3c46eda7c8c,605291825.6948537
23f12add67accdc9ed40f59f,495490634.8634171
eb1b9e15dcb88964f79e6a4a,552295769.1535445
e2b7f984616fff25e3dd6a3f,729157421.7482823
b8e2b98548a234a245d7935c,669156016.654214
79382c56606e701e44d55033,825012117.5742903
983874e637a1a5782f31089f,726024320.6119438
3da9de8f610e5c40401a5b78,634426509.9673249
cd69a049dd8a3822e228ebaf,594094997.6815634
604f1b5149f770a8f370fc75,402179871.57050014
0d24fc1c5deb78eb1a0caa51,659504556.6778369
583af1118e60e46c347ec593,650025382.340887
13b181b46359620191e6e4c1,458963402.7891547
50d8333064f0560cbe549f89,456303348.8590335
d9000c1afed253d05de7819b,456484656.8724281
792ac070d1a314f585f09987,542341527.0864041
3e874c25176a3abb336b31ac,408378081.906105
419ce7158ed62eb6897cf09e,400570790.62669
b6b87c05c4238be76d94da2b,447619662.80037993
980d809e549333b475477bf9,453888720.8372997
a7df3d344010d5bb7dc70bf0,444746500.7129749
3d474c6a88ceb86e00f68b3a,461645359.3684422
be4bdb73add69f12f7aa6d06,425974348.1439279
fa5234ddf23dd0d9cbd3cac2,420982699.3897362
91a08f81b621333ac58c3845,594749219.6842041
702aaf395bc78986a008d70a,572543346.0536002
86b0c9c1277e9143ee765b43,521578772.49201274
9c2c22e70cffe6836f554f24,548100600.6740398
31f56b841b122b35615bae2c,591877932.6267107
41227dc9c9948a5f0688e426,529802709.8627726
781989d4b732f961f91bc3e4,566464506.4371002
cfed0221146f4d83d641e1aa,478322249.51484215
8ec491780efb2c27df8dc08b,613567701.6117818
8a5866428508658b4a2a4cb4,466380355.05729145
156dc81d6e14a71716aebcab,574877553.1437901
c24be8293c8f4080562ec0fa,455808664.0938163
7fa11c05ed1c123c1a457b1f,543409673.8898929
a63c36f6e7e7ce7c7e7fe457,534203730.5155393
f9bca38d3e08176649504e74,557031169.0922457
3d389130627ca7bade643f47,603356723.5761026
70314b0bd995a4b03c771ae7,501318765.05081934
a3c3c9fc04cf2e2a051a12e6,504271533.78956556
4cbe75a162b076c4c454dfe9,481105337.8990508
0c62d4d501a426cc8fde0c36,577590305.4307313
533363375cf2cbc50d86773c,634250151.4632851
21d0f28d5f30a64352e60ac4,566739575.3206666
471b5135fced50f7cb4197e2,679706506.706571
1c7586fd8a1a38bbda9c92cb,535218095.247043
a0f28aaedd12f3d0eee8c6ea,645483329.5609505
8923182b6dcc9f2d8be1ab53,503322424.8970117
67f694b29bfa494bd9d9cf44,583838319.91393
b721a5846527d5338322c9d6,541741728.8145816
ed09fe201c9ab02a91779dcd,633037264.8884403
f49045b312d12268eefedcba,531461767.34676933
22ae194316f34d482bdf404b,455808664.0938163
4f450ba5de4766e5ecb8a4a5,473904900.965953
235a2209cde8f8b0276c845a,498527824.92409885
f563f0899884de7f9bdab405,560197194.4432871
5b462279f602c5b67ada82ee,516930450.3045634
fa4af69aa064a4306cb110d0,565289196.9994562
a70d32ccaa78ae9417aa7e4f,536997721.5776905
77c9e5e3a6d965ede708cda6,544767898.5367926
5637f3d3278ea049333afff4,517722535.39368504
1b1c220eb91c9448b520b76a,524027959.52457047
f4a6ec71ad7790df9578324f,538308913.6630455
217e1715fdd5db76ce93cfe2,590885577.7769667
2cfa1397c901b4e940d9f673,482910385.39857256
44672de0d6d9d0cb3b4ae938,489651578.0121342
1c50477e5b3a67f3d8fec62c,718936600.6773337
0a2a67e8b310471b115c60bf,622479091.3379118
06220a42e68510eccb4d790d,486521821.7032507
611a3e1d63c6ce5ff8779243,497953057.1712514
1284d7ed08122731aa7c0461,500823599.013084
d44eebc871d1fa6981c32ccb,616841366.02048
43272151f217feab78190393,586708465.922374
6bff92260afd556a98d3e3a5,664352611.3096762
00586a92b53f4a8f9f6b3022,649607658.914511
745e7f6a83b55196f231466f,586383397.3481675
9c558e10e5bbf230f16968f6,825718688.6463405
1b425a31cbb73b713f291e19,689078314.57477355
076ccba20dac8bfcf184b8a8,624387172.6258222
c8fd8b729f4ac6270aff9c9d,753467571.5866123
52f026e670e9851b08c70542,649752652.3901802
00304df33a3c9a7e396ddd3a,641235431.480024
ee27eba49457286b5ab76172,580057924.3823392
97b57932e5e20416bad6919e,804457123.8257629
e570c5f58a20fda42bfb535b,550385849.7796804
79acb227b5ea365414982957,657408152.2407804
d24258de8d2ca10186660a1c,704188415.8400404
8a8c202c069c20696c2de85a,563103100.8179802
40f301afabee5be092ba20ad,575246168.8667492
afa842858299a6ebee166e31,630162892.2520171
7641dcf512a05ca754930bed,659110938.2947202
8c9b472c55d4b99e44041de5,640567773.0138811
88b98c026b7650192034535f,760845974.7891766
9bdb1bc52a9ddfe92e6a948b,639607362.1700773
4abef5720fd889512ecff70a,541859966.4045985
58b139bc16fa2731e4b76f28,622725733.8724616
9ad9ac8728cfc2387285c24f,721354649.6856467
75fd5603c4de9678627f81d9,689008586.6161633
9f4a25a5550f016ef2370229,806743091.3827596
d4f4d0ed36ac9affd71f302f,555598946.4388171
51bf7bc1c19fcd42e71f2463,676855043.6898537
49ce19caa1325233d0de331e,725694165.2812281
5aa1667bc8db26bac1c72f5f,575462516.8980182
b43b36ea4f81bbfd4dc4d781,660162825.0005049
2a623b33f3cc1f54620b5233,744140691.3616482
8745eefb9e2761ff7eef558f,654239885.7054104
0e49eaa5cde9375b1f026820,716092598.3967614
f5acbf43add5776430d8d4a9,643587525.4035407
ca50f7143937a99accef865f,648469078.8450875
0e1bc8ba1953ec8c28e53b9e,722676261.4744602
980bafcd065c8e3d6cece127,595732095.3828782
c81133d5a58d7e8eebb10c8c,724423288.9107466
09656004f0a7f544580958fb,617820079.0986173
edd342f84fc90478e344ea1f,605625894.319166
76974826c758eec5c255c5da,642192472.2437336
63b09e45c1b7dca181491030,667583522.8306333
89952b237fda041b09f0efa1,637302353.6031213
219164e1d9b14cabb9bbb8ab,614201962.5915226
ac8aa244c21a9b86de4ed599,652226757.842306
92ba222e2dd63a4453a30637,672485966.2223213
bfaf8b7796c8c57bb5997be7,656239860.473447
dd5a565f854eaef90976c5fc,647072769.507234
f8ccd21343b112d8f9e7123c,697376693.337917
a90991f865ac81cdb3de201f,636734393.609837
fc57fa9bbc16d1b8106c2c70,800504588.7884942
9ee3218bc61636cf0d7f8107,617358016.6096687
c00592c7c0c3a863a1bab9c3,862447273.8622638
f0aa18bf86a36daeb59946e8,788018795.9509996
e186499af986f1959f729b9b,766689437.5185044
18420ed4661539a2d72ff400,594977238.5867722
957731b9940c9131d92a22fa,657006870.3430243
9172caeeaf6498737fa0c6dd,666390888.1922916
c798ea36d2e4a8119723eae7,671815242.2150319
eb963f082209fc077aa72bc9,724929731.2250249
07b7ba964a8e30dc16d66443,748528872.0185734
7fe364ae771a7689d2fa5584,860008823.8674071
c59e06a2ed37fd750cf39976,1072135852.498294
ce03d8ae43a426e074ed35f5,853697043.223449
b76c45ccae25a06dd5fc432e,946202173.6321496
f855725acc115bbbf03bacec,876518346.1743562
b0b0db3bbe07839bc2b600fe,1029081291.6661549
cfc8dcf337e020b875ef1572,830360480.4590348
390107256faa08574d7231d2,689884232.9860191
fb10f3b45e865b4626f65ddf,809839896.5206237
75f167e2273fbecb2c81ac0e,863640932.0010835
a7b15424d7c025d885636a72,720638702.621565
f9c11e980254045d7478f273,806401343.9848853
e0b13f6dc213d05133252d15,833901528.5514514
c12f362b9060344ad044cfb7,833585828.9413375
f872f224d2af413cd104f24d,836344789.6289772
092045750c36a8945c526a12,613132467.5524483
5ef33cf17d4b45277edf35a1,504948938.38996804
fc64387d7c3c91a6e6e876ab,596544542.0541849
c1168159d4e2fffdd5662757,582839598.659497
cb604e3a56cc847189462004,650728977.869876
9e95710c61a4706e21cf70b3,496261056.7978401
ab37f67a3afa274e719ecbd8,582454735.2923057
970cb360eb64128037be7e23,688038101.6380326
e42fc32db529e088f15cec8b,720461393.2417144
8925028d6e7a6cfce9967779,633095553.7658466
759e76e38d84a4188dff5446,699326802.7240072
83a376df2024c4c9fbf2a0ca,422972506.4295031
a8bb80d99280e332084b3950,580093491.1433938
c16ab4a11cf67a39fec6f049,599166496.7233095
9cd1127b1bc10db6b8ce5d4b,1036007156.053586
ddfa979b1d7cdea1d7dd0a86,423771520.7094906
d78f7a1592c0779093150ddc,623032491.5622368
97ce3e0ef38ad12f7fa8c4d0,415939230.4643255
5c789f2834a1a69aede6316c,549799502.274085
c29ec380fc7295a9a770a74b,448719748.1283556
5987f6171a2bcb37062ccc94,648559705.6114857
1e91de6194769980800b4de8,589848212.8305839
0a0f206f04bfb10c137388d3,651363340.2383863
34dd15023216e187daaf5a07,643487316.3991265
33d2d1db291a13affdc209bf,543136515.1723621
6fa5e5160d7c2bed824bc0d0,518183824.7953545
8c04aa7506b8c80c1bac23f5,829082974.9741247
e5d445e39104d9ee6b244822,612780277.6971602
2ca6b3016a89139ec7590f9a,691403502.5526125
e567e9e5862b13f0085505d4,612103334.2822529
edd1c4fdbef4e6beafbd39b8,591628075.7545301
039a9029c4341b1528ca6b46,630214734.8513153
fa1533051ea4145f7f710ed9,603188480.6108505
9c99a85c5dd878568582dd9f,645214529.9189878
9ec426691c80918203394ee1,530106910.2954294
66f58d9d1e1eb7e81cab24a2,721539173.2136285
0d0f8ce05ebe99dd3bb7b23b,630852520.8665055
6a65986cecddc5c47fbddb9e,655889940.1373283
a82fc744f537ddc6fbd16883,631919778.0440661
d4c40178c19d6cb2fcc88e48,573657797.5606965
4034cb3cb77e9cb39cc98fc5,582460311.6443733
41ae9d3d280d4eebe510606a,574471734.3259872
4aaf6763c105ddf2a6eddbfe,452867379.3075748
633a7038a23ffaf4b3f7896d,711800441.568332
2a531aa9576c5f91891cc8a9,680000086.0528668
85d58cf85a179e167428ffa5,742438734.4444071
42f05e5d4862d653efda75c0,799858069.9936166
256a46a6d45d168169f63aab,688782184.1380647
4b0fba692104472b36c38c3d,797986153.5255613
253c85b226a15d0ec2fbbff4,688579256.6520141
b0bb2299d5f456f800993a11,663601190.2671927
47fe78f6299f757b231be10e,870071806.1421614
4d09ece928ffac7e7d270bd8,638942641.1127527
fc762d2d172737cabbdfcc75,605648498.2333666
2809252a96f47776d12021af,659041779.9177369
29eb473852b36dcfbda0c702,718498890.7110908
231c050bebe12f568ef92afc,457733349.94940066
acaf9e18bbc7295633d92e01,658540989.7329135
860435300909449c0443c10e,655537290.5654556
f967ad5e086f485c27f09990,681069609.7882018
678927546243e932b48d6058,794921730.2631679
c537ea2620b8c3a3f013c0b9,912039905.1443822
10037227b2a24d9a72ced322,778406806.7674329
1b4b3662ca18e731acc18928,1015562335.0332932
e6717956eeaadb3e95840256,843261985.0627636
ccc4457f68fcc1a416e3acf3,626555672.5154401
94d91969cc4b9aa1e856d801,581895040.3914347
2cc821cd7b5fa82b27308f87,474230978.03355306
f05b3779581ac0015f29571f,552741460.1154668
dfe09a5f848e8e819c361ac9,467740087.2318811
ba87ed2a657b0b042a05460e,504443854.7997436
f967aa89a4440cc1c44bdc54,422026925.3710719
81fc8d666c8735e1095d0d4a,749245647.5936227
fd8b9540f1e9da778d566d25,538141019.2580696
70baafa9789d2fcf1bc212bb,682438328.3650063
4911f8879e5bc9c27ac13bb1,534393578.28254646
ce53f3477814fdea2889cd2c,339643643.69918925
62f022e19ce6608919eab5f9,440232167.7732893
55657bb933aa2ea3083e0b90,510005018.4823987
808dd470aed6064f02aa5103,408802209.7479592
39bc028f3b42d9ea48808ad0,507539635.1966962
c0c01ecbb9189d77098659b8,437930635.02846956
57c68d470f6248d00b6719e4,701191514.2286912
26c66cf2f43bea00e6387326,621458065.4206338
b5f0dfbd34392f6855bb4b52,566038035.5699573
25202264e18928158b89278b,616585404.3028809
e93abbb49b24717d3a0767e8,644436199.3207552
906e1f2e1bc5cd51a55b0266,669029504.2299074
eef1d35ffd08dd161a36a2d1,1080572705.89333
35e0cac576415a4e61acec80,951143306.4492061
53ebe061b85f046ed12ee9c5,860250465.7296652
059d77736dc72013de7767f1,616971520.2720659
17d7986a62e0b066e4e5530e,573767557.6899868
8236c798dbffb3db51d5d744,436393983.06806487
587e67078115103d184970be,299984745.94622
7569fb4aaa9a52d6a525e3b0,303065858.8034878
db122cadb7a9c33f420fe246,303841069.03382903
e852246b7661d30dd2e1f0ab,302678995.6963294
f04eb16931448e87aec205fd,469344482.3601311
90e858d3740d4aec0fa21c12,572254882.6356943
65647ca6e47eb2b9ba20058d,611552869.2323333
d0792d22549d1b3f63baf3ad,479070802.0269429
76c4045b5dad9a8226e9244a,550663426.009266
fac4f0bee67523194fd4312f,431709422.9282545
ba89ed56d156579ce288dbcc,521705958.48513985
adce397b6d1473b9b6d02865,699001686.3444885
f1a924badef699637ea8fcc2,719255392.4314697
3bdce823d3b96e8f0170d96d,618955869.4456124
439004dc23f97a878ebf371a,528052621.07610905
192e05cd731950f91fef1d83,935969062.1751665
5110c49047db23ac3aa4ace4,809934357.8554295
f4f7bd9d03eecf35e9f37619,695857737.9486375
141dfd80a005f7b32bf70375,743873009.1391846
08513fe1cddb2cad74874a59,515436685.4194339
6b23aa3ca5edd20134811cea,435764060.5172671
0fcab263453a9f196468e552,585172780.7468663
127e08fa99afcaa339eff684,717296563.3372265
d2c46ef63db73ba3cb7e32a1,664858163.5974398
7c50c93bc9e8846345892c12,637302353.6031213
63698398738ebc7ccebac817,678333138.0832962
417e974a3f0d97e502e49800,676657539.9555852
6483f2fcdfbd26c621a527fb,822236920.1534605
3b739666f401ca6b2135652c,907423204.037813
1b750e6e2e92e8222482cb46,641586566.0144337
dd34882ac55c57480663f7ec,724493656.4128546
026c6384ceba017c5f2cd66e,528014548.6999631
3f4272a3a4b14ce152fc3abb,564300807.1930937
5cccf025fcc0a7d9ea01b170,616768638.0974578
c8d179013c5bb6379693ef03,585853529.819005
8c258d10ce32150f5fe5b712,697267980.88215
eeb6fa8f820ec63aa0aaa303,691262831.8110526
ec8b305ddc2bc211a8a05d0c,464233017.04116213
5a84e6d2ab8db0fc60775d03,577912939.4415233
015d17895f32e2a8b616ca1b,622755690.5699522
6fa35f1af6d51d341a3165ae,797850202.1036664
17821a9cb766b0f3ecf24e83,639972984.2388715
23141c17df584746755dc508,525595381.8349703
00076c8f390d5dcccc133309,612396757.5463411
25488b1c8fedde6250b413ba,489575501.13129234
5ba6b4953759b45cb83512c7,776896985.8317798
8ea02baab0c59eac6584f62d,714784113.1818823
b5c34f90096fc88b8ca758f2,982751898.5594153
35bc25d0f9de2ed4f714fc8c,650218170.5287238
8b0e1911b8ab8028409dc9fe,812481241.4371566
2ba1672e49c023258d262d1d,694179294.7410547
2d778563921376962d126cbb,572771873.0412159
bfe7c873b2fbad871327994a,650085844.0791187
72d0f19409c85dbe32cf6ec4,719363982.0793264
d406baf5cc9b4473ae9b8426,382487068.8048804
070912b7e5fb205918c1f4a3,416438960.4762876
659abd72d12756ba0670f466,538171245.8664644
7a464b948b65544159cd0db0,507876839.8478588
e89774d061d50c83b409a071,342156080.6992019
fd6b2efe5da2c35058333bbf,556260245.2133081
4577c1623c8407e95e893e63,524502451.838554
21adc839dec9e8efb128abf1,508143075.9069205
aa843a050ebe8e4b3a04e9ef,838268610.9886825
0252fcaf7bcde09274d34be5,715836003.3386999
46d77c92811f0c87d2d4907d,666596054.8763316
a8c662f906075eedb098ae5d,576869540.7094924
b8b46931b93b7750e0d1ada3,601684380.465642
efde559422ec1dcc55abc686,643159288.3818308
339bc881458ca34bdcb771da,841951298.1833866
d7ad6527cae719481f849927,946649095.7001487
df3abaff81c430b4ba85d4a3,790556942.0202526
bfd2f20a7bfb0d865d7f7193,1111612648.5577466
fa3ee96e6b6ffdfd00aa335e,1067043793.395539
163228979751798ded8c3fcb,478881090.94153845
3578144f12e13e98e8cb2480,570176854.1957313
7136cad475a0480044707984,624959908.9020547
93f5694b4854068f42ffe55b,653070827.8334268
51608bf64739db05c47a3bc8,555984389.4873524
6a01b6d09d516d67f4a2fb43,466667940.78626317
5f26f33bd89fa7563ac6873f,384849603.3445157
aba54b001154ad881dfeea6c,316931225.3122676
b2eb63e5da917ce649a72142,560024148.1004537
1427aec89ee9564b95e93cd4,599054413.9001222
a0087db5e9e2cdd6073021a7,531196768.1313881
4396f94f7f3c403c43d3ede9,594074601.2675406
aa703cc78a1ce659901e711b,591100363.8074582
0dd1bb83f0f18af30da139f4,642522240.1609082
37efd3e2a5b6567957c62081,459497704.13300586
ea47ad6335e74dea06228b16,543073951.9843174
8a975117ab302b77ac057823,525450566.0076026
ca5949c4bcf0b63e5d1be784,478759597.7509607
e9f3f41366d5d784c2928937,645286143.3547893
7a9c505db21b777203d34bf6,571299806.7258756
238cf9f99c4b01777a97f82d,538247183.7053047
385fcde12021f4bbae6ac2fa,661130825.9908006
d9eaec557a7a6674565db1ac,665144528.0588952
30b0c440c0bc8c6005855ff8,641043342.4514406
09feba43c0b8f3560fe09be8,635238199.8731774
2547bcc87b618d3d7e22dc21,645902837.1989652
1240a616080d6ba5459335a5,816174092.9949805
7cbc8fca4f84908ed4e7192a,602442664.2161496
151a16e94d538a7a6d658ee0,751854840.1351959
a8ecaa9120c6da21229cf145,651494260.4479997
3ca34fa833e6ba10cb4b1944,874697564.7848587
dca2e851b82c512f01611ade,807465574.4298171
3747996611a842c452865a9c,659703069.5200669
3528df61a44a9895248336c9,874646508.8913108
398a67970cee5dc873d71bbc,660575829.0866276
1ba2c2eedb352ef9bb59c638,819085761.5207596
f6f4a467f40bace72ecff598,850810183.859773
b2af9047dbf58867ed0c42af,841656128.4048204
012b8d616667a6dcece0dfaf,831483462.1146889
0b117f10e699f10f97a7e7c6,759729051.293285
8d5192b6208902ddf4804839,955205101.2277339
b86cad78da7bf06b5ac39f99,978673360.6961057
4cc8c95dee29e43463a8dfd9,585816994.1542891
76846ed8b7ab36821b848f2f,694164242.3150921
5428bf7f37a94ce9fb2dd435,482663887.1913775
b22c39c3df7d8e32cec2ba43,512727141.099757
44f5380847c175a42becfcdb,994221383.4685303
fae53fba5d405b2e6a3abf01,268623583.6190616
3b52bd5eee5ef8e3871dcb3d,1223006472.2883625
21eef7da02b0f2a2fd987135,515317700.27413523
1dd6b0ade195edae38a4a20a,563436302.1120108
f359afc7bb50cf6a61ac63d6,567672090.8056277
b0de107a8cfad95f09876eb2,755240705.5546895
2e8c76f4ed59cd3924f7136d,822265145.3250642
06a2efde5244f7d653ddfb8e,656714557.0278025
f72e2f6cfbd32d97bbff3ac5,592500019.979152
9705748d2bb061678a80826c,756186793.1104932
9620068cef0622c404e15960,616825722.47463
cf2e8824527989d3cd29c058,717015336.3613284
6e606a7c8bc632ba0ba37184,641221920.2460052
63fa384ea296390350f23d7f,640889577.7959306
4d3f5e7ecf4d361d7eb55f5e,511098811.93413574
e31a209077a3e47712588730,546909217.4680226
5f18524e839c2987594a11a9,622823206.5677944
def06f49a0b8230ab613db94,617619729.4974483
faa72370e4c7718964930805,617619729.4974483
983503bb75d84c410d1c5d3e,651819628.7981341
30f381306494ebaa760b990c,530077658.2806443
5e72dbafa642e4f416e6f01a,537209470.3294061
3d5ece38670c1c96df4cfff8,530077658.2806443
1bd6861d451d128c8bdb72e4,613405694.4622059
072a6f084d31a5a4be4060dc,763209070.6387224
4d8deb43d663fb079262708f,644987802.521297
f00b8eac1812a500d7a732ff,656899862.0626949
77a62d5e2c89da24f66a2118,650316989.2645695
961886897eda4b0ce54d1d82,835212668.9230543
6f6c83ff891e43b7c84728e0,781815501.297484
ca8c85e8100f64416146368e,715836822.4165959
24297f4a3e14c24c941e7720,773477149.3003768
98d7f0935f021acf313630a5,880709282.5774685
a362533eea6c235049bf3359,634677262.8543782
2ddda0ae748b38a6258f660c,931273287.4133633
b18107a422b9eb6da9fb692f,724713405.8257703
11cd643195dbe5dd4567b62a,798062243.4500582
c9ee7f0666429c0c15c37499,357686988.43154705
c386d1ac4fa8dcec4cbf9788,558330637.021531
21e0bc9789139640ea33ed09,926751872.4682354
cacb91ac1b835d62422b8a8e,737287152.3316474
bc41e69def6bc7490800c4a4,378354303.00587785
7a13669d2d7ed2e50b80b4d8,674421707.0763044
08dbbd8d672fd09463c061a5,523801937.4401541
cb93b0d5e9a26628b0462b14,462205197.1409047
d6a43f209f810455fa41dfd6,635803412.7779262
ed5dfe95f82f4c087af07045,573666650.8115314
02060d2f56e979a61427f806,722670379.3687345
88ffa9f0bc3f6c9f2e589a75,871742299.5967045
b48093abeaa178d1f7fbd83b,563742636.7110444
b42734770dacb7e580a6d742,685560084.946598
d3aa845e96d22f31a3656aa1,540802104.8110867
becc3ae7a71d597bcb16d261,579549138.5778432
8dcfc24742ba669335a2d65f,558498015.6458983
45e2411d38589a2d85774c5f,578229357.1278999
9761b0f43949eb5307472ba2,600485679.3065436
e07035cb49625760c7da85d1,567752056.7558708
f88bb9c5a471504c13d3616c,525502565.512939
4bb5265c6e63449e5fbaa270,584486814.2583066
ac73b8700744cb7835f328cd,588711519.7771884
a632ececd6a023aae8a7b730,587998695.4886489
858288683063dea9d5c57420,582361859.1361101
d04f549fdf8f34bab19a171c,530362667.6881015
6ed5fa8f114431d158d35f43,558776421.3889476
f849dfccaa8163d24ed935e2,613997291.2659464
bfde6e7200fc27e6e6f1497e,616236311.9297066
59c11d3de7153d2605cc2273,609073656.4617383
33ddf4e1ed8c864e9db16887,604194417.5168306
00f5ba660a4fcf6ddb96220a,569985518.3870279
a13004b87c6d7e7bf6b75730,637921430.1513569
eebc02ff14b6d270746ca055,558826724.5677582
65ba6e178f3565a84c6ff973,579600589.2912394
a57f40f00f80abc7450aaf9b,564622471.6052551
df37b916acdce817865197ae,589061971.2409941
b5c074ee2e2538aeca099fc4,633057470.5634961
004c9da9ef1b3b5e309e475a,543975629.0685354
c5b47ac5c4b7476d50bd56ec,587497612.0685298
778ec765417db9ee48d697de,566006353.6704308
b287339babba162e290d0fb0,588440393.1069307
4d35e00e86a9d508d82ea90a,554932066.8103408
0dc2a023fb6c5e0b92d86ae2,569611843.2743607
5787d7c671378e596edfb58c,578037435.7911621
8595b5517cb3f1ff8094d67c,588804919.8756956
f4d53276bdb5899c6f059c67,580512086.2956107
9562ef63320854bc6f94b5a4,448551341.64970666
c04e72fb6244d9a9b28322b8,632621915.7300668
3d141576443a97b0202c9672,724738214.3267981
7caa4bad394586a46dfad854,591312775.6357988
8420bb74fadc0c8853cda025,375515096.50306517
b274adb68a37458cc5181fe2,516221276.432569
8561bc940a91f029147430f1,648559705.6114857
258a968e403e747af5693a3a,737896956.3468342
0de34892fee879f449facb19,621074862.7227505
9634cfebe7e6b095f0065ee7,560666218.4660199
1f3544c9f47bc00fcdf59d74,475023608.7063906
e3077f6e47d130106e7165c9,713771179.3505163
f0ce47907c3c30b6b5e990b1,660876992.6057619
1432cf7de2beb14fc7603ae7,873764554.9771513
60f0df18cb4324ce5f4bf650,705213670.3186852
7c1dc421f5a689aea5babe4c,611287384.6487089
020dfae44183c65b708727c7,579363192.1955001
92a9c07259efc617e7d58f9c,584434594.8127503
18531c57f6dca78763d360bf,571282443.0478034
dacd62440872b6e94ea56fab,659839506.5075734
b607bd072e8293d6594f3829,705200201.909191
eb86c1da60250e5559fc3cfe,592729142.4835622
fae649fc7256b9a3ec036583,589443006.908321
b7fa81aa571906a93e9b6cba,723409286.2450761
0823be832fff81b3f1291859,450694112.4880878
fca3a0fe5db369235960d285,536745264.879155
496fd5c93b2a578d970ed55f,549495474.8279136
9c63c6c27c74c03f071385e2,566542874.7850974
6ebe90f7140b738b3696f086,525164314.31112665
7110d6374f3fc282e4f4bdb0,605018356.675365
d33994c75d98941acffeeb90,702190491.5014377
b8e8d84450f5e0bc8a721c94,678983086.1970031
cba57e3b393b3e392c7431fb,679829861.8184294
fc2ceba651bc629e7f690849,634392978.6840981
857761b5fc5c7d101cb765b6,583885826.5254835
55f67dd7302b68477e803399,729633461.3459383
19f538269846412f3e150a4a,735813886.5133405
75e0fa8e5c83c49d3a0dea48,853689748.6535492
fcdbfb9e15352cf210cce7cd,826012271.7375407
c2b91ce4b1bc8c576a0ce1c8,821554081.3508021
73eaff92528288fdbcd61e2a,916816454.7627463
f6544a1c169aafe6c8142907,742144556.912254
cba9aead5bad82b31da51e6e,874933420.2354445
b239bdcbfae846bf74791728,725712514.3758589
3b823e81c5378ee3c977e863,543102830.129872
1b4db5fcd1f92d3aadd5c28f,769860904.3091944
b50a6b85399ea2c6b5c33405,553135579.1534101
1e6176a558f301d81bb050f8,807798835.295096
8bcc1b035ea93a5192256b37,638470729.8572725
71a3f0980cdfea0ebb869935,547327966.2298298
8cd0345dfac13ab380240b0d,543102830.129872
e66b2c71519ef8756db69b97,590055860.6565716
c843044c1fb30819300448d9,565617087.5028528
4ae10e7fec364242c88e511b,463273977.6412853
c9e92b994e48df83dcf9976b,1232579088.7608075
27f41f09ccf8d182c79cd48a,953685948.1634473
d8a7c0b01bb545c414e12a23,1038188568.8780206
f3e2fddf1dbb400788a5517d,630471698.146303
89a066b7d6a31dd066fa0d32,846780491.1131344
c245bfa6587eeb55227c8a4d,620475486.0771333
500d7c5346ca11ba934e7ca5,620936427.2607046
536fa59adc007df763949045,854587357.2220807
223813dc0188fc229b63e8f3,987582820.3899328
7c972ecb7b90537b1da0deba,497744978.11338395
98d8411005ac05d77cb12516,824827686.516458
d12c08cf48be75014a149873,722270328.495818
955544a0bc2eff312e965c2e,794165648.2997231
20488db7a62f765ac8da0a2c,788616122.7382506
3f370094239ab6fc817e9ec0,1056244628.9708995
ff54bb34225682d25c551178,722270328.495818
d0c7294b2184d0b4d0e2fa07,1056244628.9708995
104e960974eee31e7e0eac6b,717753194.589127
0d477acd9c95e9ec63839a53,542121205.4240409
6d255e0026d70dd44229a2f7,786943434.7613882
926cdc0242544bbc850520ff,414002309.43274075
e75a05dc0018f29517948ea1,461529617.9539136
dc40c56571cbee9c2b7770f0,640347696.7403921
2f76a2b53e091df35a125b13,556543438.0471054
a4a49182c79c72854732594a,550224837.955994
50287f73d47b4cc4c2e1840f,674668643.029456
5efca36c25884a2822bb7a81,557163558.2352495
4347bf26ecd61ebc7a16b4a3,657192836.7433984
7c979648ab3729b2c0cd2106,682576087.3673537
f40acdcf5cb9925c09c9df7a,705234649.9761437
6ff3eaf8b5a2f16efddde1cc,637442216.881163
d35596846155e74d1a637d7c,632504065.1165382
a389a1ca097a820fd9af9d15,667559528.3510704
ef450748c440c4958e5db54d,657595269.7315844
02779b92b2f9bafde0c75c11,697093872.242745
77e5e0b64140fa00b0227a3b,637727911.9195127
eb55b0778607da932c3b311f,657595269.7315844
9fa391febd5d0a8e4c6ecb8f,372848271.0975638
6270356f1cc3dff186d0ff4e,545245471.1410118
ea7d5c601c3f8c86ca8f15e1,679641334.2358998
072efeafd082025bbc5a25e5,664630678.8626647
d8bb6151d30573c7595ee7c0,550449150.0284135
f26c43f2304c8c694c818a9b,565773827.2079581
14ea4a7c57d830eba13638b1,611959795.9997251
c1ac42dad98d2f23dcbf140d,675507905.3369625
aa6af44635b5d51da4b02059,660185665.0529944
291a4ea1a695347e1901bd4b,667413086.742473
024d2e34a561efaf4811c17a,691048892.8995478
e5a40a555d11d4429b9675c3,580491215.3677664
3a10398b72905bd710ffe9e1,688129120.9749508
340d1313fc2dc8e5b6918262,721209299.8449775
699bf5460c63a4d0e4542ade,848367757.1470962
e98bb3a89bcec8650e33e730,549726975.0790914
5de86bddd492f76596b17a0d,802186931.0042521
95dae083200a9e43a5aaf210,913296839.4169614
23fe512fcb21a0b84781a318,436842654.9623138
a9dd62f527cb0dbfa51aeb7f,661510884.5057592
8964dbb5b0cbfe509613a63f,744206714.2815853
f75009356c700f7da7106cc7,493675653.029225
6f502f363fb55811478e3b88,539299490.4775739
a48f29071cf207b27ddb03da,617158075.2466595
b46bbf66cc82a4345c5da177,649084176.2818804
a460aea3370926825b0dbc13,704267936.9616134
7a21a8d99a85171334695004,647590711.7497151
279f6f594d3f8ca8e8a5e2d5,1100483124.1133268
bc3c509022e3f6104cba5203,928627633.87919
654d2a3a0e02065560ba2484,524462543.94470376
02a2ebb6eca5772e3526d78b,543792104.7336112
d4646b7f4dbebf9785963cfc,653214793.4796104
68fabddb27fc928b57efcfea,595119834.740527
53688de79b052b3185fa9435,534114523.5905883
bb962a9e3861b06ae1daf833,742032848.1096183
d80c5f0b8ba55e7cf105d282,661235130.3181704
ed88c773fa9ae8bb29645fbf,595530085.4675934
0c3af9e0e9c80a68acebd041,626872918.6443084
0faec12daf0493a512b2fa0c,1221302352.197163
1807debb0a0b590b9ba4ebcc,656818461.6794262
20a2a0dfc963fb8a355e704b,780554077.8828188
a2c033f497e62ea10ff8ba3d,826071030.8908861
985e40843a30150e6892e4f9,622233428.5342141
2ba0807f8cbdac389424ae04,870858253.3390858
9a565e7220cbc3d5d340e8d7,652361093.8219072
33598222854631e92fb72baa,787590012.1123954
03fb5bfbc1895115a04e8116,628062527.0188633
5045ba9a65b4bce4fd305f82,536527361.9527633
277f6440854cb0c98728e685,602931443.7775872
12c7037cfa63de49e984a789,564386148.4308771
ed9976e922a774cafb601f5e,501158020.06829435
ccc70d1d8e4411331730bd7d,602006128.5840876
30d38a7bab2eaaef1ff6be0d,569518986.647135
31a6c440ca9eb29acc0f1086,682689510.3026271
7a82ce4b2dcd2b43485f5047,785514585.5571127
a74be48ad396ae4aa33ffed6,657480422.9053048
4ea46b833575642ecb2ed1cf,417833400.0815322
b780a0ec18c61b0760df9433,562290928.2800045
b83a5c303a2b079585b9b94f,480181057.1355555
a3c45875c0834b144f834798,380292269.94529897
c3ae3f44bbae215f7f2fad9b,376591198.29055643
5d54a0a596d49d9f85f1b5e8,702062421.9159832
355d1fb69bcb4e8e8ed9ba1a,671059120.3707936
cd791a46ed616911ae7d4fbd,703318699.3619822
d2d2f335839ed35571b19bb1,739108245.7475185
0823b0dc92805ab05d3f8650,1079596632.831627
f92f4d135119fa88994929ec,863784420.9852084
401f0de98764e9fdd4055406,631748281.8942258
68a7d01e50462f7506f8c8d7,547408247.8141587
e4434407771070783b97c014,704029000.3923765
7e1153d411af129357ae5c10,540654994.2111801
f409c701e200046f574f4e06,578655491.0017116
30a8b9c197bc42f088d0b873,624585634.7197927
d5abd56b5a8ab8c2f61a07f3,722135300.2881091
805a27aeafb3ca91cac56d14,651837626.1056719
1ee04111d277e8758f740139,453432953.68805516
b9de7d7b9a8ef7c64e5f6bdf,597825685.796344
5a12a15af3c0585d81ba8f5a,595447910.2687187
abb63383766a9853c1091c5a,730559387.6318853
1f95c205d5094c674f6e45a5,675556039.7247703
4911a6285f548dd30c8061e3,708944562.1384883
0b9730cff49bcaeb4d703c06,757871286.1757827
f033750cb9db15e886b156ce,692282878.2185924
fc7e93bffb7fbbdebebfaa2c,793295707.7942575
4f500afb7f7bb42189820a18,648046202.9797572
3921d7b508fa1591d40802d4,432111915.7045083
caddb9dce27a7e8012478da5,442544835.4622257
4eeafa126ac5f301cf60f9ff,474953314.01397663
59afb00a84b4f2a9ffbf71c6,651056473.1992503
7baa3608aad1fbf357d789a6,618204066.394762
a5b8869e9cd3d0cc32a0b298,712636259.5513867
d084dce4ab9c4008ffa3bbc4,608724865.8513964
e3ff13537ffb7172336ab5c0,694282500.1875705
1bc2ae31ed1970ba52b1ff60,1453766107.6248336
eac7136b26bccb3c5d2b6202,631748327.6074046
073fccba71b28afd815be434,565524837.4532013
9b1c23d616e9407fff6553d6,471948824.6865629
4122eca7b73c1347a7814a70,639919659.6335442
cece8267e60c2461d6c409a2,755072167.3010387
ba4e89128058d5564987dfc5,471948824.6865629
69843aedb25a928097a22a89,471029062.0466423
a45863121bdec787e119b14c,433185741.9103637
02e8811bff38125bcf8e1a6d,468083658.2980436
d709a76487a49bf257489c0b,322539969.54171276
46c42803286c800351fe633b,529530171.89307135
2ae3ae7f794d558ec119287d,581363305.761573
76991a35e9c1b69e1616659d,583433370.8901539
3de5d35f742cb4eb68d5f314,559858995.8082905
a53c748935206f61751dec1f,557527742.4067341
ddaf8a1e5e6922cc3dee5caa,570291146.7229753
841fed959f036a03697868e8,580337791.7259511
ebe1b5c9471f3441a388f7ac,573484774.0869955
f0f9bedbcb57383511805d17,671156512.233145
f9402b785deedebd3ddbce6e,618214205.815919
d1f92e6b18faf07ab70ca1ae,781197230.293047
6e794276348acc39751eaf47,618374137.0785526
4b04e0296820d04421db5219,627057979.2272075
ea0ca17e989ec57a480aa464,722976225.6981575
cc6fcb8ea6556f676c13a76e,665414302.2131029
2778de5e56ad7ece898249e9,705145431.0964917
9f0bdae4f8609ec93588de3c,712568536.1197125
90dcc3f9428a4e7cc396a15b,704316979.0689119
2d7bf0032580e6b6dd1ce36b,687087710.7919425
c45d86d17d1d0519b455b7d4,708379416.5853397
4c7e7cfb286d82aa96356fb5,972868743.3169324
edc204c3e18368e0a9eab593,1098382264.4259481
e789e801fb5d4501b5d64e2d,762033820.1195133
3997c10ceccd2f8c8e43cda0,938392907.3674675
580d8eee8dc4b7d43cb193c7,689398745.5986253
c823e3fcfbf0c43bf2d82586,763427627.0679407
30677852542c78698083d4f3,1661136788.2870753
8fc78c514a2f1cdbc5ae6e1b,992586063.795167
73c618d704a2e1ac2bc41954,700514184.3121551
4ba85374c1d1f1d3f4632ca1,321247334.7771976
9a471715e4c4865b822a6b77,431527096.5921255
4e9f1e21c855f1166428fbdd,481770278.02811176
f11137d27a5d7fa57f94e97f,560330449.3803892
5fe5f3c5919c0ebd57ec8e36,438307669.74161774
e40742774df7d2b614f32de6,447803278.5780046
24b28522c72f7fc359f2a718,690339900.9896063
26ff1e1f4a6f6bda702fdabe,568833747.2956957
9e617d1fd8a4f33d7b66098a,1250507119.9876924
3b4e889562e4078f8f369172,560110646.2006282
3a50d40f15b1cf5bfb338092,566519649.2213619
cb2188cb8e534973ea3411a5,479806948.7350403
fa57f96bc6affd285d10c4f9,274126366.13114166
c0ea6c76eb977d83c163fd7a,379321037.3914791
367cd12d7f4aa93124047eb9,551459928.2909838
54952b5f463c64c605576601,469176777.8051178
57eaaaf24cf82d885f0f1dff,640962401.5332375
f2ba4a7a0765c3ce737b5c81,552305233.829925
5282c3c48495dc31359e70c6,490293879.01453424
552b01d72edb192663998c4b,591969823.6447225
5f3a1ab21669ad9234d4dc63,619436712.9186004
68f431548c330f84c46174f6,604270277.7182417
048051ce9bf8f6a48e9451fd,807052072.9053006
fa4028ad48fb2082d167989d,728380623.223619
5b1902dd7768f5144ae7704c,728053919.5989344
be0a8f4be774eeaa42fe460d,698539924.4148737
16263617308958055850aef9,737903724.2077596
729f5fab1578f8cae4fca8f9,831309300.169044
bddb9388922dd56737d8847b,802606172.3926563
9847a4ab995b7b1c30196704,864713158.7723606
d19937a773269962c7f9e8a3,823763549.5451828
b3c8714dcaf5322475ce2c60,764205562.3184499
875126e5776dabde40e29b09,731116900.0729455
3a36f59d7c0e6c4eb85ca0cd,808594418.4415295
630f00e15cbd7826475d1509,864259825.9183413
434782c3d1dc2b9ce7bcbbd9,661857748.5636116
a470bd174fc7587dc1449c89,1093836375.5667229
99c6f87ac92cc323c8caa005,1095110132.1317744
ac9ae945fe25a46184057606,1030734146.0542831
15d910dd93e0aec22ccc2083,1060752717.0238128
6e1a9c8457d3ac6a57598052,648789559.4467648
14e179618d1a44c5c55e23e6,474747426.1318641
2b8b979cf1952fcedc63ca9e,658466951.7636399
7cfc3061c0b2f3bd48375ab9,744188628.3067367
7200e3ba2013876cdbbde972,800803165.3604724
9ddc1924043ee8361201b39d,749147647.814996
f22d6cc8c9611a7c23fa8969,706584927.645981
b7c0a0a4f5c5b986a70ff249,672834163.5612134
adf176b63ea23e08d252b5ea,576202195.7654537
77069fb9fac6b61aa6a89ae3,670356600.2868363
7f0f27f6d30c743acb3e867f,687659406.5042238
7e299fd8c2d53ff1cf95aee3,677782718.7286954
f309733881a4f89d9c8a8958,803080893.9068111
0f937643c067371018c8deee,1012132354.2299261
8e35609c1265ddf59e1c015c,658862645.5109302
c1ba606f32ce0337cbccc2b1,643935877.2033516
15f02dd18da12f4d7b0ac2ab,614089382.2064769
bcbe8ed608f233d5ed7362c1,691605405.7388984
14611fccccfa2a6499b2acef,536841771.4498707
b10b428245022d55db248b72,391708073.1171688
13e6c5cde1004803fed93cfc,423537741.14582634
ba31c38eada33f680d44627a,675138773.6188616
3786daeec4a4fb40ef07d8e5,667778798.4308438
7736ac030d8b587f44f7898b,553811318.8580897
98f89d21e5dbe53f8704e745,851587193.9034559
981fcb79db3881259eb303bb,434753486.5639127
08bb88dabf0070f72a801a4b,804096696.3884941
32d56542ab5486bdaf4466fc,848155084.2665554
c0f911fe7ee2113ec59cb5f8,592572008.4968797
3adadd50e603746e5e4fc082,645582165.1504061
d117e9672b3ea0435e7a894d,434753486.5639127
020473766363019ee40d6685,629170817.9049296
b04d16faf40ee02eda59a9af,434753486.5639127
bd6f3819a1c0e551598fb9c7,572205619.6357133
5520cf373444931ed8630635,613438019.8477776
40355fef059659469e16e3ec,540059546.9591413
deb844a2812586991b3022f4,634404053.8452464
ac0b895f523b53b4abd013dd,716498485.3394967
ac208e250f5ae3e5e1008351,495618799.3933893
0064cd1c55914cc8370a096f,583885682.120191
165fab7a9f8dd404cf4e9d9a,461160108.0754765
df3eca0f59974a812b4ea9b4,642032675.1600417
1b7c062b606d0560e850a2e6,413762102.2627426
87ddb3a17b601cf7c61e8c07,608901975.9558154
837cb6389640f3919bc73e9b,725951695.1522561
77bab76414ecb20888cef7a1,826051092.6516684
a9268ef5b7133cf6ed1a376a,784755115.3798814
cf7cbedea50333cd2dfb0e30,612887335.7492154
b0cfed2d25a5d78c96d39d20,658791900.760199
ec0c283eeb8db461c20af1d6,667526985.5427252
27c3b7ba2991e7bc0c9fc322,547454396.4470155
0332c7ec0d3e547ec6d61664,721324804.4717084
e58b92216ee6438a921ee0d4,687021821.2790384
f7959842378c94c9f620f561,622061139.389831
cd0236af88ded6bc15b49eb2,553811318.8580897
d40e0c2222c0debe89735e88,622061139.389831
2bc9bbe0f0216ed9d865a85a,552167926.2773665
e9bbc31499ca187c6a492175,577725346.5571465
f2409d037bc8b3e63ca69fd7,839053120.2372849
5ad71b7cfd356a75021174ab,518002611.64910805
67dec8c47ad4de9605d56db7,538422483.0234225
c6d679cc07ce4373197748a8,802902396.4178263
a36ff3637b7d2b1c52999ea8,626411240.4028254
3a384d68b7ddab45e01b6e99,650032268.4920917
42d34ca2252acaf6e777d23b,974619536.649155
c4b2a42a8908cc35e649fb16,725529278.3205531
18c38418824075acaad8f960,532072170.6633764
85bb6775065df76bda33f738,665601763.7196518
14cee0bdd9dd5537b96d0786,671795516.4476607
ab332133aca64315672a7192,723970356.1229231
d53b60b0f2c65918153ca2e5,529624685.7544786
ed1f81648083d4d2726710ac,613879655.4144692
b6692a933facd74b4b11569e,452681491.58479935
90e00fc58569167c00fae7d0,468740876.84749323
8a514fffdec277cd46c7cc71,595364541.950096
7f0b4b5851c77d78805320c5,444668320.93773687
fed1a608e3c0f2b79cd02ebb,474121800.15713674
075a5474294e25da55373a09,376214102.34441847
8826b9e008064cea38855d35,474389253.03032017
660eb3b40b2bcd07df8f5c3f,368332815.38629436
d55cdfba22aae78b6fab5491,387725811.05330026
ea6e83dbade169818975e5b3,529799639.7669872
dcac44d3f8024c6ea1632432,605630270.6625004
2772adb268cffadfb2917c2f,542026997.7057052
3192bb7190b9130c4e67be4e,837466198.8557993
9d892f73b02f001c2f715607,577278315.2127582
c27d72aa1fc5d37f4cc105eb,603366609.9445993
6c0ac32bc8a66844197c5fb4,578029373.099707
52338f4f7c8af6c649106a96,559925300.6095431
356815b8ffc300fe03073b7a,639389384.5706457
22c780d56cb97fc34f29e9cb,490700063.1957506
806907598158861a6958388c,607834453.1421317
449cddc4dc3ef1e93b7f7c26,484416852.264238
b225270821758e45cdead76d,547471191.7176763
e07bc486c6f5541e4788f83b,702907755.0623193
970c0d4928a9292748c0fd00,581347857.4476377
f73f720abdfe4b5adfa2bcda,516206621.35050344
48d3b0ef6e5f999bb90fbfc1,533157054.0923363
b3ec2f8af6e9adce047536b8,719857613.854956
0e1c66f843e06f14d7264864,688916778.9891502
91c4f018fc7939d150593935,954316033.4174926
102434eee07ed18268857a9d,655649815.7215499
a4c70eae507d630c2f285eb5,736123255.6267055
45abee1de734dc32936d0b1d,652591322.6790382
82bdf442e186baa829e06da1,593234062.1601615
019cd320e02a64ba3ba9a37d,638867483.1357124
ba1b3c8ac8afafef56233c84,669541579.055711
3c3a0f57e030472879f454d8,650673811.0374188
d520e90e7d0c44a6b8852e5b,625346943.3531442
38328747d2e1e0e568c05523,506522715.76881444
659e9ad0f593b644071cd850,663532156.5694916
3e6645f2cd377ba17ae2e46e,520361616.8590061
307eb683db84db535106c445,623735233.3420075
26c8961848e3a77d98049638,644820083.5180295
52373e15e9dc1ad371a0c090,558607101.0091225
e5b2a446c12222efc187e02e,755756612.5415068
156f706d1d30de19f7e369ea,656793704.1324662
aa94d2ad36bc0e91bf561be5,733306021.5915803
8ab41842b8e41b89d8670ecb,576276728.7891905
b19ab02a8e22f3e88a26031b,661186300.1443568
a6b1ca7a4e91c4c0f4366984,664908139.7163817
a277d5e8216fdc3d7c93eb2b,615656962.8859247
f939b7271c4d399a5e647f8f,663993306.6814146
941392f9a135909273422dec,749887377.4861492
e07d8e9e38e309958288a516,682732052.800986
258f10f742fcc835d53063cf,803873254.1888212
fb672b4cb1b66f2022f36a40,617372062.0780543
ce9dbb6d009cbdbe654edcfc,789649330.2482971
22e524f1fab17d5b8616d741,915818645.1543872
7f0d874df9235245f47b04c3,624995936.2036849
27a8a052b815998c771a1f55,915818645.1543872
b80593fba07e21f8bdbc352e,1039486834.5444978
d18d990404e7fd07424f5a77,762816207.3673544
033599f7e7ecd8d9c8cfba46,670673101.241426
51cf2fa527c3db62914169b7,604334007.2341425
2b2fa2ed0055a19859e78446,662170657.6159924
a8e1adbf076dd737c079129c,832783841.7584862
adf948af7b24f9b6f29610cd,418869914.51448196
23473bcde48f634641769e22,342450634.6809042
c90486bba327ede32dec60a6,466562235.4376291
d254d88ea0989a609b71fb72,483284123.0576705
2373c595d24a7b862b518ec5,676763140.5285215
ec401de1c0ab2dbc149da048,609590516.7222452
17c0a8fd3a2c8b5b18d61e4b,636395940.0544125
1a1016e7a96da2237b391be5,568942579.5450696
c5b40b510bf7f121c93a2332,758421168.6122835
aca37e216a27b4dd5337df99,787378013.7728146
96f59167d17d1c99f31be997,660921632.1883178
062b36cb4a87cec372f9f91d,577865815.5258999
0466a7e06b152c1860d44334,587203104.0938756
f44726680d0c594a2d430bbb,792725919.6536179
8aac8946e7ae5725971c5557,787115038.3772986
e1aa6c46135f4d1aa1b7a1f4,649659816.7448859
fdbe5801070756d1744211cc,656353675.2578093
6ec4c88b8d3a16148e2e7348,658386397.3356848
57c87ce038e4e523b4ec189b,590632896.3070749
9bd500fb24eebd53d8262b62,609949433.2124442
85a86e01443aba593f95dae4,659353278.6189047
13e2ec0a12c8a48a753b85ef,368883246.33837426
b93dc01af5f49e6dcfb7a547,520766198.185685
71a42155184509caba01a1dc,488996106.6659722
25fb1c0c4aace859265de172,652591322.6790382
6f63e4f866bda86d5c993c8d,647441514.3286878
72bc42a5c73e7b1f9d54c835,547534675.4358078
c06f36b42021a1512cb6e3bb,463687423.4758163
f1a7fa5dc1996591ff97a34e,500040194.8775159
6128a8deb1f0bfbbf0d67769,524758014.4866616
b5254c6c29b4f6984d328216,464715517.56868297
6cb19c3e491a60bb2c166669,551283458.8671018
dda4ee9f3811c29e2b261a5c,625346943.3531442
7a564ce9a4ed3d2b8fbb1103,652591322.6790382
63b982fab95cd17211a4a58d,545683556.6441921
5272c50f1d8fded01f7fb0e0,450631382.3448296
02b47e60ab77588aff6cb433,549763358.1741562
ddcc7f7a087aa5f4797a8a5d,525164314.31112665
77a887ca508d924ad5203194,681864588.2386192
b57ab7afef2b8aee016ce6a0,623934516.4907564
640a801d503d85835eb65a42,692096306.9963487
767ff947b16b2271f516c28d,583456710.8420029
1dbb46a250f504e9c8673bed,656812138.919554
fd6e9c9ed7679485dfd0b022,659960176.0936453
7dc4f9de14c2924b229ca0a3,597539351.2195618
3064379f468404110d594c87,642511045.5948669
6005ebd6442c62f8becdd2f5,643202689.869975
b62e960eebdf95c2eaaaf9f3,762916344.0763793
7b0258f1aaee97661c34de64,732011252.5119948
91e2f9f7d4ed776d38a3274f,648435423.3164852
d505277049a254f960e114ef,644594438.4612974
32040dd7b8edfbe331773288,653468697.999615
70e427235490d7d9c9239676,795503963.1309953
1a2aa38b8e18fd7ed5be77ff,740940690.7702423
4883f7ce7086ba9c8ddd4315,658968752.7748388
4116cde03803e63a3e87e847,654205399.960277
d6de5d741702387dc3f4481f,663224864.4862226
2346533f4712f3bbd036d85b,702190491.5014377
f6a12c0f02fcff1be042ed0e,634392978.6840981
eba3cb8156e0115bd7dfb525,926142909.9666915
ff27ae490bf03513b6bb386f,836431312.3525497
e87779bf2f8af86fc4ae9583,258009923.63142982
4a809b3987cff0290c1df8fc,364057758.95939493
8f4241a17d1211687bf232c4,544061154.4077866
bd8c1ff6f9919ec6f1dccda9,638799173.3928707
081e008e772c6a79b809a87b,603408527.4050169
0eff08cf4bc42dd442a70231,638394910.6416663
b4e084d14962cc58d4089955,620465378.0138907
d02c3b5ac6fa0ed6db06e490,632617838.0206777
e8abf103cbe9fecbdd758516,620465378.0138907
05308c4f3d0e0887e4a68a92,725368130.6254636
256a6ba3ff423a899229f154,460274789.0855109
097314d920292b46eab5dbc1,462709535.80604094
4ce0fcf14266d144c82f8d4b,412201795.0282754
548791b5faf236b1c03b7523,680568077.7757604
40ef1682158d0c3cd07f484b,733530491.3836936
7b473504c85e9cb576f951e2,717803673.9725982
730c7382d76a07904f559b28,550017668.9599122
e05598d3c49f409b937ff2a1,640876892.0655442
844dc89fe6588acccf0c7536,568209522.637488
ad1492590bf61d2cc83b493c,757872342.5699337
88fce3ad9b8a965dc11336cf,366680832.85799074
b76d853ea415967415ace0d7,580042787.587645
c12c81b3eb12bb329466e88a,893832996.6166497
4e27458d179a469435d02ff4,528874256.80936545
8d15b4bb1447eba7a680ef47,423147393.12194216
482c7150c7555cb35558398c,634045957.7142373
e5d6be06fd53d317c8e5c7c0,587815246.3843668
f798e7105aa8aa66750a2c85,634089193.2374486
eb24e0a0ebfbe16eba466280,698900957.6305411
618dede0dbd48df4fe610af1,647074163.9044445
6fd936b82bcfd3cd2451bdfa,525334469.4828848
adbb5c4ba7be2903799a51b2,651869660.6190532
3a99197868ce338c738a3b20,647862294.6152828
d4c45f35f214fc226ec85b36,638260674.3435487
c3140ab2134de662162af508,430995572.5217474
0fe23ccd8e42605f4d9f78a7,277558626.03178835
8816e8101ddc4e704053e23c,581363305.761573
64ecb100d7882ddec6bafbcb,625656260.0778867
9151a8c65e1f01ce591c595d,631685083.2214662
c8a40314be3014c2a218f5bd,653179256.4393826
29bd4cbe11f44759e07487fd,584401419.2143265
72ddab9ba5f24941e4dbed6b,630863598.4527953
1f18df9ee1b19359816ed13c,616480522.3696626
fb82175fad61a81e9b665fd3,729612437.5051608
dee2e190c4e2539124ac3ee1,608412144.1459013
0cc2f3a49dd703e7554ba638,655696781.8365023
ece0394e38b152e6c1571324,1095110132.1317744
e14328c988a27176e9fc63af,889413146.2495883
a91664b9f15f9d6f262e7b2e,707054192.3186203
d54270fd6b09b38a978cd7b9,753548300.4722052
40c74dec061500aaa78f78b7,613786322.7850773
cbf6faf7b47b43b2a77b3654,901237534.318714
52fa1eb3cc7cc2f77ff98764,552274745.5002228
bae512bdd3b04405c519bf4a,658456037.7059286
e7fbff0a25cde72a38e7c7bb,797792146.6251844
d3f297fadece964afe5f1cc4,635338934.0527995
2679ba671751ff16e76f1807,639492836.5702916
8059e45ca26bfefbb18d8e40,741582330.9049371
9e7ee8e17b1e76965e96ef95,672304529.7801083
9039bc918a76e486041842d0,593569980.8609674
1d7912750a5e345f7edcdcbf,442967457.4730034
4fe0482ad622080f55a0460f,599326538.7204628
953fd7541735fa8d9a342642,735713404.4950418
0b3021c156324d1e7974ce3b,972050270.3152168
b0a8e4b4ef6678e6b43865e2,605757937.4571422
bb47fda808b52f30364a4d6f,593175532.5893395
d846dbe691d0ee3ac5c3bec6,725378124.9805267
21932b5a5fa65d237ddb6293,593175532.5893395
07481a101afc1d5db45245df,934576354.799928
d99c00c516cf57b6fd9e877b,507197601.31244403
6dbb494acdc64c03742fa730,673034979.9893987
35f69c7a9870ac62735d7639,645409449.8733017
2721f5495ef5dde16fd29cf4,715145815.3635796
0c068dbfdafa3429c71189af,722199384.2713268
f3293c4064d71f9322ca97b2,757524654.6414838
5eb268b95d7b6006b064f9af,613361128.127816
e13a1c06ccbf814945dbc768,661874186.8652552
935a1e8c7e62ca9d3bff398e,709647603.4331887
f0c7ecd3b2261873d3664748,675394512.4394698
d2f20425e236285124eaebad,498321570.2871439
05926b977b5df59857194ec1,576310082.5106573
f548ef815603ec44f4629a60,823134085.5948987
6cd147720319f60ed2599361,637672871.7702622
6302477fe8172d08f3b4815f,510424996.715815
b0af9b1e84a1886489d46b91,572734246.4220828
5f3a2a31f6d1838e0a9531fd,722513867.1046698
96786aff35713dc21f6bfe5f,635374834.6942676
68de232e27aa83405b4a19b9,903095310.8359036
8d252e9b0912f09703110b81,540739349.7298667
f4e646df504728ee1e6ad0d8,594790297.6847227
e89cf4cc82c5283f3db6f5f6,700313619.9704057
1bc2c099466f9a989266be0d,424778191.3996748
bef2008b362c4af1fc3be566,549977144.3566707
7988f76ba063d25a4f467730,622434522.6942207
391a98a344e894c6397d62f3,586839695.256033
5ab0b8b0d6d93c4654b5cc14,713651215.9160058
305d6abea2f3e496e3b6fcf4,735555247.3538526
f512fde4fa3f1f7fe885de83,620970471.2415524
c7b6e7a287602275f7854ef0,722411301.6982509
3d11a16b008c26fe43deca03,888962328.0612439
ac7f21d22d013874c362d440,658529769.8050358
c933750eeb53302db0245782,640531209.5030254
766a8ff17723a5c34324576b,592298159.281058
802fe3175a2059f12d7edb99,724776190.0854774
508bfd077c80b6cdfc5a10e1,690125472.4124978
ddf8733adb641e15837bd728,717881346.1241221
17914fbe0c3634dae8ce9d71,635473406.536137
09e4397bf9794fe24d87d07c,568813384.9578934
302918a3460b98acb64fafdd,553134430.7968479
a7e57a8be8fc8d8a844cf9f0,541318136.2761385
7b50b071f4d795c9b5ad7531,566864820.3208097
91a7bcd95c0c960e4cc22d91,553004840.2435515
5d4a23137173c0e2288ec418,535042110.82823336
751ba0c00d4fae1078c02fb9,615020149.7429389
e6bc998ad1d87c5be3559ab1,564322884.2932746
53aa9cd32e2a6aa346d3d789,564322884.2932746
06f22f7a8e4e78f45ae81638,597554024.6872581
2105c17a4e2f97183e24aa4b,653040135.4524224
ec13a869c212c39b6ba21b57,650018361.736314
0b49dedfb53ec812962e31e7,657199106.5276436
69e6fbd4d3816c4cc37b265a,628002282.0088363
ad46f8bd482500f3bb935737,685611597.1119957
368f7a70a62962bf31ec9583,885521769.8732854
07412230b931192771072334,728082469.4625928
e63d334d9ae8b672dc7b7d5c,885521769.8732854
3e1c2c5b0831edf78f7b7082,728082469.4625928
226277c02e8532922a1c769d,656955620.7579339
7902ada9116a1cf7458933cc,903973914.7926466
b21f6e217d6733230a8eb7b7,721368928.667224
09ac622c303bce9ad5514442,726785614.8578233
ea63bca8e3a77fe88d88fafc,366976329.07783943
a3c7c54fa12d5b57dd997210,475267381.2271474
cdadb2607807935a0a5597e1,526951854.9408729
8d041784b65d33c76e5245a4,668115009.0247043
e6807209b634455bad257998,707462824.7010586
b1e3f1efb232cb0976506cc2,857987112.1083694
dea95d98e8bff87b905f9172,777201458.8111095
44b6382d9195ceb3f12d4939,863200644.1282315
41f33deb9990562def18c917,588061714.2808697
0a61250b2c208d42a3077bde,700514184.3121551
c714b30713eb7877ed3cd92a,311707842.54103714
bf120b883bfaf7641eda65a9,569057928.0967959
90b34ed38e0f18988f11d77c,622895735.3315485
feade1f4b3b06fdc12ec213f,616784854.8752327
00bff9be2d524083e3b3149d,726467561.9583168
f1e38e53ddb8a9d5b641d934,766341642.558745
49dbaf0bcca86f32f86e641e,727293546.3227173
18539b6cb6884f753e0ac18f,660491651.4485587
7586a79a0151387a1c0cd85a,692431599.7463933
d533a334c2ad9d510865fe54,767714659.9200939
95f7bbdcfb59b4cdb41b0394,602783960.2231811
4a2ae08359e1ecd39b43afbc,681169885.0216283
e8cf39cada5b7755f60306d1,682534363.3036214
0489a476b376f7f6efbc193b,467092566.95121586
7b31b5e53015f8116fedb0c6,654657608.4298654
4c0892a39011cc6a37fc1145,657459437.4717131
92d7d4fa9fd09075bec14a3c,658289615.7155577
5e5ea93675900efebecaa19a,515677062.730206
084de1226de9a6f4a6075c2d,536718279.4879065
54f16cb9563346e15b019102,374217545.0875702
512a6de80962ab797ed2bf72,707302558.7975935
871befe27fa79fc1e1813b19,1204383476.2244725
4e0b1df5e05ac505c701f519,551274986.1857635
37227e66adec69299f853e51,661894941.9383416
0a0e3ee960f60d04ffd6bc0a,667807102.7827619
82b15a5da307865c7045dd56,623666046.2957795
44d596fa36e3992208292ade,567201314.2143906
3569024b3ae4865240973e6d,641424654.7151254
31d3215c8345d48ce9734c65,624378137.359544
147e7f5381d3c951fc446376,648311401.934477
77deea164a3a622df41249f5,585524837.3060743
3cdee5304896e4cb9604ebe3,686873555.9289969
f5418917530b72c9fea14f66,641502054.5838408
ffcbce226963f10da8c53fd7,590117310.6035243
2fffe55a1584619bd7c489f6,593195898.1355944
3920eb3f72b96fcb58ef778a,447957175.59887004
d10bdbfbd411ae625dc80611,433687489.63365716
d61ac80c0d4737c3529f4a2e,504975407.3698204
f8948886cb4cb018eca25d19,541554472.3928897
da5bf7f1c7b2f4ad670e2382,566231088.5341672
f406c9c3c92e9b31310a50ec,718367649.1749824
171b560236ce760573a990fb,1153631698.1782486
4d852bd93332172bfb081aff,1153631698.1782486
2e1f7569d134a931098a2ede,707571983.1002959
6d8d2ba62c52445d78f687ed,622526389.8022236
65ae1a893abdc2eaa63d9271,1149348564.2354157
c9c51c39725d7df94822fb20,527376059.08049774
56ddb54e50deaf650a25e82c,574756596.9312052
aeb330dede55fb66654901fa,689398745.5986253
4f4e3350c429c6afc0bb0094,652107523.1898556
39377d0d271da03ad85c7bd1,640962401.5332375
bda2fcbba2b412981e708054,762033820.1195133
eb89d0b7914010148e6bb597,611565169.8032664
513d0ddf1ce44ca671675fe1,722976225.6981575
14cd5f188cf6d2433240b5cd,551459928.2909838
dbbe0b6f5eb07a5f9ec873a2,493187303.0363281
f9acdd3fa50068bc0180d008,622229680.2546313
4a85c36fb854e922936b57fa,430908609.17121994
937876bdc44c3b8fe063a9aa,542956169.8555055
001399d3861c5792ccb8b515,938392907.3674675
f28514aa4d6ffa36104411c7,540849700.1128746
3b185e3e31f7f5e6a1b3193c,766443143.3517631
f4c7cc4a249ae7037aa0b35e,639393114.5970402
b74a02ef5cc838952bb9afd4,725236546.7749476
75f5aff9fa70208ddd843779,636386976.0308555
b7273cac93fb7a0034039600,760138013.4347554
b73bcc0cbfa173c9fa404369,671603914.0672389
3c4c18326318a7207b589dbd,410372396.64917815
29a230f7dde5753e65b661dd,639402016.843107
c083a5c64c4d6952accd7bdc,629885481.1251873
1cf29f882ee8b458b8f27091,624476191.3281412
94c15574aacdc5c3cf5a406b,706768440.9784396
661f7eaf134a5b142843368c,740730117.4267367
14a5bf235097782f468fbf23,568937041.936555
d2d46c70dc048c92c8e4f09e,681383347.1416062
f6faf74c3f4e02a6b333b7af,635678056.5259155
6dfa362ff7a0d55693793db3,625485215.6811882
b070e3747bcf22ed67509efc,581746894.7248309
7333f19416625d6f4244fe02,646572805.96659
3c86651d9bbfbb335f15b544,608391318.1564583
9d8affa93ce4dc7c1a21b3a3,681616321.6471585
eb8cc67810d95d1b102410b7,718509958.8043879
047f94605add5f6f84fc3f90,626378259.1826432
56ba332c82c36f07ba6bd271,799498203.1369888
5814a1dd61362ded4f1d8d8d,1363528949.4543338
141ac7bbe9637f9e5142135c,1032873755.7581872
08db0ce5cd15db2404ff3d28,515184055.84287566
c38677ed0876b7996f596336,498127652.4697805
daa4d7da8d7df8efc1adc9d1,607092711.3233138
f15c6403c6d4e3676a607780,672065139.5413556
4d0cf77f8cfcada2265ac585,621823384.6928308
4caab3951bd6cb6dc71ac8a0,579740227.5220288
7cb64b94877a9361f20027cd,597935769.4463005
3f438d6202cfd4527bd8f983,520916412.04520375
b7763beef728bc2021ebb841,583280186.9633281
4cea8ea969dcc433fcb59d96,698702594.3902794
24fadbd1dec637edb728baa3,833640829.6552048
63cf422266e7c39a6c895b3e,748785651.4908831
dbaa5d47ff63125584bf7ac0,745267280.3823032
da12ac932dd8a2fabade4bdd,591375402.2264656
f35538e95b4a567f9b834034,626511074.6165706
6ee1e976768b68cbc8008950,488833855.85265994
a910019b3d18da92b4c6862f,697935600.3222667
a09413ca0b723170c26652a3,540215727.6897681
2b451da55be3683c33e4de31,739039128.0391244
561840990333852ace562b82,640393634.2396566
b6695af1ce28eb50d7a2c25d,868924715.6890049
9327563b40f2a0f888c68f28,988303002.3468359
3438e5d77044f21743e56edc,598764556.347448
63cde4fad1be942dc5ee695d,348758828.5684563
8e712705b7de6e791c8735de,580848450.747723
85de01c0aa787152c77c6180,447088735.7517788
c9b0673becdedeede0209697,482522446.45445144
15ee6357e02b76367682d6bd,653641125.5400815
5f284a75ec8e9c72abc76695,863154822.1499563
37e696957da15625da71146e,656561224.6028749
96a478c359fea0014fde607d,667877949.0877923
1a61721fb7306d55dd77b6ba,667877949.0877923
a7577260fa10bf408f1997d8,653945816.3520955
b3f8ffa761119a5441a44ad4,840391573.0243702
a5c85b445f503a56e0e2a924,1198864829.457637
5aac1a1d5da10b76ba4b690c,875726032.6606088
1420543e2eb5f38e4d38ba81,1148553991.2077646
a530e3ff6d7bc1abe333245d,523745597.07769763
aa9988248c7dedb016d8b6ae,660418879.7391491
fe8ab5495cae81b5478026a4,727590017.3089089
b463c62e3c21e339e7acb52f,609715492.9236386
00a5133e7373eae3f0be8f2e,472471577.1245364
38b424cb0e54f0f7f2745781,583242289.3153193
c43530f324a3ac90f53a8849,636330256.9967127
abf93b2418fcdac14293c9a7,497020029.1287466
9b1be976725ddd512cd222a8,725851922.8720154
9b7f17ddae12105d47fad7eb,619461782.0391486
3caab5e89722761d5ab2498a,533599329.8476738
a2f40c8227b466249d6cb659,859280804.9981604
e6a5007ffb7c1321d4fc21a8,607728712.8598759
0d50b435188b7830a6949026,494779327.08319014
d4bee60a74c2e2235f507ec0,628026325.7458459
b474103c4b637ca25b5d89e8,610541464.0935849
ce6ddb82d2ece3b8d58fcc63,685209199.962853
28403f16831effcb75471738,479163920.10586697
03f518e2e5861002772345fd,457869481.6399421
011a6d0f12ba108ef15076b4,341244565.4096927
93ac0b004ca60ea56cc2bb9f,441229942.2061062
1b70fbd3e46da8c47c3eed61,563162024.9826732
cb40d6ea6a1eab77a60c1ba3,610020129.485696
87c73db5d50e8ec3a22e6ccc,690161101.6367263
9aea45bade274e4ed91ec301,628191038.8212091
43c22bfa9a14df7b0126c12e,528011402.38653594
6d848e54ee68e6d8f23b3b1a,564999114.5347598
e5cd7a2aed48057b0dc8d970,695188176.4355414
bc4b94c892fea57ebae3eeb6,609898969.6402743
e7bb12e99318573a6e6ce1cf,646578775.6586578
4b52ebb0f0a8878def4170c9,642058750.6544207
3e85b447edd3b23b5a0d3b79,678986233.3857166
15005fe7eb24aa25b9e3cee7,600087467.9747258
22e00f8057294350ddf4d42a,1030061636.5053198
ddf2583bd65f02abf7ce3280,804038000.4864758
704e5657734af93d19a0e5fa,706070370.6768194
cc1a11362066152d21d4cc60,748838217.056855
12062de068acd322b610fcf1,624414930.7423193
e9804af0513b2f68daf182b3,615278992.4397486
f13d8f4b2e3114d71e5ed941,584605632.3611817
11bccaef3431fc17953eb81c,764365857.0073962
ef2b9c11f884cc5f31c26f60,864343364.5828272
25986c851e13c92ede6c6d6b,817161716.1501678
37e28ed39a51956880d211af,916816454.7627463
9530217ea0b5d2395adfcc9d,979779568.6182573
d8607e3261ef1546eb0c30f0,669256053.5698999
22a025ad47ba22ea9fd1a094,925574658.3239472
1c88ddc21f3e8e4ca633621d,329197022.70632493
e45ba581daff88707ad842a9,472648454.59489554
d7e97cc158c6c54b02fe635c,579230981.8250262
04bb7cdebb8b66e783058248,504129389.2914533
d60cf6dcb7b4b40077536604,701127800.930771
85ceb648cee9f6f3d221254c,633531229.8920537
f58528d3ddce3bc6c71bfce9,656421993.3574175
c269765ece36cd93058efab9,532179189.8174041
919bdfeb16dd0bf67787d53e,524369534.0177112
ed8eacb8746dbcc3c2ef3aa9,632257495.4347322
15ec532ec6fb73074b9b12c9,506527978.16982204
58a724e8a0e05140b07539b6,633432892.4329967
2b7a5be93795a65d29970b02,746754012.9940699
6dde9af12b6597425160a47a,1119329704.3623414
f0ec99c13c61e89310ca9b8a,541413874.798275
65c83da72c07b8e74bf581f5,585575853.9577024
3ecdb7a7d178b48361340ea9,685489345.9640092
af22669e3ed10470623fd8eb,568596128.6689799
748c981380925e1247b9e64e,713592697.6105496
78ab6cb1f62a7e781d4c4d0a,485400631.1301775
e80ba06329760362c7685ca5,511726129.7950867
3cecc0cc43ef46670a8e69bd,467047002.9037105
527e4b1b06637b5362c8f17d,563740191.3500779
cf9eb2cd0f20b13cc8816bbc,487514308.6561585
4b3a6baf8196a59bac8c08c0,445310175.3654118
9bb9864a6bcff25b17477717,494400817.9560946
4f7d630c921cff500705ee5a,619470756.4331496
7b7c0544ece4aa383fd5b4ce,670991693.7605858
191094739043620c72aad2a0,635408642.768086
a20435d582c7646db231e7d2,691386240.4763056
1555743ec7e2f38904852860,618732222.3266703
1c7452cfc46652a60b7a4f05,678581524.2862043
97439d5a82f970e7f50d51b9,726766497.5081567
7667cd57d0bec809417c9b11,614971959.1614293
103f6eaf04b44c4013acf097,908743059.3368673
e6ef433629e193042bd30f4d,922683549.4632727
2ee7f959d069c9ca223115cc,811295627.3516217
b46625b69fba1afc154471e0,677209194.5474935
5cc0700421954934cd8dc445,675354582.6547424
066f1b68f7c053a196662fe0,533082148.3125613
645e1c7b799a489887086a1d,675394512.4394698
f426c41d6d8bc99f359f480c,536115895.8001288
d1be4eae680cb16d0c842606,823134085.5948987
57a5f4f83a474ae156f207ee,613361128.127816
53eab0ecc3ff098d55666699,894542412.2038337
54022fa49ecd9cf290aefc89,763357105.1658767
545db4962e6294cc5ed07727,725851922.8720154
8e17bc9f09099ba3138c232a,642268580.290998
3b4b303bbeece313f92cb85e,637566072.4401666
d0119d7bb15452c473ed28ba,620368304.2813002
1a36f98c62f5126c8064314c,590179412.8262234
96a77e8e42d676b0da3fa572,618703754.9458253
d7d6f668e3e40d957163276f,568262353.0980041
5b908b8abd8dd0862440c172,558454202.1756221
81716dd4aedf72a6a14392e4,558372929.7274871
47d252717c4bcae3e1ff19e4,880015263.9290564
4f0b2f7e4d787a108a4d2537,659860728.4196706
90a43053efa1d292af692a87,670879306.4125358
c3df4b9fdaa4dcb13723b5f1,645706247.5356802
4b905620f76873355d317dc1,617557441.3300612
ea16314310144a10c81da9c7,594049081.5067003
0e5db1a36a521a5d2912b238,557437024.729032
c53c58dd7b26902f67c3becd,607046351.3819895
6c17875f20f58b1fb211c18f,696847235.3489255
200020552855ed39d1af999a,566444320.5333374
b44b862cbd855d46954eca5c,650193592.0823283
ce47299ee877638c4729f60a,644429141.697541
3a28bf9841e6a9d3f1bc293a,694961888.7278712
3a488b9e24d9b8fc7c222e20,618903104.915289
5469c33200ffa87952b356d0,546348500.7881199
b57174dd86ed451448dc501b,680397085.0144995
ebe09efa32acf6d680341840,700083456.6533209
33f7d5aa494288cc90d60456,810158419.2452952
de9a32ec454c2696cf75eb0d,671669537.3186965
df4400c44a166c851ff46eab,628911912.300857
5dcc8f6a6854a864dcd27a87,583873821.7553465
bc08ce9f24533cd644ef08b8,519408050.5083124
2935cc0e053bf558a8b73054,583873821.7553465
f08001f2590d7b734467c58b,537613888.442037
5a9892659590355b91442979,678061708.3021582
ea34dfefac91681864c2bfe1,632962787.2433162
ee3b5d47d05a80c07751f7a1,738630996.9147536
448ad01af4c5cfba3feeab26,738630996.9147536
bcf43ae0b4b15ae168abca97,587645266.5636111
8ccd326e4f515bf7e817a14a,675525768.1532164
94535dcf38c9c6461a73db02,518120776.4734698
9b3557302e940d4da341cdab,518900522.5842056
edf8c961862a4ff8e1e44f1a,832131618.8884404
6e508fb72f189a4fa91bde58,652849256.8423507
7d0a4771afb00cf9a38ccb81,1114984916.835396
8c32b6b31d1a1d5736c4df61,808327070.5840194
da782fc0c8a79e3e250f0f67,605320266.5025725
c86e643b7f7b57b4482020ef,684597313.2790425
4632f1e8fc93e268ddeba07b,650380121.8441384
2cd372392fda500e6526695b,510607453.64028454
a05ef49ad8b2d6c466ac7412,788414649.838625
9f50ed2b7e40847ffd877f4b,627441054.3854978
c00083aa30ba7d953361674f,573885411.2038833
50857161c59b991304f5c55c,606247900.8391603
3676f63aa0ab23ca7cd344b7,410400095.9095253
3710ec95af4702c45f165279,598272505.367151
16db516a238934a730ced1e8,602054088.0991215
d450dd622183c7cc43a20d70,616916926.2438744
ba84fbef80c8a82895ec599d,977960696.9483138
ee85a12b8f764bc15164dc7a,584599880.8453103
0038a3b703f4ec779bbcfe6b,813004920.8008418
aa643acab634ee591a2a43ce,580621362.5766847
d6438814f4ff3853bf6cdb13,723397212.3759912
a37522af63bbed2f4d10900e,1146815776.9894228
0b715ccd3b3e01444b855857,461719908.47713494
fbdb9caee4455e99259cf921,603169925.2860613
b3c02569b8fb721934f51c52,502500295.94619924
c07e2ef0bed4be12e41c783e,561607543.3726816
1b4e4016cb766bfadea42f73,551690363.0805589
ecf4e968c925cf8322f8a0bd,555918931.4217664
6cc0e6bfd30ed93fca2bb217,567195250.6269848
3e7f514983daa92e49a7c87a,357266580.11734337
97a22807207cdfb341d5c50c,338491534.74616957
3f9e95762d2f2056e9716039,497212970.6935756
255c5b92d71a00c3a73b9aa8,478661906.48321253
58d24ab99d74ae4c449c90ba,626281358.5708536
51d1df6e1f28c40dc9074b74,1182629400.2311754
16261339c3a99635717fcda8,699032079.4213917
1475cdbbac4aa486266e439f,678803872.2466104
2a9974fe07b1e4427e386e06,559715494.2120662
cf76689ebaa20c70d9db4d51,725169498.5028344
f9379319f992cbadc43b9189,631696314.6779484
62313cfe4272d263173e1ea9,619484428.4770309
b2c62bb0cf8d210dc4635653,757059301.2929543
5d2fd288d33283826210cb90,979779568.6182573
3454ab4ad567d2d22d990fec,588979873.1785736
58be66aeab226c35330d57d5,626443417.0079671
315ea6fbd6b3261cae7fb900,601965630.9819399
6930d8e260fafaa5c317dc82,449903493.58511484
0fa99fd0e8cebb71a3bb0871,347608554.19865316
fba946e4ceea37176170835b,438460810.85449326
b53d4d8d0bd4a0ae84fbc22e,447858388.86800724
8bb1a2ecc997779d1addf12c,470289725.27518433
6dd97377cbc262b07ea2eb99,507914360.82804817
5c50853824c890a5a7f0cd70,536153500.5464499
4c3865a97f5877090e7a9649,605922718.6802375
a3cb2a035f98276076f2d848,518254112.70523864
40d04ff9c405cccfc82ed5a5,559825443.3624666
22caf82aae904c79057fcb3b,542866329.4023932
eaf87358d89af17c3e004c21,630690947.3125207
9ab5ef2c5650c4bd05248990,548358238.2722521
d96e3063ce77ab1235e2ba26,591680385.8669022
665d62a8019b27bf5ce6e6b4,636111592.8593688
56234f11aae98489ae00a8d3,540341922.4159781
76a5158e1a5c1f9fae8ee882,475512144.4207697
d974970034de145d469d09c5,558891559.1030278
7b5db1e4f4f47b4bf7c827ee,636873975.7693108
73ff6ce99ba5dd8cfab0faed,465080563.64077395
e1cecc8f17883ba6e2723826,471684281.6147023
857870b1412b84f0f19ed751,560024148.1004537
d89dff35fa1944191aa9ed98,613305563.6157532
86b89233e0176e034ae3cb7b,647455167.0667206
dd3d529f3745159d9e7746b2,627963545.3517041
af10ec1529a63d0bc10b056d,681456875.3805566
a2645174e4e15c49331f576a,754649561.0003124
311dcf366691c44243b7b89c,692698087.9116976
4cbc74a93e33f7b4812e1a7c,662316010.4266114
6e0140e1d667cecd155c6e23,714079641.176784
dba6308e2358f30b7ec33f59,766493101.4434375
761ba98d35074faee3594dbc,761446059.3066356
b961220d34be930fada80887,681102721.5797082
c9c3973bb37b5c688a7c0157,695482579.0486063
79a0bffec81b17d606a606f5,754649561.0003124
135f6f92c4ec95847e8840eb,491041062.4923556
05858b1e4445f56f22e1f4bb,616223864.3960727
623b7d96c0fa09e50148aa7b,581074704.3968261
e61e5d3288f02b904d3b1e38,722270328.495818
0d173e7afc8f8babbef6ae97,731676149.7897322
7635a792e5002ab99ceef583,753589726.9545584
4da93e7126354a474d435a4a,708665680.1074561
a4c71322f79dbbbedab3191a,842406906.6491958
57ef53ecf8b709ddc05aceec,568871091.5232414
65c3e09ee6f1ef0500ca4316,788821190.5414218
74d0b6e87c2045f95fd493c4,791603779.2012733
4a3d0390e005fa5b4c9403f4,778767429.0271256
a3aac701ae444b6d91b7bb0f,687131127.4628167
4afa3a1b63c076123e7a5279,805153103.9314212
c97adfa6f5ad3e3db6b80edd,740545108.4457113
58cdc29143b85386c76bedbd,757034426.1670524
1f81176d8a0c61a7177c6c2b,762566555.6773673
1c2e69465c75fb3af2d57351,736096485.0145222
7a10ffd970cc822108ce7cf0,786785627.7153821
3bfccc757ef82ff2774f2db9,983361366.3199438
3c753ecb3a4f8ce43077a6c1,938113282.5852145
100e9e2623cb0fc52fb08813,951777735.377897
90a269d52e47c1705f9b6cf0,989583990.4530352
34f4df9fce2ec05633d0cbd1,638175527.7794641
1e4fd826fc8693b17f6efc3b,760938266.034221
efd9d848677015f13688453b,454628552.031363
07cd866c871333283ecb2d23,636606727.5831589
76a307d6b36b8a51115e91b2,686017003.2381623
080969c751cb94822aeeb755,375415535.2195327
1e37fb708b70b6b5e8fb5cd2,488050317.3640544
4e47d2c8ccf9929ad9c84544,523663197.0631868
3c877a0fbe08cda958ff8f46,729453763.7564335
ae59a0d6441697841d86cfcb,493003087.32144254
2fdb80ee4f9a35663e92b3b2,548870845.7481915
3a513410a390c75fc14b0b3b,364013784.8526924
0616401503f2ebc05af7ce4f,632483510.7980436
98b973c8597d5805f87dd074,609006854.4222404
7063abb555d919d5300af3aa,674977258.5391264
88c4b21ecffe12cb6c408a6c,646474232.4742264
75a4421cced1111492d00298,479806948.7350403
0482cd89d767b3b7de976c3a,528015012.88224584
bda9e5d8048acbbe5a9d49ea,448332175.08354497
2152ed6b2b2eaf16ec272cb6,420952043.64961976
9bf2e0c1bc82010e92da2540,636848490.4376963
110af3c21ecdf156898c7c0d,649693233.8314425
2790ead3eba9370f00024472,577989224.1600502
9b06c7cebd33cd26cd6cc089,1141616902.0289485
fbb89795386c14f5088fccdc,735157594.2866377
e8a3d9d6134ae8d631791e52,940793981.0044873
5c535b7d92e34c0fe4b66891,759794432.5236064
d88544e4e85add30aa795ce6,619659543.2608907
01b78983d268b52137e5ac1b,682391553.4803813
25414034e50ca33fcdcda4cf,670855594.0021081
2212e0125cb7f75390020951,582386556.5637584
a4d5ea1b907e98be72b5c49b,692441546.4640868
2df90c0a3e2b9138fe276a75,657688735.6693299
c520b7e8de3796450ce49a30,563033624.856968
35114fa32397272437e67a54,561315640.3775978
bb5726ac16b4ade709151159,532738355.9134968
b4dc6733589bb35444b74c55,411823769.1819289
3b0b0bb06d95c5ea1aed2d95,563544267.0728585
fb7bd85c05cd74d945d22de0,660792462.9846798
6396667677a878ff61e1b536,484868864.1168428
47b5804ba1a998c3e7544092,705886299.2352077
ad4d91ed26c1fd5702b94064,725121940.124564
2b802261b8bd839aa0b04b16,714752661.7382795
0bf9fe130da23aea7142bb7a,621518504.6439149
90511f2411d4a37a7224b995,658599525.8065261
1355fdce5b97bb36da15734e,752729209.3798958
775a6affce535c5a19ea5f30,592732654.7219311
e36d70d72c2758d7fef242df,538438044.4543906
2fde05df6a3aa9f57385e6a7,540966735.377265
5e0100ae728e347eedce5b14,823134085.5948987
a636ffa140f80412f003734d,810286887.5259691
74746d24b9bd86e23338bcd9,613361128.127816
99c539fecb3bc233288ff905,696887558.0031571
44760087930212643641eeb4,975174871.7036692
2c5d940b5ef2276f1fac1ca5,675394512.4394698
b26f22f1fd5a991ecd1e07f8,570972237.1061292
1ffafa78622c45ea4127ce82,710620118.89853
32a555016892e7a74d231545,618703754.9458253
8d06037db08d0754bb67da4f,533082148.3125613
80255211d99c72e343b32798,1012490770.033056
070062cd1c769f3be9255af1,975174871.7036692
0451f65828e628c2220df77f,637566072.4401666
d96f6225db81dbf3d1a0e9bd,455695984.0613949
b1527eec2e6709dc51e03f9e,602442664.2161496
5464fe43eded098294d634ba,658599525.8065261
ea37ad89fbe4159940586718,473598466.2665128
4057a676e7012fd37af9c3b1,414002309.43274075
51273a81121232e7f30cfd1e,402460214.00879693
3cfd9ba5c6993718c0c532ff,466637622.8831948
8567e677b30c410df80004c9,589523624.4373136
7a34bcd9f86f5036b526c3f4,510963674.2891935
3dda25226646e1e91f4c948d,510963674.2891935
a2529027db6b525e365e7be0,514199668.0922838
c6115d5e908e04e67915a581,559378908.092332
8d0ae601094562744c8dba4f,629017036.9068563
55209683056fe2f9faef7fc8,476015666.75845325
e840095310907e82a159d683,510963674.2891935
278fcdbf16e3064ba42c6785,650559575.0993451
74af10afa02e7724eeeef108,626897682.6578093
b763f71e8a5bdeecf0f3f0e5,578298820.391966
5472d536d1b6b731537bb67e,758173923.7559725
995ba6d1fd63d5160fb18e71,867648064.0672134
f424ca724e7df1c37ed78aa9,577003859.783826
c2aa451b62293042b7244fff,720270534.1410149
d4ca9506161d3f4bb3ca57fa,527799948.5980136
799862427c1f335eadedf4e8,377248499.49446553
1f3b3bd08063993c23586c93,528552069.0653
817422f4c278ff27a22b05d7,514241458.18484867
db9798a3f9ac287754f3ae01,576168252.7143964
7ead45d1f505649429904307,526832770.28988814
ac7ab254166442188c6c5c25,794736129.596562
67250a8950aebdbc67f7fbfa,753054311.2881931
641f4319c315cbb74872b8ac,422954796.1905716
710b0541a025b1b6a5a80c41,335019832.1653345
a10f459124248ef30f290cad,547343450.1429129
1aac53220223d0d823e70d0f,608469181.1970353
9d0ae0c4dc11d8c6d94e545e,645632797.5132197
be685d2954b8c7337ec94942,626146127.1892458
e43151473292e4e98f121f63,486181921.8956554
e04fab3d74d14be3b8dd2c8c,469863233.5274892
c77509a6eb6665bb8eb07d95,610167856.2196766
9753470e033b35407a2eca2d,671926105.2859149
825f57ad0527d4abf41cffc9,647082008.0958517
0d8074979d302868c2534262,818679340.8492603
15a3e60c7a5d55243057d7df,596110050.6780365
6de06f867a28393a9e95c7d4,434672031.9381482
4d418d0079828e244dbaff5a,594586643.0859762
2de93fc191360ae22b0402dd,656893808.5131102
86792949f2e6a347208cbffd,467969387.94126177
6d8a0768adedcc1070d28390,722949862.4124291
459963742bbaadbd9db97723,646214732.1963549
235b10cad7233d579a966948,560869908.5890813
4443407341bec8b7b0af40b4,738505470.7959523
d7047492f4c53a0cdbde60e5,830503627.3273467
5541cbe23acd6ffd4aa0d939,685611597.1119957
1d0853f825cc0aec6f5544cb,717046863.3277186
f016623361c6ccc5163e79d5,690175727.916322
d280fed64d1c23ac9d79ce20,607416582.967449
7e86f11cd63ff6c8a3c12fe2,654291442.5107895
9d7f161ee660b1bcb54574b1,1065583339.9148974
a0722c5527c6d3cd5cac9477,982587609.7664115
278a2cd98528eb1341a6b685,652140715.3704498
b755f88ff3907bbe2a417e07,629401520.9544541
2bb55b0a92d62454867bb158,756223049.5358391
960c9349b6ef9b747ebe5829,914130966.4404569
2c8352c418097f82a50d9bbf,895437227.861026
47d7ba800f164f397fcafa9d,460927838.10573864
610061a0e67aea7d222f08cf,1037837317.2906514
a33de2559b5f56d1b3cfce08,560923160.4012357
f020fef57e9069e4dea2d71f,979175537.3626779
883f095dd3f7e972d7dd3c2b,568117766.4158418
b0b784bfe2d3c1b3b1320613,646448902.4617361
1ea66dd4a72d93f5967be730,635576588.4478067
90b04117887941ac898a67a8,453150108.2331592
022357a3d48ea87d58ffb46e,476110227.14484197
292224fa68b0303a90063801,556689960.1263764
6cf924390dd3ed4454403887,533562430.66802394
555a293dbc104e00f182fe34,530239520.93169135
e13ef02a57d35f71a4fe6121,559756002.3667041
c82929467d22589ec62c0475,540180688.0484987
18a74c9a49ad381aee5e02de,685904376.3780136
da40d46cb91d9e59fe12e6ba,595641688.0312886
6320f26d77fcd56675db6b97,528604226.26826113
3307731f3bc518012912f1b3,525661388.42307734
ba94572d1e050bb92522f112,511097356.84086496
6e0d6bcb01e99fc4959d3f7f,560762726.9948235
dc3cbbb2fa00043d02958219,701650336.0211939
495aa774f4db66db6df30e93,515407583.9600976
6ba298925ffad32daae55385,550449150.0284135
8df5099d856c7f9de43990ab,553172154.8661426
93c5c5d9d1e99824178be9ff,523716870.6294365
ffbce3ccf241890ec95104e4,523048606.3090128
2c03c38782e365e68b32d6bf,637808974.2683982
7734421098413f27fae86fef,499478241.07887894
2b50969f1faab80655bb9104,540318020.5541805
025a98586386211b1519f9be,569126026.6733472
6013b8c04f7b9fbc74ef1ec4,584256782.3740301
11075db1cf9899c8640e1b90,552206344.5280325
61ba09084039a467410aeadb,568381007.0700417
eb2880c2433c4b2500fd40ef,461434633.1000899
f7f8607535159c82dbfc6c14,617356210.156662
35c7a7c0ace36f4b95423c4c,528120744.95275575
c71123c31d02408cdaa74daa,506527978.16982204
dd8aa138623604829d56ac2c,560762726.9948235
cb94eee5ecfc75d0fd5ba6e5,538595120.8518016
ae6bfb4eb4770f2266e3b961,617632507.7712126
573ea1962372999346590c0f,718025440.2839575
9f7204b4bb3ffb8591e3164d,734700310.513057
a4410bebf9843297fe32d63c,580455000.6927696
2afd9dd680803e3c12d5242b,608308895.3777679
a7618c242fd918ed894304b5,589597772.5366064
5ebc5cc2c1488f681cd119f2,714391930.7729752
cd53a991573ecb5c53f47986,730525050.4283408
75ecbc0c0e8e76bb8d734f60,719247132.1600218
47c2934aaa5934c68dcb9e51,544851459.5193756
386ad1ba1cada9649f3415c0,693603106.4788927
9ca0839c9c294674e86eb691,766833401.0518644
bdbaafd11259af6300321a89,636538189.5917732
2e41ceccc918145dbe7de0be,602058752.2980822
11df35a3fbcef34e47747e38,642331377.6877306
b0bcb64f2f2ba69cc712e0ae,657794889.3374547
bce0a4447db2d54d36661011,646585079.7102644
ef7ba10407cd74590ea3fff3,635783738.549954
a743dc3903eaf3576046ef3d,567727276.9179225
b3d072ebd7908688d908d350,808198913.4144546
a48abdedbe3d132276dbe403,691048892.8995478
c6b7e739125907c86a8997d3,660956658.4733831
813d9415d9abca46ad4d92f0,708266465.0164667
c631f8920a2fd1160f6b15cc,510521477.3843426
16194707d4e85fe332411bd4,611959795.9997251
31e241881acaceb02ef915d2,736838307.2173302
a3f1214ea44063ad10956fca,643144359.3271235
ab086fddcb949e3dc0ed9b5d,719978821.9934943
ec4df02b32d90c019125d108,677299348.4896951
09eb808ca3859318d6328db8,648205734.9568665
f520fd12dd3ed32ba78d357b,738605710.8589107
0a2f7379cd1bed7d2d2d5a01,711757364.2783998
30652905d3eacda34ff61a9e,640174425.183852
0509650d34981639b9c64a22,702549010.912938
77cd6b199ee485314bc74626,693957343.6784834
10c836c2e566dfe9edcf3d8e,852463513.8886293
e109ccb29c02c9b35b789c90,1065143385.5353696
2d60a221b478264cab9816f7,741021400.1161318
d34c48ffe935cec3358b2247,932742301.4268726
9cbed1ed72b444c22d8c1614,809994983.5780352
735c3aff4c151dbc32f9a76b,780212684.39224
a4b6ceedaf89cff74a292ab5,685796242.3088727
052957f95b6e7b41bc625009,769477602.272674
33a61cda27fadacce0d1aa7b,939248628.608699
6c3bc8c58ce67b8bb9f5894f,736527664.1984689
1988513503246248b80c7f17,869530189.9493517
57c29184563b31f5f752c5c1,880581385.5502734
bc6a7d4ceee8bbff9ac5eda8,751300495.5761787
f1b7ae24195b4414e6d6a001,1006186904.1187178
e7b3ec90b47c9e6009ca8a75,970899551.5392058
39b62c6fca161b80bc6726c4,968682265.0443773
55163359d7cd910861059389,867938127.191483
df35908d6ae2847dfc73cf9f,1066008437.9701785
ac822dd448e04e9f8dd1721d,991868960.0060791
7e86148f53beefced6e0f3e4,624593798.7044852
6eff15cd6372aeaab2e665d8,543905353.5936669
0a1af9bb571b90233856289a,623397919.1692201
b3cc5930a3cb26e35a45e09a,712948016.8136138
0c12f73305bc7d72bdbd9789,681774329.4926865
ac048209de77cae737d60545,413223377.9566109
9239fafbffc066dff0811302,358229130.0915293
8e0ba427ea909cb7943929b0,501220314.8262478
b3c99f30b16fa80cdb4f213c,520067833.5496778
d1dc16c82942902c668a5c9b,706352806.4694277
5cfc9e48ab90da0f4e98a7ae,638037789.7609972
9abad9f79352ed42d1a9f099,568166954.6858826
dedeafb60b4a39950e7a984d,568166954.6858826
74cca5cd08c4bbf5d0404d74,667040486.1707866
b6aa1cb0187c4a1715517fca,568166954.6858826
e22bad460ec1bc991f14bfbc,608747410.4100214
594d46a91315527995cbd807,570932863.9540936
2c0b4c8269cbe25a4e85e049,545868544.4890238
1014d3a98e886e1a7358e29f,580417085.8572434
73d6bb3d6ae08921a6117f5d,621517656.233642
de3b619a7c80549db6ab16af,482038104.0944971
da34d6cd832009e428d2b467,533049160.9814559
104722434c2deed04a901aa0,652262197.2063841
cee66eef685e4764b9553a02,465080563.64077395
58b40969f1b73182cb6d30db,465080563.64077395
964e9c3f87176e761484543e,687308492.5295993
19487167081a9b0dd09d7975,760578889.0218909
7d8e345c9b16d0fd69f848ea,808127064.4148304
7d4ba999100c8e694fd820cf,871237283.6010085
c6b157e7a6ca08d04ec4de4f,587841816.9875985
84ec2d5245cfa146dab05065,696752328.8481431
c844a386941b86a3d4c0312a,423121353.20318824
0648aae13097ac649fe714b9,736792086.114956
34f220a8ee1f24bcc5790364,400956044.4234434
d12eda0ba04f846d73cd7acf,1054775787.7372259
c12904320223ddd043f39c63,410400095.9095253
8bce0097d22b34a804b502bb,479746170.444261
ec1171cac1eee089be6f427d,550321175.1097957
5d85d77a06d0f0324d15d162,649693233.8314425
0349908483ce628a0a5fc164,719122072.1559025
d74da3bb780515b1273d741c,735157594.2866377
64cb8fc8412c9247a5c243ce,940793981.0044873
3a53919313bd750f2b1af906,736570703.9651108
91d265ffaa6b407e9747b15b,641575221.1479332
1db1d1b76e09197dd915a8f1,1601632526.783202
6645a3080e5d10779672d139,695823736.6405191
3ff6e77706eae698f86eec29,598491932.6692251
4670d21fa84e40184f03d5de,442780689.1748577
ee8bad3fdc93f7fb79c9cbd8,851199606.0061123
b624f0438025478c9f66fec2,768494890.0055928
37dba4927e327d3a4a0c1d36,509457297.7221793
8d16b1bdea35630a3b09b192,524945734.3380738
d54a4c353cebf18d452be515,611119577.6283432
c402811ade75f5e3dee73ac3,727435461.1077833
dd926903e87d691a0f15dba3,775979132.5393832
cb01687abe09df6838e1b224,613424323.9284877
6ad3e1a47d1055b55d14e091,588490112.1386018
b8d50a94e8166e471fd8282b,731120790.1930909
a77d82703468f2f9e8f2ea0e,720426193.4111933
5d2be469f69f31090769efe3,599757487.9781727
c4e8559ee733a551649a5dcf,768392302.2571325
5996fc90f923d6e8527097ae,822002298.8364954
32d5772adbcc785ecbc2c55f,623797615.6342847
5f088237d263c37e78264bba,698669584.0216974
799afa0396b9f268f239db51,375942606.88643175
bd23b1463f0936d2ced5fc67,575209254.7619833
8f35a5d800d98481d7a8b6a4,630658114.3946987
371b5ecf08973fc6e6849d14,631665359.2417775
fa70a55dd0e2053a1b566de1,412506417.4125456
584364cece0bc4d17f0e7fac,392428112.54332244
cd968f8973a267790a38f2f2,505542452.02179813
c46b122728ef4c9ae8be444f,567935335.0901711
4056182cbd8c12cd87ad9e84,604054626.0021849
6ac747618b6ca674e86cd275,534710142.9827288
afb02897c700dbac941ba8b1,489232773.0081129
198cd3f4e9be65b83f01ceea,564980156.1275995
c92bdf97d7f0a9a12c024406,563209734.7816722
e00e5934d1941490834c3145,887986824.203994
5b139fdb19ff722a846d71f0,716920986.94637
8b554961129384797391d1ae,617024777.1792846
854e27be18fb8f24fd433eb7,727321722.323189
241d9f8599ce6cadac1d6609,704840297.0685174
b85b37ae83ef95baa03752f9,891707418.2949036
5b3ba9e56e24e08e1f81e220,531500761.0960005
58c6518f9d2d0526d31e7566,621385912.2917615
38a1e2050dcab9b4c70c5e83,633140190.0428582
da94e4a5fdebe3ae7bb1adcc,767126932.1066118
49fb2771ea6c1e8950cc9a57,756743687.5476127
f2b67c40a560af8729bc6072,703674649.7757252
13fc2dd1cd32d9cfa457a5b1,727472272.6874721
b6ebc3b8408793f5058cbb90,692146886.4973234
75ce506dcb994b10497e6816,808457930.507021
6dbfb281abaa9a6956c080d7,368569803.6622327
af67a68803a18663e4b03eb1,426744351.1440645
a9c212f77a048ddc33ecebba,551005636.6308537
df89fa06e32e90b0b6c2014e,513059617.8804525
f20a7f264a8285a75dacdc1d,700294400.7507453
61a363a73f3c93aa1775c4ff,854001449.3620051
d8c1f7303b205fbaba2890b9,500513307.05865985
70962daad7cd15ee8af564fa,752711733.8447621
087caf4bce7b0a3fe3c47dc6,695231453.5484704
5d2200b04fde91f830478aa4,397566492.3110036
821eabfeef3dcc622fbcbfc4,371703801.26926845
3d722d960b860b4bee79ae2f,473538404.99206597
4d3d887d2236c2f897f3bbd4,540779355.7608225
7fcbcd9e274b75a157cf5d5e,627661792.1371995
88ea2d2d7cb6d641df3ad76d,795922221.0923909
c06088db17767866b7f4ba7d,633576688.9040796
e4a9626b1107b9397d0067aa,553556893.4098027
82abb1fb693f34877bf1327e,903937649.701105
3279efb86571efde18eeebef,606971293.7333034
afca7b219d52b22522abd00c,658512048.5614862
7712f963ee37e91abb7342e7,633200921.3009305
2a2f455525c8e0bd709db91a,576187575.6850979
833ded72a8cc9c0d606a7a74,597681051.7714008
f3bf0be37be6292ba0a8736b,641057617.0026203
c06c8b6425e3a7c2d7481e42,485657481.0288007
27d4f17375f76219b446c092,323795604.91148657
9b7de95ec90da0dc8cff7011,571916856.3726784
8fdc9f203c3de5d486de7ba0,550855438.4356527
ebf2d540aff82f1aadf95f9b,612580135.6315312
51c48d17e774d6cd84f4c355,627240338.5459815
5c1d1ee26cbde5b766cb4ca1,623469945.204756
2d26b8360f1da9a677670fcd,558868424.3853539
ce1b06502cb0c5d9846cff9a,465571339.8389915
3186cd0a3125adf3b25587aa,684204434.4909257
f839de5370a225ff993f5b2e,697817326.7728318
2900dcf3f944a7fcb33aff36,637108826.0947005
3f54091296f773f5a1bb240b,638558490.732913
499f6f4997474415f0bd596f,751409600.529255
110539d2ac34e5180e3fd95b,943126454.6518397
dccbc668caff517f649cadbb,741832242.9113406
823c9c7abf2d00140766a2bb,975026422.6245233
94af5eccfe170cbe7d428184,632058430.0412847
dd21457e18f07d7a927c0104,487410963.15932685
5219cb469fff40cd9606bad9,504711063.95877683
5a83bd697db5076016c0671e,514320502.31695145
2a1edfd6cf74573521ed74a1,429640756.6557025
40aad45bb7a980c9c5e1884e,568010165.6744821
a315b497dd8e80464bf0480b,640560539.5319425
7095d576a0b963eb340d8fdf,464376713.70893484
9d6288cfead77d622f5f5b95,874569864.8234448
4caf356c110a50c6c94f3eab,540874827.0525848
23101b0002252f3d4b3e1d5e,831533833.2679309
8d1f7b0cfde7e496e7bfe972,538253581.3155863
28e572584fea1555e2a517ed,634820542.0710988
6666ab486afcbc162fb560c6,925989168.3018689
b0978c973ec3291e950185c1,794266974.096123
d6cfd3ddca2a59f0b6999d77,532503122.2620442
a77f5c03a98636d90f50e11a,730688815.3124526
e6387696767d20cfa4918ca9,475346860.07416105
1dc0fe5bcea9d08874871326,562916273.5856105
ccdf0abddccb1a670f31c2f2,597343522.3918021
3ba769d65f02217656e0f5b5,812010484.7362078
628b3b56449724e7d945351b,724985756.9115733
b47713520859d58efa95bb06,753507479.2114834
e6c6625db90e519f9dcf1b23,513269431.4795143
3e1a1b2a518d3ca2fe3950b4,547124521.9557399
24849579dc9ba7fef1b24396,638056718.2955663
6103571d9525ded3c09668c6,558538870.4510204
a678e89692df9b14da9f19b2,553842912.1014291
47bed52dee0d311ae0016b08,580526437.4178301
36c0d26b83e575a500a6c30c,448962219.30229193
34447730b60ad12f4775894d,934138878.5277654
aec1778ae3b5e60cac280b79,686875064.0385072
d95f38f5d1293c74ac52e823,934138878.5277654
5dedb7b64b6ad0b514de2bfb,656606648.6978015
60c71a98253b5550d773a529,475346860.07416105
099ee1a7c91105ef46b5e7e8,710995565.8961723
b56533bb19eefcb244e69470,774303862.1194867
62f46b8989bee43db86ff589,447195199.20391357
4d485ae48974213b1594c905,758579282.2365372
c627c6287efaeb6fd9049312,559176611.1589332
976945e68af6a66f6fb0850d,548959987.7858161
93e443a5b3864d52765e6484,742243733.7887089
6ef9ce7a53ba3bd892e21f1b,588473254.9103228
6f3041147f930cd6cd4fae05,438805315.0298194
3917b95a3d05a5e58c117f68,404917853.20122766
d61ccfd4239026feb484cc93,361870722.4016506
b443781523fa0b5be4ad7739,616731169.3121358
6f0fcd78c473e4e04fd411c8,622390953.6451777
7f134c92e20aa9c6f084edc1,534868131.19980395
75075631f0fd84fb0ff49417,695683168.2690456
eae4243c274735d616c6b9bb,882578356.1255112
25d233d2779009affadf5e91,668177211.612929
1990717d8c7aa8e732bb1165,945160109.4974023
71b99de83d83dd970b00f07f,905728229.5155667
243ab5db6e47f3536d04d312,755713810.5223715
61cb98125f43429f7f93c898,715836003.3386999
6ed772640e5a311cbfd17c31,490505389.7000723
d9f0b4c92bdc9476f50638ed,562166419.4187123
796eb5ae3ca5b63c9fbb240a,643159288.3818308
e6f3eee9f5048005f24f0943,726220998.3095368
291ff191bb029742387a72a3,685392288.2934581
829bde7f8716daf76f65ffab,700835644.3939366
110a2f124bad0f9381edce7d,720630023.4720638
76b719681617ff7f28d33df3,708821801.2161611
eaa6d58e226904e9993b3493,846236711.5172454
af3e3a83257eb507b96b2a1f,651010617.6198056
43969367322e86c68b51c2fa,402789450.5326558
50fe589dea73e764b7735938,544107970.5167918
13c9960a03a1c446aa5515cd,565773827.2079581
e7834f52ebad3d3cd00d069b,380289556.8094296
fae37ecd6046e53ea121b1c6,534741646.3027
8a0d2f8860a90322d6c3b61f,640911357.7441988
008c7a02d158f3b17ee8e015,527443030.0831868
3ea6e8da2cb0bf83872dfd8c,553285235.9894767
9b184e58842bcb14dd42103b,510846928.27622473
43eeb2567c61bfbb059fcd4e,467380118.8530694
ac7f6087e19c2d3502368fac,499826341.47601825
73494d52196ef9838b1be34a,853781866.5021155
112d996c4c0662bd13af3ea0,712879308.525892
8c3a02c9ca043cf0f322ba84,579543806.6629101
a757ba01a02acbdee50462b6,805676429.3487507
64e3401f22d18b573ff0504a,606214996.7743583
acd7394afcee30e084844c63,654707681.7469233
35255f80583ffbd504250554,739266950.4796997
370a0d0da794efd58cab251d,592712149.3748343
cdb5f8327360c750469cee74,736838307.2173302
dbffe8f46b3d9da2e57c97fc,697934637.6966637
25b1ada57fd1e5c88d939c71,685991342.7591842
05f79195e285c126125d258c,721905290.6143117
62c017eac96743cfbb61e86b,712857354.7694609
3ca7f183cc0b303e5d455309,800040552.5439025
a3dbd504524f980ac5325150,811520137.6965234
5703df84eef7ca9bec5bde45,770826251.5121528
513aa9c91c245ee4be31507c,957913391.7441347
d41d07d1aa700278cb81ff30,901070123.0394617
207e39d9cc4402edd48864d5,639651831.854284
7134b03f54b10f282ac34fcd,689553193.7206761
6d860c215908949c4ba1c536,534558946.5038148
f35f884365b1bf6fb303d7b5,563124329.2446071
4f480aae78aa068901ee9468,557964007.932063
39a12600317b58457f68b5b8,599471415.5741287
5f0c7a6b4f46203648a0bacc,575430426.4464655
d01f6c0b2b338289e9fe3768,589211433.8686274
613ad83abcebf6598f0079ab,679105905.5194725
effc32659ff9bf30faffb3db,627122024.1904348
73fbb3e6b22b957ba6b7557c,601166963.8175397
6c8c5e22025ca4f450a428c3,573993517.9192559
d6e333e793f75c2ab34fb127,624789642.7424343
b82e52830b51e823ac7187fe,593293262.634768
35ed4187f732a1ea68dce712,712365460.2808639
0c5067ff99e15fcf99792cbf,712365460.2808639
0ad01fb039a198262ec59b72,625176687.126699
906014f0ee3f3f4f0576d4da,611805087.994335
13477d8ef90576ca84258984,601330300.2480793
3083a7ab1deb092f7aca6a54,600969803.6406453
a92ae34df90cbf8af7695ed0,788612551.4755929
82d22ca21e31222068e1ecba,592997659.1602703
11727589f7c66554e9114407,593346673.1509156
9982169d6f3e9ca61dacfed5,615349155.9814391
2de0ad9bf15232d6056285fe,609190401.0067849
eb6e6060b78676d13d6bda48,623788624.0580153
6f37300b1fefaaf746f53907,703917054.2858381
7698775967b96e3e7bf66e6c,613744072.0084708
863e5cf88a808b8ca96907ff,615403784.9178926
77b5c9a5f534a5b80cc16d09,625449617.1168435
ade0c9cf1f9106e342c69bd1,613947848.7457914
6fb45859693c703fd9c812c8,646697467.8867869
45badd183bb1a4c630174f3a,632738797.4524298
f66bad2cd4b09ac29f540f63,599500436.1546141
fa3017d74586eb4c3b5b7db9,727908630.2874216
f09bb33b65b5ebb8fffc3a21,650744230.4702748
600dc823c42aa64f60fc3ab9,625077517.4998991
c1d9119fa7ae7d44362f18ce,755337695.3142943
a1305fd943ae63715529209e,637578992.6061492
8d81b4681ad0055c274e7da4,626513270.7069353
cbb10e7618b1385cf922e815,652308068.4117802
b09111ea69c4be8ae120ddc3,616371587.0851011
099f07f9ec4ff6d835337f86,677327231.6293588
c70f6bd5ca138bacfdf8b5cf,654302576.2432858
a6c86ab7381f6c43fdd61a01,641516827.6843902
58c2b87098ad454b1fadb13a,571081673.1546044
6afff7782d129021eebee968,713867369.5216596
ad92f3ea52673dee0a56902a,705347321.358327
3e040e87b89a043564f0d0a2,630026025.6381418
49d020d2056717c2108b0927,672162814.6233002
a4ca465294c114b1065bfead,620591842.6843116
ca9520c7b8432b0521b2e8dc,593292077.3119752
4d20f253940a4492b4f6a9f0,499577773.2765653
09b61cf8ff3ff09ac892d073,598153811.5722457
86e81141e429bd81d7f0e73d,466533387.50793403
b9826d7a6132b16df1bf58e1,659792957.5214328
a90c60e05e29b77963a11246,454135136.2599345
6e9984a3c3daf63fce5cd3d6,633795229.830284
a9eafeeab4ba51d3644f4052,540467001.9313707
f74eed3a7dad1bd8d92854d0,656960539.453777
5b377636fe30946fff973f3d,537153839.5512042
5bf6c1862c0bc967da2cc484,721303652.7225102
cd5111edd2fe80f56db29531,600833399.6564804
c76c4695ed005277a59451f4,597118501.478839
7dab6cd1002a8521e5825bcc,751877225.2470119
5b57258272dfd1babb29e7fb,641149418.763598
f68b7dfd0579838324895097,725649174.4871718
812646c7de863919cae5edff,686754194.247997
0da10eb6093728074b34fb75,703330628.2277375
c64346c8b0ba32a55292e66a,829246748.4827214
ad6317cbcbb8bc27b0774fca,689131220.4115403
9f43c80d2fa31a09592b030b,934156047.1766095
5b84f5de073000ad4d4b1a04,943648041.4562653
d94d18cbc812d560c1e38ffb,827314475.6107548
ab3110b5dc8ce81471f69c16,845232935.813139
138a1990291ba31024455eb3,824823109.1324413
646bb3de5a1cfe4bfb7a7ea7,970093561.5612959
d8fde541f142e6a7f0b28099,690271639.7072755
ef61986cca74fe8585b1b287,438346394.4456695
e1d8eacecd35515eb19f9135,903125749.985564
8346d64ed6211083fd420ede,893731473.601192
4340fcb9c80733260565c24b,587384362.9627043
ff5a27ffe7de039e65170f9e,574696675.2115315
ce407c1e25333d7c7eba1b0a,813004920.8008418
f927027bc766ae6c111fb685,317997432.5741901
3f9a3edf25152433969f98e9,542029964.6336769
987476ca395533347581b2df,525933819.94823706
17d0e3208fdf10c77e95bdf4,716306899.7063445
b485036419de03f5bad01f35,590965318.5484692
d3f7847147c88352bd3b9707,608518154.1633563
aabaec5accad3f545f864a3d,648366366.4137739
400a103762ad652e81c8d3c6,973844156.0367458
acf15357c1a919b6ee78f676,981264608.1610057
8d983b9ca65f19ff3d69985f,1119200266.4061403
b9a80a4d84eb918792324dcd,553655976.60154
223b3c04803ae7b855f9fd10,674545322.8852636
e5c8f2d536c3f931eff2d70c,583495090.5699131
f976ec33e004b2d4d32c2eb2,618828949.3281425
cb00e44cea76a92e9c44e793,666552571.3259361
0e6dcbf136294f2a99410052,573473309.7240609
102de0a5ee4f19454b922b96,624587209.5340698
cb1c8ab11838d9f0a1197e25,774355716.161245
2e2f1072d8db7372b2c2419d,558017163.4256347
8c4cc779f5034e9c10b2e698,395829808.5771072
85734fd69714897264ce2214,633910105.5611585
5694c1f689779fb5ca95686f,819820327.3814703
f3bb60434cb36fcdfe218478,613124772.9656314
cf8bbd3528d3e7e2b8f50c29,639596998.6696112
7db1c8214f229d865da455cc,693128157.0496721
f3478cf008a7ad268a434ba3,632725546.5297002
5440ee15bccc4eaf827fefa8,654571019.9803234
78e85ca7c532a77700bfae6d,662966293.0887079
eb5e382e1372c4e94f467673,637529736.1543846
5a11cc89d3b01eb87535ff1b,657389999.5992134
d0f5cebc2059ca89aae30c76,558294027.9684294
883371e374936fdd74d09fe8,561331982.9216062
9ab4e5f8cf2b807603329cdd,474384690.84004676
c37c7859956931d77cd5c9a8,705830375.0990192
730804efcdd755786bf734ff,436659680.2279982
9d021f3fcbe5f82fa1c1fd94,531602899.7923447
975ea2f56001edae07f28fca,450012034.9188345
8fea95d0a70b1ea918803f58,568381007.0700417
4718488d664194a3c0c5b446,554923640.2182212
1b87ffa033dcbf4e2805dbb8,540318020.5541805
1a77ac51e03c77ad280be447,627240338.5459815
228d165257ef052ad50433c7,637808974.2683982
513a83ac5bfe27c5b813ce4d,600835637.2946396
73bde441e18a9548c034372d,674898491.2494347
26301269301b6f96862af599,493934820.8152743
7b30dbf2f6d835ea0c14b392,575627748.2607864
254de3f3fc52b8cb62141baa,499478241.07887894
f566603aacc78da47a283804,525661388.42307734
990c8d65ca11a97a1d34c5e5,467380118.8530694
a9878134c12696d8199a1ff3,628232405.9519988
58185ef7646efa724e904f5b,519607549.20755714
37d5b8f329ed1ec29d4bc035,498186487.4755731
e6f948282e81570fd03e4df2,742016907.930395
8b801b4cc1d254d0277fba5f,589597772.5366064
33a334a16c4547b9d7842c3d,636538189.5917732
1ad9e105d9da875001111075,824518914.0283726
08ad96681afa49c74721daad,599026809.26574
beb73d27906bea7a7d880791,718025440.2839575
bda5b2e5a87a4905a30f3b8a,510521477.3843426
5cf70a67ec25288657d6fff4,567727276.9179225
baeb4e9d612bffb63ae3564a,708266465.0164667
1902f509aa05287ba42f546c,622777727.0617719
c0cf9517f20ae81c79ceb0ed,802660596.6717929
2ca8b22013c529b412ad764b,544851459.5193756
b38816ece917027a179663d4,739819355.8973917
c89167e42af0d42c88e8573a,720496033.7596364
09254c66d93cbbf2675b775e,635783738.549954
89f8ccb0c1e2136adf87a10e,836064510.8311263
cff851746578050bdfd46090,751300495.5761787
d53ddfac67129aebbe054024,685796242.3088727
53b5ffa0cf0dd12e4eeb6a2a,780212684.39224
62db5fd2a4eb831d281ba8ba,852463513.8886293
59b5fe8d4f5ae272dbaa5ba0,939815217.6694068
3c1b7a0a306e16e8c22d78c9,736527664.1984689
5219c3cae1c92b52551a8571,833443506.8236855
de6aef9a5e47a614b75ee576,798037950.6873268
d168181ef0dcb853171cdbb4,1161917513.6841197
6c8e27967ec63e6dec4bd6ac,867938127.191483
8544bc14286a51e60ffee7b0,1798626543.8711925
ed48916725be6970cd2f273a,415837205.7781535
9ff3268cd15cf039ab958413,417848307.2359378
16cc5c280124618cd5d00027,400997134.43780386
ac028c1580f6e4da4ccedf0c,530185166.9519776
673f2b913006ee8b33e75b5e,665615450.7498482
191f96722301456877893b22,692263167.3689388
a7d8e636db44cf5d3ceb67cd,610603508.1763852
1310e9cafc0b9fc21c212f73,691142710.555275
1bbbe4e1eb264f5c69467e50,406095732.2104197
283c1142d027be336a7bfacd,463631696.09057623
4d09c2354c67243c968dbbcb,529544140.5546917
db3edc43e89840a65749cd94,512011145.40170914
0274166db611aabe4e946a83,456825777.9534907
8153b36347669087e363801f,605069142.4728085
e04473aa943812de1d662058,839624415.7247276
7742e8923a4b832e3d94f3c7,501802083.2940803
536b5a8aea016aaa90fe744a,739669980.0721333
d2c02052de9c97c531a4453f,635800556.1136861
48378a6148532f71abcc2f98,701721045.6084
fb0dbfeedbab00cdc7eb93ee,654295088.9768598
699412bfdab1157487c81725,827331565.9559782
a63c26369cfbabfc9c2603b6,741264106.4762828
34e5602cb58501859e32dc9f,646214732.1963549
da83b03a6c9d405f55714b0c,845495869.7691883
d938d682332fa9e5c4986024,664871820.6838543
e9e39766e2c96bc783d580a9,1098817660.0358675
fce89a9ffaba32f9f7c5895d,997106258.638121
2d6aaefe0f50db8acde6fd1b,1406709894.5346432
1710873f951e7f695fca3568,686023974.0379785
0ce068461fb3bf34eee000bc,515354580.8737445
b5606ddf3a4e60e2a0e0d6a8,657635589.184879
2c2e56e3e5210c111c7de708,608384037.7216251
94118bd8c3da3f14f9c7836f,457518183.0271533
d20a5b3eb857e1f4b548066e,678607097.215976
ad37e23456bd4d90010f7784,666806109.7011058
c5602c608080e2546dea5463,459678334.301317
e3bd8bd5884a55fc1a151687,548997783.3091564
aa31e5995379bc38dd40b8f3,628986409.1625955
fe8a10fb4031669a9b21c919,869511541.686922
08eaca41f26eb387b67bf30d,1198864829.457637
23ef4d57d130e4130205f30d,657478354.1834112
d6f1594affb8db7a865e3452,538209019.4451839
abd9cf3c36309d590e58c2a7,523400709.70083064
1c177af5bb41e26ac0135b4a,633027310.7006781
a05da8df13eb4b121d536912,546801368.6769389
5a5a581ad5540fc82cd3c2ed,513959458.4946621
b50ff8bfc0b4c4b165c5ccf7,693483679.6241443
2abbf26e80643dfc1b75edcb,649045042.7300198
ec903c33a379d8d2cc04ab36,657952416.779374
c062d873af3b7cb98ccbeec9,877627178.2307037
927de0269795dbe0566a0326,651462800.7060204
ee703dca75c4dfd5d035c9a1,753259761.8056241
b8a42b02c50438c2ad7598a1,624764261.4271871
f7216fd19f41ca5ea66a9169,624764261.4271871
f487761a658a4247563faa38,473184680.9466159
caf878b42daeee3c7de336e9,815258520.5870066
29d0dd2d4b120dd54c34b13c,665446985.6038773
1cfc7d60ce613536d23b093d,841636822.9498132
c6c7409bbf52c86461aa1dd7,645184947.5364277
312ef52e0250429a5ecb3b27,712507698.2033036
48299e52748ecff3b69f7a90,594815302.2211545
a02f6ef1f148659297d46b33,571651706.5740852
67f664c8f9250a22c10b4f67,501042659.250731
4977af03eebca1aa266289e2,551670333.1724108
39af71aaea23b5c1e987de32,482552723.97616464
d69b019e6d54faa1cb044d39,737387821.369338
024e94e72ae88464621539eb,663865607.9494268
b980c778ecb2709696265c10,1097154716.460962
8780134f8b40f0fec4d1b661,866881706.8391572
107f29b67164ad6861cb7059,1063970692.9461728
c8958d280d0cf2d8a0b481f3,548407580.8943944
1f8f74ce8831d5532f330925,619436712.9186004
7be46b6dd9891ab771fc4be4,573371410.1031945
4f4f7d2b14079ddf8754d6ad,660597500.8128307
5921ce922675f6517f8f0007,978133232.5042701
49f0323d28ef0610248c87c0,598953806.7492704
3ef167ca6c4ac77f6968d17d,620580699.2651745
8d2f9968ec8aece8d1a20137,642150079.0975497
4bad47078442f3416b2c1ff4,564873219.0293114
5e1cc2905f7a701f895123d8,647694922.7286599
a8633d3336d097920bc8a9b3,726952087.4826788
72fe83366bf13a53937b7034,676418199.3891195
ce78e1dbbf0f7aee98e244df,591073940.3234633
11be39d287e5a8bdbecb5994,697482758.5889812
40a561bf79fa7a08155e1183,795237674.3900772
3dbafa8cd5225e261ec9b6ef,455793815.9305964
68cd88b657b59f5671f59e04,439739247.71097875
6a2ce95a8be0654f193592e5,554121307.3924862
4e613cde51f9760d3c051562,638532423.3001093
1b69d2c7fa8f802c4af1369b,619641516.4288875
f126c4b36c00d0ca11c21a2d,537386491.6382385
e6a7e6b41e6c6bbdc16e1e14,659597756.8066248
5a69ebde2e113923ddbcd18d,741479229.3724828
72f0540aab38ebaaf9a389f6,533890134.2056473
75b5bb7b5ff8ebcc863fbdcc,618499261.3838878
096912698fd9a59d94935478,614290791.85875
f0ad965090221d2349e90d5c,603355778.9689521
1c224347a1445ae01184e0a2,976652931.9653431
0ee7273686a0a92fbf48a383,824381699.5534306
e2094d28cacad3e2a711c5ca,312226494.6629489
f50e0ea2c3831235704b8c72,655776180.7849976
1e64759f297a66524eb07b7e,826555624.3152617
7636a187e29abcbd8fad6244,539569819.628128
9b858a70a031475e422e375f,685389299.145665
56c2e8e14f9c6c9a9f046a08,594975032.6528051
1bd7b990be19afa5acc78bc0,528858537.11440873
8b36b7364e4a4c80a6e50bed,746487903.2304198
d348d38769937c8f350297bb,786069602.612086
f4350916cbddd5a544c6ae46,462050731.0160971
237bce11f35d32ff029498a3,682941685.9713272
faf92fbca9baf8cce4a00063,526115735.3964033
812c9b5407424f956d308b06,920041371.5745026
9fd4adb5c63fba5a11661b23,516195821.04186285
168f81689afa1f055d8bf7c8,634396452.8093548
2a9bbffb1b98c49d79bae509,631941292.3264639
b95ecad591e5c69fdad8763d,433242078.654731
dc51caa89a74da37ae644ff8,433242078.654731
d97895a836e6ea22ff3265d8,465530190.18263674
de754bceba2d206a9cb4f116,651672862.2323083
036177aff84b1901e0f18759,557449109.3795819
8a6cb559a488d6ce1b641585,687367032.9797606
74c4f233c7f385be73168e0f,551459928.2909838
27a6f3e8f9649ccce7680f0a,552324160.4333717
711045fc099712aae3fe4d14,626291077.054432
01e033f5bd502c4ad398ece7,640962401.5332375
a99261116e0158109b3e3bc3,511993724.7907015
2d8d64261ba659302da4a481,574756596.9312052
9adaadeeaf6a403e1c8754bf,815708346.0495626
2ab24b9c5349427998338d21,699864506.1892418
09ce36a03c52d6721bc5276b,601301619.5968876
80b37d5ebdb325edef39258f,639607362.1700773
78a080fc98669c0cd9153904,848552003.0417101
2d14ad8ab9573c406e203ed4,602656695.1467814
145f33a8350a080231306bd1,652107523.1898556
b0aaae3a435fde30c4c02fac,689398745.5986253
b3f5af523b5d6d938693ebfe,762033820.1195133
25d62e6b1a1a52cd8080354f,728202594.5117317
5a06a8b33611251b62d77e72,752274792.2748638
e93a9b257ecd815c860d0b82,678519307.5551734
610f192d22864016cc2df1c9,666241543.5960197
4e665d479b3bf2e25cd463a2,572620069.0263042
343be18b0f77260f32ec05d2,638062152.2866921
33dbec39ef8c0667e4c3f039,586558047.3453431
b24fb90a2aa5d9d0c7e1541b,556557284.7019984
b56a3a017449fc4ce417009e,438761789.9985013
e0dd5e6879d824a95c3c1773,541310218.6765599
156a20e2bf9e48b9a360f9c4,494269225.0726158
d5583fa23ed97a3b9413e910,584457234.3790671
4e6f695bcd4d3c0d8497c1fd,922215720.4266968
da7a511a5f470d99ab2bc4a6,669084897.606357
22a6058ffe790c98a8922258,638743047.1047823
0c19c54de06d1c139df99ab0,630225073.2407017
48e687093fb26d29cda9ad6e,520642470.28475904
3ad3c519ced4b63ddbfdb0a1,354022257.7372405
0b221ebf810f632568c1e2c9,575585122.1904407
7930f32456e796e40fbf78ed,670043543.8168402
f084bfc530f4039f6631537b,665270944.0473818
f9793063f561dc76c0b49a9d,651629297.2383794
4d2ec23fff8eb502a9d93353,789521641.4630843
a6f570e11883e74654898d75,858318295.930151
cdf11b53a23fcf9b6032cc8d,933119596.6104195
6f968f62a6fa4dc255397bf7,759338327.4274119
d692ba46b098c6658799ea8f,460832669.52704346
774a4b48d34052a978b1180f,627646993.7604836
acea4c7aa1185baaf6d3b60f,600028321.0348059
07ce6f95a7719abc9a204b6d,703867702.2526606
b371665aece480b8c1602773,826126207.7080245
5edc37d9746cbef8352f0fa4,552391272.515356
26617e1fb3b4f0e4a70e1b0e,541464209.0572137
b1a13541b37964b8b85f4669,576049234.311973
94213637892f5fe643cbe8ca,578260856.0822612
742acc26686d04596ba60a34,618102498.0911291
acb1d16ce30aee0a39f01f09,533253885.4601291
e0d837e6d5d74fe91d39d23c,676426218.4801133
29028322a6d692edc5ca713f,713542677.871519
03d54a6e80d48c96a7f6a1fa,553633741.2775149
8616b310e335f539ab1109dc,729528177.9396954
6c21f6a3513869f93b32e9ec,889332182.4194832
10084cfff54a17bcda6f19d3,706220021.0990301
169c742419c0d4335d09fb45,697334840.32078
0f06896d7502890175cbc4a0,621892798.878711
7d2e3464d5f2f79ac29e6c0c,497770110.25201225
de9053a55630670ee8e59c9d,691579713.9116544
8d54b9bd24cd9da341cc942a,715988270.2517651
95570bee1792641c7c12e4ef,823347367.3360075
6d0c5546a498fafba15f2e17,548130057.5281668
ed43b0ac46067bf886457c01,642862620.1663529
8890eca19a9e1cdc9e0f0541,673657328.9490777
760a5dbccf4eb4ccc2622b77,655657565.3939862
20fe2d7fb3910ef786cff965,584714049.9545097
602abdc140c40112afc1dc98,598453900.2198416
b7f906741cae6861bd5fb922,552526553.2102258
4d45fbe5a5d39188b5eccbfe,601162574.0130646
08f74ad7f06f2c409903ddf9,534746913.39203
7be186f4eeff5c0efd58e424,689899620.0214787
3d1a767dc286fe1cb86ed9f6,625361348.582551
2ec9f5265334241fc594976f,723397212.3759912
d737b8b7b39e99f7d877b7ed,691040794.8480121
8fc50169e6ec98a3f4229ffd,611229347.8349309
942133ad6b84f9d08e1d4e7d,697963594.2647082
c965b03014d21473b27072f8,636976808.5342883
f1c8da86597a427e24dcd557,744267943.9215199
8ed5e7770d03c43ed19abf42,650918194.437274
68ea36e3f441cb6da8d36198,1121336848.69216
c97715bec6032974060480d6,726268628.771483
e6eb47d050702ed49ef5c49f,763662474.7341858
5a82fa348f3b97e74cdd3a61,570638245.990699
cd05166ab9bf3128c23fb8c7,740541238.06562
cbe4318f63d73fea6238079b,798280957.6026084
efcc8d268982e95fe2fdb311,945078316.8987058
c45d7f326a2f279760d1a4ae,678063287.1422095
7c5ce0e65cb26773edc9ddef,818400277.8636097
357fda0abf79ec95f73e3584,533470457.77540404
a1e8f0c7cfbfecfd1549b0b5,446413532.6655256
3f208f32cc24d8ce1506ed90,493670976.8149853
87ca8a2b3251a38d45730f5c,468503462.450638
728961e03bfa6e3242f06d8a,535633193.291998
b9f9dd0d368df912e6e0ce70,772016785.3774536
429b049255a7edf227a980a1,653959345.5879768
a6259664a05091ef92129c7c,661656525.6977671
674c915c52b27df2c06b8bd3,691115223.7065068
f8be64dc83c5923983fbb770,565875535.2156727
445fa7f5e8e9d7f12e8991d4,729945821.8911289
0842816a5ef4f24435c8df22,652434510.6958371
40558b62d83e4362efe1fe26,288116905.9765694
bc474096496b98177e40f590,619270482.8525535
2b55989b2253416428ece917,619270482.8525535
7158e3a6d456211d4533e246,434501654.26422024
d4fac54e137f5d27ce5f457a,702198782.4671797
faee80ca0efce20e731823bb,695450508.6300552
8ec09555f5a47f96a8683699,848933191.8482422
2d7a48a6b9fff20ded24f86d,671548699.1993848
514b09016ef85b9ddc4fafb2,732341854.6543689
a1c975ab16effc6f97935e16,685989171.4778821
e803e3806630c6579f004610,784339061.5351627
26526235b34fa5b7349df00a,476709873.70666355
ba762cf12cc038e5c43bc6f5,613416819.9678271
45aa335dae223bccb31ff7cc,609564234.6804602
1dd3d7e197075859c1ff5b23,625836284.9317102
2db9b3463f85dfa87347d6e3,660642207.5444343
f72cc14d79ce15491a96ddfe,886416504.2346882
4e25bad08182b79f5ba9639b,960409841.1652268
e724a1db86d8d0c6334041b6,601995847.501029
8fa53bd51f5d54be50b3fa29,509473898.91142344
fb7048ba61e9e6b1de829bdf,569310421.4962621
4bf70f19da0bddec9241d310,534583085.5743535
13c7f3592bd432c7cd0a42ab,621739414.8905106
cb64b363295d36b9b0fde3cc,651204990.3517144
bdc17ea3f30318b11df30508,746157672.8868855
cb7f62ac4c1afbb4256601f0,639570581.8812876
5d6c275d9d3326e738c875c8,633873790.2313143
9865836c04a9582688f50496,588674080.8345085
55a615b65a28b64d46ec63e4,579915373.6290159
dcc9e2c9c1151bd9f93f44b8,604435483.3848219
1a2c0e46bc18bf3224450064,739767630.2587385
3de8187003cbf6c4813bee45,499227531.1921068
d62663a447beaec69808f85a,425886745.4754621
1ae17f134221d5d9ee69ebd9,619304135.515998
35e55d060b1c4239a85c0ebb,509498761.26731354
45917f1bac415feac7e41124,520312032.82975173
ed44705c17c414af8442b6ae,575752104.8294092
6f01f2c67343ebb8ec717a5b,495429906.96915364
8f2218126da9580268661c70,641953320.4694239
5b36bc6e78872d2ca6d3d1f9,631188407.0014933
c5c7631ddb5b485d0e992f7b,544340975.3699096
43c88f1874dc7f91c899df36,736231997.5043052
dc544c90e6ee38346a6002bd,686860444.7812661
02990998f3621fc5a3d0ee63,540669857.30173
dbab5ea45ae910567c97fbb0,610688836.1874617
bbf80c409ab3a6784028eb6f,471508979.47664505
40e56beaf4a7f28f8108b132,471508979.47664505
e857db57a89e165eade00770,579236220.741634
41fc4ca2b3f48508d840bbb1,604464074.213287
08c1db1e620e975c4d476b2c,434688356.2726339
8a1d93bbc83f4728657317d1,650631760.3728696
6be0ddd4180b5eb92908da05,391744495.50552624
ff1498465e4db86f4f652e87,457098025.05543166
6410d336f6e61c4a81403c61,538988962.2412605
169cdb07bd175b4325fd28fb,491014283.20665455
546b56fbf616a6dfd1ad9d88,785784239.0669417
666af58bb684c2d8e7574e86,706334894.5571903
9fe75dbfd537f9ebc6653f18,626301143.2047937
ef961c130fa3b9015b103154,709397092.2026026
035ea0f13f2ca01c902d5388,565658676.8015856
7800f742ee14c4b4142f8b58,627215838.6855601
0c621256c4d7ca81045fcde2,664253888.8978803
50db9d168354ea3d75a03a6f,693857563.2508156
7bcd1fe7a140b6eeb4df2aae,572691062.0390548
49a4cebdb22fc2d72bd1aa78,506611641.0613338
69ae1f2868fe714ad8e2f114,322155413.8104472
ca4f4a66d83f2043a7dca261,370571784.4883858
c0ef32a7a294e5891505bf35,370571784.4883858
5ad6f4091b77715b7f74587c,637236780.5000788
331e915e2a66fb70380282d6,772069714.0924311
3a00543fb00cbc044a5b3527,469426181.9062388
81df59c6d8be19568d16ea3e,539529709.5782833
88a4da0d72977b0c56b31061,684976758.1449114
3ff9e75c6de41de517d1c4a4,416594931.52736795
147f80fbae69dd577ff19950,506543677.2965125
78beee9b7fab8600d420fd27,540699209.9371047
c3733b88ebafc0a05f5bdc99,526533614.17140913
568509a7aba60f8fe2d0cd5a,686680513.6193018
f6d3f7e963c9aa1783b3adab,836792166.0278699
ffcf6794a400aba909383b41,769189232.8182459
fa0aa00078cc178de0cc7d96,646721578.8166486
eec51f949083f39691e37e15,646451720.5319749
26f3d5bc3adcd1396747a414,982751898.5594153
cb9e058f82b10cf80990beea,747348313.1570206
22a0f3315f7600e5120db131,472009341.18486536
bf6845aac15fde9b89a7208b,609144594.6262211
6e3cbbbd3f4d0578144cf021,652279839.9697136
98a0289e513d5ba036b24252,382275051.724318
597d3f78e2f413acabf825c0,408129123.53288555
43a91a731e86b9a0784f717d,579726873.9848784
f34ff57e272cd08056e6a243,526800273.0142593
6f68b289516faa0b7ef36a34,375310328.2362455
8bd8a7e19b6d3b8bcabb84d9,426179712.5246632
74b64bd536ebbcd7c30ef8fd,669197973.823406
f968e756cbe6504fa0f32458,894150326.3748535
e99d9dcb9880cbfd219b4297,764416828.75544
4c9e6812520f4aea4ce435ae,694400230.0082247
78419be95416d2991ade8be1,457535367.96951395
d417ff438d2a418b1f9e50b6,518137141.5557326
3ac77ed776aa4630c7293240,692434165.8865373
95173735a8f6e554f083c065,1045929085.444487
83da39bc1a2eeb75e2825c22,550773960.2770536
4bf89c9e50c5417ed669c481,881011467.9098629
f90fd39477c8da38e33ba0fb,602471244.90905
b45bb2d0d137de6984d4e1ec,654951096.1361015
bb812343bd6cd66e9cf9a9ba,490222734.57553065
e299f614cd8ae525fc8fd0e6,616816901.8846948
521e9326a2003c7b56fc4365,787337568.3957553
dd59ac4f6706a1399360bd14,716920986.94637
d6c6e7f923ce2cffba8ff9df,727321722.323189
df07a34d0ee2f78f115c45cb,639232032.2426794
db6061f876f890071f7ed957,695334815.4221807
b31601cf48b268f3b4107564,667559528.3510704
3a9b2ef74c59e96a6b107357,501673128.5517749
d600310e19c926cda14ac923,827991771.7904506
183f2cf1a1c7eb9700b6e72a,942219930.5834744
42556b1bae874a5c09777873,688088293.657694
57c1ed738536d177d66fc52c,1143347236.378106
26cdd114566b7cc63cd96fb8,720212036.4166604
0f679cc583a47b30ea132bbb,578865275.1419773
32ea7e13e8d9391aa9b7ab9e,462229443.52407825
0a482968c7cdf212401d72b7,657971473.7053937
85e4ee2583c51592d68ef5d9,468756522.8778071
f4ce15aaa352d707b68cf773,798381138.7748115
7d383abbb6ac49c6599ffb0c,663542093.2565036
6c67b1b0991a1d79251855c3,933177108.4468092
9e52ce2cb6f6b7e2a152dd54,578072671.7443548
bdeed3a7395cdb9b175273a6,739022155.5818036
423ddbfe2f575e6bcb22e7b8,724720789.0082898
3247399a31df838ec5fe58c5,754801064.4625112
bd57e5cd29d935cb26006835,683537967.0522354
bf00f36c4dbb273d7ba4b7dd,542002871.8481601
48b9efef82faf72bcbdf66b2,712879308.525892
d2526a3e39ea01f87c99d073,620375585.3368236
651d5cd65f80c4938deb7da4,654493326.9158831
0be7803a34b11d89133beaf4,829005569.8703158
a54b0b282edbd217e9509287,695122221.0030056
550c5061428d09afa0c409f3,658521124.4219618
7538c609fdd115c9dac551f4,664964577.8781704
d7e3cdd3ac239a5c318f2e9b,727246241.5914407
9bb193ea939c5308a738fcef,496477484.8403571
33425419e1a8e854418c5180,433364215.5105583
fedf2e30e390f5cf74b27e97,399041385.91897
024c5c787d005adbe770b9bf,511209745.66475886
13f681a090b36edf38a4abd0,543676262.9274338
442c6bda79f63bae28674b1e,672586265.6744581
47e0c773f65485ab7c78d49f,474783631.2866264
9e30b310c820d0426f504d90,433187505.4151105
8cdfda9067e0934a8ebe0894,590551952.6186019
0a8aaa78f68d43e3b1bf6c51,546209855.9805517
1101f533fd18cae5d32c1cbe,643892811.9463348
9f6af9ac2404a8d55f24286b,580624642.5516392
75060f295e0aba8e1224f766,571184633.1898637
f0e68102ff84f49d90fe38f4,437348440.63604003
3c45bf3e3e31e7804ac91704,610939464.7053393
f908e1de4c4be0d77411a998,544606029.9655992
ca643c04044fabc6fc566d12,685883083.9948331
8aa76df8fea21a42fb6229ff,787289643.6685342
c214d2383936dafbe0652c51,713959810.7085015
993898470c6676ce46ede92d,634644788.242339
18f6240cad6e92f9151099c5,674768421.4874095
1e63fac2629793fdcb793f1e,700074984.5189575
e0137390f0186c98f4e91263,648696898.2989277
e35f95823a486c52b0f4c2b6,511629373.08487874
ede10672118071a215ae09fc,586755927.9991729
fcf46edf6d612ff1f5ed6134,640186128.1413755
df4be33c0931aa86231b7a2e,706308163.2664505
53fdb16ec08e794dba9a10ea,576991277.1197234
74c24c5e142e5267456b24a7,684573996.9333992
f1bc08407f40396c094e0499,652664372.2470437
496ce19c015093e97144d375,504874541.9055846
a183a1c009abf7251fd725a1,773451079.1224027
6bdd97526b1a9cf10853df1b,777000976.5340518
f083a8f187e2227696695ee1,721012241.2501762
2621e068043a5019aeed6c8c,747615217.3139261
3b43e7acfab46651b099b1ed,812061097.0005795
6565b3281cc2d632febbb6dc,821574552.1852422
09e47ad8508e7cfee83c6d68,746402875.4565372
88b02e7b20ce6db956afcdd2,807098671.8764927
bfc41facefe9428865e4c29f,798722992.2701617
569bb17b961fbdadf7106d56,877215539.052791
2314e3ffc7242a429e00207c,755976689.054463
4bc1e2cf5e5ffcbe1020df08,952509155.8087112
949c4a5382aff4750b4dff83,1163678617.4144888
a63b4a22614d334b4a61ea16,850837645.2739906
734fbae84cebd50aaf71c48d,1059722296.9797944
f92935374a7ef86314223c5b,892355687.7486483
6cc8e22f11d382206273af23,614347063.2084761
701768887155444b77c4f446,383647409.1540257
13c86cdff4dd32a9f8b9adcf,790192008.8519408
8002e2cd1b70ddcae88ebc4b,850931648.5669864
d0d77497c8a7d567f01d3afe,672059558.3616942
95a7b01cd60cd10e7364a600,583575790.2154619
d1e38d7cbd32567c874e194b,647726364.8973207
e674ba41f9657ac8f30d4f7c,728171672.8188452
6bb760d54e5b0f54d9612a8a,533082148.3125613
9e3bbcdba89c647e4ce53182,586739435.044124
72927abf4bcd53d6907aeeda,637566072.4401666
aebaae467e5f01db3afe69ff,623384131.7838537
3ad457c8855ab8921a7974c7,675394512.4394698
1f3d3fbcb686ada1a96e01e4,599054413.9001222
0775d831f68b88ca59eb871d,660575829.0866276
5fa3b0993cb43d3c72c30093,709647603.4331887
bef19d0084cfc9f6fa37ddd0,692083528.4367056
85a856b4d0dfb1fae861f513,618703754.9458253
07fa1ad76017843232107517,975174871.7036692
4049086139009c35dfebb3ab,478759597.7509607
655120f80a39c19221623311,656186024.6758873
71dca93007d6ba45fa40eaad,658599525.8065261
9f41ce015f02d67e193c41f5,486296753.3145892
9017bd24d173b2fcf564b32b,823134085.5948987
e5ef29d41082025c42f7c921,642522240.1609082
5c60d7880850970facc54bb8,801095070.9687285
f51fce25d8376d48fbe73a43,555614082.7973381
9dc7b0a394309d8b76d0bb7c,664108277.2504992
a12ac99bf63b547fd9180a79,519334377.650062
378d846a7af35e0c3efe53a9,717966870.1208882
0872198056be7edd5eff220c,670129526.5599191
efddad1eec775ce61d3b7b64,553870555.9405947
70c19d59c6b9e194b6bc09fe,614973761.4549315
b0d3d98076883f346cee8d04,775237785.0380887
c7694e92a97bb66794e62fbc,682129676.0235018
7b4fcc72822460a428c19282,672906146.8096734
a6baf4631223d9b24de8b590,434344824.295356
a6f616d63d134f14ced205d1,821924035.2367022
50c123baa5783185ddbe29c6,602995565.202009
24756921525595f1684929ba,563517399.938551
caf9c761d21329c993a0bdf3,759353939.3532729
193d70ead1ff1043845e7671,559451417.9397603
62ea31859e01c2f4d4e97baa,620212036.4041114
272b5b5c28e46c6f5ad95c22,601595671.638933
552ab0964056c1d1d1b7398c,619373308.0716153
23799891583435710f66303a,707081562.9446074
34896afec0b639648c527483,720390696.9043839
eaf53eeb911ecbae638409e5,468144186.84400856
b1fdade0fbf0470060fc2708,477009075.8057856
8a20478528e97700dcc84abb,518254112.70523864
702525f05b47353c95b0905e,651263434.1022118
b84c837c5a1fd0f1ebc5f8a6,478365909.40237725
ee2d16316e6f4f2388494c7f,723408556.3384392
ea4af07bef4ed93e81ded95c,832745950.9059976
1a71d0d3503f9eff28acef6f,740079393.4428767
1fe392004a09aeeaa6e8bce7,641039296.162324
46d4b0cdc81137aa56f516df,683259202.0453274
4d666967b74ccdf5b04e9787,327552856.58614033
fcf79745f8cd716d3ff9d27b,502574202.40770847
aa8a19a2fd3e2cfeb3b7dbd9,515277329.0623282
f055602beb49dd6040641c9a,472463923.25459605
7b1377c8d81755bb9b501064,514071115.63839096
17d0418e4a439e9de8006f5f,624606289.033617
48f1c6e343a4724ed865533b,720690133.0365685
353207faab3dcf10feaac8ee,798509267.906885
ff188e88378c8e2abed8119e,771278949.9696405
424b41f5e01ea2e2ccd3ca48,653151681.7644655
608cf4f46a188cf84f853c72,474899544.73767126
f9e7582dd99d36bfada56249,790409386.586348
d52f04fb69bed41ffb10fce8,784011319.6195383
ea84b58f733c8e491db98a52,606497322.6200099
68699eb9653684fdd3fc79b0,730262596.4619292
31f52502e89beb1b2e0dc3d3,715961689.2195431
fd41747287a480d5c4dcb56d,826262578.042222
b7afdbc1b57b52e6fb03accf,1013596214.5022807
48b270a493af4fa28dab9211,569598890.4201487
2a787b39e84958ca6b7001d0,715805156.4613966
e439c77c0d871996bf06bf88,568871091.5232414
91b8b9db5372a2c3a5c30c58,528144839.1740925
038272b33c075765464761e8,522608450.3000544
fe8e45caf7605fb91d6bc5f7,640994031.8392156
d354a2581dcb183c0cd70540,601648945.7873503
9421ce9f204f373a50357fce,563398871.3445301
56bd3b61805077405af098a9,678954502.1728721
0a606d19ae362a58922b172e,715343991.0726209
ededebb1a544fb3246d3e131,524438251.34106797
6b6c365359d20be719ce815a,619300799.4206228
b8b22c1afac62b05ad389dc5,575774736.918367
3e3717eda8ec9a68c9d83027,544765619.9423456
03be8ec62dae56680beb2cf3,816452012.1769307
fe6c8cd2e792d62a4c324da5,798101395.4194709
f9c133f7a12f2b8c1b2beedc,674146432.2503599
4ec47b8100d224499ec608e8,634905184.3186325
143ca16847cc47d4a4c01ac0,594074601.2675406
22127243f7ba3a68c3fc33bf,604335965.1044601
835eff7679889fcff6795d8a,636356780.8665643
4ed3eb724d4e57a7b35ddf5c,686607353.6898181
4d743a1250f7d91e2782708e,617379205.1929351
9f5cf735a842860e7ac753cf,645726204.9594226
e54a8b735724b2af56c7a36e,464919742.3624586
3b39471f854357b7e5d2853f,675515373.7861053
91bd11b5a8e0c0124be78f46,342513660.36392117
6121943254877ee48716c4e1,485861698.2972907
3f4c2c98a5a6cb78d7d26327,463434180.8822572
2b6d63d6b072901effbc8e1e,700130335.5038397
7e4b240c601e37977faffeb0,700130335.5038397
ac29d71a80307cab65f29ff4,735368466.1412816
70c77552b1bb67a2a71c2ee1,949703852.290667
54a09a85767156b072c808c8,669473761.1770072
244210fb4bcc0a04f2cdff95,876573824.6848235
9a2b53c1c7151a8b26a71edc,412510680.12161225
918c48a512fd6ff22fdce5d3,589941201.2985375
effe4219e6cb56e5ab70ff6b,849011571.1875864
936e6d2192f28a2b40939a4d,884738182.8702496
ad9a1b23979f0edd2ee19f38,758498870.3989118
8a8e4996e24142eb413c0d12,819089702.607257
31c69cf4d197f97ac594a896,719094461.0607586
143f07eb2a8f0a9e26fc4c56,653945633.7462603
e5fd3cdc6a19653275c7f4a8,677253571.5298395
5c7efb015b8ff7f108c99723,737174683.2691176
394718d9d069a126e13be804,684943926.0008423
56f30ea777f5493139f22384,971671803.0102574
37d5a902f1036cf3d80c275b,576473603.7785401
3f418a8bcc7adfa87e0f67dd,565884471.9662309
051416c05445860d5b4095e6,658578511.1364422
887761f34ce0996bb05ac48a,830337315.5856341
e02fa06a8de8a603e417d5ad,793263032.662007
6f5929e67fb8da068b91096c,634276834.469768
291479f573955e063f2d8bda,759602754.6044179
e60850405ccec092b8fb5d02,592869043.3166331
464864b367e16547fe319229,582359614.1883119
4c14547b7e02e75204ca9f4a,576455663.1221559
6183257f16bce94113879745,501345569.07611877
46c34a4e5987c20eb1f5ff99,477631833.61920416
3f39b25dedb96409dc9d1947,766502296.3549784
e7a85e64ee07971696f555f2,857980374.9580528
33043b254b9085fc82ee1f7f,343203962.1156231
bd2759d469829bb8926dbe09,538253581.3155863
affae17b6cc59bdaa30e29c2,772148907.8815823
e611d41aaf38a58acaa0bf23,607114754.8889889
0de426088a306321990cf60e,495664816.4852575
685982808b30597cc013e2c7,572684626.8753653
4cfd1be6a93641b110fcaf67,393454031.4645137
68fb3b3cc3e5b13440eb014b,933024232.3381114
532bf5813d7e70958f71a480,835804817.3941987
06ee1d8f3ea326a0e3a9791d,615965965.9018975
1862e0c4d8e89fd2302ab376,1810098738.7604842
f3dea3d678d959aaf6b2849f,1092145064.9761543
2478e48a3c6bedd57c13c72c,720724729.5797254
efa36c7738fc14a11cc352eb,699670821.6089165
2f6dfe9443645d6629eeccb9,529442494.28920907
bc7e867cad6f221dc44754b2,631777965.1095726
e4f2fecf58a038d7b18f7160,958802000.569353
a7620d5599ec354541c8af13,928700181.7345
484cde8e47fbf62a339c8219,623924817.2947116
5fcd9836a3ea537fe86d457d,600994790.3889959
1b288024824312c8b1681bd9,685715019.3453902
44e4574527acc86977f5bc41,788748421.6708245
8b716bc4d6d833f9bff3e729,650247011.1741362
0ab85344c5fe6ccb0edb6313,641953720.0642822
03ad99f1799f2a20c8cc0a50,716371857.3045275
6db318f828d464be421eb572,1015369211.1433935
c3e648317c360c76b94bf541,467885811.60256094
19cb65620d2330624252d01c,349323210.6336486
dba9fa9642ebc97ccd765db6,430272805.6498211
1d2467e5f991b935d676e906,479602425.4124479
4091a115125eb4a67f494620,459881613.7530847
d197410ebc0e3b9937464923,443435201.27030045
722699e593085cdd72102baf,503140576.8884905
c059affd0c19f6d4d76f37c2,474068860.40161806
855dcebac302ec5760f67121,696586222.0409093
f433278518a80c3301f26cfa,613816281.359013
66a45b0aaf5f696d35f5cebb,808206373.2242657
0152ffa8757aaaf417e9f997,2394981969.4647346
55b72f6c7163a9b0b3b0b262,588588003.8694588
c8346a875be8391145a2f9aa,490871244.15298736
11c86230e62bd2c9ba44131f,671959466.2892226
c4b97a459e2c6d13710fa273,541402298.3022199
8bcebf3cdc54d4ec99ba0d88,450297938.4939654
ad159116d166e45b70329bd5,556811076.2659509
6f060a8ee8d6d15f46289759,602260569.4863614
ab5f089f9d2ac1bf52222ec5,496753034.6376741
f4fc2da675d6a2583054fc56,440894741.0577239
89eed91bf5148b5645408222,609714762.975913
0761d0b7c6e319a75b06d420,434578867.2712198
ce84187750fa7aadd141b5fb,603581162.8657602
ad77298955813089bce818a2,643526167.9582517
3abe8f334f0f20f8006ca5d6,784533048.6080656
36445c32822146606f75dfdb,692812244.6529535
f9798cc6285c9fb3ed7cb668,714273596.7348132
59dd396f70b8458772307895,602403546.398061
83e91710343450cb0812a6e4,550059218.0303905
1e7a931100be734988955242,926473813.296997
bedc5ab20edc896f814c3f06,760553259.4059876
f884247fa6414f384480bf38,627395426.6332465
f34a38cdec7eb598e55fa41e,696811016.1556693
106ad411e13ea21ad68e5f59,836594989.764127
a87c585acf2a147e381005f5,512479192.64132935
ad755859e7b6afbc021fcf6d,779187487.5671535
8015080cf97316a08453a9fb,748676672.8299693
f56d8f5cfaca0691c6ffbe00,565598050.7297815
8ad016d414e2d2be053d7612,554241955.0736061
8b91a957eca1985938860c28,622600887.2085769
20bce83e2b75fc535a148dc8,559484607.7067384
5724ecee1b12e888d538c1fe,635623415.7394108
1e90d068f3c86c6f691649ff,738650002.3874309
0fd954262ee740999c31d407,567049868.6347322
a6d7b144058ebc326b9803bb,577232094.9244919
a81abab882910584371c7b66,611110535.293933
9e41c4b41cbdc2553d80e362,782174385.7442019
b6fcc49ad3656cbd3f4c2ea6,611752035.8980411
9a296eb9b63ffbdf2a07cd0d,779441581.6731939
3fbc0746bd620a0baabbd859,530463387.6383383
3043d0b025fac4ed90b448e6,481795952.3320154
219555efc5b4291791143252,370850064.5302755
a00863c7c53b2c059ce22dfb,461569970.6915706
28b838c94d10823ceed62e0e,420060707.36141014
7e64ab35f5e336d5bd2e1b51,785976181.5496726
52f24ab479fad35c8bb5a8f6,759323078.4159805
0d1ef14606c58310cae371f2,584975283.96340406
a465a567a4f60ac534505bdd,839523871.7336764
8694b149f7c0deadf820f0e4,586680566.5173075
16d6b756f5ebcacf221918b8,652081565.4019526
7d132190218425df1857b8b8,637784098.2708204
7c7a3f51a58dfd1588d7c088,495694295.6052381
64d1c45a2968b0fbf0eeacaa,665664942.551219
4fdc382b65441412fef509ad,774803487.5857174
04ece9352b3810031f3f9a90,631405632.4242094
8b5b351e07a26c25cf51e176,574669923.4212857
f923bfcb8cdb543c23bafd52,534000625.1666206
a15a12446d2e5993a0a6c423,514398029.5402335
ab3e1642655f7e705cb047a9,534000625.1666206
b62fc917b3e8ddd64bb81018,577008879.5782557
835842cdc8ea0a2206c2b46e,674900682.8384103
02ce5bc5d5d286a4cc0928f6,622321406.223142
d8e51f7b40bf1887ac007163,535260333.07679445
90f320e94aa429856e37bb35,583613363.3485068
967a7676754d6f9aa3e14473,575301908.2712255
9251f3dafa0e747b6e78f295,609509488.9876523
17b5e8357e17b516d947ebe3,699026202.7996458
f943cfd29effc9c048b8e106,571774412.5979276
41719542347401b04dfbaa59,706354630.9055508
bd6ad9a9ab28aaef9b4955c8,628050855.3987184
bbff88040e5b20e874cfad9a,642978449.0203282
3d6a9a4f2336a46eb62e6a47,929210133.1609827
493367258be5d63dc8db97d1,929210133.1609827
67cf2149b4c214da77694088,836198124.2417493
8d2e85825e95f6941445cace,685470234.3149952
01afa737bcfa6b1ab530eb09,820277009.4600947
25813f7204a2e796170c4836,619488022.323908
3cb1773d90dc240c4ffed5c4,651462800.7060204
6c81a0b90366db9f514362b4,685912890.4570549
44c8131b88accb3b46b79ba5,671548699.1993848
ff185be4fdbe3790c72d00cb,446583475.6087279
851f50292e30b0a464c0804d,527762575.7648855
6fc2a4f29e3b896bce631ee0,580848450.747723
cabc4fd04b60a66bdbe2cf9a,653641125.5400815
61e9c2375626a18bc9920c5d,627367020.4841053
396c8060d9767b4debf2a54c,593155973.0895493
92ba019bd942fa33ab742924,562321874.9543352
ff71037ec8e5a91aad6f0686,631625849.6944997
d162a90b37622c1dc6550690,392623785.4270651
e1490f0730f8fdc36993027c,427291168.345234
5a066d6bb65d28c2094051f6,550638555.5541209
9c7bcf000cb37f48d9f15422,531425157.41854894
528a6345df87dd0db33bf822,554422255.344877
579ee47bc31f5408314bca28,594437213.7380247
eb61a13df1c8d8d0efc4db3a,584024808.8612927
b649d315ff3c97c4e8e9db73,349358920.49257815
d8dd26eb78ff22272358e302,572242080.438042
6ae2221c504027acfb7368e8,487310772.63943446
3ce908c9b70f349158f7d04a,620465378.0138907
7cf74cbec871e465ec2f6a61,620465378.0138907
02e9b077d6cece81387fda35,702769919.214943
865ed399cc344e0638e45128,666343994.8478289
d9ed55fb72efda67f5144330,530326637.19128346
9fdbab0b428f19e7e8dc35b0,731027867.89964
c061b886b7136a1b00c8ea2d,795956484.1519094
fd0f6c0b5234ec1f6c7d1fd8,801090509.341646
9df90c0644948ea5539939eb,636326099.7228895
547661e79bf0c62cb8de63d1,636264217.746985
68963f5f3657cb64276e3beb,777473866.0831721
cab0a460167bb64c037cf25d,546130372.6408529
31977cd5d4c09eff149e74ea,576745144.6367888
23264fdd1059460e079e5810,669061223.9410598
4769743185eaeb0e4158e0e0,638933773.3715807
780c809c52509bb4855a4efc,600739946.7263463
f64d4e029592761bee698958,476110227.14484197
be364e85b988ef8627ece74e,395146056.6319944
c73c38b652e9418f06f89b67,449316130.78433776
213032fd36fa1a6342570158,603966346.4864821
d519a8de5fdd1a84ca1baac3,553172154.8661426
df91a494d5d244f20dab0eb0,555077607.2887468
9be92b361ffd3ea2c69be23b,595641688.0312886
cad16b2ea432d926d961109a,585584381.531583
56b22bd973f94a4bfaaf6b33,540180688.0484987
84114798ccd01ae3dc97cb27,545484674.766746
fe2bf1f402addaf17a213030,528604226.26826113
e01c1b69abb6a4c1c69c77d7,623469945.204756
24671f63cd061228ec0b5b9b,551687457.263671
f54c16df774e70d49355cf4c,528120744.95275575
5537b994e85c2688fe555d5c,533228451.89473075
1e5919cbe4373aa261d672d7,550855438.4356527
cc125d0f70d6d0819d6d90ee,530239520.93169135
51f94ebbd6d2533862a1fdbf,609944117.8673499
fe409f9ea8d18c9d9ba4d02e,560762726.9948235
753b47e2a3b9fcdf9d7fd9fa,584256782.3740301
6bdb3153f267395eefbf588c,559756002.3667041
9bde9f216ecb90814670e87f,528604226.26826113
7f5280804c59f56fba3d6201,481822431.7893216
ceaf16e097500022498950ff,511097356.84086496
aef06b27b0a080b5ee539b6b,569126026.6733472
abc668bf93ec7d1951c65cf6,560762726.9948235
56822f406646f93fb39d9e60,617356210.156662
2690ba8b22a95cb837cb87b6,528114063.55037373
180172e4eee8ba756207b3a8,694136083.1234298
c11cd2e00942ffe56db5ae88,558868424.3853539
75a287d87aaf6ffe7b6db546,688300507.9524349
08f35bfbfe1bd663c40d9e54,552206344.5280325
c2bbdb2e5d0191071e6db37b,500284384.5148413
b129a508d1d98a1b6dd2f61f,701650336.0211939
335626f385c28e8370c207cb,461434633.1000899
898ed7299f0c7b8a99e4877b,556689960.1263764
a98022fc80dd6ff27de693f9,515407583.9600976
a59f1631e721d231eab4d146,724072031.6508607
98c9c866109bedd605ab7dbd,608308895.3777679
cc9743189c3671adbb1be49b,736838307.2173302
e22b8126863c9ca8fb04df9f,730525050.4283408
247715511199c5b680088b56,621521305.609084
6e51ca1a9c2bba9fa0cbe5db,709502926.0168351
ba8d6800443dcf95bf9c1037,646585079.7102644
5ec6e033b9dcb454c57050c3,714391930.7729752
156ecfd8ca6004281b191db7,1005473138.8796779
edc3879a1102740f2f96227a,711757364.2783998
c02ce25a3334860d3bad53e8,648205734.9568665
d041129f83f1f13fd7b35e4b,808198913.4144546
6946fb4c877f35e9215ef4be,682008128.2562267
ff2897a56a0fd08996d19424,693603106.4788927
e1b64df8e809ba220c9722aa,707359708.1465585
c13263f9c8628bdef086106b,738605710.8589107
e2b8d1aba0c583984aab25bd,708973310.2058927
3786baf40b31a20f3bf3aa80,642331377.6877306
bcf12785c25f6e600eee8fc0,602058752.2980822
f85d09bb2ea40bd4b68465da,605579453.4752644
1f40dff9a973064aa4737eea,677299348.4896951
79beab95c6857412ebbbdedd,714878157.4068788
5ed8cd2cf2c6dd5b5241d6ac,729157421.7482823
ca8dacc29a57d39640e3e59c,734700310.513057
723655990d58df33d55009b5,766833401.0518644
79a675215fed2e293b27f43d,660956658.4733831
57999ba0ed9089739a1f4de1,719247132.1600218
00cea81b78d6007eb405d5b3,719978821.9934943
c00facb3e4cbb27c47a621db,1095494289.5741603
d1481d9d2bc9d1a3811f2faa,769477602.272674
26313750bd29b2c59a81b58e,970899551.5392058
2bbbe93b615c46483056bfe6,880581385.5502734
0f8fa0a074b743c92f0fc56f,869530189.9493517
b925f9ef733930be26417458,1065143385.5353696
0183b38955437e8d0128a013,741021400.1161318
1c9f65b631d2f2856bc97079,703117383.5484784
c11d82cd360eae99c04009b1,825012117.5742903
4a80ffd8e908a3291a32fb6d,1006186904.1187178
1a0134583a5854d5aa9cdb9f,939248628.608699
5f5346deedcb7cf5dcd1e9be,809994983.5780352
f17c8b14e56a76ea84a45fd6,968682265.0443773
b8ff548543842246ad439703,979615776.7161213
53462704cfc47d32492b4847,991868960.0060791
25f925538316d3cdda8218c4,895803396.2194086
ffe653c61bf13df43fa22190,570963902.6688008
228d98c82021e2325263c7d2,450100471.20085853
f32a7d08d176bf9177dbcab1,582099352.3125477
f2c86c1edac4eec6c01ec11d,413387401.29141057
06e350e3c733e5a0afb613cb,579338128.9207003
e2544529df4efb7e90afcd21,554434172.6158205
a639ec3b943cf90cb28bc1b3,726931756.6730086
a1320186028a726935bc1cc5,796535392.7303076
97337d2f347a50e0ef518516,575626391.3643012
8f619dd7fcf5e1a17af301c4,703985114.3300691
72569ddc5828fc702b2fc773,843456709.8552042
ec674ba8cd16c2264d270901,1362967461.4068482
2b05f001ed1a84425a45d0ac,637538700.8546313
0a7758f69ddd8fb27a839661,526524378.51276994
e3ec7a8fba3e1ea07a135dfc,500797329.5082914
4163b665043ed27d7bf26c00,483529349.02128077
69f7b81b70ea61f304ccd36d,813718808.6594511
ff61104cbeb37f077c565fd1,540734887.3397175
883ee78c03efdb4bdc57796b,588613316.2633641
fafaa5dcf66d22bff322c72e,419656532.0087638
eaf0f2b00b6994a9ba8c5ed0,536908499.9519924
9b1590945c0c7f7b0704d287,626300752.9205066
766d34ea891f3af53f1391ba,719966479.6275328
b8680f925773229571014e61,486745032.3378497
2fcab31c752b699af5e8ce8b,799726372.8811909
96d14697ed6847ee757d113f,700679853.0226536
ded79c11c30167a9d8accf77,577746909.5776696
ac50dfe70b599ae93ddee4fe,589082664.633551
3fc7a0f9c30978f24d688fb7,575726424.7033788
083f05fe52ab15e8d481ad41,607803625.5570952
075be16d8d9ed6831d139b2e,499441334.5285617
ffce0b151f293cad0a6f770f,850014307.8486669
5997da918101ff14bddf20eb,498937694.38465285
e102f1d841d7cdb596d50624,422614012.9757187
a2c3da753f0116aa5842d4ec,704384710.6497463
43228eaa1230dc0f7f1473df,468013501.16227967
4349d6bfd5a518fcb231cb3f,609506073.8471252
c6c978051fdc655d21a370ab,629590904.7852972
f4cdf3ff86fe70fae3e59f4c,654190648.7152867
ac154aaafe98dae45bf9782e,803974376.2250746
01f6c99999c154461765f4c4,604163653.4349619
d7d30819fc6ad6e7e41453c1,884701736.8395381
383b3198861942064a63184a,564536960.5871389
3a2f110334251e97abe3583f,366269973.17561126
9b9db425b698a4931173b5a4,595590426.2051014
3b51828a1e891f3a52a4653c,614506800.5623497
c94dc49efe0a350bb522a56a,634933985.9369253
39e4765ae5c8284e1f3f618b,682800810.8005098
04b28e63fbba92daf83865ba,691173605.2966567
b9643a26731cf2a9a243ef33,876988889.4896293
19e03fc1a7ca4b0761eb9ef3,600786264.6773254
c0224f0cee5a388014db4f55,1043970408.7996604
c4074029fba935dafd82eba8,306961789.7938571
0a8d749a2336d8f66a4f19ef,431775992.52122647
e84da6ce78339d50a72cd87d,375961627.3657257
e9830411c3092327f4e66a99,656514653.3978903
17d51fdfe8fd16185bf5feb4,609866004.6385438
f07126d58455b20f547c4380,587413490.5867004
8fe7db56d501b9c11461f62b,532485357.1759721
1ae2058fbe26f384be45df4d,518596215.3765936
e74a31e6edd4459d4e215c5a,508807680.5410699
c91945dcab0bf200c3ef321e,565153527.0033346
933018604a8d5a9020aac221,642806464.1745089
876ebdaa0bc953890e323843,702788292.6094623
4fd907c202de4f06cade3b3b,744164198.441024
e40f616637f6187024b34086,756848272.0656717
f9038f7e24e0a29bd9f3e24d,771509346.5039557
b27fc4e7f6042d70a7651038,622895402.6084542
e68b18b57fbc5fd6cbb477e1,658529784.770998
326a82671272d893ce699476,563348155.582341
d2655e69f5dbd09ddb9268e7,670745509.403448
440cd2efd45c019c7151902d,671448266.2177576
e5099db945e4f04aa3f0bfeb,614567583.5038555
3477d85a434f66df58fbc094,867418808.9163169
56991f74ed430ed942b2d6d6,786987419.6848254
7ac1b85bd87929705b7a86ca,657902948.0889035
0e1fbbe248919eb71e53ea75,520856093.809884
75c16273d3a593752446c27b,678044211.9398167
7e74469fe0b030254756296d,743377073.8309423
35fca2d53ed17ea7637c528a,738967268.771985
963cc728f3bc207a7ad74ec4,833392870.2947305
fa9dec2129f7218b4c4d4b35,603105928.2615691
1d0a6bf40e609fc74a319310,595661793.4460964
b9551c416341fb167049d4ce,557935140.2663707
89131a0af2db172538723b08,658334940.3734399
3e66557e876a876c259c40a0,563871848.0007144
078144699729ee0c46f36123,731224021.1550043
fd15189b99da46b098a949e6,582744161.6498054
d69209d7a26bd306bde5a37d,648124366.068995
89690c80b7adcb8a8afe531a,694805127.7021406
0e0d19168609ac1d75253edc,621507410.1584601
6cd0aca2bc40d83473a39885,595242062.0763023
6ea0d50e822913d0f444d89e,612094488.966042
39579c195f288da8d77f5ce9,593981666.6067151
bc54f5dc4e9ce267ea592813,684562871.7404666
1d43fd3f7fb4e24a0b7c9ec3,619552261.7427332
2566d8588566312ffa4fde42,586371970.5158563
8d27746cd9d2532fe9cfc408,318026535.87628835
95b822f76b4d3d6ceb0c5077,601618693.3377833
eba86391ca00fb217ed1f774,549965083.6020024
b9a0575867a59dc5dcbb9cce,541224466.8579456
0845e73ae95dbd4aec3f1f43,665103241.7863178
419a2f823e87ab67b1311bee,632838707.0702579
552217c633d2562cdcaa81bb,594464486.6970963
4fd7984773d2872e51574ffd,633052430.622756
a87ed2154a2351cf26f0027d,618131769.6845258
a2522c9d3edb7e7a23a42b74,874110414.8049816
357e58ef96c53f39e267b80c,951143306.4492061
cf0ca58262feb1f8b0dc7b68,849252153.5166485
1cb79aba890b35f9d2a400f6,1116622332.201811
d5c79ef12f43e2bc19e22fdc,653882709.8938605
776e1192349cb7cf1579056a,875337729.6861755
7de63633c7666484bd098e2b,590319082.7032915
ca1b1c17572f776fc1059691,491259944.1341392
53e94de217ec45ad576fd83b,668063977.3614628
ed5c3d2952d2575b1bb757ee,723282789.7063392
bdfa334bc331e3e547f7568f,607803625.5570952
9c6a01e3c7ef87d27185e9f3,708858462.5886608
05d9818d3f9f2a5c358d3911,844139301.502073
f6c990e406b3756ee39b3b30,605528673.8909576
19ace6cdfbd8bed6e99c86d9,683583411.2918481
6a04f8684e083eb6319b5272,520329506.9135169
179bf83034539c8a391e0310,531065818.03195506
a42081eac6834da0560ea4ef,671804309.5839132
784fa9e78f7cfeca4133e8ed,720735995.5130026
978edd828fc71300e6723e06,779902249.8512787
61d6969334fc63611c810e2b,567791241.3361516
4d592a67596afbca92d26bcb,661683691.8644065
50f8068603edac10c87411ec,567611739.7578001
9965f598c5b95b3cfaac50ad,635459785.4922148
66cf83769d16a4d659edba6d,620760053.7279036
9c2c2b01934d1d519e651786,596572847.200689
2b4913f28d07628bf2d3ed92,882398100.703079
9baf7967c49fa209de8dda95,674434084.4481035
7a0f887a9426270ff3c24e36,588706079.6027825
c1034173dda31d20c4efbed1,725368130.6254636
c4a3d64de5e401a86395a919,552855966.4060057
c4cef41167a5e8354a61feb4,666366653.0918312
f52226b24ca3d5b04b7cfcde,632617838.0206777
36d5003f0b5ec7f80e89262d,756620452.7312828
641600a4cbb13b35dc7913e8,817298526.189778
c31c4bd09d8cfba562ed2b41,747402410.7355962
0df96c81adcd6fbc2f7141c3,762609080.3784721
4499adb2aa3aee94d1f1a1b3,740869656.4926846
4ec06163d39f96baebe11bd3,561962741.9589036
692cc1c9949d35ae11412fd6,537441540.4775356
f1da5388b772159ec90c3210,700209081.5245233
e7ae63f81f8fad37bb9c1b32,818127424.1131369
d39797a12d9a4aaf15ac11e6,631767983.7596899
efc5412fb02ba9d8f604e493,633964290.2926657
bee2e008ee41f8a711fb8d29,651153942.0961726
80279a7533c44bbae477ea4b,747297458.3411219
edc43e57b2905405a13f8f3f,356547334.48539585
751795587d1396e0daa25783,571051321.0829979
6d90801ea8cbc12f9e2131a3,608689788.2271253
71fe067a5ae994180f530686,608689788.2271253
2e99240e23b0542f1cc75026,513518432.3856459
fd6112c82d5808311b08e29f,567343828.0527782
0ac639a7c5ec115b3df8111b,567582370.3698763
af0cfebd54f32b9b92c5fdf3,608689788.2271253
b0015b31facc48a49f1313ef,538426138.6046847
2347f69ec1ce4a3fb6989eb7,611678308.4044232
209bf65e11bd7053d9658824,657213542.8838499
41877a677d1856bf609515fe,639408612.4231814
cf60297d9d9bf1268f35ad95,786907004.3955847
a33800eaaf178e01558ee926,799858069.9936166
69e663ffb4935aecb875854c,677466659.2084283
595415e95e075b70c39d5c5d,719787206.1990439
719679261d84d6b93035143d,737101985.5053275
9f149071cf61295815e3f875,844209437.1190907
3d24d985b95a3e200a734bc2,844525126.5761608
bbe705b86c6ed4da775b68f0,554051681.7750543
e1d875468eea7b2eecbb49c7,659597756.8066248
0802b7e10706252dab8db909,619641516.4288875
2f412384597554f3dab07985,638532423.3001093
da8b5c8a320821ab8ca00a80,591073940.3234633
0f10d20cff5664f9564bc88f,976652931.9653431
ab8699d3c685fa834d7ccb3f,533890134.2056473
85956152686438c48c52e018,848895769.4917951
ed9c4f4e06183b15b877f077,632298452.5643996
12e32a758e15fbeefa255207,650794215.9466078
22cfdfbff44541dba9091753,662324602.5180129
314a1e163d0b77b0f384da29,453568876.55266756
23959a0f6e27c8c2b4a7f436,668859016.1067685
6ab5a87a537d2ce326c867c1,545570550.5886283
d9ebae84cb53d29bbd8a466e,428117740.44313157
9511afb73b656135daaceb43,815121053.8148704
9231ec89e58a3daf459c5b43,1034140796.2967774
8d97cda83fc7353a86c9393a,1182709519.2650335
3b380c563ed2505b7630feaa,878667099.0530536
6e5ca223128fa2de422b4009,553023811.9893389
ee30ab004ac5270daf59758e,646268078.351684
d6fee4f680569a54f4267215,726437315.9245558
db3b84e5b3a9097392a57319,641960793.4007182
cef379fa831f936cad745dbc,475247466.387731
4db8d32011163bc4fe01d02e,537092260.3070204
f842221d74340270e757fd41,851616983.1225556
f6173e36f95ad05b8e94321b,803249397.1750336
5960f14f2a81075fa66568f8,490728909.9062866
cdeba97450c735185e486eab,629231238.2181864
f9a802cbc802d49a087cf23e,998908128.233014
6a9ef848f22fecb9569098c2,589715950.5630798
f3986309e4fc4cde2b5feed9,688127968.0603238
6c3435048735371c36dd3892,770459301.7143956
f019dfbfa7fbbddec988fb25,890632331.1009619
4526cb4a2b8238dcc4e496e3,1301744165.3540823
95561bd325f60967cb6653dc,807392171.3122976
9f3e09a3461bce2fee7e1c40,1339662302.0165052
1034b1af0331daddad70f3a5,554492657.272366
3ee9cfee7b0acd482672ed47,699233387.3630812
adb51a572f3198367e3760ef,591345678.5483358
5c802e198dc0906016741026,492072034.10416144
671603ba1f755be5d7219a01,552601912.2254436
001d77bfb387bdf0b53e9e83,722696110.6574352
fd9fda1abfcdd1066a177e14,604787614.0112097
e1e78f3432ea2dff6b69c6c0,430120009.885662
378e6374da00b72bcd7920df,666915319.1662363
54ec4fd8f49c897c644ce83a,688014290.4818091
a67ef3a182aa268bc4d9ea14,574686206.0928235
8100a4b0288d5d9d9dc86d2f,597944426.6618829
699ac8957d9b4eb7fcfbcc40,898959508.1093862
7b35a3e9f3e67fa1974f5c25,651766244.1628532
6e5383a7f9a68147c2788565,863688765.745386
fca1c40a338288036b1eb25c,814158606.7974104
237da4784755f090c89f07be,660543710.2267032
21a7c5d6ea818dfb25077e13,623847067.3578886
0cf7dd52e117832b4698b310,600843703.5067574
677c8056695a5a539dcfa3d0,637987614.9925267
e4b85269ca413066323f66e0,997251165.5819817
9019f1dd02ede61479b62406,585519948.383193
958f3e102c6ecf5f6386a004,677672215.7233833
b05c741bc5013a7a6abd31d6,677672215.7233833
2c58f2cbd00035febac060e1,597569152.829007
89d36acc5f617a6a97e02f23,574502463.2686832
2fba6801eb9a7bce7ed2c081,577735386.704234
45ccde79aee811756030903d,552594847.3015774
5bdb5174517b8faa23df9587,955205101.2277339
36a11817b32bc24eda6ec8eb,599054413.9001222
f1319a9332946bd68db250c2,484159363.84351134
39f70d6b68b22668a0631f37,506577715.357964
3958d0cb732f3d623764be54,688826399.5571879
f67028acda5ecaa4c8781ba6,603117003.0954936
76f50ce5f30cb96d48a69357,544765619.9423456
9e5efd4741a57b9af54e9265,601434529.0328653
8c45ac143f5cc43e9249c17b,830731636.7687031
2a66eb4d2a205bc4474c0afa,807042139.5898015
85cf1ee98e1a85ff4619e27c,720783680.0501076
84c2ab0573d3cbffa0be90f4,661598760.1184634
48976c41de22ddaea3f8c296,517973999.06041867
001c03f6103d35389825b62e,647454085.3200517
ceab390b6906d5cbe65fc402,541163546.51621306
79f989fd66108a2c38a9764e,699598692.5737234
cc385eff95aa00310eb22111,629371285.348414
ed764bed1d05cb1e9a4e67f8,868985452.379338
857c5dae475eadef41c25603,636499315.333276
7148b0d9e2e1e92d41633230,617379202.434415
7f3e02524981fc7e40eccfdc,450081016.70883006
ccc625df8f51248e3dc93214,659310092.9148718
b38776cf09ec8e90fceeec84,545069416.0143545
48ebc3d79e01061c926066ba,417201053.70294935
9580bf8358095abb15a10c36,327507691.55031204
d26d35e33a0cf88f735a9322,546005254.930752
b4c2a0a1a63d35a9a08a6e15,616914200.668694
1bf1913f806bd4b461233551,405123640.0561572
34d1394dbb483e55d1cc2da5,533173961.8174406
7bef2da7f3c160e94fe91ead,454251078.09474236
528014ff6b7cdbfc174f4fcb,580986337.4199722
bf1dae54bab00fcd3e8c9ce2,531120201.2207477
f270dfd9ef449a02b6d7ae2e,581719735.2563634
31d6f089626c4fd08536fac0,437219606.34238404
259f4f7fd5d851be70d63633,454617142.6450095
6b74ef5c8ab1df614bfba866,712201944.595833
7ee7fba3a30e0e7c2ed3043c,630834342.2771322
b24bd44eefc3ccf053939dfd,617158075.2466595
0545fc14aece3f37864ced2d,609958164.2226473
e07eb36210e90ef0419fa0d0,730605151.1639104
3991b04509fa61b36a8f7d2a,666563835.8110136
387af5fb4b4a7f5c3fdcce57,580705190.1777165
6852e8bbadc1a9f4fbcd695d,692284819.4823089
8c3373f9c0372b87ef021512,772402882.2046396
6123a0dd128e45216f832e3d,742013042.4807774
0913364c688d7375d0f7af5d,553398776.8593891
8831ae77efac99a6c58ce05d,710723207.3611224
b6283a5714e0b977110318ea,560872969.643034
d2d8f5356f77507f8839280c,723365064.5290289
f36bb15462fb29f80b127458,936972749.5808388
7abf9cd6b26e2e2bb6d91e5c,784258309.28998
1a5f6f7e8b7af9d48644f1e0,783485484.9690744
8e2a5f8431996ae0db65d0be,652078984.3968967
29535d858fa3a11792697820,688355413.9739218
8e4df02eee6cab9bd1011987,492440916.5460056
5a4039f0ca12767138ae585f,592666194.0648463
d84248b3ce8ff6f5fa480a83,594217993.2348666
5838e86b74020a5bead56161,596287031.8544176
02091877f01c926c350b013b,551066399.7313155
df298574e35dda90fb568023,593167182.7448002
d8b83253855448caa81f7780,597890021.4580885
1163ab2c0bc8c998e121b922,566810895.7373295
14f9ab54432e5f54a50be4a5,508410381.80678475
f4e0fa1172c1d4b70b6c4d73,570791589.2080817
4345863fe83682f6091d8a77,618219155.35159
6c5bbbfa3a1515e5cdec9ae1,623377938.8549354
742da63af109164c21dd57af,594649813.2839441
fdc28a68bf8a5bc86288b4c7,645512187.0572026
0f4b077de4ba5f5db6fb0065,579699276.1081642
320ff6c0320674fd278f6fc7,591784203.0119827
6acf9cef08906fe569c38572,674735547.7377323
853febf898a1dba351d6f917,582937022.2853252
8ae41ff6a828f175a9f628b2,526320650.1641808
56ae6108c1b53c649da2f6ba,567957218.7972656
aa990d4e5f1a0fc4f0bb29aa,618602129.453519
cb8b826e929f4f8a8e3687bd,601144698.9196137
b85a7389bab2e651f05369da,605371150.3274486
1fe929afafa91bee53df4e86,626370686.0112972
02e89c055b7692dab024defc,527413730.06074154
66bc6e56bcac9bfc4a7341d8,720253710.6956098
63cee15dc4a6808616a2c2e6,634770431.8753734
9a889078a0225c013570609f,547878507.5295526
3548fa5ad26ba2ea999380a0,633103225.661494
d9d8aeafa748f8f1ff2fca22,607289743.3665354
9e2c21d635fc25f7790cafa9,482768723.1731347
f99adfe85d32b0a66f4d483a,628978217.3319654
eb64fd330053a41ce5be4a7e,545992327.3996354
ea8d704272b2cd066a7e7867,608932002.2050225
e7c92ef9784a92c8b7fca693,630874008.3282443
a9b83e18ae78d307d1b39b15,593170562.9782134
ab8d6823d905f1f0ccf4a75c,633813528.4764323
8447ca83d928dc34c2e7f9fa,565440003.3391013
5bd24b842a67601630036d0c,665540496.7149761
38d5b9319bc16bae99fe73b9,617228663.6993017
e1558509b120809eface5b87,593195898.1355944
4b8d7217da1b1f225f254914,636702363.2153409
09e0c3a1b90d46c361007323,545992327.3996354
d090a9e520ef74848bb060a6,670204242.1774822
07284e4caec09fbbb16adf2f,643900796.3470683
f8bb20be599b79cbe29f36cb,665038148.8755116
07dd30f04c5953f325df9aad,618872189.2247351
622872d345b4b0d9c1b9302f,607491377.1226165
fc9151dd6f8850502c747bab,626493817.5648172
0fdd03a2dfb18e323d96f468,647421721.4196798
ad7cfe29b56c915dd016897c,639896590.8111203
f40a182d82c489f55c64ab7b,623400470.772685
fb06aae0e711d628b16eb910,644227783.6748806
7dabee85f750266dce02399e,791347484.9371623
ebcab2f8506c64a461591d1c,600975372.7443951
340f96c7de105aec5b7a28b9,651159050.3209527
be1c6023731fb633c4f41f96,530799841.92301875
d6b051fbaa13e3d92a798521,679141040.8222262
bd04c8b6b5e381cd5f881379,537413778.5087284
2ca47f5c36ea5d1cf00dbd2f,607139739.7364517
3f2c18ea5d8e9a25adca4c42,632145499.4770912
5bd59dbebb0d6fa71efa4c66,701178790.3742269
bdac2f1c4b306a7742f60ab9,658277721.4984797
a0e26a9d56cfb3b7228e5d75,648568739.1878473
933740e21e9b61721b2c6053,572994727.246388
a3b9c1a3b81f17e6b22b6152,649692756.656996
445e241d8bfaceb149609d6a,613883122.8475357
937f0b37f566f65a1871615d,602023449.2382504
9a76a405640f670c6355630a,584358167.7710141
7a0f351e8562fb7aafe6e714,482894347.96401834
4c5b79f3656501fce2e2178d,680284314.1893902
201053b106a0b89a0a47e2cc,540219035.132994
724a5f9542f86cc43334d3e6,450032568.2960221
afaadd87a196e04b934e0b1a,435302632.1201646
a46cfad2458ac7ca4134818c,619614256.7530648
f640eb21bdbb9369acc4e863,462134023.757433
8b3350aaa66b9fa1c682c15d,584137416.0537533
1340b0805cb34eb9a982190f,559140227.1897324
055d5ab6b22d4d0ac325fe73,494683471.5974961
faed63c1287896e97987c4c9,591873456.6535014
a094be8af52cf76977fa5083,655102567.5014253
feb3384733ed8feeedf9ce8b,655102567.5014253
eec4d59429b1d1bb75b4d686,531285629.8699061
3e9754a961d2cf348c9ff7af,524510661.6891807
8f8a92abd28c8990534e847d,626156625.4833809
256491790d0a2d5e1ebdc2e2,568774352.2399915
ede7995bc4e7e672fda4fa5a,644397642.7782508
9e8a11484838eed1f4673a32,668861887.575096
8aad5795547ade3c804c0ef0,557655979.9537821
4ec4683fcf928d9fb33eb7b9,683744459.8962444
ee18825bcf4065d29287b54e,727464380.3853456
485cd615660dda11586f797c,723975696.8138615
8b450ea6c21fe0b5157529a4,650032268.4920917
0d45e78397d4bc0d363be47e,824062974.947321
bfa4cb65827c4ebb91478e53,756591695.2186098
deb2c93acfaf6994bb3c0608,634083040.4125421
571e1a8c252cd67ee0475974,735813886.5133405
04e337d3c692f3429d47aef4,700950445.4286181
cd2913f013727119158b98c0,721732619.1210307
ba63594585c484bbd20ed3a1,595387687.3332031
beb7b99cf12926d8714d1c5d,641785302.9411963
0fbc9e52ccf1b7ea8136cbbe,611851710.0757357
f36031f3a3f77a3fcad337aa,942754995.1968892
7738f18d533d0f0379e3a06d,717579000.9953737
20c3cc21b44eb37d0b359c1a,742144556.912254
78257e76c16db549022fbf2c,764345580.8586692
4baceaad0b0081bdaa37473c,691490155.3387446
6bbf67d88846e94a63014eee,817161716.1501678
edb259013ceb62ad9b23eee3,941239683.7491435
ecfe155a407ad2c2f74522e8,829972780.4439402
6906a20be4962df7725dda7c,979779568.6182573
5d86b884df3627d93f206952,869253650.0711406
cac3eb4606346268cea48e32,897161154.1361104
e7439820086f8d1cb13d7c9b,627138872.7486478
b940561f2d48444e139eaf71,514876603.8580502
4433060d0fa95ae1382f2de1,640514850.2152948
27dd503d4fbf4d5f5d850d4d,736142111.1896218
42a73bad238f2d3f5e376044,497598494.4560963
2b53b13cd912f353cf9c4757,623046466.9428537
4cb59b46927df31150830d5e,544329129.7295556
2f3d01cbf0ee0b985386418d,519498929.2085444
d12e6de49fcca906c3586994,450485895.6029762
8f541a839df1ae79d563427f,400641275.8121207
ae5ff2b5eb4f9ac44fef666c,724746793.9257367
ca77a424800783bb9c5c0450,704818879.2019526
c0ec1e7ae2c6c3c2f2ae34b8,570848471.4501239
2372f7c0499de8aa2e5ffa06,727495433.1512326
46de3fbec5bc6c0e256e7751,556708533.7959594
4d8b338266822739bc9c8fc9,668587098.6019458
86d46a3fd9d7bbcac3319829,676061051.0670732
b13fce1462ed87e57ddec917,851670126.2985711
625caf4f4f56f3f6bfd3f786,459270404.53725535
2214e2c62cf8d2d14f11d47c,605095747.783614
cee8fedd5685633435d77a06,739191674.1466963
061386497cc2dede3ea70b1e,465080563.64077395
3ce50f34a7974ec17178a79f,674132367.48194
855ce1721230ba103fc0ae84,373542253.92022187
ff3b85eb538fb9a7dd03f459,431284568.3581129
111bf82100a6fab0c9ded743,639524276.0186188
8877941794810464749ba5d5,568871091.5232414
1122a042822658cb504dc147,639524276.0186188
d7d924ec35768a3e6bd39b20,614521944.0640167
27cf45528b4266162f7c9029,505122257.62538534
916f946082d03023ffad6f2a,606367743.6297268
68181ef118970fdb1d83f030,865046069.2630761
2f0bbbbb466fae3fe5c4f614,692683481.1276045
17c8b228fa2591e3a234d55c,582181622.4651449
e5d9afdaf318dbe749bf9950,582181622.4651449
ce2cce355f493a75ab59b242,556543438.0471054
b6825cfa2fde9b42fcf04c59,691007055.2447723
6fb3e33e16eb81331d389ad7,482038104.0944971
e29d9a401a246c00f5eb2413,657192836.7433984
fdf103976a39cc12f5effaa2,657192836.7433984
d1526bc5e5446680841a9cd7,678608456.3729798
a96cb9d988f5dc99bf5df4ea,678608456.3729798
760125efabf13246774a9f16,644041952.6087569
229607e2faf76efeeadcdfce,527590675.53887457
f14b11d270282b317d9cbadc,584126302.3018912
8a41638edfc5183469b6c43f,565108779.344339
ba249dc7eae0609f20ccf234,721631607.9745709
0dfc7d77d3dca86a221fe62b,822516871.0909419
ed7f61ea4c9095bd4aca258a,572508034.3681363
d2ce77db7cade7f2c6189002,560872969.643034
9d18c354e8939c9f18598f22,436768121.7620518
b95689add02915dab555d9f7,837736994.0339953
1c35d9468cdc55670d48db84,721882078.1311718
caa4aecacff2beded2e76beb,577397859.1316204
017487de3455d9f642a7fadc,755321688.3051169
8ed9c13717d2bb274a81e460,760880563.0405002
c2eeb1cf0549df1359ef4dcb,317411593.9757866
3a413637f3108ddf7bd53bcc,479080811.9868031
145a241c80430b1e4ddebcfe,558479502.6965051
c954618c48b70cb00efb49fe,584532877.0848788
fda6cee77fbfbce6ec0eabdd,553736079.8197803
b92c9c464e23f8b987290769,599018411.8514087
d81b170177769c0121b8935a,639391253.9762927
7a832790d068e1e85182b5a5,568602701.748763
462ced9cfb28550c160e5664,676418199.3891195
edd9a278b86b1c56e237a0f3,518445864.16927683
fe9b6a82fcc3266ddcb3e36b,726952087.4826788
fa74fbeb90bdaf8eb26f8329,614290791.85875
a70b6661eda6ef616e19dded,537611287.9517647
cbcf4d76223673724b0f9811,446334292.26084626
ba16ae6ca55dc3c0d5480944,702967759.1536171
3c840c206546c20b3e53d4fa,623605924.6086053
c61076b24927a46ef506322c,641583913.3853642
2e797c8302fb7ada13ef2d4c,845495864.468407
3c9e3b97db788dcd10acf0e1,661505277.2510829
28db5acb7b224d44e3d7ce80,672280244.4429117
c7aad87d39537083a5620757,621085724.2617699
099721566fdd0a32546fedbd,646308132.8228974
bc67f29c8679adf31353bec6,637255597.0696464
eb40a304997a6e66c550b704,681426583.8064443
3882da646752a82db088c614,687309845.6752242
68c319925551b9484778bb65,659998550.155115
711b570ff195fb77229deb35,639637184.974682
e7a2e8e1c22a52f78ffd1b19,713902016.712943
814d93fc94b4de6d3a860bcb,471022833.57818013
817da44fa842fe304b93c199,399407461.7316616
5cb29f5aaad14b6c33813580,435302632.1201646
8a1105028a1a1b83c5080abb,274212749.7524441
82b69c38d041325a4bb2fbce,321002754.4275644
a57d01ed5a9641ad64f7f032,559140227.1897324
90186e67d802be6d12eb3696,544915284.0055894
f781bb1ed340e08b23258ceb,536745264.879155
db05818b6de8d77c1c3fd053,552523642.989028
f4ed8924f5d1a3e6374715aa,799591235.003841
d792d1eec60822752c8d52f1,631342015.6012704
47a3c63f65a9794384c655dc,494683471.5974961
ebacf31727972e81d0a0d904,625346943.3531442
a759e4c03e49c419c8f0cd2d,652591322.6790382
0648a4bd7ca088f4b3834401,664547815.6437887
b25734bf3ca94e775f467e85,482449388.2062004
65a8795e7a5b88acd7a469c4,656458441.5072562
b799aa1dd2de813ccad401e8,822442645.6748321
c01440b8ff0d80e7bbad715c,774539000.5593334
a20cd5193779526b43612ebe,596830090.3896931
0cddda1c211fcdce819d5f8f,619230878.4002092
69bcce6b58fc3702580d3234,765274708.5248322
ac7c0c806b57e4942d9ead3e,597940752.0264214
aa9e131fe4e7982a374bbb84,787053444.6431214
290725d6b15062397597b954,661110464.7588593
5f0fa37b7c5cf77e0508abd2,681444734.9477229
c76f482d2a8f8db5eb79ae89,954713804.1457324
f651cc17b051c962e4124795,531444232.73579776
250d84aac8add089061d3204,879177415.4260569
d3f9cf66c1c05f55325b894a,941239683.7491435
7198cf5aae5d0d5ba2e43b96,764345580.8586692
766c7906cf0493736436fdea,930873163.8726447
78f670c0d7a26c0323281ffa,695021073.2631
ec0eb8d68807f52b681f138e,756915601.1090394
446138cfd3749c0b6715b0c3,730047279.1924025
64b4837e4550ce39f2f85342,641871374.4607784
1103c663f6b5ed0309a767b2,735115473.2877195
b9a573a3f2cedd87c7dc6477,611201000.2079983
de54862f5b7b8ff345c6b297,473665571.0607063
16b3311b337c0cb9312ddba1,559140227.1897324
a1c2003dfcdce97d21f9cd15,494683471.5974961
262688a95a32f10fa070a887,540042395.48267
8e374b19fb87640c56243088,482449388.2062004
4032d6a6a13399797a794ab7,631342015.6012704
99f1712af0fe96f67d11037b,539941966.3954673
bcc584e6a08822158e2a1454,508192128.518921
ad14f4403926de76de2604c6,469467011.23119915
01f855427cbe3eb51b38288f,578948849.2067336
4673ef4fa28aabb0fe61043b,462930038.8655629
f4cf541f02d99ea1851b9f12,583636835.6079814
bfe19954cd4680149c682587,439367481.47171175
fed8f3bf4a2d7a426901706c,624975405.6566123
480aa7fe286f4aa31f56d4b9,700659065.4941266
1e9850a50070dd51861a5e63,689994978.1565033
e26dcf5836f5bb53553cc413,666039303.0312225
c7ac975025713f368bdb0af8,740142282.1481841
73fd5bc0aee47d89a160f5d1,652734148.8452595
5bb9dac6e0e9409e89aa6cee,701462598.6592999
9b15aa6c85804621f5c42566,764345580.8586692
199fe72cad28e4554e359ff1,691490155.3387446
b28ba88f3665a2f26c2f8e47,941239683.7491435
453ef603a66a34f17ae22227,709608215.6481361
d8f4955ed4fc363d6d9ea897,768682098.0010446
f2eca7e3226f625807f7d6be,958110742.8813866
361ccd7f37ada9c07ffcf71c,605111067.6323916
e7d1ee027da436cbaa122f48,995597244.4434946
554ec896fe4f9d8f2e8eabe0,846877686.1761454
ba79c72aa8bbb0517c899b59,631144997.0465168
69dd957e78fcdd4d8e874acb,474530969.60735846
df91a3c7f364df5e6831f2de,724532293.6386567
77866048ba7b69532d0a18cc,654184963.1390853
a792bde8819aebc5b2d73a6a,643749598.1258901
6293e4a72b5c84782bcdbf78,641958289.0382951
bcee01a5d6a36f48d99a5e4b,724954897.6087649
c58b56f1202d1cdffdda3021,571871134.0128909
ed3275b560f020baeb9ce3c0,502199198.40292346
2a872557ba401f4c95e0ad2e,689172109.6102473
6b8c1c7c855656b0e56f0bb6,722302427.6904358
d6297cc548b16bff11eea51a,627051867.3969538
dadce7c7a446a6a177821b73,677197288.745187
f5d9d8082e7652e97973e0e4,916816454.7627463
2ef9126614eeef828f797e66,861922450.8078129
c70439fc435337f1e8fd2f5e,857801470.9485898
79631cac54b1e71c1022da12,1235088793.9774766
6fca3b70ba2c68d9e0d2540f,398566178.0044773
5b29d453bd368190e0e356c2,512088236.268347
25995099875f0ee622ebc31d,644134116.8086778
34bd7be0761ab3d43da7a81c,464546975.32394266
b8e15d182ac0c74fba332b8b,560818841.7526641
901e3b835718ccae27c8831b,501802083.2940803
e1c7a101e5d518583f9a2a7b,722396923.5774356
02f6ffcfcdd3dbba94dd7b33,868195628.5158021
2162e09e137eb5f4a1f32b16,512121852.1641867
5eb815f9023e6eb97786233f,1098817660.0358675
d2ab14487e0ecf640a785277,664871820.6838543
437167a9db41b677da7d5a7d,483284123.0576705
c3f889c41c1effea85bcc706,447167831.0322651
155da5ad9ad19d57a7632cd0,665147542.2635037
43d1fb0646562c3f1dd6fefa,553943353.6338868
8eb66c4b057dd4b07b5fbca5,676952495.7198542
f9718594fa52500c16e3cd71,630886745.3275169
d9c46d54ba6df0d21ed4ca49,572879742.7347069
d3f688e0deaff6648f2925b6,402179871.57050014
093a92c6846c924f88ba8750,641575221.1479332
9b1223cd8c9d7b348d6a5c94,761918002.1445811
8209afd76e36d8b5c4f7a991,492096409.55169016
29fd909e7cef62de53430e1a,663956201.7400142
76df3d616d8bc1de789bd83b,609805736.5243921
8aa5d44a72b2a6851d14ef86,737547145.7912371
eb4e1b72abce1d184dd4d5e4,578910998.9697615
2ba24fd47c2ef8520bccf6eb,605575965.9916435
1c9e38cd216595b33e283134,715853080.3823221
2fc150cf6ea4141106bb8ac4,292401960.46553713
8dd46fd8ff592358e4c3e7e5,466898216.12995815
d5e001b2f1dad3962cfff9aa,554385263.0100515
6e73e42a0d2ef8d6e403112b,555673057.1256039
2537dfc786054c61eb3a80b5,564322884.2932746
19c77db46d23e0c07a06a8b2,605798582.3410009
e6424086fe1cf2a2931f4847,564322884.2932746
66526276a7e8da597683e8c9,711674210.2147416
cedd20027ebbf47baaa0dbff,711674210.2147416
ac7c323295addefb43c62acc,712806435.0672362
a8e74eb5eb523143cb291cea,754249398.1968583
ad393e9070779969b496fa72,628978046.3728259
64d9dff81c79a16579cef2f4,885521769.8732854
ea91281d5eaf6b8f436d47f6,885521769.8732854
06e59cc783be86bd145a56c6,708377101.3347508
7458171e4db497a4cc1365fb,882381106.92558
12d73fb8f4ca87b19ca46231,712806435.0672362
5e935d4a03c6abc86ac5adfa,747386859.5709606
2754b4e12a7604efe8e03f5b,713002972.0187536
9ea7a0d65493cb5487ed2084,657829358.1569612
7845cf57552577b059dd13ae,596594696.4159719
6e710984bbf2662a9cc7bc4c,461529908.4590744
47720fb9e2586dced75db114,410400095.9095253
cbd48f3342e63a84173a8dfd,468047109.77291644
cb83c138aefeadb184d2c7e0,375415784.6039383
397d4e490eb2db8a1b18051b,503062940.23769
4f65732875c007d3c1102140,602269983.2913064
1f8ad363a0539a6f2455c3fc,483048754.92443854
9535ab027f9f2a9a8fdc21fd,453332149.81122327
248993a27da888a6e3ffefe4,481093244.8219741
cd07b4553b6d3863a9e444e8,731785951.7045193
f53fe605b0a2857cf3facf73,646474232.4742264
ae48e30b60ec254bf0dc89ac,637915934.1451938
2a0e902f3c07cc9696000177,610479714.2382349
d57535248bb34f65ae678a39,598272505.367151
9949cbc958bbc0114404960a,633924285.1296483
841c57617a075690ce412083,635001941.688745
9fc4385ea76cabf741d38789,438158038.86960024
0367da7dc5374f1957a1b7f6,667074945.574917
7703f868650a8252e954e457,664024869.3116573
4cb9319ff5adaa62386b713b,687087710.7919425
dbb30f9d010677de2aee1b71,581363305.761573
0b54c51a787fe58bdf677658,700066718.6291747
5234aeb6d817b8ad876e50fe,559313032.4239843
77359d0d34ba4c9d825e46ed,479746170.444261
b84795015be5077f942f5170,550321175.1097957
75f5290d61164d42b39d9d51,550852537.0164094
b46d50c84edaa7feba938671,687087710.7919425
be8c05b72ee7867fdcb05455,649693233.8314425
356712646865d98127b92a57,577989224.1600502
ab765acf8b87daf1673b3a97,503366443.11818564
3a2cacbd3b4f9a23514b1433,646945164.6934172
3c6d485d7b01ddd6147746c2,572599061.1261754
054cd21c3b12f165bd520313,636848490.4376963
e114160e3ffe6a703eb42440,454714246.77562714
a38b2d75349c56ce04f02a94,779383111.1939852
71fdd2b1214b9371ef149c1c,859637863.4882264
10970057efd092c98037498d,743768130.129676
7543d0e85e6328ebc8283d75,566519649.2213619
db1cfd89dad114c11ab2d409,719122072.1559025
760f24a443eb01721c6ffea3,835608279.134895
a1508f30ba87423e7393b4fd,823763549.5451828
5814dc311aa87b24e26aceb3,584541128.5823419
f26c2bb4d5787541e9c36463,836344789.6289772
cf07a5af6ee98d735bde14bd,617838175.8581567
8b716c3dca89b7caa7db1aad,715816199.6986362
df89e7dea6c313b0cc262249,494666249.797367
3e2c1d2cba8755ffad9cff27,795916837.9217038
6771a8c70428fec0f21d51a1,661857748.5636116
d8171d498291341094daaa39,971901402.0795506
3d43dd23536f843c2c5bd268,1023308820.2219112
785dea91d94ab384bbd6ce3e,662537892.9230067
6c316d2bb84fff36bb01f14c,1093836375.5667229
08ba99aa6a8ee752209de6ae,548236573.8331127
d177236e8c725d4405025916,736570703.9651108
9a6b537a7319b3446977919d,970030935.8310165
e2e7b03feffb21bad63eca2d,648718269.912313
f2fa898e1bcccbdb92dd91e9,692500117.7909112
2c340ee014e39ad0fd1309d8,946105558.9861727
7ee83e5d70855ed21455b6d5,1060752717.0238128
fdd4b5fcf9ebadf96545038c,737903724.2077596
512b4ad817c387bed877b7d1,1141616902.0289485
3ba644c7be754c21e3cc48ee,632474259.1702487
cb38dc837baf3e0531c6c115,635132568.9374019
5e931fda1e62fe41ff0f2ba2,768011897.1863382
0ce9a7d4b0682dbbca68e070,534711576.4739663
8d114cef336100a8d8c81ce1,735157594.2866377
ebc3a6574ebc530ef715ea7e,681069609.7882018
4c2b14bfeacd87b878cbcc92,499527257.34705687
577b17cb350bd2a646725b6d,864259825.9183413
0dbe463995c605bcdffb133b,497432535.2516661
88f3f39ea06fb882c69bbd10,523575956.5396768
e54567ced41a40938b85485b,577197820.2833086
cb6d29f005078d4d4efc2d04,954549830.0060185
1d0919344e52b315441aeafb,540301249.6148773
62c39ad30e9a26d8cf3593b4,814182432.3821737
a02bf67aecbac445a12da958,940793981.0044873
06baade01a74972cc4a419ec,609021032.36486
3943b64f9550a575f15d6d29,835315737.3807491
b62d64605362afc574ea5b0b,978295365.9255012
0ef45eb4356e2f0331ad2457,1095110132.1317744
6700ad4d4d7f70def59a5d59,768005834.6721083
19ad2fa7e170c67870ee58f7,883412864.4781107
919c1e281329379c4d130416,934548968.1750809
8a451ef547efb90a8fcfa6c8,832227698.9463803
5c208e5c37aad07602f7cd7f,593973761.7351525
164fb89266e40a2530400599,402179871.57050014
5fc0f0c4fa019b6f1b2a016d,778909576.1208231
3b16ff50ec7fa717efbd62ab,626060857.7035891
30e6d4e1c53e9e81ff66df43,743768130.129676
cdae3bf05372c13649a2adc8,566519649.2213619
170a69c11cf4f855ed015bed,1031516257.2132424
e14b31f8a454e47c383cae94,494664362.74048233
14a8134a56af1b328321cad4,526322347.6362866
ea8cc21bf7d48979bcae1458,567744143.0593985
c287dbff188e95f833ab21f0,510329469.6770898
2cd0b2d7561919f0223608d5,461529908.4590744
1acc5749203f964fa8b2092a,349786494.19828165
9543c16bd5eea47111e6b266,550321175.1097957
d415dc486936995f8b3704e3,479746170.444261
ab946dfa5b9d7214a3756978,662537892.9230067
803711fede531ad1621a6823,577197820.2833086
f83f29f28978d7dd76cf5942,499527257.34705687
4bf284e6ba81bcaa21a437fd,609021032.36486
d8ed50fbd5ed46d36b3d2dba,545492610.1436071
b40128f5e17574a5d3da9a32,667474055.199386
506d4cc6613a07c313a12de4,679693037.1962795
558b7d06789a1c8e488c38d2,609018418.3472067
38410183814a757520143737,698539924.4148737
560a750cb6f8683ccac4563b,619436712.9186004
48740edcbe275bed3c82efed,621888566.5891159
50b2bb276e598c9cfdb42b0b,620580699.2651745
302adfed183564312f9e3087,737903724.2077596
063e53d45e5e7945f1f10fc2,692500117.7909112
6e2c39fbeb5392e6aee9b644,761139744.1528815
8d6c523d4100ab0c83a31fed,807096483.8182018
6d6aaf30227f16b2be29e79c,823763549.5451828
e73e5e75cb18f52dd7239361,661857748.5636116
dd625806063f76dcf53582d5,864259825.9183413
a4b16572b8bb786561baa3c9,1093836375.5667229
9446f801f30e8b2997fbd72a,925983513.4323025
941569c4352c3a2e32c908c3,978133232.5042701
8b4c54125d9165554e4123a3,870643142.8164973
d50f33fe5acdaf5caf1c6ac5,305646106.3072224
46ff039321805b51870c64f2,840897023.8687409
1ac6c220eb690db798a3d4d5,676549654.0454586
faf872c4bca132b52dec368c,750354925.5125045
d92232d77f7a124e7ff13ee9,739624814.2296733
f9a136d7944cb7768b598a88,604355492.2847093
e03610db09ed7315cfcd64c9,551468283.7461554
8c51f1b43f15b70d2a294918,411825863.7200476
21d141a84af5f0e2ade9b0b8,573602332.5004876
55c7cbf5e572d2342d0d7071,667937813.2800329
54c0e5e6d368ec51f6e75c1e,750346242.2814043
434ff40bff8fad0962ec07e4,706398503.2539262
0a199d5741b5a6213b39b793,675908176.2138153
9931470b50580f51e1a4fac7,694517670.9379908
89498fdf642e770ea75be7d8,655914573.8035057
aba39002de605f9ff34bd542,714939044.6709626
0c1c0ba7d75dc4090b7183f5,735316727.2186854
2ac425aa592565b44b25cdc3,735021729.4610676
c0cdcb5f860e3a974c401861,637720191.8265338
4ec741bc6ab20515070cf1ee,538541846.3275679
3d4c48167a8de8cb0e4956f6,636337864.3227777
f5741fdd9f509d3bb02e35bc,680379491.648538
c1d0c0846ec652774ed5474b,652228673.1800255
ed2c02ddcf0e54789d9d2675,722689672.4868423
0e05eba6eed4e55e89dc5f14,847617892.9619544
b29e5a75740c8439aefc9321,788981211.1465154
218445f989b2da5eff4029f4,948027415.3513731
0c7da0c2613129bc322b1da5,793643698.1529912
a41210034abe19957b317d1b,846290328.9185666
0cb4217cde38e09571fa73ba,1006291187.0021861
9df0663317db1cf4121a222d,608290191.5551482
62be98264dbfd418ba21cfac,971396410.0220599
939ce1536f15c0e6bf203dd4,858811896.5528744
d9028df78f9b14a720dbaa8c,858811896.5528744
b05f4b5fae2f2faaddb377fb,613853559.2372482
65ac61968819927b8fd9b990,558656968.6423365
1e83b53963792d7445e19d27,626403212.150767
72eb1af691a950fbb7e8d635,356830236.1064955
94fecb92077ffe3a72aedec4,416345470.8914524
f660a48b0eb17e98dd77c0bc,475144506.5003918
27fe3fc3838695ce34c5d287,449307406.6679991
9ff4b1fc1970cd5c102cb755,892072190.96868
b54940561992090411749db3,572438083.410307
d4990842f549d8139fa94c87,699087659.8828264
f6013cab49ef9188aaf87972,607289743.3665354
cc2e8713dd087d3b842d2f11,556355700.4726537
fb8aa6b6c5d2499d404f3f73,624713875.5817024
6a8b9fd89b745a52703715ab,436615400.67302245
4721d06c49413558bda1fb68,451934047.8482489
0100b3a412accebf6a3aa4b1,536752163.0461348
215e8852679b9cb6c4029ce3,481898667.1897951
0afec1b2e7060b99dbe41a10,416468231.0541275
4ff17c9b88aeeff105b8301c,619499021.3865485
6eee8548b87c9349ce90ac2b,493124985.3987902
9b264d26a196a76951308cca,555968401.9666975
945fad7539481410e8bb60e5,551468283.7461554
f727924f0f35ec9fb58d0c31,428026331.5311946
c7876dc81e250503076f43f2,585420636.585667
e4f3e425e9f6e393999d7a08,520226072.91737777
cee1833e8964355b9aabbce2,504995985.93683285
9a1819c45b01c341647a2410,550917712.6587433
ce95aab452311a0cc27e0c7b,548784318.3530813
e6eff72b7c5b0fc2677af2ad,518445864.16927683
3b368c10d243f6bc9c027061,425350978.50033224
510c03bfb80d92d180803887,568652169.3553787
664934c8e209352d2c79c971,559061600.551349
689ba3a92dd7c12f1965031c,573934477.4142107
93d4c413d2a1ac59f1b46830,478062215.4530265
08b09c586530266c14e611f9,486728397.97894514
7157dafd306fa99e4c2ad233,463548100.340044
74e15493f395fdd312d50cc8,526028716.70181465
c34c94e7129f84267a5e4fd7,560834035.0999291
fc0572d7185e132770c3bad7,640493594.9030435
5c1bd88edef0a4146c871fcc,604381501.4757658
a28a31f7d0e3fc6298606078,601325283.9400319
f388112376e68ccb2290074b,682135060.3900039
05d1c33ea8c89ded7391ea92,731513772.7892063
dfd84193c81ca8430fd27ad0,640493594.9030435
8b89813a4ae5f9209f854be1,715139140.1112404
d7b9566ffb28c753bea96f0e,697733881.3527526
8062b4109c12a95dd62bd43e,560303271.464593
6d305d6f3e3c2a53515d5f6d,774064545.1635469
ff143fed55f12a0105f9f88d,560303271.464593
0fd9a2a99c44c9e5565fc17b,754387358.8505201
7f85c59323701ee0e75abb92,741748901.6262137
19baa03dc4143a83920a7d2a,673567059.9090321
bc23ec33573f28442b36f60b,684745932.7962676
9957e5492f63fa295772246b,579826390.5276796
62e376b22a4cf0d84b7f6bff,661756960.2140678
0867853879129bfb46dae700,688958817.756289
92c5129009b7e377fa004a93,665361290.7610012
6b9d38e0b9a3e28e3e695be1,758185316.3931137
b6da2728ee41d035da57c822,898489645.9680741
adf5879151c7236f5e055e1f,809023205.8080382
bb31607d0bc3ee4a37fc912d,754210792.1284357
3ef8fee6a5cf42827d8bf562,842227026.0694524
e6016afcc032d20fc9d6f2be,953912065.9507617
f3962b552d34eb8bf38b4763,1002491777.5343162
bce7369d51094d3a9d3495e6,821769719.6373262
55bfd350162592f2571e3a0d,882736305.7557034
3f226452520ee8f04e306bb9,765100490.959645
b16fda9be5edaf4cbcf07122,758185316.3931137
e6f5ae869a5b7a30e8f0fd0d,868066195.23904
ab0babf6941ef43c35acb951,799997313.4585906
3bed16373c8ae820187e3d5a,860583206.0836887
bc1335d419a1c0f6e6860470,991083890.434381
98575cb25b358dde32ad042a,823564000.07847
fb50f2f13a30fccc3903577e,944707590.1736012
7a608479334951a3afdc655a,948818288.59267
9cb40496518bb99a7a00a2ea,1234447293.3498826
a69ded1c20e05bd6b3a90028,575465972.0916414
71d422db0c0c638e448142bc,667729808.0803248
fad033a3c81708df7b6ee73d,656610293.1566483
99fae85157be04554b236007,420161833.79456043
dcd314dabc7d162cfc29c81d,686726445.9769785
1c65d5172e53b4c7f1c4d6a9,649448115.6917139
cb6d4db44c789fcfe8236b40,700118205.7803686
ee2c509989c7155bb472c5b0,619417190.305802
73b60c9053ff8193c2dd2823,703199915.88836
2a487cfffeb12837a5586a41,512094132.0335091
c9d285946ffc4c4b3ee95da8,753614119.500317
6a21be8a7a429eacb1de8c1d,637775232.8118035
2a7fc28219bee48a2368e730,685455294.2722062
5b169f28ea1dc473ddf11580,416569664.3133062
58b3ab31de2f9fdb0da0dc8d,486398560.30466205
2054c61f0162a18c6fa2291e,449399866.99478334
39940234a26e7264b464450b,463172283.5135751
550157aa4dae5fafc5d795b4,849594907.1630894
ca87bd8401c0c7bbc4b3f286,714598745.634459
a8fdb6fb681aeae4d5c22f9a,857538678.5511538
998c864a446f06d114f42fa2,1035462874.2774652
bc57535516748048e38d4a2d,731063599.4629059
ddd55d8001b809f304883ce4,680884362.1973703
b9fecb3e6a507ba17764c303,377781704.03872895
4bd30aa3e2b4aa077ae27490,571545499.6125907
d7ee2851bb69088f851970e9,549002297.5753075
40eb0c78da8b51b53548d914,960325719.8789983
1097d9a61690cc58a4b91e62,513625883.3309096
6aebff5b1fb3a438c2c7969f,786375273.5624939
af672710affcd7e44eee9ba3,468893739.8393319
fbe3b74f9e11c829d4dc69d3,941850325.1201518
6b7219005737d8660d134ace,943019301.9583029
042bd2cfb2d33467149ece1e,704937368.591541
d5999beafbdc8acc8a6ad809,663434625.8760759
4ba65b1fb8d8ab0a914b0b8c,566889418.2101147
230864c9c9c5959f9f0d36ee,585425896.0105779
8520fdd4f5fec0ba861ca9ac,434415672.5172615
447dd594fdadb1b12ab32e6c,509752034.52019995
3d405df6e5dd012419f43ba6,841667863.5873002
e120c33346ead011ab7789ce,462572861.78507096
505740f7746e0154932dbdc0,513743792.6460797
e9a427f23e80fa59d9d517c0,311753973.09535956
97388d009acd9e5ad49e7c4f,548358238.2722521
a100f050c34e438070ff487a,560024148.1004537
96d14a1d29b7abc2cad573cd,701507436.6144078
f69e25355ce3887bb1078fef,608963501.8361219
86276ef138e0babab9863276,496695073.3566851
344f3bcc1acdba48c12f8441,843114426.9433522
f3dbdb2b69017cfa026ee18b,582603191.8223686
ba32f2964e8b68ff5555fc34,685949714.3125199
fb7154b2dfd2a48c13ef70cc,633336900.3781525
089dc5de66c6c4132734b9c0,632714951.9871522
5c2ba5028fd94a6b9859de70,621569944.1463597
e8544410d811163a13c6a326,479535468.2199642
74d8df07206df08e8f3dc232,722270328.495818
6fb4126e3ff41b8052fd0657,578369770.7983692
ba35cce2e715bda1684c937b,759729051.293285
d7997b9126bef50985bab347,475416141.4531619
da3aafeb2d0105f8e09c051f,586511330.4377352
5daf1136686fc538db40afad,534298206.14464194
88f632cc304cd769e2d4be27,667270698.6463342
c5dc941305b5fb59e66479ba,689855354.3785868
ec422df56b811a0aa42d8bbc,689855354.3785868
bc8bd1feaa8fca4c52e130f6,448230135.8539877
60c116411ab3cca49f7f49f1,443026321.6307078
75ae43992df8ef41eaf9d98a,443879136.35774165
87ee5c7c49ced4ec99f44d5f,808144609.1159605
918f56ffe325f21522cc60d3,701718092.0047623
dae09210f48e5bbe0d31c728,609824222.7548813
c1ae2af40e1ea9da6380b8ee,574137236.2156342
e7b717278f7c95cbfceba80b,575650495.8250655
387f18b1f01b1aae536752e5,624383582.2095066
c036fb38fbd2d1b59ed5b7f7,610654028.2504007
76c510c0ad11fa67f0e9a4de,576264798.3763685
ff46d9f7dd86b8bff7cc305c,443045789.4989036
23d95cbbc056b4456b94c97d,640910512.7528046
fc65a77fbdd07fb490ad870e,643490691.6482283
8f0a61533b6a01badf43b6ed,711697196.8558967
c26990b034ee83450a4517b1,784135212.089012
53ffa19a09c447f3759f86f3,608877947.7639089
86d80d3757377df6f2b8a0b3,591692046.9642525
c757b3960436c23dfaed4f2d,682822533.443477
fd1431e595693fac0406151d,560551335.369855
42b6cf2a5225dc62342d3a20,651744797.0983363
6f8a0e8f1bce0243ea50213c,601029708.0656687
02277f636716264116015dde,430934064.92233497
b72459ea34fa22d1fd012dc5,683660010.7159005
cf4ebcab3fe4d12e1a20146a,978022365.1870035
ae2c10850b4a8ffca934cc72,888465287.1569909
0e22a41ec27869c8f83f9be9,772628088.9211985
22a43024821ad081e654c5be,992718777.6814404
2054c223fcd48a48f67d02fd,433421829.8145111
9af6ac77a9aa0c6da3cdaeb0,462930038.8655629
6601706d2133f96aecfcbfbb,559140227.1897324
ce011b7462e9be36184a2984,605961371.4020969
f759f71e444c16a59187a067,605619636.6590585
84cfb0342a0bf2c6777de39d,517655635.9224917
760fd4c893a56a4586030772,628191038.8212091
fc174b19baedc11f78b647d2,730262596.4619292
aff9e510eba008f3ba5c1847,703188396.5102975
a5a4c0f268548993b61d65c6,628280742.8686452
6cfb8a07fc1100569413b33a,622463337.6181732
94301e20cb91669986c4b34f,628871004.8862528
52c1ab7484e412ccbf5d57a5,710820649.2245709
2538cfce1c108ebfb1056c8d,491423524.0864735
d57541684e5c00bd9354cc35,536333716.0649241
123106a60208725514f3a343,494683471.5974961
7f2a2959f5ae816761be658c,823104776.1137744
fd5758238e7ec91e415779f7,694618998.302461
e3197263bf47b3d37f027e11,715961689.2195431
8e5661e79f4fc282abac1f37,702898378.5600009
cdfc387f8246a1bb3110d724,606497322.6200099
c53f3bdfe8159bae98ab005d,817161716.1501678
200ea08f57fa23013d0e661a,826262578.042222
603c736378e07570fb985ab0,735558365.3795357
cc019e30685c91634d2fd4f4,764345580.8586692
b0d394d6c9b8967250854c66,877594866.1467214
f7a79e1211fc72e06a3a82b6,981100568.0015482
8a1ea9d91b3d8a66c6341243,622421299.4750142
22903633f8c4d91158f65c58,561520397.1420913
bb67d95fc94532b1fbe80ba6,657360349.0102599
a8e696037f8747f562ec98fe,487991882.9804912
72e4fa00e8aab44cf210251f,715231577.2520514
d70948f87875325380885803,903707506.5478594
a0e53cdd1132bd19b8ba0c54,685220496.0962436
882eb7115cd5b8b09fca0e47,658194106.829573
529d6599d8a64c63566a11e9,571971944.2308631
e26eafffe4ca3c22b7f4a272,761558401.4554552
4e4abc111c07656e5bbdb0ee,694526423.8979192
46e7860100b0c09a6a475b9e,675333296.0007637
7bfbcfd0fb8f5b6d553c2d0d,679349635.6281403
5fedc401fc32ecc4d9ba7e89,682621864.6819284
aee8b22ecf19495fc5894a08,679349635.6281403
313e17c442fa3040065b7489,718648468.5380032
26206185deb023a344eb2e99,691798881.960677
4a9e2358d64df916e2cfa213,590144262.8919247
2f6515defc3b21d82e0ca4dc,413762102.2627426
a9b18720f68c7002dc71c3af,333348932.87981135
af911ba38d5376a8aa53fcef,625813353.6986783
025b094e1ea7248f4aba72f0,372115149.3581226
f81aa0f575dbbacdbdc681f9,533183476.20867115
848067a69d18a171e7fa34f2,613785250.1174855
e22ca3f1c8073e246079d57f,490103530.76371133
11444a88bb3b230b4feb5b58,579972573.0058607
7a9264f3a12de839a42c1783,552454191.558354
6d825b439d8622ab90245049,517306952.0421061
d2d317f2990465269ef58c41,638666036.9746771
2860e4435c857cc8a661ec97,701619193.5468223
39c70622597e64c4821d0731,859549388.6664532
2d6f5bc20de99dd0bd4e34bc,689172109.6102473
37ac1ae3a7e2a3319eafbb58,880012705.9680539
fe6fb32f623a9e3d5586a8d3,722302427.6904358
501531d637608f7098ba6242,669289078.1727272
69f59487924240bac2e75bd4,627051867.3969538
358e1287e24c3c4fb353315b,813696222.1420287
55e307c88e2a943acd64a9a5,750863250.9849272
19105db21495d546e6792a25,531444232.73579776
375419559910484b17782b47,820970731.4650254
c9d254244e315974cdf5d921,916816454.7627463
adeb9a6ac3d357bd96c019ea,661777014.1755804
b08e0cfc5bdf5bdf5068ebdd,950608358.0148177
8da2439f391c6db92b9260f5,655929490.3701041
d0751cb5e704e28e03514fb7,896874316.6598336
9051c6d14018b4894b560e2f,713180297.4163957
54c3eff286c62f05ebe2ba57,671450984.0501012
975ee5aeee84593bbeb331b1,681675816.8331364
5102f4786cc032e24781c7ab,1119350961.5589678
cfcd97bfad6e013aeb57a2a8,630276808.3912474
f304bc9e9edfc24eeeb720d5,587549391.3840933
bd05a6f6ebf924adf92e5577,763516613.2071182
a7b459470ef58ef3bed7437b,463428191.7611523
37e009a57645b845b1673b8b,474434731.8148961
b70082fdca35092802f8745f,470914015.9487015
8a69b9d7461107db6d16d1a9,478564521.13651484
adf055978a7a8e9bbd88e741,460341462.20570266
6c02bbf7f6b087a1f0c8a47a,529514591.556559
d91017d9c530e058ace2e017,671321810.0778141
89016540f8b3fb727d863bec,883718520.8475271
506b653545eebba4c8821588,959660434.6861805
01fe5add1e7df4b15dd73bc9,705098865.5786334
4911d01ea0a4505d5db5bb2d,664446095.1772518
68bda8b092d5a53a35dfaf07,1255107028.2817018
70bec150e1d8ac537cfd90e2,842296927.406862
0e21abdf04b36e5f6a1fc337,983858848.241067
f53efb47de2bca5912ad7517,1130018843.6883283
82d6244acae149ed9ed88e8e,651206393.2418172
755a4fb96ff2b2276836f49b,534042674.52502817
f15ae83fbc4e4ee3f646b4c9,407241819.95832366
eac458ffc1da75fa1a4ab384,534236378.39293504
6f7bc7fd41ed908494d8e098,495488271.0352028
12d1678bc86ccdcc8ad756be,821298861.5061058
6e07d31b81f3fc9b9de8e1a8,1185526253.0288355
6c618bfe55cac120a4f1e08b,580469164.4933467
22958cc4622a0050d1aead77,554618905.4143386
c7c3da1f12d872a3726736f5,561315640.3775978
ce30c2c7cda56a69005300d4,312310358.13207835
7a26e5936765b409b7b73cf2,631660438.2560678
8d5a73b1d27a66b3f72fa662,668016999.2839974
3b8302dabc47048245acc09f,725121940.124564
909182c92bbc39b00536ce6b,533110482.6609401
963da21c3c571d7bbc36f1b6,607470582.6510919
a73504d5982fef268f5ff589,635371044.7803288
50563038c05963223b459beb,609191724.1576022
b9a0058c58cabd619e226178,683943145.3832335
0037d98f6ac46a86e36def45,462342166.9336351
38117bca778373247df86e14,533774050.9731258
4eeb8b5347526d721092a7be,450542770.1132225
0b6cd71df4dde546e665f865,450542770.1132225
bd066d5d19d41c06b904d51c,450895351.2245254
f10e210fc04e3fb073568323,450542770.1132225
9f504cc4e6b170155d38c687,450542770.1132225
3e4c1e6435ea1a9c3150aed0,533774050.9731258
052c93502aa794e0574db9e9,450542770.1132225
343f45e7d178eb780a9a9818,533774050.9731258
c0c4fa199f0ad751930cf78d,451072853.9412061
5d86154fc1769d4dccac1269,451036270.7306054
e1fb88779e55aef2b66f2c10,462342166.9336351
c26af6fdd00a85a17b823d92,450542770.1132225
be3ee4457a26c6b6ad4237d7,448256596.96018755
9bdc79dd02cdf39f92e8c869,462342166.9336351
1d4bafec52ec7575161bcbe0,602903891.5772902
0f15a78ce3ff90b6894fe3c7,534580658.7407408
afa5698724bea14940667231,532275385.22012585
4d8e365b35a6b8ebe6d7a15f,498040588.21529734
6ff848f65f2507e58cfaa231,578978716.9704365
e13947242fe19bc3925919f8,513912945.1583445
c02caec41084656408c2696e,628438757.5579054
d6fd079beb9f759fa4c6886f,547528356.4435858
d14f7f939468e641c43abfe4,507619839.34218436
8f6076f8ed13e87862d82255,634569520.5168501
8d5e662ba25a71727f1eac77,614374784.0622596
bd2f9648ee9ebc1fdbfa53b3,503468627.20937264
da8f986b6ee6f594780f4a91,614374784.0622596
af7131ea57639ce5aa1e102f,614374784.0622596
30e10a03626eeaf8bc2c380e,725235334.9065306
6caf180e36fe18078703db02,567587234.4484825
a40861d6573e4539ee3c23e5,673665834.8342733
d5f905cebe05262cfc44bb11,695373224.2396979
809800b56b7b29399986115f,566366969.1497117
6b2d7f88f15cbf7d998986da,616628612.3666488
a0ede3a514cede68b721d994,576063693.6921616
179d467dacdf674a66c7310c,597343522.3918021
97f9cfef1e35be84ceea2a46,641296575.1551106
b7e01962fda2102f1402a444,636601184.0493962
6665e5bc4774d04321d1ba9f,753131373.9377468
6c09a3ccddc797f77d63f1bc,721177249.2290744
97986583e1c988373765eab5,674372374.7310615
56807890f8587cd75893aec9,612432871.3439891
0f2fb3cf22613a339c88f7e4,589600043.0975318
a967a4f0b1dd36d7264cb408,758284876.832307
08ead1ac0b9b30c2a72db17f,821888359.7673023
1b989360ec91f5da55806bc4,792378864.2115699
b289cd856f9d15493d31ef6f,797164133.9218298
88668347361a227b6dbba15e,765574380.5599562
ec3f1679451b9c0037f89386,760181844.4595387
9cd01a5cba1674559752f5c4,924481921.3694032
2bd96c7fe678945fcaf9662f,762191080.592166
9f118569fb8b084f0615fa22,450615719.89743924
033521a46dae036839ad6c90,380720927.8456593
bc1ee1f8ffe1ac88f08e2459,551828632.5685649
c62886167530efe1f84086ba,351911751.7667595
d58f191c74d26bc1fb02cfe2,507374055.44618917
981b55d5c38361caaddaddad,598587304.6000068
ef26c0f1cd9e3203ad16558f,691512237.8296676
74cd885ec200a0c21fa9e03c,582861391.823858
fcfa51e5eec6829b9f4f2c59,469823346.61787117
c3bbe8c09f5e58281dddd412,561946635.1637304
8f36d25584407d9e3c326e71,625430302.3564895
51f4aec91124a9a96f4c5372,540238850.028916
b7becde9261820feb7cd926e,557819760.5395972
65070c554133f2b4143fe051,602513302.6220132
c2a2ddb94f60de25378aecee,565409911.7613704
5ec3abf721e13b0d55829bba,700130335.5038397
502aff943d74cd4cbb976dcc,643487316.3991265
11e6e5ee92c97e31d34db891,929238889.6411983
b1589aa1f58f6dffa93a3a61,1109930341.1296215
783ecf989538582ad008fd95,1031310611.263671
1770bd5b0a07a6aa785e0caa,517049652.9025954
53715a484e20d6152c76fdab,786970922.4093666
ef73428a38c201019267afb1,559602660.4560903
932a93e3ee2093d7f806fef8,613923257.6557794
00e9afbd1d27062a7bd40a3c,851521719.8410267
a11a82cec7f8a243e2f90539,676549654.0454586
e4a70600296b0bde6c28fb19,750354925.5125045
0a1b1a3d68b04cdcb2d757cb,831762411.2073475
7c06a2f06cb4226f9043578c,615141900.0760815
5e113e1e878da12e312cf875,691221818.5679243
a72f5204153b7c92f52d871a,739624814.2296733
fc17f35d300be9680971f95b,613177571.4756564
13ab6a062601d40843de37b8,715516313.7031208
22abc78ce812c519511f8a4c,699687193.3940524
faee4c33e892029b79b63742,725021023.428048
c8d39eef5a5422e0da4172cd,556314310.5674561
b13683c625c97c23333269eb,436001260.9949495
00e7c5894c739852052f566a,537353012.0438246
2703313a3e5a6fef2157928c,576214493.1985021
8dd453e986d05c6c1dd104d2,551202648.6257449
22b34331d7ca2ea642d29946,649942908.2528061
23187388f9d6e2bffb88b9ed,721275957.8643572
6b49a668de0edbe7f8110740,706165806.9682356
ef0e5b23069a9fe377b77ccf,786039619.0954324
c37348f8247ade33ac513855,577597314.6627643
1d19edc1e0d907e5ab0899e5,687041385.9294857
c73ee8d419b96c6e7c53f95d,681879766.4799479
6251cda3676ecbdb6555c526,692326844.0419943
d12d6ea066b67c3db9b2dfb5,975820108.0802435
8ba4e8e071e458a13efd179a,670373727.5807104
9b8d798a2c455a960ee74503,619631573.5876263
d663ca1a0d29b4cbc5cae9ce,619646306.7318611
dc3b8d97b11cc2af4cfbcc79,742429477.4002079
7d50144c4b2ead9b7b9f594c,632920871.016046
ff9cb7bc0b972d4515ea3837,463631696.09057623
267e46cb9eaec6c7009348b6,595727436.0378602
1769a8ec5ec94aedc397b4ae,581522030.709204
dadd9ddd29102f529caa3bbe,515412531.8515544
251903f4b947b337e0134415,495433257.10027236
e1b753c283bb9c6d4e438bec,665555062.3918198
16fb51fd3d35db53eebbe5b8,729499458.0302236
8f543f9c31af1eb17ef1e353,609035057.4625283
20c3cb2d4fa486b23eb81bc2,747112858.2142545
6fb9e9ac6d44d3a286f317ae,745458400.7371073
15b57b0ad8794d64a2784ce6,667048810.4078877
d9ce31250d4ae25c3b850124,711124102.7565256
f90efcbfcafe544674c02586,575248826.8986511
05a98feedbd3f422bf063112,611457512.6415015
ea359d571ad0c986f826d31e,674662369.8118895
b02f1997e6e6f97dc808b8cf,750675776.5242345
307acb7b4044cfa5680e4227,732783888.239325
ddce386b0ad3199ca09aac93,691237120.0919641
9e28972500d8ca3fb3b76fd9,741264106.4762828
687b1dd576eb7d06a08c3439,646214732.1963549
23b2b5b9f5bf3e1208f5f80d,838923578.4768426
dddaba511b6a18f49b41c1af,765504089.8215586
874e3e3ec6f67c160807628d,852877933.8796204
67ade5109553a9d784886a46,942666308.8741629
6879f05563a9f0748088cc65,692538238.2514629
dce05cf86b42124fc93d41da,932284076.5941497
1ea5db844a6d3a926480351b,653798597.239794
4e9acf6e9f80f65178766740,725121940.124564
a35450284f8dc27e0ed717f0,809814374.366287
069499abc4e393fe540777b4,477506222.87877333
cd10d6e28fd7ce92518ea31a,768466139.5204576
3edc0e70e7cf6a21be2f0d53,448719748.1283556
2e2ff1e620063f416a387058,485662447.8538982
1ffdc10c53bb83d3be84c327,490813325.70890313
3c95dcc4bc3788b4cd5602d5,592677080.7523189
aa592f388454d575e0006206,512512227.65004045
f7e5bf5b0f6157ed1f604d37,415939230.4643255
513c6ea5a3c2c560c409eaa8,877494265.9575757
7cf15f80838e8edf4f9cdead,861819130.8720803
49737c7682eff2513869b3f7,694315710.9355137
4e8cdb49a2bdf68ad8d12625,691262831.8110526
86af11931b004aad3fd27b88,581501403.0576006
90921c9fce21986dd23bc645,661126536.5361558
d79d71be963d418a4c9dec68,831762411.2073475
c27b2b735106bd5a77a15616,724493656.4128546
b6129a71f8e320aee8abd0c4,724493656.4128546
26922ebaf11e35a7a320d30b,691221818.5679243
23f859b889afe2639ad55a21,557544277.8335491
ddf47d32045769c0596826db,961017336.7104738
1d0c635770f2e51aed4c8664,1148553991.2077646
e6144e15d5cafcfe87c07c9a,638678359.9617351
a7c7923f9a4d004eab43413b,713328546.2957879
42b3b56289972176c20c4990,451942880.22232527
b63f49396431089dd646837f,486788127.17184067
e0b041a39e732783f98bde56,927089769.8356272
409eb9b8f2ba87ca299a7f6d,545145093.422589
1a46c13974f3634ca6dcb51e,743085674.141918
4b068c79664179605b145a15,833115976.1439947
afeba13fa3f81249549cd2eb,484897038.75137186
3a3ce11d981d0893ec732e22,581501403.0576006
ed68664efdb7377c33f4010d,595698645.9817784
93de58cb0d8fbe74b0cbb556,675578462.1265163
faa204421a94ef95b79eddf6,724493656.4128546
acdb13c4c8e2a48b0bdabd91,730075982.6086727
5271cd1cb962066407490051,774384859.1591159
933251193ded6df07c83128a,1090523272.1634638
524e00e537f841c13497cd52,485754073.48757553
a9d4f256527be98066c493fa,634413262.5085994
2207c1ed62f59d6eacb3c18d,464376713.70893484
97ea5dc81ba49ade4f8f580b,597951402.3381257
72488318dfb2181843f17c03,854539707.7322427
76698030899efea431dbb81f,428955165.5376434
e84888d2f22e14a5016ac789,506926671.4216586
d9398ef84ae71419cb7cc82c,568010165.6744821
6d32649478d9d86d840969f6,480189129.4132062
81600c1e6b6e3ae770e40b28,759914257.5441862
68075b0ac8e779bf5e66dd3d,456218346.57373095
6d7ac64b8b9f27f61fb155ec,604546472.9212129
d3bf3146ec856cc26c607d70,952270358.8810503
d12298e0d398e9d21d2e2eed,565868439.5629193
97b69097fee8d8496a6b8c04,597199478.3999916
fa6e53a7107c0e33e3d505d1,968458424.7192297
7279c610bda9354e1c840b0e,506926671.4216586
6f3070318ab65b867b2702f0,384800769.2056978
e08aabb998103a941d24d0a9,458301099.45310974
415e1faab81016a460db7a0b,458391826.8911726
8b871cc48b99bd4190877bd3,462342166.9336351
7240bbe28e950ed75637b504,506394261.3642829
831629494c6d15d5ff6a00a1,462342166.9336351
1cccddc33bd892b44d7e4b7a,614578171.1580702
f9cc6760b1112ce5197bf399,573414483.7131866
0901e845b6c56d4761377a09,538212279.2944015
2a33fa5b25963f3dc928f668,600938523.019798
83e9507b9ca2987a21d1b195,733240010.1591094
9381bdf491d48236e84590fa,636105070.8460666
c041a933261204155415c2d4,790428099.1627033
a1cd867286d6e82181e5d1bb,614374784.0622596
240d2474c81482baaf79b6fd,614374784.0622596
ddc1c85af165e47502447242,606794448.3508754
58f02c785ee9a506e899b967,591745956.2637773
8b353ba6823f4f800635f0cb,714643445.7885758
68cda50b602acb4efeb275a7,779276480.8499902
96cb3c08c80815907de81e73,604414573.9897623
f54dbd8f0aa752f79c581e5c,579463936.9272112
52a438d024af0d5c38627ad0,600557274.4947025
1b5db6af0a1c0f7787064020,688129120.9749508
84a7286c91f1ca3ecacdaaa2,650677965.6770519
bc6d6249873222ac7f22b73d,721209299.8449775
12501015fb631d7c10ff08fb,701274556.6741161
85b633e09a41cf22a10f28c8,649902534.1881253
7acb92246dbaaec1cc7b423f,521945333.18019783
bfba8fe959dd2e44a4202943,619526369.7040433
5325f16558ed6d2689bcbb46,490785825.2935472
d4653d505cede3d24e258d4b,619526369.7040433
5146ecaa8b7ed507c4f30785,714752661.7382795
f5b9cbae30356fb3a1d005c6,762016144.8242443
205ffcec56fd884ab24c5600,597030877.7240579
ae7ce478fb66882a2c952012,607093136.6176808
efc9ae02fd6c3f18db866cac,626729014.9780834
2221052e00c236f31e6d5a06,580815768.2153227
54673ffd4971d04493a1b1c7,665640326.6547749
b0bbdcf0916b246ca95c4721,603122128.4712825
1ef15e2b882a0da85858269e,736912392.84012
9881fb167319b34cc23da955,698762060.8976475
9d2a195e645a9e8556683b4b,621379471.7105839
14acd96163e6b3e17177f35b,522468811.28106254
b2c5af8615b8899deb16c896,517453053.1267015
4c40683e401dae89f6537ab0,514907502.91856617
dd007a202a0a3d56ebc4868c,626685553.7535952
6d9c89a406cf2e755d4172c5,543031321.2355123
7387e7e385063c180f05a7cb,512689498.90209836
9dfd5df5a2efca3fbf2c07c8,786413521.4162495
2a9e75d221912230f98485cd,602793599.8092669
86ce27f9ca03821d13030f18,753362972.0616086
3dbf89c6e97182647bb44e69,616408962.5850043
eaa4893a313d85fcf38dbb6b,692244713.2146993
c57e1c323ddeaa7475e5189e,747986649.5515478
84856812b63dfd9630fa49e7,803619440.1541148
945202a450bea48fa7f2a95c,735808573.7615166
fd689e54d5c418dc9f2425e7,737247905.5335329
eb90d9e9eb53b44b07ef9613,723448464.4697275
79005399fa92d05558fd6f6f,725187355.9114786
5cde51bd6de3759821216d5c,782227598.8210416
230cb38e035b85a4353220e9,755043116.8390851
a22ed42197987a8534abf76f,544274021.871344
43a2ceffa8ed90bc1a43255f,659919452.8877265
8f2fbced5d357bcd6b1c7de9,587474092.9440999
6e895a15d402ea7fcee98156,735857388.8481292
b6a2406025f0e1fa09690c2a,659919452.8877265
f46d46ccc7fc415433e471e4,446404791.5378634
71710d25975271eb32c0c8f4,557068115.654094
01b7bb1556b5c32df8f618cc,513428124.57601196
56e5afaecb2cac6293cde16d,421161663.5951541
70209b9024acb3e5baa769ff,647082008.0958517
efb0b413b3f661b23d674b3d,713328546.2957879
251db9c4b7398902b38b4a4e,509019427.64290076
e3e7ffecb903d2daccbf8a53,520067833.5496778
a92ed9a378272ff174ce2688,548935788.7767813
40a53a3f3d49f7905966295f,674381997.0267128
bcf2c303fc03897585831351,703502241.2866911
4b0ac2ce45d7ee385ca369a2,724791736.7036972
85c7e8ac008493b34e8e0176,536591181.78793055
0ff24418ecb6888dd8ec734f,1090213178.1493833
3164e0ecd246b8ed6cb6d054,1144612355.1337395
5f52e316136696cdb56e65a5,402448044.7090287
5ba4bb943139d7930cb91650,786780215.4761554
ba12ab0869d66e03df12b6d2,472128773.3581762
1a111211207627bb4c840442,690712089.6847429
9d2ec1ed9eac77d534ed514c,440699323.3009515
9030f17b47b3940c2e2c4093,440699323.3009515
3b224cf6107d815a2e78996c,647313707.6661857
ab0e770ac42dcc82b472c55f,522901154.30687565
75fd66abeaf040fa76eae2e7,590339867.0252901
c31d98f67673691ece007a65,486332132.0854382
60d5f19c16554cc2d8e5940f,645124910.6535537
53fd196fd0c0558ed1219329,413711814.27297866
27b06d060ecf702fc88c7956,707106442.8422987
dc014623ed69c32abce2d0f4,514037596.9271434
f1a8f09837660445961375c1,731512279.5870336
b98a462d9782988cb54ced54,951143306.4492061
6ae4843a827b36bf189a32ff,611091389.8131061
84e4f6c6b5dec0da7f7ca0fa,715298902.5274724
b8f2b9c2e63f0091b6038ea6,649962525.4533051
e54c7ea1f012656f7fafa49c,614426806.9240043
f25f5df33f25576f805a95b5,711535130.9691038
ce9474244dc2d40f357146c0,416468231.0541275
54bc553b5b8abad0ceed4d53,481898667.1897951
e75d4ce522cf587cd66adae4,585420636.585667
b1f0b12c28c9bd2d16b3545a,478062215.4530265
412e7b9e1de3df8c3dbcf198,555968401.9666975
f52ce56f20251f018d7864e0,486728397.97894514
6641ef09c0bf5f3180952b30,553642723.380335
ada53307260fa34f3a6411f9,579132929.2099965
51f0f76e2a8cf50ef3650901,520226072.91737777
da482df3d0fc97f9f8582e22,524583359.53722745
55d47b5f3d0d2dd7c2bf4034,499998262.45123714
1a6714ac2350ad371d8280ae,565800939.0392915
0006c9478f4e7edc53d84916,466818438.8633793
dfa7461510c6dbe5e119d106,559061600.551349
5df95b44c73b249be0fc69e3,574186178.2375249
76bd7a0b87bfb6d2723766ec,612529410.2454045
8570a1d8156dbcc267d3b495,579826390.5276796
94116b7517a06255bf4320c2,649135904.6234753
8ba2d7afde20563e38892304,560303271.464593
f86ab537a2f5d8c2b223574c,640493594.9030435
9d0d2774fbcb6fcc66b865b8,604381501.4757658
9086e6e757243bdda003878d,622981664.3152949
5a3625846567d06dbe4cea0a,774064545.1635469
f51a78ac4b03665561552b0a,665361290.7610012
561a262410ca91d69a58645f,692788759.059483
08d90f931e7e0a6f43c9d0e0,848306493.8335845
f47c64c8ee69e744e654d4b9,882736305.7557034
fcc4c878af8bdbda6e1fc86d,765100490.959645
8d9b143cd8eb71b05d32cd2f,758185316.3931137
ce6a3868227d78852fad9f62,821769719.6373262
d82f743ff414299f8c222db9,842227026.0694524
9b2c7e6cfb2d6c66e1ee8a6b,754210792.1284357
6e9009ad01cf466e8f8136e5,758185316.3931137
a4bf0c02f139c695845c9507,868066195.23904
16cf0d7977ed97d6ae8d2cc5,823564000.07847
d96855b0ec427f041e7a36c3,948818288.59267
63613a9290bcd9e1bcf2786c,1149586439.2858076
32036c1eb131e6cc4f3bad3e,547288533.0106941
ad47e82c9efcfa36ddac0a95,480168439.4164556
d5af3041d95f5e89969c9868,672102688.7858025
f2387712fa17435f56d7b102,493711128.9926663
c1c8024bb6c3635ff655843b,447617607.468337
11e4350271e9cbb37bcb75af,650210471.5569941
d012efd4a77c5aa5e8d6e508,653930141.568997
6240b85a47c079cd0efb077b,623893593.5204328
85e332a999931ecd0e04475d,530771371.0878774
4ec02a406caf200b700f5c62,535513599.85794824
f3270f2ccbcccf3046346809,673852118.5007384
bfc5aa443994e3f3f78c6105,713959810.7085015
aa09cc29ab2f2cfc79e5bc7e,723196841.8221254
6eec5b03718975e5137d5e92,696936509.1059853
6974d82e41437d61c627b16e,633975592.9488547
ae3f7f428b49e6948ebe6fff,653416818.967625
a9a710b78e776c16eec24be6,644940866.0559602
249cf6f96144f769030d1b4d,520746740.59824574
645f3c4490ce43ed68c7df10,684573996.9333992
3413f37549869d2172b76d6e,586755927.9991729
956600c9a4ed31e588f8c593,824012516.1764916
00ba709f184e70be13e5bf9b,735424214.1674038
275c8bfdd3fec33752493861,769419441.9359056
3206523e850b5b5fbce567a3,702045136.5499322
9c9ffb3401ab6ab90fcb555e,1019738050.6157482
4962650cfa3decf487ccbd0c,691798881.960677
a541b35c62878dc2c425235d,869253650.0711406
2112e589911b979db6e05a6c,857514790.3670326
c9cfeb97323bd6a0564e1903,562856411.8452634
30e1bd4619483b0e896b5229,493187303.0363281
48aa146a36aba8a0270a8a1d,938392907.3674675
678a80840673787b3aa64228,595751315.8857018
392abbc83cfacfe87c401e27,515506661.3257746
51744814dd3a7e60c0791041,587949192.1520612
c6faa5d2ac8e74c26fdaad4a,529069371.25970817
1f2c22839c470363ff41551f,762033820.1195133
5438c2127072b47e3af428d8,689398745.5986253
32e182242a654ac03a8f3ea8,480211997.3851139
0a45eb817938241ca988c2e3,766770665.4511622
e74d815ad652f7046ba33295,519189123.91970134
2887a0d34994d284759db20e,586906951.0175827
621c3051ef29e8da01e6bb2a,570467867.2103312
54de2275006e273686ae5fac,641772823.45314
b0a0cc38f73c9d90bff6ad92,620328700.9375027
f4df4ad4366bd794594c111f,785753412.8991705
763206de4c26e3825b69f4c6,625598340.7010928
d5ddcb0a54416bdadb4bf57b,560133250.5978712
bf17eca5afccd9cd6299b9a4,664188105.8711135
02888257efaae858fdc7938e,596525971.9624994
1f8ecf6c089ce6168b3be52f,682126787.9567548
fd7a48744bf966e417f34a51,764650385.4451243
655d6eafd78be856479767e2,636327622.5956379
27472c6c6a801eb749b9719d,598146254.8724114
18fd9bee381e7a8c29a44c4b,592627069.1274761
da5d47596a755078a2261328,539112753.2219839
737c83218f0e486ef4feba40,552296701.3906318
2390c275fccc98eb4fa33af0,419018738.65733683
35616923c84423b44d1d1438,893249966.8989981
22fcf0650753e2b5a2fa3786,750371099.6819918
9d8e7178912841c2a1232ad2,473323019.9863562
36c2cae6de0add92f32d29f4,699280792.5416769
699b68daa574a0f169436ccc,488656039.58176947
c3bd0b8277a37832f56be54b,505405560.5550034
6b3411cb8c50c1498572e681,571358712.8512738
fad4ecc419fb64b3f77971ad,612337934.0685303
4034cd9a70d18fe0c883a0fa,377473342.37640685
8f9417de118ef8486538955f,752268269.9391936
33f4f9988387bfc237d114fa,656963545.3298805
40c9f947e826f89c6ff3f898,437512282.93971795
351701c5d1b821253e2c8c42,557956617.3353668
f6b405af32c398147475dc9b,649517517.3418602
45750daec6238508791d0d4c,604964143.2521482
eb85bf9ab77f59615960fbe0,632104988.9339975
0ab6e52af85ebf23432d7698,596391466.4272145
9b13a371ed4724d2e2966447,637343869.1251478
081bbc273db70f1d2cc84ed2,680407445.7503415
e113c48e4e1b53adaca275f2,619603825.907209
4bb0666c55d174e0280482a0,687361430.7396885
ca516516b33dc09d712b3154,637343869.1251478
631e6aee6ec1f720f3c78775,595825756.0025411
c7746198cb5871bd687c2538,675723501.0539848
58a5dacf2f664512c2b00ea2,658042320.7782695
6d8998442d831addafbc878f,677013458.0009038
7d4ffe0038b3ebc149d8f4cd,630789067.8731577
55ae7bc854658aa5fa49d368,678175357.3789904
042ff73057dce4d92d383cf7,418645867.5877897
807c04729620ec60ef18598d,435931171.87417185
5dead94ad2dd86dd41448994,641933900.1663783
bb90c874275456d5fe0de83d,552295769.1535445
6ea5fbf037ba7e5c74d7ca39,545706823.1645775
86dd7931177df94a649a4d62,500585728.74231726
58ac250fa52a1ac7ce39f70f,548170420.791749
2861f1a224b4c879b845779f,525922462.0744803
8d06af8e439c45e0e125de91,570533255.7781482
bb2dedf6198be0f3ce2c4ffb,733903486.1437904
57d8cac189a13c180f08cd2d,543197371.0862474
db575f8a4e10a29fe81b335e,620375585.3368236
e8c79fd41b001fb1da0d4fe1,621521305.609084
b81679b32ea288e9665dee49,979615776.7161213
841482deb90d19ecb1ec8a06,434961100.2965529
214df9371aa59f68e5740212,730519606.1737392
bc52abbda9027e10b879ed50,673019149.9289235
ce8ce41a36b610be164a25de,668203044.2134963
a67412a01feb64ca6e772858,773747635.5565904
d87896f889ddfe1ba210d74d,318121106.92509395
556a39ca66e10ba3545f2234,592348185.3972954
50cb893af4ad0e21a69f05d5,556449335.2122176
3b5a5d6536a9fd24f02e8ba0,522924919.75024486
121cc20fd81d6322f56d5c53,477840264.6702091
b9c893f3c3ac4dce40d0ea19,492086602.2812575
47bf8d322af3c13e8868ed0a,556449335.2122176
a4325969a50a14c948446f9e,613260479.8264145
4583a6b01449530079415768,738630996.9147536
920e2bd03c9d34e36fc38ad5,738630996.9147536
0a59b506798fb96edd7681c7,804851232.7121239
e8d2cdda77c1d885e21c7bbc,982369882.5921334
8abe99f2b71b13dfe7d71616,932284076.5941497
c07e98122103d1546d995f9b,835264996.2478062
29fdab43da21ed0d22c9c71d,457924109.0040728
f2ba7982bed03cac394ef87a,581920029.0853964
eac89e705cfd337a99417320,410905179.05310786
40713332e88c6d3a393c8b2a,605335559.5881233
a9aad230d22f7dede73acc8c,724110497.0289804
3b7fd4008e14e394dd09a0e9,1111612648.5577466
098327587a877bd50df27551,508143075.9069205
0379b6a001e4018c34e944da,725368130.6254636
45f24dd99d362f49c0adb875,306604333.6215231
dce1dd028695bfc5a47aa6a1,423426614.1393404
cfeb702df06baadf29f12eda,458856157.6031534
9ff5828e084070628ef2ad96,562166419.4187123
6920e6d7fff656d66844949a,726220998.3095368
31ed69311bfbbe000f4483d4,434065604.48401916
d300473e3d2ced1177c9fbd3,503279325.46110225
2cb64650b876ccbc7337a0e4,557593503.0995603
3ab2ed6d140698cfa41f2e3f,544879477.910561
9f8697b55cb665ebb054f9fd,546707844.9645457
7e844f8a24422ec3b833b4a8,439147765.14929533
55a615a3b3919798d54e885f,612688461.7584373
fd26da8e62b5d1155962f0c5,548784318.3530813
ee9171c496fa78b1461acf88,702925232.169497
d5182c47a954c964445f25d1,878982500.3917878
e064b4dd7b4e64a3e0016f0b,688958817.756289
36753a5e31b0edb1eecb8bcc,504995985.93683285
c2ee475efec76c46efbf1b08,786516055.5974971
3baeb28cb33d048bcd6e42cf,551730764.6074541
6a6d990b9b1bea0f844d3065,724787926.5401877
e93dbc804920c0bf7bcf8cb3,596460732.4328985
b9ea1b9fc0e46ba0724cbc0c,465569999.1231419
95e98113e39820523e95adf4,649344110.2097454
942ed340950f02adf9749a36,564750487.9174013
8538a41c0e0fdcb3829364e8,552097438.0499707
804289a128775f7d1652cb43,1023436605.2147212
3dec1da01706b06f5d6a9266,598576504.6765363
fe004acdfad6ac6b00911ef0,617228663.6993017
6c679d5b6a1c1b74bf483478,586761506.4205892
ba54b5ebc5d4f554bc56dec3,626084714.212332
5b9469c3ff6b197bfe3513cd,633004852.8158529
2ca6ce8266afc6721d179335,746271296.7373787
94160aa4e5c54bb479b1d0db,563253978.5893747
eea6a2137473c3ba6708b576,336004891.27109325
9969f6f4bfb29e3a97c2fccc,525559410.2767977
68006626a3321fb0de032307,515974614.513172
2149d04442f73cfc78f93bab,586831353.3755575
01cac7d033166094ab9f87b0,549245399.2132189
15515ecdd35e9f175842a738,583126971.4020753
86f1d6fc54152004e69027a0,821996033.6602718
0bcf7987c4b0ba485c44caf9,636334407.6651661
107fffd601a2bb7a3e4a69e8,651723788.8834692
5a44636153b1d4a74d58513a,607463164.6976429
5ae08e5999ca2ba0a1e2d8a7,1034132942.1598651
369e9e64898ea16b7ffefb7c,654421588.6629405
192b505186d0bcadb46b7032,639825580.5317293
6dde6686bfdff12620f198d3,593234062.1601615
503a04e079773a04f2abe075,653378537.2874131
42b5ebbca90572b9cea79177,507295716.2419186
0b6f2534f862a7ef551a116c,643540898.6722654
05e06a93e9f01dd3984a85ab,522483651.2003493
c6706db3eb4f0bbb0510578a,632181119.790314
2babb357d1d828c49bb89be0,739411029.5383868
3951171501fc51e2d830cc82,794796687.345093
fb72b8e0457c0199e158e599,805776710.2677298
df865201353bc7b915b56ac6,675383775.1940624
8d1b3071f5396359c0b6cc62,716137375.4383045
c451b61851c8ae1e6222109e,875944827.9600755
e1c33552eeab60683f2f89d5,1098432337.185767
1d8d51cfdf78f1361710708c,607484721.3939345
bdc8e1a1e06d387f9c7b026b,607484721.3939345
2b36d797d32013a126e15709,440699323.3009515
13b3a55d79b79ea89a73d21a,441217825.8711436
e57ad52764215c3d54740ac5,440699323.3009515
19e11b2d60326895b5e6ba01,440699323.3009515
f6e1752b9f4a0a3c8573910a,441182041.9295838
062efee92601be294d7346a1,441044201.2292353
e2c3acee51cdd03b1f211278,522042016.85171753
9390ae5c166e1a976e53e16b,424565948.5261653
db3aeb3a96304f3c255e8a22,509815205.72780323
d353be29e7ed2c35b920f7c3,595944737.0338893
893c1b081e383de73b9f2e16,621707897.5178843
8302e2afc48d6eda16784da6,746288267.1013116
f1e9676bc91a76740f4e9b0e,572196608.484239
ce86066ad78dea43089d25c1,743612323.3970796
c89ac55660cee4608bff27d5,516438236.6331059
b183776d007d85bef0f6671a,660306398.0413566
e8872302ba40e4ea413689da,571192836.8209641
0afc6cbb60f34f1cf00fdfb0,632899791.2756252
a811af7cf12afb1dd9b8eb86,545921477.6355997
7947f71467036449efb99972,739139895.3396984
2ead9549bab6f1386b7a2c77,1057760375.7845653
b54e8d557263624947f979cf,727656934.3226767
fabd2201750747891eb6af77,918313705.3122296
7c3f7b513bb20c918a51dec6,704433980.5764054
0dcc222d83e1bf05f2c2c090,785998033.4476918
3ee3ee47bfa21462a1fd455d,772368306.8688816
1dc3b6ea53413ece15bea33b,834068848.0500252
f44362b932a8b70ad4b99a29,706647180.320616
5372f93d988c3c917629f9f3,516588658.149141
5c25ccfc7ae77f1d85981a79,569967509.6392179
4df222356df121a41adadda7,532242447.81183505
bf38bb7a2a7ea663cc8f3d57,516588658.149141
ad0025f5b240d00936c82f9b,722156901.2217474
2afa66b726ed0b1492b9e01b,732425335.8211064
a528312b77b7f84741c2bf29,683252331.1790376
1cbeccacfa11843a256b2e2e,722365965.3352466
d11eadc78d95c96f50b41a10,654503609.2509344
c918e02b3e6d80125a2db1cc,387697030.6288595
b2af005e93b0242e0f62f298,514135778.3659156
ed9703ed896c6118a3458e78,404774195.7672154
8ed11c1d4e7aa1ccf0ea0508,414006209.05599815
9717b066e135a82feb422181,520067833.5496778
294985765f4d12e51a68a451,647082008.0958517
edbeef6a08dd17a941634d49,612316092.3064525
26cc292628ce4aa87cd287d6,670366731.1170977
47f7065118bcd4c3878e50fc,591377574.648557
e369c63f83c44329ddad488d,567441420.3616929
383c0948aac71636973507f4,619212951.0658789
6bd1a412c01387af8810ce57,856812799.825743
4b92ca1cee4739104e620871,929814616.2190253
0123237414f757b9c3809f88,1166696597.204171
6e36550a6ff6fdb2711a88c1,1082838533.3996365
1b5de74aea685b506a952f4e,348063310.8388661
d85fafb4d5ec056e6db9a79b,492998544.0905129
cd097f6cd92275ec8ace1f20,751655896.6605079
ced1f52def08143f0b2b6849,658419739.8983879
89a03e25c43a555b47c53864,719371013.3104717
f8d64df401009704c152bcb6,474548114.63113356
2a5aedaaad2d908122f28f22,669029504.2299074
edd0b57b90629fb00d036e34,730418183.0351735
f8731413b0d976c03b7e05ca,856312705.9491404
01abe3cfc94be46c1153c82d,604511276.8022113
aa7f5d0d2fd5474cc67cc70e,628983436.9428536
4912c91afa6e4aff6ffdc6a8,771135906.2815655
9d805330fb0df9ae73003ceb,701191514.2286912
7daa9115f755a6c70411b9cc,608724865.8513964
f5896513d1cb044108d23785,1084975664.5673096
3ff2a2fd905d81f0422c54b2,608157691.3179947
02ed31afcba033953c79d95d,590319082.7032915
c2164829374d5e880c1a1f31,689666770.4535519
3f6eba5c365508ac192f2b82,553658547.0525955
3289958459cd87f24089cd14,513718874.4458406
ecc3362a649cf08afef96fc0,548775884.0810602
264e00a64cecb861d2c05b1d,719288834.2014055
d5b5bbf927f763a43190fabd,608099180.459136
2691d7125e9046e597437f2b,840633760.7984917
7cf183ed411cf82df26640e9,628957280.2259355
f81107599bc083fec4a13ca3,674055475.1034222
3c2a535f1df831771b859a86,553153428.1835551
9e871ee8a61b183aa9051b72,680258557.406828
e066ee04cd3a597dac8ced59,606624774.3589404
2f4ed160fe2a21722e6299f8,746024478.7547274
e0ae53aa3cc9e9ba7ce65f74,724492803.9746336
78d727d0e61a7c8b1cf6fb1a,647604477.8558911
b42f936db049a74c7d24b0ef,767730888.861948
62e9330888566f1f826e1ee7,603019500.2539688
3fcc5ff04edf753621d6cbb6,753932275.9375559
d4ae25b207949fbf0df3b404,446100955.8944353
14bc234ffb3ff7f974afc8e7,639949481.6440934
64fbc9cac3f15c0f1a16f4d7,613785250.1174855
5fa1c8237da8fc7683bc10e0,473364841.9001363
7bf4beee26ba81ad0b884f9f,482552723.97616464
72a47f70aa99d42320e54787,540679003.1386356
07641db461323a5cfcda4f98,557418781.0257516
3af2a1ec9efa6884a8254d28,557181407.5366961
3adca5eeda4939a5ea11444b,554081576.5560054
37d39cb7d3849a784497ed0d,530892775.0976513
b9baaab70cb83475ac3bbab4,520395111.8206172
74e178e2398895d2288e6fcb,501042659.250731
ec15e2a131d9724b012d68ea,622463337.6181732
ee042a4b4a0bf9a1dcdf1eab,618555847.9368018
35381d7a5b25317d7588ce77,700528423.4573203
18ac3368b1f6d8f7171b07b3,621315880.7921371
3dbb09358256bae5199e1318,892825673.9290236
4662aa1c44351dfe271e3a9d,618605246.3299656
034a30994bb2e0e446e35957,700659065.4941266
4cdbcefc434b48ba3d51a498,811207811.6802404
3d3317303679a6a5a381d0ea,860478306.6795905
68f4e3d4355bb71db0f35a65,834656357.1738389
b3c77f4a398b61d9c204f8a1,551727917.3333349
3865974fbc1b412f24c47eaf,719658034.3737123
84ab3ece52fe00ee50f057aa,881684543.4916857
dcdb8d97ae65daf55570c88c,714780374.5080197
7ea01fd99b389d08ca50c0a6,663865607.9494268
51df325f026f4cc5ed2e9a65,1097154716.460962
1f11cd977996d909ffacadef,930873163.8726447
5ae03c0e33dc7d3e0e0d54a5,709960895.8147199
da88bf5bc2a7310ff382be4c,866881706.8391572
035de58d60807ee2c272ce82,981100568.0015482
0cf82b1128ebb8d1087b640d,934591513.2280657
bd8b005383020611b8922147,637951959.5021231
f5c79a564600bcad99c74f03,343195482.0307116
b11672f22fafd555f940a8dc,550439501.9219694
2bc88a5c4bea2bd00fd8f13c,716509606.1735963
b2b99019a929584b4904b98d,760993084.208246
678d0e011f710cefa49f6465,575466289.3553712
f7de22825945329521642f49,583139488.589654
79b5a037bea858706838a62d,462471321.5606254
9f339d547d83b4ef956a3690,599070299.5657643
127e197a2f70e7ddb5dc92aa,406204886.2158226
65b8c48546af394a924decbc,423127947.4696442
cdc0c282ee62c51e3a20459a,668016999.2839974
ec824ecd0319e05d1ca6a9c7,571781574.9117588
95f27bf0d25bbcd0d1eb9cdb,579603132.0165311
ac0ee54bdc08632efc0d771d,596404242.4066712
904ad71e7d108930d69a7332,609870900.5112678
7f4e6f790de012946197e0df,653798597.239794
473cb30713e88ecf782651fd,499041647.72381407
59a309a6af425b2028a2ad69,644298640.0337827
8a1b0f59f86e33a7aa7c2c23,774550364.0152915
1e884932e57cfcab75ebbacd,827715250.369416
8e273f1dde4801825fb19742,668821953.2984302
1f9c0f9c3c6460a323171d72,920000359.2215046
5dba98aa20e371c3947c19b9,767779394.3314382
51516e102f8d43a07037ed29,942004501.0043175
6eabd14e55ff090e8a93c727,749973642.365302
e224f9ffc7bd70369a5e8b68,953657912.6695917
35cb50346289f0590dd24d83,813766650.5285429
2aecb598de8c74d9d5108d8c,674028897.7418723
69c7e97037c747b93c33251b,858838439.1175846
b9b95c89c988f68429822e81,519827491.9937364
fa2c5c19c86087f207c379ab,680154762.6374398
9bcd34e7a974c977f65925f3,1279719909.2920613
3611c89dc71078cd0aefd2cd,463874307.90574807
9ab273eca8cd5dd4b6339ca4,571918628.0002663
4347966ceb1770f758cb6e37,856591533.9233862
2a68f627f4dc8060484cdb18,1014165506.1102123
55ff644abd72eaff17d533f0,967296272.2334546
db563e5a1cd9eb1be832bf5f,1081819225.788277
a0e9310061ff0084d63dd242,816982762.435412
7ff62b2f8a28d60f6c4237c6,804773750.4552567
c42c59e8a08e8657ab4201f1,461070125.2160339
de28370454624724128a0688,590482587.6330835
514aefd8a44ca048a8088c51,745409769.0180153
3d3a318662cbe218db0878e7,670043543.8168402
2714bcd5c0c503c3bee0e0b2,702254301.3688004
5461aeb15c7f826f0ce157e8,683937350.0255511
db352cbc2aa3066ea9b34184,624536515.232283
22b066e6dbd0f2562a0554f1,934158636.2751985
daf8d6d3f4ba21513341eb3e,836594989.764127
523605d1fbb75b0c5acec5f7,566308258.3553417
c59c2a19b93ca666b7c389d4,662576635.1743671
61e57e5539c40e5ffeb77997,566308258.3553417
c1fc25faadb151c73ff254ec,622646746.7074983
63e73f1b8b385d89de1329c2,520947405.4930966
80ded3bf4f2973a5ceb1ffb7,521172004.34139687
e1f5f0e96e5865370423c142,643495784.5442183
3bc1d407f7e7c8e67f7dd27c,644134116.8086778
d87c489d3572187e3280965b,1065008210.8950877
110d49e1d79a3534e146b300,702165822.1600881
7baf3723bac87b0b393ba52c,686401379.3104897
8e9e35321545774dc1f85776,691681358.35585
e0d6155cb3cdac98f81d44e8,648733061.9869736
bcf775187c0f5ae1cc0e8ca6,535221478.09980035
a792122a1b292f482caf25d1,538699234.1774646
09fe153b0027697e58bd08b5,303396411.1850944
a7283f1587ffd80f4723475f,381875910.30223066
67a10f161cf7215302b6ca1b,399582061.4779563
f403b20cb52d4ad3f9469ee7,563015738.7332305
643e13f00dfe7787a19b1254,563018487.9749279
0eb7c68fb7ea1e58f3e76345,621405809.5668333
cabf47337c2cd619f12fe69f,867107227.0008777
55c5eeb4861e8cd71731274d,774130707.4204676
363c96b85cf07dacbb10b92e,622732419.9968733
49b59d19432dbeb8921e57b8,694878482.0344999
818ee3b0c3862d4aae6e7776,329918328.6455283
b15c662c56b19d3843737dd4,554828495.6490015
03243195c467c67e67a7823e,447234725.61791664
5db50c50b523f3d454e94dc9,593792209.7980226
0798af235e9926b1e7e4642d,524693868.10675216
83852e78afcc4127481adccc,521692927.8052334
7fe25ebd70b89f4602bee6a2,631048393.3388574
175590951b6f8c6b8b4af9ff,549142849.0917245
d4dd48521efc020762ea141e,497765748.00067663
a681d6e9ccc7bc60eeaf7e3c,663584063.3998954
e137b5003b8c8f18892ee9d3,822815843.3445568
90dfa0d7be06e7a1dc15770e,722447997.8360264
7fb856eba0ae98a40eac3efd,638268304.7477466
9f52855eab4ca5161f1fb492,643144359.3271235
494580f4974c33d7ce0cdb28,763848804.0930017
d972dc3dfccf2a48a6384e54,695123378.9820791
7cc8772ebde8902f55e14b44,744306930.3429426
deda3ad684384ed67711ae71,642187325.7729753
b288c52e4d0fab9f579122a0,834990321.2636958
0bc16b384acd3f8263e386de,860421947.0738442
b40d1d2b7c1db9cc57c65fce,770226429.5454981
c2580329ee6d7a03925725aa,718505290.9997308
7e73516d57a251061b3916e0,987555879.6234151
7749f3bcfa8339444b0a8b7e,474536626.1240733
557e40fdc93c1824b0bed769,474536626.1240733
edbb5db63dbd0452c51047a0,578039136.151641
383af3a5794a0ec3efe78b2f,526623712.58188945
90ae7af091c23957b88de5e9,594003585.3063464
b1d9704dd39c6cef28ae3d17,541454349.9140893
44916ca9b874075f55949f87,623078978.2429926
0515734883eea12cdacb7aab,645042993.4484518
faf9f8aa50d936c1465e880c,763290174.1874646
f37c9693e058492ec3715de9,679166703.8183622
562c7846b05072561d96698d,628444337.8456453
4a629aaf60a113402834c042,711211824.916049
ccc4e48073c3da10a2e2d08a,608290807.6185827
8532c64eaed74b64b4d4707c,587556802.2185119
528a96aa31409c32bc9f1f63,811195218.4321952
36fd9fc1f1d9b2e10c1c6463,427104819.414036
91561030d87ff5bc0a497f1d,536337072.47250843
eb09010915ee68091d6675d4,535136982.42701215
56c41a58ed5b9864b68fc910,525124711.7754955
bf6005f6f71da582a6fab8c7,650716266.1878052
86ee80cbe81724e6919bdb73,632824001.3605082
0caa7856aca178f826fe90c4,604974568.248189
9e41f25cf2e77f3fbe903368,703985114.3300691
019f4a25794ef01294845b51,583691071.5400788
d6fc6059bba177ab56d85ec6,680158482.3087747
436089e2bf605d00849691e8,627310749.0077317
02a9c37b3d92a6da473c6fbc,674411217.3437878
bde81ef5ff9edabfc7e30d10,788077727.125396
379fcab709c66fa146d3491f,670152231.6474515
28ac1562ebb5050f1492f576,647677194.3804731
e68f5a98070efada9b5538ee,492455055.8636766
80aef024b0ecebb01913504d,430963973.6106094
f45161bb79292e974dc88b5c,551690363.0805589
6de3c3d53d6aee18ccdee958,535205469.9866697
5f2f7596a284915ebdb81a35,524452086.6562535
291fc50c4ffe7935b01e5d9c,462134023.757433
42ac33321bb1920fe2a78036,530881090.3060583
c8e00b4dcfa2d05d6a7fde26,724752721.5464404
5c0e328a04f881674ae1046e,655048524.4397649
c28cb417dd28fe4d4d41d114,628418731.2824827
8e160f094a0425aca23f04ac,751317878.4343315
a8944be7383b5689b5039c87,790409386.586348
cb7ed5960f325114bd3489c3,658509445.5515764
275d73c7dc0fda7cbecfea89,605293680.7584671
85c24df2d836cc8addd9b7b0,680774165.8578262
0fa87864632b7bbbd161f879,806983238.9004989
c7f422224808e043753683f8,987730010.4112434
c51d1eff1b6d29b4164df520,979779568.6182573
b50e8c13de383e64711193f5,451706251.42417634
1308dad458274c698b2fec72,451706251.42417634
6a1024c5da689de67bdfa274,599495511.8683853
6e426f60d25aa8a4c6f8c9e9,635084487.1507624
b80f3a46440daae51308d459,644391765.5699208
f59ed9b8ef1726f1a55a4dc3,391225341.3710669
368eddd8b6d39bcc7124a41e,508143075.9069205
391cfff759030283411dfe1a,434703756.37198716
4f140229175de685a0999773,455546632.2546978
cd365053914fcde97b7ee9a8,541629999.4896299
16a05fee8dfbe78d26664c3a,562798370.5956889
c462f0736fdefd319cee232e,711665663.8197011
b419d977b283e33c0b3da86b,669513588.6073529
6eb27e2a66d08a8a60567272,831465131.6741232
7486ef139d41d91423317e0e,715008660.5731744
e663064dd77e3c63ab9222af,750276932.6636163
9a6849637f1b8332ab289e27,1111612648.5577466
498de85ba30cb01e9c686081,696003813.4274315
3507f260c3c6e195fc444533,595109263.1276047
e538d52c9b2dc994491be3db,411207553.1961623
f016ba59a64f287099fc4af4,511381374.9219329
380ae516dd46442f97acfe14,692490662.689146
c97e4d7e08db3171290e939c,676867977.325217
f7847aaf1491103fd931aa5b,639250775.6696376
08f6bf438980d55b35ce7537,639250775.6696376
a6a06973b5a4c990d5873b7c,585364476.5823483
6e26918c69487a735a639c1c,758243516.923106
cfbc690c55e5c2bd8dd9d89d,708756215.6147476
56fe5c13f11813b82dfb04f8,738292009.6449997
296f0158b5cc1541cfc8419e,845054216.5834018
6ed2970ed02a3e50ac984aa1,712864643.5101223
4c9f3af11fa91e729384580c,612679260.7481639
2ce779caef0637db97954912,589771983.5616379
d743892816160218a63dcd35,688829346.8880044
758efd6f99db309c67cefb12,554581432.9205563
a4146ec09d782b08e8198e11,803321385.710063
f415c2bc1bc0fdca091285cf,993145663.27448
39ef4fb2a43fa3bba15a0b16,869628363.6067127
874ee4f1b9c6dfd3d2358834,1135089713.9454153
e9d514f90ebff0de1936d09c,613694512.5430372
9f15c77d67021f349714806c,512991172.5066523
a600ed86cff36e636d204f39,575317132.623395
58f55e9bf743e2e3ad43c274,568396829.3057213
af1aeb2ba89d29973f73511c,611006498.0536458
bee721e93b8d8e7cb37dc992,600148188.7481881
bd52dc8dc5398e5ca2952473,469261149.9473129
b71095bf5e80bcefafb12d52,468618478.38658506
a7f48fbdf807da68594e9ae0,580276873.2758353
50de04936770f874e1eb86c2,488221968.7168278
2ea47ef8f02712c32613fbd1,540993346.2751029
27eaac0ebf8a5ee99d143218,575472210.8011179
ee594b6bb0751dab39055b3e,513799684.6561608
eba0410242fa1e8dea90b194,612661732.1327006
a619d30d6f2e2aa3b9613c04,548358238.2722521
df58a4244134d3493f3c9f30,533082148.3125613
32dd96f4f07f67806146ec46,663536140.5605565
a77ef77ffa731e8980d36b27,638716899.2377824
a2a1665a693852185673f6c1,642268580.290998
8267eeb41ed1e68144301a3f,634808592.4941477
887ba6b287a8b3ccdd5691b5,658599525.8065261
1fc94e9dec93d52e0062e07e,709669073.9246082
ffd3d51ecc85abff64258e1c,592732654.7219311
3eb79541c2ce9413d2c54736,583242289.3153193
fcefb2186b13c8bc39b17915,617563228.5822594
d4a43654382201db5d318dca,797438901.8458837
15fbd295328ad698d3c76aec,709111974.6937445
7f5e87fbb4952caa0cb658e2,637566072.4401666
9d348aa70957592dbc56ef32,696427192.6710061
2ac1105447a71f68a50105d1,635238199.8731774
d8ba9eb448ce35ed404e68e3,795984843.1979858
21d42e80f6f818eed990bfc7,784704796.3088415
81c890b0d7cf787a091d4081,680074177.2552006
518858c561af5c13c8aef9f9,946592676.7623142
01cda25ee8545b9fe19717ed,767664074.2243618
2c34c1e1655e87ada03f411a,880015263.9290564
48f9e9a87e7fc0a678460e05,803813667.9679745
76ae7be5da1785c37736fdb8,975174871.7036692
3918fa99179953461fe07f2a,972737806.1626672
305080502cba05a1c165560b,522717369.88256115
5c3aaf3f75d6d3ae9b55cee6,478355774.16922015
2ab263b5d1ba72fa562d64e6,859280804.9981604
6d13129db564ad15e69fd534,617563228.5822594
7de7a2a651273df62aa6a21c,642268580.290998
59f9cc9b23cdea5bd4cc3ae9,657646838.5038902
d4436ad417941fde0aed2818,617563228.5822594
80ab8d9f157c25b40f102854,696427192.6710061
06ca01d3ff86406e896b6fa6,726334564.9625865
88f36882dae9a0487383b769,478355774.16922015
da474e23f34cb63de4ef28a4,696427192.6710061
04f968f1873a655fde8702f6,382572415.511015
1dc1a51628b8eb1bba214498,433872376.17941254
e7cb4cf600b9d931eb295c71,526615545.5160075
9052c644813d546987a72305,478774396.3071163
1e32a8825a7ea79c28e27a8d,471784682.87521183
82f34c2a6644c4cb0649c44b,745024935.2776985
95815bf7c79e4bff3f41b233,751608709.5843971
f64f642775ed2c9f45aff215,614167376.0175687
4cac81eebdeb45eb0e8aa5fe,667572585.0112796
c6da2874d2dfbb2ebab542bf,734509069.1736224
e7c08555cb8f5c7d0f32fdda,629509362.6675669
10b7c99bee9a4a21e1f32d50,677979795.4290322
f21625fb82740d6f4cf1c325,631168440.891635
1c3236613cf95c84c5791bdb,735027880.3766302
b11c3a4642f7eee2e443eb32,735614354.3707023
cd08976dc2d69110375f8541,471545456.5739529
a44c7ace8ab50de7ed8e5a66,343716580.16924167
fa8f13da6d8be3bc1f05fcee,381668300.32554734
77bd7837b02bd8f2c290c9f8,424409716.12568974
11a79681fb0a3f6eedf11d1f,583873821.7553465
70c3b086af66b0c9db4b0b96,583873821.7553465
64ea18085495f759116f62c9,747377469.5606245
ebf4bda17341de806444ba83,691040794.8480121
54228579fd8812c3ea160341,745483267.2019662
dae0265a0f2f79d3dc010ac8,738630996.9147536
7340afa659775cc18d83aa4a,639751787.7499257
5ba05f67a77cebe5cda31e74,634697153.4153588
33dfb510aae260ccefa4d349,824795150.2794952
82af190e32398942775056d5,738630996.9147536
a9b9263f6aafe8531f3dadca,704990751.7405999
9a38e7293e9ad7d8462eeaf7,997106258.638121
5852773a80f7f1b929c7dabc,1126993595.3204153
52fbef3effd854b0ad0f62b1,974343308.2088774
0016e35cfd881ee2e37b49b3,575342453.8929083
380759598c614cbe10ae4bfc,744607541.2892659
fb63e870ceb7ff355299f3da,588142685.1257774
285b8cb5e9c887794ed2fd1b,551738416.5902634
f003a46a1c8e04da0052d72f,508880481.34779614
a731b326a61043070c3c853b,536558292.5712296
d2644b46136fd95c0fc2353d,561046278.2700281
8248697f70c21fa361840755,872658978.8151865
075b5c16441d9d67cf638386,697404012.2049459
6bb2ac0cf2369cd8fd85bc12,570115483.225969
2c0b3d69fca6677ba9e95327,634634780.5039171
c73ffac843c155f24985e6f6,640307914.2100137
78b57a58368ab056c11bb0dc,649689085.4794143
90b25b6b913c1bf0396c149a,674753725.3443321
fa29c89363ac9cb59667a43d,649689085.4794143
eba756e88209c420d288c4be,592336265.5484359
e7081fb59ffa298320321633,621972423.1413916
db1c3ece26da7b342eb7c8a5,649689085.4794143
f9ef8fcf24d28ce11e71d758,616899787.7910714
2f854c9df6212c39091bcf28,619938089.7046477
ccc66d77e5f68779b1c016db,664716060.4648346
47d288f8f9227013424d6976,372396943.9258905
3e891afdcb568befebd66fe4,544070406.3798863
2d1f036c96e92d9c557605cb,702125657.014397
dd9d63c612aaddbd86676c34,479657878.0791975
13cf784fb3553f75acf25a4b,702125657.014397
57dd353ac00d0e99abdb3733,1048811908.5578235
ed0051ae106fd0df60a14586,697778618.9485358
0997324f14c5823413463546,1044003205.8874726
e2cdca1756b1635dd1ac2b2c,608872017.8440726
7700df9486a1684157527739,590116031.1331704
e790b21630ab963a65c53df0,562080265.711825
2bbbd9878a1e7c55bdacb330,663668330.5276003
decb25b7fdc0eb259831cc71,679835299.3362845
fdbc74fb5882051327b3caf8,643320663.6066283
39dee9b1661292cdda6c4823,701381282.0030696
354e2de1e3a81a63e7fae4bf,622950201.3634056
f80b9e8c51cd71c5be281652,359511884.315372
a96b19e82d9811d5de1ed0e6,449146754.9927883
5e5ca2753a908aa1b7fe80a2,547349478.0306062
495b6e61d1b887f8b4c1bcbf,539569819.628128
ad8ac9edabcf2d4b06ba9fc1,628151204.2895218
359f6a66a407e30b40979d2c,693385539.9789821
ad351bb6437583ec871b1739,611054237.5862372
262b1c8ce7db2b4aca2400a1,769500183.0368599
6808b10f5876ca36f569a4b8,792233094.4507028
54c74b36962edcc922573792,694715090.5713505
e7fc4e6b1fdb38ffe68fb680,732720414.2829022
1c9325df5599379a73e18053,791912523.9112983
8c9bf9031bd378c1105e3f3e,660141093.3556138
be70989d473cd731f6d8e580,622734979.1092576
46136f5f078dd31170c58e64,679972371.943203
7055f85f7749c4646577a51a,351412478.549737
861aa922b483f9bf7884dac5,371101849.47349614
45f18e0bb676d2495a227dfb,427622982.5085621
9cca7c1e9ff65766c8dd2e29,313843204.7472867
b2b7020e66872c8d83468cec,416274927.9369486
7634d7acd4197594271c84d5,383454285.9298549
11ffdf367d817b582d590db7,503324224.4224762
103687e73b0528ec29725f1e,607371061.2598022
8b5369b126b75c497b1a7b73,519480831.47598094
b33c9b03cc12a253e4936cc3,551472141.2792768
ab177c5d60492f2ff087708a,502078607.5842498
05bbd028f30492fc0a9f35d0,519480831.47598094
2b9fd26383758104d567d474,519480831.47598094
4addcabbe23020d3d0d46ac6,519480831.47598094
d93ba0c32244c455e0f7baf4,519480831.47598094
92b772a38d5e38bb51a3f621,816839583.147496
135ca1dc80ae4d9993ec46f5,533037925.27333695
ed5192bd8038c77ed2e46f0c,635400358.1958114
3a878d44356885ea61bd882b,519480831.47598094
c29c69bc6758d5976024e455,627240338.5459815
dc486a3d7e9e2e608ab2a7b0,519480831.47598094
1a34acf8e509659534a56b63,587153625.3699399
5716ed7d678cc2575397174d,571098726.8566707
444c68a7a6cd0b794768d5af,623429725.8068371
8a724286cf661794084aa87a,623773442.4004669
ff9c4796bc3ef18ae7bb724e,638268304.7477466
35984f749eeb84eaf938bb08,600837963.5549616
0998999f12dfdd50c597c6c1,811073785.6034155
58bc65fd2e0e4430fb353d83,636862338.5560285
fe483817d899e0044abc3787,672396865.897331
183a8459fa248605b8b5bc1c,700258825.3422573
a1f0d61cef676fbf798b5473,569674510.5827464
d7d3cd587d291f389ba2e8d1,555415933.5157182
ff8e7294270343a00978dbc2,587221628.6616864
0996cb112fc3919564e87c37,575091546.0194994
f183e3651c485e0001e64880,876975312.6008475
e28474959994ea9c0c2eeac6,741182610.3352071
682c0a5f5f3130a61b5214d8,706279460.2694142
245663c600727f7c214063c9,576114124.5562879
dea79d1b25bb9c78d331e3e6,489503772.9400437
ba212b5f12959e34b4887315,732008458.9291152
dd4eb14b56cb00130955d021,965401717.8828661
4c94103d4366bcaaee4b550f,679675379.9586338
7bd9cefba3f5dab498ef926c,1289278484.0018306
1d7a2572b466070f08c6e564,608120806.5346484
a38e7af984a471331b2d758c,663488916.954061
b6775aefafa4dcc161eaf6d5,643783418.6521374
8654295684292e74d0245238,708603800.143959
f0ae62ce6eebc4d07415c48d,703467210.3867666
969219d7b193ac92e7a008ec,555028951.1878885
651d6af0968fc05584cb3d25,616378955.37093
4f992c2a0526c0074bbcd875,454628089.21559185
9536c686b6ec514d92493f9b,583024156.6697159
5384587ecbf956275d86e60a,512130366.0865363
bab5690da7c42909464cb9a2,556277218.8869842
bc91072d808fe7b43e972f42,458997532.6967863
37cf2c5c1c6fb6e601d2f76e,489707875.1547066
4cdaece5d1dd4e089a99f47b,474920082.71239626
b37af80bba5adc197cb51649,501319113.58312917
552152b60bdc1ca16d2dbb71,692107794.6069598
32354bff9df0267a5e139156,677011888.3087311
fe4a6d7d7ed28b85c5816fa2,983130197.6790723
afbc7773755043a40a7f9d6f,667336851.8614434
daf2efda70c6f3cd9257d0dc,673827317.6033201
66fa7c9e82a2876216b14b1e,695842592.895329
e34517b1563d829104e230b4,391171816.96216124
222a35842b0bc09f48e1d0cf,658794431.1058286
c5a64fe5ed5901734d98a22b,474623192.65112174
05db9fc492801eac98f69c7e,501054165.9825924
6e4ce81e713a571601d861a2,472648454.59489554
79fe5105ed7a7861d3c0187c,431739085.3980951
70ea911907d320da1f7f9c41,520734998.7952934
e60024d6e0b5aa52e27a3b5a,584790308.690856
bb63f086543cde77832bd4ed,584790308.690856
b3c2187fa96006fecc6b8ba0,313173687.4685902
9499edd83df77bd6a90560c8,313173687.4685902
a947158782fe2832cea53040,641613635.8158106
2e1608b8c646a102e27df16b,527843445.6029332
77fbf1f0c35c1025ea4803e3,545547087.7320484
f9e6a759b069e04b0cbf0182,645448259.1957892
1e158f436f2a4caedd1563a2,593792209.7980226
67af004f80b08fae38f472eb,680758306.2564051
386ee01c3f7bd8bdb91181ad,811142738.414368
36ffb5566bc35fbce9e42679,601782482.2975091
b58533a6850620b0960db713,585584381.531583
41353584f956b9e316c6c67d,587196610.8374565
b1d1bc7ea83d5c584988b95c,461590237.1921581
6b1c0866e6f12f7fa8de94b2,594582953.3607543
fa4fd8380dd2620c672facc5,589027519.6608822
44394e66504a4d77587ee105,662707329.3232789
d841d6a82425710e36460f64,664323543.4432366
33501f96ba3b02da073d586d,540698338.5549772
831693b6fb81df1359e45db7,554362873.518095
7192b9d32e4ad55f6af9e241,573139518.6589007
4f99b97100d003ba3a2ecd46,556332443.9397871
83d969bfc020aea27d2b829b,609769716.0924087
39be6f994f2cd3d68b51126c,654674570.8014956
712f16cf2506710d7f2a2e8d,582694449.6950022
7ba618fdb1fe8694eaecb64f,733903486.1437904
d8735967c942d1a7b0cff7c6,667559528.3510704
b4ef40e00d089a35d750888a,663584063.3998954
7d73a548c2a29ef2d9655e1d,523046256.9457017
63131b8d125073c7dfec72f2,829063296.0386423
a65655a4f42564ac48bdffa4,755278755.1939992
033d3f8ff56907db4c453700,822815843.3445568
05e8878bcb68d03e3b656eb3,654461137.6828004
2ff0775d2c131d19804f2a2e,878680900.4024453
9957ccd807718945178bb847,807776598.0084157
7bcfd82ced5d6f1ae390d388,543197371.0862474
adcc03f332b427be46f118a5,726022251.4572673
b5dd038cf35169bfd0e62eb7,835270002.5412538
35b789e1d63f8f25980d21a1,788278308.6750237
c9a215f284e095850c809425,603646497.9372938
d26efb0e1213e19c378edfbd,621268660.9383448
9990217fa4eae1d1c4ed051a,819890915.2037836
2e9390c4423db604e1c7c4ec,642666115.2195328
6faf9b6c30b176e36f2f1d32,677880944.3483106
5b83d91f4d6364d3e4be1428,591739125.9379451
0d9616f0ac8b0c2e9e0a97a3,533806881.016871
9c9fd309cfb505b628f84fab,736473213.2650892
98b77fc0888335702d082f8b,693650122.3576336
051d68945b95562009d4029c,693650122.3576336
eb8021804e63016fd934c9b2,611605981.4231155
ed6c8c45bc8c1d160cf0d0eb,753291875.3002214
9fc8c3523883947769b2fe6c,800314514.0714108
3e9cdf767389ee551b5349a3,521692927.8052334
512effa47a1c7a5420bdcd6e,401961359.52251536
0768e70fbda0e09b88c1548a,529595925.40291
acfa7a1cb136e4474b7efe32,629319938.8883463
a343e6ec6eadb287711d3834,741417030.6121511
a698d80ede6cf6243fd9ed99,781042171.058596
fa5c81237a94f2f78f05977d,661962925.0027286
999c8da7dbed7412dcbafb70,745139497.2420251
c33613eff66948d1bb8ea3bc,669161756.5866452
a642351076b7706a733dc52f,668173568.0335424
c69e08214cb1fbc09ced0971,380999835.0131623
48a20e676a060954308c9ecf,469501204.644071
304ce5835e685778b1c2b6a1,616431818.683639
c859144477dcaacbc1654a8c,634368310.4500182
98865eb2f40b8a30893cd351,702009489.078816
68dd15c8e9b71171348ea24b,1163238734.3525908
3c660885ddd7e98ba5ea26a1,1466267739.1928248
c670315562766401f92913d0,514649058.575994
777a8d05edda0a335d89e90d,636977483.4171463
81f5c32a2c2d3b32329a645b,651621948.6283242
40525fc425906c9485f1ddfc,514696975.12333435
8b6efcdb553f6e936bd90f3e,547970160.6136417
94dc108f1d146641b221cb81,506946867.2565619
1034ee7a5160fecdb5e8c27c,544320674.7623266
48b34600046c903f0ae4e6d1,856746764.7076722
edca31377b4f7299f8b45187,1049443129.5492976
b1586cdf68f36926c3bf72a2,474393833.55991554
70b15c2a38c404e62ad05171,375734068.0428768
ce18358366157fa869bf3833,683058176.500871
6883fb90099426e6f3922909,599311563.3642768
1b7151cf29b565b2f1caa559,814141409.6432096
f2ec3a3598c99bb8c38cd680,472464128.49947
38026eb43ff9876cd5767ac3,398908331.19725984
9f68ff98e302ab06df4fc672,515465200.9197981
2d2ee255ed2144b9fa1fcc39,583047220.4074987
029224b78e8f358aa9c38e94,609049716.7963231
88da5851280dbe750968c565,729330604.5802493
1c67456195075a051513b28c,619192345.7261227
9741ff1b895a038c32205784,645992608.5506061
75fdbee42ec89d428143066c,638564216.2595316
9f27627b9e439fce085cb01c,719075996.3171875
a4a4a57cf20ad739291aafcb,827405114.4735729
84a074517742e09a7eb6f320,580498381.2443593
28fd0437736c1b17c7ea1f33,895719726.2231256
beadf1de0732143f0699895d,578354376.9877695
b027f75411dce9c742c5d0f1,802837525.2376599
182077fd9c5142d503309490,619287948.5260831
b1df92683a593edc3f2b45ad,678538686.1388586
38cbcd7f88c1520fa083af9a,612632206.3589938
8ab5eda5b66a6c2becffad29,625690744.0680758
e68ceeb098f60054c19fda0e,639997099.546956
e6ac4d158437142c15bbd4d9,810074323.0261358
a448d8246781ae78dae61619,551844275.3650086
4e878e99ad2fc34400381c3d,620144077.0424578
beaa09cb49a98e8025fd7e8a,645400172.2037997
3df855d8893dbc62eabd95c6,627356339.1362567
cbfc3ca911ca23517da8c2d0,734299462.5014516
a020e479dc5db78794a5fa77,811812650.5861869
6247fb0e5261d4225f6c9f1e,735174024.2488868
93822a34ec8dcf104e7f49c4,585777752.9724057
17d311554f40ae8b40234c31,596800481.107834
762e044ce9371d7b8c7acb6f,807939646.6895837
2fad468e1c248f40ee3586ad,670984856.7390863
fc25df25f4151a16cf0c90f8,656104395.2691181
39c1613acc0ba4fe622c1f31,673532998.9670619
2c15a0733cdb932ba8f2225f,710534816.8305353
1db68ed64501f35c51d74c5c,717685055.8524451
1d968cecf268a7f14def1af7,849653907.27293706
77c886207faa6965238b152c,470178576.4628333
86242b25bcb2dd775d25191a,512649318.1401113
a8b457cf82926e25cd862af1,690216679.0902721
fec1212eae4e6369d5555d8c,745874681.9423107
8f59ec48e38092ab01c23e33,703254792.7788078
490b89e972abd7e64b5ba6c2,664717766.05854106
f8f217756d32f31faa784c2f,723397212.3759912
1c2ec62e8ebba12c6146a04c,638936217.5719628
2afa1699af46ad8124f76e4e,592853287.4954643
8c1695c9a31de0f956e4ccdc,663262134.1910393
d88bba495701ae7a44eecc64,930794739.0985415
00571815d5a7f208eb3e7737,918206061.907428
d626a635ee75c23aee2fb327,950574002.4345753
7e3937cfe43dc906983fd321,1058948972.1711679
ddd8906ea4a22b782c7888bd,675986214.4409447
258abe0fc321f6b24d37ad86,538426138.6046847
f637a4885488bbd499199148,670723206.4002467
97f5e6ee143998e0b3fc97c0,574471734.3259872
be4b96920e3aa5c57baa13b3,356547334.48539585
6e7f3a0cb6246f13656fc95c,866281463.1419472
0cdcd8cd52bd1967dab88a5f,555210293.7707661
83da19e7fbbca11083090574,437430125.6990383
f0cb484eb3f6e04b5b1806ab,605718819.7517679
fbf8b0f1159e89428778c847,604679321.6884155
7c316b981173919b6cae5516,553503894.1071745
d6496a3215daad9089fcd5c6,972868743.3169324
e104567c1cc70000692f502c,656735528.1676898
c4476befe0002dcd0c315993,504958931.795688
3008e821640b33a8d70beec9,744533431.6505262
9eaaf577807d86ab64fb14ae,340522822.4442401
9db120a76af04028d2f0ce68,277558626.03178835
81e1f8b1c0e3b15f2ebfd84a,496871886.96340525
9943a2530009f62cab6b466f,522261398.30388075
a8052c48a500926214eb2e1e,606288703.749704
3335313b9060ff29782906b6,580824671.4671359
cb93bf58a01eb262cb003061,622854292.0348858
0e04f84529d92f2832ef986f,500078442.801344
807d7f5155bd299afbb6491f,624512336.4391605
76558d67def95bc708039f05,681069609.7882018
bb19983466b1a1184ee7ea1c,666549248.0571569
34067d9b2b4e45be1e5cfa32,617675512.2313643
1c4fab7d9cf798617fa90a19,533905688.6074063
b4d610e0ecfe007c133a5ea4,577628443.5362506
ffbedc0873b99654d10188a3,554102414.102883
ac413fd87de33153899a1d04,607768601.0190748
83349bba5fbddbfa2db5078a,628638309.6008477
0a759932f763df64a463ac18,573202759.7872044
fd9ebf37acdbb0e4bffd2fb3,579438947.3447299
f725f6ebcc3fdeed22bee385,443825958.4563747
ceee9fd6e692196b960443d8,579438947.3447299
bc10eea54e4a1767881a2391,689202317.404259
4ed5718470ffa3e5b5f40bae,579438947.3447299
debd031585e9527fe00f116d,761130508.502038
23b5f2af5d39edd25db6a522,806976858.6268526
f51000446ab65417942e535d,557504236.1212984
e6ed64435c659f236cf213a8,684048349.1265757
b160d30961ddd3dac16184b8,523327470.97964406
0cad79296edb4b18582dd77c,665823462.558994
7bbf8e16cc32dec423afa6b3,890309717.057165
acf98212eb702c79f16bb058,638252035.9794848
1747dd033c2c2769974a06af,649632921.9010483
d54e80ee72354c70cb84323a,649632921.9010483
de901d3433ade456e9edcd79,649632921.9010483
3fea10126c0c651f02de7167,649632921.9010483
f823f6d95b4340e8e4dd0d57,649632921.9010483
ff6fa86afbf9da2aa8eb7991,649632921.9010483
a966f298e8d4d3d580a72d99,649632921.9010483
5b0918cab84af6fa6c464037,614290791.85875
bb1ece5366ebb2ef9d52708d,323436199.2396545
fa926bec03068764c8545d41,537191017.0004375
3bb987adb4ff573ef09b8c12,572716018.5996968
d7fb188814d4c118ccd83989,460949348.0009556
ba511b37b4bda08d191c68da,456086844.09200674
3c2f62f464aa5c48c470bff2,621983207.4431111
3256c6c6f30aea9cc79b7283,642800186.7227995
9844c3773f7a50c71f218e99,902622699.2603097
23229e392dbd8fd9d80637da,798758005.2394371
e0f47a028df2dbe9129cde7d,930499413.5966754
a12f0f00148e564ef78838c5,1042503632.3769727
d3ace27450b980262ba9bf76,1214495406.4659512
0668a4a4521c783a2d817413,794721717.3305814
768f69f0241fe339b6f52fa2,838500804.2286416
e78ef4d2b165a8e8781c258d,526678374.3526862
631ecfa47fe167bfaaa967e5,466650118.7354345
954e3065b1e8b31a68f6d4be,690988727.9829798
e81c5c1b820636f691e5c5cc,679087853.9162635
b4c779732e827ab2fec8e8eb,654827220.4839364
b58208759ce1402501f68906,567034541.8352481
59805e5f4080246ac1d92b34,652574012.9765247
a3fd38336516b98117e328b7,810541286.632329
c0bf06891690188e17ceeb8a,697468885.7611781
efc8ccaeb09a5e1bb0bfe011,680524502.9713213
8e604d41e0cfe9c93ad536d8,825747492.8555956
f770b66579bf2b55a714c43a,728364168.3882828
4e01f07ee4b1241360de460e,909615231.7489505
dba1be42bef913f35a95735b,620136808.5034231
d839ca90c5df85e5cab54ea1,592869043.3166331
ffaca67ff9f0d7cbd5bbd295,934764367.0450839
6f17875bd3ecf00566dd5c1b,692654981.7747236
10d01825744060a7b777ee4e,485673844.3034098
185b333862e7420f25622efa,742657780.0982497
7f7141f5e1a7964ac6dc688e,867306907.4739087
adae78b82caeb073d84f02ee,637678247.5173986
4c0f9275581b5572635613a1,468190477.66116405
9d6810aa1035e91b72de6a26,437896193.7992014
069798704327652a899a189d,528639675.49929374
2f34de2546f13e8a9dee1edf,571567725.7543807
8147da5e5f53a163443e8506,555583332.9183189
6834b61ee23cf04daf4fb83e,945160109.4974023
59cbc0e7dc6e6922feffab8f,490608825.898115
7cfe5c3f5cb1bf095eb2c503,590327646.1540673
d916219daa90cd2d99edc609,591730889.4614048
e78ad3483c5aa5a7a4310720,730256672.2216783
d048fdc255a5a7f474d48c0a,651664190.0683078
b76a3fe6a49dcae6e6bf5815,659130989.5631726
75fa60dfb737ad50073848f2,690107856.2679319
83c1d0e2b8826844416abd9b,639901062.29501
8c02948b66db263420c20d3d,706919185.4343647
33ab442cf58cfaa33eefb6dd,303624089.0741747
d379dc03d78685ad14c647c0,458093791.88953686
5e36efb290bb265d81706bd4,626514267.8584625
db534a5f57e92d29b9e150cf,663139641.0011295
5354a816a7da90e205448832,560832941.0530972
f0862f57dd6be5e7659c65ba,514575193.9430987
7d58eba13f418d890ef563da,725368130.6254636
c2fc3f04c3870e14b89d5fbb,687400538.6553133
15537000b6806ee84d4615bf,632617838.0206777
e82508e88e3f62fc8e67dc16,906891069.9831493
86ee57ce617b2be312a9efd6,775887719.6601435
6bcc29a0afc735bcf3621595,684910670.8508227
d79e2addf7c11180be222103,890883179.8429929
adeadac88e573824f08efa21,564136992.8494315
922c37e46fe9e75e73fc1f35,509747349.575425
5d09f2d1cc5fec761ac4372d,620465378.0138907
8c5aa3c826f325a9a6c6f524,620465378.0138907
fd0c010fa0c4b84dc75ede86,707106442.8422987
c23150d0aaaf932579561998,645124910.6535537
163405cd6248bc3e832dc93a,562027766.5883901
eed12d0c3e65e9989fc4f4bd,737692320.4570856
e6fd53315e92a55c6b67405f,623676287.6767749
7a3ec914a15b47726567af96,767482524.1704214
7f02f056d5eb4aff92b44659,520561400.65901196
2d5d9119602c228b333402a4,529075960.1563105
43fefda5a3b0781578d9f2d3,654114647.3309662
513211d9f07fd6645711ae31,433215756.5176272
c3e1e0d2618556de7df13403,638260596.9007756
b4a4d705930d9afe896dff17,467297642.1155347
e44b023e39910ed29f4dde2d,723417409.1378936
4e78d095988a92642a1bd18c,491225403.30356544
92507b623f039b4ef5be8870,574157968.547634
e216fba4bffe753a527ecd4c,629712634.2662238
24a4199c17f9c56f0b3ed12f,681591641.7570796
6bbf09c3bbc3e3a000cd2afb,510190385.1529945
b3d45812baa819caa1400255,655700682.8194964
2688e4cd1fd441d1da455504,523713960.75905585
5dc1fd6ec7ec8c8af71e3b6b,685941185.0329899
f7b7e298ca8fb75e11e92999,621135712.2272276
05b71daf88eff5ae8cf5789d,637563021.4243361
e8a7ddb4e5d43d156692326c,834582197.6205115
632820af2a0477aea5ccfa1e,623776947.0213518
43a3fbb8218e73b956ca50fe,889865932.2074003
398c195aa41ace34a16b0d7b,817850701.2977134
ef3887783a12f591198d6c27,559691814.6741163
e6653cc1c94306d4e56ba216,575550562.9916937
166c21ff83e97c6e74169d92,740104893.319687
d0fccd2708fc7def00c72317,674021042.1818483
d66bd7e4bc7b51d23af57de2,696917859.1562579
8b47b76193159a21c3580a3f,757244821.144001
448d159391c38e4ffcc405b4,451268353.2611546
9ce7fb3190866e6a02e01e26,653805844.754145
c25f892c01420855f61c3dd9,549616103.8273522
2d5ccb12ebb6fc7d4ba462b0,505761401.9875828
9eb4041ed9e159ec0d890de6,520566091.6915459
c342f6492f90ccf623e8e8cf,692682674.5348263
c3a78d9bb10165d9be188394,673908493.1637156
1978d8fc2031af21e98a4e9e,611033659.9829223
d6d581e852a025b61cffd6cc,690003063.9525
ea28f68a1d1d81d29b88531d,599399059.3479838
a3cc0422a37512ae124013d8,711800441.568332
073a3ae443f3333f0f526f7e,613794910.3913074
57238dca767ebf3a842c5f10,776660167.5994279
113887ac25fbff9d30fe8d35,503076651.0783649
fed1a50c562ffd7f30451adf,575791439.1391668
b1e9075645f4b374c7301346,591969823.6447225
6517c1efabdea4c1f93078b7,529664199.39331216
b966fa606a3b50d3ac7249f6,1081429847.1588326
e0ad3e9588636f454e9e484d,648193311.9103383
d7ad46cde8eca723de6510d7,728053919.5989344
447f51e37fda773ab748814b,627253324.6820585
a6b992c9bf4eb32ab3d1df4e,410400095.9095253
3a9c7ec02f3e7e419669fee2,461529908.4590744
c908280d0461c3585af94d53,719122072.1559025
b3616a055e722e3720cca48c,647658902.0194641
45a8f6d942533794501d775d,626060857.7035891
b6da1db3aa02debd11e26edc,598272505.367151
6d12669907d7d80d0b458a93,588286287.7409441
5122b2e9638d3438434fc56b,940793981.0044873
6367a127b452cfa27043f74f,735157594.2866377
fb3d29813052141c015669c2,659266519.0497996
5fb76f2095eb1a5cacc2524d,442884634.90210235
95632ec6578a204881694dc2,594262367.2651852
846b75324c0f3cbb027387c3,607928357.175051
940dd8311f2b49d4ec212fde,645526800.061341
bd0261ab68cf56950ccdced9,531137213.71810395
f79f0c23b5cb96b5d022582c,625267966.590469
795cd68f9a5ef45902712524,511635179.34556085
d908973d90db91f772890c9e,417639145.24133945
d670be6c848b1e92abbf415d,552526553.2102258
87b940bd3dae37b9fdac5d4f,531591768.2863513
8a7ddcd0c452e7993bc5087b,440153391.99809825
8925e22f8511be30d50545cd,644385584.5699855
1342c307971094041c9c240b,659083671.1264218
385488342bff3d3587250c84,708265135.6510048
f8e25b7d7e93c45df1b3a4c5,981264608.1610057
fa4f331f05b1488990a69ec8,997106258.638121
a71d187784b309d65cea0b14,1161313145.2805512
0f44b84024412099f27439a7,595779269.0635295
0ea1a5d32324d270cde1993a,573182624.0543844
b13cdf9314a34852e8db4221,747924701.4206555
75e0815e2ba7269a10d9786f,527844407.0735329
f42b6680baf774d27fdf1e48,711390072.0429188
5cde1a59393643d7ed4e909b,621040238.17234
8736dfe0f1c6e2181b0ee31e,797793228.4302111
5859ec20de4a5036292ee947,666901107.4082054
1eee0ff52c53f04307cc3216,698879753.1568168
b455979bc938acd34a580eac,751359591.9616252
6921133528bd6fa3675ce8de,806996164.6659707
3d266736d0307404a5804073,498263715.2360698
f4f6e48b618064ced466c302,464027594.36806065
dcf606270a4612aafc5f9f29,520412936.23473614
5e455623c380290e0a8e4e48,482552723.97616464
ac3c9d9357fbe72959817602,501042659.250731
f48fb9d9c42b0ebee72cfcaa,552523642.989028
dc99f2871bc05ea7e8a97d72,775154038.9287999
b5cfd5eba0b6297cefd6d3d5,829246748.4827214
0dd30227247f145bae82f96c,689131220.4115403
9f347bf53e4ca4d264a45241,579742653.9433358
81406ce289219cdab015549d,721303652.7225102
a085fab6d9b9d8c24472cfb0,943648041.4562653
1fce0e993a57a3e3873b8d7c,930873163.8726447
af67d51867f382dcd9cf34b0,902605846.487813
432f082ac51bb0d39ce45b0c,866881706.8391572
b6281efabdbff697d70925e6,926181924.7309595
9215d29512b14aab6178da01,1145080193.3732271
6218a5d7267f02c576e5bf16,612607869.171362
d66cca2c8e08c89af26e7622,621315880.7921371
ad3b4ae81c322a9f91381bea,574617672.0267482
3a40bebb521445fcd32cf033,796106747.1075276
c1ca38f941200a9d666aaedc,498941582.4553628
a1da74ec074df16a1e8690b9,1193861400.8360999
502154647e351af240615b98,592646006.638454
b57cd3eb0290984f061e1053,625346943.3531442
4db632fdebc000c9e64a589b,583577632.3279668
e380184391898aaa2d3dc540,675914422.7960703
dca45f1c1a79ea5ebe639920,721084516.3159834
961de1cc8601447b03682e1d,617597600.069226
60a4f09c268e61fbbe423ff1,313648360.8793606
c3191b6b40191009ae9f4b7f,796230778.835583
478ac408d2a5c603aa23cbd5,761139840.3055952
ecdb747ee4a3ebf958252309,446100955.8944353
6c36e346957e336a33a7708d,647564942.5372882
09b18e3f3cabb7d5469a8d51,785207463.0782734
f1a5856ba56e7b12cbb9459b,432215844.59640104
c378ef33f40f8be9263e517b,732011252.5119948
b45911f1875da543199e97b6,917164098.2028378
678c70903bcb6c90e3578d6f,858130715.772409
be22ce55ba31cbf7cd285e5b,594416959.5005462
2dc58e6aab9399e9677265a6,937881846.116824
dae55582e86b1f514a4ec3bc,664431946.3431754
c119f62348e418d9ada13362,708762525.8288422
33510511ff07dc7354cca7e8,667905760.610608
16b79a8af9d6376c73c2478e,686369679.0996864
714f90489426e80933ef31b3,450631382.3448296
6c8e1cda487c9841c8d297d4,556496733.699864
6d9c4bf994147d8892d27f27,668580247.9924059
1b300634b71b898299c54671,749720507.1191484
181caecd269e115cb5cfd75e,437020617.1923063
059516a91f938d2e8fbcca0b,785610565.5288006
c42ce8f9f62f7a315e028e3b,453308483.4840753
bc23e25cc246ced4731ce5f5,697657533.4706314
de44f54fd6b1b62f30956f5c,669608752.3380917
2ef897a38b95d7b769856e78,545058200.6563023
2280b5f7c47c3b36924b84a9,499665065.67699134
16ef7eaf29eab571e229e537,1089090253.3329093
48b1f800656bcae6a9e70802,521308261.09714556
b4aa025f8813a3f0b132b7e0,527977351.57513964
3c6092e8458ee81aed0db0a3,501777307.3229045
d919dc64995903c9120eb61a,570875817.2517139
ef53741b01120666a08db213,720286575.3536199
c3dc5ad23dc8cfce0671adde,606277737.7921021
a270fe47ba30ef0056ec6c4c,403898344.91607654
f550bc7ab5992a6fb48eb60a,836431312.3525497
28f980b3c741866e0db5b761,597539351.2195618
c2ebd39857dbbacb99e6cc96,576991277.1197234
bb9fa21902daecf876c0467f,947411511.9788432
fea142787b18327108ee8929,657181743.5544685
a1647603f732f97a99f5ec6e,804209119.4065828
775f25d8144580541bf2746b,532846948.2319482
527a8fb085995119f846a5d1,722824884.147702
8b69bb9fd7f0f19a248f5cf3,549763358.1741562
3b14b48188fdbb0917414039,535566284.50560117
02259637b8ef1311c69d3d90,717110750.5238627
50eeed30ba674cb079689afb,484375377.1614316
5fc3634e1fcc96b9215a6cd9,727825218.0116272
23cc24e23a1d74159ff78464,733915906.4195466
44551251fe345b31ed71aa5b,661505277.2510829
82ad984f02ccda30bd60da8c,634330061.145059
5734cd4805f5c055d36ec645,626281358.5708536
fc7ecefb27bbb5c3e25e899f,368242737.0333739
5ecbd5b92092264f4e9101bd,570697609.6365765
83a8d9df3a535fd273b27c15,1074174316.954274
d76fadda8063e44483aa024e,705277343.3497567
a15bf12a6b8749ac8f9de19c,361041206.8902229
a3f32d81f4cd99dc85a16bcb,526855339.2107479
4029115038a899d98dc93d3a,1072534804.0443901
2326bb628b4a571921eb7345,621823791.8899041
471d6fb8037049e1e4d120a7,931788611.5625353
b73945103f07da807f7a30dc,1039350583.5099877
d6f4479f9226e52c93d70eca,443333083.50580007
420b03095062d9571144a276,793382292.0519444
ac0185c8f724ddd40bc0d235,500040194.8775159
228280554ba149e60f81d639,682662431.6443477
8a44e15417d8e520a99454b2,445121595.7606924
8978ec4c5b2f02fbc1f57820,879177415.4260569
2ab88dcecdb565b6412f5bfa,584151962.2428269
1dd6f560c804c4548561cae6,914044930.7170343
90e94b7e392f84e01a5f1551,654205399.960277
84aa7d1c2590f37f0fd6dca1,494741655.6184818
0821fde7debf7cc445434024,647441514.3286878
b9973b07c84b99dd1018050d,402157236.96380097
169013bdcc2ef214e0163ccb,550131217.1944405
3c8eaefb3f5dd8d4c9f5386c,638666036.9746771
42d91ed3f3615247f57ebecc,656597137.0086489
a7f1397df30d6521c216e331,775562308.2832236
f6c6ee12e338b1f9730b6e2c,390556983.7153175
8f4687b666256e136148c3d0,737132258.2672774
925f83e20a153a1e094bc606,840804534.4009525
cd270a11dd8257648d1f0444,634255177.8138307
ab11db71265771ed4d9de64b,457869481.6399421
ec199e33b7557dd669fe1aa4,349512090.20400107
b47fe4670c6b065a9e1db429,404233810.603515
918947d51e52e0caf692f22f,488094781.6103195
070543b03770991d65cc337f,960013520.2562075
f45dfcffe189327cb0d303f2,730543837.7841958
d2e7484c81358d4c79f040b7,668412499.6373225
73ff3a6b0cf4f7ffb244507b,790409386.586348
b0cdf05097df437354564bc8,356540528.56275725
33ea5de5e8f5c639a213414d,949726469.7276067
c94056bc09a4bea0e853cc41,562753460.871566
6d5a91ae44cad7849dc4e969,698162971.048842
b52e0738dec9d2f119c75a9c,489428529.87053037
0e35349077490a01f25e2ddb,838159319.8930209
9a5fdeb5f389590eb46e7aac,929865912.3616048
337c81be4cb14d494ca69db4,611715454.0939019
ff28f1a1ea72e21acb157f08,870396818.0879945
e83ef75473fefbf8d7e52302,332389010.2631726
6d3e508ff42615eb78862723,661110464.7588593
3b7ddf527979726fb8aa1683,430097727.99476147
7b08cade91e2be20656ee856,470715256.864658
59cb7abb39785d5263a156c3,691168752.2322359
bc48ec7245297b4cb85dca1c,619230878.4002092
0f366a36001c0766521b9dce,590043825.6605312
6ea022e53741adac484c1798,862667623.8613877
aebd6304298f84e7d440c379,1149241529.2971997
c5b333e454ed6e93ad32d96d,579818713.258571
bcd31d201096351079cf7ce4,433681046.0821534
46cf5b18fd7bac0d3332d70a,724962249.0233374
1dcff645d389e7b687a498f2,587006674.52565
cadbfbea1d03e6538af648e5,478364121.03622335
9dc0c6ef8389978be58daa59,778291300.3188981
fdc00f6ebd155e84a387878c,394860965.98557085
99c1b39476ee8e2ebfff6ffc,642511045.5948669
8930f231a5b9d8db14e9c656,600824543.8246161
2dee15f1b082bb986f8d9513,633505445.9520487
346c734ce163296a07526a35,583456710.8420029
6079fb3769f843e99b47988a,611268185.2093003
f5802200af1d28eb48466c1d,590468432.3388062
1f8068ab65469ba56a1f0c4a,590468432.3388062
1ee45a731b6f0242b6d2936d,611268185.2093003
56b7a6da82134b135fb7de2d,623934516.4907564
340c4d762f830197fdaf0977,768712910.7117352
1bdc0d441e63089737ac4c27,588154341.3055989
b3d82ceeac64b64142286375,576523038.3073825
947421747f33db213e6b1326,512229116.7660546
bfdbb7aef98d4855d459ac94,618041969.8886409
80e88d50c151d5534a57f61c,679829861.8184294
d0f6e19e92c03b40a5aae3fa,913767015.8768935
6e2a3e49dd6434ed01eb5e71,554324729.7357333
89e2d612654b3c792311faf7,554798731.6960768
29425249fed4a74ada083dc5,505630069.27614707
fe0182e1795e2b87eef4bf41,539674340.9016639
dc9cd30b760a1280e0318512,668575035.7099193
d22313a06e43b8ab8f6672fa,463537904.80005026
f91cc2e5edcbb704c293084a,952286953.6622196
dae776f643e809387148900f,958501817.7593651
e55634fce84f78466095e730,518756856.7446566
a507a938532411f06c57ed8f,672144514.7760313
30f3b383f2d5e4709c9304b1,621051333.1404494
aaa43db51d1ddea564d1bd2e,600353668.4099975
b3e76a0a1fcacd0218c17908,383701903.4677682
e548ef7a5650696c0e968cf3,707348782.6902812
939afc1f6250d528b0be8e3a,633552566.8446077
405baee61afa4b08dc25e586,629849125.6265111
0c4781c598c06d538c5fcdf7,599627845.0644403
fc321e2d9b4e954e80805be2,667624019.7716992
dce18d258c352b7edc60c304,604589403.2602814
7b0a2bd964c04d01387d78de,675869447.234232
43fd6b5cb01d05c9b1db0e65,708652660.1227868
cf0152b0a5e886e8291ef4a8,806184755.1380832
d05030b0eb8931161855450b,692175967.2643143
281ea3a3fab48c028721ee1d,700044963.110791
4fcba82455866a6931590dec,653141112.3561759
ecc5e3781d5e004ceef8cf76,852294576.39967
409cb370961c60bacbdf7416,333395250.0806279
54445913b2dc2d6ba35abc66,689345541.5471346
51a8c190ffb673d4fc27f4e1,503188141.9290428
80e7c6b194b3229e3e2b9aae,601415082.5546902
bbfc9b05caa647bd95b3c88f,582085918.0728204
128cb9247755abf5f2801431,633401050.7933254
ac180e846fda5cd7f1123f6d,734987292.8749964
1e7173670334937dc61243a1,804865502.0192395
c2555955d5175b31e5f783ac,574994631.2020278
d87bbd60fdb8b84a9fe23ba7,591222468.7506816
825012911321d636425cd0bb,930869548.4632697
54561e6ed5570577ea97eeeb,616399515.7672054
3a2a2df4f07902b04b809125,673840603.7671857
ea7e3ba584cc5ee45ff8ba7b,715100714.1436301
25093735f186b70beb018317,533854471.029823
7fe1adc0a5873cbba4b021d1,998492060.2052007
461749398bbd48d69b444d7b,387958727.0597223
eb8f668912b70fd554c8c723,633049352.1902403
e2f00293305c464b361b6178,628199758.4848617
02a0a38b45e1b196165b0098,726458946.4000006
0e6dc789744b678028e74d56,577183344.5181515
58954e79191c62ceb1ead100,729766241.4401306
23aa0804aabdc61650b8562a,656519588.7178938
ef64565957b5278185b2429e,497290530.5300903
253725ec3d7939088faf71b7,490333594.1631104
a9683df184aa8b4ad5d0cc5a,694013997.8117186
3c38153bc36b364b92548965,584250014.818713
286cdf6dfcd95ee9edf73a93,504490429.8168038
df93a6e36d9f19e252fa9de3,627950663.5164652
586fde402c82c1eb5a74d634,440367977.2110605
5fd3b0299c0d52e48195fbdc,427672622.14445865
06d33fff99a62c330ef2d585,503383179.7101348
df98fd10dd8ae59956994521,534945357.54050857
361715cb422c5fcd9125d5e6,473844886.31966275
af68665ae8711d009e8810ff,569574325.8084584
63f3295df28c02953241e2a0,572023175.6256403
62d338c26b44153bb075b234,866370074.466273
41a269c661f20e443a7a25f6,641653801.2130175
c5a8695b7aeba06e46266959,507197699.4561462
17e5796a30da5eaf310d02b4,449469582.4474868
69acab4a6f82ae943850b9ae,484232810.0689118
5fc3ffb33090bf75a81aad8b,569503339.5499439
02d89daa77bb313328fe0c4e,433877392.3755751
6ad1fb94accb91bbc30449c4,466095722.1966625
a1cd215fa99b8776818d0b0b,392211183.2034541
0553a3aa7d961ada6dfcd52d,454506228.0970709
c6ecbe7b57db2db74b0d788f,658833445.4446582
a4b23fbdbc7bbd45c5ebf80e,775373776.6453896
3bb15c6313ee70bf4d88f4e0,581143348.0742737
e05c52c9c8fcb792ace06b61,683837907.6499846
5fc77edb0e5bec0ed8e72a60,685236100.0909107
85e15a0a63ffe482c68ec474,941489713.290557
859025f2f41efa521a74a00c,600443174.154737
1672a21e6b2d8d0525df1759,410330972.3632394
7d4097722aad95158c51d24a,619567732.2310355
174fa597347f2b1d3e9016e3,648711677.0720824
3f081fb77ad08f8370569bf9,439156804.86424387
74cea4c9dc0e00dbbcff8b1d,945670969.5434763
4f5de1bc90694fedd216ef40,913007859.4832376
8fa4be9ac1ef719dda1f96bf,491051020.22549576
3db3b80a902c10004cd3a3d5,916751788.9688567
bf02fad806fde4e3575e75c7,622698146.4805201
edd2afd07fa1305fc3126078,444055160.7314054
bd5d2030639ef16370cca032,604069589.0615855
87e74ed42a2c8c97f7bdd239,782143989.6661896
d1c6037d0750bcfe47d425a5,623820996.8943026
763c9a528d0f99f34e5b0031,468781472.9303636
8b674605311d296990ec72e7,422415978.3396116
d7cc3d199e538258fcc83f75,474055993.2954314
ec6ffe86e9ece6fc03556ea5,494524494.46281135
9762ecd72557ad6728274e1d,668877111.4052464
49a2d111903c77053d44573f,432436923.43062353
d06ab7503c6deaf9cd405f66,986506431.0303663
23e7dd821ec2601ee2c6e353,1098326931.0456333
81519727c7ad9f60d2c5f224,738236861.3125973
a4a5b6a844c14b4eca92dc49,961219279.2098092
7e647c5e0a7d95ce87cfc8fd,948660976.9450713
7a1bca1ed03e7cd0e277fb95,426735855.28782415
03eb8da7205428e61bfb2845,545924316.0162495
82780776619be0eade3d72ef,393423425.0832862
4c03afca943c3f2484b8db6f,426735855.28782415
85d731901b48348f57932240,760151193.103837
739de8928aab4ec77a1ecb0b,586960727.4985318
7f45d3809b08bb32a45139f8,487855358.78274745
cd14f8aa1613d754221c4735,608180661.2477698
537a9a2dd0ace0d0131722a1,693640936.4009292
2d4a781f969a4fa2a4f04a7a,659005398.9958378
e3676f99542f27c9037fca29,620107157.5735943
bb33aa4f1a7732fc8ef19039,437624752.15935534
9f11661702873852a3d65ed6,301014482.5992006
d7f22a4e6daa572583e02640,429003272.71439755
f6ce37c42fad91fce47758aa,337923628.4255443
f57cab248d2d832725d78135,491095550.6204652
9d73758bf7569cab4837e49c,564578536.5250981
322bad590ae06fb48f80c533,554441082.3514067
5a7b67d4c79ecd83b7ab66e9,669845701.7972461
8dfd846e6df9a040ae1188b7,459944713.0081535
44a587fc89d6b6489157ff49,696136702.796194
f9ce5b7edb104d4e8407a344,543780003.118551
73786d11f1fa714aaa9f1f90,646092735.8254527
cc72295ef156cb2d60d6b10f,857446191.6654148
c9851396352bfeb05fbd7580,943520528.965481
b3561144c745ae3d329dfe1e,511786267.90383464
7ccaf332cf87e07b38b340d9,1026743682.0558674
d63fe229354bef8b02b4a934,676888557.984337
2e0a8235637e98dfea862909,655930702.6003914
0a1b14f320e330b405b27a6b,761337593.0026942
db41266d7b500a6daead96cc,338884832.92765105
364b8b8759e3c408c4005021,579981386.0845954
73bcd7efb7a25587bb1c31ff,613048645.6095345
17060f24d81fe2661c7628c9,663506913.3908952
98318f22c00ab335d8aa23c0,637423492.7616998
c926feb307c493aea729001d,301239780.41463923
58d92e8a26589e37b7123716,534645393.4004897
54d11dce9374378326f7ac62,582867763.8088528
8e79eebcff019c3362a76a26,652222717.8995394
02cb957c3db9ded3691a9004,531418580.2324437
561689dc0f267cc5011ede3a,767068028.8905476
1533da89d388196f19e2c5a3,719432342.205699
069ddc5d1f3c855e6498ac50,445284558.33033407
d3aee2a35856634eb710efa9,624059430.561638
4bad966abb5e8c4121ec69fc,498395220.9721599
f059e39d22124eb9e7e8e20c,703885151.4271979
3360f48c1ec30dd1c3175101,411626334.118069
2218c6bddc994984cdc6e567,552536965.2240494
c2a9b4b389ae6f20140e21eb,570043226.3266995
d135cfa351ed6abe4ec2033b,525558725.5125812
668e5bdda1f4011578534f54,869106173.9356272
d2aa3386ae240d7387424e07,572922812.6407241
e4f2ec7e2f4389c1efa52c0f,397644582.9926588
d4f90a6b73b1e179d3f8eb70,559173362.536529
5738bc8873b341bf92ece0db,600126420.9907166
2906d21b1d96a1ec43bab50b,628960264.3937584
4e1bfbbd8689a95fc97fabdd,564365662.3581268
78410b0193dc989de2d24da3,614554896.5185189
fd7f194d9929a6f28ea57cf4,560023893.349474
5e7ac1ffc0886c27471d1a54,614081856.1110048
879d9e3b4ef9063de41ddaed,506252939.11612695
4bf620c6c6d4c916bea70e81,584535417.1419985
573bf87f57db6e037aeb94b1,573734149.7582968
3ff7b739ce65f0b3066806ba,695731638.8423911
a456f85bbae3f189ff424e8f,667834911.6937375
6683685692e955a8ff172c89,673214638.0341392
82e1ae440b386c7da3a580be,812400414.787465
efd178c4aaf3fc9d05b8dbdb,507931209.30894345
55ea155410b001104518e992,504697608.1522886
32a10e550bf7095627d17da3,529031771.793594
823124264778e5ed64d8664d,648297776.7569659
fb01d990afd25ef96ed048da,1144244297.381739
df22426db407f4c660681c7f,620184757.5802034
44fab96fa2ea501e0b94548d,788710835.0215629
871204bd1b3505acfa632954,633429518.9210818
3d63320260d150d134fe8648,535930554.8361294
b8b9b90d5721a9ed5e72b328,459835562.4270628
926d12cfe05643554837664c,524131754.3829056
cfba6db03f0e38d1aa0802a7,645084499.1281925
97b12012ece8a740944aa547,560721641.5557928
8de317591cefdbc375a41483,630045299.4551119
46d34fc9a8edcc199a537b30,734590986.2928361
262e3b4091dfa6b71af020ea,747514219.5080818
396761edaa353e0828949bbb,422380355.7757257
8c18d3417886c150136a03ba,448269627.05645984
f053d3918234bad409410755,539576798.7583529
8f5444b81998e52ad76b3ddc,724069830.4401584
0daf89cf494e0f40a94d3e5c,697697666.0508136
dd8c289ec872be3fe3352313,666112085.0755574
f02f6c5b97b8e3cc5d5a74dd,555040760.0776198
5f39cf56c4e1bd43f61ecde4,570495922.1461937
5e187b07578d582ff3d8e189,565210267.2487876
bd018b302f732baecd085ff0,599435513.7239305
674cccf4c7772d6091166aae,1026676264.0892869
38e84c560b0455548ce186e4,711416637.0724585
d14173913bf5ed21e3ab50fb,450978208.29248124
cb8844cf2070d8697bcccf27,300714152.10126466
6b44648a905e7f4c0de6c855,501877831.764578
148aedc984c7f6831c7f9601,496800063.0509074
ff9d1cf7bd90c5e47a0bba3f,427734764.2098592
9353136b0c791bec58f93ad2,575413818.1016111
de2137c70bacfd5087bc5c68,572533937.0091468
12bf6b9badebc2902cc11c62,401815894.50200343
c0706c78d5d98202dc24e46b,674882357.1923373
4394a27b21889bf78927ddf8,426181756.63545525
0ebbe9d3831727f90d677ed0,741669279.2013528
caec584b5b6998684bbc6a70,592561112.8454744
0c302f1c924f8efe0b6bb58e,642759954.1133269
e056ada7a37336bbe878f38b,605953899.9571114
905cea21c0ce1cae97fe86ab,691162586.1878601
e286b12e5aa7929334322842,600269229.0597414
6cd4e68300a8bafb9d22700d,630703527.8321568
39124b1ec419566a371af8d4,726517754.2923312
6110b5bf07cf38c437c7ca8a,905278108.8251433
6f8a22e4dd21f44bc6d383af,1038047737.5117571
71eebcb108c4828b8bd5b84a,600321261.8288028
5d61946d53efdd9bd0af140b,734345327.4444935
c0620585c12f3d9f1298696f,580530983.5143949
d27283e3c941f8fc256c3f4f,550655801.970121
2acc857ede19953734600dcd,629321242.9181553
32474481a0f8af34a4edfec9,606320294.2533382
6720db016112cd2a4a5e0358,611556560.0510124
959d0cba47f650933b9a5168,787619004.443832
32d2c5f1707b00c93407a19a,454930459.96878326
0ffdec8eb5272d9fe4775251,485028563.29207385
c77d7a08d5b9abd4d3082fb5,487434281.7215755
a3021c7c465dfdd38cda9f9c,594038267.6136876
aa24974831a0c608635bbcea,565785333.3626721
eeca3f5c399785a1cf15b1c6,636900010.6951103
0b51fb3a65a86d7799f27264,508551793.9602956
1af16b7f14dc04f05edf71ea,484666043.16700727
e0d7e4dffa0f3dbc40c7da53,494731114.0245309
cfeb42023e2737491b3e4283,819467826.4378471
dd4e23681e00fa1cb9a679a1,498131505.87183917
153c89081fd85dcc66a02421,718100291.0712681
f25b2ce0d988bf5490fd780a,642059929.6592262
8700c9b62ff5a5c3394b0bd8,515632222.07743853
a53b105919c7b46c0cc1b003,575912693.4695759
1c835128915211131bc561ab,440923298.47631776
a0c6e0c6fe41e32b3bcb2b26,670968831.1671991
4eff2f2297ce85a0a3964d2c,730335450.4827517
57062f248424c47282d3da30,629652834.8275766
99e860bbf3033ee4654d393b,660235123.5703872
db8912c5c5e5e49431b2c85c,674177927.9426496
3151daf55106dd159f27a8b6,534393334.74201375
3e8a4318d93b1fed4c48f48d,736656895.0282993
4c8ca73cb51a58933de61f0b,525065153.50237143
925754da6fea9c9cdc06e18e,580095858.0552396
05119815bd72ced29391ba87,589716543.735548
aae7cca10bd7f041c8e02d23,576927849.3352388
4890edc33a555cbbac71795c,598368728.8384304
902fbbf9f5037be8759775a7,621099409.1635141
d013a0e910b1fe2e3913af7a,513345450.25800157
9c38b9798313a3091d13b340,1039872392.7713032
f04d3ee8b175c8f2f30f4f39,927560828.7869357
f0f883c45e8470e74280e8ca,890005022.6744384
af820361d5f20198bacf839c,566837554.0501406
01636da0aa2bc223af023a13,502875370.17200804
cdef6e87c007bcd9b4efa9fa,817288104.9350258
1d45332e2f04df18cdac590c,467311595.75627863
db3dae76fed5fdbed29862fe,467301604.86895555
f36a379e0149d4800e793001,510392252.5578041
30d2ac3ecb8150e4d4339d1a,695518137.2601002
7f78955c480d050f2c8ae3c9,528049291.43663794
cb1dcee1f4ede0877be1ad15,616141108.45502
a32d2c51f2bd5f23bb519d12,747268784.006826
bcac2a4cacf13a91805557c1,413147917.60616875
a21afcc258e50a538dfd43ed,343725484.0859858
7202b83b651382e2630359c3,461697463.87048244
77d6855eb6a30d268e49eb1a,458193084.45033693
204ddf6ba4822d55ba80f713,364379125.4625485
e0587d29cb717f725e991ef3,647879558.7633666
c606665f3a3f70ef61fa5cf0,652806200.9808437
44412a9e16b2824c4a520a72,477811638.2982984
313abf19d78b719cce4b3188,682423672.2169689
99ad7b36c3c916393e951507,522771542.0449414
c34c2aabac06323fa180b24b,476496808.0166054
37f39916813a58b844e17833,678663660.265485
6ab7f97fb9880e48fab16a1a,532102140.5694494
0e6c74a0056ee94b10bfa86a,637254007.2175996
7fdbc3fed9c9607e6d01e958,404494691.722934
01018b9796a105be650ec802,722428340.7817478
16ede6f8833a93677d05a131,477051593.0821861
0a53b0b7c365879a6d2cce39,705278341.7221128
a293de027279019418c070b5,462767863.9744503
973ab56a202e039f5ef37353,425903803.15226835
3e18c851788fa8724ca8b7cb,468395666.391842
0a4b0a004c894654663bdcdb,618086438.3674649
55d4b530b881abfce2d03e56,1081073942.9104724
405bc08707001684d19f6edd,979539861.2936546
dffa1057472b06bfc0fa7a66,844447705.8622316
d061615fcc6355d79665f9a6,675838339.7878449
6cd96d73fc58b1502bc6ead8,664671270.1672144
db78a3ce9c6f6a7f4ecc6853,479388289.76211774
1498ce1c1bbe2e89b84a4a45,672969120.4024632
3035d7ea4b71d204b588dccf,533867404.3286124
2b8e9560dd58d880dbe77c61,671792454.5329804
e8948741a987cbb3759b7a44,708154358.2541392
20718780218eac9668776956,511584116.49434507
c0a9e3f5c57cfbb4aa9b2357,657975404.0664752
5e9e9339fe1c3a06470cf7c6,695906342.820628
f852e0f3fb8563ea6918164f,995047294.6968277
e38b4072ff8b856487864f31,762123486.8150395
8cfa1121fc87d9483ec63611,667210966.5255251
1a805101f78cbb783e6f919d,463952808.2821856
98502628de3c4fd3905000a7,548731005.44401
ff7ebaf86962fd0ab6ff41f3,530604339.1076482
69442123283ab024a911506e,836904154.5279304
ce6e91b53465250effacca98,894359194.3534989
5d42f42059617a5ca7ff3a32,577238469.3555452
01edceb6c5afc2af1e129e86,415300816.1346552
fdad0c86eb89fe93633c8571,362051008.34516495
831725656d9df81b63c0ae38,563913542.5920807
d1f8eacef9bb4d300d086837,975042607.5353837
3b6d88f864f6c1759f957c73,1062272770.2228256
5a38f908d8d75c5810280e12,538883363.9748945
c7c835349181bd3f0d964eca,1230380452.290357
edd4d560363f7575aee42d39,850747121.6085653
8f3924eb214f5194d21499b2,642794387.0446715
466c542d7825d36d18a86486,454798725.8766657
0b71d334a6db66cf6f1a8eb1,654334965.1664032
7a91cfb02df63e4396b15aeb,404535732.8304625
6140125d2a94efe499a6941d,409967738.30746657
080df3efe1fe81f97e74c4c9,353496304.698273
e148c2b109eecef0175b3c5d,503018496.87695616
40aaf6665b489033ba0e55b5,889678396.0506066
05498e49d0b875ae6aaddd83,444240982.12957144
397d0f6319465fd7fea6f710,855528910.2083638
7e6d8c4742b38854d819696b,938549998.282356
9a8d13d56d677379ebf9a347,709329808.0795064
06bbc353bf62fda3b3786fd0,514102795.8749658
09fd7896d5445f422892b196,565129641.5955695
57c63e412f3fceedd3a7e698,560828314.093398
32cb6246cd94f962f780a1fa,457703146.58241755
b0f9bfd521802b0d2586300b,628095694.4028354
2a99204f0a53c4a4d0a2393f,656604998.6100206
7651626df0e2e3119b801466,623228823.6156188
59e48259a076518d929f5db8,432170054.2362188
e7b721ed96269bb195906bae,341798277.94053495
61c3c304eb8a06b5a483efd9,719568168.1887197
3c26b2954be250bfe239db68,358860524.39455444
0df87025a6351b435958ce95,700950032.3364484
df82719238ea0e102c282c09,582257633.1500182
57c74f7b9bc5e33cc823439f,711389407.3652731
4195a9d13c0a526d7cc959f8,601269777.9288087
0d00fdc440d7612434a6b91f,666824875.1563898
0c91369119a06c40623afbb4,589059950.6934961
5a6b30b4d33e068d421bc2a1,589542910.7835002
f4beded3c5ed9fd6cd5177c0,689854804.6544158
95e561c7292d64305a2cf4f9,736630394.675137
67138978493b84ff42daad45,578143528.0918604
7da10de45c866c7d066d2586,573991508.4617897
3c3cc027fb179e91a46f11f4,586117740.6765146
df3ada98307fc85428022d00,578088575.9956403
e029c89d59f2caf4af4bd908,561817813.4328808
105d05ab3d5334b976e448e5,534578373.18958986
253fe7aef58ea97fefef922a,653349702.8318435
43e11f10650837933261fa7e,488657591.2046922
b111b17ae1fc17e3491b7a5b,652857504.0027649
63e1ff737ea11ec607ecee08,674809127.3808082
ae703276c49b6a6a9c39770f,733562274.8932893
799bc0f95ef9a23fc16bb1d4,1026749522.9933784
bb9fe73a8742dec9b2e79135,1000515835.192322
a9b3d963a14c2c7435f30fbf,855257561.160071
7a48bc2c3f4aad08dc7fd5a8,422049490.7873391
7621f476bc8040270958de6e,533112742.2517901
c49644baf8dc51d3f76d7e7c,843331911.5921599
8c107da7487ed0cd409f4daa,699113377.7082393
1bc8874a13914055c2759a35,562580783.4349469
fcfd6f08490be39064aae41c,460887494.77182657
23178c72b063ecbaaa04b37a,583853299.8991789
10bf1c2d1124f6d8f8b9497b,643766763.0399435
c29b30cc5db2ffc273e4cb14,804974302.0636379
f7d11c2601959921f536f804,622147112.4223826
acbb07a2c7a0e39c0102b3a1,647536845.6562151
844e127aa7802cdf75db074c,728081603.1166289
e2d88f49873bbcc5476f4ff5,655784983.9526296
42aa1e6f6b8220a63fe165b2,696106920.9722284
ab1c43d6fc4f08e315e322d7,663682664.2121397
9299c976b1afe4d2c0bf351e,621306784.836319
cd62ad28163c8df131a8f2fb,671796645.1483797
e5e06913ec3c851340d7c91a,528024769.11075824
d9b46a34e48e04b5a3e026cc,681554815.2638621
782a6028457ec55d4fd5189e,536882005.681202
11a905e4e01e7d15d35cbb82,488594795.0009938
3b3e423e248b23090a2897ee,482916005.93260145
5915093d458d4b6589e86f59,523247478.752221
3d162a854aa05447e2cae0c0,601075574.404713
662a3e343a7e207ecc09d6b7,492327768.07395744
289db1292d4ee40a1ed6e518,660144464.6493291
d43d2bda7b6e4d5177c0d032,665027557.9586124
b57ebf09cc691bcf009ef115,800436572.7473805
21f5bac85d5eec57acf501ef,691247451.5513334
2fa288389b3031d595973793,824456505.2485095
c900d19cade1443983274ac4,933779500.7766426
67bd5b20df7f2a9cf4e04358,503460638.32306767
e111bda6d24089dac82907ad,608434650.3784246
7910ac9782a1a315f68799c4,691023156.8812867
ee786b818284cb382c755e9d,634606628.0038565
f9b0a27bd3619ae88ffe5455,513373194.6058507
ad1c32cf75ffbcfc842e3959,477618611.6021944
5648633b1f92de1ddaa7e7ab,556202331.2925926
1ba481abe0d3890c42884d97,503460638.32306767
ce60e2ce2a420052e67564d2,696998911.5566996
87e1b1170c163689d60bcd09,554084182.5485502
bb4c7900162be66534d17541,838962034.9573973
68340674853f0ea101e32b46,672217379.3114426
d10f89691119d4a4a2c1e650,1501097148.4452624
d414907e75a1c105ad2b74d1,360743325.8471857
c9b6d3bce20b7f528fff8123,488086844.425551
be1695a7b8d3dc68c9887abc,577541515.3773592
debd60afab03fd1552719270,689887810.6669158
de060e07dfb0a5494c5550a3,598972083.8063995
3d6815fb68ce959cb95e225e,634326218.7838035
d93f6d8fe212ee3c0f7cca95,724166642.6156193
1ac702e7c265717b34419fe7,640886483.3242735
a157596804522e03efabce48,643539360.0101137
069c529aaef7d7e0774c4a66,595267297.6437597
0669fb98aed75d79f8decb7f,594517956.6235499
7057326ac489bcc17d580883,586065795.5277927
e3d6fe5d97bf4fe851aee9d3,735928278.9195486
f80b20e0649dcf1c16003255,670733172.6708832
364256d0881131148655e006,560914426.3793052
0f9c26956bfe983c8c7fc227,938598432.9288332
9756b47e9dd47f99dbb23115,616287136.7337195
27d413eab7b562b984c5a682,619368180.6205654
ad17072ff24e0fc0e61963b4,562294287.5586637
473a59415b6214218a15e363,598343981.9400947
ef72df5586ad0cbe59e36e07,662938244.248275
9129b78a741bf5e24df5379d,482768249.49976337
964734d3430de94d22c927cc,585207535.5108858
530b25326f39c347a35a8caa,564758902.5909166
482f57e65a3f4c6792775a05,484982906.84239656
738e86beb569a7bf51fbe199,301829310.7630149
c5788cd5507c577b7b585ffa,461993598.8069727
be164f9025f346390b986668,551642965.2695382
ea2efa1a857332559120b823,506525570.5223102
f3dd24a17ea51b7a2b0f037e,586258835.2229085
7aa8d04246d3e84e5ac470bc,779233789.2824703
6361330195fa7cdc6d5c603b,694426235.1946635
6820ee22d6fafc9c030cb286,971128334.5464578
472601b5b5719855ae3528af,860151163.9773539
3ce2c7f1ee7569e1b916cddc,613026337.3962947
afb03f7cea99023ecea7610a,605058120.0511075
404364fe956884368e2f8300,759194721.5409224
c658639b590415bc6ea44119,656834118.8827095
42f1a529f5ff3a6371dccea5,506535755.41966593
e2e4641b20d81a90033a536a,544213942.7071426
253b34c2c5ce15cbd8b5826d,674841310.7282661
86ff8f274b698e7757ced1af,478590835.8657649
c4aef1d92cf264c548ef1f2f,413146680.31621814
e8603da6012c2116a70176b7,830177625.2013773
52b52aced4853a3e3d7fa058,510545001.1355035
7d9a9c3b4442efdb53c24448,526751870.10398537
a7bacd6f783756c9e7cdc068,339652632.6288073
68a00651ead62911f850cacd,382603133.93646055
1e7e26077db3bca2821a9b45,497290530.5300903
8aa21f48a83be25f924f85c7,537931910.320637
48107a1dd2a3b027637f250a,584250014.818713
6bbb24fd1b9df3df4e939fc3,492454881.77206635
aa45f8fda8801c3b4923f4b6,656519588.7178938
ce164af02f76ab3a68b0f980,599280808.6204442
c32249c7c0819b1a29fd611b,697207369.5810248
f8d4ec209ad5fa5ba4a68e56,587020024.7590787
cc03087e0f18d59c521b6ce2,694013997.8117186
fa631a714774fc22ca15ec10,578053923.5224618
c310efec13e312442f7e1a01,700160841.8651483
534466a857d28dcc598e3a49,885974469.2519646
4a81bdc14b5bcc4c84f5ce4b,408325257.64293736
79ac12d8436c07b620190b9c,450583420.6595947
f69962045e9aea6b8200888c,437546964.0574637
9752758072e096fce6f7f4cf,397585806.4034555
56fc1855dc6375dee0506133,580515977.3166958
2fc19f73fb877ed8b88a5250,387356037.2095992
63a25d279fc5a9e8fc1dfae3,439177026.25952435
71978c139faf2a251db6ff5e,286420884.0046254
f4dc67569fd340be3dc592d5,494802738.49855536
0b829c23806ff01a0c84e9a9,611332504.4476049
a23ff4d1b2e24f537a75242e,691437391.1483431
3a103803cf9cf0451582d89f,540487017.3358953
eff8b3fe996b6d7db10b0263,631819400.4513476
9d53330b44c300e396cdb402,718876549.4538133
301b5da33d32c0632b16e8a8,837685584.6013747
357e653c4bea02df1b08c62a,775887383.181006
9af17837ac2bbe7c8ba16e0f,580227013.095843
246576e24f66d495fe0d509b,752111624.8126293
cb70f4993947b640317a07b9,640392134.9786646
949292b23ece12b655122038,348970640.17892784
4bdff22689954e5b1e575d30,622453369.9940861
7c69d43fe2488db51e6c8da3,392168458.4564905
6f543782174a964402b64de4,592711169.8352529
a59e7f0e0596ea6633781335,686918128.0893595
767ae7de1818d645a33749e2,1201109482.6749504
e667133c29f90c8fbf30ede7,434938466.83005846
3fcacd1cf9770a2724a5fb01,587915758.6942351
601193433c99337fe806b158,724453522.0474404
42c282041583e6e2090b50f2,645947554.3671912
3bc80c56871193dd782696d3,500645075.38485223
bee9de3e2817bdd591c02897,723381573.443753
0f761aab549e7f6bc025ab0f,737746896.0796577
3b9971f91bbe4b8dcc704ba0,684729531.1576377
8f428b58a5189effe993ca4b,450497131.557673
0af466463f2cf50d61315da4,532571584.4571763
1a486877c62f2aced41a2ca0,716445515.9337925
c9fdc3f80534b32f1a75f530,576179909.5966858
97419310c7e696dc8ca61f7e,673747050.4593984
49d9cb2bcc98d69222b03165,919258026.095845
99fa9611d644cf325e20e603,977578041.0682341
976d317efade1dd77ef3687c,519224948.77371496
b9bd63208716e4e0f2dedceb,561302519.3200705
834263730047f308d71d4d8c,511538462.36309683
d6bf8bfc752bf4580e99794f,536284301.79386306
58bc2b0acdb0702732894fa9,423746917.5277608
c3b8b774037044a2524913a6,596597089.9402647
eb339d562b72b3bf51073cc1,467123407.4939141
c8244d916b0110b1acbd38ac,550771832.606656
65bb6acd9be0f8d95fbc722f,525045685.48764026
5644b84ee2edcf7267b2189c,704953802.1791236
22eb737351bd0958d3e60efe,647775657.9570239
0e2a5d040f6361adb9927388,583971751.7998705
be9f5ade682aa1fced79b068,576834266.0339767
8445e5cf42307960535a3b11,661330178.5900676
1b002164d34a71bd06e0445b,665431806.8205808
c80f897787541816ad63bc17,762960839.8529626
673c72783eb4f9a02c511b83,885654459.703233
3b29177e99201cf4eaae612a,716583299.66112
91c5967cc1acb3f108d6e0f1,391036201.401522
334b5b9fc68a18387ae59ebf,295371417.7886208
c9d096d4353b8eb843e793d1,562179614.7155206
92cade7b5347d1c00a48a1fc,784680193.1017263
1d4bbb5b756033b4be28643a,669518241.2801099
e1eb183eb261b6de96e20a56,548906780.5209553
7ea8da3b1481993b14bed9d4,436828237.88573843
78bb43910ad6ed105610d9dd,584062145.4707707
32c1f617f2b1f537ef703712,680007108.4535102
a7e6d3c76bb5507e00ccb501,461362074.5642918
6c75d7867807d942c975079f,685093037.9481539
e9182661e36239f091259232,436658914.1806263
c926ee21c2bd9da7da193514,509615626.37545246
27bcae7ffb9f79b8f59fe1c3,484704220.1861823
6cda1a7622d5577c0056ba40,558563289.8679554
67c945ee31cf1fa0a874e4a6,506922991.0093799
5a8638c17d14ec4f6d447b8c,695724713.524813
82bef17c2a4db1f6dc6eaf01,635158621.4893649
09dcdf0b8b37c1d537b9fcf8,598609931.7458115
2cc9f2411f98d0fd41511211,605781182.0572827
aa1eaa63043c5c29ab6a1323,606208799.3671215
35b03ab66c19ba2049ddb9a4,685494509.5568033
90470cdcdd2b813b39f28ab3,550405314.6108822
ba187eee3858263fa664812a,587997615.3506274
c06a1d212fed896b6ee4e1c5,570135988.7613107
8a8c8f5aa68c4e530d62776d,602697095.099278
662a221bbbd961c285069c49,611257415.171292
ee796b35e39c7beb6aee2b49,642662828.794642
53de17a986d62a44d7897200,543442337.2865454
68925fb9f8f0c84fa0ffa9fb,617876323.9732969
6a6d4f8251ff961609019ddf,340176457.9240403
3477646f548971044f8f0494,388697937.7005636
c82434222f4129168fa82e5b,516084635.6673607
4c00508300f40d74c79f2596,463789081.02958953
27bebaf73dff207d7f6829e2,749463950.3533458
d0ba7b90f6ba3392a165b46a,803543705.7169806
61974f593c799e5d5090c067,331326582.41274863
c08b016afc6a07105d7703a2,456555592.0381377
011c2017b63235bf0ed3f241,523188120.6397774
7f73a8e83d41ea252ad61197,464118901.34773445
0c25a552c34e114a1780739a,455622971.38543385
21e96ca8dbe2f12b55723335,496447171.5830296
30f6404e8034dbd513aa8a30,516904731.94712543
f2fce80439462bb9231d7fba,411381869.9736563
40d5384e2e8f8fef2032928a,424106877.64350486
95f17e64d2222c904a7d42cc,478471759.13527244
59374f70d5e7da97e3b8b35f,877010685.9501568
ba30cf03fbfb0e36e5d415bf,977669325.449485
c2424b4861f2ef50f8876c0c,642607224.4667151
e7def7d0999433ad6d3ea412,814816219.7028964
7f1a4e79fa92196101baa7eb,795274277.1095154
37e0fe114a3c7406daa57443,623703356.7403574
897c0578bdc8d59843bcbe38,571642063.5086498
7e554b821e6955ab259a25f3,648268343.7163197
23b0d67dc2a0ae6e5ebc9eee,598009146.1934438
d43f045d046fbc8f5ecf465e,559578404.5333803
498d632cf0868a8e641cecb2,452399417.0153048
6b9bba3c6afa1f999a9429bd,611032139.3966769
12db154d9d29cafa574ad387,334864168.90480834
61779f1bec05260cf10a0d2b,559578404.5333803
986defbe9082519824ebc882,632109286.7935289
f72992cff50931d2e19b3ccd,607664168.113149
0e2d6e5882fd3b4eeb9ef286,579601249.3698406
9702737c9e4ecb12d0f9ea5c,629738014.6910744
c36cf907ee28017eb1b40674,607682567.4760627
a7ad9c8b5bae531abf68f8d0,607664168.113149
6f3dd53b0935c9593a301bdc,688796821.9722124
11f8f836e5626605ee4b41c6,855223000.7387296
16fe92ffdb7e1aeefcde80f4,627535807.8755628
c1eace64bd2c9f6bea289c4b,756454409.4059321
fc2ac43013ba8ab17da28041,668405828.659185
5e6b54654c98c2517c2e31d7,782721782.8371267
f0e8b39d2e4644dade9d8954,702985722.1799855
22796587bee45b8f64ee6e44,688476604.7596633
dc8c76f5b3977f90839918b0,569739281.0223618
27663c0e271e26dfdbf4d289,581822295.9296815
2fc96ec5fb2c8dec0a5b09ab,782721782.8371267
49d42ab711abd95fb5947c0d,862905952.3979782
b8984fe54819f5fcc43860fd,589970746.0132554
8d3f4ec0c37443eb3f953584,891064072.4176741
001dbdd202e9908ee42713a8,789096397.3380586
fc5f41aad1b4bdcbd8298037,537735120.7712545
34926bd7f9880e277e75a447,736333940.6963638
00eb120ba4410ed8efa24a8e,616987188.5411685
eb0c6a8231b38b2a1e1f789a,653627101.1411772
0f059b39ca45bbbcb996fa45,569787957.9824378
06a5364639452a9d663a2dbc,554471386.1350164
cd19dcd4aff76caaa1cffe54,347986546.28382856
7272c3521b7083038ff0a690,653058117.7375389
a480b654e1b8b7134091e613,1081350630.865021
ba24834c9fb0e87c4ea7d1a0,578546378.9274753
ac46e3eb688cb1cb17da2545,1002106056.3628894
3053732169b2260529f90133,508310707.8437185
ab0c047373b5d1810fe42bd9,537427716.795735
698383c101fb784f8e1b1ee6,560360604.5474999
1b09c89b546d0058cb09c1a9,598847838.4636042
64edef308b6a9805f0846cbc,821954397.1684295
995a5799d9a1a7e4dfe4fe34,997918347.4907222
d4f1fcd4c20dec55e977720a,874000444.8469571
21264b5a73fd27b85a4e2654,464444084.8094801
d464858ed94a1a74948f479a,633074558.2164117
dc420bf2dd1759b7f281cfa6,1087727365.3886356
0a268e25a5f3a0bfd8898a40,332508127.03171444
a3460f00d48816ef66e3acc3,510906273.08124155
9559637fc2bdf96defd2438d,811807708.3898165
421db6a58670e53f563eb9ad,590105147.5302738
7b6322fd5810990820167a23,438540396.1722707
17fbebdfe6bc0618ecdd247c,642272011.2090499
00f2621035b1969d53f03fca,870472062.9790231
e97c998a6a0709605432ccb1,488124778.02694964
39e306be57a992bcc75e089a,452782329.06062376
55d0225b44a81e82eea3efcf,830138997.5708482
c7c5ee499c712082931032a4,1249347336.4010673
f15f48d4cf4f85a3cd68dfa3,599849243.8639262
01db5867a69f8ea7849d69e8,728269344.824226
7c29fc3861c9f074e3a89449,627530416.9996974
5ae2fec22f535ec2490174c5,278536178.090426
a6731fb85da65ce14468341e,413082993.9656691
4e327acca2e033c3fb305c5d,526084106.9657114
37b8e8a194e4f2fed7ddcd96,637441775.5669667
a8dc954142c54e570bccdca5,617148716.1941702
b427d767b071c3e5ac2a078c,401420824.0441254
a9407f510e67bdb27ad59b46,580734130.4071486
ba7120c89c8de0e57e30646d,629563913.5581459
4f5bc448658287ffb3d49b75,755422197.0281637
758d9f47824eb74d1b486024,830989796.6181233
84fb7e582456d7409f27cd2a,858699508.9242073
0a6ade3bea1768aab76680ed,963542397.7422088
f6e74a4b1e026352e5759b2e,646665715.4193214
639b98d0798b5670e7bb2569,852950216.4279457
32ecec7d5c47d02969368779,395024939.96772885
cac82fdc4d960947bbc590c8,484164435.04462004
c2b880a6bc90cdef9dac52ca,714387142.8753029
dd8eff6162c32ecbc6972509,507330200.0671107
6e2f79cf68ac0ba2b1a6b0c4,831802962.2378471
a904fab9fa4f41a11f673fd9,803457015.66209
bf11c5dfcb321e020601e9ba,777251711.4025177
488cdcddd0938ad0205ab8f0,1044997886.8606614
b92929668e884453d3a0d633,503330407.37076455
09eeb116cb0944a28742d282,671319226.3533057
c16e9d9444f85bdfade710a0,668880265.4446485
c15cecbbe717e72f09a84271,535710467.523194
0bbd23df46a4ea4e4734b680,632121877.6492329
de28e62bd01870dfceb5d78b,632332821.7196432
92c4faf0ba1fbac44db6d1c8,805035521.5282925
91892eac5e9565b12b2a99f7,666727282.2762573
ba72421716765ef6aad9b4cd,743952764.5557718
a99df3a2cd4f2346c6e903dc,386530984.9653886
59a3b1a44c35ed4936cf7843,540405603.7091243
cd74b689350ef612ddf1b96a,602975818.099617
5664cfe452394ff9376bcc8b,466385983.4998496
d4c6dda51fa949743a46e835,484413219.3827121
b7f47484bbd8113c62cc8c1f,553006892.9474736
d4dfddb6564c9f46b26e7aab,486895580.2938147
aab240140aa4b6602234d88e,486167832.3903947
29671ce02e285f69afeb3fc2,723526242.2635392
5cd742ea274b4a8832114080,576606904.0662433
c876ed979c9127674000b740,500360939.4411109
45269f56121b796d0392e2da,1144762881.5245092
e981d4fb3a33f372ac26901d,1101004234.775059
2f13a428281ffc425f2c2e38,456337544.9602793
407e4196114b64578beac143,494102154.2386408
342027b17940a0cc5cdbf8d9,819914492.5994481
dad2bbb0fe138e426000a33e,621881544.0189947
e77da26aa7ecdab5505fab60,542681086.6390043
8fddeb4ca696706f6cbe573b,565591526.277399
fe368a7d2e09fe88b1b972e4,531039514.0647551
6fcea2c6b9e39576e10581ea,679252056.2163403
91d35b9421c4982b54dd520a,626764191.8623122
eecc82010ce9803ebea6dc75,694700510.8207335
b957548768ef014088a61b5a,531279435.0037693
5790e4cf8102dba35e184ca1,471564279.22686815
cbab68c32d78424452249d9d,723803344.4599274
4e0b293ec3d5eda7d9fcf8b6,763732633.6471689
1f8742e662666147955c9872,655740847.4430096
aad38b9f22ccf36b0fba4e7c,551298947.2873281
44e9224b9735235fc7271672,515273960.3904386
b61e9e4f3a2e894932b58ed6,618329504.6191884
2b36d2ed79caaccd687f2ab0,443971622.5202089
7bdd64032a4f011bd4fe7df6,471264944.3808412
0890a0d20f33b9af2bfe488b,455167760.69306886
ea7c9e327eab66ca286f6726,541852953.4228519
98510008e150296ca9d27d0f,603886956.1615313
41abd8a2cbca609cf868f227,651183230.8458192
83196bef0e5dc6c981bc57a9,651626458.946609
20289e986c1959f0c83a6a4b,689986537.4220326
fb39ca089d05381b3a7ba847,350855706.15202266
d2da963bf6c2f6fe724be23c,704033250.5313301
670f7dfbe2eba87e55176257,762508198.3335272
469b33a6f153ec334b6123d7,529095913.3712183
c38ce4f3763795c61efee6f3,608895239.4538311
8553a05c2b30be81c64a6295,726845175.7527747
d8b3a1d0cffc913ebd05b931,803437532.4719648
f0fb8232343d235741a20586,597265568.386035
887d749eeaaae288b2818b86,603889309.7480195
126f4d890004b8035a7de091,717766069.099097
7d157359b413e107f5f9cfd6,591478694.303534
65010e340fa495d060e32f7d,656100838.6058247
8164023f628f550f322aad61,502744864.7488049
8c2423c14aefa13d255fa77b,449640862.73786426
e9772a54bc6638c723dcebdc,593998384.88687
171149ef76fe0a2074c5bf69,588130223.5445257
96448fa0eb077563a2d168ca,407876930.31331855
3bf1bea2a835d7fd11e47ce8,391840073.526994
2f4b0b1b81c792f43f4ccd5c,389575450.3829971
086540702ba0876c0c05c5d5,658944264.6644691
57d17db2cc5ce1aa889f1f50,708325802.5795231
3b6cedd9966332f0722208cf,407364756.7843106
351a3e1b62cd51d46913a8eb,846711200.6282296
33b702ced6de5f7ab8b29e7a,573289611.143509
e0e6852c6d6393d6d3719131,754115345.3837184
bf5e687721e030639ec81416,569574325.8084584
314479aa7b73ef6ef44e1c89,559470300.9365358
822896f609e7761b58e7f6e7,487855358.78274745
5b6f21752f3744ec6e529d74,693640936.4009292
5d91dd63b6aef851e0c78389,586960727.4985318
0a369278a1ef6f5e9d79e2e3,585760602.5148265
7523e95fc2afaf31bcf30979,777302511.4022992
cb9de5719b978a78c71db699,659005398.9958378
af8c90983a23ee15c72b8e22,996119852.7930361
e35d8f589e6b1909f5e4132b,730123904.0566834
ecaa5e38ff6cddc14942eb7a,1181378146.0946376
d2eeec3fb1ee4d686758534e,986828025.5145599
e97d03ef9638c8e1d270ed2a,362939379.2157583
cbd78f55af1db4d89b53b496,355000938.928332
1b2fa2ee5927660313569617,715759745.181117
f7f00e13da4910d724aba4f6,407972375.09956765
9a6b77dc2c414f0baa11effc,431222613.1100847
bd4d0b8799fa5999c5d2ee3c,966226137.9533302
bd6b68abb113370c35786557,1094642569.4414685
4da8ef54252a92d9cc62c174,655053749.388396
38d6c2a9beac610279bc110f,574469122.1194719
32e6518755191bef743b28f6,940020426.4208935
4fd8d01a5c3abb90ad70cbe6,675279152.2909585
5d9f8f380a6434096a0cd906,629790914.2874006
724c854b1a991f060701d005,613580271.8897996
1bd78ecec17b584e827dd0f9,314684973.7598875
7e6f68184d84e09cc9ebc09f,576112257.6244192
c0174ef555bfdd648acf4346,472752474.1971766
6463505a740324c7aa869d79,605313372.8525938
f239b7fe0de40d208c01c45d,520291559.9583982
bd98add659faedc1820f96a0,565614900.5411999
ad662354d28a9b2d65f537f7,643212007.1174257
8e8852450fd5556f748c98cf,710145501.7176389
8fd5b95f5808b4676043de35,600060345.4419533
73a23c9d154fec88d396d2a8,832651501.9387957
374ca1a16b8eba42b35374ac,526033495.30211663
ff058f978e97c389e7a31f6b,570298775.6470847
9d7f2c004fd359136a662c9c,667866484.1133446
2cc0129b386acf9cdfa4eeb3,544923780.3686991
c139bf6b72a93a73155e1f5b,440048507.4072205
0c017cf9740cb67d530267d0,583857377.096911
44ff213b9cfb3604b7e4b66f,567069656.2051382
a09c957598e6cde56cdba03c,539853005.9463906
c846d5698bb295697186555d,585549237.6401178
a84cafc064a35cc0ad698009,584925583.2238959
ecda0d714f52da919223a520,730831618.8783476
b9398d6bec5cc44fa39b8bdc,613520016.8553853
79d230806fbfe96368b83dbf,1005789044.938831
a28b1d82d3f7dbf8746d5742,841593295.5298722
a6555836840c7dd496ba9094,543657500.307503
83ce7c2d2823f888f2e06ea8,735019271.1443607
631f4c509de8dd64f1c400db,712707035.8356575
2afd31619c21dc537e4797ca,804337418.6039548
0be57099d9c3ad8a16984861,724366053.8138621
ff29f12bbd7ac4b860909966,745576226.0613004
d955edf16ddb9d3f59501a9f,898364590.4618499
96298da2f44ca873f345867b,582974809.3102074
e6396355c1249c6290906b78,561712734.66745615
39f9f736d802b166ed688224,1007867510.4500803
38a0fcb41f0dbe8b0ef7af8f,701284207.1925884
79b955adf84fb2c52381921a,580126536.3027722
e335b8464a61ea0781f7928d,812622134.6221201
71a929d79a6cccbce6ac5d79,681202454.640657
41454361857cf70c44e1f5ac,580526820.0358567
a16ca6293e2ee2969f3334c5,858575190.2688764
4083248d3d2f2bbf9589b971,600695127.317385
de630da5e1c9e27bfd94efcb,934136991.6455798
f2a4f5010f3da37e27505ece,420783737.6904886
53647abd1d1b10c9226eac73,445142733.15120643
e51873d6421addab3b539dd4,565042891.4432787
be8fbefb8e06fe169237d4bd,570001376.4068167
257c889187ad5de900a430c9,635119139.0138346
3198c4acc62c1a2276bf15de,560377894.1194788
b22350d505b87dffaae3a5e2,801188226.4004803
49ad389014995f0187edf726,623800773.0786878
025d96090a8e5bd6f786e9b6,529588055.97556496
4a7156189e1f06b0fe87a7fc,445966062.41252583
e91425bd357561183b935d27,445909507.24537
c9d996f458794961d9957c1d,446071456.49559444
084de965e32a2a65bd3aff5f,446071456.49559444
880bd21afee7038459b5847e,619842388.3067684
2dba091723891d8907905a74,593739489.9198459
a39f9fd2f143b8ce1f7e1277,445812314.49546635
37050aba3553f3869d59f809,579270726.9372933
35a39cf33d16f8f5ff75fd6c,527619122.4961912
7c463a59e7d2f2b4bbd07e12,444649931.22167635
035d955df5a765531d1d0d07,607947024.0257707
be706475abdfd64aabfe45fb,445742157.5809538
bf41b26c090dbf0a19252e43,690248391.5100846
21aa860fd839233ed8b82653,623299489.8624911
b870c8bd8f95426a7e1f9c88,445839987.83616924
c5a5676bdb1698f8c38cdcd5,604664207.7274125
3487768de3a13b7ee3df0254,730874286.9890542
dda7a886135a1fd8106d04b8,981379292.1104474
ee102e9d0791ee82ee4da2e8,710169257.4737623
1d4891dc27e0050efcc6c403,627517499.0833781
dc1fa8fcd0ffb8872d434dbf,777721112.3313147
2a5f727304ad67d1cd269361,522449357.0869435
2b10af4fcbef695b327b7d0b,720648976.9506001
516881e914708f6ea6062ad1,545269359.5089117
5a428139d5ce6bbd9505945c,711426701.7625654
38dbf1b9c5963e9c3d008340,736746751.5929407
02c6e8c7f36a2c68851600c6,639723219.8299701
d2684e676cae87d75dea5ea0,565744553.8047357
027947dd01dc991ffefc5082,740938940.804634
0af13e27cfe9b8f237a9949c,563622472.3453101
32421841f7eeda76160d7959,479391614.28144884
96ad0e75433cc18f20ed83f5,615418133.4662517
b387b5eebf501a620f352504,676018857.4323277
8ed95f9bf057114664ea441c,544414772.5269927
114318a8e5822ece53ad897c,613454179.2674825
3bdd7be0b5e18d266189d991,688445862.2254549
0d2c4bbd8a4dbeb6337b5c14,615077431.8753914
a98637742a212e332cb5d1f0,669490682.9560585
acbec9114912932b9cbaf0a3,670131008.6676263
fd81506b0a00fab1ff680b64,497290530.5300903
49e531941384af389b0aff59,535023968.7532866
8f221efe392ba42b519e5f57,694013997.8117186
1f33395df1e4f6a185c507cb,490333594.1631104
fa823373d2e7fc9443ebb6ff,662149154.2016122
0a6966f19bc2c303886ca82c,584250014.818713
15d9a0353ad54798ef95e0d3,821095882.1686227
0d95d756b838d3a319277424,552699897.4251633
d644b23e4bce0e6e50ab9356,731301949.7765827
6dbc77ad8c5c1e39f72cd2f6,679133592.2222394
2fb5206d246ee7ab22fb8143,656519588.7178938
f1582fc47e7b8c0eb0cc9949,609387188.1616431
8d7dd9de4e919fec5916862e,692038340.8510742
0b67da6d74bb3998c80893f4,463217971.36635554
736d25efc9e570379d32c089,598149190.4931796
4615a8a7af9d7cefc7fe4c4a,783975036.1166389
8b753628bd37b9759dad06ea,411984166.81758916
5c7c83526b72ced12a08e573,555713313.0119536
9baa578a930a94f761119fdb,535969762.0291429
8fe1a07cbe9b8f3498cf74b0,365238566.98580575
67a7cfe6e95aa5200c064717,713831740.1793674
b7e3b0c90c0d3bfe5befec54,529245182.62722397
e6a547b2c0d126c9b6800515,629843617.9678309
b08f88ef973c9d1c3a86695d,550723105.093725
5933c18b8cb17cc6e4ae91cf,765714483.2604463
64a24372d58a2cf535c3aac0,679208081.94747
e6f9288cdadc5851d29fabff,765258997.8055195
71ba2f992908a5f91f832406,571820883.3748511
3af4b54bb5ee5fcff80f1e53,332508222.9425646
40d3f1f00de86e74e0304bd1,516634822.39068
3b758c26283c2f11251bfb89,1000373877.95599
70cb6337c8c3f5225fa80026,705761212.1906972
0dd510aaba8036e8fd9d667a,846346280.5904621
ef6ac2a5102d7be910a3e4c8,447724784.1245099
24c32572ca6161a603a7d0d0,463696602.89539474
c7be09a810b9e54d2dfba4b2,515742288.0423989
01a5a230e8a808d844e64397,892259893.3820837
5ade8e9c79288d511ce1fd79,566343095.0025547
7cf50019422bc9569a985736,702175896.5944948
d4716e228067a7bb0f30aa30,573962567.6391306
cb79e02041eddcfa9225346a,733834733.6708798
b059afb753452ba358fb432e,1020101739.8718228
fd9f78fb2d2f4d01e462bcea,789511763.5171185
6337f924f515625e7fa638a4,545183653.2942601
3adcc2c662c8c7c9db5f0982,555879751.0542129
6b7aff233052b9bcb6b9448a,1123217189.053995
cc51811e23409f4d77995768,528458897.5630737
e3cd7b6dc0495d5109086407,823442645.8929209
e63f468e1d9f86530d47ba4c,354953332.1579097
8bad8a7faae115ac9007b13a,653014855.5119777
d563312854016e9115d034aa,625140987.4712231
57c7684f8cd8d78909711b53,628906966.0916594
76b8190137ba3daa55db33a6,555237809.44879
2bcc6a15181273b2fad05e3b,586608047.7534676
b998aeafe2cc93bbd96dd9fd,563940683.9160928
eb77734d12df7528af57c674,542404592.8335494
e8df85384a1f51c31015ba08,791950736.1925333
b0a03d567e287bf4cbd7bec3,746405418.6660382
dc8bc7cb687a3a42b7e7d5fb,588385725.2410829
147de03212e554abbf3fc3b7,765002859.635257
c09b8c236316b87a92a620b2,756467309.1001506
f5006b435fc92111d55c0603,583149455.2909344
ed70b749e030cc8715c0eba5,696650452.0232525
2a9bbd878f3f45745d76f059,609616431.3182609
503f33d11f75b6b5102ba4ad,463640806.2373135
41479709513815cf5fc1eac9,585905705.7927086
0181972aeb6bf451012a47c6,616220976.3164434
0b35c4a3f20cc0eb751acbac,622793556.7892324
e5de98822287c2caf8b209da,790380980.1962991
f3d82ce1c6fac06e4997f7ba,600592630.7398499
8e17d7d78e7acffdcb04d982,519401442.7117875
f1e7a0c7804083963b5b6de6,425046242.95736444
918dbe66979d16b147bd3322,528017509.2764537
35dedbaace193598c9c438a7,436368136.38122296
e67fa931031bed13c711ad00,504412474.7776751
eb2bbf82cb615e3227305b55,501694787.4355104
e8d83f7dcb876d5d05ae3e98,538262612.7073817
2be93bf5132bb788bf045c28,470756128.56638664
ac2b1b560e8bc4fa1deb6f87,724791223.6305497
674ea6932fa9e6b7581479dc,575638165.0771282
4893b21db2d6aa4417e1cd1d,802637317.3449521
2dbef742d0c59d21ad7392e3,835474412.8898693
fc16776abc877decb82a5954,908665944.6956259
6f84d405f419590075610c5e,650829429.0405551
52cec2691ff635031fce9507,621927085.3281835
830b1a2d33f7754b9acfdd82,678155562.0336106
fa908c8dd43fcbe9f721c0d5,767854036.6538987
90c3b93badfe7231410e95bf,696882886.2017893
60a495b86d6eff1e345ecb06,684639763.8771032
0468cf58f40372acb9d5fefa,629040291.7238224
c523380518164e1e317cf1b8,850933639.5097262
142cf530f13cbccc3cc9d0a6,662360006.5942795
e0432ecc0c1fb2b00b5435af,535384589.0467976
3af3a702988bfa0599727982,564053125.9615239
99fad8a7877c57c0af05b318,524040558.3606132
b57250de388b7172a39dae8f,690460510.6388438
42fa0158217c9cb820f2a06b,584826664.7289779
8fd452d3f5f1dbb3b65f5274,660734759.7397628
27881ecd655786b093349ab0,632506559.0165565
38029a1aa22c0a5beb065edb,629260374.0847013
6750be41e08a725705256b0c,757560918.8972576
90bf218565cd67ed83240033,838961614.9128293
c6a089a9bb326c22e3f3aaa7,783117260.5627326
ede08c77d6090e0900654eff,851711963.1284958
2f7784465c1c69c8f786a0a9,1382242270.0283928
5943151d9a76010179f6c297,416296100.7642379
82a3742862a06803242b703d,536634639.17476237
b815204eed4398e600b366ad,765993562.7670466
11c4dba68fb47eb9c49df169,488334073.60740894
4ae7dd50c6b743bd47340f20,662757332.1817375
d81a040e22d541a74122f3c3,306395768.24371
34c84d0a410920c303ba69f8,536851177.2538128
6b0828221f9cdf5cf39e7c15,554457109.3627136
c50d5b4e75f165eeeb2eba97,603043821.3896648
572488a9a75f64434dca5dc5,606163524.367077
0e67ae9abf1e2b2f66a91a28,485644572.65281016
cb00154afcad81df60ee58f6,631647890.5029273
75801c34fb510d824a7d8366,413990332.46368027
98f2d7810641693c44096ada,547362797.6322032
1fb4c88bbf995f77f2f29b7e,765828554.8687829
0abc98f7ea1e477c6fe3425c,670455936.1658798
b3401023d3097815687d1160,701246292.827253
f1ef14babbc4123c5157eb9e,493073983.06659496
ecf47573fe1ff641f6914d0a,1004998187.3614107
0ddd21dcfe89f72e2246ed79,627530783.0364016
402f18888d480f5af146daab,573596048.9463197
61b3bd442f6fc8838e2f45af,594087152.3838302
c4eccc400db2dc9627c9879f,635175064.6939276
ab38b4fae64ab90a55b5a403,586354047.9362913
7f4cdc01f9086bcee46d1d6c,628475866.5423683
1be9d865ac8d01f0378bc148,1179637114.7950983
f2f43244cda8e2f5219f3db8,668665185.2173661
89ca905d858c7731313c82e1,564817230.366241
5bbd0476c27c53e2bcaf9462,668354327.073268
7e177acdec9c0fe684d8fe44,551443485.385018
b764bb8ae8ba0d736bf54f5a,571407371.0045059
75f6d6beb64d846d965fa9ef,682439382.8948404
b5293710d0cd75f95de001f6,328129039.2925184
8b8ec04a78d3826b2c8a5754,509509953.5618478
e35579e8b9b24dcccf93abba,402063397.89024013
db5e320f51680100f1ec06f9,517289309.07172644
59be3c447844f31267366cbe,550419516.0628624
0f3b424c398a8e8b53162c37,677385684.7927343
57f4a3f6fe2e41ad97116002,468689949.80141723
1c6038b67a40f0749a72e6cd,621371472.0289931
e5da0e3919341762d5beed25,639816814.1436788
40efc0dc313284d3b57492f9,760904345.2463554
601da8fc375ba0b3df3b38bc,924685566.6572938
61a12496ac1e6f39c5ac5d3b,1028171493.9022659
8635edb61b1dda6f4742cac7,893141751.0400912
ce12b48120daa5704a4c81e2,388533418.9672074
acf4d60dad7953065b59ced3,667861929.3729191
56e3e7d822e13838ab9f85b0,473541733.7155844
7ea2c18341f69f21b523906c,819213728.7391428
dd2396a42097b2e8bce52a72,654690350.4991709
41f99600339a7afc8e386e6e,534464414.27232754
b2d160f54ce5f98f46818e4d,871868563.8014992
00dd36caffef00fcde85b235,924174640.4814191
471bd64a0576aa67f494eb98,793743228.9920064
79e307acac5f42f2696b0436,902039503.294642
e65a4eec62e2a5bbfaad5565,615225667.2874557
4845ca0d30483b36bfa55061,632785491.3367401
6784e116d96e03911e2a07f7,395129721.70213723
4184fd9a546823ff1fea0b74,555995952.7436486
616a5485bc7721ecfcc21c70,467815202.3367709
6ff3186df9d15b65dae5bd17,472620084.7657047
886706f32695891af743f986,697083817.0003113
daeb02020f23715e663b4a38,539204671.6369535
93fa1c8ebb75b77dea76ab99,694692279.2253945
ab25a6737b3ee0c4e9cf4ae6,629832721.7290348
c5641447732d3d1269965ffb,910944887.8712164
86b290218a62d0c51b099a08,867839323.0377146
d7b82133acf54bd3eac338c1,1128165001.498423
10fbecd8de540f1fe4c57b7d,513640204.1180761
137baf1609138c6ca2715c7c,539261058.3260622
f5534949a53bef05de31b07e,454535386.60016143
466d4240af2cfd09a31cf3ff,523869663.01934564
7478693f3e7e8963e95be8bb,484115005.2404903
6e537e91af0de67558bc1ee2,533760807.39313763
f5b0b51ed49be034c290efd2,655156246.0161837
a4885ce6808ffdb878c41f97,442977866.37602735
a14506a4800c27223fc34728,542312930.3355151
e8e97b7919856f9cbb9ad02f,630979487.6637731
e16685dae2bd3b0a4803ec9a,667733836.2267504
044b8431b186eb022cf6fc24,588420859.7870078
60de8c37c9eb96efc432451e,700931367.4532826
59b88e154c07bb7c0ddb4e8f,635440892.466248
71590ac868415f3a185dc15c,684786184.8532847
6388b4cfd09e2b1219268cb2,590785834.7188473
f865cd15368fefd8c9d6aabf,592664477.9259844
ffd916080b1019827491de0b,660004245.1728138
6b8ce573bc2ee68ace26a67f,587850376.4749899
7ce704ef5752dd496a61d857,694692279.2253945
6b1a1afa055c15908a855e9e,611797326.5434507
2a9338f62c99dbad25aec5d3,564726757.5930117
c2282da3ece2dca6e8a3bca5,765322888.3120334
5e6324cfe41c3676c7d0a5da,639632838.3420804
f1a4afc2e543ce4260f1d781,725762895.6366318
5d17daf3e98cf433267d978f,1235864075.2408788
d5f41dd3258aa346367d7725,670533996.3575705
da35c757f211ecaab20aeb3d,496844922.7428651
8d9cd237c737f6e62092a08e,786675559.4848536
9dd98816533e4ca8516a5474,969974137.021537
27d14f352b2983177e836e3c,676259343.7855039
3dd4fa53bc59e5852f9fee98,1042868275.3234966
3ca74495aa9adbd533ccfb96,718621916.4569346
dc93d8ca60d60a118f61390b,497006313.30140746
dd7b4c374bbbcc60bb090fe8,660202428.0659199
f925a05397ca6163230f7ad1,527437179.2243254
66a59937c54eff29ab14b474,591003753.6271744
077db8e0877b924d1b57ab1e,486181193.4416051
aebc3c6079c1a80f8b2f1c7d,614088126.4220084
ae41a566826a10d5a6768d36,814581357.9018093
489fca3e6dc044412d00cca1,624815059.6788981
fc2f58cc289d29fffe8a5fe0,733720063.8176626
59519bb6d5d299ee0b767224,633959146.9303234
19921a97a52bed6c6b8f4135,610310504.0032598
ae08b7f31e69fd930ef4c832,641038174.9943646
1b67fbd144a4a3ef40bd9824,461661047.8890737
9e142165bbde850d4379a49d,695470723.3332865
d3e971e2e224a20530ee295c,694354168.1340618
a672cd6c8c284e14913222d8,640843514.7925582
93086ab3e32aa9599708382a,889336524.7530178
63773145b1a896df26504b0d,501431402.2982475
17707d66753c1eb0aca28926,455717318.9425427
6a2d4d9a257fdfb2ead837a1,413317589.65019375
f9158cf51f5e9f644349a774,630164602.1177838
c09c39339b5bbd48f349a430,521625313.38800514
d470d84f5d8299c52fa24499,400772487.446565
9d028997ff036c154c3fda0b,786725227.3381871
40ce7321869b706210eda9da,554533217.240209
3fc826461ec4648e4f7877da,530663212.5135976
0e7dbec40eab1b3e5c6bc665,686840354.3574097
81b3256980dd7d7f49030c78,898263250.5397842
fed2e1459e9ccc06943a05d1,930451290.3279666
c535169307e21e5df7ec88e6,462074104.1945107
d78d84e4e42f145e02e423c9,648257317.8574548
3e523ee3a6c2d89436539792,648257317.8574548
5f2df52db15d2e0ebd327a36,576122786.7796515
1c1ff56435675288e78c4735,601659958.5469381
ec4226205a38a45d97f35828,678545865.7089456
3214488a8fa9cf8b3dae877a,616396049.7069486
4a4fe76c58f5735ce6b018aa,692476232.9848348
ff3696c808d4835d6c7cc9e3,623602724.6561733
1aee9081ac4a04490eb3f0e9,665875705.810735
8dd954e7312e6e6a07d6d4db,551368002.6396879
daa52a91f1fee77f75550246,727848704.6278008
a4ad34eb244e48afe23a780d,595777955.5581765
0b4b741487c001323f508d5d,648257317.8574548
cb383b7a746ed55b21a8b245,652498205.4234685
4b092d4d5885cc224f6775e9,440356710.571734
ba12305002d24055c159ed34,305932070.859958
bd74d43d99a240ef4190ecfd,419504412.76331246
4957e0b129c5caf47b026c58,705455045.0679766
eb270972f0f69f1671a0a740,611343977.3768493
d51d3ef396efd4760c979de4,456249794.72922724
ac65d147ee69785195ef7da1,623296834.0316188
53ab42a93b6deb152951f82f,669698749.2268945
5826567e12ee3192785e36f3,692314832.9120796
ab64918f2b2b4646e87297c2,867503257.5754943
88b0d688281db2ef0a782921,727268608.9685467
dcceb6a2073faf9f89f3431d,688937992.6313149
73bf75d5762e3dd30fca7b3a,659771478.8469245
a45ba5d63cd1971de19c25db,971332952.7406272
8467eedcf9a48fee0d72d95f,910072368.9178967
6184f12f3a903658f3319290,512451753.04456496
92ab018394a5398b832d0b97,680025106.7320815
e8e215437d023387c4a55515,647988129.2665241
7b8a6949d55b5bb27c3c6839,803159597.1293904
33f1a7739cb556a78af083de,780875177.8198946
39c6bd862f908b7e8088f0dd,649228857.3574429
ae556ff5f318b73d3b29142d,668642052.2799547
e2fed68e0b614e65c05200b7,570071718.7259963
c62a4288a4a0336b1436132e,704057855.3089708
f23b32fa4894b6d59f73c151,592403377.9559314
4ac4fbcacef08524ccbf3623,386530984.9653886
5b5bb8156b98eb51a58e73bd,469655666.4382606
53fbed4f9680917f0615ae7e,559777207.6185428
730b528617c2841eea5addaf,442419727.5003553
13d08f7e14471fcf517c204a,479169417.91988087
da273cee807e254fc9aabb9d,639400930.8958229
b8f7bd85b61951ce83d7f57b,1074648045.2870471
4954ce465ba712543bdf34fb,373847383.4134732
b7483c951d2c19de665f07b6,444037414.0936654
913cdfdd62e35472522d0a6a,472118835.7424217
be28b90a71e2922437f25110,466126746.6145168
b71857f1cc385219f114035c,442850786.7225162
a72041a40ca87928c695b2f8,471516176.7676879
65a626faaed9d9e3b172415d,472118835.7424217
229bcf400e309619268dda31,471516176.7676879
367bc4fef78a9800f8616d02,471516176.7676879
dc0ac888f1e87924e3994b4e,453479460.21274024
6996e88c10a94d9ee7d05357,391081794.59828204
cb8fbae1b4141461127c97da,935899875.7106464
d2de34876a7a6914c2dc479e,752604099.9635937
c666974c4303d43b87714c62,724021658.6505965
e8491a7994738d098a7aede1,913388473.3386186
9a6440e5318b2de28b180a2a,619600970.6684858
9ebe11eba1a88fcb24fcd141,464573059.42424846
78b0f0bd0494fba0293eb0c3,500320228.7108428
047b0ded64dcae203a3015eb,494376192.11594754
7b95396ef4d0e97de8fb4986,826827750.0279417
08f1c136d5a456c0215ebea4,632444068.784603
0880b703bf2064f59f2bf20f,844356032.2448194
cfc069bd55e152e40b3a1391,720976979.5795201
0a00771ee714a2f3f96c31a3,479901046.31416905
06acca3d0ef4685dc055ffa5,407083138.0108829
f802b026db4bf9d68cf00b16,364780060.4531976
4aebacb9ecd0a117307c7841,733673410.5566417
81ccb7e0255eee6274f5d930,1059547579.330868
cd17bb739ac79f80d6f651a8,1851334451.9569309
917829a0aba571cbe794838d,460458894.26003987
5b83b73ec31031582aabc527,358274267.9423726
5e18ac352e3f3119f5f9197a,714977255.684977
b7eb15346797508f47ae094f,544859826.5115451
5ac98c971b9293bc6a8a6aae,687155031.8309861
e196b7cdeab1468d5d4e07c5,914954773.7825656
0ea201bfd515584bbf72f902,855152796.9488755
d2e6ab3b3106f36f2c3fc119,379812508.46856344
59db28ba77489750903261d5,882582680.1621665
b348c76e55613f53c8bbc94b,758362521.663736
a1e38854d6725e9c48c128b1,401400009.0318785
b86c526fed01211fdbb62815,701533056.4842377
1d2b83d973547da8c168f743,460108838.75901234
0fe3dbfdf25d4b013b842b51,626293507.3431717
71a20a4daea6d31de942b2ce,1006769687.7654916
35352b370a31d01748616b01,974813887.4037741
27942219389ecffbce2e1d9e,749665561.464543
62fbacd4e172983a2a998daf,719539071.8220047
00c1165df93a4cfe679f54e2,694838083.3483533
207f669778ed0db0e619ed40,654067270.3018912
5ca0586ab7d20dce5e9ca8a0,621641168.702859
cc27435df779f16e6a62b0c2,762800690.0559394
7a94d3d31471ae313659aeae,630001130.7869129
efebd19fc5a2ab30f2ccedcf,711771936.3360388
8037e40c0c8b20ab6e0d4b78,347844791.3778428
5ae3359bfe2a704de00e8801,567209938.3182809
a5587c93c012375dee920f71,516408072.9534476
ee7f7d547af56773a4b0afaa,690984995.4242467
9ed988dd6739eb7ad7aa5a06,824863675.3143064
26c08d7331ae19e1934a22da,644354835.4646003
767024c66d3a88bb18407b6d,874968264.055559
6afa85ee6594d1c8296f04b2,595587415.5059996
551ca6ad1ecfc7ac21f8ef0d,772573462.00883
1f79204a8f62c29b0a1b29d5,319772816.1642281
3dc0fa238745fbc31ba88853,430678453.33115625
4bc3f597867c6844e9b47fc9,344246464.46978647
53973c17ea7e89fbee5e6cf4,291700602.05849785
05397b2087e5cf381809f169,428112197.7274675
584990ea9718bb5598495061,378744065.9400757
2e7c6a89d2cf2d835839f5f1,577550790.6469136
5c02d79c59fb636ca4cbe86e,452998495.8704949
114436e00c03b44096823522,805533679.8553462
60caee98c3cc8526d16d7f44,466772039.4971977
8207612808b5947f2802d2a6,733522224.2294297
31a73382ae20331521bf2e6f,981024537.5149766
c58947cd4f238cfdc0007bf7,1206559676.9802926
a7ee02ad2a4fa122799a2dfa,896319336.2610292
c77a63e92b9f727034913d8f,496488079.97141945
56c6bf831d3c6737e3844969,624893604.4876409
73ec6f4da3c277958cd2c228,845727624.606312
7dcd1916c0485e0b80f9eeb4,932858853.4041805
cafa94c4a56c23ec73ee9071,1013677640.9587579
d5ccfaaaa739b2bb2b3d46f7,534549093.8676778
e6d2e862f58445084b2980bb,1133879572.3378816
62f96ed5c1e5f28117949a23,474959397.9716165
20d8980a4fa8e094b7a5f00c,474959397.9716165
0172678cb0737e21a317eda4,458679952.1562605
6254ee88812e303bdedb8767,1196253397.1870396
a812ed43db71868625b351bb,816446257.2808119
2bd1c70db60a44d4400847ca,796617164.936326
b057dd8a9c2082d1a78cba88,454878059.98375267
2fb149a70fa14ac05582ae69,523223711.22446066
47e282cb12ae01243d713178,501986118.27445877
ae47cf27964393fd56a52d7e,639399896.0319096
21642991a20d6b0d17dea2bb,662663251.9129834
43b10ad2660d7552ab6c3b10,541584107.540328
64e5093d6bae57e8b4298123,882131369.380558
9d8d3e6fb432174770c74e71,614718126.352375
9f2498c12d7b41c213bec0ff,516680608.01126385
6461c0a03ad3ecf2f8112759,543536694.7152634
09b15382686c42fd89b24285,893382080.5338942
da846b08fe2205d2e2a3dc71,567151405.6026305
2a89ac6511416d0920f1b9a2,948446956.4949164
3e9083411c44213130b2ece8,585588407.6902556
0f0df5694eb388d843e1f17c,586236938.9426556
ee6a288e644183bb191a6526,609356847.1091286
8f570610ef199a3ecc49a0a5,657324692.223065
3115e2391cc3a078b5e6066f,735489703.6004761
c7e45098251c687efe670815,533620134.78149825
8a3b7f5a8da339fe19e8f138,732061593.7037171
2f801cf48edb712627196b2c,544895248.7827841
a147a8c29757c5d0c592d347,550864140.9399769
86b0aa633bb16582bab5640f,524482318.98597777
c9620e3e2dce92bf95c57c6d,730224457.3480489
b746e4a5c9d04cf4dbf887da,584877052.9984229
915842a8a03914c08a6607c3,518760313.80826694
e9e6e054c1d09a22b7efa20a,581943223.3227284
4b6fb9b705d80ff350bd620e,596534443.8849418
9a51784f33b0cdfce8312163,880612626.2343869
176c9a90fcbceb91569fa3e2,690723440.2390842
c97e70a767a3661c4869bf86,512540316.7417277
a6bdb6221b88a24c9f8381b0,552859418.4225076
0a1e6a95a0f9598150c121ce,790057341.0442734
37d12acc69d0e3e92420e62d,594905915.7249728
d433ad6c3cdbd707e6839082,647341839.5780053
36bec92975612d091a3c78b1,528971371.6202921
3eb97ecf8069775b9104af85,612775326.3551695
9aeed339b2d916cc89f38bc3,558093560.9466795
f404deec9ec16a8460397815,515666367.32379925
8a0114372706f30bf6867a2e,513201993.0007255
681e772045fbee930fcc9ff3,1060827845.2215742
0816f29a68aa35abd5978e7c,679579112.1877396
670fe8f7b8ebe006885b2777,649517177.5027512
d36dd340e5875df6cba999ad,760570696.1650538
8ae869c5033c248f881ac313,843579621.5914813
294b04da3eaabadd55da9c20,778717772.4272566
17b360d57782208f5afdfe4b,706076711.0140275
88ed5ebb575d026f8d440c60,663831549.4498397
e611a37562f88ebe07bb28d3,461498840.6128346
e685650979374c571dea2ec1,415873884.98628825
10d47d2c73f0ccbc97979bcd,524024851.47954613
fe96a7d758a874b1f0c42145,473375778.23412323
a7634531887e969c9c5469d8,334070867.80031914
42f38b1b2dc077c88a746c1e,466065629.69671
25e832098d9e6e7c2f9afe2c,688611745.2164767
b7dc47c641b46ca99fb83a0e,726837113.0038463
0391d158ab104c5cdba31872,723578133.7852061
a3c4d0ba7b85b9a6370e131a,880894236.4356333
27721beb237824844adbc289,693462632.2314594
6e807e25b64bf0de81f51c12,1060922942.8879213
d2637d64e4022075c8f539e1,760466483.5762295
faedbe92e3296977872a4aeb,1037469010.1975092
5bbc190cdc5ff3296801ac0a,523148187.82564753
9b0abbbbfe0bc85686304ad6,487149521.0506098
f8263893418eb0752dae48f3,396445883.1776741
1e73d6064abab2cccdb6610c,415853876.2795241
c0155096575af5fc8db843cf,425338488.70865667
9c7f7b0ebe440f60d3bd478e,396445883.1776741
25187d9f4cfe89a525ef2493,418658832.39565504
85815a09bde2a30e296f65bf,397209993.95086366
fd45b984efcdb0b434033fd9,568722929.9349723
5dac2d2027b6c81c1b7ee3a4,396492652.0864568
7df538c0c831520e6d36e39f,384049617.7310416
14b81320fc31c7a513242171,396610680.94385636
8026e480ba395cfe1e09cec6,415804823.58736366
80bbc51dd90d131d091521a0,569258718.4015421
ae6ac510d3e46a50ef24896e,428999257.79834807
06b90d41ad3ce1d0d389fea9,626618477.9950199
8d911c1a195567dae3cad99e,674799149.4900268
2876aa9ef0b44e43084393fa,596978499.9195274
76556774906f9e12b319c232,391222798.2307127
9662cce3c4b92d1c99849899,842710708.7408199
de3d078e5d524d8a7b65841c,704100256.9830663
547c8638128424b89d602f50,805757937.8916348
c8a3dc3654c53cf66953de0e,606803845.3227135
21c8b93e50ac884e63514f10,860711460.1921098
49a0715897795017ee0de843,578325460.599267
5d646ababb10f51c141e0d8a,572826758.2568
da598f8a82b1ad1b02961cd1,672361519.7208021
84d8f7109615519f2ab0a48c,650076581.7773898
0d027b81f8391d73fe0046aa,633161277.9632212
079bc331430e94ee76f8097e,599655539.7071477
61055e6eb1910507640ce6b4,600729566.1225235
3f6effb8881ea683838437be,825509627.4974799
92c8d6ee8496b91821d7ba3e,532350461.94912565
78a08f21f7d7c51ff4d5b8ac,704345731.3269838
f7ee7282cb9edc77740f392b,569876857.8233107
694b0a500f1619c4ac4c85fb,813184351.1699451
13d43933e04c3c7a9e5071cd,734065713.8477712
5abb555cb9d65db8e6c28201,440249168.5404493
ee8103b958673c589b9cb27b,791008193.5293796
5b3a467a3b0feb8ed81be1b7,984840221.5834637
e570a5157e02d440a78ca008,694209328.4017007
70298b5e8fbd66aee975ff14,625774255.8368791
2b552d7b1a1488dfd618b120,571071051.4049559
f4ea9c80fe71a1bd0b692475,633774255.0959177
e6a9d5c9a82ba73e76817a81,670761844.3291882
9b58b5c993540ec3ab1e4a0c,582339167.0735772
00858277a3cf4f31b8e3f738,647618711.6013998
d937ac866f671e4a0c090879,636554058.1328944
7d02b3479cb2d89d55bd4fe7,734579940.7116919
bf79649b531e876c5f03883b,670822846.0061638
66a2ec5aac8969b2be538c1c,734579940.7116919
7637c251618135e082a9e2b8,697871870.0963862
e8c9070ca596f88bc2e0868a,562310041.4174037
64adcb2941e9553ee394caee,675802662.5584254
0bc8475715e42b752649b4e6,469525979.87922686
956ad3b1dcbe8f236efe2d2b,481077314.028038
dc81900a751b64dedcb4ac39,491718298.99876225
02e52d3895522d9be85c4544,460151807.35473406
49d6752dd196e7dd583baf44,662955430.7725515
8364aa431b2e267e41efabc2,490450241.5959553
1b59d33f9000d2e1aad46239,559867228.3230277
74a791baebeffcb7e7b917d0,518282190.3782876
0a3911a1a9284f2ff81689e6,369675929.4814494
6276bb8ceb13d174b8e405f0,511150482.64581627
d573d2caf8c67aa32bbe592b,633059368.0001779
57cafce17dc4de3bf8a9ba90,697574659.7834722
1dc9e5c684c831b204d21585,802678214.9210724
48df432642971a97d3d4bd45,573758506.3739413
4902ccbe8456d3f0a29e5059,632635875.1002035
3a810dc80d3a63f8cf106717,639387073.5635608
c9859204696f3440cdb541c3,762658581.9710838
349fa9cfa15d8f8bdcbe863a,992715190.7077643
d0bdb51c8020a37fe8344650,934621842.2851462
7b037e6e5d110999e51b79c9,791147575.0923293
f677c51266f5ada9e23f20eb,535445564.0478021
1b85d69a0f8ce1d6ac4d4475,500815072.45896184
4570a3ca0571c70657b4a1c6,585234883.6979905
de32ca7785b71dbcc76a50a1,719107943.6921303
4e3cce6b581e74879c2dbc4f,520566308.79830873
09c4d4b5d1c0118d877d5734,593908338.8502098
b9809baae395914981a9296f,638134757.576958
fa56058283c975be76d7c990,729924196.188484
7b32938ebf0b1b167a3d2d20,579604540.1747526
bb38c1c17612ce593e5ae7bd,377011862.85266197
bf0485c2e267d06b9b1d90c6,628375716.5042895
0357d0ee6e0646113ea543cf,623012133.0889454
ddf5182c482fca7d881fcba4,800313708.1255721
47e6a61fd652a3dd37556ddf,587005675.4755616
a9054883a22542257c7e778f,296541054.27477974
d7c70d831e88d552da09ff29,791107126.6734647
d4d138bbc80a0b29ed28a4d6,450343618.1620732
dc9119767bf4f21fcccdcc69,651251085.5213159
e8caed8cd754b0e3d43e6954,554047129.2395948
033307467830cb865a785e3e,587796920.1937003
5498b3e3ca091bb81be87166,585966622.9846861
bcaded180edb36336c2f5b96,664983625.1289917
ee4377ff95580b93e80ae08c,774352900.4004067
c25e1e289cac1bbbee489122,637709064.7454404
7e41d90a838048eda035fb27,573675829.9908787
f418efb887a15127cf2563b1,573987298.0216488
93b27fa67eae8cdfcb846772,569671343.2520672
6a42271a0b03bf9a856d1acf,658494715.1285734
2af9e271765438a47fa7e7a9,437556134.75621575
11429e0923f804d7dc5d27b6,854490187.0556948
c218434cb0b05ebcef935e5b,626901370.7445382
a98e4f4db7afb8a6c9f69400,572725590.6350734
3c35c8993bb937164ae4a880,701762916.3539392
c23a1372c81ba03e6dabb0df,474206447.14075416
cb332695a296899d1c798426,626298328.3244013
2ace3da2fc4e0c022f7a8755,733349431.1203504
14f1bf9aa68aee1ac094097c,653598677.7626518
649a2784beb9b821d36179af,502116482.0845361
6bbb8f89bae38eff88c89c46,533927854.7342299
1905b860a8d463c3048b4e46,520605676.1896826
3ec50faceb434f716d73613c,878860010.2320668
99543a17b33ab955d03adfef,664769369.803014
edbafba81b92efa9b1400987,767704295.4652703
9b3846c7abf642e0a6220e7a,386916543.1956834
691c35e98d0d5780aa82aa06,605326224.1480889
395fbdeb9f0c0586a2b20edc,461437302.26216984
4803a3aedb6c20eb194469c1,537598418.5976429
bf95acc88b60a3d531fbd42e,548195947.3149389
b936e36ecacd7cbc3498cee4,419804081.20666534
293c8a0a4a358fe7554a4ae1,700173015.043018
5a72e2a62121158efe59069d,563245639.4905336
605276b332b5e5984b83ea8d,647331741.6034539
d3de7e975a9215d04567e467,584738238.9867914
44b623f7fca1a306560172ac,644319767.3103092
9a6a8802cbf3549870c55031,597660269.2660745
f43c684b789900c58c8b5fd4,584738238.9867914
dd7ec9d7dfad5364dd303f49,610775244.347365
506f2b1ff3e4e7e43a5596f2,586524681.9211981
090d371309090bf83b6fe0f1,643889676.2793841
886be9a1881866ab1f300533,749002769.0680618
ef34f331871e8ca6573981e1,703674823.5352154
53bbf1d3345eabc2a8b7f5ff,600864823.8146831
5bb87c8d49ba8ae67a659b52,703605290.5944724
21dd47ac3c4e1d6bd0ed2485,605505771.798395
f59686ef2740247394547078,887499712.3176953
8fac177c5a8b4faa21b33138,542243224.8638065
b2bc172a3ab25b8caef50189,616596574.6758782
a10055de743532d7b7bd29a0,469894401.01040226
c344e3be381326a1b6cb5989,624060055.58448565
3fa4ef366575bc72ca5a0582,633329337.4177583
e9205b722e624eba0fd36145,1005765873.5873288
e75699a7693c678786ced75c,632930089.208211
23208132621583ce4a46de77,872335125.5029085
558d9e4b57fbe6c7e0a09a95,1243716921.4653857
1a6ecf722b2eed8cdc19ba20,612330239.989056
11734add51785f1ddb999c5e,608753918.8340538
82c9ce0d018c1d620b7a6689,558729486.8542893
80d95b058cb11ec829b5ec96,618094718.5594586
cd89201cfe3fa19a4eb14bf1,605505771.798395
d0a5f33f0689445e22db6626,488225765.588558
c7c99ae9259b34bf9b8ba799,535048835.2942018
73806685dec82cf637f19384,549106156.5694461
83007c444fa52b34482ed55e,579471319.4148153
e08561df5747246d74136dc4,451417911.1487782
5b0219cdbb8ed527aec91659,761692619.9286065
119805b72aeb50f05d3a5bd9,765913209.8815569
fd20cc372715855081e24eae,889979272.0044318
e4a021b625f4ffbed391c6e7,791308192.1045766
902d4fc2c44ae5ca2703426e,662512899.0048411
71aacbd62d72d3eb29a744dc,611057236.9405278
7290697f96d8e2101089984a,642777408.8520983
314153750510e92ddcecf33c,734336829.8503401
9d576cf721ad30ab1a4fd554,479823117.66534126
50160783a9a0503df5a38dee,509084213.65112424
0f4abd70b68453d3500eebb5,481280405.48766863
42cde300d741cb134a529031,451766359.05254745
1e9cb258a0b7e08244d7fcb1,592950079.0033381
febc9a1b054671445d756cec,763971784.9382249
39351adf139f820864dfe8f4,785336019.4372591
b4fac45659e67d4e91fe65ff,306860168.4477245
fbe555f6bd0edc1bc950d9ea,724522023.8685702
67308f6bb80d2a203e306104,428539090.94424736
799cb909791d43a1eb305eaf,587812434.4153017
4354c1b6b27a87c451ddaf36,676425375.0636555
0b937a3ea4864896b744108e,361138732.252895
b96d8b77fb5ba71ebce2fb26,842817282.357003
f4b1645da3f4286e39f2fe4a,666669864.435266
a2d1de4211aff373009809ec,490708560.19427
50b619ba3e0b2a4c6512bc97,536882005.681202
3d57abd322b0077efa1091df,698734924.8633516
652793275729ff3b69e86072,581568965.0441035
1e2270f9f49aaf3be01dab49,1058275654.3910562
99970db787f55a4d1963942e,323937574.80750155
801d821fd6ab7ee01b62a800,551842444.7806486
2abd46909a251b8ebbd37133,456525292.4157972
20a783884d6bcf1aa5697772,562015124.7292452
2fc38ab2689eb24f63e32efc,606934060.8692799
1f592cc4ed728909040f953d,788637153.4084369
d1dca15e36fcc5ec14dfd870,788637153.4084369
54f7aab6b91b48272a81fb47,751506809.4882454
b6d84e7d569d8d0f0d0c9066,721384355.1573124
54d10cb2a44179fd4d726f1b,778652204.258353
341c307eedfce3f735f4a63f,643014346.0481143
1e057cf20757627d1b006141,370949075.8765452
798bf22408ef6814759da1f5,683980479.5884571
9ef3691cdc2bcece41b47e78,634196718.8937858
fd5793113661540ee34b8cb8,650757996.6662687
9c4ce4e9f12764544cc8bded,636536866.0400425
542b5322e59a3273e10dcda9,661303248.1636715
af578bfec5d84cc2f4ffb8bd,502629904.8149029
a310528e34207b5dd813df8f,667680327.5459036
ecf5c9bd618e3976ceb5697f,753753265.4456874
d342a1ae299065045a957767,1079978100.0784535
f5dcdfdcc8f414cb7a38309f,521294146.33827126
4090c1b86074c8e769cc72fd,454700122.13196725
7ef2d4777310765d0c8121af,780655802.8615924
39222ab30001b3cf45b7de65,630179541.2826462
91a73bedc30e0c2acd95d6eb,538908464.7168084
d1e6d6900eebd9ace65d6c36,555980762.081719
592c9c45c07388359f663219,505735016.5959003
738111512f5e5052927468d9,787492205.9586779
0db51d4771623f5fc1026d74,580124767.0059676
82c9556e19072558cbe3a7ff,495665312.2636346
c1e51ab95336a51885b4c672,539941437.4332556
0eda675541a035b1f620ccc8,663502382.6406668
cf379b41b70374ac4cf82dc4,623440151.0494255
d90c961aa01e51d63e50a2de,665492252.5221385
990379c9f9f210206c6f1916,871669609.851148
f8189811dc639d760937df95,652165284.9904553
3d1deb639d94b292552a123c,476285956.1540577
43041a793a13a4171f22e492,572305018.4055648
052d00805b2602cac76fed4d,687313050.519411
c76207e622cf8a208910707a,667801606.8754369
ebe33bde2abbecd6d1fb0cfc,532220934.0660377
2e23ee2beaf5293f57a5c504,422188663.78678775
abbd422c412c2d57f5df62ba,493316821.8280453
648217f4d8b5e0e65dea066c,598031632.4681453
52e7657a539be5f36f48bed8,856375887.1378028
3a276f0df8c12422e14107c5,665467476.2105943
dc537b5973d2b94acf6f23df,753228664.1137834
0a41279a5ea9b92bf8cb79c0,882410091.2471994
80ed77aff62d4c57ede6ba94,528092617.97034377
1fbc660f780245bd72015f07,601950157.8808032
df1f513009808ebd46ec0847,609620212.9910436
58708fd9e83147daf1a80c48,437391317.9681716
52b699f9900d81ae85ddc7d6,681554815.2638621
98c5b154ec80083bf6f51835,660004245.1728138
588400f7829874f9de919e39,488594795.0009938
46a2a88ef09b2aab932ea02a,609747916.5277739
31474c62a8f39e250fb2882b,873957867.5583682
b40873d316de1c295f2a97ec,629614019.5554348
bf4b8b23cd87377169684e98,594053879.4943365
a34b3b037805f2ec489a95fc,610453673.9122589
963985c57392ed0423d74caf,667313045.0873405
a93a37e4cc75c069e14ffa00,579364287.5327343
071f284d07719a3517c55567,668394951.3171765
5d030db414b00948ec10d18f,465323844.71719563
6e57de8c4ec2e42832cd4b09,673204296.6567621
d9ee40ccf461ce3e9ebb815c,566028138.8214334
ee13d186a24af238d06e0c2b,615860433.3946635
f27397321c007765244e56e3,873367892.6658816
959397711c3f452486ae591c,857975140.6554719
a41222195e5c7d7987dc3c7e,613177891.5096786
ad14cc63c36789bfc1bac0ef,456248635.28315496
79ea72e7b03cfd4fdb5219b3,835622461.24985075
cf68e05962a41395844e9c80,538470266.09934
4a20d03d09fb9d0ee5565ec9,439920767.85679525
734c9446d0674b8d6545bfef,724406029.4579742
d9706de7190ae64c83e65769,631213096.9786104
b778282fc4b9c43055629e44,728370920.8324704
a4d4d6480b56d6198c0120d4,575799704.5293311
7557a9bc12cf0f2901c00264,901543083.1895713
41376f69b086937257387f1d,591664707.0010723
2910f3631d1db77e4b61f8b5,519996613.1691087
3a8a506c99ede47ae2257e87,492648814.2987249
25d89911e830697217d460f5,437878800.143626
365a227184022e99f1d2a816,606696333.0499357
c6e34cb4e79a729a5df4183a,652687568.4944692
c5c3f06bbf812593d1b95a40,648447511.6015172
acd6ad0081960c0f17b144dc,656432889.1686513
344a104d2210954497a5a388,616845969.2128745
c0109086d0f49aac6c3f3f18,594317106.8668587
c42c99f5da3248e7bcc73fa7,655935960.3440886
8e1e9ae57400052cbbaed9dc,1010698495.4933542
8cdd55d191f206b0841e56eb,602195918.9720001
c1e0b47866cf4a0120e4b3d6,472720714.0747821
45a033d121ca5afef24161ba,565163016.8951464
bc834280fb45fb308d957640,598130515.4399309
9ddc14c8e7fe7ffb078e0019,641816609.9538497
7d66238672def6f73c25247a,448766507.6961385
2c12cbaa1f14553c1d41b958,533792246.229352
196969a98960a68088266261,681554815.2638621
a5a3cab55661982b7d30bc78,517203378.8642804
6464d5cc161ac659dd963897,572572055.2968097
e9f44786cf982100af0984e4,798735930.966267
6302e608d8f37e63f4e5cc27,503103594.7714641
ab614a5008d68aebe34aa201,738530153.6125696
06bfbccfb3ec0b1f65f4b351,729276742.331928
f7f46ac9158f0a1edd01709e,740427387.5800474
6e233ae6294318baaeebb59b,892600473.0678818
bf6e713a689f574b532edd4c,759321261.1634579
a7e97bdf2d4f2f62f9889c3b,542194007.3711559
784822ba0060eac9358cce22,444040088.40707004
13c51ea93d19df6c273a1502,568994541.7140658
176e00102fb65cba56279287,526916083.7591678
52e5904902e4d75ad87afde7,781129301.0669808
728ce22c8db9bd0abe3f20a8,660007946.6518836
e8bf121ec117e383c843bc51,1486798056.5234265
878ff8ef3c862929bbb19ebc,509146104.0249941
ed80ba018de35d5d76d50db4,870576606.3634892
9267fcc93ae3b6df8c12d9fb,597197210.6880841
babe27dc477f5e1b7e438422,545649905.8206264
a4173461aa676e09227559fc,543053877.6702924
f0b2a0602bb5a83f0827ac75,740233708.3166077
2da346c00d6fc39268f12b82,613931903.7837508
9ec5fbf8767dd0d2744a79b4,601386474.77848
c85e9bd6e20ee2a883d0a7d9,393461444.48216057
191cb509fd44e580ee32486f,654233171.8883352
053d37bf1d988505b5e91809,625319587.278701
4d3a66e028dc8f3e9ad9e9cf,649796932.1387945
c75b265c0eb946ce77e32ce7,611618600.8742934
d233eb8af3ef7e325f6c8f9f,449392948.715027
7f7f5313341b3ca499968716,563460185.8401264
4fa51848638f4437a3e31682,754767948.183606
9090236db3ef719edf72a330,997001848.7933973
4dacc190eae91b059dacbb00,878961319.8596807
ccd2f6ec8e9841f1068b7c76,858894012.0902815
a354cdbaff42acd1a0b5d82d,523376826.19425917
da8d3092ed0e085a83a7d67a,641299585.0006799
1181e18553eafcf5edf6fa05,796555896.872472
5b146f1914acf2ae78360fec,680516427.1177328
a0fa0aca2f6c2ae65a98ccbc,624827213.1054661
038bb35043651579f443c481,697274626.3617045
430c46358b85ad4a741c7187,371688816.52388006
4becfb041b0439429f2cffb4,445142733.15120643
feb87029d5a2e8125e165bef,399588817.5625832
61ffbbc24b30698ab8f735c0,514408940.5317898
0e3067f71dfb9dc2e03bba59,441467038.7660643
b8ec643c66478da376153333,400337363.96312064
c8bccdccc9186136a332e995,744038240.196999
0f4765c8929a87746217e957,936844000.9891852
68c145df0ef91fb4d14d001b,526136029.73951346
e5b92a0c67c506ca6e92315a,467831420.5548765
a482103965890c922a66eedf,505619808.32636064
1d917f9f5a3cd44cc4dc8d2e,510344956.2025126
4cc968db25c2cf03991c0041,565231321.9390413
91ba0c5b21b52734d1e244f0,509824235.7448015
d6a8f4abcb02142c6dd15b30,422292273.519963
0587e7e1f03af8ea6c46290e,613171583.3631335
61e1e0c49f3aafee6ec9179d,601091585.0137732
797da4e993a993ef80277108,648757483.3570131
b8acc8e72f2c498fede3fefb,666440393.4228587
ef2ae24039bf2cff1caa4340,516529104.513749
cfb8d15c6b0c0e6ee4b92109,668954776.9076648
05aecff6fd8d866c6c157a9a,612192614.1626186
b2e37eb7cde5cf4290649ad3,964787081.4907893
b7ecbd35179a7658f3c11b41,691117937.6568824
699095150a7f3f32c40454fe,1519144147.5281146
989a4fc1590097414d7c3fa3,389464597.2868227
b6853999c45e21646a0d1b20,296990517.8130436
6ddb6863958ded0d72fcc6a9,367107226.47494406
f6fc3807b54d8c69459c4f64,507954394.00051194
6528ca87df8bb477f4b6b8c7,329694402.6915107
7bba885503ea7716ffea503c,424615658.47603625
846e6f1ba1c94966314345d8,610528747.4767506
04e6a79dd3e4d8d17c8b5387,1002453838.0423381
4d60db10157fd0b5eab9a23f,736525629.1537164
0d7d434afcc5e93050e0b86d,767125109.5353665
bb9ffa04d913d06846d082a7,789546543.9488293
80abc4c356813c1e4ead1e1e,424602734.4184849
df8979b26c9971dd7c3500d8,651799147.1286697
6ea18874ea84b5b4840f9b85,630751927.420187
aa75ed5781e6e8584143daa4,599449248.4951127
c8c8d083c9b9600059a8b8d1,464058570.5577286
5c8f3b7ccb4340263c255d00,610775385.3818058
79b943894c4dd68bfd8cde7f,530298315.7134067
64f36d32a3a64853227fa69b,1117985273.100436
d7080c3742cd9d72e9d0ae48,448959108.5394913
8333d32b98625a2742cfabd6,627640333.9095504
bddcc7fb72bb973f84b864dd,652625787.1246849
5a80dd0f68dc2cf9fb1b0c03,387486766.8241932
5d82060575bdb7be33e63ecb,636623828.9992921
de416f239b27327e0f78b862,881120732.6233332
816f93a2e035e4fcf61ee4c9,649039110.3686901
aca1776ef24acabe172d573f,685661012.263505
af32aa018cdfd081a81bbc80,526747698.69307065
7d133cde943d189c9abbb6e4,644554919.7752835
80035ad5b3b4a948469800bb,583645873.1463333
95bdebef7fdc2ac0e9541c51,716338119.9862866
d038e5695b32bdc6fff1f72d,696913771.3427757
2979f2d91d649a8c14f5453c,656300472.1503863
a0be286778d94153d3b22ccb,811941030.4988034
57e8ea351ecd1ff0825b1324,772721105.6984577
c84f96cf4570158c3832c3f3,743970802.1553683
93ab279de0b7b414ce758153,605779467.1259915
2018131ad3f6e5aa8f4be704,895864088.497435
eb055771816b45213df3ff3b,317969419.15987813
8e3700ec731701361d7bb7c9,532091301.1145913
422e994aaca85628ff759004,502971954.68172145
569e2cad5c18a5f393f80a8d,626519227.7266723
7b4ca3a8d09968e48c185260,614956869.4406925
12785f791e04b3a49547fbc6,1001681216.170636
02ea72128a99862e9537718e,558256935.1837884
fd77ee8ca0551b5b614b40e1,715958366.8629271
ffbf6a54fb00029ba24dd3ad,502201252.9083363
a295b12b773127f15e83e174,408175517.4790097
90f0cf22cf9c8fcc290e495d,329898605.1458921
220d466e3737f1f2a8ed06ae,453502282.7613704
235c56f4afd6d87f1b3e199b,372500789.3393644
eb0f3b14782c9a484408c606,592652800.7610862
4188712d431ba996cd59fbe5,445636427.2418359
3dfd7e954d6f7f40af60bc9d,421242025.2307575
00e80be4feb1e8593b7713fe,470170102.014492
eabdd1bad2bc4351ba4a2635,662139298.3009204
850342685ececa472945f7ed,499502300.9836027
ecc4d05489c5ffc8164d5469,428726053.0660596
2406d47133763272a965ef51,456618422.6935837
b9430e8c145c2a0d7efab2a4,698191401.0841511
4f8dfb8de411b8a05c55dbbb,557936128.6986853
574b6bef16abb21fd67db401,471382133.7171422
e7ef0d61e27de15f10b0d643,658140078.9379002
647ec3f486cedf045cdd3b68,480808905.9131149
69d83d8492db7ade6c37c3de,481007454.2844056
6c07175274fba6a0dc467cbe,565066237.8147113
a5a71962df1b8bc45bf5547e,685740940.9129565
ff61abc1e7843e20b1bf8656,412808074.8316452
540c4d7a79864885d73cca95,484786502.59441686
17d0f69ae2c4f1aaa1aca9c7,713471751.9669528
80de6a9303eedbfd1c69601f,649133990.1785551
7cf573f273b14a6cfafa3ec8,498083551.7138996
eb9ab213defc2de5d878653f,473574272.9404466
69f7ab8608b5328f106b42e5,605310724.8006417
9daaca90887e5144c35daeff,531683564.7083356
2bd08c0964ef4a95295db843,659527855.1446176
34f0542a538cee9f3624d897,445020595.39780325
847a7fbd4425fd2fbc4b3edf,895854672.704536
22428154baf95870f1d83fdc,732678990.0849693
18e89f083fdbce3da0a82a4a,1156612016.238975
63674e7ddf6f2b4d7c6d5c1b,454999387.1284137
0e97f66cf4208c1a57d1fb17,517143289.5461343
a90f7cd68b662c87d9fc2d5e,595547249.038837
2086639384041f3a9b519140,614049613.3132471
d38353aaffa4af168518c6c5,581646651.035747
d994f3919c3c8fe0ebd538ad,813332727.183962
ea9d6dc517c77ff8bffd596b,783101877.3449366
ff83788b9f8db0297f6c0148,897027878.0481898
9d9564415e52518c2817f66f,610723875.176051
9362189c5d784741c9b0f8e7,1021327550.5171373
ffb510bd3f847f4ede255fbb,429545101.3538932
7d3e4ead63a869bae978027e,749124196.702036
5dc404d1c214abd2d45b2a0a,835041518.8294235
64335f6d4c1a7514377be77d,427299365.45753855
b81801f02a73feb1db7f5e83,841839595.0952234
b5d6fe84ee7c6a703891112d,783122484.4303056
af0502ae1fe341c2ce1b5325,466704975.6977146
ec43b2789c9cc266a8e0d1f6,606695128.9211539
7ff8b0b5ab4fd12f3be399ce,797694141.5843788
d5c8073e3ceefbfbb547eee3,821989823.1067934
66379c5752189c150954b4f0,464786765.45093244
6a3f9046cfdbf4eefca3ca69,613503000.6019233
b549a72c938d767ed504bd83,645171030.4713384
f48e503ebd3908838c1f2ae6,553162192.4466531
e58ba64bfa5280630bfcfa97,563672095.9328262
07edd16680605925192efcf1,541350287.2858722
70b821bc1c7dd846a8be343c,460738207.26040906
d84d7edc4a4896c4a8722328,476038947.60381484
6d592a69209ef3356e656c44,432948458.0593669
ca9b2ef10b512905af6be620,668041918.6664159
bbf16146922556095f53b5ea,766045607.031281
86e80098f5a3e7dbd635838d,543521388.947376
dad46c20f9f7d834e522fdd1,763227620.2457378
e2dcb036931bf4b2aa030036,969119831.1796352
aa7a25411bc0f9f93dcc40df,321341780.80787694
e192181121fe58a8bf94aecf,547943070.7736969
5aa715bbe2b178ad0c9e4b08,729132446.1396121
43b5b5a9a1615eba48ab8b66,342685887.4701923
dc91e3fe1b190fd8cf2584c9,403271298.8350316
1014341bbcd2fd5775631f78,414725419.06096673
7f2e9d302a6ed1770db9f7cf,976577246.1487707
73f4074e5e09e52e0e03598f,592726807.0957195
0460eacc73398bb95f0518e2,829664856.1859075
5a44be6fad8878eb2c394ca9,783769819.807047
936cdcce007bce08a72112b7,642541344.0851989
8334a4cc7db8ed5c0071fe95,625575133.1116935
e3e9d1d073b129c697c1e9e9,550142326.0023031
dd9a60c3d502ca3cc98d9b73,615831445.1129628
949184accb5878f82fd5c10f,787446510.626119
bbc675f7edfa0425c78c15ea,653418941.4757179
7436750d73f2e56b4f29e98f,556940784.2070551
cf81103f31f74edfe0453de8,580830133.7154638
620e467297aed5c47e22735a,352174584.8402983
41037a3f8625082544979179,427499368.59308875
6a2db40e5f210a31b2f7119e,587413536.7916485
0083ef74db679d22463a1afe,534296267.79911125
b19be1ad7f60717a943ff0f7,573403123.8147137
0906b6a88fb1eb0d7bfb6bb5,556724470.3010993
f82adf71d17c261b41a5231a,651481023.7459902
bdda694c42c52ba4803d482f,664926996.613573
80f633154b6f94b8fa24f213,598577214.0500172
f69aa18a64d8b8494fd9fe3f,395149007.61041236
3146f3ec9b237fa0944cec7b,530710764.88640743
5db3d671b5aa03dc33f258dc,379374456.7624584
d5239537894ce7f2a9cb5a49,557917728.8158195
bc28e66374356a4fcf9b62d7,451887561.56084466
3697e556be961a16a621f3e5,554175445.8951474
bb6f66493fbafa76d70b0a34,518287845.98430836
e78a4111d943044a9a32ed80,602120706.0179284
044e2daf937c0d8373f2e914,708212458.3666478
77668d4325802de9d63609a9,589385891.5858475
a85ba83751915d8d5d1a0e09,768582940.481827
429460d5f5c5381e945cf449,627784449.5131911
a53dc5c58f7384729ba37a21,664297665.581626
a4dba76865fbd14aa19c0286,867662067.5728695
7573c18a79e5e3ee0610d7cc,816772738.0784954
f13f72c1cb469db92b25c2fb,949862131.5053583
45dd7eee4488e88d71d46783,1163554129.6256545
dd4fd04b9fd80818bd543f9d,578126852.3655412
500a3c5953f89b431184fead,710130205.4639623
d2e737461b916ba78030c76f,607357413.6246378
e1e69b5a90431b8a44265487,453734219.6608669
49cc8164d94a2afe8b750af4,489180943.6512844
e9b054016b281140d2566d88,778246466.5710582
32161228e9c502d2c21beaa3,513150467.5403067
9017accdd4fe3229fc45280b,330324486.23501486
17fed4a312a9b773f64861d3,496367986.1769681
8632f5681d04d9c934675409,897142214.728147
8356123e4d10a479a12e98bb,472542280.5799363
70463649ffbda5fdf3c10ec8,680726239.8331554
1414ec3cdd3f6ab772fc7584,521980382.9576742
937708417ef2642b7d05abad,908048767.779142
afbe90d764c1821cdb26e38a,552345844.8315591
14331a3db021936067b15890,467169012.7116712
793efc460dd25b67c644e92f,609376897.504401
0a9e4dd0eec86037a36fe769,548744348.4941297
e5168779de76d99010e37c7c,688705295.9742607
016dd08801ad1a1e7f6e695b,808571221.2240486
ce509ce153f452ff8a997538,652592075.0534576
66d8ce8e6aad18a4963275fc,625337796.3993943
8398e3b96d1311c7264f6603,942408952.6412681
e9081115ab418ef1031326c3,481786610.7057778
5c8240a1ebf6138f81dac715,628983750.860825
18cb1adb2078fef29a613a96,688250068.8099854
4167fdc804227ed43224a32c,770661298.7498047
b5d0ae257748ea92c47d8fc2,488157378.0216719
1d17f0ff708e6f0b93a990ec,850902417.0077589
764f506bb2aa1ac4de918a71,623457290.3727527
7a861f1e3af4dbbf55b2c301,511161115.56422234
1562a23a312478d7a05a33dd,686424269.425986
0a040fd24e23a77f0c58495c,617295883.315339
7f0f5931fe148f6187ebf512,599589160.6913348
9fcdcb2be94744d00e734a3a,1440636752.1907613
f181f74e96a93820a23bc0a0,591332004.2456985
5193b43c32a2bfb3aac6b2af,716445515.9337925
6cc7718e834ba47a429d6874,450568954.78918946
b8d06f4ce0d6e71ba0fddc26,651802711.6029496
30a30e4ab286fd822c68ab5a,670343302.1628778
f99bdff027d28ceca0caacd1,700883681.4924017
f46f5e911c6c595efb5b7ab5,643357911.2897398
a7f0c831d82505044f370b1a,407856645.3310005
17069e9f4ba45c93738b109a,450072953.0071997
dd5c910c2a3d63b8fa92096f,452343368.3552105
a33329c9ed11ee8b87aad6b4,387947061.36180824
925b457b5df270a68b84753b,392457143.4668994
d206aafc71e8aec2afc3f8ee,455560030.6854244
f8232717e74332384075dde8,469740997.33356565
f60d9f0751a14efe41be383b,451435762.8986534
13adc7946bd4e6e3e4416e52,481153271.48982704
230cdc90e6c825d391d5025d,397195702.8978516
e98cb170e4383546988c6829,452343368.3552105
5bc46671989de2534553ae49,465870744.2509896
3b98c8e46cf8477a1968244f,550343615.2940583
f9f5fa4ad495197a5c9b492c,392258296.2641207
0bd42f8ee9d36dae4cf35886,422279840.79471254
567ca46ac91cc53e3b479547,327598418.6013596
f0ebddf2bd5aac661e4945ce,534817551.4315673
eee841bc785b1824b6419a73,530225158.322231
004776514ad269b380581066,445540420.2895595
bd3edc7854cffd6b6debfb98,441506507.051674
0b42bbe66e438fa81a2ff77a,540640446.7108973
a33bfa6cf99e26bd9c49f8d8,571335806.4437556
8b45db8a4f2c0f772c8d44cf,443453002.08200353
262b5b0bb408d7cf53073832,580700195.8040297
5844c83fecdf7e09b188c2f0,546967649.0253798
9cc3c05f0e81b8f6454b80ea,526929481.7324201
07c46b493733d74c4f384b79,484912146.1597897
932ce2fe93b8e1ec0e7bbc8f,460194464.93917316
559fabe06aaee537322d0af8,500774331.20020854
f4da2c8dd901cca9cdd51025,546893199.4795437
84eb4861db0816bc8722f379,571385095.1766077
d0dc69570223bce949a4c17e,568563678.6305621
abc2ff9d0e7848169fca170f,423251622.58338404
3e3880088f0df7c447e27840,511064090.7797851
3580dcbd0a6d7d6d3546dad6,599646315.090829
f123231ff18912a3dfd7cae7,596858434.2489969
78a7eac41dd672cd1863e3b4,653650164.7097911
97def72de478566ad58020a3,611614225.6546172
e3e2e3080cc309d34014e8fd,520675693.95317477
71be583d473084bc0608d066,488325382.2602197
ac6a4c672dfbe20f5bafbd89,571169004.9260286
f4fc081a112f5ee1b3a09e70,529911526.80225116
d8add8f5e0aa562a63c894d7,599366501.5376977
88ab887e18e38d0b8315286e,672071557.1469158
07c8af84608e6c9206ad6961,571209676.9022557
2b352d996677e67156391e25,589793858.9053254
ced624c6debaa01c732e9f60,555755287.2920414
ef92f63b46f27ccd2151a21c,562560475.9768146
f4022026c279a9b77a894ee2,571537676.4037566
e2e2218086e6ef5377c01b68,600646695.9826871
4af83eb7718f5823ae69fe47,564236213.9080876
ee98e745afca6de4550fe570,571386226.6081406
bd1fda425d792fb0de7b4499,518372423.1847588
86b2d3ad1dacb372734f810e,511064090.7797851
98abd5139cc3ea136faf7c8c,592321369.9534861
4582ec985de48290c5f1f5e1,535532621.09322214
312a6b2a57dc6947f95213a5,535870523.80683994
86a47522586da2884181f128,508684430.5068828
b41edc115f6b439caf392941,565886214.0948864
fac682b61b813044a3e3ad01,584539461.3395554
63f4e57fb2cc22659e80d6fc,449666018.3033921
4310c7a552b20afd46f930d9,570644311.3232942
4f18341de355d2cf57a03983,566052400.0841175
a418dbb6d04e505c133c6c1c,491817923.15734833
afce1d7c5576dc49c80bdabf,476329188.58626026
5ec12159380f4d1a85e8b0ef,571579924.8782296
78d10967c36cbf346bd58f63,514170638.04781026
f995364cc33c431b3c93db45,535327250.0817473
99b31d0b5d5ab75a2653b1a1,604178287.1867702
42d42ad031a2c62be9b5cdca,571160193.1519842
73d09646de4e0ab46feaceba,554360264.2254847
bef4759bfc25c7d44a8112af,546967649.0253798
c038742e427830aef3ac1c17,534472915.9507471
e96a7f5424558193663ef6f4,532285812.04993546
1af243eb63d893b1251f44dd,562560475.9768146
a083fd17c5e7c9d33540b922,344106322.53832954
549024cda1c093c9f8bc2ea3,528302950.2840666
164cf5fb9a759f2e4be67b6e,551859488.0049642
65ff6cef76efb4c83ac0611e,490147791.73259914
784b1db005d39c2f57666efb,505949534.2879111
a2f06081983f748fcd74652d,482450184.7707042
66e4f010db2febff23b4a4f5,453479460.21274024
9702cf3039b86f97c003e20c,597614302.2706113
48de5d43e88caea594ccd27c,529412053.19422615
6732c28a236aa1ccc0cb2c86,685532039.3041877
8a1d1f70adbdeb233ed3ec3a,519874546.043691
c775d4f60fea55d5511da4d4,534914061.5780619
1f4109e1a4b47a9b11c2c019,699691158.604109
31ef69bed8e54b5e1fb245aa,647153066.59168
882907ccf178b23a02ce262e,641350938.7261983
2868ac4225657a13f6149e6e,578640904.5336453
cf6f0a3cc030024f4e9ad06d,587844318.2457503
0a1cdd0d5c3c8b973ab1a98c,639757138.5488054
0d099b1e1a314dfd9aee5293,629179861.3783342
898d1eb301c92ab6603e0b81,711337895.12005
9fdf7d85fc65849cda3afda7,635561434.0072006
f5ee97750fd4e04eafa9d1d7,618583777.2315768
ef9cf29f71434be184a4ebd9,805683360.2349046
e4559824c3390efd6282960a,633269897.935305
f8dc73052c66ab334cb7be14,576537694.8076763
2e992370de3eed4ec1271589,578729759.5398768
e2bbe9221780d01a265e2ef4,657042196.2896928
b65a2a140ad5fc6e3e26b6e3,679516866.9261515
3dea0748459a295fcbd2f0b6,637413967.5371345
7a1cb1f751cd36bdb6412ba2,620122650.9592162
1381c0399ebbf19db3a11820,679516866.9261515
479b2c9c12602551bbd0212a,629405198.0516574
d463fae95232d30e0f78f93f,623285590.6289879
d0df2748d371d98d76408d66,673316875.6890162
9551dc6098b721dd495e5c57,709140499.3555238
fa736ec3f2f066cba4328908,712988891.2855219
37fc4ce5dfff7faba6bebf8c,787795627.2583919
f336d60e41c8bfee91d58728,736068355.6870291
65e1a61d984712e76829c821,688467800.9947711
65eaf65f8dccb8e49a93b753,672947214.0490191
36eb8139a5ca1b8459eb52c1,645828874.5301114
c357cc3d2f4b45ca3e1250d2,585501699.0532689
4b75f2b374e8674e8b55eceb,766248730.8354788
9c20784acde0823e9479be2f,534623425.6513008
0f2aa0d9fdcfe894caa8fddc,638860444.4595718
23374ef76774d4f95f022473,812658360.6189562
4224e69acf9fb071d4cab498,898364667.3619931
a41d05f2ae3e022c16088bd0,786052376.1193199
9b30c679d7da9169580773a1,782011349.7598953
2795cdb2f4d568a782dcfc3f,766484064.9847945
5399af7ea98c97b5906efe1d,658863060.0551989
5e93ed2a9b36625c4450b5bd,837214228.3797224
d04d42ff91707e3957b4a29c,771523407.0832111
f32ea78bc5ea15d700d3c118,749023892.6392237
8ce2d6e505ad1da079f34a8d,871693725.2438753
014799b9ef7d5244fb6640ff,759169290.8719944
f50a72cfa82f3742189b7fc0,757525545.9254302
8876b38f90f5571639b7d879,967666736.3651202
239a2dd25f604c730136c720,741224047.6683773
db297b6ab332cbbba338e7a0,699280397.4234062
5aaed76349fc95f6c12ced7b,940992748.4828016
10c94f25ce3f7532bf4f3152,798408274.77325
d0ac1f63c75987c92038bd30,836876116.7083799
db5ea791b33be91840a6d045,842461399.770048
8627562772d9d63bac507fcd,1083640630.1104105
b1ecdceb6ac00b6b047c241b,865333412.3063087
f499c1513abf0b05aa1f460e,948868937.0943176
0d8b0ca08838d1dac052d51c,1130141952.8363323
c54a573c9aef013dfa2abeff,956649291.080548
f02865ea64b156bf4cf4cfa4,1070817132.904942
087b564ba475edbea431d4e4,854755978.9068178
2d3236cf646f19a25932676a,878110570.2009277
68b547621c25c7418cfdf5dc,579750753.9519068
097a1a08a389439cc2c760f8,337111037.6841432
e9c905ff64c7e2f8c21b0a9c,381838284.25590634
464039bbcabc650d659f6683,520439600.72688603
93c24fa31fa780d28ecbc318,528385937.42692965
a73206cd21136b209f25c7cc,417331014.32821274
852a11f12646f0a1121824c2,487651983.55562925
61953f4c9bac7cac5ddda5d9,746580723.6499004
5a5377f2d087b7bb183783bb,584946546.4364065
0a85c354c48921e0ca202d15,998640921.9112285
12f9d50fad58e4e40a187d98,722886598.8447856
45ac018012e7dd91d41a5876,563369455.0075397
28f905e91295a47d106a3214,926233263.324601
395e3718423aeac3d40494a7,586226960.4666383
1fd7e9b1e717578f751c21c7,619632536.8283802
e8bdc4a088a6b99a538a6f0a,613656376.2176824
45b894a8b028be29ed137f1e,1375976133.067996
f5c866d489889ab2f124799c,592591571.3413311
3d0de71d822da8a999bb6222,643797973.493786
ecd0b4bfd66fe04c278dd4ae,566351526.4480911
9a61bfe6ba2b8364a92e5a97,659834635.5296541
e8b8d0c4cb87efc13344bcd2,904920125.9213257
1f39ea319382fb0e41ead713,799225197.1896504
d61700c4ecc128290bc42d3f,392388787.67594755
d87cbdc4896e0e0160999520,392597945.4256252
d1281c9f037ea5c4fa683b84,396136671.5102595
310e768d2e8836432f8b3e97,397290570.5149549
c5498cdddd7856e99d21f52b,443057949.05127096
d3169d4a467cb7eac41849ff,519839248.33003986
2eeb4b0d7afa57b63778b69f,936443357.9158056
7b3621124731bcd2e543562c,645402668.384603
5703b4ab6e77d88f751bc6e7,549437650.8493835
2c567face144ca714454abf2,779366573.1228743
7169b5a3b9a796162de685cf,904829222.9679549
fd19e1b2e61f5efde879f6dd,825733129.9039038
55f0e95dc857256aec65ec1a,1067689980.3269582
ab03c034e2a420f395ca094a,448626112.77483445
ee3c0c7fe3fe73ad0449870c,1512779755.1310115
e59afca092e0ddaf60c9419c,527517731.52396244
99e48a46a1a599471d3260e0,449402950.83049
419398139a3aa2ca2be3f941,408827597.7334775
54c33befb89cc873771c3be6,757425217.8399616
cb29bd3ae3d5da88c99d3db5,637062254.4154308
24258361a4ba8f772a83ba7c,694468071.6876283
539c12d2fe8cbf950b75a0fd,490508969.8264821
7b81996f3abd287b50adf8da,817347021.3673005
0d9e73c14529fa3f1ec8a56f,636030466.2391155
dd178fd542fc716e32b4136a,491452320.9739332
9aad22f3d25e46538e1558fb,614760836.3279004
93df4118ec3536b312822d90,758955264.3867841
7c6319c04025c4ed6aa3f051,636030466.2391155
98e04fd660ca1276d1510a72,565475172.4834735
4a8eaccbde5a4a6747818d29,592591355.1145654
9f6ae3eaafbdfd8d5c0e64c8,712548817.7135282
5929c81cfde8ae068a8b822c,630039348.7830474
b94ea2b8b847a47140d04008,779051818.328
ac1b644a8d2ec042ca91f89c,591260874.6035752
8df9256029f526ca313202b7,634670723.262035
e029511780468f4cfbd10d3e,646062245.5727019
0878fd8b66aeb22f6af2d7af,546085470.6691852
76258b7b7e8778cd60d3435a,577059767.7572625
d64a2ad3297e2fad8ce66197,402062075.2841302
8af6bb75c85a2789156b3696,423493174.9260591
40db880aba8951909e6e4ef6,626580668.5303723
c9e20cadac540faa59d9aa3f,355299139.9948807
7d5459e48101349c75d43aec,512904294.1826153
fb0664d59b6333ae1861f343,679267491.0957688
bc6b57600fa9edfe13fb3118,624167864.8140391
d309cdb5688ff7bdbb682d17,642533150.965561
d17ba799e68d7775f2104b3a,579618128.359901
2baa6afba131b74487c94d74,600856045.4285475
0b7c8732558fc04f4fc51ec1,623556861.0378704
0d8cda2859d9903f6202af54,427565529.61172265
0f2913c5aa681a2bd45a5484,687331450.933767
de6010c57fe78d975be38c2b,742090940.4729782
54b474bc7cb126bfe8e6c144,654153140.5509973
b1dea7d384760535b770311a,558547911.5078071
9e90e02c8ed3ad137e4c3abc,538260011.5950712
b59711a5971a3b482db4d9f7,558256935.1837884
2c37a1280b18e095b43e19f5,575620043.4882058
fcd7c10d81aff25d9233214d,487436093.3055499
c3b8bbc492a7d7bdd63da22f,564255599.6680373
42aaf6521fdf1dc9bc50f88e,444707401.99139017
3c268e9119b8027f78f91954,610017139.3719157
c8d5a0e9614dcf96a500206f,376693984.71739805
6c778557da9b5d99f90b1238,709160347.1134808
4514844d15690b7331fdb6cb,567354104.9830047
d8e981acf77bb46a9dbd3109,659334693.823345
b940ba03ea60d4cdc5d2d429,906558906.0194024
4fab4e66ead1948498d2a4dd,388602678.70933884
a5620899d410af623a3ff4a9,1073737500.9965364
f45e3be8500d7bd91cc8855a,411086698.2308674
4b82eef445edeae7a55fd019,480875962.42045736
29881785ae39aec014c4982c,744640286.0971098
0d9f91cbcc9339146bf75bba,617099421.6716197
b839e76df5d73e7d53691707,639717187.623975
7ac96f16bdc50ee7619f3548,862028053.690442
a102a0a268840439c2c8f4c6,309299012.73692185
e1132006785632e4ec5deb02,605369097.3120933
a041ed3fc0b60fc4ce3cf847,632871397.2568411
84b758716f47bb0f4e4a2bed,566060436.7258619
84394774ab45e0c8b733bed2,654396865.61188
2c1c91f2bb4d9dae38a44360,462110069.2106767
8ba9304ea7b8d2b071bb0699,745328390.4873629
9a76cc7c650230c670e703e7,698468595.7218982
9b0833992397c6e50b54715f,687471883.0144569
6f192e6a537c1509521e1e8a,916662285.8861257
d1668e2d35a939ed126a3f8e,1105330221.1588519
a17807447696896bb61ef8ab,899640421.2770234
d043d368d2584ae95ad3672c,694299930.6680337
7f2e3f2eb5abf86b56897250,704234311.1323619
fdb1cffa6b7346fde667d72c,441396372.23613673
58a3a9f44bc7846ae26413e5,480209374.83918846
af230af0c73a5f2b72787c1b,742372736.6514623
3cd5562115870363ed5d7558,682618168.1611485
cb9d8fe7c18dba6827836403,639120814.5339272
742fd57dd463c1b5cb79f63e,621290792.9717712
0d30768d188b6bb53d599ea1,758600306.3104919
c455b8a15dbfff94c2909f37,494878713.0403355
8541eec88f0dd8229b4fb041,508772762.39059716
54aad3aa4a166d2d50df48cb,723067452.1864775
eb9a59d4e85a3f124e866f47,815520175.0648334
d65946f9c27e417e6bc60057,499756041.43913937
dfbb0ed74ed85bd186f40ccc,533689620.42632264
84b05da6a859ff5384f37ee7,523508549.8797913
e2da7c1bb33be76b86b9a07a,606809626.8292185
456243bb3fab3e74df21b5a0,611101540.8716327
a947c2ea296f1da3d10b0a06,512781334.6968118
3929df6d73b3ba01bc018476,523484324.87866473
ce44699aeddaeb77f23c9b9c,817734363.8927622
3cd3537b5f9475657060cae8,983766508.8992368
4520ceed2e5fe3458850a805,846203490.9028038
00dea98fbfbfeae74c513bb6,815534402.7828898
16da41b1128c039ff8f83919,552194024.1116586
111d509185303ed970d710c7,1131272221.6142552
83ad1ce7ef6d70842ec986f2,559250296.0847765
74f8ffe35e8d3bc9be725d7a,496657941.56352496
f5e7ab7c2edf566fa22501b9,769154513.0835433
2e1f3fb2323fa16150f8bc88,546232208.7285664
f8bf37a8f81a310e299385a5,506989150.01892775
7b71229680a50bc26677a427,524778826.5774596
1f7daef9ba898c4d8ac1c81b,515367077.9659368
415b68c7a5cfb073676c443b,539129181.4685104
856559e93205dd1561d8ada3,640308240.7770171
6d534e4baa1740d7839664eb,545688316.3470074
9ea78159ad117bd9c0b04291,601762116.7031996
38faca2d6e338d328428f986,491314728.6760235
fcc6c3c10bb52776accaf06f,705436722.7100092
9120f0e5a6f505a2553bfd58,887066325.2253392
583a8d8c5d7fa63125f62155,611188810.3226417
3d04304c8644c81114c36f98,626453540.8290467
21fcb5c7e497f0580b820379,663645097.8320305
6542b39cc8d2d13dc828772d,656119058.9818418
091f6342ad934f4e7f84045d,945723158.2921689
fe8305e287f6a8e7899c9459,566383312.2205491
d4492ffc4aaa4ca9c4dd2357,639732942.7730086
319b9accf9980ef2ef81099b,688730099.4370558
fa84c07cc90e2a2058b57c9e,545000058.7270783
c4749eb8f59cca469236df01,551995876.5947624
b8a5928cf1f7e704e9933bed,672640303.6923621
c2ffdd10fe424afa1b09f31d,560529017.4075797
f221dd5d745def063eeb7258,687584863.6948742
319ba1ec06c9b6ca6990f4c1,765451898.9444505
29e7796eabea247af4e8a0f7,569939560.0469328
ddbca69ad74877086c4110e6,632602128.9165106
c858f0f3f5594e7bb0f3b6a4,765300964.7043957
88ae3f4a8ef76675c66e925f,908356805.9946053
27e0810a702796d97878c34c,570291292.3862003
7450139ad1b39b2a380472fa,782365319.2914858
35ae7661d8191507cf9e7cdf,689693883.7630963
93b8ea95ca1c1ff3881d91d2,553650342.0595293
8e4709859d50a75dd08b03e5,551183805.8998084
7026113e0cd7b2d17f8a3459,599324945.1903571
9af956dd8d83bc715592b97a,436437538.06458056
df10ecb67d79e645f77a90a6,708578766.0910541
14feeb619f409386e6eaeda5,531868573.2511582
1a6b9a6d92ec5e905ac97cce,749908878.5356957
057585ba19d6144408d4e2da,509687279.8960492
72699647b590d11ed9b2f2e8,476502083.16825885
cbc99d6202cd3a31e1c14a16,649929294.0401372
ce1d63bc4411a615b816a76c,687892810.2574039
04f0fd25e2456759753bd2bc,575027517.6213584
8c0154eb5be437746213aec8,782143989.6661896
e23017438478050a655f6d67,684690240.1536089
8f0b6d6dd914911c7e90d302,733738925.2017797
4b38595746dcb78fbb459781,426322858.89064515
95aebb36dc0b4ea86db49492,811122882.4111158
f900f7a9c5e2ea51689e8992,762971793.5225954
3fa0d9e247f28968a5bf8476,444463531.69952774
1240f50cf2d8ef1d8713e671,390285799.63418734
14a55e5887af840860b41ddf,517406740.05051774
3ffefb3f453c54585fa6ef22,703810371.3501531
c3b357d17afd631df02dc39a,602810262.3590782
a15aced0fffc97e219f99545,338865312.7726868
cf707785919dbb92cfc7b5f6,983579608.7708727
70ebbf6a402f0f707b893979,528608714.002668
aefb3cb6ad2de9ffa90b9534,490072457.74390703
b2809471a0164e3d41b8fa60,850185783.0579983
6d11001f164d81734a82ec1d,540920505.8399134
ad71acd782a4fce4d9af04be,449392044.8047448
ca86f53a857c23b15eef428a,697940391.0637132
580452a616b4f5170eb628d0,615719531.0957079
7dc609a3c7a3ab1f9a3146e6,490464195.33842826
e8fc9a1fd4b39f946b914398,385651977.8768488
0d3bc6532812ea618d154bdc,792412272.8551098
1ee436f045a0662037f9d2cf,701035667.5022489
8697b1d337145af0ef8e4619,1016880832.2908177
9a08127164a0bb61cefb3680,561262713.3729528
e08e1f260e5c3231c49e5a96,411983758.209458
b96502e30fecdfae7796f1d6,506922991.0093799
a0b178016cd26a1d2072e7fc,425932804.23062825
5e3d7da3cfe55ad1fe609579,492545289.77649087
30f77637dd52e728efaddd6d,651393059.5343605
2202c5c9a16b771d1e242c18,713166175.3277329
3dc8277f29d0a2406fa25ce1,780925769.6014655
a0f86ac00934b57d85b44dde,556954761.5702243
9168a08b1fac4c5448626ff0,617351689.5489516
cec8daf847f52cb2845a9f58,719428277.3642372
ab7559b75b340275587e50b7,959495113.863879
a392f7f9ace844d712ab2b4a,796840304.4487768
dd21c6799a32ce6ef27f5281,476914673.72755855
275ec6bd936600c7eceac599,1009844939.7057788
978195f1745ab7e3d69e1f50,716060937.6996524
0e3f82238c54e85ca4229977,736476742.459642
bc168cfefe964762cdf8755b,659197501.3105032
d22d5776b6305308c9e774d7,561938110.9469736
94d3fe901550dd4ba77ffbaf,599951554.5304924
63717ed97f95e32b2ca321f3,849281428.8373423
a7df0496d6ce217fadfad10d,616945164.6939489
51a696388218fc2e412f8806,615085015.7405764
a918c218ff761315988c6335,653581200.6361694
d3609eabe59175fcb4441ac2,916341559.2008508
8af2e264b801b3e155e52be8,849312193.2054242
76e4ebad138d50c690f0aec1,396875159.6598473
9a9553eb431458a3e30fc672,626426078.1396067
117f37774a78d65f9e68f906,342116263.98163265
0c8b133effcdbcd49d52add5,597673209.5203062
5e8b2528c1c0a5c12a476919,663700826.716502
38d6842c2807d54f386bdb5c,750140529.7840238
55f747145222c070fdd50175,672824359.478245
ca7d715827b39c417e5b75ad,650755412.5166163
b219848e66fb065d4d2441bc,646731991.5804728
a04d3f4eb8810a346fd29ab5,699299318.4861137
0b06da0ceff947975cf8951e,883182377.305199
3f35c44229ba13940d8a705d,852071628.6212127
8bdebb8914fbcaad625b1764,416183700.95030487
f4635193372f669612744011,821424645.6544069
611a369172eb6e3e2e4bdbfb,928384729.7843981
6689af92cae5d7c9c3e2f215,1070475112.6459075
e382002b0685aabb01891743,608350441.7845397
edbb6dd10f8c9e7596368225,692883544.9407526
89b0592a715c9e135967f947,589527840.4094125
a67c6f6400a176e0a07d6772,711510758.2578369
5c6e6dae74e39d33621c7119,731105483.1555197
0e1c100d8e57de8296363d6f,546576263.049098
e2e639b53456889ab5350ba0,726469671.1161458
93acd9176ff299221e0d2152,730886627.5445429
cb482d76b3b4904c595f2dc1,688242407.6308041
a0e15809e0a284fde27b16ee,716419753.65218
9a958690c3947f5a8f05cc80,711905793.9696741
889bd77c8271961a6e4925ea,669400487.6832633
dc082fe46a714afd43b9dc19,663185963.279832
99f8eedcdc31cc0ff6fda7a6,506497018.6673946
dfa744f733abef97d82dbb32,728184990.5944445
d50b80d68eb3b928e4bb4317,625506886.5901736
a58acad50184e66794d8d704,637746199.5022012
52871480f7bdf5ac3d785630,527632772.19152284
8b083d7ac086f52fd2942a82,603558930.806259
301ce25214ddb4b5144373ef,752156932.0091901
6d76a22793aa9b571da64572,756253932.1765822
d7c48db0385bdbf7ecb7088f,1047588236.2473558
874e2c6f3e9f90db80d243d0,495680659.6982933
249667af8d0835c9830e2b37,459474703.636638
75d3c9e0da9a24f4849f2078,522606298.2196643
9e45b127ea0303f973bac9d1,397774152.0683543
daa0be53e7a1d7ff76f32955,618520295.5161033
bf7463534babd284da6ca671,461993598.8069727
0283890ab76b10547b27e634,665424888.7729392
5fd213a5236154ae5206c372,950366465.701816
317e95fad7d399673719537e,732500214.6561899
fb14ddcaa459b49a3b30eb3a,682018427.0520037
4cb5e4aa83c476a5b71d77ce,690363748.8619229
f54d358d26af89636906f686,811499285.1478885
f002603a6990ec405d82cc47,757425217.8399616
e3b7dc4e8990f3cd436bf738,490528256.0674163
97c799300453ab511bd06361,504842571.16193295
3c1ee7e502c6bfb20873b47c,496671478.7185999
cf7741583fc5315ba70b70f1,838085813.7469956
36a0a1f0432c954604825b6e,538543222.383666
9836bf9b64f27104c7863b79,414750846.8354128
68a3f9ac977f56cd39a6a1b9,923916181.9738554
b676ed2d0af6807cc2b28ac8,1100302471.2213552
430112bf4fa9324f0149a879,530335137.78745955
fa00e05d83ee890a38c3a686,579914109.2345096
7d503f126b5863fa0626d4bb,574319747.0825363
ec03a01c961659f2cfd9c973,597463788.2728674
6a112af84d5a81f3d16dfc32,905617344.1646534
4c5d3dd8802acb9ee22ab912,658614393.4049871
d029158b36963961fdcc3974,734588056.4119205
c2071e85fbffa3d2c2168319,862694271.0951794
60a04215bee81d26f20cf0c3,603920361.3340478
6d4a961e099de1939adc6496,515534051.98915356
2383b8bc2cd3d307caba34ba,521783752.6936786
d9357452fcd193b6c5284bc8,1036047998.2797738
863f8f2aeda01a9fea1cb3e0,731923899.3766993
d1a6132098a4bd640321c7d3,526395723.27453387
6edd2530070918074c8e7d07,626731618.5621927
1cfe7df5431f3dc6a9289551,772571338.4648807
c617d1f15d294f0b0aea8ed8,498699424.56972516
bbdd78a7ed332e679c8e526b,425949056.39218193
45969f25857aa7263927b400,757895216.4223367
cdacddfdb6ce41a3eb752496,654120096.4174546
3f87d08afecc4aba03587848,909976964.5655563
f21d2c0802e3858d493c1984,867048079.6753893
660f3f9ed9a72d8875a9efcd,670188127.14949
04e29dbe2175919265c82463,703167261.7903764
e4082fa99f92fc7a89092fff,671451712.789455
05402dd344c77623fa053ffa,624792080.103845
c5f7f0323f554a7419f78359,614727137.3849808
501193fb57014ffbd7bf218f,586108789.7978864
0922cc27581d9058e55a2239,515046813.72135323
4dcaaac494053749f30875fa,844812044.1755697
506763d35b04358fb0e967ff,590217793.7800221
8c40078231bf7af2f3a06457,577428636.983782
53e14e867f8b02c6043ae02a,479749633.3183671
2364014bfd851a68a824d1da,915785705.7702801
f788ac4a8b2a6dc11c458c90,666179091.1603961
093c849ad2bea8292c4d15f9,947666627.0258101
71a8b68f38fccf71a229df76,493509957.16729426
ebacfa0a8e569ab603cccd11,377469940.8703756
c963faee3ac527dfab08f61c,607044916.2318672
ce3deac5963eeb96826c14f1,615279947.054626
5607cef08511dbbf3288a5bd,524382873.62287235
8a9e6d0839f9fabad2fc3214,593655972.0795406
ff03a8cc833d067d439b9903,642751799.9767174
d3e119e8fa4d96abaa8c43c2,763010735.0618175
25b893f6073bd66258a9cf03,702543724.4675846
0d70ceba3aea278cb4a2082a,851738426.1105046
07f9017eb4b8c169eb9de536,970524426.366453
7cad62cfb4fc3ad9acb09f1f,473008205.8505964
41d174db6f695472063ceef3,638524980.130817
4ecf579a5d5e70d3b4314ef7,667030645.2151184
41df29e27c0bbb52aa8ffe49,636992285.6357884
cd77cb445eb0f72df89b9fb7,545272810.0213392
65766c8572b629744f00b45c,601500299.3155209
946eb4523f76bb23d0348309,587696755.4397836
453202a234f5b370ae9e586f,538883973.9298182
4e1b5798dcbed1842f260b17,523971406.32623124
f1cb3c0b97ae1c6819fb86e0,1062752368.3301508
24a89527a6744456750baf54,521357018.4936537
a281d59b685eda4978e0c84c,656415875.8628645
6cc9d912370da36c38ac2cbc,681568543.207694
10563c278e7ce8eb2066d398,635992287.6224431
a1b0b8d18cd78b7cd555dd55,817783544.5973731
3cf9282136fad24af0f7ebb1,596159404.9210732
077659c14c3cebbe192f8247,738534574.7296636
c372834e8e7a4279f861aa4c,529559762.90945
29daf0d5008fa9e3f0f30132,433930181.62153035
08e1ad8d1f0be0287a395ef6,511777258.50935745
19c07fc2b01a0edec4784e64,662605185.1367328
c2b5216a8050ea0fe4008f59,659909866.0254519
29cc054742b256e6fbc6da1c,647476288.163226
755a3e09dba04bb6ba6c9851,607039133.6120032
c98157c582392cb895071f28,608681691.7695841
84f47e531a916b7f7dc1f1b3,630018931.6177065
231688922448e4d64622120e,520406012.8938187
9c7c68df14c238ce0b497dd2,908030925.588528
d5e29042106130114cf3694c,497820326.4604526
08d4fa42a34c74c94db5080b,866316956.6720353
e89fbcbd4d3414e30c30fc29,627633284.2936742
22af7bb676cb4c9ffe014506,495828277.7735203
b20d6ca58e91ae70b6e0a1a5,767542046.0509849
5c372bd1e01f3243256e27ca,502771690.7758102
1242d7e61857ba8ad285b6f4,822401853.984816
196ac46f656726bcb8087ba9,674854287.1212407
ae513b65e06b69e1ff2ad8ec,403975563.6228923
bb26b45df6a70b6414958912,401762677.9029585
9425283b41165156aacfd43b,481456705.5653708
689b510fa99bda54284cfe7e,586095982.6269764
c57d333e383039db0fcd2620,718135349.9261941
86e98ed0bd2565b661b81ef4,684363670.5360403
0e694269bbff1e45395190d6,795301069.1418877
6511180e3128e083bbbb6940,614938257.3186512
59b271bf9e2d29ed35352f5e,405457587.99267757
a4c324b1353d2f7ea3ae9727,405457587.99267757
193ff8d291a9f163a4f3301b,541140384.2304889
8ee4a7cef562d388b8444c29,390878751.9771491
53bdf5c3cd800459acca551c,599747331.3688135
35ef99962cd5984ca87bd326,488930979.40363675
dc33d5ffcd2aa2b7d56d2ad3,584260025.3978813
05c47739fa4c4f00285a2c48,768002152.0790046
a51d415712d8d6c8add7009b,815538264.749942
71493c81121558b8ba18c1c8,401762677.9029585
853a14b680761098d4bf6136,715397334.9074166
c9d5c08973c493f3acdef892,549575979.3082914
7dcbeb0aef2e2cac0d73315a,395674812.02204555
ae5a4da0000f79f12142e2a7,534021356.5893107
1f6050fd5261a2d21d5a178e,296990517.8130436
e3f39c6e4a41fbdc4bc30e0f,623251089.0189905
9d157878dbb41c14b52a956f,472197117.15459037
e1fdbdecc84b991f582a2e00,520229572.47749263
3a26efe201689493724ba464,505389804.06130534
6670cde3fbc11c263c6c3163,477938381.428981
780ae52ac9eae675f6fdb312,547980445.2504082
24f22d76b86498d5c3563288,587759870.7624518
fda25a0b6b9f62f92e3ea6b8,678486395.7624534
678ba0c80536dd27e385b31f,467311141.03607625
ba0d0663943a118228fd12bf,483280025.5267722
81ba4b47e9222c15c4102992,424615658.47603625
d9ec26c1c3e1811e38f070b2,460301061.3830832
aa850af0c6203104e6ed02fa,467475445.665214
c697ec00214cad882d5e9812,585870142.6744351
4b193d78ea6e3740bf37b36a,585870142.6744351
08c61259a756e617d976e8b8,566888447.6398962
c1c1dc8df6996a94ef3c7d33,507802622.8619694
3fdfa23ac43d1df0503ccf1e,512591134.3796816
bd4526ea5b404df442892788,511950455.99167615
1062419f9cf94418ba88b6b8,525267087.2278199
1102f91444b8e1abb636f1bc,669760620.4252907
b96b4bf38bdbd61d4dd0bde5,726411575.5745317
45ee2db87e9ca0a1a9faf050,532252724.08953065
556cb23459a9007127b3ad46,655985359.5832685
a613b18945052b4576595c4c,676611044.2182631
fce385656705a8f4389cbb6a,670789404.3773831
bdac560af3e155db33d13d57,665104335.4924144
fedc2418db2353b7c97a260d,751465113.7623334
4565bcc95c54bf0c8d376eb0,643454083.6055675
5fc559104e0ba1112ce00f5d,655128670.7207144
74fdeb4c56b29662f13aa8ca,706165400.3590007
fbaf74ce4c2c6e88950d3fdb,706012547.6861563
5de0f045039122af0052c544,603723934.2757182
e18337bbdfb106a3f1739960,635326634.5321966
e1b9ae3e0ce3da16f18e1079,668802229.8463551
a57435d71ccc5f032baee302,549627487.1449729
fc5e8e45dd0a338ab5835428,624720660.1823192
918bec54bd7587daafff66e9,622343496.2478693
86137b9624049333f7e0315a,673891873.5825711
0fca6767d8f442da1f8bc6d2,510825172.0792838
3ea5478270517f299b20bd06,650957626.8712385
dfff73eccd591bb26453eec5,619050093.9235134
e2dad5c148ecc797018439b3,724288092.3091255
b5a62d480bc544f891fd8521,661384637.3783492
cb09a84a1d7b929607d01ee5,648177576.0244322
af067a8546e1177eefe24916,632951867.0911437
d6f9abcb58befa3d05373a72,686541280.3551296
ec2f16aabd36fd9ee2203276,777264789.1239572
dcafab7adc7b763bb934496b,760236891.3319176
ede43dcb1715b959ba34a37d,612143297.6956168
40dd67aeb6e9979211c9345d,565200210.0609163
31f630c44db4be5360a57640,652710241.6498623
ee8651631861c1b94283a953,921047176.2096604
b7d245742eef110adc91b5fa,723031592.8218795
ffc49242bb0edf3e22076501,704550842.2138716
5c5963c17bafef1a1bfd5e03,906674532.6180236
6c589b7e6a3cfad34e98bd87,1240720030.3061228
71ab3644da08b8cb0a0b34b3,725693454.3594226
aa668782ae5d0c16e57193fe,747440071.8389282
46673c69814a0b3f25818dee,879865165.7178814
b2a417a8d2440f9124fd2ee8,685047775.6611692
3e0ccd899ad73579898fe73c,999303637.2452799
e6f2c7d7317fd433e26878e4,893657842.1872905
2d91b3a8c62b890fd246183c,1003225546.0476143
fa653848d69ce620a41a73ac,845835277.0943063
3b6c94e3e3684eac73b3e7f6,1339812393.2060432
a6a07d35b3834bc6f81beb6d,920931425.9784455
a39617b7adfeb6ae7d5ee5f0,987781728.4026692
95e5e774dac6f0159e8afc0d,603064626.4908143
995362e3fea8e54538ac135c,538065627.6247587
42525c57e13abbfafe9bb395,1054678565.990191
1ae6fd60628e7d186a5e0174,506688315.8594439
082293a465231208059c5d53,477654679.2702654
732615f6d1526ec9bd519eda,545340486.9908649
99e9c4f8fd7fb7929da10a20,506551952.8056231
1a75e436fc23e7f48e639b9c,457868006.0924306
54cdeb67ca9ea56205e4e533,738598884.9871432
c412ab869616d6576cbb8309,653632465.3588487
b17840ce59c9d9619b46534d,508909334.3756505
a14f071d8e5c338d9ebed23c,382773433.6872946
84d8504f0e860b0760c3592d,552383104.5390005
a3d03a25f84f4d50d2a308b0,680523354.592806
bcdcce01d86d648c4502d42f,512552952.8495013
33379968a83c8a90c23e77dc,482186443.42558587
ecc36a3a4610829ee3f88993,406072134.94830114
f4eca80958b7a22922b0efa1,404587864.2928585
3b4ce006ef95420847da20b9,402371624.5299308
4fb644a95cc04f7bc6cda786,391471201.97477955
f8fad48343ee5134dbae918f,391471201.97477955
6e8e08e09da8dc598b8a8b2b,406072134.94830114
56ff1f7e81fda0c8491c354d,404587864.2928585
444f102b4d54503044154ff5,402371624.5299308
e0eae2174807cc7ada38c726,531138960.0713167
afde90f91b01b0282bb94335,522574613.7509331
1d35c364daa0f021ef263c60,426594662.00817865
8c47395a28f8177923d7b75b,383365932.7866729
98c98982020ba42198aeb45d,594555768.9538213
ff424474d2d10a2c2a1c1892,655111538.0028882
971a322e9087b67650689ea0,868362253.5212451
45a7517c4d29f5bc7787dedf,604835715.8137466
74a51274abc8358d628ecfe4,659612646.9397173
11dc32d92ac579720303c019,579336581.6085583
4c25d939eb3ec218403dc4ce,580793077.7404823
55597a7b8637f24198415ed8,685400951.9255673
eb7173223a27076d16b87f33,586997147.5031096
709d17b62bc95253601f243c,735701462.2700778
fdcf0e439ae8b2ff5730680d,625739069.5846102
2524e62e917e8a1aec5c9c26,637957766.8143038
ba601c13d20602c988d57246,628584580.1518188
397a7d1cfb809e34797f2bb4,667188810.4121667
b54d3ce25f3f03cf3fa0127f,480476783.7906938
d51bcf03d649839ca803c357,502819918.13221246
e9fac47a0f02f27abc96d568,770126863.1750611
a52bd93aa6b0d965914f1101,627681547.7769527
16601a92574531c1fd57a359,585145580.9542056
0e64230b70f4a227b444115e,704233043.546162
ba2118c330e19baf4f3ecf94,691410124.4945418
055e29f236bb61603d4ce9eb,819023048.8083547
7c5c0f2d9a0e355069fe1c64,764167220.8157574
e781547cf6f8cb4ec0742b5c,597062996.2169579
8caab74ced535ec5e75acdfd,600656360.839592
9d64345229b60ad1853d94ce,489672045.92650074
d128186867f91603af4fa481,637276099.9300351
f8fb6d1b0dafc28920393dab,643726010.7785248
33b92225cef255b0e4b4edf9,600090822.5788205
7eb78d4dea434674a230caa6,636956253.1165739
833bd3c8ef9d4da2f304a94a,853029395.3074192
331f0957d55d7f03df7fdc4b,823648358.1091257
cee124f4b9031f59c4fbef47,833770030.2663914
8a9663cb622a55f2a1a8e3b4,909407216.6173755
25d4a0ec9301ba5d53deb780,499455297.0018033
38d4b1837c595b6d9a23e994,846092515.1426874
a21923caba05da05449d60f6,671203922.8465784
63cff4b5ebb2b6528ad34cd6,733610455.9989138
948c392520e1cb3a030ce86c,917173750.6217058
b2e7fd7bcd93309664cd225e,816774365.8185588
9d6be7123f2c6e610971374e,1037618323.1721377
3676e34e4824101f3fd9aa2c,591112379.45079
f849ad486e84a82190675b89,586984320.9205321
2fb8b2990751692b8ef1ab6e,615658871.5589284
5155f70c7f8978e487e71479,759043948.6491522
4f076c220dad47bd9bf248a6,719223818.6245053
480041bbef3a540df2a36ea2,834370033.4569526
4ca66e564ed478d06c471357,864001845.9282469
454e4126257189bcce9b681b,908024425.7663413
10ce9c7a0a58aad19778e5f2,906989976.9585582
dfe8e2542755d41d920e28b8,582541942.3715067
5115b0da9c95559dcee9e58d,1027803647.965162
8a0053376ffdc75d0bdde77a,807549086.0400523
5688288ee38f1a69894ac77a,586311618.5996747
1fe514ada76363511cc79105,699986741.4841781
885a312d9a5bfa8a8db5279a,491076786.6114864
c716d4dfb5a3c2e1120bd84f,585135555.2021286
689aafdc12fd1610c2393a6c,695065906.080662
c0c4ecc8d3aefc53c4c06a38,699533116.6386977
30091c32a5046d563597bbf4,444950103.8584483
2e58c9b6fbe9c57c83bc0aed,622555173.2802472
3f7c5d8304fc650bf97247ee,507458925.650287
56334a9db3ccc24faf138edf,481122722.5358655
6d0680692396c07afc1a260c,585257994.1929414
9e07dd563b6ff4572f5d9031,752789064.6766577
1278c9fd86258bcb435e7127,635571995.5046774
acf0f98cd8f8c8ce06f30ab9,1030558433.0130047
5e3785bd517f4faa2bcf43d6,757213102.7021188
cfc61dd41ee5f5dcb76bacfc,485669393.04947305
2f171883b97d9c02b90f93a9,362661943.79775214
46aa67b5e0abe39dae442d76,362661943.79775214
50cb49d65d04a5d166f96e3c,441837994.5966818
06c1673c4a7444e7aa80abb7,449059492.8923818
53881f29c7a6bef0ab537466,451435103.64447296
2b028932adc74c961170a4ce,583742677.3699685
f3a1bbe01d265470a2d7332a,521262453.5397301
b42d5b5b38686929eadd56d9,734611552.8297141
bafc63f23f097c24d36c76fd,715802407.0203723
f164514211012e3a1686b148,547811033.104965
82b90288bffe8c1c0b5a1259,617212133.0039299
2fe64bad1bc8a43fedfe0700,686832852.2789282
da5b958667b31f4f9a1d84a9,603685910.6516947
b3bc9a04a3ebc1b911326735,742768429.9962834
9ff3acb07666d53f00d1f1db,711450073.3848523
13a44ce5066ce00846b59ae3,745117972.225566
bb45c98dbab56e5abe20ac0d,819328601.5589812
f88bade1cb7ee0fa643f31ad,733659774.6528395
e9ab6916a79b4d5182d33bf5,741652695.8606164
144162ecfcba71bf09048dae,617027848.8601122
19466034c2ce19c24a179fe6,594894668.3257035
3787f6da3e961c0e10d30e6d,896468375.3371489
908330b0d2651093c0bb6719,755863625.8081555
66b7baef9c6c3c7ad24636e1,883916779.348373
69cb0f3d422c2c78373c2e0c,1005360665.3570696
1e866483995b30ec7f79d9e8,683282022.37890625
866f2a55f42cf30c4105631b,683282022.37890625
fede7e1a7a6f23338af6f40e,767320645.1640592
7447156f2967391975d335f0,594894668.3257035
08451af5a81fd6a63c4012cd,619878429.264991
f63608198bfcc858abe1ab0a,792304969.7154512
e9a0dff7ae48bd3fa2ecfcfc,750240699.0532888
cc97f62e2fb9d3e31ef1c00f,698282471.6904618
ed40f198ace8a4405cce7a1a,834254404.147597
bf17b59bf2ac2d06894bd786,1147473803.7773292
e118b149654cca1c0b3a58a2,921291738.9075476
7f9bdd2157f6c3d488c77ddf,1055777105.9381722
9350225547486ad75c0b5ab3,907222035.1485035
d1166776fca47427c77fa8e1,886672375.4298235
f719b387fac4f688b57dc646,1048632755.6513647
6ce8991a39ec7b9883f85000,1053169364.3956096
353743db4334fee80ac08d0b,1096768804.4922276
372a3934e8179422b5cf5729,913104240.265722
81516aa72c98ded9223db098,976752259.9220892
9e80db4c35139bbb18775644,1004261549.2888827
12ed2c22a923c840ef616a3c,946899967.0201509
7bc57b136bcec053cbd073f3,1151653654.165044
77a06084509952c6cfe8f501,528947664.90428215
73578b4214e2eca83b1e70ac,606452537.033458
527e571030a7d8fbbf1a41c4,605041757.5747882
961baf163a07179bceba67a2,731036027.8007127
76b41682fa6953a3b20d3f27,685370518.6233718
cceb25e83ecf22252aa92d2e,736599917.1865406
210ff5d4404ee8578a5ecf9f,646214094.9104998
398274b1c46fd88151420c6e,441712545.40567106
5b328b80dd844db2e946302b,350339036.83512604
4195fdfe50e42e9981fa2f4f,692743086.429348
2d4031f171f965d7dbce0ef6,576794452.6623361
fc1b713d5605b0030421d5a2,697603123.6608331
cf6092df1f22a7c4b8ff9d50,709797799.3336978
8dbdd7c8971a514eb7cb4d3f,635465888.2754798
c197faa8bdbd51c075a6d3bc,706820383.6767216
1985a2a5c3b2b0c7eca22afe,638397671.424206
92a1a8b617b6d2c3669167a6,590504875.86628
2a330fdcebb247d6a6fdea23,697014100.7871084
c3dd975d0aed59a65a784e47,704232507.6419711
608a2339d558a6cea9478756,597118769.234138
c0ccf6d535d1316e37e1024e,697265637.1005013
229a7640d41a8b8d6d2f8f83,746322765.5891703
e3950ce025371da2b4ad9db6,730058041.872584
a7e41393473834db30f2c1da,968841197.3644025
7dcd1597e11f83093cbfd7a5,831644326.5564367
71235a69058912dec1d355a0,1212154205.8074424
349602317da0e456d88fe24f,958418001.2271928
ddccad3e5a4eaf791ce3a7c9,642296784.9480726
776d7d1326576f07762ab3c7,659005398.9958378
1b88c06bb3c1bc2bb39d1b86,678741206.8805909
1c5c4f4c731545aa3388c554,606678388.5643221
aaa67089a753d255215c15be,621765105.0280249
d6d5717a4b7e2edaef162b6a,466153264.76118624
0ba20e953e8e76add161cd6c,343871529.8221729
13c39860029403ea94b5439a,933378435.638137
d5436eeef04e1a8e51a38912,457494045.63021505
21f00ad1214253dd5bb97817,1107091051.781021
5a3119efc021fd0f102ab958,447000009.5822643
331c515e7f0dbb4460810999,615894483.9464741
9e360588b18cb15aec3b6609,568977844.3303384
a7cc7d2ceedf4d69664dc734,430587888.46967477
4e78cffaea2008f3919ba0ae,437353585.35598016
452e0518f7164287e47e6354,554191935.3969022
74286242739391c4eaecefbe,522803658.45150566
df06b65985649c7107b794a4,482485912.8019329
b6a21387674a509514fa5518,804563492.7357426
6752fcf8f1af18d61124e32c,609519768.2313335
a7e40088cf53acfc65f4b3f5,1044355483.7566854
61b9307a25be3119effbd0d2,336893877.86743337
3061729865dd2d68858600b1,430525290.9818643
ad38d5660b6f1eef23b76039,505506147.3799216
1d493f3954b15e84c41afc82,409058723.5693531
57744cb947a923584fc6bcc4,459935431.6361234
16f60cac352cc0d668d226d0,516890279.55170685
accf7bdeeff29ec7a209c509,307317664.6403691
a694b9ab05641a6325764e63,571343015.392553
bdeddd3f84cb0ffdd1fc27bd,541447784.2448378
de9ab30042562789601833f6,580879490.4526525
1a95522f43288e32addff2ba,569879068.1099011
3cc722d5c764ac261611c2b0,568110061.1911314
aba85a8a7ea2def1fdd18587,465065015.5455013
b272c1025cf5c1e1df47042c,511749679.29645896
5c449356b8b2d7e0928cce59,597156820.3227957
a56d3b5bc13c9849cf676750,580548210.3340964
942c934c0d41ab822d60c795,502467229.5220505
b0fe09d086490092f1690fc2,525281280.55109453
7abc8a11d3d6c905de3f567e,576330767.891233
16716773b2a43df0332622bb,554077282.6849934
98fdd3fc6c9447d0f05eb1c0,516393555.548134
a59f39373ee368259b441de6,523049034.6614309
cb778195c5d61a7c4185424c,805707147.9187286
c0277899d5f185cc78fc4a79,658126174.8187852
44effc9574c74ea4ad98ede4,587704805.9565138
e2d00e4fd93a02ea81895355,589414072.4743353
ab405cd390c0681c3c67836e,593219836.7001758
86db204f7ef6e0e0e6687246,636591688.5264108
97b791fd94b2339ba115a75a,660271244.0002823
3897d9b5fe3a0cfaed7c18a6,667910791.1431069
ce206b82f2de3793156baadd,690098804.6144905
2c924b9d45667f7168bae6ee,648935774.3984977
358eb586d9649d20dca9bfcd,639736718.6552104
71b1fe15c5bffb750c99f648,582437361.561171
eca500b92ff96f10ccd45e54,655370626.4631855
7b63445c5e1ce95bd12c31ee,614243354.6152194
97d64459dfb368b1f6067ab2,625677115.0391567
1b09874d5a3e4c9e0d544198,734879409.0561928
54fb79bb019bfd10e5481ec9,711106576.6163559
b3b63d292523ce0a925b871c,620145945.6952801
09759befd8899fc1e359935f,708056097.8394643
62e0110b1c8dda16cc7da89c,625135665.919942
d98ba43504fb49a4f0bd9c05,767775165.9346113
48815b454dfb64fe60e2cde4,556066387.1056659
40a65310ce666e80a9611d4c,750066284.0133089
a8c5674b5d110d99a1e097af,787768360.498123
ee9e7dcede0ffc20442b4407,862711481.0323223
9e858250fcb7320b65bed9c7,726928555.7577926
bc76b078832a3a81b6d637f8,776037312.533653
b06d3ee14ccf3d46fe2431fb,697704475.6764066
87332a7e03cb851342667b98,767811850.9573908
faa37a79a1d72e4b8b0c80a6,767811850.9573908
0821109831351eb2501e362b,878775926.8234826
8d01d6561223272181235c69,611451647.7427405
a0f1c94cd34fcba92f59a59a,595976647.2452556
f6a5c88d1bca87c1e89d8084,867570224.4688332
55118881731616058c929b1a,705660122.3692335
bed1fbafde11c156b655e04f,806484316.6925573
819d2a7c3330480b7217577d,745084348.6211982
e1967b56ab8ecd035bf39534,729082565.9016517
08d0615cff29645ee70e20e9,844554855.5778466
2e8af16a155fe18c8c6730a2,835352467.5883932
882e8e77fa1a71288f6b61cf,859801086.3064407
7930bb0822caea5f6451bfa6,961663615.8242536
993a18ae04d78d374f854262,1127293372.7481132
e5527bb25c85988e00da339d,977148217.1869622
07bd45129563bd2fd974deeb,551732433.5324783
83727953ecffc17bed632d94,489025427.0324575
2e2d3f42f4f8369733b3bcb9,596428771.8038263
3b23a71bf40e800a66bdeab2,500833681.32776165
894f346e0ad39c57fc0f369f,701499487.6469775
d1fcd31555048d043cf084be,483760097.1576994
8d48f73816b248d1166a09db,618534353.1377999
32d5a20c542a8194a6aae965,521980382.9576742
53870de54350a8cd7c13f014,523044906.7428512
31cdb68dc6476128c4bb2f5c,690116585.1781214
4be6d93d8ae1375156444f05,531296860.61442524
33a7f6aebc3e2d480d287199,654447510.0168054
e1e188d3f9940f9dad98488c,650713517.0528982
76167f6ca3d2c404104b77fd,610341039.5795537
9297c340db8a74e10dbba148,978057431.971715
0e001ee8f27e1a2fffaa0225,843169724.1388932
ae3868ac8c44128b8a955829,591814164.5654067
bcbd20cfc50e2f032b174b56,343205292.1505254
253560c855216bd9eb102595,403882532.05973554
c9c769e7ccc99016f61269d0,483159625.0801098
7c07ba1982289ca3abcbece3,567664015.1504308
c5c024d11b3ebb2cd088bf6a,958360111.9180052
f0a8fb06fcdf8997bcdcb03d,561961767.2294656
806f9ab2a016e774689ce2b9,391202009.0557347
4491bda913188aad3c66ef20,553120744.7250477
0c37c0d27631960f9e0fda1d,666552932.6751
b50b45bda0905a116f238c1d,436554437.12771815
f0f8e755058d48542b9cc4e3,883066332.243028
b3005057f48c1794b7974f4f,491158799.55200946
e1e5b0bd721a67318a3848ed,378873028.15329844
d96155b72c02bfa04f7ea98f,522094632.2957137
3825ce5030d951ef0fc2f7c5,524544733.0179206
99587dcb4237fe90acb15b5e,504100792.76570493
452ae373210337b8008ea2a3,1007641641.1600865
09ae7df5577582ce7e7b0aa7,887313205.3596573
b98967876009fab4290736f1,599273585.457493
24a4a43ae4c687bda1066227,1003973244.68946
c509f2036a11b7132c633d2a,897625880.6953408
bda914dbacd42b2b7c6c5179,710455482.6095212
5a681060eeb2fc8f1b3261da,471639125.07522535
016bb199b12846ccb0b03191,666978404.0537711
ba94676bc0385678ce3780a3,702697158.2040399
b2183e5bca67574df7d5985b,370169228.6224042
baae43ea29f7e419bbecf998,423530901.46949327
ff1a7adf260e637bf316812f,412697880.69766456
8e56b5dbc4cf628ac12e5bef,1005564937.2160267
c8941b8d7626f7b33628158f,1255272095.501484
d504ed869ece1b1d6e724452,387233374.6493048
1acb5576ccae1f0534f614df,489508488.5739774
ff228869121d053ca7bbe431,694107030.5126725
ee4dea05e93581750d613c59,523581807.7386691
5d507cdfb7c233cf96dc6a83,844922507.0585642
faae4324336f1211ce4c7809,529713221.65770453
9a8e471c8f4488c3799483ba,541711636.4754648
d040e15e50d655f4d19bff54,306302383.4573314
efc7e89ddf3de559154d8e0c,809668606.1973952
e91598736dbb7319952f0dfc,582519269.9374131
4046ebeeb7ab85affcfe337c,907664724.9727798
d12059af22bc7d6ff170430f,1043110386.2628281
99d39d72083d7485e8944a3e,425188608.02394795
b9ab2dcd8d1855e4bdd540c4,706170173.993704
97106114a8d353ffebbd07b7,788288531.171033
d5c950db90c92be5fe753189,662675550.1576586
119833a13f3f7df22d2b270a,429521269.0760656
b2078743e33e1acc49c2d2ca,631990989.1810064
fb9371f86ca6f4e62ae374c3,511999117.7401034
6a39a747417143f0cd24f3bd,870568982.8881027
7bc0c9e2760e4b1488522768,860658910.8655885
3898683e5d24bab9eea24d30,649472951.8051541
be0e466ca7d6942282c8626d,631500940.2913867
2d65980024ded46854c25260,946836055.4949483
87aa28825a5b8ffbac5f2e2f,506908181.892027
918b0d900ead8267aab4cdf7,518250354.59308785
0c85506b301862fb58b467cb,603762844.5616806
4bd031478b15017efd41b2bf,706087601.8410757
48bee96c1f65b8e283d67483,498403069.7409551
7618cb8d215425c931f47886,488502439.3685561
a7a219e7cd18f3c4b83649e0,427716061.63185656
9d3f5b59b9735da05588b3d5,440916448.65618664
6ac5f5f52cfeed2f0ac9d018,545310982.41366
d885902c923752eab7b619e5,448982089.13123065
b183e2562cc4816244ce0e1e,575961288.7681624
88622b66e6c47cc62c3824c1,564832388.8398181
01230eede2a4a74ec4ee5105,681390896.6233917
060451a9e3e0416ff41d253d,586117304.8641597
3ca0e7723afebbf53e390297,790976594.1393362
e2ecbfaacf11ed16fd71abcd,477088521.2400075
1f0d83013ea5e4c3f4beb583,648165867.8478692
450c4eff7e37a271fc24ce3b,504090562.850128
a70d331be751cdc3bd0aab29,376193555.3377576
41ac76d4fa450fe0c377a0e5,419463351.415955
2ef8a530db816223dcf474a1,662637674.0391728
d09c1af87ddad4ad11b82626,441717921.71622986
35b1cd8020e7efbb9ba5adde,665013213.1843596
6714f846f2fa3527641ad96c,643450650.0998713
4cd5338bcf246ebf263baa35,534625661.3042433
0878a639ab8e6b6e69a3df41,629749025.17223
f4c118396d781c140d8c9b08,463061053.84342146
27151512d4b592014137ac1f,727698293.4784718
8e5123f5ef1da66571ccb600,913438684.9153703
c491a13a87fa1ef595b35826,605036853.2247266
52d6c4bcb442eebdab338116,902092569.9072945
e23d93ade25e73614d7bcd77,933611088.0061653
43059ceabe98412315566838,2304604288.576544
93b7fc7c4f07a7f117e687a4,508539098.5294647
09caddf25db3ac8e1a98565b,789417178.2882568
e3034ebf243b024cbef83cc9,644529295.0484167
63cc884a9c5c888de176461a,662275045.9149344
069fb1f8d0f06ac2fee87314,692387102.9028269
059aaea3859c4b9662ab4df8,443347318.96794385
148b157ece514d99be0a7f93,326436888.0760416
9c4f397c093dde7de5d485cb,498338658.0081945
e28d8dac5c1c75d295a9eb3f,443347318.96794385
a804849802cc0820d25f955b,443347318.96794385
fc43df7f26644fa464ecb090,416851481.7304065
608b26adceba64d9ebc5486d,443347318.96794385
be8bbf40db0dde8ed4cf338c,443347318.96794385
d255f73d4066fe559065266f,439762843.7091532
c552cfa8e6b8c8be2c963ae8,481642543.005288
5ee020d4adc767b3b16fffdb,612693860.623606
2a01945c2ce528c02b391c61,485865366.76092494
dd7ee555ce0b2d58dbd8a9ea,487048255.0248067
a732aefa7ea4715325e9e80e,383070792.66276175
c6faa40acaccc1603c29df96,416851481.7304065
fd8caba10cd4d1df27605358,351128228.3072061
788c49c17df556bce0abf6ce,571969857.5601504
2d0d803cdbeaec6e2626eebb,494118780.32066447
0872074f7bd512dbd4609c85,479419232.2236454
3f97341f90b11e6a7a7f7c2c,590193380.5575045
2bfa301ea435f929e6c0d1ba,612304794.0421559
1d029020622a600aad4c2991,524768976.18468803
8a100bd7f5da66664a2680e8,595099173.58064425
1441a28c376a20c90d72cfac,507488597.4207076
495eeef459e80680720a0ec8,622591730.1979316
df81d07cc6e8fb0a01c0f404,538552752.9115914
e23ae41983b9f112f05bb703,557882881.5081425
a2ba273b099221390bee92a9,513918837.06798685
63dfd58a5c43cc7c0a468209,489089508.7523625
27aa789e29e52ef8d78b9bf5,667344895.8400879
fbd613ac06b6bf20d76822db,634189787.1418009
2a805135d8030b614d9df9aa,565993268.7544619
22c9b57a67cbef0920d09174,522841056.3945768
fb76da6072bea5801e407990,470544756.4744335
9050b1061469970ce28742a7,508517504.91809946
96f5db1dd0f36d1087172fcf,595106047.6990123
38cccc333e2c38bd608e1880,538585315.6289927
efede59a47d17737f90f4bcb,667204863.4775876
bca5301e6460eb859b7ef34a,514821948.17253774
a23a13e43f3e08ab82c6ef82,536072744.4123731
8437a42a8e7ebca46eb088cd,379394451.3753352
6e3cbc252c449fd4b758b97b,529858744.71869797
6cc6b0672aaccb8909f3a751,498339701.1854716
c60c2efec3c12959d86fe3c8,446158008.6362489
d0e45d520227ef8a1f53ba28,513223563.34218305
e45293f1e6ceb2fe79f6e0d5,493905237.28660345
4202dc3f8255586e1ccfff46,576112121.4768242
1d04d5450762d664fcfab674,538218208.1697546
a3f969063f78dbd95e6ee795,461803632.0101229
2e3fc1d628f6727880d3d4e6,546672369.649715
22ea31eadbd3a54216443137,489089508.7523625
6490a1eff73727bf62458b0c,603058516.3177246
49721aafec7123f6ff4d8010,467154678.9903378
bce608b4629b6c8512ea2fde,550880498.5575172
a7ba3ccc4831ae7e539f0cfa,505092660.77204186
959b2293af0ee4f7c9fea7c0,542530921.7357337
bbbf74a3abf9cd8718384a65,628492725.3253168
680a71ef7ec15bd919c06320,612909098.1464906
0bcdef6d56052acd2afad93d,562808303.9766175
1bb885a07f57936b919629b9,595463322.8592353
8a222af682e2d7796643ccf7,546530255.4369745
3370a48ec22302456c41ded9,628492725.3253168
46fb04e7578da5741f6da4b8,516288376.7177341
e9da7f2549d914aab6a30e10,568596136.936337
10d0506d84d778da572ec635,562548264.0400145
966e8fc9af08e76f8b276245,598723609.307305
0da2a849e0f83b17b006e50b,591211557.1650771
f7101a05db93cbefd6a3b31f,551402384.4048978
b74fd7f7db38ec233c6ad71f,619113025.9133247
0d63e52a47fa884e36f10810,509262727.17847854
77fa49bcb52539888d481ab1,516063440.4327242
6f412fbb33519fdd31e741c4,547836572.5496329
6615da422a3864d415b28fe9,574484098.1143875
f258fdece395f0c4f4da6a96,717206794.2068363
c54c645c340f59dd5f47bea4,486581453.76934624
bdd287e9de82903f210878d6,559856236.0158325
e110abe74ba0ad062c9b575f,525720118.7372345
47e5ea8cb7f5ab6703803690,560748454.8186437
e71c6f7437c633e2d9da643e,602722896.4370892
783161faf2e3501c38c0aaaa,533443718.5424584
5fc3de15eb0cd87be5ed2e6f,512740341.48637277
4066155e224520530ce985eb,580270583.6530702
7745863791b5cc6d49f84c8b,539906775.2400337
aa7551be1b8d6278d38fbb00,596233713.4213816
d654c9bbda61c4c0ee1ae2cc,514449251.59608394
d224080523a2bf2e81698d15,513116705.2631678
5f8d0a2ab1f9136de446528a,503084515.50504595
405fec98d5a3c8981173311c,615814365.7149973
2a9e77fd00aaaf773d130914,481267299.4373032
279b76adc4bc9f8dd86759b1,491153269.99962306
f815ec1a63e980717c9c3290,507186897.4822348
a8fc825e34bd9bd56ec5331f,552346537.4915658
248ed6abe6e528dedde951a3,650854331.1269189
2bce6544d58b6970192a1838,546881216.2919909
352a76b301243d22d1b31f79,530990690.9877134
bb9991da696d6e1f13a32d0f,484983254.3978228
8e88e6cc55ca769e472aadfe,507726449.9204589
339ca7bc687766f517ab3274,508754014.2413783
93375efb2e74f4913d21d94f,507943656.7225449
17d7e6d321bb7394546e6b7b,406458905.9163272
0f601f5ee798174ea9d52caf,509228131.55343574
8ec8cac469f2448654312aaf,778689168.7886921
affb62139f02e524692ebc5b,541473565.3725646
c01199a4b2fbf0f6cbdf2a65,616750705.8682
4d1f49443787c874ba19f968,588182275.4627434
035c61042b7dbc7ef888d1a7,686720520.4141829
0fc7d98f75bc1c0b782a328e,688877334.111493
b1924a5697dfe829b5b8ad76,581609369.0888652
d0100c18dba3c334327b29e1,601161314.49453
add1a20e8bba47aad2edec69,596999535.3052869
fe8a78de9ba7b59a112e0046,626146840.3496108
b319d049a3a8e4a095940106,625145816.0534215
303dc73dc1130de9aa2f70f3,553075764.8776691
e471b2ef30c388893119a010,656774984.8742484
9309d812688d0d2bdd33d830,581885974.863338
fdb192e57e3e48f70a492b87,539769459.2062218
c514c9a35632e5a9c0476a31,724257159.9742516
3bee8a9981a1e9e13a05cafd,600854048.4322798
9c942287410db3d0739e182e,667126871.7488933
f59b9c03bcd4e0e06d23fb47,669352575.3607166
4c11f4ebc622483532c24a06,610487676.3398442
1f53612f7029a21e2e9f74e1,692970879.9816203
1f4b6eaf52fb940e666c1c93,650880800.2138293
dc65f0bafddf39c6c4b2c9f2,774094100.7989935
344823ba2777540ffa2a8fbc,734617538.5008146
8cef9b18f20e9c5a32e7ccc9,636432027.9670726
413d6e4fb772beff60f73e2b,608557909.5007778
15d3ae51558bfeef80b9e97b,656532558.4893292
b81c26f2ea6b66c8315d1146,608867307.6120989
c3786f81345d39fd8b353da3,719666308.0711476
6c568d2287dcf12b2aacd388,693438541.521863
e6482f3b6184515453d16bf2,663176229.6114928
32c7b848ef60432d98f415c5,643387689.6374424
1689c3e3982382e27a4ae074,595738554.4704639
3d0cc51b7a2392f3be3b1666,592362021.0382543
1dbec7879e793ba9685741b4,604292695.4995701
82ff2a63a863c089ea90bb5d,734393402.9884382
3d9856c3ee0a4b5a833c69ab,720006302.7838618
6f293451319bae38c71b8266,653124942.3567314
dfc817b569fd71d2dd47e980,806913430.4155054
c34d46d83e76f54d53cadcb2,577292582.9822304
e08ed8c82d05dc3cad8cd2c1,668720487.7753713
e21f2a8d9c641e45d442686a,690483395.7639205
f1793973b462cdbffb1ad648,621356405.9129889
b15bcd6248958d98867ea585,593275472.551518
e640424f3b7d1db403c36ba0,699666213.0968374
658c0b009a09339a3f312145,677465501.4831914
f01fa45466e2730f935a4128,610021843.8504739
b4d69c7bc93efb3790eb1422,692803171.7789133
c2242a77d30c0abbed667ce4,646932787.7238537
39542105a7c46ded0cc373a7,784587255.8225304
13f42390057bd294cd787822,677915353.1739154
183d99d88d1e7d995180918c,753481960.7974684
60dd7dc49139e7816dd8b143,655794805.1560403
6d2ec752890a2f1c4094044d,564041046.1855582
0e776964ba3733f3ac18a7a0,651570459.908639
92369f73435d1ac3fa95f185,622645524.1569282
8db285eda04ca37b86dc9724,635969276.6814324
a7b14faa46e7b73ee4e95ee6,636624245.8453913
010e676743f6afc01fd0838b,659778615.4436123
987199d3a23c08ca887b301d,656719449.6469779
4fd8643e1c43ce9a0c18a19e,615040788.6484354
4d0985935e1432b3916d45be,723126189.8628817
4623317e8c9044e314ccc4e8,618947722.5033464
ef8430c4d15e5887b8103bc3,618799403.5058458
cd6ecb0f77acd93cc1c9038e,649552305.3351432
b0962bfdb6a2c79a0ca84e48,783398137.360171
7bf592c5c34bfe6a5df3dd40,753573845.1457227
9337becb0628955b47e45b98,618799403.5058458
9ed0bcdb62b2223d716d40d3,660670322.8575865
4255eae670033d9c9e9a6e3c,616641429.7407941
c5346c37454ac2b13b92240e,707840127.2872515
94fd4bb5f41087921ca12b58,717803857.3243041
ded674ba9c7b76cda404bac6,593780331.8027099
ce25e9fd3bce9b75050aef5d,704892151.360358
4e7d3cbe3c62123fa7e2d969,670081161.0081528
dcf5b42ecb23800a458562e9,770205145.7551931
0d53bfcecf0397ca27e5f78c,735543550.8895296
f4ecb15ef992a677e8b4fee7,582726669.7139773
46eeb8f186f86f7859274d4d,694123425.8855433
b5a7d4288dc7a7868678b9e4,570136663.5916091
34f99327fe595ba6e32d89a1,648806432.3139672
9a53016fdce3d3b5c2baf3fa,660852816.4894724
26be10d0ce8b763e9b457e76,772123641.7030606
2e111ff939191cc6df2c59bd,570279706.4923832
ddcce0b9776593e3ef3ce21b,506185741.03965026
937c0b6350beb0f51e53ff8c,626197502.779595
f50941445773dd62e87e0416,656774984.8742484
93a1aefcc4ccafe4866bfc76,621478920.5952656
70c0a72b31dbc1b97c102c13,634948452.8003905
8aa9e1e89993aa49c5c3eced,606731749.7805741
2a5ecebe40fc09b45d6ee5fc,621515995.8364954
5f798656baebb094a3c83793,769496921.5433615
596b6f435f76058493a16cd6,891764447.2121155
1c510a71734e955f75187106,694335750.4026668
07de14db9dcc2d4f9eac0dd2,920439702.607323
29503210dfd57bfef8f16802,751645243.9510751
89575a90c7b9b960c8f4e052,699869601.3018154
bb5a6045d18e19613325dffd,736684818.3939619
f984d34c8f27e3cdb7c2a44a,697250827.1931534
90822d4e3a369948cdc4d998,780704635.9567872
5b9a21a42d5f50ed4b10581c,753813590.0934981
1be01d052c6a65c5ed286bf4,773594398.5392078
b73d317e1e8ddc3d5d0743ef,746721513.8074695
bcd302e3b5342ecd8cc056bd,768965550.6745006
eb8956f0c4a885619bf1ff79,652966615.4271876
d5b950c5510c19ccb926e7c8,925134254.5036435
1e37ea0918a00bcfaded3453,805128990.2252703
1d55f4694f3e000ee3ce47b3,932438974.4473529
cdc3e114698984145df842c7,794232224.9276127
9c611e246a612ac6906abe8e,855011843.175669
c0c820463dfec602a6118ed6,710651092.1333457
6302d4fff078a118c3211794,747405815.9963834
c98807fc596bb2f505b4da9b,731558426.5816683
cdde8657b5a215915a04126d,823434784.1678147
3b2fa7905fd8fcb3e11ebcf2,710651092.1333457
59764968800501c68631aea3,733910460.1315554
9eab02171cb5f15963670172,754763778.7449322
61f84e5a07f37865c31d4a07,724943940.2487947
1494f223c9d3ffba26e42738,1040725918.4016639
ba137cbd10757ad20e5991c4,742981009.2781932
d2fb81a477ef3690cb11c93f,905561996.2249559
ec4f7794cb756b995d5d207f,788094564.4818207
ea4add08aa912717cd42f9f7,936407034.6397843
f11d7627e2f18c9a75595501,904608503.1504203
8095589d5e1a55a76281e13b,738998622.896326
f5add08cb615eb18b3153bf2,748868686.7918819
1894346a27970572aa703cd2,741286566.1747708
805a491334f865f06ff42329,845929349.4590317
062d5544f5c96db90fa3a526,943095507.2916688
332201e2583141f3a02dcca4,767359107.303851
4baf1bfced8e85013eca94b9,710651092.1333457
8bc002e1f02beb4d83a6f6ae,769893391.5881689
adebafcf3eb0d34ae31718ef,979119089.4622409
60b5b0aa0c1319557cd0cc85,1143325532.406713
3393fece8a6ed311ad865e66,860918445.0239413
df4a1968046eed5326119599,1058639498.0765363
b044b9a587b2c6ca00447177,889559724.8557142
005ab848b35907e42aa0f4f2,1005866907.7962145
140a0002732574ecc516e9a8,874233319.0657122
bd850d1ccfc4b21a72f3ec44,903982584.5670983
c6dc8c201ce38ff2ea49cd68,911892327.1846925
572ae40f693551547e13a196,1066591157.7807711
b39d1b2637dd8e307c8ba13f,824813701.4146199
2ad02d6d56b95ff3382b53b6,926904596.7307885
5201393754f4a5f2a476ef0e,1348380891.044711
72a66bc6d15390eb05a5c688,1280086536.9499228
1f1f3e47f3593e4b2824e628,608082870.4532938
bb7e14611ea6b5e4abb5b89c,629669585.377567
b82f8abc8001cd6731c4ef45,667983443.3908743
6228854021e72af611d2e59a,571248396.8654573
6d21e1de9c880bfbb17350cd,618908045.1846809
7cfa0c98191ef9b7c45f0520,375571231.12794
a739d80c3fb6b166a2c2182b,530569126.9642523
36f85981124e858c157f83df,558844626.3779371
3d6d51ca99f2747d6b92dd19,612586689.867707
092b7b5bafe25bf485de37a4,574600153.3617492
f2e0163fa07f89820739dfcf,716453429.2318416
ba47346e7a53412e78363ac4,717747657.023824
f86e80b2a831572b85b04e55,507614680.49260515
199a6f7df516a685f086dfa2,418877191.9678347
81f6d6790aca5e9270c3d1a1,412954792.988334
74f099ca0d949c8042569d51,545700540.0333486
4df3717406f9852284576caa,514174505.9333834
5246f7d8023a4c178af6d10c,536934721.0420945
69d9908e13bf7c8ac4c30531,544301941.2129
e336d9d892441c7ad886a98d,576200161.037105
f82e1c70884ee1285e1bc491,464707669.4709553
0ffbcf7d58378c85b4103c7a,522580642.266589
3679e1844a35c0c87fffefeb,482142660.42439985
955a15a734e56eb287555307,562929543.2203968
722f262a44b2bb6fc05ec35a,473640077.02345383
48c346042d9cb826a3714466,567367496.19343
bc4b7bbf5df92f476b6be103,518408119.135167
667685f89a61aa2ad5c9ac7d,517038675.8299255
8be5fca8f4339712c6f3e29e,622086813.1416999
09a5fd22f920267b464e2a00,564035616.0870943
f6d2d31af94a6a73912dd9f5,624402564.4349092
0e9a5ea81f6d91038d8711d9,602226917.0725182
8b2d8edfa6788ddc0c7b3eba,599565878.378275
2f48a73bfcc91272161afd39,667322091.8335831
a78417c74b8c99279912e427,599335551.8705755
4d69f7c7e0e837879abbdf78,565416779.8225412
926a7b18e48cdbf6ac3b396b,595329380.3482783
a06733f7b3ba964c20ae2698,605179524.4157969
02d598a32d864c289e3ba6b0,617292903.1650441
3977cf1326ff502251f78f66,801976014.5232638
c3cdfd0733404ec885eb3edd,680525693.3034278
a28bb09e30bca82627e595c2,767278991.6948264
0a2f8c8ca6094e6626d4e8b1,626387477.7746849
ac9baabfd96d58e376149a7e,843849106.9793497
700a052900adbfa149dd5b6c,723771954.4711632
4b30968cdae59b4ef3298f19,744952862.8056868
c673d94552bc3e451672939f,763829354.6358056
75392e8381e1c891377fcb29,828302976.7573678
a55d7074220aa6a750297c08,808587388.3372018
81eea19e7c12d65d21e23648,719733563.9727391
69df7bc1d82d9723c70eca70,829689408.6675774
815cfcc4d26738f74cbb67ae,682120007.4516153
5ea150753f8d07c71af45cd9,645513375.0195321
f851b02d18e74610a900bf14,902909540.6774179
76b9af8036e38d5d30ac4c7a,1000154549.3693727
4ec5ab39cae4afc3b0e69438,759844977.7916783
c74020c85c9fcb2a2cb3ac74,604669175.0578533
6d6ad5e3ebaba1c11dec0f16,765875829.7595099
acbe4eb98668ff4967a8cb86,553087368.7535619
16a40e3dbfbb9c703e04028e,589903815.6969422
ee5fa0932e098cba28d950b1,642056066.2333648
5f9fa56b99677a489a9966bf,629669585.377567
4045e30cced205e8c5b2373c,415768402.92707705
eb2c7a973d4d6ce8e6ae87a0,691331495.0000328
99c69eeb96e1016a7e53b33f,644551114.2878784
aa7f56d05ed29183b825d61d,505239738.8381756
4630a9af58fb79c0008e5fa1,482836997.39454055
ac003932eba3a174c5b998ee,664500296.1715842
56a7470ed14454665aaef75a,1339812393.2060432
a4e4f56336e07304cb946b1c,655985359.5832685
00ce045307538da1b0bb7972,477938381.428981
cad720be1395e2ab5869807c,386330986.1893363
344be03236aed65e74b14a2f,402906854.9255012
58a86bf535b4c16b50dfca06,534635224.1772035
d52c3915fd7d2ef8c92a22fe,389844690.61433536
8a4b7e86a90a296e10a49ea3,496314670.4919172
e1717a317481b0765a7a6a0d,518407170.3658882
97fc10f5ce4a6fd7357381a6,402906854.9255012
428f4bc76d4cd315ba8f89e9,631908980.8617538
4d882ac2b82569f74aa08824,448043733.0580732
948ba87dfd7993460c967cb4,400699823.347323
1bee6a5aed5417181a3db77f,480000541.315349
63cdd73026431f5566fe246e,527958111.11794937
013e2a07f94a99323b64d370,881076788.5595675
ff56b24cf15289dc6d14800f,650054534.7270571
7bdb94165857bcd37206cf18,662826911.0552027
1d1e29d9601aa0eddb4d6c2c,454110436.41192675
a8c9489973c54b93737dfe20,508282273.99142957
254892c6b84c59ff5ac4f354,420730172.42350405
c6e9772058edb2268434d7cf,753082394.0482968
916a413537580440c4ac6028,574787481.0258806
bab8e472424cd57faab87ff2,552720742.6255608
eae5eecfa2fe828afbc94b0a,466416465.93533504
da26059a2cf36e02b8702320,483970671.9388217
e18fecb7e40bbcaf26c863cb,737035670.0439453
a55906464634558b94d9298e,519780175.8761292
3032ae39e739fe46e9e198e5,712088814.7102466
663e062b85f16c2419f8456b,501224314.5301314
aad0e527c4bf6283f76b5bed,535472692.5829575
32fbc0f1934f7325a404a2eb,682293814.8262148
07d1137c1f0aaecbbad32f7b,590934453.697663
3058b792e3f6781e438a2e9b,819709722.5769335
33d6b1bbab4524c3aa03756c,423105621.66993326
c75d43b8089321e359e14264,561087677.426399
29ea1796aede16cab8a50497,544720994.4171393
bed21c41b31a3bf2095aa273,636593763.3919817
ec232a7ee3aeac713516614b,585919268.5022608
bb7c68c2652c7e124d88631c,471577594.06065834
697b6c6f7666391fc689cfb9,611538419.8800273
d912e45dda1a3a628fdf50d6,660601137.8956789
96fa88a07329d3988b6b41b3,645779066.4275943
66019487c37339e9354ca999,537254121.0922202
fd2dcbcb8a31e97f31d22a53,654430548.167707
1a309175498997e1b8f0aae7,792895683.6285037
e83119808dd08ca090f5ed85,563521781.6325382
1a26960e24de046588ca7837,595694203.7439407
379c4fce87557848548b0944,501251059.4219047
b2d7355eb2aa975900776275,626660709.062528
3b05e06aa0bc40b9db16416e,494328646.7498006
4a5405b1e181f5b10fec35a6,703886929.6318616
aff22625564f00844ea2610b,611317047.8908856
b40addfc0da42b0e530503f0,591664334.6709107
9200d647b6ce9aea67ff8ac7,584323337.2216526
3057660e38fb757dbc8bd898,628113441.3951094
799be2171dae4763df530e4d,622069270.5363226
819265a930d32a97533d132d,622307027.656839
9ba689b29d0696fb7ebc44d5,848026849.5982475
0f7e28b6efb9d550ba28a1e0,524251084.72632283
57551742fefae23bb32571f4,583948769.8186574
9569a50febeb4163e28c192c,715963351.8811955
1d03efada56f8a70bdae6aea,592519596.6978402
bfa56d6230b858591743473e,646795318.4452393
ca54914a1cf1028b9c8b681f,680367652.651344
54304b6117b797791d266cc0,522386656.5011563
166ae8e3d0704209d6715240,635135461.6857944
b56659e70367566a4ddb81b2,599043591.7090462
2641f220611056a1f5616dae,953449282.8263614
08a82bb9fbe4b7abb50cece1,570091412.9610814
b40a9888ec0379fbf85516a3,755134387.716434
d35462df6c686296a3c7bb23,525922255.84978783
db244703ce223e6acacbe85d,645517998.2221752
a90df94f959030227fa015b0,514966863.90645397
d97d462ac4f5d9cbbf04e9ca,653344698.8413025
7fe6ac57e87b8126ac4f8530,725418246.9987228
69c28dce8eeaa86605143419,820181506.8822147
2bd6682ad8343b69fae1a59e,799102518.5103698
2e6fb29cbc1ccc3d97c92c72,627424736.739045
9eabba4531191127ee91621b,646486284.1983161
d0c411218ffa7c3ebc10783e,583087972.7090336
0c61a011d7fe0227be2b3575,605203145.7142087
2c47c3ef9e139d8c4513a090,538042097.6017138
f6503aab62a68ca16eba3fec,1059538077.2267148
e7dc05756684b070b36d681f,692367655.249175
17484950b143d0395907ae6d,510764303.346326
3d997123b33373024bd2cbe1,657913970.7683394
ddba305c2a3ad29db24a0658,961869086.080797
b65efc402cfddc0aed4e1d76,604861381.9513334
4a7ecb05c9886bc35f6b9160,808407070.6769513
b4e14604b888c994b64f94ba,664424746.606738
ab37764e5f4e00097eac947a,725737122.3948191
764da64c41700da5ee80b8c7,549938298.0598574
8a84a073b855e37a12327357,557717963.7798821
5a6878f8a47f1fa2fc1d600d,924755424.0579392
505f3d545ce83d0c848f828d,1514549500.9634507
6687a2299f38c15598d11eef,884314115.9438308
533134592237b2748915eed8,715498827.1072141
daae80933675e767b50bdd17,689027653.6879781
945f85a061dc4e95e779e27e,931069761.715527
62dc69d80cd6ea9fb7fe52db,612271208.1990819
153436858070f7e724f0cbc1,653952084.1518666
7f9875a5336a32d73df2402c,759315598.4942106
ac11141115d391be44e6426c,565123155.6998085
f8243b7b679dfe8303180d73,903908066.7614545
1376106ebc19c929df27bb62,761806179.8282079
f591597c9a1ddd9852eb3cfd,878411974.6600127
a748841236a7a7fb33138845,550675276.6089245
6ef43ab43841696400d91859,486466210.8396904
601310d800d88f0d387235e4,844555195.4296434
db81ec58863dcc5d12839883,480301759.71219975
68d35dadc6d0dea61bf4b513,347681839.0394893
ba9be0b67571b1e9242664e1,541350287.2858722
1690af2e30b05da545f1576f,737113182.0361915
fc72ebf9381496067101da61,315029676.23173755
3a2e95f5eddda4df84b2e2b3,464436151.89911765
a660d5809085b4823e287a5e,445579592.25961494
799301c01a3e7fc2af5a14a9,739809789.1405494
824cad597aae34d7d59ac939,636930009.1700013
23cfc154896b93bce4356ae6,421731518.34360594
a9b96d2a23ed155043085e87,811386495.0909438
f5d529ff6a35fa78ab14de21,567169129.115201
9b337cb1451a8fb078dc9a07,626703756.0541729
cd1fc7362660bce494b5117a,345930001.35554105
26454cbe44a07cd0df12ca07,602598295.2834457
cc5563550bebb29c83ae3054,743129402.3623658
109bb36f29b223a81dbfa340,698405459.9123275
31081c78ce92e1d8dbb315b9,664308306.090295
502aca1a1097438b32eb362e,1035754771.0810108
4c90ce573f1d61d11294d05c,725620351.3600781
87f1e9ca16a7ea48de04fa73,958040302.5899953
224f6e839dcbd91491f3f1ac,541462285.785565
8ee7d2e0692e49bf9d308b4b,765325459.4405777
a3ff6a1fe37a1bb736b1100d,638242011.282299
97d49e61c1ef55451e52c8e7,644701698.1793654
b6514cdb1e2cf37e3ff8090e,902664462.6445093
