property_id,price
d56159653f5d2abc5ed5acd7,819396785.4758121
45550aa81c0151f1fd9fd8fe,818017037.8759731
735deef3382aa15930482f3e,665966757.6020641
0dd49fa8bb7be52b851c6dc9,726610024.056436
7d3220a91e78f8bc2924d1cd,789732799.2727863
d3054072b2175deec2c1f8dc,275280025.77152795
b7574b06d593fca4eac59815,275280025.77152795
79e822115c5c1a4531366001,373733652.811795
d3ed5316a463d38c1bd321d0,816460455.9123704
2f1880c9b8f7ac2715e1236d,702753728.1943808
dcca1c7f109175760ff531c6,394748251.8322044
dfc4f3facf91bbd93ee0fa4d,473522445.2992181
30e134a6cbe61d7954d0f56b,340655784.3006915
385fee7bd9ad7722d45dd034,417838177.3246705
87199c236bf22903d1aafdd0,430027165.49302495
19e19ad0cd6b5e84d8aa970e,497456895.1204729
907f968e78d748fde69dd44f,581988114.3231895
be094e5db0f784e3aa013aae,354719249.6182984
7ab96f83915bc84f8c03c1bd,356569452.7645198
07f4aa9b9ff5b0b05d31e6c0,812478991.378823
e9be8cd37abed8ab510ba1f5,767240963.7801242
5f6ad58df27b562db077b5ce,753194870.2252773
ee96d947484aaace40f9b77f,753337590.6183188
15c4aef8401208054697b81e,823631276.3245854
22d6cb11333f2839b8112b89,1146691752.1723404
288c09c33907dadbae495c11,1155092214.4893537
f71d2bca0c5fe2720a1544c4,760915817.7635771
451744cf3ce55a98db8a3562,683790772.4450165
fba9ae05a6a8a9e0c6268a9f,677127234.4922087
1338e58f7dcebf5a1ea59388,587397403.0767784
a817e8da0ada143ac87277ee,441252052.4853899
46d8bb3e9a0ca584d3c7a317,672549076.508809
b2506aa9463aebf01e1e00ca,373474054.17353946
7ec025b9b6e6f33bf65af41b,493093819.47511905
2ff531e27672ecd2362eed55,828249626.6538146
9b3cf0d1b91b9c6a2a887647,599279084.9502771
7db5291ce4602d9b2b266872,366845150.22254807
65d5918e826c33bb950fc008,538486396.3736264
395c34e4b8f52cbdb0522459,757649451.1695573
855f4b67d2bd6d18fd03d8e7,671562975.9685475
9ff06409b37e5b5dece4604a,639744437.0325011
0508cd7bd2c77ebb6fea1e56,550330481.1086016
b45fff2e718e54772d46a3fd,634477865.7033696
cf4d2297b73dbc357d21e31b,516371155.648171
0ada7044c5b29925abc90879,648908783.3927658
6305f02255274ab5fb6bd39c,622065928.3504765
d9a94194ae1350512beff3e6,799269371.2084842
e3896296cb80d50d9ad3f903,777646367.0904568
6514f355887c64136edb5595,808424676.0535052
f03400cc18e12903b3ffbe5a,766072801.2773492
4e134600155a64783b3f8c3e,786094271.8560585
d63ebc63c82fbf66d8b6ffd3,838367117.1658245
1bd64811bd59706844230198,665161911.484456
a83921284639eedd4a511cb6,670644806.5365268
a2f3f7a1cd573e2a33f52e2d,833508581.3452098
47344a66471fa51f61c64652,814376154.364697
78fd849c9429091347d7e5c9,728680386.3194399
c3daf2abea55af99c9579319,675070970.1147345
52864916eb1984abca41ec66,828894235.6806256
c62494a9d7aede44f2f84023,854831449.2681417
a2b576643f7a032371587e5e,1101501949.7291033
e53bc68f0e97ccead24f3e56,553637815.0216601
fd82c710aad91bc90af490fe,843088770.0617591
d436abc2ee37ba3dd561e940,603582725.2389513
216a598114a403676011cb51,768964406.0447586
ea230d5eccd2b687888173bb,725302009.2751433
18bd0dd7580f2a7cb19a90b9,393152608.61170197
b143c8ca6d334f6a73c3f2a0,271659978.0885723
ab388cb4fa511968783bafee,368175012.4617299
6a4f08cd04d558a56af732d9,403359336.9329422
7216c895aa047c4f405c4941,590414290.874854
a493488dcd906dc74cf8a604,613745354.9336963
7844b0b2bc65dced90a355c6,531197750.35922235
c1976383069b6b82ab29d092,472004242.9483452
e5cfd99e2308b7b73581dbdc,420132452.9672968
c18c2ea88f4ac53970b53d2c,734580211.4992886
842c9f0e4edf1e5a672ce15e,701289675.8982751
7dd1e46dcbddc6bf5ef694de,543983021.0946788
6cc4f32b39180bd1ec7e117b,619281906.7478238
79e643789a85dc4ffad49a25,627784855.5187744
b3402a9173d289d6db78e09d,797896580.2259823
a446507813234e358db8b573,496723940.7314299
c8ef57ddfb35061d1876f94e,667527524.8823644
360be0df2c003005e3db080e,982449345.2695092
9ab245a4c91877cb7a8661ce,1010537992.8564034
a57a34c7486e7a40e8deb316,699689297.70815
ceba7d0f56f6cb03538962fb,721278547.4308587
d5475993f9db58c3e4baf7a3,805032948.1046898
d37a1dda09e30da13ff5bfc3,708874549.9619088
68a8b8d077a8232723bf37e9,753194870.2252773
e1eea7716ca6490b7640717a,712532353.6467764
4ae6d75b10848d259ecba576,739122587.8747939
17afbce5c0b56732abbea936,735989779.7210622
84a2673eccd3cf3bd7fd3eb0,828894235.6806256
f2f4e6cbafe527b155707f01,1011766531.2493634
de2e3a592cda5b76c9573c5c,862359908.4711463
fac651cf404a58f24dc7d286,1217571009.6749032
e6f312a0877af26b69855a3d,1201959210.1311905
333a643c623a9bc75f3a40f2,901655743.7479621
64593641e470908ef23b46cb,859005819.4183998
ce9f2f0071be658ae75ca6f9,1121190285.1999214
9ab385e399a4673732b6a799,685465719.1288545
3429c774b736cefc051e2c55,652222590.620927
a51ad0372758b2bbfe73f8fd,596179694.6263914
8c801a266256e3fbabe7e3d2,610055022.4955857
ca2f81b8fb6fda20aefb0ccb,609402389.534962
3c1b1f86087f9b99380e387c,773758875.9317435
b0cad5d612954b8cab18101c,851943207.9050564
7eb991f4c69215377e4dac8f,912348217.5558165
0d130b8bea4321300396fa34,996281008.2427981
8dfa059401e1dca80ae65ae1,799344745.3348725
3e3f264cd0ac7a65ed2349a2,738455399.2613037
112dce80bf512f3f24391d23,644700903.0303042
ff25ded6333278149f8fb68f,722694333.8750348
d555b82c192794e87e9d536f,750257972.5312281
a787382d96ef9fce8f27bc70,881900591.583343
8c3aa295f7bcfd9a43eb2037,955285932.1719182
13ac95652fb3cf6c43dafc66,546848013.7835076
42fc6a80b882c32f6264ac10,516765055.46555525
1e9c53e09220d689a0210ab9,344823467.05335575
3348706086aa3db5c92259c3,398425640.8174339
66d402a9b7d05f29282ddb00,653787578.1535797
cf88be51d6f31c10e5868ff7,355401117.01158273
30b3f38716be209a894b0942,411699625.64733785
0a5908a92d0ba3e36f54b1f3,330126820.4842909
dd206b6ea2d7f6555109ea39,520255140.0302639
c641febd8bc2ece3e4d2d8b6,571332919.8535465
c11fdc02a288af0572a2bca1,725925263.6853751
35dc60a65969b264ab283d6d,519082578.73818314
d9cb0f637cd4feaaaf8a21c0,526054586.9185275
7e8dfae9a5f1faf8afa706f7,495611478.0559427
a280fe7610c254b935c9dcfc,585642951.3018818
85524880fdc4e4daf90e96fd,474578169.1858101
f361109d06f6609c16724b39,538486396.3736264
3f6b2f0c0876c21755369cb6,622065928.3504765
de26819064a290ce78d8fcc1,573462123.4807909
91be1260a84ab7fa3521c495,900848014.0492982
18c8dc4549d38c918af2972e,731212466.1637106
782b0fb8641849c2c34291e6,416031524.8720277
54933f8b33a4fd6f031ed5be,769878866.3219506
953176c9a901b4f61c030432,714149325.3183948
357e2add3d68167a4f3ce15e,862766947.0102693
90332d50e91925eb9b614bef,860212764.4507198
11723d1d472bf1a3fdd8b72c,860261177.9430841
01f8b6799e2910f7769db175,436803277.32656693
a0d5001f7dd42d7f0c91d2a9,403548710.83056027
d4439c35bcb88e1490916c67,465758473.8334601
4a73dad0ff8a5262e8b07c4b,797531626.364194
3dd8085a65f24b497ea59557,930058271.3700048
39ef085809bc80e32e7b6af6,907515576.646606
b98ee16e8fd7d1c75a9da13c,837847526.7469019
16deb26bf740fa61e258f545,739059166.6665162
732a3bd457d7798e1fd892f6,611254796.8287898
1376058cb128a1c7729cd2e9,723838669.2804848
cac7e7c3e13af91bdc7107e8,793379616.9601381
9f3dfa6e1422f6aeac527c61,626112330.490698
4dd3d1288ccb66ee4fb9c097,1220140706.4721177
15fb97d6a43731d61e95d004,713996575.926568
dac29573163315edf99e0e7a,608194026.529816
b93f2864087d41c3c92d43c3,683882656.2597767
cd4656aed92f5c0a0b6b7c0c,683882656.2597767
556210496090b42ac10cf1b8,1101501949.7291033
762979729fb21e56a32ed14e,1101501949.7291033
ea935b76abe664d5e2c4736f,538486396.3736264
40e9ef1e7c6749b7a8d04ea9,585428929.9481151
058265732a484ac8d5497f5c,499655087.5007899
6f52ea8340cdd283f9a79720,660500978.6375036
cafe7c1ee67458e05c84d5fb,622065928.3504765
3f45ed2f08a2b03b738fbb5e,337658591.1205163
f203b18854b75c4564d7a17d,719987546.7858918
d5333f639d11bc3ab073ed72,752257963.0716457
c14f644116669a160446a945,587544853.3112028
de585856ff546e00a5a4672e,480323244.98339665
7a80663cae7c191b5d025fa0,747348732.3080988
71f80198e68fbba902650b1a,662932753.479251
f3523e0626df8cea803ead0f,480323244.98339665
619abd5f978b1573761be86d,662932753.479251
17a2323b855e93533a9f09f2,590570578.8270034
38e8630f2c05ea38e2257c21,674437014.2140888
1e3798d739f85ee0e5a314ca,358435981.61358607
46d0544f411bbfb6b452858c,666346709.9391838
605e7a71eecb13b23ffca0c1,523444814.751652
7515b37b7ae7c62f3dafbe7d,590570578.8270034
28be121ada9c9303be802474,666346709.9391838
331d54f8a1bd3dabce73d6d9,751197412.3123606
22d167639ccaace593dffa31,614728740.9110616
36cd68fc3ffab79fcaa340ab,482796803.0274981
db924733e88c361cdfab874a,630876877.5213453
64eea2e9a13a8edfe8ac7027,669778247.5167301
97fe6eeed892111bfa20255b,651734265.8738217
b54e6757829ac95e2076d954,790090220.8447882
dd59b8122458557041903207,485283099.3462125
b35c58fc1c05a77433025318,755065912.1639479
c41964afa164d8b75f8dbe92,674177928.4626104
96b3ea80cce599b68f96f86e,669778247.5167301
a4bc87ad4f1ad97c0a63d843,674177928.4626104
16e62269e6aa2ea052d05f71,593611886.1572715
518b37b51f824fa0fb5075d3,755065912.1639479
e083d83369cbc93fb94842a1,674177928.4626104
57deff02895d5286eda10d89,796418097.0522462
7ed35835fbe694bc237abe38,674177928.4626104
b48efa9ddf36e85164354f26,760025836.017773
5910c9b29a1025bada93a5e1,674177928.4626104
10a650e8cb5425c97f08f68a,669778247.5167301
9e0feca2ec3043ae6f840631,760025836.017773
35ce37bbecac6b164fa21e6c,547628257.0684631
c4955010d066e013812a85ea,760025836.017773
d5a83c31bec18d1c3eb9af7d,674177928.4626104
70217bd08583854329722821,674177928.4626104
28e748e7aa0a447731e06706,677910215.0620003
27929c0a3e0fd2d6d2969e03,565161283.358349
5c5ea0d8bae75e0a5c88414f,714527089.1585208
2233f50cf7b04791cf1ddeaa,700424198.2685862
bf430621f17dcaf17fb91ac7,682363313.7812915
d8dc9de06461e0220bc55906,485283099.3462125
d988975f8c4e6ee8fd8dc1e1,673227456.7507436
bab884e0f99df269805e83a4,673227456.7507436
8fa9b20af1508af7a01e2267,620756943.8786577
b6f195d44ddbe10b78b97191,661918869.4158888
2ab0eeac4a228d5769fb4365,564061653.3359158
347a4deda03bfdde6d1c163d,724159982.1441004
17230f18b30b94606fea047d,403957676.054705
eab4ae491bbbe7b8ab107229,727280659.1776974
07c753474a847bf2bccd55b7,756482817.635674
b7ce05400f0261743073e072,599515182.3218694
4a33d213841d2af537aa967a,669927772.1204407
04eb0b590ce7483c615b043b,660892234.6581235
a01a51af09a3dc387a18b58c,376860427.0688032
270b930a9e22d5016ffa4019,1023914395.2666174
5ed1320fe84a518e267ff537,827101191.5238553
f04b574dc221473cfd616e22,482163035.19317126
6f7e390aa6135019dc5a828f,678083235.4187609
776d4a19fb3852fe6dcd3ddb,465987603.7408231
b7f164b79658952248866c34,617864328.8639812
aafeff5826516e363471e439,380186579.72832084
eba6a2b80a17a846ae560ece,350750156.81696254
90e62f8656ae504bf6175e0d,439297067.82057
dc4331d09a1e36baaa6bde53,551854019.9341267
372d67ccb9d251e290891f0a,242996559.69283974
a7801c67a0ddd71c50ba38d3,356569452.7645198
e4d6b81f169cab8ea0244d75,522255802.2491795
cd5c6655243a4be0912bc92a,699689297.70815
f7a7281a19733251134364fc,747808444.469106
a716ec25a219961fbe90f367,1011766531.2493634
8bd45966c16d4eafb49ee2a2,922108971.971092
baabbdaa5e8f69fc90d303c1,954001184.5907007
8bed46960db1b2a7954ffbcb,1069323360.9303899
dbc123f9502159d660f375ca,1332361189.9854822
a4683facc81ccda10e9ae388,1121190285.1999214
3a576586fa1aac85c2ffb75b,928181022.410758
b1fb98d0ba25b21c6647d423,991575604.8447531
97fa4be3ed93c37c048f507c,365384120.7583745
cf184cc576effe39c0f857b8,528445167.57621634
784f67fcb2d009d352740ed1,517869308.410653
f4d6ce332121f814aa663fca,608552725.964762
c87ae84ef029febca1e633e8,578029953.9336762
e876c6fd9c161861fb92ad5a,768623243.8608783
9047c4764f2c6b1a10b87e99,837536498.0970331
234c94e9a248ae57bb5a0771,583926795.0251169
a49c2976ca4f24f3a6b622e3,475728407.21365666
ffc171cf73514bed077339a6,469226429.65430176
fba83f5feea2522888377066,500660033.26427734
1a593800d5785ecc36c25ead,774236810.7587754
ab157c9601861dc387a91b82,863839372.3040024
f87f8003f15b0fbc12609514,651862651.9543235
f44d035ea2b15b2c69d4da50,682172867.1765018
fc815b59cce7934f816f0502,743233642.4712645
32915b77ca68000ba9eed6d8,570016525.4114335
cb083fa7ff634f424a351840,645324946.4825938
4f3c7b9bc78f882f858b3d3a,376035045.2917648
53d33316e237830ad463a26b,548182075.1610214
f5d852e25d51377686c43bc8,538486396.3736264
64731b6eaf4fd2bb6c155013,798295475.3945686
dad7e45e4706ab2564ef9cf1,344327913.19523466
255914e9b13ad94efa6ed365,675557636.7806866
5a8950a64b4aea4ac13dad45,762735890.5724357
70f51b4abf26651111305b1b,684094139.8438052
8919ca18fff7571002e440ec,931798959.7111973
f776a4e0c8c82b3d29756b34,1101501949.7291033
7ea4af39a7e577ffbd600f0d,657506546.7874978
45fc0d46c7a4df7ff6976fce,733238973.4262682
7cdcecc706fc7c79cce45b20,734546977.4047679
3503f56e09e639be4762ff2d,665011660.7921996
f70ac0d227db6f5333aa821e,675016001.8380264
20db610da64f80afc1621b12,280545699.9855875
c80ef212c870e2f20ed2234a,647244878.6617091
7dc68d5cac1b7fcdab35586e,381215788.16084254
a478fb93a131fee4119bb9f9,902582632.7321932
7749b2b534213ec7b536372b,470786048.4876278
43e59f5312e304fc21c1e052,788809316.6822414
82a7920524816f3db7f5a4ca,654038318.616609
1a7e331d9ff88ae5efafa8ea,934887834.5513415
a57350d4c79a415137281cb7,286294063.15499693
f3a6132006d54d0e22a17e84,672059484.9158934
14caab87a129f51b2b70508e,710936122.8403825
ba2423d79744d763aa3744f8,812654377.2755145
1caac10c1121a795a172889b,865605222.903981
40768729f2697b87ed6519d1,678961099.0944303
843234d3c6c20bb60a17fbee,754230685.0484436
cd2e4dff930a1c7a1a569992,778182792.8245373
5a6eab133b7e95155f6a9012,446949197.2465528
5bba6c40aeb129c433d2c58e,779249931.7968353
ad3c644b506498127c7beef1,707398134.9779291
a379656c49f4cb1cfc5b3f03,745808842.0035508
998c1a6ace613d8a7468ba5c,786094271.8560585
dd610d7ece83bb02dcd7a22f,650258610.008648
539467d04a2b3e78c592b11b,432781440.7198527
e40fe4ac43cabe82c03dda59,610430873.1956565
5561eab714583013b422e7d4,531197750.35922235
d9110b2b5b1c02766da9e24e,647001441.3581262
c72cf05b93b9c290c063b08b,724890740.9599231
d71cc157c0c43935989009f5,750397791.7569938
4199eaa19ddf8ac436bb2ba3,797896580.2259823
d23d12bd86def2657038a481,747808444.469106
ca438e13d8aa6285858da0aa,828894235.6806256
a173eb804f4bcf6bfe889417,1011766531.2493634
9b3677d498c2ccf69c756ec7,1101501949.7291033
f8c787390e4c6d2e99fc7c3d,749048269.7860577
a188aa896d1b4520ccd6b65f,531039146.8160543
9fa39c9eb4b10a20dda6c3c2,706599686.6678622
7bc9022fa1eadbd9ab39acd9,704783289.7679063
46f0731f62232b32eb733dc3,664192489.2837987
b6767d1e329ff5e28c42f632,610451370.7213018
abde4b06769fcb1d5577fa7f,596179694.6263914
1496d159d31717ce254f67a7,554747199.2284374
1470749d0d2551a93827e441,569716240.8674573
3ac517f74dbf8cdc8feadfe8,582939762.632861
fc6616c62030a53d2aa46b12,715106230.4313452
8497f34947cb4c0ff18a0eaa,559705676.6337748
3b2936127f5a4684a1d3de22,542529406.8076513
dab58562904cd13a93d913e1,565853453.7302023
69d1e47b6bdc57512f1838a5,630024503.0084437
23c7f9a0534a4ae6a24e38a6,705042479.9696983
640e9fe41fb79ecba89d8951,864244556.5486184
31f6a25d56f3bb36386d07ae,710504976.0080246
bfb30ae71cdca27f5a5494c6,746486486.6024991
baacf0dbd690644d74f3a929,573317206.765715
cdcb874d2e62220d12230632,706287824.5972575
1421bdbd9cf7572b799b732c,1066023544.7528721
ee9e5adab1455d38edfcaa6e,885629876.8182049
1fae43a9450fae02919962b9,585499676.1171386
5f9ee280509afd55d24f39b7,632931815.8067033
82902f2082dd405ab538ff58,557265275.0484738
eae52c81f779a61f57cb5b58,705567026.2396336
4ec0aee1b202642d2739068b,769384763.9188641
f4c6c3210a3c2eb935c6d5bb,882572363.5523678
14a14706d405569501327924,288306166.60771525
146a5a4f3d111dc7b955ce42,816794542.4150212
99bdce7cdea643b0442976f5,670705842.9259915
733c7cdfd50db77066a67140,446058804.86877763
de328410e22767c66d919423,736963796.5293337
d0116b53467b3081664fb268,530264937.0764617
dc722ea5c4d62773f9fb6bbc,560956554.6244143
e84605e3aadd50b064c8eac3,870755867.3848304
31a3719e57ab1425e7267fad,782603073.6717713
34993717af3f861b9735df6e,649249984.8416533
543822711986a454cfd764e3,745005099.9991828
5bbc4ff9cc3ddacb39469e27,840253599.8339412
d7ced905983af0800c19b7fe,822808272.1688708
02d5bac2567ee9e19041ad42,906508541.9539658
f4897a8a0a911a2acfb8e8c7,1011766531.2493634
4ba19ab08d1fe7f72d0dd37a,686802337.5022919
b7c07f8afe037d55bddb8e41,560956554.6244143
40b20b5a3a986802d64f7675,438674108.2217879
01fb5931cb55f5308382818e,852875676.2403344
7cd0c7174b957df1f004fc88,733378028.0592271
ca13bacbf6dc8d1b09fe4c67,716496894.154344
0ed0dc77661be57aab63bc83,671397912.7491049
d03558acc19951a882bd568b,490027427.26376116
b8cca0d70fb46f3a31473e98,740815061.4362131
f665a58fa8eda69547c1a159,754258176.6360166
8aa5ae4637ba83e672cd3ab9,668114521.1110148
a6da1996f66e545041d920d6,666152597.0573221
b828609eff041a68fa243a12,749310290.6470776
3f39a260b81dd7de1dff2b31,670450129.9917338
40fd167916ff071afdc44792,916189098.500328
6ca31945172976c3a11732c6,852085840.6269631
1437d1f1601d26a3dca7594f,756010273.0619104
ebab054e5f256bf4e382002a,1101501949.7291033
0838d0df248d723da4e25ea9,742014654.9715395
7a134e45b9ebe710c6c6efe6,630368840.947127
6e9c7f27d6b89c5f9696fae6,368175012.4617299
bd12c705950c46e679c34bf6,1069323360.9303899
fa2c1092f17ce021964f8953,700405978.3308305
e3202b635974f7a3367c0ff9,797896580.2259823
49bdf0f970af03d83a57dcff,822808272.1688708
91af29fa680d8033188ffc39,789524976.0997685
cb626b981c0997d254388e76,432781440.7198527
155a8e4186d1626fdda4d0ee,774807200.9060884
d337476c2cfa780518523a6b,663430375.3013599
7c3ea8523ece273991a190da,757971532.2960429
674c02227165e1c7189c54e4,1047277581.7008827
17056748001fd65cb961b384,936962154.5857376
f56bca5bebfc765162c8cae0,917329569.7854749
5f4b0ec9c7452b888b33c3e8,755996477.8519456
13dbc077e552640736267a49,349862166.69151723
cb645955c851790e83e696a7,726280884.534361
649cca8c83352caf7442f20a,683311395.8550369
fc8836e71725949c5f3fa7f7,1146691752.1723404
4f431d80287051ca323f2c08,533252962.90421176
42defcc69fa22e4c858f3c24,847923994.4639797
291a2f9022933c9d81311e81,866603766.4125652
d48a061a2040d851937413aa,903864754.9879067
55d2ad80322427ee3426dceb,898047232.4876353
8c41bfacbc1a6ab831b26fa8,785540004.2203139
c7214222fefdd8d2ad7f8f8f,707178942.5306195
b3d9a095c9c73004643c9e78,917855823.4291312
d49aeae19e13909e75dda2b6,818589857.691865
dd10dcc52d2549df85f2a8ec,612469914.6516236
6732b448d2e4f32679f235ad,957264464.3503447
f08a5c2992cfee4c0910f68c,844485565.8154693
e3a62f080c25f404ca995e06,869140025.3230941
7634d584c3042533942e2dc0,702518086.6073253
ae58dee872922a9c678dbfcc,911403229.7926756
5ec01e911785dbd5b49b166c,596262400.4991074
9bc12d9c9ad95064412c3413,715889099.743129
7acdaa0cee1ee62e15f4490b,673711458.4523686
d76d5b14d0acc5295b8057e2,654645037.2420642
32f3364ac1fabdd13db1cfe5,264047455.40335244
8cab957b322f1aba06bae4ad,528840174.9845915
e3dc8b417819e9afe3fc7d0d,528680842.0842719
c71fbecd8f7310c201adbf40,514286630.7790725
54c9bffcdc46819f67e4b3d1,715228133.2321264
4d94a2295f612b96264a0db8,649249984.8416533
874f4a836cb74be301e068cd,895692915.7252663
a18925f908acda4171bfbe36,946014175.2572739
a587c7419568288d68c46feb,765920058.9963796
19994da77ce4f2db3efe6660,672708306.3936198
9c4dece6127f1f3f3bc1e0f7,631435843.8878114
09c28a830f8093802384071c,722478688.6102123
5766f7cfab59c920081e3046,631435843.8878114
964b7d9de17c1ce396fb83fd,527058965.94245887
44f77a86369d6607753adc09,670510447.1236403
7f25471be85adf0baeb8ebbc,552367135.107993
6859481703fb0cb34c1e564d,459881343.823201
7ba0c14dce0cb09ef5735d9f,638380487.8286628
62cd6a29e98a5b7a5ad38050,656131330.5617552
9c6d7e6260e4fe83d43706d4,601266198.9544898
5dbcb55dbba823dc31b041f6,738455399.2613037
85abc5c0353c5b678f087824,641576874.4475963
56dd1bc39664f8e9f316851b,701750186.4986072
b23341faa7307d9d6009c6d8,576177570.6689563
2af941adae2e8dfd66542055,509909161.856731
268f887f25d416dcd3c0c9c2,781918063.5025568
9ddc7272fe43f07035d3da63,1213840970.7456205
4002635ca8b087877ad22d5b,911403229.7926756
b515b1caa608ff42574e5a06,542495837.2493724
710542343cece039a279dbee,806361638.3845172
187a143dbd6d4bd81d6d9c32,543335878.7281184
26db92c003c8e67d92d88aaf,989370390.6562744
641ac8f4f60ae2b9cf6add93,533012649.74464583
784714647351cb6745c867b1,806361638.3845172
5fcf1e2ab4edf13ec844decf,657506546.7874978
2575d932e98c421bbb38b267,934950168.461919
af9d2f5f62bf74a7fa9c74f4,794281126.7594649
4db8d529af9f718e6d81a85d,432781440.7198527
9a3368605e5f563e29182f3b,810815963.2093511
5ff696d8369101b6dc60e2ed,690521645.6758648
95ade3ab8dc04237acd6441a,355523796.5637959
607ed21e896eb5ffb50d5ead,566073947.1362754
40d9a852bbed67a6036c6d8b,580913028.2223994
97badba651a94721af5df3f0,750397791.7569938
b2f089146c30929c4836f0fb,622119535.9376307
936307e2f478c3ff7b9652e3,683360423.0113724
b6d5cb459999de084965e993,797305596.4270166
aeb66f808982c6308d891f55,782470671.5088255
cf8418c60f4e54dfa09b1e6e,763807908.4407265
1dcf71e8fbfef2c6534576df,753194870.2252773
c78b16f05ef58855da0d4f2f,567643423.6631867
19ecf1fc86396ada203c2a19,726535743.6840148
985fc7ab5aabf1831ce3d298,708511294.6483581
8aaeae6bcfcee5ad928ce28d,676097462.191191
1a93cae134c79a43b13ce656,797896580.2259823
ffad647e8ee35eaea6378fb6,742836893.132034
c21a3eaa136ef8a912ce7b74,786052777.1615847
fabe0f299a4e4bc6f51d54b9,612208905.941763
5af99278b1091dca9b0b0332,683311395.8550369
3f0c845deec1c24472a35efd,1064986787.478451
c10f25fd39dd36287a6cde73,1146691752.1723404
f37d31c512866b575780c4b7,1121190285.1999214
5d34f871e5a5cb3a655a0b13,533252962.90421176
95bb852a958d7b16fd676e3c,957264464.3503447
24857a7a80d5f13a52eeb054,563730574.2679541
f9796e9d13fe1becef435e54,890236919.325899
1c2739878e452a340a4e8972,953215966.9805106
698f3f1929a2dbbc69865b65,687644293.994715
bc230105784ca8640e499ca2,670450129.9917338
622fdba953206a65224f2c82,580725293.7972758
6765fc17d98c08142d3d7757,683428417.2821372
6f35fcba4ffd6a58bce85892,584469445.3172085
d8654c08e95b39e3b4891cd9,753063892.797427
33305df46dc2186c7e3f727e,917329569.7854749
0cec193a20d720af010383b1,742014654.9715395
734efe04fa6b326ae1d072e8,442746654.79830194
69190139558b2ef3eface18d,533320599.49559504
bb084299ad23f245d7cc5b69,525670322.94059664
d4c7b3372d70b898b167b92a,742836893.132034
4a119b1bbf04b4bd6051c5b1,699689297.70815
f844345b6224bc76bc3c6f91,416564486.83211035
052505ca8210e5e651fc0b63,825656295.5577972
5731cdf8cac0b8371d786c90,754258176.6360166
594d8d78af90086bf8cdf09c,776742046.9731708
fcaddcc78938f3a234dd2d3f,460040972.4160893
1574958978c9b5d23d9521b5,692806169.8267875
55902baa0ece72e2e8c869d6,878484727.295493
46161effff173111bb6c3a32,717984032.3673679
b3fcd9cbfd485e4e1da6c89c,573439027.0446937
213ddc1761cd6b018349786a,700937781.1473472
be3b1df5f008636e14bec3fe,815166804.3250514
dd27922be5b6f730f8b4e058,324722926.89249384
cd2aeb1b2649ef421102def7,727678807.1331995
a226b4af016a772dc7e39ac8,568393247.0937328
dcef5b332fd31d0ed8d754f3,664045091.4913267
481492907baba4574d4a6f35,797896580.2259823
10e5e54ab66b58b3f41ec381,810655030.3621223
d48866a153ea0fd23a858cd6,541140101.155922
d273a2075d28e343a657d9de,1089754611.0892189
90a711f776d53cf654614649,740654542.4505316
f87c76eb5071c5b309e3ac3a,416565586.1034746
74df03749e60c216a3e1292f,353479807.5116473
03a84af05df0f577e09d60c1,567331083.7764021
78682041182f01ee4db04e8e,1069323360.9303899
25c76b5a1da0c2d8158b3732,717529270.5600579
af8f09175265e1546200ff86,526479216.8557616
c8d4ffb290aa9cea002e8d67,350060994.88589823
cb89ad8156c3428ac80a4db3,494412279.7168101
7602cb1e6fef087d8ee81aac,676545937.8927912
00c75d59ed4777481a50cbd3,778863786.131857
fd36cffb856c2a14982a5fa9,554295909.9801745
06ccfa37fa6b011ac38422de,558265205.5164284
257b533b6a66b40d0f097c55,690526492.2543901
736eef4bb36681acbcc3c41b,538390204.6476071
e1a4437b17f7bec650d8cd97,687993088.8332798
ecabfcb8ce9bb47ec3089c7e,687993088.8332798
a5a46af0c9fb5c0a03855660,568301585.9961413
920b50f4355cd2674ceee068,712648230.1495233
410e5af026805ec8088f2e71,702781659.1720378
efa0c01632d13ab59f629ab1,502062935.96434027
5965d19a68a8414b0419bc68,630945163.6396406
64955a117f2d9264eb59fa82,825077492.9269847
8cd46b5c9cbd056d3712f155,687644293.994715
65f736c3fee3d14c31a57d1f,626601186.6366326
66e9c614882d58c022de7a2c,754258176.6360166
8c787c1e6161b18601e6d7de,657690766.0426562
29a115ba5b198689fce5f93b,372024873.71547264
de8ee990e70c8e5ad167dc89,645289046.9673854
0b65098a19c2fc1caa6577ed,797896580.2259823
70ea0403b722a1dae1ff9b18,742836893.132034
5c77e242474e477513b60ad8,602891234.7515384
1655a92b20740a11a5889519,602891234.7515384
1709b1446b20b21482dd2d36,828894235.6806256
e5dba7fa0cfb81488b0c331e,434196521.00907695
d09dc3a3270073e5f1cb353c,699689297.70815
368e740cb71b9175fe5b7b6a,917329569.7854749
b8a8ad4c0215077d3e5aa472,890394286.6531688
1f4a78e094987ce29f054fb8,756764873.7901074
aae3a99ac764b8e9bfc562cf,784368717.1406657
a63ecc5539e8725af4128cb5,752685477.4371372
a29e18f37ded2e901181d7d2,787639655.4721321
14ead7469d05e5eacce6a575,709319012.7262105
1cbf39c44f6b0fdbf9554845,704171527.4716756
9012294b64280c565a88a1d8,842632041.3053826
dc0e9ce44b9932c6e48a9390,749240384.6673592
a4f272acb4b3b4f5fc72e99d,697977079.1046877
b0a7295da89516be1c44512e,895245279.6638119
b638b937d4f62949b9eb9fce,638623255.2822418
cadd4a6e1075b57f7b74c63e,778357340.1255955
a88f4eeeeac5ccd1ba9b8a4e,981580771.0306641
29616bf14b5f1cd42786a91d,705343277.7467711
f03f97ca55e9a43928c18237,545201829.2107042
5fb9bd3aee2e1320dcbea448,440492521.56788534
34bcfc2f0cefad790922879e,731212466.1637106
8c9849cf3d20991e5126420b,803427062.0595632
ca7b9296080c9fc9fb232782,938163454.3118619
63a5989d0dad994a6af7734c,662932753.479251
7d25023ecf668945c87e0666,752257963.0716457
fde3d4a4a819b1fa40530238,604754293.6878216
e3338ac993873aca45755dc8,747348732.3080988
bfeab1b12dd82efa96efac31,587544853.3112028
2d564574f0191164ff1d068b,480323244.98339665
5529d858e9c9e3e92ce8a95a,674186780.0054302
2755af908b841e9024718b3d,509338996.5667042
623df36ea9610ed5c58dbd8b,649039894.0652246
77924a3c7880310a4822e5a7,480323244.98339665
24fd0b7f75feda5db89a4127,506015053.4597287
c2b9a3b2747f32d26c8219fe,662932753.479251
3c3c7861a9727bedf5e3cb29,837494004.5153497
822ba8fd3c7392bda84461a4,674437014.2140888
4625168852b335b223a05bb3,700333141.7255737
b732ff1637ec53286e890865,666346709.9391838
706bddaf0b87e4f076247450,829022896.9237262
917218fe1425d2c222da1ed3,590570578.8270034
7ac0428c4b7197ca14f3b86a,614728740.9110616
e828e83be8651bc2e07641e2,657506223.6218644
4d069f925100b6cad0b657b8,482796803.0274981
a50640d13126880a423521e8,751197412.3123606
45e92799de1a5334c3d2d72f,358435981.61358607
93ca9e75cbeaceee69b4f0e4,630876877.5213453
8fc4070ce12262679c381515,669778247.5167301
63182bbbd5f94cea67de2d8b,682363313.7812915
6e163c3a0e30e7bf1e909661,651734265.8738217
3cd016f68705e73b819cf74b,669778247.5167301
3da41d55a2b9f78c2b10c75d,669778247.5167301
0eb8f10c9d5ded1b09f60baf,674177928.4626104
330c37fb5065311564fd35a2,593611886.1572715
b849cef46f19e13d3fc9d5c5,674177928.4626104
7bc034984b19479f29886cc9,674177928.4626104
5cae4522fa829a1614739b64,760025836.017773
bf6bd06201e60a4c98c8623d,627610885.1272463
549ebb2f616d50ca778e92cb,859334504.2399831
448ad6cf4b43298a39c7b5e6,485283099.3462125
e9a37a1a4150461126dbb6e9,703943456.1958535
1d4c50978603ef41377af057,485283099.3462125
bb71a24bc5ea4051d84ecacd,755065912.1639479
286ab2411118455780314355,674177928.4626104
045108344bf09b01b597e7ce,674177928.4626104
d714e15ab5c2d5a2503bffcb,687899112.97703
60823c81f0b98e8a57192a9b,674177928.4626104
dfa988a524343181a0d3ead5,674177928.4626104
fe8bcbd17b16ad023a202843,760025836.017773
69fe76202cd89637a15de1d4,677910215.0620003
e7cf67cbc08fa04be9f0a3d4,547628257.0684631
670583e7a2ec6e337429fbf9,760025836.017773
796935018bf2b241646a2dae,674177928.4626104
5f5856dd16c0e5131835e650,565161283.358349
ea2e380226005bb55c724ce1,796418097.0522462
f40defb11ff73ba4e3db7611,840672627.9919847
a4b2dd2771f49951c027eef2,755065912.1639479
a949ede7227c8f8587715029,673227456.7507436
83f402857435d4fadb27fa36,673227456.7507436
36ab522893b5f01caea4cd0d,620756943.8786577
8e4875b7ecd0898571f0b1ae,656613176.8644446
7ef3f8bfd0368696369ac957,743643550.3965236
73ec13a5687c542137eb9a41,582578648.5401704
6334eb4a37d102ee00c6e2a1,656906960.6116306
fab91f0b03598c943fa425dd,740224438.7096723
c57c3c7edd591e16c0b7c1f6,763982763.859789
03aea1b6ff072f117ec733af,688127101.4049342
91b57e8d6c41b7afe949bcba,487547444.2687005
ebbc5fdad817b304af3585c4,475744440.37521553
0232a50c9afca03cbf4277c8,793690832.102879
05b12b1916e51a804419c654,677615654.4745909
95c9cee9b36fd1d68f647aa5,679439796.0429335
3d31144a77cb51647f3deb02,807051618.6255176
ea87e3259c2b0d6263d39a2f,684553257.9952798
61f634438de4a10a861f42c0,756034913.5292139
c3ca43d0474dea2f2dfb9791,479177440.7334181
a13a3638569b89ddf1260470,562493238.0349314
124959d1429de095473bf5a0,735722770.622527
4d85bbc09ae56cd85a8f87c6,740224438.7096723
2c13f29a8b9ac9b464e3a582,542449139.0098841
70215712bdd8ae7585520550,416243194.7044756
3352469ca509e8ca652fad1a,662955531.0818377
893caa7433c200e0d43e9f27,800497961.5591265
767cb14f03c909c595c2a731,660289885.5764704
11433baf7716402e8c58bd33,762905683.203861
e07ca567b0678126a1aec803,702521812.4249151
b2286067a73bc0049328b55b,637701044.1889395
c85d56080167254c7bc19303,703433215.2390143
5b9ef8d6defdaf13dccc5ae9,463580261.2065718
f7972b1936c6d9e95d3f632b,456410277.9127528
defd03ae7d0c0a44baf80abd,750206449.5105271
6fffb7958a58a73b0e16f2b2,740271452.9395714
5d86a1db39e324770ae58efa,352860053.2566862
c56163e390d9e5a7a76e77be,617457224.0759219
fd5ba2795eb7b5fe338d6b4e,682938760.1062754
24d6d85cd0e2dc3deb2db896,744036430.1840265
feea3a2bd9f643219de51c46,517630376.48163116
055d7c66464d7e327711b497,777735042.6852936
046aaa4162cd410e92b216d0,587044664.840654
b6bf2760cfa26cb28fc989fa,681105224.6139512
3a6262eed8967d695182e435,629000505.8616164
cf3665f24927de548639ee4d,655980837.9116306
4c243fc50d5511a1288bdc0f,659994588.9082283
d753227b5c685e93b378baea,685579310.9103991
149e49c22fa0eb163a36c932,767573675.421466
8baa01b8c6d29c82a6108cb8,584226637.0513608
2d437a09b860d9d46644ea23,394120472.9704092
66bd80fd26836fd426be5733,478715977.9243236
a30e69524af9c1bddbc5de34,605086181.007579
fcc96840d952d32a7300366c,558206690.2706038
659bccaa707b94f303610225,646054640.8968924
df1c66d8dfb9520c6818a32b,572954257.0631012
dd1dacc0c90022e5b40849bf,556645326.185788
1a06bfdfaa9d9ac754ad07bb,460963216.52358437
a0ecc8ce0592a40959bd755f,617648797.8378503
739c2b9be0941e4c126d2f3a,750416357.612478
d723eb2516802250027312b4,799654946.7423558
04cc75f46642efb1192f1875,534823372.00574297
9f37bcaa95fb0044aeef6075,566236823.7209281
7be8abb5d23794ac47ceda32,515250003.0256666
c06c737cc0cef7fafa3fc4c5,575578007.6719978
48e71c45f41778f8dca24cf5,584814760.8623258
b41f7c1cb9cfbd188f8e0233,796531672.7963275
32ce96d8adc8e549b90b4a8b,765971622.4957528
c6bb4ca5a0c839d38dd8ce19,934950168.461919
1d91edf33a141fa2181abc4b,712584317.3101234
aba4e24dcc6998e5020731c8,765971622.4957528
00af33cff3ff7c6927306df4,550292214.9939119
6d2328def08bae481705e20c,684685762.603323
7815163b8e4a54843d121dc1,680217507.5975401
c9f92088dbdc0d81412968dd,733440419.1851501
8e1bd01ce4b7910d42f59be4,689552971.9573388
5fd89a857727753eae6632f3,520334036.4547395
332e395d4ce62523a2e3208e,332486616.6755734
4fc89ee51cb0e1b9d6459819,688924712.5653857
2571fe181b6ab939eac19d2d,689109892.1118761
af98a0e223a825cbab78ae49,524826373.5990871
ae187fea3c46c3fbee7e6e8f,711910120.3679465
c681519ec1ee1a28f6a3607b,708412767.1957847
bebcca3e75e747b5a01f5485,668898746.7344803
0842a0730545c623043b1d8e,784803020.9632357
973afa2d67c20297aa108bda,490923380.4656402
64a9f0bf04f1c890cc6e31eb,770620252.5572183
9e92b27f554068b7dfb640cd,534899829.1949889
57b7aff18c444fa3c577b079,564364814.4511269
6b23f191d2ccbebf9166926c,688914192.1232097
b80c961aeb98d24d968c71d3,858160585.82509
064c1cd5e94efdf8c7262fec,615168543.330533
723078b6cbdf02c88286c596,780372580.8753426
e239ff5eaaebb287beaf76fa,725012366.6813198
b3b30d8b869eaad2382c5447,861201109.4215031
3f295e6c14e23cff1468bf82,760187162.8538557
be78bb0e06d5768ac1908247,446478916.12050194
4daf52564456895ca7f4429c,424982852.4779465
c832701653f1e7f01913660f,697362325.9980989
82433a009defc21498037127,732585798.913402
b53d3d578b1d7d9e00c8a00d,688360077.6489613
36fab4c38cdd91de650e6abd,869509813.6178293
bed932e11a599f7cd4bfa31a,700490928.5674709
1d9addd835c9fe8665e01500,499010176.1297986
d8216aa4e029c0d3d646efbc,684991017.9853243
c1b0ddd3c104ec4482d5025b,525384475.7166302
bd0f754b0fd9b7af284419b2,867715026.0948484
01e907d7672006fa2bba8b0f,838340574.8680137
7ad046b20064565644ebfaca,644054985.3526162
1ac2b23683ba89e9175d1b99,669811502.9678879
ab4c55e78eb83d80c153f50e,567088714.2745783
2ad54bda875fcf8c6b675bf5,666379795.009574
07e76c765d1137cdd7c2ff53,549068853.0942559
5531b9663c5a37a2bdd97e9a,866390853.404494
c740655aea4eab7066446c42,558417770.0147418
3b6c37e7e6ff1c03ee4fe995,910660536.4845371
1b5d3ddc71634099fa1f04a8,719939138.5465301
1ad916edbe6fd38f40289a04,495849902.46978223
a1368aa4d3ae850bbfd90bca,1005503267.3039086
0f728f676325ece6a001b4d5,505968711.25629765
0f98c4e431100aa87e6fa6af,684156731.5333439
91a08474a18644c43224c62b,535982620.48217815
185dd9366a6dd1e820880917,666346709.9391838
e364018f4d994cd15d4af374,700309044.0329844
77348acef84ef77f6a076268,524227789.3824113
7f8f506137780f4cf12e73b6,485552510.51738864
809082a38e6fc3faa66845b9,696721085.1683831
2072a783a44474cd0dd10d7d,736841516.0982099
b71905255273cbb0af1290a9,644644444.7671976
c7d5f021595b58c507f47d3b,1091500554.9578772
65ba1feafecd7efdcf214ed2,770353946.4476509
72eb64cd02ad2a54b65083eb,865525217.500073
35d79b2ac92083bc439124ac,679629344.3660487
2f7d36523df4a5eee3edbe05,756718739.6685846
b0d20a04106ebb87e2cdea37,994594165.8129882
43650eb8b70dfa256ca64979,657506546.7874978
311fa1bf3c405f9bed13b38a,585642951.3018818
d12dc721a59af021e8ac68e5,585642951.3018818
36f9a0ea831710344f468bba,585642951.3018818
1eacbf36422a54f1327fa291,585642951.3018818
9567966987eb1d3117677cc5,474903913.9078988
e5bc85e227ed7dabfccbd005,585642951.3018818
d1f39f86c82916524273bada,524678776.9662934
deeb837c2c6bcbd01930431d,651946538.1839187
57aa22792684debb8d4079dc,651862651.9543235
5b0530f544da162b9a8ff772,556223140.4368832
b7d66c5f1ad06dfcae5b33ff,657690766.0426562
bc353a421fc579770e432176,570016525.4114335
45ae1e929b0fc88718151191,444841990.20571107
b04449c499843cf46ccb695e,740261620.0046351
e4d89c9d33a0f2659df21185,616400213.4084591
b2a7a8ccbbec39b63e4cd028,424982852.4779465
3be69554b1cb31ed5732a836,612724246.2066877
de7f584df6103e8bf95f4a37,548008523.425069
0f4de499e5bd2c57fcc75013,538486396.3736264
b4fd0aa09f993bbfb1fa8abf,631435843.8878114
88a83e58eaf136a82ab1fe37,582504734.9852502
379429ee3675d1adbf816cc5,618394389.7801821
c6084b85c8d95e0ededc25d1,786094271.8560585
8eae4346936f8c6c67be81ba,460421792.67563665
a13fc9e9b4e47340a5d53bcb,633378526.1435001
7b8a4d701066372dfbdffbec,588346100.5381614
a62a6094ffed3ea7a54fee73,637276862.1674829
bf0ad098fbccd3548d834ff1,631435843.8878114
0a231779f131c36d8e6910f4,612927299.7511182
51ba7338f5900d8ef12206fe,596179694.6263914
81b14dbf863114fdddb38579,552281856.4759023
adaa406ec9ac311e9f9c0bbe,772688429.1245455
4cb11f32806c0e07b4251984,446712521.31624913
3fee486268a1451a7b9fff7c,641836154.7493534
5666f3c36f0ce4eab2c39299,627499437.5274359
8a8dff62516671aee2250cb0,757317334.8828701
ee4fc6a146e888e993a4412a,729094812.4167192
5a16b30f4d580352710e92f1,726925070.1300327
424bb491c71e913e900db76f,723604081.2799103
100bdfc998bbde3d00548bdb,820377592.1555113
d793efed9a723e77ca8272f8,804486899.3543983
725c029b7c5807a4b0ba2bc9,731212466.1637106
b6d3345346f43dba053ceccc,745005099.9991828
888bc3c4ceaa108e048ad28d,836539990.8456327
267e000c89d3416e551462c2,736195558.5159066
0ab4a4b8adda35f634812221,796531672.7963275
823ed628bddea9b56792d108,622065928.3504765
a189bd7e4eecdd18ebc7d353,837228335.528253
da16828139a19aa11bd94ffe,697977079.1046877
874102a58234cc7888902d42,693518804.3214227
789e5d19fa507823cc4c5296,651948521.8583506
174bcb77be3b7e408e61d7e1,715105442.6155196
31a1492e589f317a58a79df7,632931815.8067033
0825f2ca4baf5b34231ecfd2,843780995.439416
ebc96ea800887a647422b8fe,795187902.8580723
969b956eb7769b6f509d3ee6,733378028.0592271
6ef9135481d8fc882a1a735f,742410200.9618613
5f501c4532ade3f412359a1c,681956307.027561
c6d075772255b1efa52317ac,740330748.6988786
535bdffc5b79d62aa6179c48,906508541.9539658
e95653d504208e8da19fdd03,697977079.1046877
e4e529e778dbc89f854252f1,680977182.3558322
ec5866fcdb9afffad2d7f5c6,838831786.2150267
814694a725a50c306d774342,756999593.2591664
1cd6531d8539468cd5f4b315,789578237.9350619
0c3e734afaa6b7c370754082,726925070.1300327
f80eace37237614562f942aa,630368840.947127
3aee70815bcf6effcf0e5fdf,731212466.1637106
ea21ddfa37d60737492509cf,620999188.5468657
67c78ce1b8a64f36ddf90cf6,742014654.9715395
fd2efcb61008dc9d11756381,1066023544.7528721
f51658b9fea670bd943d6db7,797531626.364194
b83b0a53ead29faf9dffc0fe,862316474.4612956
c1329245f57c5d9019105382,838591620.7029948
98665b825fb3a06b914d39cf,970471012.7291392
24e90a7d9a2bd0c30a4f661e,747808444.469106
6e64677f8d730e1f9ca240d2,712241672.0652825
a742819d8e4cf8fdfda6e094,957349223.837061
ed75d1c40109eeb51fd636f1,661098780.8598795
cfc2ab56604b4e3734d7cbbe,828894235.6806256
ed5622c308bfd10602e939ca,931075691.8535678
5f537d233678443192d22642,820636059.592742
aaa79ce67339dc53b4f41dd2,870755867.3848304
5f467c6c80023b0174823d85,752806879.7809302
46fcc0d53b263beae95b8eb9,860261177.9430841
2bd47c19e5d29a3157fb8465,1101501949.7291033
9c9c2f05352c92c02d080e96,1077794920.0724149
cf8fb8db6f74c236cad0cfcd,1032265760.3043714
f42a53a05dc90e617e0e4c38,380186579.72832084
bd612d494e2f21051556ebe7,709921999.2284975
ed1c8ac25a3db5120c92525f,466191132.38773537
2c30c2736472590fe45277c3,516314911.15051484
bbe2c06e6f90c4234a7781ab,733938032.0799671
b527813993b7bf4a10c05683,745058590.7123051
2f610d2242d583654337d468,1213840970.7456205
dc25c9240c67effcf655b02d,666346709.9391838
c35f5ef73168d03cba1b1f4f,480760105.0343136
e88009be52bf5803ba3665d3,620963337.3790867
12a63d4fcb56c1d690e1bbb1,642759791.6563659
1d58ad85a82f7731e0f198dc,1029912644.2551836
a2fdc7da13d098cfeba13b76,526825949.7847215
1969ba34b72e61337246cb5b,427053311.6648932
8be43cd8653accbb8fe8a270,548898157.1246105
10092cf2f8afb3658ae475ac,602335260.8704902
0fd313e5a0f02df07eb6b104,356569452.7645198
9b5f013e795f5fa610d03238,644700903.0303042
b1ec4b8badc955f9f4fe2131,533252962.90421176
e491adef93281c097ab08dea,566073947.1362754
9a65fe451b30c59beb3d62ef,692690402.4135302
0d3245463127143a8a52014b,767240963.7801242
a0e3198470f97f6a169044b3,738455399.2613037
33e4901b6e72593513a02207,519165859.3988225
f45234a3f0aceb12341be024,733023689.6114267
a71d53ec4fd0d64f8c06da2c,957264464.3503447
f1b30c4ea99f19a81d12f73b,1146691752.1723404
a52e2c893f85b49e2499cbab,788200293.5414492
b2fd7ee866066f3ae0dfb3c0,699961717.5724976
5acc9d767e3117bed0fd8464,742836893.132034
0449a82dd1667c8c564904f8,786102442.9049283
a0a8d63b5f43b87c0c7e1fb1,777332749.6240293
03de77e22e987fc3fed4eb78,709725509.8419455
3fed1dd17fcfbd2b86e73143,446478916.12050194
04fe204d03bd1c9876242ccd,807782833.2578388
32bdf33933c29b1cbf89539c,632931815.8067033
3f6c05c97778fbdc86304bf4,774991468.8799839
478e13e8c1cb5bc80f1080e0,687644293.994715
3128a4896665d38feb72b456,742836893.132034
fba6203abad5f4b3b721f29e,524917745.5054336
b25f461b3d48d833a73316a9,870755867.3848304
1282e129e1a355b161621dd8,780870386.9454129
293320b55fad21ea3f4a5899,287059674.87610376
de2f5db1cd1024a9734871c3,385239582.78980273
200897b1f8bcd7c116a85306,383881054.08322966
7023f5a68e1ce9cfd23fd021,391985418.9188915
13faa4142e9d60412abb4184,355103320.44439125
d74d0241fe5222f5c5b67222,641141681.8463633
0e51111c47813a0b0dd51b64,584186201.8675039
25e3793214088669aaaa4ca5,976672652.1685859
43d7b77a99e86e8bd21a19ff,1091064215.0137756
38b87cf007043b76670207d8,1029601332.6453335
8fedbf13ebb7cd3475fa3074,939376315.6434802
4be510fa977b93e34a789f26,618394389.7801821
8f165174bc07c28f9fddeee3,981224733.2440366
7ff6f389e364e67c4238df8a,570462298.9003549
2c91099736f3158f7f09778f,425511767.54479706
7bb1bc81e6eb3b4390440165,703785405.9671324
74e43ea3081841278c76cda6,606561085.4957895
9b948f070b94c18e00a857a7,572550714.1144763
99340b6cf8f818392d501e9e,949699164.6961951
b27088c3ccd93e7d8d5571c2,774006284.4863063
4b45cba0d601f29c2b7db97a,657952247.0903038
362212de783981c9ddb767bb,412175822.8933189
5aa78a2bc8ec5e2be315fbcc,1008642986.1315491
92fecc04105a999a622ba3cd,525474505.3914361
5098115b26f2473c812b70ed,709956417.0971597
e9860f6b4c3e6699e62f6c31,712881908.1616985
71273ae563da6bbc66aa87af,533504275.1868738
6c6e7af42a6ddf62b04c35fe,531570064.66373795
484922bbe02cb218ced0e779,461866762.706192
76745c2648b66151008f6399,740185633.6649661
2100201e0851e80488371b67,669462683.6037561
5885faa4aac834118c5e4351,836084637.120239
f340405bd7f2c4bf524c50d9,871112338.2999669
1951c1c8855fed5db8031e5c,799474365.6742847
7dd96ddad0fa88f5c5978e39,804726002.5353175
db7535339826028d0fb3355a,494352784.04141045
4317746d5b88142780e6897c,825619243.5311668
5796e37eb1a995db5cc06eea,454407069.6181271
817915cc3582112fb5541a49,874293856.613463
ba524c4e2f13109ce814ea38,765853927.6258471
c2439ab65fe194d1d60eaa07,903326085.154273
92e4dcc5911b42e7f70311d7,654674227.3737838
6bf86a580c8b510b7447071a,775719144.4186801
975482a692bb98df98b2f243,505384105.11770254
336888717766096b24215b26,786346837.0535382
ad79f4fa23a28cc84487517a,860214348.1757193
d925c1d4dcb68990c7204b33,874776664.7881652
f4658aee77fa0e35a71da7f1,692969243.3532604
210d58091ea74bb902915250,654801591.3757081
186d4731b3af01bbe4d08b23,638000072.6734632
b760fde2d4df27a168ce0e80,882939905.672292
2e653d2567a47067df169d97,745124598.6172496
8b63358f3cdf8df0eb1f43e2,696641800.0735793
c09d691e4c7d7b8c8f6a8370,887273422.5467168
4502e2809bb5bd47b2781212,726318522.0111637
d03101c7f823dd7d17e49a83,848117968.1064253
f5dbd7dcf63b08f711561e58,755065912.1639479
9855712ed7be7e865656de13,565240976.5447997
5a6397b85f45fba27dd9311f,665697750.7100443
4d1b0315b5aaf21bac150d96,773322134.7871984
32c7a2d032ee21f8bbc6eccf,599257615.9503751
beae197df95b84881128790d,741457295.1705776
0cf7a6d43221664a060ef681,614880058.751912
c431fd6dbad57351a497fae8,528178784.75786805
b1f8fdc8e3e25517ab80c065,582782946.9654342
7b346d5a5f5ec7165d1f8644,578195951.8617725
947ba86487536d611f548142,1227769636.271916
8398ba3b03595704b5897704,497012349.4095133
3f895518a7fccca44e534578,566073947.1362754
232e859fc353dbff75c97cf8,733023689.6114267
b234ef225690d57e7c2af4c0,738455399.2613037
393e2e7ea1f20eb6b4148d60,641576874.4475963
668db5244c4d5b5c76b0b395,781918063.5025568
646de9441934226c2ffeff77,742836893.132034
de53880a3299626eb6c2cdf9,1146691752.1723404
07f10df13b244dc33b464582,683311395.8550369
e4aa393309860fd5e30f49d9,1213840970.7456205
8c714badfcdef8ccc73df9cb,1155092214.4893537
0f8ded86be8d3543a5069b6f,819276155.8598995
3e9d73530ff24d3f4a543091,613802441.2305093
076ceb408227ab2563a663d0,454481251.0371323
e0ae474a5307ef4057da4994,396908829.30442846
d41fc79d800458b1691bbb87,863607162.8569231
dc8262e1493ed593103acfa6,676172604.7801602
bd6c24498bf413b6c5adf81a,576893303.1007074
885c77c839d705ca7d04d383,752347014.3959147
b8896656cf6f5dd7c33ae46c,607785192.5721667
34a9e3ca94ac06347d879942,822808272.1688708
ca3b5cd3505049f1471c47e8,651052221.0956973
8c05c66be6008af7f6dcc10b,955517901.2627668
565fb93190cd34ac8b01f01b,955517901.2627668
6c8119e00b901efd2dd40f0b,717358970.2892243
34c92caf68dd0cec9fc383ef,920288707.5962707
68939c438c34e79a317a4f3b,894712175.5928675
dfaba547699e319462abfd6d,632563704.33891
dd1d2e305d37d9dde55393b0,806069922.4012824
c32df77def9978a84f8ba7f1,788200293.5414492
62103a85a8ddcfbf5e40e284,767240963.7801242
93bcdd2a8ee1d5b61d00d58a,781918063.5025568
9700892d7133ff2c0d1763e7,917329569.7854749
fca6d7455056792cd61e2ddf,423433626.88432777
4e84c5953b493be7ca96103a,653176819.6515986
42fc4101da60fdb41f41f0a4,904901877.4210948
12d40725335f83e2fb9b937a,639465870.3491727
2b9681901b216f2174af0089,701373617.0170503
9ab74e81283becc00a779172,425459034.03885895
8f378dc1215f9213f187c02c,536852510.960009
4a3a6698b5490216e8f8e6f5,1459795932.3533304
0dd795526c080e8efdf8eb0e,612656997.1991159
3e7217f628a1d0fc9bc47071,789578237.9350619
157195fb2358bf2d5051c439,650739414.6253141
37063e689732880621e4e733,995208541.306789
3bc68bc2d6a2b81f9e3b9a50,924967020.6760374
ce21f368495d385fbd98de73,633886438.5954789
1a6af7fd6a5b0602052c4c27,735672635.6697155
e38259adbfd953bf085a69b6,685965956.8372569
0cb6801c9b57e874102ca349,644388482.8548423
79f1a5bc0be914956d632658,663464149.2829928
f571f85be35a72b2ac358d27,552330274.6360226
163bec92a997aa8263f5a909,685204370.2179124
9ce3000cd80aeec2c5188e8e,463664821.9786594
6a6178c4cae2e92a08b0dd0d,620963337.3790867
d52cd6eee468311666218625,532062553.9503255
8eccd2a6352c33d8c7abcea7,1007191333.6883577
53d3e32b1dc782308e352a33,923543337.1958711
be26f0523e5cb13846539384,720972112.9307193
ad7739088e8febc68abb42e5,716213722.7969493
add4f9dd26fa34829aa25eaf,792108049.5782855
17005d6ec889a947397ab980,330810093.3626795
3fb3a581a9a74146dcf9b71f,627227891.2724072
51c4a8b438bb0d97f712af31,666069826.8326474
0aa1332c56bf357f492da2c0,387211296.0220055
6cc06c89c226a062fc46795a,389205348.20674896
682b38de3539b2a584446922,371469249.1310402
1cfe9cba4c2015e7b58f05a0,676718511.5464499
17d34f9cb105ca5010191142,780890754.3688275
1fc0faf46f3b533f2cae2c06,868277292.693419
12f9e1f78c630defe302f781,777902078.4722062
87bd6ee6f17d2bd5b61b0ddf,906315653.7379781
fd4ce3ddaf79d1b97043ce0b,1069323360.9303899
97aacb0847561f45a5540f21,668114521.1110148
a6dac56445613d70e49647e5,784169030.8501097
8b1acd29eb268fd684036180,538996522.494879
656c13ca7a1974df58e1b826,1032265760.3043714
56f72c2d672b7bc3c264f7fd,712410737.6607723
3771c66b9ecd6db0b201d4c4,526434215.36011016
45e2395bee937c187e3486e2,779322067.9605509
7c6880b05c212c66b8961b71,711315058.0588659
e0ae8d2a51c771aef5f245e9,562767177.5620052
3573093e56e95a982a41879c,784472028.7544988
0920b2df9df4f0e509a7efb5,483163701.27158433
43600371d44fbbc81f6b6fa3,415356286.2269914
2684f67bcc89c8a5b95e5592,758787102.9544914
ca463fbe3e5cacc152aa70a6,526434215.36011016
0935e87627068206f6d9c0c4,525601104.3446377
10afe23f1f58f96422c97934,346318124.0411906
f3c8cf1fbbd6cced1fba0930,516069999.25030285
abfda926d174a8da1d946e27,594224197.5418764
fc9fb2f209a4b5e66f89712b,641576874.4475963
15d10635d71919d0c9663fde,626026926.6904691
79733fdf8881b0d25412abcd,788945421.5671979
7254c91fc9b51e76c6fd2a99,830160761.125037
b732021729ecf88d6297b48c,840632758.1748259
edf4e11d1f1aa6f8080c3156,888059587.5664974
0706ce398b2bd64913e68d39,648403544.6279529
ea4a797b3d73d1b2cba9d651,734014461.3395168
6c598362e322971968739673,385122198.9274201
130a119701171ed3c439c527,695017493.9121453
849c918d78991c57f32f2031,554520939.9049114
036fc9e01b2b1e3ef4574372,808699494.0632888
e4ee1a81aa121aa5f55e20f3,811909675.8972412
de926223fe4296d96466c685,928191188.0326813
340ae520163a220061bd7f28,540441621.8394095
11e36a3effeb0119b8bded5b,632931815.8067033
2492a7a74edb57f784f6361c,548095782.7584317
1900e7808046a5fe89d8e440,530264937.0764617
fba35c04cfb7b6db50cbb57b,762016674.2395086
daff79365fd94d1d3a2bbbd3,533126036.9897043
51230c899cea0054bb74cc44,536320868.03958464
5e04875f99a5e4476c0b4186,726336866.2844144
542db19bc6b9a1366715dd7e,701491108.6354452
a117f625c794b7d52ec67cd4,715819354.4947456
4c59acda820b7b75823fa277,623977666.7941353
f040a167241599987e7b0967,527220100.4504047
4a016eba4744dd01954f137f,269954570.1119626
0d995f0ad226dd21bc96ff6b,611275544.7358066
3d44c742b1aa4c022a968ea2,375473129.73976314
e47aa2541fb576b9915fd625,575922498.6487559
61fe9ea90c8a777971db8384,774847753.8531842
4a611bd82c9216a3771ca7b6,806921382.186976
0cc5caa9b48a835c92da7653,792819859.3348647
9a7f24ba55c92696d377bcb8,718046798.7206715
32366fe92222b329e3d03b29,798980434.9948705
aa26461420614755c2a52db2,452979052.3137041
53a447ad5e011909080c0ecb,1213840970.7456205
9d790c8c474c9de2afeb00a2,561248022.6308014
dbf200ef5f1e15211e2fc6d3,704828255.5205954
b96c9e2591a4cdf9c4e0c09d,711841731.8362942
78eb6f51d94a61a967da24f4,750488481.524355
fb338e93dda9159476b8382c,329470433.2375096
72536bfda19f78d370d95f26,872836844.6065838
7c581e2b9daf20131803eed3,719130271.9787127
50cb0ad562ab5ef4e06f84ed,666346709.9391838
a24901956dac4ee0e4b0c91f,864524951.194966
c1b386f478152f9be1f546ea,615556513.789087
1f34129d15f992a3b62d4b21,275280025.77152795
299117d35bcdd48afa4c2eb0,659314946.6477095
4ff6c53c0bcfd1d24bac7ad5,452979052.3137041
2e52008bd11000eb776bd80a,1669495305.7890372
56b78bb57b2d1f064c47891f,747348732.3080988
ef64a8989a6444cc529dd1cb,728432611.6791536
078f7c6532204fe046b13d14,680789218.083204
28c0649dd8b294574a876e95,958367865.706366
6b9b9d28723c7ad176a9306e,759908313.1508112
a640228932682c0c04538ac3,784352382.5685996
b19efe9cbc26d61daff5ae90,523770826.7274866
dc69d70e4d2713fcdfd93dd9,599429999.4871986
358e85ba765ddde3ac31be33,356569452.7645198
5e6b2661bb7ba0ce4776d483,396908829.30442846
0b6dcb5c1952dcea931e2c20,634584416.4227729
cde84d2435eb1d0d4ffe2a43,641576874.4475963
bac550d41b2cbdc6a110ec7c,666685263.1767888
78fbb49efe7dc0d8e144ad83,806229855.1759937
606affed5c707249158c4b49,705556688.8838792
d44778d36fc789f8b8c745b4,689786616.9257345
27ee3504d1df34ee8ae5dbb2,688095545.3280643
60bae7a45a084f117eda823d,691822251.9094927
98aee6a36f208227a992f9b6,1156826053.3159661
388a6dbda422f886e503e685,1213840970.7456205
2869a2d2689af65497775b1a,1001159724.4128654
19993833220392781bc15279,1154269993.3406181
f0efda3f7fb18af1b44d6aa5,767240963.7801242
cb915d1ef92dff803c5cceae,1121190285.1999214
4bf02d040efe5358d4a5940a,817840081.1867336
1382140d8fb634851d4d210e,1013701407.5006084
b8ea07763f2e1a3d635eb23c,405740391.7710779
8ec00d454698c119085cbee7,729811886.1504786
30d5185ca2ac2fcda2bcb79c,597307858.8510696
d0ea7bcd8cef8588ca50c778,626660174.1928815
fe6c19c6f54606a611d412c8,343777644.51327705
f22ae3d17c92427f5227cbf7,400771633.13829404
92b3b7d8dac6b2f6d5fcfd9a,682795795.5906217
8c44d216517f5c59e2611aac,437355144.28066194
b85fa4bc59149a7a25447537,392244254.6955366
99f10097f39b32a478877340,596081037.5275271
44f8d5ab70828e06198579f3,955517901.2627668
1f674965c913f9fe282d07cd,333780110.0723067
60e768892afb284b0e5042bb,604348866.3051336
8a6d013451e46411d35c2b6a,601153181.7203027
6f953b9964d60f6a74c81226,499769157.7407162
05076b448cfbf9dede72904a,706601901.8849521
47051c25acf866250b5d3ec4,619758558.4766471
0952c73b02dd5432aebdf2c1,457713335.1688793
cc3ef2f4fd5568aea96c257e,579493053.6593175
834fe4a1e9e4efeefb5aba08,468355492.42615247
104cd052884247b14d697673,553401354.046497
8bf61f106e60d6be03799de7,731400639.5684849
c13e387f56342f88c993f0a2,738788656.0539898
ae664789baac0c47d13c3c19,682168980.0758708
ecd1e3003c5d74a3c7cbdb11,525164413.1274888
561cf254aba002fdef8258ff,648567950.5254258
98799228c26c9e4899bed65e,426890701.97018296
03025756be203027ab75aaae,635021020.7322037
8997555e7bea06f7b90ce821,729378889.2782017
e91a3f962129068a3a76d209,707398134.9779291
4bd0a354d75759510ab6bb46,669778247.5167301
f6c1705a83c039f7a7d46255,674177928.4626104
0c4afcff5f5a90cb79807682,669778247.5167301
d3222a7545e302bf10894658,752257963.0716457
03463535ae93b8b123eaba8b,756131924.5241247
360e5cc9ee1282e5a6ea17dc,674177928.4626104
07f24808e42c9e11a7c20232,756131924.5241247
b80d0456fba49a40fd774e5d,758954333.9306756
f865411c20924c43a080794a,760025836.017773
c578eb2dffe903475aecbffa,485968228.64916843
d639498fabe1db1236656593,488470857.1055415
e6e3bcae6ba114caf108049f,662932753.479251
7dd9760286606c45e6a15926,593611886.1572715
2c5f07a9402cc93f4c683759,617894457.4111499
e3295e732bcf306a2d338387,523336619.6442008
240ccc45a242f80f817b04d9,751197412.3123606
a7ff59863f8719590146e71c,674177928.4626104
e6477c2014ad081d22f12b9d,523336619.6442008
807687fdb46614d9aa139b20,526031687.0156264
317d8f9d18599b346639a4d1,485968228.64916843
b85acd44e18ab485d3ac543e,360790498.1486782
e61476e47d7e7be706d23fee,682363313.7812915
270a97e07eec2be02cd89a86,677910215.0620003
4c9dc4494a3428435457f575,356599573.0042995
26e58d0b13e7f7f5a54585d2,755065912.1639479
166e1e60acca831bfad07736,760025836.017773
aa25d9f8737f142b8cfa970b,673227456.7507436
44cdcca08e1e66a1496fac6a,670723849.5879244
d75b7730e8c291ed41d7caf1,755065912.1639479
6d1534800bf0ce97197efb6f,617894457.4111499
8b13054b3318289aac1f13db,330817661.3772285
c6cb6ccd3f5876c9b9e29685,521223710.2943422
0356797c1683d002bcd94899,1040989839.3844056
558cb38bcb8de04588bdfa30,607400121.5445133
0685f2225b939147c8482e6f,275280025.77152795
cf1ba56710023ede80a8381e,856044780.7940499
2d4bd56e71f90e6fb387a2b4,1398512564.6821015
b96b8e1d636f0c10c63e5c6e,649912617.6894009
534be635a841fe21c7a702f2,754772371.9293405
dd5b4eb5d20b8b9c813ba52b,785979246.6625538
46941e09b153ec19f86c0c2a,962559569.9418226
9f06ad3793ede2ba7f39de43,794621902.8020948
b3df8c66475021fc04f107a6,699280232.8562651
468df200fa490e667bfaa31d,867856280.9021479
8130ab67c5e0d96a9a67fb12,623097968.5778546
f7ea437311c0d217b0d572b2,624449160.1476524
ca0b59b35225b44447967ef8,390380623.36400986
90961073d9887bc1023315a0,389489339.2036858
a1421c30fb33a249bcd54394,381572843.7684993
c87d9677bed80b0fe06308b7,324390169.0834935
d331a4d58875a393080fdc48,390589488.2608744
2f3281ef06475d2114fbf9a7,472365698.91743296
487ede1f7f155194b69c531a,393225536.54326814
04308f869d7c992ed3ea646a,599824129.5950167
912471caea3c71e3f9f70877,531197750.35922235
1baabd705f72393167dba5c8,629439719.814325
aa4c66791884ea2a8357924a,610430873.1956565
1ce08c19161bd0545eef8a16,556223140.4368832
01eb0a2c1033c30830161321,668560801.4772849
b2759de47d28e8cc05c94e36,600224302.2417969
bcdea05b890394a10d24601c,548169774.0802823
db9f66f68aa772fe29e37edc,592845119.671188
bd094081331ab259b1076261,656744536.3737448
81e7c8c1894e0c3a9315ff27,438709228.3612751
7cc9cdd32c209a62908a18ad,522631450.06413704
1e18024ab7d931bc7ab5873f,705712191.9216677
baa146a6537e8630180fdd35,749596842.4850748
8b788f742021f2438ffbf528,345190126.2284731
66d41314804d77ea0f440695,601974651.0674402
72dec1e6e65f6117e10a2473,455339528.17377245
4066da904062a0041a809b02,580781835.6070044
b7570bfc5ddc7caaf610908d,522631450.06413704
f6c6eb3fac9658c4951c4222,568796663.7482791
5fe25ab9cf4ea071cd6287dd,545682507.481794
0ef36d33e6c378c946b8a65e,567898449.1522906
991a94dd1e99de493672da14,567898449.1522906
798d87a368f073efafead25b,567898449.1522906
9e8cbeb53820394a460f0879,559878078.3977226
7b5582907bf47bb9e873a513,590403521.6022782
0f21ea53a480e4363b8d7aa9,749310290.6470776
ee667413d1cc49427ad448f9,565853453.7302023
12bb70a95996dc6e286086ed,551239366.1774284
9e9e3655ffa5921889cd8ae1,897139303.4650364
f2bfe55b6188070fc5c3f59e,718438236.6768534
1f00fb18ad48b32c666fd319,595474081.3852544
86f15ce6ea8e97837e6b9383,676737430.7115812
7002d00c9acf8b8a4a5865b6,912342990.7432549
3e85deb0237521f1a7a8fa84,747808444.469106
1bf77cd1c4037f4d2ed28036,811762636.421193
ce8e1e2e4a79fa55a8547457,1011766531.2493634
73a8efbc036911954c07b91c,828894235.6806256
9a2051367d6dcbd90a4d60e0,715993135.852384
3804d5b313b742228ef0f1d8,862316474.4612956
fd7b741b96080ca5b964cac4,860616856.7252916
c4cf9ab3776289a412684892,640814933.3928936
1c51566c7dedd4a46503131d,894586111.9933156
62259b400be228a30a655a59,1090388267.128318
e5092b4a94f1c231a0c47680,1101501949.7291033
6f435cb10e5728ef45be9f29,1139337410.4927335
04a071d777e60627223e28d4,336343043.13003373
1117078fa37ed101e9120923,790076976.0250094
d56fda10944b088d9cbe1162,389489339.2036858
e01c49250329331a442615d6,467963272.5614505
30ab0bbf876dfa515b266c9f,410897510.3024878
6aaefcb58913bb3f49954b2d,779831147.7302511
629a6122db92e378f0eab96e,743598685.2088114
a8549fa4bb56a2bcc0e15b11,269635504.8001501
34291b30d129222905ffdaba,612724246.2066877
cd5658fc146ae4b5d78fb565,549834577.2993026
ce14bec246191176c16c4e27,631201948.598357
46529f0455fd35b2f4a489d0,519121608.55982864
52b3823c59546a6ff3de4d09,313397054.8268653
959b7ea50d93bf1c36e35005,868683649.2301271
5c6edbdf110bca5a66a51585,269635504.8001501
d4f6cc3cc6e923cd37d0fbb7,369858264.3372457
2865962bdff8929888a51341,757317334.8828701
105bcd15e02d39f70ec2ecb7,493769637.76811576
b2357bf117ecb5b9082871ca,313397054.8268653
273cb73a7bdec0d291e845f1,389489339.2036858
1f4cd62152d4940990ac6a9d,396863329.8184221
a13ff325f90eb49363f59052,752883483.3292513
40871d7ade3e592560d0b3e3,618394389.7801821
ad2081cd75928b8f5e506944,876801502.2285236
1508ebe40f90f90a68f6dd69,389489339.2036858
d3cda82d1fa53a7ca1b46a33,886934383.3600783
dc20d46be2470d85ad9e7e45,574565966.9095565
0a7fb26822c2ca556f62a257,549834577.2993026
40a1cefb3cbb7e2972e30d97,439248731.3798842
4c3a2b3e3d5999f747ae0d53,729410733.7440883
a8870552db951bc4e76e7f9a,530724037.0411832
cc48e66185c23195cf958612,628690487.3308746
09d4b5b5c2f97ff88215708d,720535930.5704411
a59320023948e2d915c07306,518310343.06534046
a74214a0d4d40b898ee2be88,481476388.5130508
dd9f28d722d43112651786e6,659883016.6411916
275360e29bf3309e09ec41d9,405667097.9627484
1e21ee2ab4ef88194cc85166,743643550.3965236
268c1e17bc17dd646d1885cb,531855281.22977614
33e22ea4154e8f71062dba8b,654264758.2157551
5b5db88fa09ecd8f4b9cef6a,629049088.3901119
c41dfc0b917edb6e6ef7b1c8,528602304.0757975
3ba6b07e752fa580f630eb8f,884613250.0262288
fa6db64bd7cd8b0f1c0e2453,884613250.0262288
2422ffac7337b402339dc550,852621241.742593
dd6d47e2626e2bf24f842f21,724123368.4339415
bb433dc1bd769d684d8b3352,930058271.3700048
812ad0d57e4291da184bfae5,438709228.3612751
51a0a1a680770b625579e25b,1213840970.7456205
a91fd5b9b1a791a6af59b70d,761172684.756302
094da6ca19427f1a943105f6,869642766.9054005
7af0a604d1901925aa179436,797810380.7469577
890df90091e14d1c3a1b30e8,359068094.4587992
aac17b54a68bd216e2bd1d45,354906894.0536399
fce26c7fbf0bc93937ea5198,568736974.688553
b4245f075bc41aa29b55d324,719991144.5882283
bb70d80b0c6ad3022160c8af,395978101.130424
ac85c8f7605ceff58dcb55cb,306199200.9785016
520415ebcdd1a4059d18e2fc,669778247.5167301
81547b223494084af3e15bf3,656012362.9260349
a0f1496a0b4a7cd8b850f010,859008418.0020735
436fd4dce2ff0f71232f4b6c,366901824.9182056
3923f0e655615aa6b52721b8,708508771.8324517
afe03b938be9cf14e98d4a0b,639072184.0275093
0f1c472b94feffc41f1caa44,643270161.0766784
5b76ae185e6b41243777cb4a,463035237.8875593
d70b133f81d6f1c9d93e2ed5,550816382.7315463
865459f5342a0102d255fa07,466076852.51293445
fea5eb95dfad452d6786b042,348812195.9608385
415622d0f7adb1a9f7009a63,305397573.3862663
543edc342ad39b149501aaeb,369113738.3820317
89e1d01cb5bfdf567faca443,801001743.3942826
e86b99e5dac8ed0d8296e950,416693496.1585142
2c85b19f02bb3768c10d14fc,646582859.552299
c17a3139c360750a6de5950a,465419766.5343434
cf76e6077d47a14abaf0cfb3,347804766.64963186
82ad4b3d5a215f17e745d77e,724159982.1441004
dbb4260c89524c78de7433be,535629349.1936482
5b312ebdf71ab7971f9fd2d6,553591377.4484885
b3413352f0280412f53562e0,345534994.9171098
28fc5f188c5e11717cdb4a98,347804766.64963186
c4d7a906b747428aabd368cf,642363263.8535906
a4dec2ce375ab5e4bffa5966,654433205.3177845
546d570784c7ab8746bba80e,611275544.7358066
cca9a08bc4a91f317b851f11,955285932.1719182
bf43226ba66a3e2033d32fe0,558661532.8799329
c2717194de73e1a1d8dce40f,301951763.1562263
acfc06021a7a81313d85f62b,371288723.2408477
2d531a26f8b1a8afa511e3dd,534148183.98619837
4a8acae29064919c68fc8600,573976678.6540248
691b030abfe1190802349715,338843161.9738531
a302ef23e1d0d6a273274cd0,391450879.08654773
a742f415d6c57e8493762c57,653586698.3012844
4672d1c9c3b04fcc87a0ae9b,766138415.1931566
371a0ee537001f7a9d58465a,645671292.0099089
ca5eecb01282d4a84017bd50,649912617.6894009
40eefaf8c26b8b4736308bf7,572246344.0827565
a7ff08f7e09b19c1546453fa,645671292.0099089
07a6da2c9c4833ee4cbe8625,544819747.9880809
b2d32589626abfc81e44cf70,649912617.6894009
aeb68eb7eecc4aecd5529717,649912617.6894009
3c0b438c7a4fcbfaff9f678e,649912617.6894009
c37b357d57918c3a651a5760,649912617.6894009
b65c0544e9deed76615a3138,527917778.1504422
3a8b7b9048c82797fb01a8a1,645671292.0099089
7549cbd5c8003204c85ce1a5,608170077.3631191
21b4c1ad11bb1feac4d02308,732670649.3110603
b972611aaf1b68340de16545,653510570.1754873
eb3356f3856526dc140be7f4,633096887.3499731
93ba409ab36d3e10eaae18c1,743427103.8221334
5717732a654405ba208c0f5f,863993041.1974403
aebb556fa6c9275a9b5c543c,1056389616.3732091
fc72e535900c592d6053b806,727889245.2346461
04d77c8ade9a55fddd28b00c,649912617.6894009
028adaf559a05c8882893767,649912617.6894009
95781f187bd3fffa3d1b19f5,628276757.3507512
cc2c78d41e3fe29de0b4ec4c,727889245.2346461
f78886545677e19e472fd0c4,467816574.97411543
3dcdbb92628e6a200adf48e8,1484565072.559201
4993d1487d78cd9ae2c23619,955373569.2830868
a8a2c61f2b994411af5d9bde,996281008.2427981
57fd11f829e31e198326ac98,881900591.583343
59b9a5730cc8a41bb7a1d16a,761731644.9984163
85b8a65f1b00f78e67622bfb,743277240.3240622
971c610e55f133a1d1e6c2b2,814553647.7243221
0f9867abe3ea0b9c5363982c,783474921.9741305
086521dbe18727963538aa7b,681545363.375228
bda3c74ea6f73407a3c0a17e,625069886.9424883
257c765ac81bcf773473039b,278342872.69531226
80d2415c0460088d69574285,1155939049.6947956
1554f8aa4c8fbe17e9e82d0e,692259069.6100925
00f6a62599f25ac506113149,648996355.7766033
ae26e4726c16cb2f6a6d3f2e,697401929.6417584
8018df1613094a9e4606c875,653259523.3414544
eae4a1cce7c039c644f01c6a,729111902.2491336
b07cd6c30350efc5de211a8e,1263818395.6237588
5a2624a08494481388f6daff,867929050.1532997
b8eb177e22c63e84738e7788,603596530.7938968
ca02c904cf5eb96ad20705ca,579937588.7137665
8e6dfdcc28f830f2696de9cf,837469690.4376185
99fdac6a2ddb1136f7117f0a,516897862.4105609
22e9f1b4b5e887cb5f0dbfd1,461234549.719492
d89f812c7edfeb3121bf639a,758567297.5774529
19957244dabc3f727733527d,493454714.40301865
ad1322132f3b533b4aced580,371312589.67909104
40c2ea5f89f5b77cc09d1455,583926795.0251169
140c4de69883df9f3fb3a538,343533699.983269
5529091bcc05ba5cb2156b15,564147209.0076165
55c5e58ec636586755df3dee,613762105.5923233
6049fb02c166ec9b4471a7c6,684920933.774962
758b4df32244a51b2271a891,529086968.6758667
2ed1ae5e6fa77e447af230fb,792491322.4098659
527a1c27e038e45d2d1fcd9f,455172508.3517489
1d0c3ba50087cf01637de6c0,560542092.042985
d0804da971548399183ecb85,955517901.2627668
46a7d0f520dd1e78c0cbce0f,955517901.2627668
57e5120d0b71ec6a67746a59,738060426.4270524
b5292c1e1683d40be46bc2de,651156445.1642047
01e9c7531cf3c63c04b9189f,617218718.162301
06e91b526821a6ad1372fc44,396494219.7962051
34bca71dc9c74a2072f11e9f,751467156.3593143
22385ae2b3e7640e8c40411b,655968650.7764307
6e4adafdd872a2837921276f,392447302.6023845
8cd3031963c612efd0049f8d,597044261.5446459
43b2fb09efd1593a94b61b4c,608703604.5101901
74448f56811e9562536eff6d,807991923.503587
44f0e088fee626993778e7fb,621570027.9203161
6e6f7fa167c0f617f50c86cb,751576174.5964675
83da5fb4c15e3daf727a3cc6,699933429.6508232
b45c8a6224ae2656b4189526,785931815.6800295
0d926a0b5ef567c627a7eb0a,916371146.7702397
c73a1177d787a5ed72b8a9a7,944138912.3997867
75c1083db5c940e626c02f53,304359073.4188568
b925c9218f5132c6c81f3a18,340655784.3006915
9a091c59b3cb4c730372b34b,343227294.9184377
bcc704b2e178dd20497e073e,356569452.7645198
6f65de020f663622146b89aa,416437437.57323146
9f3680d00c86707fba024dac,681822000.6310061
18d5cc463455fdb4d443a6f2,546305222.3565923
f1d76d78f9266d9552bb86f2,554104179.1503612
74dbd25d407e51337f883659,741721239.29426
88ff73eb829a6ec5bfcc0222,695559700.5728203
ed5559fbfaba86299e87ed89,511845494.2153677
5d97aad3e83e26b551c3399a,756453691.362112
2258ec00dec6a2b85f439135,756453691.362112
6c94fd185169e708a08d3535,662932753.479251
ddaa88a11432ca21d3eca774,463624578.3671852
2749b5cfd2728ebdf124a0a3,641826185.8181088
a7546a6c6194506dffd65360,817142067.6641504
6de7bfc5e8149ebc40ec0e4b,585505204.1986394
6f83f14861e13af92a2b8cf9,435521477.8181708
d71d0c8357f09fe2f77bedde,499157716.3424669
90b28f5125a0b8a0e3b10580,733938032.0799671
940e08f8fc66ac29f6d76687,742431420.8033329
41d2864e1f73e29f222c61e0,722852723.3451468
f7399e57df358ae7adc9e08f,668170222.3133439
1679719f26e7c650f24eee6d,745058590.7123051
0803ef3270948a30b3fee2f0,483860253.7731825
4a3defc2b7d2cd751c9c970e,823854278.7555094
8bd2490f83568ba653cb74f6,829148125.316831
b4ffd0a2cdcadfb962578199,701772297.4826221
7e5064603267b61520d8f83b,509804666.1919072
88964e1202647db0519a8a00,473438933.1997618
f3d94d0616744b87ff139533,687080556.642852
60704a08df293592e4cb5719,473003780.0870518
347d5081f7bd36c8edc1f352,866258383.5948155
41d3afc1118758b5314db48e,716828664.3700261
80a1dc97797c41b61f46ec6a,634394028.8358394
c0ff8812c1e8eeab07c698a1,431102715.77961326
a9a4a765b1daec2f3ed59a80,689068903.9574882
33258f995a375ca192ca4d3c,844758221.5787383
80b6c823bad5b4c0fff46657,852420435.3754447
719055eed27f361071cb9eca,783693395.8223689
9a354d8c526efc5bcce59dca,578083871.6805652
9850d970fe9fd9bae89f09ad,1153817250.434912
f2c87b07466aad7328b7e0b0,474611336.39207107
27ca0c2320c520342717355d,475713319.9736451
e958bd2b19db118c31f893cd,475713319.9736451
46dcddfc78444011abd29870,671451334.8856881
061d3fd39da1b4b1397054c1,610059875.667935
3d1a8884a9687e53e5fb0bb7,450015113.049177
1c0236d4bc291372483a9151,620553403.2104764
c1420f278d45b85c56f415fa,706932169.1839457
ce6fc507df0105c68c29214c,411644718.68730897
e4f26a73bad4e41c375dd897,843395903.2450937
719190aff81379902beb6497,810086690.5292518
da627dae6941b59d1eb98e35,702410928.2666783
2189d3297ea703e50ec34d96,764978053.3346703
c7205874bee601a7b01a0cd3,718266445.8703091
a22bc19d0d83b13a53630b7b,635400779.1227708
8acebaa9fd7e917d7e3b391b,745418098.493076
4e104916ab915cf3c0bef846,651353007.7662846
b0df95e9fc94d9aeebc960df,626189528.5956663
ab419cd48b81038c5a30c721,476415550.1339298
5b9bae6f556700e099fedf08,887724593.9888184
989360149d9cc6088391db4d,722338492.600792
bad7560aac04600e1ec1a9ce,471502145.19694304
08d9f04bc4ebdc74e9d80b16,753473238.0770314
f4311c45516bafcfe8864c70,748958259.2136226
c84e1db639ee43ad83f930c3,747348732.3080988
f778fa43c92344cfbd700432,664757149.3668364
2019bd32dbd09fa285a388f7,763299219.8759876
4db834146c4e73b515d510ce,572798362.6978685
9f9f2548425519863e2cd6b6,528234560.93530405
6c3bb7e1696df587990161b1,492555248.36615825
82f08aadf1eeaf2058b50592,737638806.1301515
753e74e4dbefeccf3e6b27fb,563765848.8200035
a26149f589edb9a903782a3f,696343467.5493925
bd264728a0464376e22b6bee,538486396.3736264
2d5564a502635dce2d46ef8e,774822282.2817894
05bcc7d7db8d352216a4af59,620891788.6379935
4794d9994512f01a4bbb6c48,498087113.4967315
64a4528640fe492865ebc0dd,738265717.7018276
f655ec98cd42b0bf2d7cfbfe,832751394.0166945
b09de5f1e028d4fafeb8a22b,622065928.3504765
4c79f17573007a39bb2b4b7b,671296870.1423734
824894236c20b081af2c9868,798738823.7730289
107e76f0c913e19217662faf,864735299.9689925
d5e2bbb69ba3876b93af2d3c,1020797432.4101498
a2905faba4c1177603e6cd5b,854307193.7330837
d13e3d432783206eecb0e192,920320049.1586534
6fecee4b1e5f50c0b27dbba4,1142179149.607111
57891292fbd530872cbe68b2,1041735893.3951645
d0d6a1b5c60ad420ebf2ab8f,721549936.2357111
711736da4f0e8282fc8c9e69,833946770.3675072
f32a3b542efba398907ec912,605476836.1621742
299a94a02e887c6ab1de59c7,482252021.378344
ad844bdb1150508a4c6d57b8,828326855.4007313
78c17e6ceb87f7587364c873,597303905.5348011
22e8713e2051c88cdafe2364,553721053.1642478
79c5085c14068e492e402a26,855451306.6373191
205e9d987013859f391b27b5,1068608161.8631697
36aa7d0cbfe40adf3c86a134,620189927.386719
d54d787189cc8f014ae58aaa,727945584.7268102
fe2f1459eb0a380dc31e3a4e,807856677.6319956
ad663952ff2ba1953efdc460,872403908.0430824
b7320c35e90f33fbb1c28813,708444099.3422319
8f90134b8e68948cb18fced1,550615902.3171917
2dfeb06300828182d4109c43,681028445.3010608
3f5a0cbba1433e9b6588dd73,621902112.8580276
f952c40e24c9df4ab2d62017,644316561.5989203
462c7546b358b00e617ce012,706994878.0966626
e0df3391aeb8d3f4b00f418b,665675371.4367756
1e48878318d35476c3e87520,876941833.1309439
e3903705d5a48c6d9f828ab9,572761778.1731861
9e590ad7d22105456bebc767,883833920.5406185
d0fe3d393eee5c0cea5bb6e2,915467807.8010373
57b3791f2c5acffb0097f7c4,542320348.1013069
e11f9a5cf9d6ab0ffddd6096,949769633.5080602
9a3920f803b087c29b487cec,521538905.9778266
6cc0fe8ddc318f1bbad360c5,711559811.8500499
3e0c656b64d39ab38201a112,532837281.73783606
cd55abdb54bd56d54b11fad2,711559811.8500499
7cd39eb8de56700519d8f287,617134582.549128
d762007a4ea5de370738e875,676718511.5464499
f4fc67d9b9c6078003f9af35,803090250.2595221
dc0a4632d7378c25be351760,683311395.8550369
530a3bae5a13291c69bb8474,629777875.4300864
32b678be83da2a07b37f3012,403548710.83056027
349768047d470d2fa6ff1930,781918063.5025568
e017c3311e2fdeb50a686547,934073822.7935816
bd0329ddd50f2dc4dafebd26,768623243.8608783
f6252e878aef5f8a641c3d6e,547690857.3898076
45ae8ffacfd00fb4a4f53d0f,814123250.5371166
d186e369ed884150e71906da,987136337.8725829
7b9e6b7eb3a5db0443193fbd,645095107.3899182
1ddeeae13139b7c9ada353a3,505742417.82601887
a1ae6f9f5d02548c89b23904,724123368.4339415
dc298d37c5235e15b4cd68a3,820539918.1561607
f640753edfd8fb1a995f1de1,593552599.5428416
69a1f439de0f06e1143a0006,630369783.5881135
98f253233bfcd16533e2a448,934073822.7935816
ece6f8c652d4227370ef0fcf,826093343.8485978
599506739a6544839bd97b81,640814933.3928936
a12f49f4ac3c5bb0dc7d8d20,384344193.1386499
9da00f8ff8e19d26c1342274,692094300.689662
cf5213877dfb4df98f0dc10f,600315768.0939778
84c7006b5a63add890a224e8,742394830.5866076
88aed38ca59c09e1a6202672,617912232.0061443
e6bda9370c80a5f7e5cb6b07,652912321.5366582
3b54ab53b6e3453e333a0939,494914406.1039657
e72ff7414cceec6b162df345,800619457.4882556
f2d4c1faeb7694370bc65ec2,473177525.8029808
e1ffd027cce28c44c0d2f80c,624835586.7066865
5c5039602efa36222e64108a,669001115.9064296
b50f2c871166ee1009416be6,680022834.1135397
5e7e36116dbc08932f5fcbf0,736290633.4971445
325ce336d3df17a078db5166,505424374.0996483
a26e967b288a1eb6d8e71d46,609100007.8284371
139331d23d9e3c40cf083a7d,683096212.8418808
1704b2d5f4a33401fb153608,457296455.31617004
ee70354146295365bf241d9c,575922498.6487559
fbb0a76f05908c118f7a3df6,488697007.804185
2aeb794adc9892354aff7240,488086303.1783982
b0a32581cbb586f9710dc3e2,642189111.7226977
ad7f3aae29fa1e7ec900b563,709921999.2284975
1695225258263bd2f463b21e,730204555.929636
f72fb486fae49fc1de1fdcfd,785837563.3873973
6b8f7074aed7ae7e6cfbb090,1118262555.7284634
619dab52b321ab297a604185,1002580730.9698792
b5bb9af24f9de68e91a1df76,1213840970.7456205
ac3d21f51637207d3e031c2d,622065928.3504765
2aac28d03c2110d871b5f274,636537327.1994963
9ef498b11563827597c82947,634271849.2786869
4f2ca698ff03df0c6386e48f,531197750.35922235
606df4826416ea0f146ddf99,513817891.87242573
9ff08a6ca1c63480c563442c,720279533.9047865
ec27554aa1c62314f4d46fc8,496215913.4901094
762374e94f17a8783a66d598,538486396.3736264
83ca3a41ca4b5337107c197e,750633903.0271357
c166a9293fa27e910e1fa9c1,712542044.0670338
57f8a1e37c4ffb1b8cbd342a,703799562.2560693
393d99ca47315ae98fe9e7c8,1066049321.0407975
9bef4aacc63605f2b2b62292,557411489.5851452
a266efa4e41df357ac4edda4,904924417.2624761
adfdb0eda9aa97f0d3005c4d,797739511.493699
f05aee3e433cb036653b4375,723039061.2392032
2dfd1808bb95170a088deac6,645671292.0099089
dadf0a00434e8ceefb3e26af,1048146970.4479412
4336ff9b2dc1d97ac8f9694a,364727472.09782374
eb14a5813f860bb74740da2b,301079408.0332786
3d580d0df1bf9dd124c282c9,540441621.8394095
49bb5311607e4c7600caa03b,651862651.9543235
78a39ae05ac53535ba0fad2c,633963518.4399908
936e18fcf06ca3c46eda7c8c,588346100.5381614
23f12add67accdc9ed40f59f,315966407.18107265
eb1b9e15dcb88964f79e6a4a,570016525.4114335
e2b7f984616fff25e3dd6a3f,822808272.1688708
b8e2b98548a234a245d7935c,740911570.046924
79382c56606e701e44d55033,917329569.7854749
983874e637a1a5782f31089f,570877742.3952502
3da9de8f610e5c40401a5b78,726037413.4005189
cd69a049dd8a3822e228ebaf,669778247.5167301
604f1b5149f770a8f370fc75,414736283.0062433
0d24fc1c5deb78eb1a0caa51,702335423.364843
583af1118e60e46c347ec593,762382603.8217157
13b181b46359620191e6e4c1,276457962.57925516
50d8333064f0560cbe549f89,528900964.4225015
d9000c1afed253d05de7819b,372102994.3648561
792ac070d1a314f585f09987,529850920.1071686
3e874c25176a3abb336b31ac,483031422.8520209
419ce7158ed62eb6897cf09e,460435348.9290571
b6b87c05c4238be76d94da2b,305873647.16197795
980d809e549333b475477bf9,538300874.6733876
a7df3d344010d5bb7dc70bf0,531856261.2098836
3d474c6a88ceb86e00f68b3a,526875615.0839264
be4bdb73add69f12f7aa6d06,488606350.5277378
fa5234ddf23dd0d9cbd3cac2,506832860.0440164
91a08f81b621333ac58c3845,663630105.9016727
702aaf395bc78986a008d70a,653115832.0483582
86b0c9c1277e9143ee765b43,525684611.2675296
9c2c22e70cffe6836f554f24,664970461.9996322
31f56b841b122b35615bae2c,489651381.13942486
41227dc9c9948a5f0688e426,623005962.2407678
781989d4b732f961f91bc3e4,561471098.921763
cfed0221146f4d83d641e1aa,427445078.193677
8ec491780efb2c27df8dc08b,704143323.7815102
8a5866428508658b4a2a4cb4,534949474.2283716
156dc81d6e14a71716aebcab,671809778.8995736
c24be8293c8f4080562ec0fa,520099524.63648325
7fa11c05ed1c123c1a457b1f,614985552.5950139
a63c36f6e7e7ce7c7e7fe457,649135445.6728734
f9bca38d3e08176649504e74,678001523.4992858
3d389130627ca7bade643f47,680572171.2694099
70314b0bd995a4b03c771ae7,425405367.5562857
a3c3c9fc04cf2e2a051a12e6,581568777.1397736
4cbe75a162b076c4c454dfe9,548312146.6704259
0c62d4d501a426cc8fde0c36,675516030.7611439
533363375cf2cbc50d86773c,732874231.3146989
21d0f28d5f30a64352e60ac4,619276078.9943575
471b5135fced50f7cb4197e2,785975498.0685246
1c7586fd8a1a38bbda9c92cb,620927574.1003485
a0f28aaedd12f3d0eee8c6ea,531455039.61670554
8923182b6dcc9f2d8be1ab53,575578007.6719978
67f694b29bfa494bd9d9cf44,690688794.0129118
b721a5846527d5338322c9d6,625126441.4771444
ed09fe201c9ab02a91779dcd,739478822.7051837
f49045b312d12268eefedcba,631952631.9585428
22ae194316f34d482bdf404b,520099524.63648325
4f450ba5de4766e5ecb8a4a5,569594478.8537256
235a2209cde8f8b0276c845a,548524640.6968812
f563f0899884de7f9bdab405,669148476.127566
5b462279f602c5b67ada82ee,630887288.7062316
fa4af69aa064a4306cb110d0,659805281.9361117
a70d32ccaa78ae9417aa7e4f,619901469.4141736
77c9e5e3a6d965ede708cda6,593068081.7236704
5637f3d3278ea049333afff4,579487471.7767832
1b1c220eb91c9448b520b76a,612279367.1694621
f4a6ec71ad7790df9578324f,633547416.6118922
217e1715fdd5db76ce93cfe2,702697337.705199
2cfa1397c901b4e940d9f673,532513462.04662794
44672de0d6d9d0cb3b4ae938,566341143.0048997
1c50477e5b3a67f3d8fec62c,671922351.2366241
0a2a67e8b310471b115c60bf,713312725.6329551
06220a42e68510eccb4d790d,596933617.7556082
611a3e1d63c6ce5ff8779243,583887765.8694136
1284d7ed08122731aa7c0461,335556538.4435306
d44eebc871d1fa6981c32ccb,706153780.9369909
43272151f217feab78190393,665746581.6080182
6bff92260afd556a98d3e3a5,768421975.9344493
00586a92b53f4a8f9f6b3022,714966913.3482059
745e7f6a83b55196f231466f,644399839.8815626
9c558e10e5bbf230f16968f6,891070814.6185224
1b425a31cbb73b713f291e19,798410435.8204134
076ccba20dac8bfcf184b8a8,687103169.6048039
c8fd8b729f4ac6270aff9c9d,847933532.8231069
52f026e670e9851b08c70542,765971622.4957528
00304df33a3c9a7e396ddd3a,706761614.6500854
ee27eba49457286b5ab76172,687711609.8043392
97b57932e5e20416bad6919e,921098859.3643227
e570c5f58a20fda42bfb535b,626424609.48302
79acb227b5ea365414982957,757382476.8732662
d24258de8d2ca10186660a1c,768273118.259804
8a8c202c069c20696c2de85a,630137612.137722
40f301afabee5be092ba20ad,669692384.1702034
afa842858299a6ebee166e31,723073238.4120753
7641dcf512a05ca754930bed,518691639.0018804
8c9b472c55d4b99e44041de5,772028921.5846123
88b98c026b7650192034535f,830478963.3575009
9bdb1bc52a9ddfe92e6a948b,752222098.6954577
4abef5720fd889512ecff70a,653499581.4624246
58b139bc16fa2731e4b76f28,677327998.7500231
9ad9ac8728cfc2387285c24f,585939120.0293084
75fd5603c4de9678627f81d9,808365926.8844663
9f4a25a5550f016ef2370229,879896702.4756999
d4f4d0ed36ac9affd71f302f,622581771.747923
51bf7bc1c19fcd42e71f2463,736141558.8949504
49ce19caa1325233d0de331e,830065376.5946198
5aa1667bc8db26bac1c72f5f,655317855.8788143
b43b36ea4f81bbfd4dc4d781,766989284.1090846
2a623b33f3cc1f54620b5233,801948298.9152888
8745eefb9e2761ff7eef558f,771006027.4327246
0e49eaa5cde9375b1f026820,705453198.8349303
f5acbf43add5776430d8d4a9,699198247.181625
ca50f7143937a99accef865f,730446295.8174493
0e1bc8ba1953ec8c28e53b9e,595636389.9553275
980bafcd065c8e3d6cece127,694762178.2433194
c81133d5a58d7e8eebb10c8c,891565247.7219645
09656004f0a7f544580958fb,743939333.9489467
edd342f84fc90478e344ea1f,513350265.90390134
76974826c758eec5c255c5da,696433615.6455888
63b09e45c1b7dca181491030,712532353.6467764
89952b237fda041b09f0efa1,733378028.0592271
219164e1d9b14cabb9bbb8ab,618429489.3811827
ac8aa244c21a9b86de4ed599,765832886.0338722
92ba222e2dd63a4453a30637,638833393.3009336
bfaf8b7796c8c57bb5997be7,731914002.1382897
dd5a565f854eaef90976c5fc,758207063.2509841
f8ccd21343b112d8f9e7123c,686082885.7488225
a90991f865ac81cdb3de201f,715052007.5747212
fc57fa9bbc16d1b8106c2c70,934684933.7741821
9ee3218bc61636cf0d7f8107,646792257.4797891
c00592c7c0c3a863a1bab9c3,794942840.494405
f0aa18bf86a36daeb59946e8,844408257.5584773
e186499af986f1959f729b9b,748404860.038802
18420ed4661539a2d72ff400,732652623.0123404
957731b9940c9131d92a22fa,761175480.4108497
9172caeeaf6498737fa0c6dd,719383279.4099362
c798ea36d2e4a8119723eae7,746525533.3307706
eb963f082209fc077aa72bc9,855009505.5384736
07b7ba964a8e30dc16d66443,865243710.2777175
7fe364ae771a7689d2fa5584,906502768.2007945
c59e06a2ed37fd750cf39976,1196392543.5897846
ce03d8ae43a426e074ed35f5,1021833710.9668862
b76c45ccae25a06dd5fc432e,991600009.41931
f855725acc115bbbf03bacec,947872394.2559065
b0b0db3bbe07839bc2b600fe,1140434317.933185
cfc8dcf337e020b875ef1572,948739349.4507383
390107256faa08574d7231d2,768229427.7450253
fb10f3b45e865b4626f65ddf,625119655.854665
75f167e2273fbecb2c81ac0e,806900625.695881
a7b15424d7c025d885636a72,786102442.9049283
f9c11e980254045d7478f273,868658886.8035262
e0b13f6dc213d05133252d15,920320049.1586534
c12f362b9060344ad044cfb7,770943206.0448855
f872f224d2af413cd104f24d,811813862.3390884
092045750c36a8945c526a12,494258762.85546684
5ef33cf17d4b45277edf35a1,649608908.6584944
fc64387d7c3c91a6e6e876ab,608594907.4074184
c1168159d4e2fffdd5662757,720865906.3741795
cb604e3a56cc847189462004,787917151.2641156
9e95710c61a4706e21cf70b3,644954875.6708336
ab37f67a3afa274e719ecbd8,716161539.9763628
970cb360eb64128037be7e23,738560941.8535678
e42fc32db529e088f15cec8b,884613250.0262288
8925028d6e7a6cfce9967779,481559553.47254777
759e76e38d84a4188dff5446,715786376.3888764
83a376df2024c4c9fbf2a0ca,530711440.89957666
a8bb80d99280e332084b3950,737417083.5668651
c16ab4a11cf67a39fec6f049,734648233.4113433
9cd1127b1bc10db6b8ce5d4b,1121190285.1999214
ddfa979b1d7cdea1d7dd0a86,502372200.367181
d78f7a1592c0779093150ddc,746623077.5004601
97ce3e0ef38ad12f7fa8c4d0,340655784.3006915
5c789f2834a1a69aede6316c,507057578.81235456
c29ec380fc7295a9a770a74b,356569452.7645198
5987f6171a2bcb37062ccc94,733023689.6114267
1e91de6194769980800b4de8,686333656.4608774
0a0f206f04bfb10c137388d3,790953237.137881
34dd15023216e187daaf5a07,683311395.8550369
33d2d1db291a13affdc209bf,611175621.0515324
6fa5e5160d7c2bed824bc0d0,568726820.9830619
8c04aa7506b8c80c1bac23f5,884195602.7657418
e5d445e39104d9ee6b244822,685517706.5137728
2ca6b3016a89139ec7590f9a,732361640.0910051
e567e9e5862b13f0085505d4,427298388.52415293
edd1c4fdbef4e6beafbd39b8,679439991.261785
039a9029c4341b1528ca6b46,438483539.27940756
fa1533051ea4145f7f710ed9,664737919.4833206
9c99a85c5dd878568582dd9f,592433869.8782539
9ec426691c80918203394ee1,443478547.3064868
66f58d9d1e1eb7e81cab24a2,849181793.164908
0d0f8ce05ebe99dd3bb7b23b,783108389.7806082
6a65986cecddc5c47fbddb9e,786346837.0535382
a82fc744f537ddc6fbd16883,694394180.34120965
d4c40178c19d6cb2fcc88e48,551863069.7679262
4034cb3cb77e9cb39cc98fc5,668327372.2451614
41ae9d3d280d4eebe510606a,596179694.6263914
4aaf6763c105ddf2a6eddbfe,488760298.2359538
633a7038a23ffaf4b3f7896d,731212466.1637106
2a531aa9576c5f91891cc8a9,762033518.6890764
85d58cf85a179e167428ffa5,851382031.6380388
42f05e5d4862d653efda75c0,898335006.7616583
256a46a6d45d168169f63aab,517807124.4501015
4b0fba692104472b36c38c3d,894662601.2454779
253c85b226a15d0ec2fbbff4,788266583.7821226
b0bb2299d5f456f800993a11,699469700.2061329
47fe78f6299f757b231be10e,825927841.4565582
4d09ece928ffac7e7d270bd8,421405336.63081706
fc762d2d172737cabbdfcc75,672569686.6301733
2809252a96f47776d12021af,687242810.9972211
29eb473852b36dcfbda0c702,724088838.7057332
231c050bebe12f568ef92afc,296944080.03454274
acaf9e18bbc7295633d92e01,688980380.492444
860435300909449c0443c10e,719854149.1843271
f967ad5e086f485c27f09990,746486486.6024991
678927546243e932b48d6058,897773432.877602
c537ea2620b8c3a3f013c0b9,979029254.450545
10037227b2a24d9a72ced322,698989571.454173
1b4b3662ca18e731acc18928,1075000060.148785
e6717956eeaadb3e95840256,837536498.0970331
ccc4457f68fcc1a416e3acf3,794724202.7464292
94d91969cc4b9aa1e856d801,643146981.6660222
2cc821cd7b5fa82b27308f87,504383692.75506127
f05b3779581ac0015f29571f,661819622.5853982
dfe09a5f848e8e819c361ac9,566073947.1362754
ba87ed2a657b0b042a05460e,564762282.231718
f967aa89a4440cc1c44bdc54,460844770.4796982
81fc8d666c8735e1095d0d4a,819117364.2541889
fd8b9540f1e9da778d566d25,366679277.15465474
70baafa9789d2fcf1bc212bb,811861916.8750292
4911f8879e5bc9c27ac13bb1,611857467.4693155
ce53f3477814fdea2889cd2c,411547436.5250483
62f022e19ce6608919eab5f9,370177191.46498686
55657bb933aa2ea3083e0b90,427643116.4830394
808dd470aed6064f02aa5103,468626382.29637015
39bc028f3b42d9ea48808ad0,445944378.57948416
c0c01ecbb9189d77098659b8,478935332.9420273
57c68d470f6248d00b6719e4,745058590.7123051
26c66cf2f43bea00e6387326,740654542.4505316
b5f0dfbd34392f6855bb4b52,621226470.5675915
25202264e18928158b89278b,598627362.1931242
e93abbb49b24717d3a0767e8,627938022.7198676
906e1f2e1bc5cd51a55b0266,733938032.0799671
eef1d35ffd08dd161a36a2d1,1200327906.3137212
35e0cac576415a4e61acec80,1068608161.8631697
53ebe061b85f046ed12ee9c5,674815920.1591858
059d77736dc72013de7767f1,650238566.6287388
17d7986a62e0b066e4e5530e,552769432.3510677
8236c798dbffb3db51d5d744,497379533.93327177
587e67078115103d184970be,355523796.5637959
7569fb4aaa9a52d6a525e3b0,360047281.89936876
db122cadb7a9c33f420fe246,361187117.64413244
e852246b7661d30dd2e1f0ab,359478713.64913046
f04eb16931448e87aec205fd,533526922.61221856
90e858d3740d4aec0fa21c12,660976892.6131278
65647ca6e47eb2b9ba20058d,742611162.8039074
d0792d22549d1b3f63baf3ad,395712673.57709587
76c4045b5dad9a8226e9244a,610440273.993746
fac4f0bee67523194fd4312f,513027609.71135885
ba89ed56d156579ce288dbcc,576031300.6732135
adce397b6d1473b9b6d02865,727936713.7766408
f1a924badef699637ea8fcc2,598252434.0237669
3bdce823d3b96e8f0170d96d,667071398.3117685
439004dc23f97a878ebf371a,592655633.3710808
192e05cd731950f91fef1d83,1026092231.8450855
5110c49047db23ac3aa4ace4,621423809.8818702
f4f7bd9d03eecf35e9f37619,725564798.4559069
141dfd80a005f7b32bf70375,782210419.7979313
08513fe1cddb2cad74874a59,418359151.8572801
6b23aa3ca5edd20134811cea,280545699.9855875
0fcab263453a9f196468e552,669647484.238106
127e08fa99afcaa339eff684,457927863.47162724
d2c46ef63db73ba3cb7e32a1,615873493.6494453
7c50c93bc9e8846345892c12,733378028.0592271
63698398738ebc7ccebac817,625670151.0366209
417e974a3f0d97e502e49800,790025689.0717881
6483f2fcdfbd26c621a527fb,881048651.9539989
3b739666f401ca6b2135652c,966360454.2933087
1b750e6e2e92e8222482cb46,673227456.7507436
dd34882ac55c57480663f7ec,745058590.7123051
026c6384ceba017c5f2cd66e,595164975.8237557
3f4272a3a4b14ce152fc3abb,591101224.9163206
5cccf025fcc0a7d9ea01b170,489703004.20106494
c8d179013c5bb6379693ef03,673880530.4122903
8c258d10ce32150f5fe5b712,810490807.5679071
eeb6fa8f820ec63aa0aaa303,733938032.0799671
ec8b305ddc2bc211a8a05d0c,593821439.8246906
5a84e6d2ab8db0fc60775d03,656903193.8018149
015d17895f32e2a8b616ca1b,710438668.9681748
6fa35f1af6d51d341a3165ae,852378314.3868768
17821a9cb766b0f3ecf24e83,727618044.2000937
23141c17df584746755dc508,580765688.2661439
00076c8f390d5dcccc133309,664885911.5048038
25488b1c8fedde6250b413ba,570657528.2080487
5ba6b4953759b45cb83512c7,870952465.479011
8ea02baab0c59eac6584f62d,795044813.3019912
b5c34f90096fc88b8ca758f2,1068608161.8631697
35bc25d0f9de2ed4f714fc8c,823407173.9397928
8b0e1911b8ab8028409dc9fe,865605222.903981
2ba1672e49c023258d262d1d,861786136.5806358
2d778563921376962d126cbb,702761991.8005569
bfe7c873b2fbad871327994a,803252124.9265097
72d0f19409c85dbe32cf6ec4,755095250.7768065
d406baf5cc9b4473ae9b8426,433026215.81916857
070912b7e5fb205918c1f4a3,532448657.70345795
659abd72d12756ba0670f466,455339528.17377245
7a464b948b65544159cd0db0,515794342.9806816
e89774d061d50c83b409a071,316327798.48907655
fd6b2efe5da2c35058333bbf,599962269.1503701
4577c1623c8407e95e893e63,571556541.7530276
21adc839dec9e8efb128abf1,575922498.6487559
aa843a050ebe8e4b3a04e9ef,932833588.4029934
0252fcaf7bcde09274d34be5,781918063.5025568
46d77c92811f0c87d2d4907d,841875152.6672593
a8c662f906075eedb098ae5d,651887491.5763638
b8b46931b93b7750e0d1ada3,646914122.1701001
efde559422ec1dcc55abc686,725925263.6853751
339bc881458ca34bdcb771da,963275198.4846041
d7ad6527cae719481f849927,1046491294.7047749
df3abaff81c430b4ba85d4a3,827400292.5400724
bfd2f20a7bfb0d865d7f7193,1213840970.7456205
fa3ee96e6b6ffdfd00aa335e,1189117912.7418814
163228979751798ded8c3fcb,674443733.3478619
3578144f12e13e98e8cb2480,629634850.7926418
7136cad475a0480044707984,677367108.8804414
93f5694b4854068f42ffe55b,807115429.1255391
51608bf64739db05c47a3bc8,670591340.3187133
6a01b6d09d516d67f4a2fb43,531568930.4594472
5f26f33bd89fa7563ac6873f,418601042.32754225
aba54b001154ad881dfeea6c,314821013.73751616
b2eb63e5da917ce649a72142,657690766.0426562
1427aec89ee9564b95e93cd4,445588371.6156578
a0087db5e9e2cdd6073021a7,625803731.5890079
4396f94f7f3c403c43d3ede9,557419924.2170593
aa703cc78a1ce659901e711b,674901822.1409141
0dd1bb83f0f18af30da139f4,733242045.6503836
37efd3e2a5b6567957c62081,531368642.8138102
ea47ad6335e74dea06228b16,633682922.3547213
8a975117ab302b77ac057823,610283745.6173294
ca5949c4bcf0b63e5d1be784,385062966.30678314
e9f3f41366d5d784c2928937,711736316.1882911
7a9c505db21b777203d34bf6,665205002.7562231
238cf9f99c4b01777a97f82d,421435123.48403615
385fcde12021f4bbae6ac2fa,557903307.7591877
d9eaec557a7a6674565db1ac,565385503.6870153
30b0c440c0bc8c6005855ff8,620653846.8200355
09feba43c0b8f3560fe09be8,745005099.9991828
2547bcc87b618d3d7e22dc21,606086546.4911162
1240a616080d6ba5459335a5,920188668.860608
7cbc8fca4f84908ed4e7192a,697977079.1046877
151a16e94d538a7a6d658ee0,775280524.9536693
a8ecaa9120c6da21229cf145,758503613.334641
3ca34fa833e6ba10cb4b1944,815165739.6201485
dca2e851b82c512f01611ade,909696877.9966601
3747996611a842c452865a9c,708874549.9619088
3528df61a44a9895248336c9,524106568.0672113
398a67970cee5dc873d71bbc,747113268.2404299
1ba2c2eedb352ef9bb59c638,731866746.024939
f6f4a467f40bace72ecff598,916189098.500328
b2af9047dbf58867ed0c42af,819017847.0373119
012b8d616667a6dcece0dfaf,859983684.865881
0b117f10e699f10f97a7e7c6,828894235.6806256
8d5192b6208902ddf4804839,1016215317.6729507
b86cad78da7bf06b5ac39f99,939134480.4704084
4cc8c95dee29e43463a8dfd9,643513335.3473692
76846ed8b7ab36821b848f2f,717447734.2705795
5428bf7f37a94ce9fb2dd435,579942808.3107902
b22c39c3df7d8e32cec2ba43,553528480.3645412
44f5380847c175a42becfcdb,1111612451.2332313
fae53fba5d405b2e6a3abf01,214453547.80431762
3b52bd5eee5ef8e3871dcb3d,1306438512.6167154
21eef7da02b0f2a2fd987135,597464280.8356923
1dd6b0ade195edae38a4a20a,673146873.8998939
f359afc7bb50cf6a61ac63d6,498484282.3947736
b0de107a8cfad95f09876eb2,765034241.4918984
2e8c76f4ed59cd3924f7136d,880824453.0013222
06a2efde5244f7d653ddfb8e,787757378.4682876
f72e2f6cfbd32d97bbff3ac5,673912271.5997226
9705748d2bb061678a80826c,865460373.6198125
9620068cef0622c404e15960,791952375.545183
cf2e8824527989d3cd29c058,896526546.7710161
6e606a7c8bc632ba0ba37184,493518883.28127325
63fa384ea296390350f23d7f,760748745.9348769
4d3f5e7ecf4d361d7eb55f5e,549669381.5139093
e31a209077a3e47712588730,637169669.7103244
5f18524e839c2987594a11a9,706040992.6393383
def06f49a0b8230ab613db94,666273598.9665657
faa72370e4c7718964930805,666273598.9665657
983503bb75d84c410d1c5d3e,746678733.0534528
30f381306494ebaa760b990c,559727645.6381392
5e72dbafa642e4f416e6f01a,560750408.180502
3d5ece38670c1c96df4cfff8,559727645.6381392
1bd6861d451d128c8bdb72e4,649821039.3504269
072a6f084d31a5a4be4060dc,810391559.7773113
4d8deb43d663fb079262708f,735236354.458055
f00b8eac1812a500d7a732ff,729593380.4065416
77a62d5e2c89da24f66a2118,726898518.8907217
961886897eda4b0ce54d1d82,886824903.4496444
6f6c83ff891e43b7c84728e0,734542967.1534681
ca8c85e8100f64416146368e,766580542.7444972
24297f4a3e14c24c941e7720,871462948.743371
98d7f0935f021acf313630a5,897899953.7298782
a362533eea6c235049bf3359,708309814.945669
2ddda0ae748b38a6258f660c,976019488.56411
b18107a422b9eb6da9fb692f,823040973.2624719
11cd643195dbe5dd4567b62a,855621833.4511843
c9ee7f0666429c0c15c37499,270860283.6853875
c386d1ac4fa8dcec4cbf9788,649069757.3523434
21e0bc9789139640ea33ed09,924296488.8390051
cacb91ac1b835d62422b8a8e,761844481.2650583
bc41e69def6bc7490800c4a4,355235182.6368894
7a13669d2d7ed2e50b80b4d8,435396113.6320498
08dbbd8d672fd09463c061a5,612635421.0849404
cb93b0d5e9a26628b0462b14,545774006.9884977
d6a43f209f810455fa41dfd6,510083318.7439424
ed5dfe95f82f4c087af07045,540735940.405937
02060d2f56e979a61427f806,858102543.4885098
88ffa9f0bc3f6c9f2e589a75,1048859815.9848899
b48093abeaa178d1f7fbd83b,636171332.5866481
b42734770dacb7e580a6d742,608170077.3631191
d3aa845e96d22f31a3656aa1,550816382.7315463
becc3ae7a71d597bcb16d261,572246344.0827565
8dcfc24742ba669335a2d65f,645671292.0099089
45e2411d38589a2d85774c5f,649912617.6894009
9761b0f43949eb5307472ba2,727889245.2346461
e07035cb49625760c7da85d1,347804766.64963186
f88bb9c5a471504c13d3616c,643270161.0766784
4bb5265c6e63449e5fbaa270,653259523.3414544
ac73b8700744cb7835f328cd,653510570.1754873
a632ececd6a023aae8a7b730,465419766.5343434
858288683063dea9d5c57420,468477044.7995741
d04f549fdf8f34bab19a171c,639072184.0275093
6ed5fa8f114431d158d35f43,347804766.64963186
f849dfccaa8163d24ed935e2,648996355.7766033
bfde6e7200fc27e6e6f1497e,727889245.2346461
59c11d3de7153d2605cc2273,527917778.1504422
33ddf4e1ed8c864e9db16887,467816574.97411543
00f5ba660a4fcf6ddb96220a,654433205.3177845
a13004b87c6d7e7bf6b75730,628276757.3507512
eebc02ff14b6d270746ca055,649912617.6894009
65ba6e178f3565a84c6ff973,649912617.6894009
a57f40f00f80abc7450aaf9b,645671292.0099089
df37b916acdce817865197ae,649912617.6894009
b5c074ee2e2538aeca099fc4,697401929.6417584
004c9da9ef1b3b5e309e475a,642363263.8535906
c5b47ac5c4b7476d50bd56ec,544819747.9880809
778ec765417db9ee48d697de,642363263.8535906
b287339babba162e290d0fb0,465419766.5343434
4d35e00e86a9d508d82ea90a,466076852.51293445
0dc2a023fb6c5e0b92d86ae2,632033870.7426844
5787d7c671378e596edfb58c,649912617.6894009
8595b5517cb3f1ff8094d67c,724159982.1441004
f4d53276bdb5899c6f059c67,649912617.6894009
9562ef63320854bc6f94b5a4,528680842.0842719
c04e72fb6244d9a9b28322b8,721259806.2285151
3d141576443a97b0202c9672,774098883.8219565
7caa4bad394586a46dfad854,641664686.5664371
8420bb74fadc0c8853cda025,333249096.4435622
b274adb68a37458cc5181fe2,560807492.619757
8561bc940a91f029147430f1,733023689.6114267
258a968e403e747af5693a3a,847849656.5181772
0de34892fee879f449facb19,676172604.7801602
9634cfebe7e6b095f0065ee7,646617201.6725047
1f3544c9f47bc00fcdf59d74,396815650.3632184
e3077f6e47d130106e7165c9,786363974.1238327
f0ce47907c3c30b6b5e990b1,726392368.0025387
1432cf7de2beb14fc7603ae7,977660625.5166143
60f0df18cb4324ce5f4bf650,676737430.7115812
7c1dc421f5a689aea5babe4c,717125630.355948
020dfae44183c65b708727c7,456863296.51811284
92a9c07259efc617e7d58f9c,679292223.3850039
18531c57f6dca78763d360bf,504639036.03122526
dacd62440872b6e94ea56fab,731100681.5585629
b607bd072e8293d6594f3829,843108338.6718823
eb86c1da60250e5559fc3cfe,655021935.5396123
fae649fc7256b9a3ec036583,657162628.6052649
b7fa81aa571906a93e9b6cba,756433657.2237252
0823be832fff81b3f1291859,381138587.4462284
fca3a0fe5db369235960d285,440787987.8355845
496fd5c93b2a578d970ed55f,438698228.1159626
9c63c6c27c74c03f071385e2,638699196.7222537
6ebe90f7140b738b3696f086,395460660.57482404
7110d6374f3fc282e4f4bdb0,664737919.4833206
d33994c75d98941acffeeb90,806820247.1967946
b8e8d84450f5e0bc8a721c94,727575467.4987553
cba57e3b393b3e392c7431fb,820989904.6487231
fc2ceba651bc629e7f690849,709840551.5299937
857761b5fc5c7d101cb765b6,621077026.4374971
55f67dd7302b68477e803399,558741195.9793419
19f538269846412f3e150a4a,841694353.8398185
75e0fa8e5c83c49d3a0dea48,954328320.402369
fcdbfb9e15352cf210cce7cd,758885174.5543051
c2b91ce4b1bc8c576a0ce1c8,664769255.1874462
73eaff92528288fdbcd61e2a,1049843179.4553307
f6544a1c169aafe6c8142907,811702200.3670855
cba9aead5bad82b31da51e6e,757458811.2957902
b239bdcbfae846bf74791728,599938744.0308292
3b823e81c5378ee3c977e863,638356553.1917292
1b4db5fcd1f92d3aadd5c28f,780857599.1213157
b50a6b85399ea2c6b5c33405,668560801.4772849
1e6176a558f301d81bb050f8,862359908.4711463
8bcc1b035ea93a5192256b37,710244570.2237282
71a3f0980cdfea0ebb869935,446972331.0012143
8cd0345dfac13ab380240b0d,638356553.1917292
e66b2c71519ef8756db69b97,680976475.5542663
c843044c1fb30819300448d9,445500758.1414974
4ae10e7fec364242c88e511b,538486396.3736264
c9e92b994e48df83dcf9976b,1280050453.9832757
27f41f09ccf8d182c79cd48a,1031303022.8309181
d8a7c0b01bb545c414e12a23,1082221591.782915
f3e2fddf1dbb400788a5517d,734563597.6974401
89a066b7d6a31dd066fa0d32,832751394.0166945
c245bfa6587eeb55227c8a4d,719511427.7873191
500d7c5346ca11ba934e7ca5,656428215.7043759
536fa59adc007df763949045,951912641.3689421
223813dc0188fc229b63e8f3,1047277581.7008827
7c972ecb7b90537b1da0deba,574119230.9149699
98d8411005ac05d77cb12516,738265717.7018276
d12c08cf48be75014a149873,792689512.1322395
955544a0bc2eff312e965c2e,904251819.7069316
20488db7a62f765ac8da0a2c,553415105.9998754
3f370094239ab6fc817e9ec0,1041735893.3951645
ff54bb34225682d25c551178,792689512.1322395
d0c7294b2184d0b4d0e2fa07,1041735893.3951645
104e960974eee31e7e0eac6b,793379616.9601381
0d477acd9c95e9ec63839a53,588289440.3799399
6d255e0026d70dd44229a2f7,867856429.2058107
926cdc0242544bbc850520ff,489585040.95107627
e75a05dc0018f29517948ea1,403193590.1669596
dc40c56571cbee9c2b7770f0,723445412.3539574
2f76a2b53e091df35a125b13,494352784.04141045
a4a49182c79c72854732594a,476415663.0258975
50287f73d47b4cc4c2e1840f,749406752.6930522
5efca36c25884a2822bb7a81,409067308.7313998
4347bf26ecd61ebc7a16b4a3,669228446.808398
7c979648ab3729b2c0cd2106,764565056.7707489
f40acdcf5cb9925c09c9df7a,725631258.7422208
6ff3eaf8b5a2f16efddde1cc,619671022.1406003
d35596846155e74d1a637d7c,768275439.3707385
a389a1ca097a820fd9af9d15,724123368.4339415
ef450748c440c4958e5db54d,770246940.3217857
02779b92b2f9bafde0c75c11,660446595.1289153
77e5e0b64140fa00b0227a3b,493899099.9193631
eb55b0778607da932c3b311f,770246940.3217857
9fa391febd5d0a8e4c6ecb8f,292963020.8067245
6270356f1cc3dff186d0ff4e,628486162.732357
ea7d5c601c3f8c86ca8f15e1,832228782.5597152
072efeafd082025bbc5a25e5,750643526.5020325
d8bb6151d30573c7595ee7c0,424982852.4779465
f26c43f2304c8c694c818a9b,629439719.814325
14ea4a7c57d830eba13638b1,688360077.6489613
c1ac42dad98d2f23dcbf140d,738291278.9760871
aa6af44635b5d51da4b02059,669228446.808398
291a4ea1a695347e1901bd4b,781540853.0489122
024d2e34a561efaf4811c17a,796531672.7963275
e5a40a555d11d4429b9675c3,653208659.615068
3a10398b72905bd710ffe9e1,733938032.0799671
340d1313fc2dc8e5b6918262,745058590.7123051
699bf5460c63a4d0e4542ade,935241041.1743516
e98bb3a89bcec8650e33e730,607641548.0205762
5de86bddd492f76596b17a0d,854591553.9690025
95dae083200a9e43a5aaf210,866342682.1129261
23fe512fcb21a0b84781a318,383093119.07100546
a9dd62f527cb0dbfa51aeb7f,687238048.4107828
8964dbb5b0cbfe509613a63f,969469994.6731422
f75009356c700f7da7106cc7,612990444.3454092
6f502f363fb55811478e3b88,450547154.521189
a48f29071cf207b27ddb03da,572246344.0827565
b46bbf66cc82a4345c5da177,705670134.689869
a460aea3370926825b0dbc13,753337590.6183188
7a21a8d99a85171334695004,723449533.7414262
279f6f594d3f8ca8e8a5e2d5,1146691752.1723404
bc3c509022e3f6104cba5203,824536723.9025794
654d2a3a0e02065560ba2484,561695128.5436834
02a2ebb6eca5772e3526d78b,687594776.5720643
d4646b7f4dbebf9785963cfc,715473399.6769432
68fabddb27fc928b57efcfea,723518590.3767515
53688de79b052b3185fa9435,518927011.2012107
bb962a9e3861b06ae1daf833,670756331.9023803
d80c5f0b8ba55e7cf105d282,680331457.5862454
ed88c773fa9ae8bb29645fbf,556504154.5967097
0c3af9e0e9c80a68acebd041,466807066.5036253
0faec12daf0493a512b2fa0c,1295471067.8031054
1807debb0a0b590b9ba4ebcc,613987160.8339064
20a2a0dfc963fb8a355e704b,776446839.9492844
a2c033f497e62ea10ff8ba3d,916626374.0518837
985e40843a30150e6892e4f9,681314247.6343092
2ba0807f8cbdac389424ae04,732281688.327407
9a565e7220cbc3d5d340e8d7,802013671.9557314
33598222854631e92fb72baa,867871934.5531254
03fb5bfbc1895115a04e8116,761578226.2329931
5045ba9a65b4bce4fd305f82,627303284.9886565
277f6440854cb0c98728e685,594806946.330304
12c7037cfa63de49e984a789,529320757.89792144
ed9976e922a774cafb601f5e,580281640.7740017
ccc70d1d8e4411331730bd7d,378568497.6221934
30d38a7bab2eaaef1ff6be0d,654602426.0402213
31a6c440ca9eb29acc0f1086,879954596.0777797
7a82ce4b2dcd2b43485f5047,849699198.3705149
a74be48ad396ae4aa33ffed6,733005762.4679164
4ea46b833575642ecb2ed1cf,340655784.3006915
b780a0ec18c61b0760df9433,673778807.1541016
b83a5c303a2b079585b9b94f,513405305.467958
a3c45875c0834b144f834798,451059970.86293834
c3ae3f44bbae215f7f2fad9b,335167392.67721874
5d54a0a596d49d9f85f1b5e8,625663628.3451637
355d1fb69bcb4e8e8ed9ba1a,733938032.0799671
cd791a46ed616911ae7d4fbd,745058590.7123051
d2d2f335839ed35571b19bb1,797531626.364194
0823b0dc92805ab05d3f8650,1103197551.185633
f92f4d135119fa88994929ec,993364384.6039842
401f0de98764e9fdd4055406,532612540.6757438
68a7d01e50462f7506f8c8d7,657606956.9096736
e4434407771070783b97c014,883578485.2025456
7e1153d411af129357ae5c10,693439824.0789523
f409c701e200046f574f4e06,504039631.4919545
30a8b9c197bc42f088d0b873,637643267.805908
d5abd56b5a8ab8c2f61a07f3,547465526.5169848
805a27aeafb3ca91cac56d14,693059028.1879487
1ee04111d277e8758f740139,522968009.2739018
b9de7d7b9a8ef7c64e5f6bdf,586310452.8600934
5a12a15af3c0585d81ba8f5a,452542682.44288003
abb63383766a9853c1091c5a,790577953.241133
1f95c205d5094c674f6e45a5,786277088.4047607
4911a6285f548dd30c8061e3,661175804.5825074
0b9730cff49bcaeb4d703c06,580485357.6858643
f033750cb9db15e886b156ce,791149808.433544
fc7e93bffb7fbbdebebfaa2c,864838816.7350824
4f500afb7f7bb42189820a18,710038636.0407519
3921d7b508fa1591d40802d4,462901719.1034454
caddb9dce27a7e8012478da5,535117260.5212859
4eeafa126ac5f301cf60f9ff,493769637.76811576
59afb00a84b4f2a9ffbf71c6,721609010.9233452
7baa3608aad1fbf357d789a6,721152732.0913017
a5b8869e9cd3d0cc32a0b298,829354018.3690006
d084dce4ab9c4008ffa3bbc4,695559700.5728203
e3ff13537ffb7172336ab5c0,765745493.5040704
1bc2ae31ed1970ba52b1ff60,1513735125.8091967
eac7136b26bccb3c5d2b6202,669778247.5167301
073fccba71b28afd815be434,638034942.1725261
9b1c23d616e9407fff6553d6,458531266.7411787
4122eca7b73c1347a7814a70,760748745.9348769
cece8267e60c2461d6c409a2,861492602.8216949
ba4e89128058d5564987dfc5,458531266.7411787
69843aedb25a928097a22a89,549481732.9681513
a45863121bdec787e119b14c,287553994.36969954
02e8811bff38125bcf8e1a6d,531568930.4594472
d709a76487a49bf257489c0b,300103852.07070297
46c42803286c800351fe633b,617468659.1126384
2ae3ae7f794d558ec119287d,601974651.0674402
76991a35e9c1b69e1616659d,641183532.8497243
3de5d35f742cb4eb68d5f314,618456883.2960514
a53c748935206f61751dec1f,499200399.1996744
ddaf8a1e5e6922cc3dee5caa,596785102.8653648
841fed959f036a03697868e8,642397535.7905605
ebe1b5c9471f3441a388f7ac,660301956.8634531
f0f9bedbcb57383511805d17,705058182.94168
f9402b785deedebd3ddbce6e,636208284.757086
d1f92e6b18faf07ab70ca1ae,817946755.987529
6e794276348acc39751eaf47,753214146.7203808
4b04e0296820d04421db5219,504752411.6844673
ea0ca17e989ec57a480aa464,797896580.2259823
cc6fcb8ea6556f676c13a76e,754717358.5555695
2778de5e56ad7ece898249e9,812267892.5718429
9f0bdae4f8609ec93588de3c,798803159.8878729
90dcc3f9428a4e7cc396a15b,767334343.330718
2d7bf0032580e6b6dd1ce36b,733938032.0799671
c45d86d17d1d0519b455b7d4,789484021.5172389
4c7e7cfb286d82aa96356fb5,1066023544.7528721
edc204c3e18368e0a9eab593,1217637005.7442844
e789e801fb5d4501b5d64e2d,828894235.6806256
3997c10ceccd2f8c8e43cda0,1011766531.2493634
580d8eee8dc4b7d43cb193c7,747808444.469106
c823e3fcfbf0c43bf2d82586,871504057.1604155
30677852542c78698083d4f3,928990822.2823894
8fc78c514a2f1cdbc5ae6e1b,1101501949.7291033
73c618d704a2e1ac2bc41954,764746028.0731574
4ba85374c1d1f1d3f4632ca1,284143373.05088687
9a471715e4c4865b822a6b77,479805957.2195163
4e9f1e21c855f1166428fbdd,403728113.31275564
f11137d27a5d7fa57f94e97f,641499310.4837048
5fe5f3c5919c0ebd57ec8e36,417033916.4638592
e40742774df7d2b614f32de6,366541987.62435573
24b28522c72f7fc359f2a718,793001815.3536177
26ff1e1f4a6f6bda702fdabe,653550258.1646847
9e617d1fd8a4f33d7b66098a,1293908375.2448003
3b4e889562e4078f8f369172,664483605.307951
3a50d40f15b1cf5bfb338092,339182536.2633173
cb2188cb8e534973ea3411a5,540441621.8394095
fa57f96bc6affd285d10c4f9,273068719.9982414
c0ea6c76eb977d83c163fd7a,401500618.107958
367cd12d7f4aa93124047eb9,570016525.4114335
54952b5f463c64c605576601,358411056.5579854
57eaaaf24cf82d885f0f1dff,651862651.9543235
f2ba4a7a0765c3ce737b5c81,642550279.5715564
5282c3c48495dc31359e70c6,550802087.5272655
552b01d72edb192663998c4b,630368840.947127
5f3a1ab21669ad9234d4dc63,699689297.70815
68f431548c330f84c46174f6,697977079.1046877
048051ce9bf8f6a48e9451fd,907848882.8284783
fa4028ad48fb2082d167989d,562312033.9740893
5b1902dd7768f5144ae7704c,822808272.1688708
be0a8f4be774eeaa42fe460d,742836893.132034
16263617308958055850aef9,767240963.7801242
729f5fab1578f8cae4fca8f9,900082215.2432532
bddb9388922dd56737d8847b,908270998.1969068
9847a4ab995b7b1c30196704,971048349.4352705
d19937a773269962c7f9e8a3,917329569.7854749
b3c8714dcaf5322475ce2c60,855612989.7417275
875126e5776dabde40e29b09,798012495.8488051
3a36f59d7c0e6c4eb85ca0cd,877321889.2332959
630f00e15cbd7826475d1509,957264464.3503447
434782c3d1dc2b9ce7bcbbd9,683311395.8550369
a470bd174fc7587dc1449c89,1146691752.1723404
99c6f87ac92cc323c8caa005,1090388267.128318
ac9ae945fe25a46184057606,1113635546.0002768
15d910dd93e0aec22ccc2083,1121190285.1999214
6e1a9c8457d3ac6a57598052,738039493.9537678
14e179618d1a44c5c55e23e6,560915748.0316178
2b8b979cf1952fcedc63ca9e,395978101.130424
7cfc3061c0b2f3bd48375ab9,817175580.6271721
7200e3ba2013876cdbbde972,726535743.6840148
9ddc1924043ee8361201b39d,811556271.3728528
f22d6cc8c9611a7c23fa8969,824076917.7643619
b7c0a0a4f5c5b986a70ff249,518794937.0328196
adf176b63ea23e08d252b5ea,526922472.7943101
77069fb9fac6b61aa6a89ae3,761838049.454273
7f0f27f6d30c743acb3e867f,749379288.9331571
7e299fd8c2d53ff1cf95aee3,787197446.034148
f309733881a4f89d9c8a8958,840632758.1748259
0f937643c067371018c8deee,1082190738.002832
8e35609c1265ddf59e1c015c,577965154.3160266
c1ba606f32ce0337cbccc2b1,716632083.4812181
15f02dd18da12f4d7b0ac2ab,497929788.562227
bcbe8ed608f233d5ed7362c1,694187668.890741
14611fccccfa2a6499b2acef,620927574.1003485
b10b428245022d55db248b72,418883185.7075917
13e6c5cde1004803fed93cfc,478069483.6698932
ba31c38eada33f680d44627a,712265711.9088748
3786daeec4a4fb40ef07d8e5,740330748.6988786
7736ac030d8b587f44f7898b,682320269.7419522
98f89d21e5dbe53f8704e745,889942944.4779533
981fcb79db3881259eb303bb,455127203.2234913
08bb88dabf0070f72a801a4b,858808413.173808
32d56542ab5486bdaf4466fc,800911423.1299056
c0f911fe7ee2113ec59cb5f8,645622664.6911805
3adadd50e603746e5e4fc082,708444328.1742195
d117e9672b3ea0435e7a894d,455127203.2234913
020473766363019ee40d6685,692674777.290351
b04d16faf40ee02eda59a9af,455127203.2234913
bd6f3819a1c0e551598fb9c7,384594733.1105741
5520cf373444931ed8630635,476651262.4528731
40355fef059659469e16e3ec,413363163.73122716
deb844a2812586991b3022f4,719785244.3661959
ac0b895f523b53b4abd013dd,749763227.3658638
ac208e250f5ae3e5e1008351,549669381.5139093
0064cd1c55914cc8370a096f,450721183.59718096
165fab7a9f8dd404cf4e9d9a,538582356.0164578
df3eca0f59974a812b4ea9b4,757876669.3978521
1b7c062b606d0560e850a2e6,454150418.89519244
87ddb3a17b601cf7c61e8c07,650064596.6617788
837cb6389640f3919bc73e9b,829044063.5777493
77bab76414ecb20888cef7a1,868177187.6548551
a9268ef5b7133cf6ed1a376a,818477810.8834622
cf7cbedea50333cd2dfb0e30,688360077.6489613
b0cfed2d25a5d78c96d39d20,449279397.01986676
ec0c283eeb8db461c20af1d6,778357340.1255955
27c3b7ba2991e7bc0c9fc322,633963518.4399908
0332c7ec0d3e547ec6d61664,861330515.9871794
e58b92216ee6438a921ee0d4,750830575.5763202
f7959842378c94c9f620f561,699283020.1246797
cd0236af88ded6bc15b49eb2,682320269.7419522
d40e0c2222c0debe89735e88,699283020.1246797
2bc9bbe0f0216ed9d865a85a,622284628.3929778
e9bbc31499ca187c6a492175,584035176.6931986
f2409d037bc8b3e63ca69fd7,719127546.0241096
5ad71b7cfd356a75021174ab,575082513.2414132
67dec8c47ad4de9605d56db7,586140947.9859741
c6d679cc07ce4373197748a8,901751184.6033328
a36ff3637b7d2b1c52999ea8,689987037.4039463
3a384d68b7ddab45e01b6e99,715466296.9199973
42d34ca2252acaf6e777d23b,1066097277.7540426
c4b2a42a8908cc35e649fb16,619679900.5854642
18c38418824075acaad8f960,606248100.9497001
85bb6775065df76bda33f738,680977182.3558322
14cee0bdd9dd5537b96d0786,701897352.9537046
ab332133aca64315672a7192,756502410.2217644
d53b60b0f2c65918153ca2e5,465107148.99935305
ed1f81648083d4d2726710ac,708846399.7035707
b6692a933facd74b4b11569e,400791443.856487
90e00fc58569167c00fae7d0,581838451.5737278
8a514fffdec277cd46c7cc71,785315262.325443
7f0b4b5851c77d78805320c5,527643655.5104103
fed1a608e3c0f2b79cd02ebb,614171842.0400494
075a5474294e25da55373a09,329767128.83341545
8826b9e008064cea38855d35,578810270.6269276
660eb3b40b2bcd07df8f5c3f,405740391.7710779
d55cdfba22aae78b6fab5491,366901824.9182056
ea6e83dbade169818975e5b3,534920496.98568183
dcac44d3f8024c6ea1632432,415012040.55131495
2772adb268cffadfb2917c2f,459267086.1769519
3192bb7190b9130c4e67be4e,918690959.9636034
9d892f73b02f001c2f715607,476025634.5497434
c27d72aa1fc5d37f4cc105eb,724376354.5717692
6c0ac32bc8a66844197c5fb4,691157652.0862466
52338f4f7c8af6c649106a96,494352784.04141045
356815b8ffc300fe03073b7a,718101027.2452787
22c780d56cb97fc34f29e9cb,330321119.20642436
806907598158861a6958388c,510075174.0011187
449cddc4dc3ef1e93b7f7c26,538390204.6476071
b225270821758e45cdead76d,458024854.51222813
e07bc486c6f5541e4788f83b,532062553.9503255
970c0d4928a9292748c0fd00,683732290.4644372
f73f720abdfe4b5adfa2bcda,502294292.9370105
48d3b0ef6e5f999bb90fbfc1,593914977.6329384
b3ec2f8af6e9adce047536b8,707752914.2316542
0e1c66f843e06f14d7264864,510355190.5764293
91c4f018fc7939d150593935,813374891.0597243
102434eee07ed18268857a9d,737125608.207344
a4c70eae507d630c2f285eb5,805122378.9645103
45abee1de734dc32936d0b1d,703943456.1958535
82bdf442e186baa829e06da1,608703604.5101901
019cd320e02a64ba3ba9a37d,687975008.1306033
ba1b3c8ac8afafef56233c84,705695946.2679988
3c3a0f57e030472879f454d8,778530964.8950462
d520e90e7d0c44a6b8852e5b,479464129.97115666
38328747d2e1e0e568c05523,548517406.760837
659e9ad0f593b644071cd850,637732296.6466736
3e6645f2cd377ba17ae2e46e,331933686.9880583
307eb683db84db535106c445,595572559.1721737
26c8961848e3a77d98049638,699467777.4639424
52373e15e9dc1ad371a0c090,517521749.669464
e5b2a446c12222efc187e02e,608982856.9577767
156f706d1d30de19f7e369ea,633202860.2240981
aa94d2ad36bc0e91bf561be5,806010645.7400831
8ab41842b8e41b89d8670ecb,453790180.8437534
b19ab02a8e22f3e88a26031b,669228446.808398
a6b1ca7a4e91c4c0f4366984,676829256.3774166
a277d5e8216fdc3d7c93eb2b,670491837.6845515
f939b7271c4d399a5e647f8f,715782946.7154233
941392f9a135909273422dec,581712532.9936074
e07d8e9e38e309958288a516,574846864.5821381
258f10f742fcc835d53063cf,718472307.2069062
fb672b4cb1b66f2022f36a40,665464783.2288762
ce9dbb6d009cbdbe654edcfc,806480818.3622167
22e524f1fab17d5b8616d741,974963116.1618775
7f0d874df9235245f47b04c3,675766019.9393215
27a8a052b815998c771a1f55,974963116.1618775
b80593fba07e21f8bdbc352e,1062699855.6867409
d18d990404e7fd07424f5a77,602737229.131737
033599f7e7ecd8d9c8cfba46,803252124.9265097
51cf2fa527c3db62914169b7,687080556.642852
2b2fa2ed0055a19859e78446,693879513.2651823
a8e1adbf076dd737c079129c,974300044.6433436
adf948af7b24f9b6f29610cd,455597814.4606609
23473bcde48f634641769e22,416227675.51774424
c90486bba327ede32dec60a6,543068525.5326554
d254d88ea0989a609b71fb72,566073947.1362754
2373c595d24a7b862b518ec5,747831005.2335905
ec401de1c0ab2dbc149da048,706025423.78994906
17c0a8fd3a2c8b5b18d61e4b,738855891.9471872
1a1016e7a96da2237b391be5,550318527.5262659
c5b40b510bf7f121c93a2332,801501076.6494542
aca37e216a27b4dd5337df99,687935710.5845088
96f59167d17d1c99f31be997,721008162.1940207
062b36cb4a87cec372f9f91d,661331659.4762828
0466a7e06b152c1860d44334,643809319.091964
f44726680d0c594a2d430bbb,791415792.5854707
8aac8946e7ae5725971c5557,781255344.4914994
e1aa6c46135f4d1aa1b7a1f4,714253784.3460536
fdbe5801070756d1744211cc,747077534.5229145
6ec4c88b8d3a16148e2e7348,742486029.54053
57c87ce038e4e523b4ec189b,646341628.0139586
9bd500fb24eebd53d8262b62,697507232.566789
85a86e01443aba593f95dae4,695864664.960239
13e2ec0a12c8a48a753b85ef,398827811.9239589
b93dc01af5f49e6dcfb7a547,415966892.5832615
71a42155184509caba01a1dc,390129172.1343747
25fb1c0c4aace859265de172,703943456.1958535
6f63e4f866bda86d5c993c8d,531455039.61670554
72bc42a5c73e7b1f9d54c835,619758558.4766471
c06f36b42021a1512cb6e3bb,361183678.8479581
f1a7fa5dc1996591ff97a34e,548524640.6968812
6128a8deb1f0bfbbf0d67769,616541299.160942
b5254c6c29b4f6984d328216,377442943.763417
6cb19c3e491a60bb2c166669,424982852.4779465
dda4ee9f3811c29e2b261a5c,479464129.97115666
7a564ce9a4ed3d2b8fbb1103,703943456.1958535
63b982fab95cd17211a4a58d,438121367.968379
5272c50f1d8fded01f7fb0e0,528772697.21877056
02b47e60ab77588aff6cb433,664970461.9996322
ddcc7f7a087aa5f4797a8a5d,395460660.57482404
77a887ca508d924ad5203194,761211200.2502491
b57ab7afef2b8aee016ce6a0,755841454.0689918
640a801d503d85835eb65a42,796531672.7963275
767ff947b16b2271f516c28d,661005091.5861223
1dbb46a250f504e9c8673bed,685792418.2610986
fd6e9c9ed7679485dfd0b022,706580874.8046198
7dc4f9de14c2924b229ca0a3,694762178.2433194
3064379f468404110d594c87,772028921.5846123
6005ebd6442c62f8becdd2f5,740654542.4505316
b62e960eebdf95c2eaaaf9f3,832003489.6254133
7b0258f1aaee97661c34de64,709297301.3178215
91e2f9f7d4ed776d38a3274f,683360423.0113724
d505277049a254f960e114ef,705068928.0341392
32040dd7b8edfbe331773288,754283744.5454404
70e427235490d7d9c9239676,966215382.8294512
1a2aa38b8e18fd7ed5be77ff,521588996.11712503
4883f7ce7086ba9c8ddd4315,726513709.6908339
4116cde03803e63a3e87e847,765832886.0338722
d6de5d741702387dc3f4481f,714950166.1801983
2346533f4712f3bbd036d85b,806820247.1967946
f6a12c0f02fcff1be042ed0e,709840551.5299937
eba3cb8156e0115bd7dfb525,973656167.9996762
ff27ae490bf03513b6bb386f,920320049.1586534
e87779bf2f8af86fc4ae9583,324390169.0834935
4a809b3987cff0290c1df8fc,449019130.4677422
8f4241a17d1211687bf232c4,435359616.8263265
bd8c1ff6f9919ec6f1dccda9,643353295.0084692
081e008e772c6a79b809a87b,668714454.0299413
0eff08cf4bc42dd442a70231,685428116.0466044
b4e084d14962cc58d4089955,709921999.2284975
d02c3b5ac6fa0ed6db06e490,738455399.2613037
e8abf103cbe9fecbdd758516,709921999.2284975
05308c4f3d0e0887e4a68a92,616548129.5204198
256a6ba3ff423a899229f154,536490871.39841723
097314d920292b46eab5dbc1,517555488.8151392
4ce0fcf14266d144c82f8d4b,481079520.80700064
548791b5faf236b1c03b7523,679506768.0094254
40ef1682158d0c3cd07f484b,841804678.3939112
7b473504c85e9cb576f951e2,553856637.1811475
730c7382d76a07904f559b28,662932753.479251
e05598d3c49f409b937ff2a1,530962555.00423604
844dc89fe6588acccf0c7536,604387097.7500013
ad1492590bf61d2cc83b493c,792622207.119642
88fce3ad9b8a965dc11336cf,444214599.3298723
b76d853ea415967415ace0d7,588373044.466618
c12c81b3eb12bb329466e88a,1023986695.5231704
4e27458d179a469435d02ff4,564519435.4140964
8d15b4bb1447eba7a680ef47,326335382.8192748
482c7150c7555cb35558398c,710864367.1422681
e5d6be06fd53d317c8e5c7c0,600272323.209596
f798e7105aa8aa66750a2c85,736802623.142013
eb24e0a0ebfbe16eba466280,788610189.9179474
618dede0dbd48df4fe610af1,719549835.1140145
6fd936b82bcfd3cd2451bdfa,628937783.1946766
adbb5c4ba7be2903799a51b2,741275676.3018878
3a99197868ce338c738a3b20,606086546.4911162
d4c45f35f214fc226ec85b36,758129314.8873031
c3140ab2134de662162af508,327806608.3263973
0fe23ccd8e42605f4d9f78a7,212221742.98642358
8816e8101ddc4e704053e23c,601974651.0674402
64ecb100d7882ddec6bafbcb,651015459.3477305
9151a8c65e1f01ce591c595d,605494220.4040188
c8a40314be3014c2a218f5bd,798627279.8432654
29bd4cbe11f44759e07487fd,663190640.8886948
72ddab9ba5f24941e4dbed6b,746471468.6375381
1f18df9ee1b19359816ed13c,687275583.6436263
fb82175fad61a81e9b665fd3,834477335.627389
dee2e190c4e2539124ac3ee1,674177928.4626104
0cc2f3a49dd703e7554ba638,707116206.9225967
ece0394e38b152e6c1571324,1090388267.128318
e14328c988a27176e9fc63af,720519411.0949388
a91664b9f15f9d6f262e7b2e,821643495.9161522
d54270fd6b09b38a978cd7b9,734019528.7631435
40c74dec061500aaa78f78b7,698741926.1646798
cbf6faf7b47b43b2a77b3654,716681541.5307492
52fa1eb3cc7cc2f77ff98764,633043534.3186139
bae512bdd3b04405c519bf4a,600009025.8077233
e7fbff0a25cde72a38e7c7bb,865432154.50536
d3f297fadece964afe5f1cc4,740654542.4505316
2679ba671751ff16e76f1807,713531049.1271925
8059e45ca26bfefbb18d8e40,790418172.1606854
9e7ee8e17b1e76965e96ef95,775408757.8654814
9039bc918a76e486041842d0,659582783.0165921
1d7912750a5e345f7edcdcbf,403512392.9165735
4fe0482ad622080f55a0460f,591199780.1485122
953fd7541735fa8d9a342642,802506302.2013311
0b3021c156324d1e7974ce3b,1005490290.9427432
b0a8e4b4ef6678e6b43865e2,587108119.6700441
bb47fda808b52f30364a4d6f,557419924.2170593
d846dbe691d0ee3ac5c3bec6,814511935.6122897
21932b5a5fa65d237ddb6293,557419924.2170593
07481a101afc1d5db45245df,669108347.0712485
d99c00c516cf57b6fd9e877b,545618294.1515417
6dbb494acdc64c03742fa730,742326442.5858727
35f69c7a9870ac62735d7639,425702104.2345108
2721f5495ef5dde16fd29cf4,876113351.5892882
0c068dbfdafa3429c71189af,896273702.7732
f3293c4064d71f9322ca97b2,847643377.1967919
5eb268b95d7b6006b064f9af,687644293.994715
e13a1c06ccbf814945dbc768,753647820.7278037
935a1e8c7e62ca9d3bff398e,731212466.1637106
f0c7ecd3b2261873d3664748,754258176.6360166
d2f20425e236285124eaebad,565649677.9896047
05926b977b5df59857194ec1,555101872.7456852
f548ef815603ec44f4629a60,917329569.7854749
6cd147720319f60ed2599361,752222098.6954577
6302477fe8172d08f3b4815f,574209587.0753896
b0af9b1e84a1886489d46b91,596179694.6263914
5f3a2a31f6d1838e0a9531fd,819853102.8844846
96786aff35713dc21f6bfe5f,733378028.0592271
68de232e27aa83405b4a19b9,976091683.2553861
8d252e9b0912f09703110b81,541140101.155922
f4e646df504728ee1e6ad0d8,583987271.9599637
e89cf4cc82c5283f3db6f5f6,438509234.30073345
1bc2c099466f9a989266be0d,398255808.732901
bef2008b362c4af1fc3be566,649039894.0652246
7988f76ba063d25a4f467730,753887724.9729111
391a98a344e894c6397d62f3,348444911.46865433
5ab0b8b0d6d93c4654b5cc14,645856462.5434684
305d6abea2f3e496e3b6fcf4,819861688.0301151
f512fde4fa3f1f7fe885de83,679654743.5340564
c7b6e7a287602275f7854ef0,840672627.9919847
3d11a16b008c26fe43deca03,732281688.327407
ac7f21d22d013874c362d440,536478170.6049247
c933750eeb53302db0245782,471502145.19694304
766a8ff17723a5c34324576b,669778247.5167301
802fe3175a2059f12d7edb99,875855807.4725395
508bfd077c80b6cdfc5a10e1,785938596.0877954
ddf8733adb641e15837bd728,558206690.2706038
17914fbe0c3634dae8ce9d71,747987479.5341537
09e4397bf9794fe24d87d07c,621204416.884491
302918a3460b98acb64fafdd,581445866.4636464
a7e57a8be8fc8d8a844cf9f0,363474369.2793084
7b50b071f4d795c9b5ad7531,635220814.1541955
91a7bcd95c0c960e4cc22d91,622284628.3929778
5d4a23137173c0e2288ec418,613733653.4221078
751ba0c00d4fae1078c02fb9,497929788.562227
e6bc998ad1d87c5be3559ab1,632515350.2957097
53aa9cd32e2a6aa346d3d789,632515350.2957097
06f22f7a8e4e78f45ae81638,667851314.3701752
2105c17a4e2f97183e24aa4b,706331218.5941676
ec13a869c212c39b6ba21b57,727547509.2091703
0b49dedfb53ec812962e31e7,660983745.7592586
69e6fbd4d3816c4cc37b265a,695559700.5728203
ad46f8bd482500f3bb935737,694538611.4593825
368f7a70a62962bf31ec9583,982449345.2695092
07412230b931192771072334,752325712.8506786
e63d334d9ae8b672dc7b7d5c,982449345.2695092
3e1c2c5b0831edf78f7b7082,752325712.8506786
226277c02e8532922a1c769d,738965491.6153564
7902ada9116a1cf7458933cc,922108971.971092
b21f6e217d6733230a8eb7b7,868024757.7975832
09ac622c303bce9ad5514442,583945789.9008561
ea63bca8e3a77fe88d88fafc,424927349.43907166
a3c7c54fa12d5b57dd997210,507116198.15495497
cdadb2607807935a0a5597e1,613890131.4616389
8d041784b65d33c76e5245a4,791441831.6322503
e6807209b634455bad257998,583093603.1325424
b1e3f1efb232cb0976506cc2,730716472.3308783
dea95d98e8bff87b905f9172,910191725.2147508
44b6382d9195ceb3f12d4939,923792529.4244753
41f33deb9990562def18c917,399954819.73002744
0a61250b2c208d42a3077bde,764746028.0731574
c714b30713eb7877ed3cd92a,393225536.54326814
bf120b883bfaf7641eda65a9,645448893.3773497
90b34ed38e0f18988f11d77c,683672054.4589317
feade1f4b3b06fdc12ec213f,709840551.5299937
00bff9be2d524083e3b3149d,616548129.5204198
f1e38e53ddb8a9d5b641d934,868514342.0457699
49dbaf0bcca86f32f86e641e,855185896.4987172
18539b6cb6884f753e0ac18f,750889339.8209506
7586a79a0151387a1c0cd85a,743668461.6226939
d533a334c2ad9d510865fe54,595577294.9844706
95f7bbdcfb59b4cdb41b0394,669778247.5167301
4a2ae08359e1ecd39b43afbc,686871855.9071642
e8cf39cada5b7755f60306d1,631972081.9720371
0489a476b376f7f6efbc193b,398938565.81807923
7b31b5e53015f8116fedb0c6,791548201.8017193
4c0892a39011cc6a37fc1145,682384922.9209756
92d7d4fa9fd09075bec14a3c,778040163.2455579
5e5ea93675900efebecaa19a,430583568.4523517
084de1226de9a6f4a6075c2d,631883189.8433515
54f16cb9563346e15b019102,447900563.6651925
512a6de80962ab797ed2bf72,608052591.457117
871befe27fa79fc1e1813b19,1216210021.679613
4e0b1df5e05ac505c701f519,463252589.100253
37227e66adec69299f853e51,756482817.635674
0a0e3ee960f60d04ffd6bc0a,569502052.5697894
82b15a5da307865c7045dd56,723719080.0530314
44d596fa36e3992208292ade,678562744.4949536
3569024b3ae4865240973e6d,400290437.43514705
31d3215c8345d48ce9734c65,481341492.54410654
147e7f5381d3c951fc446376,509798084.86711043
77deea164a3a622df41249f5,679226941.6203052
3cdee5304896e4cb9604ebe3,810959092.445799
f5418917530b72c9fea14f66,471502145.19694304
ffcbce226963f10da8c53fd7,632522597.2866045
2fffe55a1584619bd7c489f6,669778247.5167301
3920eb3f72b96fcb58ef778a,390380623.36400986
d10bdbfbd411ae625dc80611,362536694.05986863
d61ac80c0d4737c3529f4a2e,404764051.82533455
f8948886cb4cb018eca25d19,446072907.516688
da5bf7f1c7b2f4ad670e2382,657853917.801147
f406c9c3c92e9b31310a50ec,699203087.9406772
171b560236ce760573a990fb,1196742955.0578065
4d852bd93332172bfb081aff,1196742955.0578065
2e1f7569d134a931098a2ede,655769025.825692
6d8d2ba62c52445d78f687ed,786094271.8560585
65ae1a893abdc2eaa63d9271,1215356686.3280177
c9c51c39725d7df94822fb20,591649268.7489572
56ddb54e50deaf650a25e82c,539201907.2952449
aeb330dede55fb66654901fa,747808444.469106
4f4e3350c429c6afc0bb0094,693518804.3214227
39377d0d271da03ad85c7bd1,651862651.9543235
bda2fcbba2b412981e708054,828894235.6806256
eb89d0b7914010148e6bb597,672783399.3743181
513d0ddf1ce44ca671675fe1,797896580.2259823
14cd5f188cf6d2433240b5cd,570016525.4114335
dbbe0b6f5eb07a5f9ec873a2,531197750.35922235
f9acdd3fa50068bc0180d008,704963781.2741269
4a85c36fb854e922936b57fa,514449737.0054393
937876bdc44c3b8fe063a9aa,610573805.992176
001399d3861c5792ccb8b515,1011766531.2493634
f28514aa4d6ffa36104411c7,576177570.6689563
3b185e3e31f7f5e6a1b3193c,831724248.5980572
f4c7cc4a249ae7037aa0b35e,671345134.342568
b74a02ef5cc838952bb9afd4,545582642.1589924
75f5aff9fa70208ddd843779,533788507.8455964
b7273cac93fb7a0034039600,834166979.8283811
b73bcc0cbfa173c9fa404369,741721239.29426
3c4c18326318a7207b589dbd,335705200.8199244
29a230f7dde5753e65b661dd,787944263.5589784
c083a5c64c4d6952accd7bdc,610316496.6700379
1cf29f882ee8b458b8f27091,696659287.5188224
94c15574aacdc5c3cf5a406b,570937368.1194518
661f7eaf134a5b142843368c,608213631.9902976
14a5bf235097782f468fbf23,566005397.9094274
d2d46c70dc048c92c8e4f09e,742431420.8033329
f6faf74c3f4e02a6b333b7af,772198690.7368262
6dfa362ff7a0d55693793db3,633536176.5033945
b070e3747bcf22ed67509efc,638024275.3403093
7333f19416625d6f4244fe02,753194870.2252773
3c86651d9bbfbb335f15b544,643332962.2810715
9d8affa93ce4dc7c1a21b3a3,753337590.6183188
eb8cc67810d95d1b102410b7,767240963.7801242
047f94605add5f6f84fc3f90,719991144.5882283
56ba332c82c36f07ba6bd271,909007710.0678309
5814a1dd61362ded4f1d8d8d,1155092214.4893537
141ac7bbe9637f9e5142135c,1121190285.1999214
08db0ce5cd15db2404ff3d28,578941799.8241255
c38677ed0876b7996f596336,408872239.3776913
daa4d7da8d7df8efc1adc9d1,468023229.8975351
f15c6403c6d4e3676a607780,681365417.4499027
4d0cf77f8cfcada2265ac585,482796803.0274981
4caab3951bd6cb6dc71ac8a0,624092201.9873761
7cb64b94877a9361f20027cd,496660858.9890706
3f438d6202cfd4527bd8f983,576031300.6732135
b7763beef728bc2021ebb841,493869908.99875
4cea8ea969dcc433fcb59d96,782302628.6613325
24fadbd1dec637edb728baa3,735273846.6127449
63cf422266e7c39a6c895b3e,759912189.1212546
dbaa5d47ff63125584bf7ac0,741444465.3224573
da12ac932dd8a2fabade4bdd,618662244.165063
f35538e95b4a567f9b834034,727889245.2346461
6ee1e976768b68cbc8008950,596007992.2956431
a910019b3d18da92b4c6862f,669145824.4559263
a09413ca0b723170c26652a3,614880058.751912
2b451da55be3683c33e4de31,827187188.274848
561840990333852ace562b82,397180531.97690445
b6695af1ce28eb50d7a2c25d,981737730.7342874
9327563b40f2a0f888c68f28,1085704438.0313168
3438e5d77044f21743e56edc,662126998.5337051
63cde4fad1be942dc5ee695d,428506668.467005
8e712705b7de6e791c8735de,644700903.0303042
85de01c0aa787152c77c6180,379690712.2236532
c9b0673becdedeede0209697,386668803.7142879
15ee6357e02b76367682d6bd,738455399.2613037
5f284a75ec8e9c72abc76695,835587320.4673184
37e696957da15625da71146e,665355246.6314532
96a478c359fea0014fde607d,694898058.6094235
1a61721fb7306d55dd77b6ba,694898058.6094235
a7577260fa10bf408f1997d8,654902260.0929238
b3f8ffa761119a5441a44ad4,931747589.8666043
a5c85b445f503a56e0e2a924,1159474911.007846
5aac1a1d5da10b76ba4b690c,878235975.667636
1420543e2eb5f38e4d38ba81,1213840970.7456205
a530e3ff6d7bc1abe333245d,628937783.1946766
aa9988248c7dedb016d8b6ae,761175480.4108497
fe8ab5495cae81b5478026a4,709297301.3178215
b463c62e3c21e339e7acb52f,672783399.3743181
00a5133e7373eae3f0be8f2e,569594478.8537256
38b424cb0e54f0f7f2745781,632931815.8067033
c43530f324a3ac90f53a8849,758129314.8873031
abf93b2418fcdac14293c9a7,548524640.6968812
9b1be976725ddd512cd222a8,822808272.1688708
9b7f17ddae12105d47fad7eb,638623255.2822418
3caab5e89722761d5ab2498a,620927574.1003485
a2f40c8227b466249d6cb659,530264937.0764617
e6a5007ffb7c1321d4fc21a8,612579477.726671
0d50b435188b7830a6949026,673188240.6070501
d4bee60a74c2e2235f507ec0,674177928.4626104
b474103c4b637ca25b5d89e8,771603297.2680986
ce6ddb82d2ece3b8d58fcc63,377441865.6852443
28403f16831effcb75471738,396335095.2318956
03f518e2e5861002772345fd,372102994.3648561
011a6d0f12ba108ef15076b4,277617151.1535586
93ac0b004ca60ea56cc2bb9f,510688732.1311383
1b70fbd3e46da8c47c3eed61,452569561.46538866
cb40d6ea6a1eab77a60c1ba3,703773855.9102482
87c73db5d50e8ec3a22e6ccc,763441296.0910442
9aea45bade274e4ed91ec301,656744536.3737448
43c22bfa9a14df7b0126c12e,414231141.1814018
6d848e54ee68e6d8f23b3b1a,460421792.67563665
e5cd7a2aed48057b0dc8d970,548169774.0802823
bc4b94c892fea57ebae3eeb6,552259153.7119122
e7bb12e99318573a6e6ce1cf,715052007.5747212
4b52ebb0f0a8878def4170c9,716213722.7969493
3e85b447edd3b23b5a0d3b79,683252917.9066176
15005fe7eb24aa25b9e3cee7,651052221.0956973
22e00f8057294350ddf4d42a,781174939.6220198
ddf2583bd65f02abf7ce3280,832479435.13739
704e5657734af93d19a0e5fa,725631258.7422208
cc1a11362066152d21d4cc60,524946860.06148493
12062de068acd322b610fcf1,786094271.8560585
e9804af0513b2f68daf182b3,486342217.7978585
f13d8f4b2e3114d71e5ed941,696931247.8918264
11bccaef3431fc17953eb81c,810391559.7773113
ef2b9c11f884cc5f31c26f60,888094888.201596
25986c851e13c92ede6c6d6b,881032898.0967375
37e28ed39a51956880d211af,1049843179.4553307
9530217ea0b5d2395adfcc9d,1068608161.8631697
d8607e3261ef1546eb0c30f0,783553621.1085745
22a025ad47ba22ea9fd1a094,794671834.4819509
1c88ddc21f3e8e4ca633621d,371844350.09611946
e45ba581daff88707ad842a9,547143126.7113128
d7e97cc158c6c54b02fe635c,663304229.3705912
04bb7cdebb8b66e783058248,554895185.7104031
d60cf6dcb7b4b40077536604,806820247.1967946
85ceb648cee9f6f3d221254c,717896932.6927173
f58528d3ddce3bc6c71bfce9,778131320.721614
c269765ece36cd93058efab9,574817613.0747324
919bdfeb16dd0bf67787d53e,395460660.57482404
ed8eacb8746dbcc3c2ef3aa9,633378526.1435001
15ec532ec6fb73074b9b12c9,552281856.4759023
58a724e8a0e05140b07539b6,709840551.5299937
2b7a5be93795a65d29970b02,712241672.0652825
6dde9af12b6597425160a47a,1137257298.1095552
f0ec99c13c61e89310ca9b8a,633873136.3492012
65c83da72c07b8e74bf581f5,736015562.8745544
3ecdb7a7d178b48361340ea9,817089358.970892
af22669e3ed10470623fd8eb,647832159.9427618
748c981380925e1247b9e64e,888059587.5664974
78ab6cb1f62a7e781d4c4d0a,393414872.8531138
e80ba06329760362c7685ca5,622642486.5249335
3cecc0cc43ef46670a8e69bd,501754935.2575771
527e4b1b06637b5362c8f17d,660562745.5180264
cf9eb2cd0f20b13cc8816bbc,558052923.2757578
4b3a6baf8196a59bac8c08c0,501831966.7455492
9bb9864a6bcff25b17477717,583727017.5609846
4f7d630c921cff500705ee5a,521812790.3791668
7b7c0544ece4aa383fd5b4ce,795953756.9007694
191094739043620c72aad2a0,732963332.5710958
a20435d582c7646db231e7d2,793001815.3536177
1555743ec7e2f38904852860,738855891.9471872
1c7452cfc46652a60b7a4f05,751223948.5622075
97439d5a82f970e7f50d51b9,821492626.2273467
7667cd57d0bec809417c9b11,595917252.539047
103f6eaf04b44c4013acf097,1067191712.587316
e6ef433629e193042bd30f4d,1018924861.9191246
2ee7f959d069c9ca223115cc,913401072.8134451
b46625b69fba1afc154471e0,678752427.5542371
5cc0700421954934cd8dc445,553706320.9286339
066f1b68f7c053a196662fe0,616386459.8435221
645e1c7b799a489887086a1d,754258176.6360166
f426c41d6d8bc99f359f480c,351775788.7462316
d1be4eae680cb16d0c842606,917329569.7854749
57a5f4f83a474ae156f207ee,687644293.994715
53eab0ecc3ff098d55666699,1035440899.6842703
54022fa49ecd9cf290aefc89,833077088.1238935
545db4962e6294cc5ed07727,822808272.1688708
8e17bc9f09099ba3138c232a,762684811.9059592
3b4b303bbeece313f92cb85e,708508771.8324517
d0119d7bb15452c473ed28ba,582606080.7950253
1a36f98c62f5126c8064314c,630368840.947127
96a77e8e42d676b0da3fa572,668114521.1110148
d7d6f668e3e40d957163276f,660035135.0473435
5b908b8abd8dd0862440c172,628859048.0227845
81716dd4aedf72a6a14392e4,461328995.24002385
47d252717c4bcae3e1ff19e4,955517901.2627668
4f0b2f7e4d787a108a4d2537,768921767.0318707
90a43053efa1d292af692a87,524013545.61511725
c3df4b9fdaa4dcb13723b5f1,710323491.9157304
4b905620f76873355d317dc1,677486830.2469656
ea16314310144a10c81da9c7,347804766.64963186
0e5db1a36a521a5d2912b238,635586898.7152878
c53c58dd7b26902f67c3becd,740817540.8047339
6c17875f20f58b1fb211c18f,844872878.5023873
200020552855ed39d1af999a,642363263.8535906
b44b862cbd855d46954eca5c,610316496.6700379
ce47299ee877638c4729f60a,610316496.6700379
3a28bf9841e6a9d3f1bc293a,717978035.1707797
3a488b9e24d9b8fc7c222e20,373832442.98221934
5469c33200ffa87952b356d0,330459546.0435451
b57174dd86ed451448dc501b,739447413.4789745
ebe09efa32acf6d680341840,835669325.6901995
33f7d5aa494288cc90d60456,916233774.7344674
de9a32ec454c2696cf75eb0d,784996585.1899036
df4400c44a166c851ff46eab,742069323.406978
5dcc8f6a6854a864dcd27a87,663099840.7941518
bc08ce9f24533cd644ef08b8,477115546.2620339
2935cc0e053bf558a8b73054,663099840.7941518
f08001f2590d7b734467c58b,441398788.3474408
5a9892659590355b91442979,747838318.4802313
ea34dfefac91681864c2bfe1,709441722.3239645
ee3b5d47d05a80c07751f7a1,837228335.528253
448ad01af4c5cfba3feeab26,837228335.528253
bcf43ae0b4b15ae168abca97,683345527.0238428
8ccd326e4f515bf7e817a14a,636907505.5332439
94535dcf38c9c6461a73db02,466521902.50645405
9b3557302e940d4da341cdab,453763175.2102759
edf8c961862a4ff8e1e44f1a,937747958.162337
6e508fb72f189a4fa91bde58,574797280.9084562
7d0a4771afb00cf9a38ccb81,1213840970.7456205
8c32b6b31d1a1d5736c4df61,874359193.9151406
da782fc0c8a79e3e250f0f67,358936792.65768844
c86e643b7f7b57b4482020ef,565012499.3099519
4632f1e8fc93e268ddeba07b,719955417.3974464
2cd372392fda500e6526695b,603713350.092406
a05ef49ad8b2d6c466ac7412,849757092.3713088
9f50ed2b7e40847ffd877f4b,816374534.5221473
c00083aa30ba7d953361674f,328451436.70179033
50857161c59b991304f5c55c,662660576.7328699
3676f63aa0ab23ca7cd344b7,470295630.7174023
3710ec95af4702c45f165279,651052221.0956973
16db516a238934a730ced1e8,666050302.8771057
d450dd622183c7cc43a20d70,724855681.9480764
ba84fbef80c8a82895ec599d,1056212440.6056218
ee85a12b8f764bc15164dc7a,574766853.6100923
0038a3b703f4ec779bbcfe6b,662126221.0276743
aa643acab634ee591a2a43ce,641576874.4475963
d6438814f4ff3853bf6cdb13,745058590.7123051
a37522af63bbed2f4d10900e,1213840970.7456205
0b715ccd3b3e01444b855857,360185601.0077246
fbdb9caee4455e99259cf921,691363079.0727296
b3c02569b8fb721934f51c52,468344421.67145926
c07e2ef0bed4be12e41c783e,653998053.8891901
1b4e4016cb766bfadea42f73,368175012.4617299
ecf4e968c925cf8322f8a0bd,432781440.7198527
6cc0e6bfd30ed93fca2bb217,447078952.2062805
3e7f514983daa92e49a7c87a,319089095.44292706
97a22807207cdfb341d5c50c,265112280.60664713
3f9e95762d2f2056e9716039,493368155.818167
255c5b92d71a00c3a73b9aa8,407516234.655701
58d24ab99d74ae4c449c90ba,687103169.6048039
51d1df6e1f28c40dc9074b74,1196817375.9865668
16261339c3a99635717fcda8,804620348.2909377
1475cdbbac4aa486266e439f,738077862.53321
2a9974fe07b1e4427e386e06,556223140.4368832
cf76689ebaa20c70d9db4d51,797896580.2259823
f9379319f992cbadc43b9189,716152969.766333
62313cfe4272d263173e1ea9,630649227.8855175
b2c62bb0cf8d210dc4635653,862316474.4612956
5d2fd288d33283826210cb90,1068608161.8631697
3454ab4ad567d2d22d990fec,662662619.7351059
58be66aeab226c35330d57d5,674326504.4348155
315ea6fbd6b3261cae7fb900,649257907.8672162
6930d8e260fafaa5c317dc82,489434237.11326766
0fa99fd0e8cebb71a3bb0871,341076641.9836746
fba946e4ceea37176170835b,471818303.1510202
b53d4d8d0bd4a0ae84fbc22e,503717582.12973005
8bb1a2ecc997779d1addf12c,363030254.9055389
6dd97377cbc262b07ea2eb99,419862770.41653347
5c50853824c890a5a7f0cd70,624855569.9699692
4c3865a97f5877090e7a9649,704614977.7258807
a3cb2a035f98276076f2d848,375565084.1534251
40d04ff9c405cccfc82ed5a5,463660609.1228643
22caf82aae904c79057fcb3b,593586360.8845447
eaf87358d89af17c3e004c21,745617349.4578472
9ab5ef2c5650c4bd05248990,368175012.4617299
d96e3063ce77ab1235e2ba26,479273427.70479673
665d62a8019b27bf5ce6e6b4,517022004.145946
56234f11aae98489ae00a8d3,612446983.8419155
76a5158e1a5c1f9fae8ee882,508658784.020692
d974970034de145d469d09c5,465982641.1005535
7b5db1e4f4f47b4bf7c827ee,670298148.5672336
73ff6ce99ba5dd8cfab0faed,538486396.3736264
e1cecc8f17883ba6e2723826,516371155.648171
857870b1412b84f0f19ed751,657690766.0426562
d89dff35fa1944191aa9ed98,582458904.1950827
86b89233e0176e034ae3cb7b,697899366.075678
dd3d529f3745159d9e7746b2,712812606.8195294
af10ec1529a63d0bc10b056d,728716974.3893225
a2645174e4e15c49331f576a,805662451.8915325
311dcf366691c44243b7b89c,727829511.3265754
4cbc74a93e33f7b4812e1a7c,437188132.20901275
6e0140e1d667cecd155c6e23,562974428.2265614
dba6308e2358f30b7ec33f59,811885292.7172272
761ba98d35074faee3594dbc,799805624.8265997
b961220d34be930fada80887,719987546.7858918
c9c3973bb37b5c688a7c0157,708522848.8122213
79a0bffec81b17d606a606f5,805662451.8915325
135f6f92c4ec95847e8840eb,366130955.4497891
05858b1e4445f56f22e1f4bb,710283296.604837
623b7d96c0fa09e50148aa7b,696931247.8918264
e61e5d3288f02b904d3b1e38,792689512.1322395
0d173e7afc8f8babbef6ae97,827592867.1122152
7635a792e5002ab99ceef583,482647890.0144159
4da93e7126354a474d435a4a,813327713.2979048
a4c71322f79dbbbedab3191a,796158224.7028811
57ef53ecf8b709ddc05aceec,622065928.3504765
65c3e09ee6f1ef0500ca4316,939105878.4347901
74d0b6e87c2045f95fd493c4,781476017.0545685
4a3d0390e005fa5b4c9403f4,870514162.5100336
a3aac701ae444b6d91b7bb0f,592649506.7102327
4afa3a1b63c076123e7a5279,915839207.9930639
c97adfa6f5ad3e3db6b80edd,838635709.816092
58cdc29143b85386c76bedbd,843382084.9747301
1f81176d8a0c61a7177c6c2b,855612989.7417275
1c2e69465c75fb3af2d57351,830235499.516145
7a10ffd970cc822108ce7cf0,854057835.2771897
3bfccc757ef82ff2774f2db9,1076955580.6358297
3c753ecb3a4f8ce43077a6c1,1038903332.5899364
100e9e2623cb0fc52fb08813,991199538.246368
90a269d52e47c1705f9b6cf0,1101501949.7291033
34f4df9fce2ec05633d0cbd1,692535148.3476862
1e4fd826fc8693b17f6efc3b,843578732.6498847
efd9d848677015f13688453b,560339636.334052
07cd866c871333283ecb2d23,706885665.4301082
76a307d6b36b8a51115e91b2,724832554.6795859
080969c751cb94822aeeb755,479641054.5480829
1e37fb708b70b6b5e8fb5cd2,603956510.2425052
4e47d2c8ccf9929ad9c84544,589949615.0108078
3c877a0fbe08cda958ff8f46,790577953.241133
ae59a0d6441697841d86cfcb,590740563.4237405
2fdb80ee4f9a35663e92b3b2,633594985.3606038
3a513410a390c75fc14b0b3b,436363465.3823722
0616401503f2ebc05af7ce4f,704530500.1671866
98b973c8597d5805f87dd074,579483502.830504
7063abb555d919d5300af3aa,721526032.6696514
88c4b21ecffe12cb6c408a6c,683360423.0113724
75a4421cced1111492d00298,540441621.8394095
0482cd89d767b3b7de976c3a,634078774.3422393
bda9e5d8048acbbe5a9d49ea,521128902.7821455
2152ed6b2b2eaf16ec272cb6,487830745.7409305
9bf2e0c1bc82010e92da2540,705556688.8838792
110af3c21ecdf156898c7c0d,738455399.2613037
2790ead3eba9370f00024472,641576874.4475963
9b06c7cebd33cd26cd6cc089,1213840970.7456205
fbb89795386c14f5088fccdc,781918063.5025568
e8a3d9d6134ae8d631791e52,1013701407.5006084
5c535b7d92e34c0fe4b66891,649525779.4350052
d88544e4e85add30aa795ce6,515369061.2072823
01b78983d268b52137e5ac1b,704066820.1924144
25414034e50ca33fcdcda4cf,517916018.403054
2212e0125cb7f75390020951,568279294.3446743
a4d5ea1b907e98be72b5c49b,586201028.9005048
2df90c0a3e2b9138fe276a75,693233109.2863599
c520b7e8de3796450ce49a30,508098968.01812834
35114fa32397272437e67a54,644700903.0303042
bb5726ac16b4ade709151159,610475176.068808
b4dc6733589bb35444b74c55,512169642.66325825
3b0b0bb06d95c5ea1aed2d95,496304340.80868334
fb7bd85c05cd74d945d22de0,609359866.7756552
6396667677a878ff61e1b536,411844649.24655265
47b5804ba1a998c3e7544092,640788732.7389021
ad4d91ed26c1fd5702b94064,798980434.9948705
2b802261b8bd839aa0b04b16,781918063.5025568
0bf9fe130da23aea7142bb7a,615055733.2479771
90511f2411d4a37a7224b995,742014654.9715395
1355fdce5b97bb36da15734e,855649772.2234291
775a6affce535c5a19ea5f30,630368840.947127
e36d70d72c2758d7fef242df,642137401.8229965
2fde05df6a3aa9f57385e6a7,621210156.9345014
5e0100ae728e347eedce5b14,917329569.7854749
a636ffa140f80412f003734d,855736821.6913847
74746d24b9bd86e23338bcd9,687644293.994715
99c539fecb3bc233288ff905,727936713.7766408
44760087930212643641eeb4,1069323360.9303899
2c5d940b5ef2276f1fac1ca5,754258176.6360166
b26f22f1fd5a991ecd1e07f8,651202558.4170058
1ffafa78622c45ea4127ce82,804486899.3543983
32a555016892e7a74d231545,668114521.1110148
8d06037db08d0754bb67da4f,616386459.8435221
80255211d99c72e343b32798,1075000060.148785
070062cd1c769f3be9255af1,1069323360.9303899
0451f65828e628c2220df77f,708508771.8324517
d96f6225db81dbf3d1a0e9bd,503717582.12973005
b1527eec2e6709dc51e03f9e,697977079.1046877
5464fe43eded098294d634ba,742014654.9715395
ea37ad89fbe4159940586718,492602912.8642975
4057a676e7012fd37af9c3b1,489585040.95107627
51273a81121232e7f30cfd1e,451069519.7843574
3cfd9ba5c6993718c0c532ff,581809441.5573211
8567e677b30c410df80004c9,687620335.4956077
7a34bcd9f86f5036b526c3f4,588292569.9556148
3dda25226646e1e91f4c948d,588292569.9556148
a2529027db6b525e365e7be0,572814403.2953408
c6115d5e908e04e67915a581,636326152.787291
8d0ae601094562744c8dba4f,523475907.97471946
55209683056fe2f9faef7fc8,557294212.2383717
e840095310907e82a159d683,588292569.9556148
278fcdbf16e3064ba42c6785,711073038.634878
74af10afa02e7724eeeef108,686335730.9951501
b763f71e8a5bdeecf0f3f0e5,484713447.4254354
5472d536d1b6b731537bb67e,1005289305.9291495
995ba6d1fd63d5160fb18e71,720696403.9499313
f424ca724e7df1c37ed78aa9,669778247.5167301
c2aa451b62293042b7244fff,969469994.6731422
d4ca9506161d3f4bb3ca57fa,450250869.476837
799862427c1f335eadedf4e8,441874103.61649954
1f3b3bd08063993c23586c93,439199259.8434705
817422f4c278ff27a22b05d7,575046734.3941747
db9798a3f9ac287754f3ae01,681745375.7204008
7ead45d1f505649429904307,600540290.2619882
ac7ab254166442188c6c5c25,566215520.8970549
67250a8950aebdbc67f7fbfa,851349395.8919346
641f4319c315cbb74872b8ac,422809977.3796787
710b0541a025b1b6a5a80c41,353389600.290843
a10f459124248ef30f290cad,641125956.3687687
1aac53220223d0d823e70d0f,754952073.9523287
9d0ae0c4dc11d8c6d94e545e,726955824.8736337
be685d2954b8c7337ec94942,697436095.7329262
e43151473292e4e98f121f63,464885654.21696603
e04fab3d74d14be3b8dd2c8c,532424701.7414981
c77509a6eb6665bb8eb07d95,646832400.4401275
9753470e033b35407a2eca2d,523178703.82735497
825f57ad0527d4abf41cffc9,761084709.5548276
0d8074979d302868c2534262,994046617.1493146
15a3e60c7a5d55243057d7df,678486009.1214347
6de06f867a28393a9e95c7d4,309438005.56655407
4d418d0079828e244dbaff5a,669700090.5166162
2de93fc191360ae22b0402dd,510242239.0970078
86792949f2e6a347208cbffd,559818693.3305562
6d8a0768adedcc1070d28390,833887162.2323515
459963742bbaadbd9db97723,719991144.5882283
235b10cad7233d579a966948,531712765.8497486
4443407341bec8b7b0af40b4,781918063.5025568
d7047492f4c53a0cdbde60e5,934073822.7935816
5541cbe23acd6ffd4aa0d939,685886433.120133
1d0853f825cc0aec6f5544cb,778360065.6790212
f016623361c6ccc5163e79d5,768623243.8608783
d280fed64d1c23ac9d79ce20,691216239.9114339
7e86f11cd63ff6c8a3c12fe2,710519044.020138
9d7f161ee660b1bcb54574b1,1121190285.1999214
a0722c5527c6d3cd5cac9477,1055962996.5980338
278a2cd98528eb1341a6b685,518783098.856515
b755f88ff3907bbe2a417e07,683154814.5292408
2bb55b0a92d62454867bb158,834673998.5571928
960c9349b6ef9b747ebe5829,991718687.0890231
2c8352c418097f82a50d9bbf,837325048.5850377
47d7ba800f164f397fcafa9d,535518670.00064844
610061a0e67aea7d222f08cf,1124978536.273122
a33de2559b5f56d1b3cfce08,643986810.3973556
f020fef57e9069e4dea2d71f,1098679447.5391655
883f095dd3f7e972d7dd3c2b,644244941.435555
b0b784bfe2d3c1b3b1320613,555749700.0736341
1ea66dd4a72d93f5967be730,789145557.8607677
90b04117887941ac898a67a8,372102994.3648561
022357a3d48ea87d58ffb46e,515300968.99432385
292224fa68b0303a90063801,641509606.8399138
6cf924390dd3ed4454403887,416243194.7044756
555a293dbc104e00f182fe34,571557689.0965552
e13ef02a57d35f71a4fe6121,620358417.5053947
c82929467d22589ec62c0475,608738610.774464
18a74c9a49ad381aee5e02de,638380487.8286628
da40d46cb91d9e59fe12e6ba,650864877.5753851
6320f26d77fcd56675db6b97,605011076.9859091
3307731f3bc518012912f1b3,618065426.3018702
ba94572d1e050bb92522f112,331811524.1043966
6e0d6bcb01e99fc4959d3f7f,448427191.1874159
dc3cbbb2fa00043d02958219,780852333.8619558
495aa774f4db66db6df30e93,500236602.0638265
6ba298925ffad32daae55385,424982852.4779465
8df5099d856c7f9de43990ab,631566675.376282
93c5c5d9d1e99824178be9ff,607040921.7869778
ffbce3ccf241890ec95104e4,592199217.0508552
2c03c38782e365e68b32d6bf,587007618.6662564
7734421098413f27fae86fef,570311058.4817739
2b50969f1faab80655bb9104,600268367.5390949
025a98586386211b1519f9be,461350148.0322208
6013b8c04f7b9fbc74ef1ec4,517869412.37748516
11075db1cf9899c8640e1b90,629452431.4766624
61ba09084039a467410aeadb,651606308.1590786
eb2880c2433c4b2500fd40ef,410450071.875287
f7f8607535159c82dbfc6c14,384775806.2287919
35c7a7c0ace36f4b95423c4c,356852400.1460932
c71123c31d02408cdaa74daa,552281856.4759023
dd8aa138623604829d56ac2c,448427191.1874159
cb94eee5ecfc75d0fd5ba6e5,624855569.9699692
ae6bfb4eb4770f2266e3b961,559424934.0433874
573ea1962372999346590c0f,769493002.3145905
9f7204b4bb3ffb8591e3164d,841694353.8398185
a4410bebf9843297fe32d63c,550292214.9939119
2afd9dd680803e3c12d5242b,673282798.7908075
a7618c242fd918ed894304b5,648580712.6545008
5ebc5cc2c1488f681cd119f2,768710003.3529476
cd53a991573ecb5c53f47986,793645856.3060256
75ecbc0c0e8e76bb8d734f60,817777874.2793349
47c2934aaa5934c68dcb9e51,619459403.0771052
386ad1ba1cada9649f3415c0,665034466.1557735
9ca0839c9c294674e86eb691,833077088.1238935
bdbaafd11259af6300321a89,609186156.7755773
2e41ceccc918145dbe7de0be,564987871.0155271
11df35a3fbcef34e47747e38,699172444.718617
b0bcb64f2f2ba69cc712e0ae,449279397.01986676
bce0a4447db2d54d36661011,523230066.2489989
ef7ba10407cd74590ea3fff3,731325308.1247464
a743dc3903eaf3576046ef3d,646443510.5001149
b3d072ebd7908688d908d350,888300326.9610077
a48abdedbe3d132276dbe403,796531672.7963275
c6b7e739125907c86a8997d3,724832058.5677578
813d9415d9abca46ad4d92f0,837957717.3118258
c631f8920a2fd1160f6b15cc,597934167.8946875
16194707d4e85fe332411bd4,688360077.6489613
31e241881acaceb02ef915d2,728740691.8514061
a3f1214ea44063ad10956fca,749923798.2901748
ab086fddcb949e3dc0ed9b5d,735733696.925574
ec4df02b32d90c019125d108,721184435.7598617
09eb808ca3859318d6328db8,691571801.3322246
f520fd12dd3ed32ba78d357b,830521568.2440122
0a2f7379cd1bed7d2d2d5a01,783461141.108498
30652905d3eacda34ff61a9e,736963796.5293337
0509650d34981639b9c64a22,678222288.6382682
77cd6b199ee485314bc74626,570762895.1476777
10c836c2e566dfe9edcf3d8e,928613239.2789879
e109ccb29c02c9b35b789c90,1079919359.086217
2d60a221b478264cab9816f7,811702200.3670855
d34c48ffe935cec3358b2247,882255474.1963518
9cbed1ed72b444c22d8c1614,713736298.230889
735c3aff4c151dbc32f9a76b,870514162.5100336
a4b6ceedaf89cff74a292ab5,727749635.0436163
052957f95b6e7b41bc625009,801553400.9815128
33a61cda27fadacce0d1aa7b,884221649.5988116
6c3bc8c58ce67b8bb9f5894f,804106765.3202338
1988513503246248b80c7f17,917186151.5643165
57c29184563b31f5f752c5c1,966163310.0115827
bc6a7d4ceee8bbff9ac5eda8,812588550.373033
f1b7ae24195b4414e6d6a001,1066289461.7406884
e7b3ec90b47c9e6009ca8a75,993974448.1612483
39b62c6fca161b80bc6726c4,1037094878.3363495
55163359d7cd910861059389,779134310.145104
df35908d6ae2847dfc73cf9f,911403229.7926756
ac822dd448e04e9f8dd1721d,938530492.283981
7e86148f53beefced6e0f3e4,496467719.4837314
6eff15cd6372aeaab2e665d8,338416719.9720363
0a1af9bb571b90233856289a,521381555.500238
b3cc5930a3cb26e35a45e09a,606020501.9943736
0c12f73305bc7d72bdbd9789,659690969.87263
ac048209de77cae737d60545,495756554.4811252
9239fafbffc066dff0811302,270860283.6853875
8e0ba427ea909cb7943929b0,596714785.8095102
b3c99f30b16fa80cdb4f213c,547514218.766803
d1dc16c82942902c668a5c9b,804666374.9415501
5cfc9e48ab90da0f4e98a7ae,711221796.1382695
9abad9f79352ed42d1a9f099,480547663.5002802
dedeafb60b4a39950e7a984d,480547663.5002802
74cca5cd08c4bbf5d0404d74,739673902.444038
b6aa1cb0187c4a1715517fca,480547663.5002802
e22bad460ec1bc991f14bfbc,459698388.01488566
594d46a91315527995cbd807,673185764.1892576
2c0b4c8269cbe25a4e85e049,527442486.8762844
1014d3a98e886e1a7358e29f,630607321.0248151
73d6bb3d6ae08921a6117f5d,672478385.913916
de3b619a7c80549db6ab16af,397124645.32243645
da34d6cd832009e428d2b467,340557199.37802666
104722434c2deed04a901aa0,408907822.5784054
cee66eef685e4764b9553a02,538486396.3736264
58b40969f1b73182cb6d30db,538486396.3736264
964e9c3f87176e761484543e,601168915.1318743
19487167081a9b0dd09d7975,835735966.30697155
7d8e345c9b16d0fd69f848ea,852352477.2723216
7d4ba999100c8e694fd820cf,941193371.7666693
c6b157e7a6ca08d04ec4de4f,451639639.77746385
84ec2d5245cfa146dab05065,770103508.4951199
c844a386941b86a3d4c0312a,483276488.1871714
0648aae13097ac649fe714b9,828251031.6447089
34f220a8ee1f24bcc5790364,437797544.9517936
d12eda0ba04f846d73cd7acf,811196946.7960356
c12904320223ddd043f39c63,470295630.7174023
8bce0097d22b34a804b502bb,485149403.8464353
ec1171cac1eee089be6f427d,544646667.2821062
5d85d77a06d0f0324d15d162,738455399.2613037
0349908483ce628a0a5fc164,806229855.1759937
d74da3bb780515b1273d741c,781918063.5025568
64cb8fc8412c9247a5c243ce,1013701407.5006084
3a53919313bd750f2b1af906,836045782.4948574
91d265ffaa6b407e9747b15b,688095545.3280643
1db1d1b76e09197dd915a8f1,1610481869.4321501
6645a3080e5d10779672d139,878350362.0425706
3ff6e77706eae698f86eec29,575924187.2420621
4670d21fa84e40184f03d5de,291290737.4116055
ee8bad3fdc93f7fb79c9cbd8,904981382.4275991
b624f0438025478c9f66fec2,819167538.3524079
37dba4927e327d3a4a0c1d36,599891221.2436495
8d16b1bdea35630a3b09b192,576754412.9249493
d54a4c353cebf18d452be515,688552918.5908897
c402811ade75f5e3dee73ac3,782603073.6717713
dd926903e87d691a0f15dba3,896622099.3502991
cb01687abe09df6838e1b224,619671022.1406003
6ad3e1a47d1055b55d14e091,705286680.1694717
b8d50a94e8166e471fd8282b,858402151.0599741
a77d82703468f2f9e8f2ea0e,765452409.3291245
5d2be469f69f31090769efe3,596288711.06333
c4e8559ee733a551649a5dcf,1146277641.5320303
5996fc90f923d6e8527097ae,893656049.0138268
32d5772adbcc785ecbc2c55f,818944513.9377618
5f088237d263c37e78264bba,613156496.3816353
799afa0396b9f268f239db51,365169271.10668254
bd23b1463f0936d2ced5fc67,700578548.0252067
8f35a5d800d98481d7a8b6a4,668755667.2397158
371b5ecf08973fc6e6849d14,711315058.0588659
fa70a55dd0e2053a1b566de1,370186652.1314948
584364cece0bc4d17f0e7fac,267693399.39537415
cd968f8973a267790a38f2f2,607230025.2818011
c46b122728ef4c9ae8be444f,621133342.0966288
4056182cbd8c12cd87ad9e84,731071990.042854
6ac747618b6ca674e86cd275,451131271.5549075
afb02897c700dbac941ba8b1,536957258.7940255
198cd3f4e9be65b83f01ceea,626766504.9031129
c92bdf97d7f0a9a12c024406,491343593.18064964
e00e5934d1941490834c3145,1030813662.2769194
5b139fdb19ff722a846d71f0,781918063.5025568
8b554961129384797391d1ae,735573621.5724878
854e27be18fb8f24fd433eb7,798980434.9948705
241d9f8599ce6cadac1d6609,672354099.1632282
b85b37ae83ef95baa03752f9,914360399.2747055
5b3ba9e56e24e08e1f81e220,564343691.3524865
58c6518f9d2d0526d31e7566,413378501.40132684
38a1e2050dcab9b4c70c5e83,537238463.349286
da94e4a5fdebe3ae7bb1adcc,911539548.4894744
49fb2771ea6c1e8950cc9a57,932210856.1628288
f2b67c40a560af8729bc6072,786884918.3844206
13fc2dd1cd32d9cfa457a5b1,770842355.0145984
b6ebc3b8408793f5058cbb90,836486913.1852564
75ce506dcb994b10497e6816,552214716.3228604
6dbfb281abaa9a6956c080d7,287202261.57574624
af67a68803a18663e4b03eb1,436664405.48990333
a9c212f77a048ddc33ecebba,461466755.3699157
df89fa06e32e90b0b6c2014e,584280574.9504192
f20a7f264a8285a75dacdc1d,763714664.614803
61a363a73f3c93aa1775c4ff,989739052.0958883
d8c1f7303b205fbaba2890b9,569220167.9217097
70962daad7cd15ee8af564fa,819516458.5460093
087caf4bce7b0a3fe3c47dc6,861786136.5806358
5d2200b04fde91f830478aa4,482252021.378344
821eabfeef3dcc622fbcbfc4,465309506.0825735
3d722d960b860b4bee79ae2f,546298298.2993327
4d3d887d2236c2f897f3bbd4,447617394.94032973
7fcbcd9e274b75a157cf5d5e,735028087.6454775
88ea2d2d7cb6d641df3ad76d,845291556.3247758
c06088db17767866b7f4ba7d,738455399.2613037
e4a9626b1107b9397d0067aa,636910178.7244754
82abb1fb693f34877bf1327e,973955946.0224384
3279efb86571efde18eeebef,677592672.5287416
afca7b219d52b22522abd00c,687238048.4107828
7712f963ee37e91abb7342e7,636675276.4827906
2a2f455525c8e0bd709db91a,631611572.1818076
833ded72a8cc9c0d606a7a74,655192308.8056633
f3bf0be37be6292ba0a8736b,755065912.1639479
c06c8b6425e3a7c2d7481e42,512581366.3405359
27d4f17375f76219b446c092,320760237.42288053
9b7de95ec90da0dc8cff7011,646133965.4193414
8fdc9f203c3de5d486de7ba0,368175012.4617299
ebf2d540aff82f1aadf95f9b,666374465.603008
51c48d17e774d6cd84f4c355,656744536.3737448
5c1d1ee26cbde5b766cb4ca1,786094271.8560585
2d26b8360f1da9a677670fcd,556223140.4368832
ce1b06502cb0c5d9846cff9a,382574686.22303253
3186cd0a3125adf3b25587aa,719987546.7858918
f839de5370a225ff993f5b2e,733453803.6311891
2900dcf3f944a7fcb33aff36,407505372.25231075
3f54091296f773f5a1bb240b,730079807.5633433
499f6f4997474415f0bd596f,805662451.8915325
110539d2ac34e5180e3fd95b,757421314.5986409
dccbc668caff517f649cadbb,821825418.1508039
823c9c7abf2d00140766a2bb,1060651290.701689
94af5eccfe170cbe7d428184,589080839.5974585
dd21457e18f07d7a927c0104,574473837.001565
5219cb469fff40cd9606bad9,585642951.3018818
5a83bd697db5076016c0671e,431023020.7266629
2a1edfd6cf74573521ed74a1,492352373.8947936
40aad45bb7a980c9c5e1884e,622065928.3504765
a315b497dd8e80464bf0480b,701513173.6843735
7095d576a0b963eb340d8fdf,538486396.3736264
9d6288cfead77d622f5f5b95,736629246.6898032
4caf356c110a50c6c94f3eab,651085188.1265888
23101b0002252f3d4b3e1d5e,846205023.2340347
8d1f7b0cfde7e496e7bfe972,618794695.3299414
28e572584fea1555e2a517ed,499339964.4379311
6666ab486afcbc162fb560c6,1014396128.9396774
b0978c973ec3291e950185c1,871705587.4793873
d6cfd3ddca2a59f0b6999d77,659314946.6477095
a77f5c03a98636d90f50e11a,824086843.3510529
e6387696767d20cfa4918ca9,540703830.6959355
1dc0fe5bcea9d08874871326,447078952.2062805
ccdf0abddccb1a670f31c2f2,673315618.8466814
3ba769d65f02217656e0f5b5,863839372.3040024
628b3b56449724e7d945351b,766616350.2505513
b47713520859d58efa95bb06,805662451.8915325
e6c6625db90e519f9dcf1b23,437572967.50517416
3e1a1b2a518d3ca2fe3950b4,424982852.4779465
24849579dc9ba7fef1b24396,651862651.9543235
6103571d9525ded3c09668c6,484658780.33189183
a678e89692df9b14da9f19b2,452368571.8855619
47bed52dee0d311ae0016b08,473544591.95394856
36c0d26b83e575a500a6c30c,522050390.13400376
34447730b60ad12f4775894d,1011766531.2493634
aec1778ae3b5e60cac280b79,796531672.7963275
d95f38f5d1293c74ac52e823,1011766531.2493634
5dedb7b64b6ad0b514de2bfb,723604081.2799103
60c71a98253b5550d773a529,540703830.6959355
099ee1a7c91105ef46b5e7e8,738461908.4798546
b56533bb19eefcb244e69470,874904553.8666682
62f46b8989bee43db86ff589,523010211.717014
4d485ae48974213b1594c905,828894235.6806256
c627c6287efaeb6fd9049312,657690766.0426562
976945e68af6a66f6fb0850d,570016525.4114335
93e443a5b3864d52765e6484,712241672.0652825
6ef9ce7a53ba3bd892e21f1b,666618695.4754413
6f3041147f930cd6cd4fae05,475728407.21365666
3917b95a3d05a5e58c117f68,494917519.4658346
d61ccfd4239026feb484cc93,349790418.8040643
b443781523fa0b5be4ad7739,727653386.2227304
6f0fcd78c473e4e04fd411c8,691129633.1929451
7f134c92e20aa9c6f084edc1,536984766.4027574
75075631f0fd84fb0ff49417,642613892.4483857
eae4243c274735d616c6b9bb,976064894.296117
25d233d2779009affadf5e91,676276072.7470148
1990717d8c7aa8e732bb1165,890946354.8209766
71b99de83d83dd970b00f07f,976064894.296117
243ab5db6e47f3536d04d312,656449005.1859744
61cb98125f43429f7f93c898,781918063.5025568
6ed772640e5a311cbfd17c31,610215601.6431832
d9f0b4c92bdc9476f50638ed,644700903.0303042
796eb5ae3ca5b63c9fbb240a,725925263.6853751
e6f3eee9f5048005f24f0943,798980434.9948705
291ff191bb029742387a72a3,715106230.4313452
829bde7f8716daf76f65ffab,742431420.8033329
110a2f124bad0f9381edce7d,663699677.1357526
76b719681617ff7f28d33df3,819676003.7754297
eaa6d58e226904e9993b3493,659842203.2080915
af3e3a83257eb507b96b2a1f,762382603.8217157
43969367322e86c68b51c2fa,414736283.0062433
50fe589dea73e764b7735938,360923628.17194986
13c9960a03a1c446aa5515cd,629439719.814325
e7834f52ebad3d3cd00d069b,455140533.65340334
fae37ecd6046e53ea121b1c6,607737148.5981275
8a0d2f8860a90322d6c3b61f,666549417.9348752
008c7a02d158f3b17ee8e015,595448060.8900064
3ea6e8da2cb0bf83872dfd8c,698672021.1610292
9b184e58842bcb14dd42103b,571564040.2834194
43eeb2567c61bfbb059fcd4e,504674075.55505025
ac7f6087e19c2d3502368fac,557751708.9118967
73494d52196ef9838b1be34a,904981382.4275991
112d996c4c0662bd13af3ea0,731212466.1637106
8c3a02c9ca043cf0f322ba84,630506732.2604392
a757ba01a02acbdee50462b6,921098859.3643227
64e3401f22d18b573ff0504a,596419249.128653
acd7394afcee30e084844c63,568488274.6164434
35255f80583ffbd504250554,819907247.8035653
370a0d0da794efd58cab251d,683636127.1635659
cdb5f8327360c750469cee74,728740691.8514061
dbffe8f46b3d9da2e57c97fc,878350362.0425706
25b1ada57fd1e5c88d939c71,784954967.4520673
05f79195e285c126125d258c,795602704.5761296
62c017eac96743cfbb61e86b,662350626.6635627
3ca7f183cc0b303e5d455309,840149390.6984171
a3dbd504524f980ac5325150,873210638.6638604
5703df84eef7ca9bec5bde45,819167538.3524079
513aa9c91c245ee4be31507c,863944348.7689012
d41d07d1aa700278cb81ff30,762385199.0196909
207e39d9cc4402edd48864d5,689950301.2752185
7134b03f54b10f282ac34fcd,756121624.0177583
6d860c215908949c4ba1c536,316992301.8451414
f35f884365b1bf6fb303d7b5,662327212.4410462
4f480aae78aa068901ee9468,666677948.565008
39a12600317b58457f68b5b8,479884504.5004221
5f0c7a6b4f46203648a0bacc,570859894.1707993
d01f6c0b2b338289e9fe3768,483036799.6346724
613ad83abcebf6598f0079ab,741620069.6133184
effc32659ff9bf30faffb3db,690394078.6593663
73fbb3e6b22b957ba6b7557c,566771112.737245
6c8c5e22025ca4f450a428c3,665738050.4991076
d6e333e793f75c2ab34fb127,482355803.1284694
b82e52830b51e823ac7187fe,360460942.1693172
35ed4187f732a1ea68dce712,860460892.9479933
0c5067ff99e15fcf99792cbf,860460892.9479933
0ad01fb039a198262ec59b72,750511247.9034353
906014f0ee3f3f4f0576d4da,358108576.3144858
13477d8ef90576ca84258984,360460942.1693172
3083a7ab1deb092f7aca6a54,665738050.4991076
a92ae34df90cbf8af7695ed0,704617505.5235554
82d22ca21e31222068e1ecba,669166453.6157053
11727589f7c66554e9114407,673562115.7718157
9982169d6f3e9ca61dacfed5,593069664.7087945
2de0ad9bf15232d6056285fe,669166453.6157053
eb6e6060b78676d13d6bda48,564645049.4741701
6f37300b1fefaaf746f53907,721254072.5640695
7698775967b96e3e7bf66e6c,673562115.7718157
863e5cf88a808b8ca96907ff,673562115.7718157
77b5c9a5f534a5b80cc16d09,673562115.7718157
ade0c9cf1f9106e342c69bd1,673562115.7718157
6fb45859693c703fd9c812c8,547128038.333463
45badd183bb1a4c630174f3a,484839828.3956386
f66bad2cd4b09ac29f540f63,669166453.6157053
fa3017d74586eb4c3b5b7db9,630300617.20325315
f09bb33b65b5ebb8fffc3a21,759331607.483447
600dc823c42aa64f60fc3ab9,677290993.197816
c1d9119fa7ae7d44362f18ce,900342052.6605353
a1305fd943ae63715529209e,754376214.1606963
8d81b4681ad0055c274e7da4,681740024.3340718
cbb10e7618b1385cf922e815,759331607.483447
b09111ea69c4be8ae120ddc3,673562115.7718157
099f07f9ec4ff6d835337f86,651138953.8426698
c70f6bd5ca138bacfdf8b5cf,754376214.1606963
a6c86ab7381f6c43fdd61a01,484839828.3956386
58c2b87098ad454b1fadb13a,640162071.4567374
6afff7782d129021eebee968,806302279.3378074
ad92f3ea52673dee0a56902a,830960887.4208856
3e040e87b89a043564f0d0a2,672612512.2469923
49d020d2056717c2108b0927,722779503.716828
a4ca465294c114b1065bfead,677030811.0870421
ca9520c7b8432b0521b2e8dc,651116757.4737692
4d20f253940a4492b4f6a9f0,541319409.9023402
09b61cf8ff3ff09ac892d073,622527219.5713853
86e81141e429bd81d7f0e73d,565575017.4783974
b9826d7a6132b16df1bf58e1,697868586.6484601
a90c60e05e29b77963a11246,463664821.9786594
6e9984a3c3daf63fce5cd3d6,756718739.6685846
a9eafeeab4ba51d3644f4052,474232849.1854699
f74eed3a7dad1bd8d92854d0,727393240.7651302
5b377636fe30946fff973f3d,636936675.160405
5bf6c1862c0bc967da2cc484,806229855.1759937
cd5111edd2fe80f56db29531,655950974.4442064
c76c4695ed005277a59451f4,536605185.6213347
7dab6cd1002a8521e5825bcc,775989334.9876858
5b57258272dfd1babb29e7fb,679048232.7367294
f68b7dfd0579838324895097,826797696.1706158
812646c7de863919cae5edff,796053408.1151216
0da10eb6093728074b34fb75,795486400.0678288
c64346c8b0ba32a55292e66a,934073822.7935816
ad6317cbcbb8bc27b0774fca,768623243.8608783
9f43c80d2fa31a09592b030b,882255474.1963518
5b84f5de073000ad4d4b1a04,1013701407.5006084
d94d18cbc812d560c1e38ffb,909544378.2559719
ab3110b5dc8ce81471f69c16,910631010.9411929
138a1990291ba31024455eb3,869569820.3967345
646bb3de5a1cfe4bfb7a7ea7,1012282381.9142897
d8fde541f142e6a7f0b28099,751161909.8730419
ef61986cca74fe8585b1b287,483103172.5357654
e1d8eacecd35515eb19f9135,979626544.1194801
8346d64ed6211083fd420ede,665379736.8837469
4340fcb9c80733260565c24b,648403102.5863616
ff5a27ffe7de039e65170f9e,623097968.5778546
ce407c1e25333d7c7eba1b0a,662126221.0276743
f927027bc766ae6c111fb685,380007113.21038496
3f9a3edf25152433969f98e9,603436232.1490554
987476ca395533347581b2df,620702218.3369936
17d0e3208fdf10c77e95bdf4,570622168.568073
b485036419de03f5bad01f35,649319680.917009
d3f7847147c88352bd3b9707,682804154.94004035
aabaec5accad3f545f864a3d,533027332.91169757
400a103762ad652e81c8d3c6,730005750.8038765
acf15357c1a919b6ee78f676,1068608161.8631697
8d983b9ca65f19ff3d69985f,916842670.5152899
b9a80a4d84eb918792324dcd,690084827.0293206
223b3c04803ae7b855f9fd10,773815257.83661
e5c8f2d536c3f931eff2d70c,686074525.3443145
f976ec33e004b2d4d32c2eb2,718252996.7393278
cb00e44cea76a92e9c44e793,767005785.818272
0e6dcbf136294f2a99410052,722560242.432518
102de0a5ee4f19454b922b96,698918809.948167
cb1c8ab11838d9f0a1197e25,896016223.383715
2e2f1072d8db7372b2c2419d,635992209.5649858
8c4cc779f5034e9c10b2e698,351066719.9186281
85734fd69714897264ce2214,542396168.0322024
5694c1f689779fb5ca95686f,798303331.6514617
f3bb60434cb36fcdfe218478,400183534.7452725
cf8bbd3528d3e7e2b8f50c29,722030728.4241166
7db1c8214f229d865da455cc,611556912.0788051
f3478cf008a7ad268a434ba3,627698374.0940301
5440ee15bccc4eaf827fefa8,677898984.3099054
78e85ca7c532a77700bfae6d,706669014.3513935
eb5e382e1372c4e94f467673,702145648.7344416
5a11cc89d3b01eb87535ff1b,742486029.54053
d0f5cebc2059ca89aae30c76,610430873.1956565
883371e374936fdd74d09fe8,631434591.8623062
9ab4e5f8cf2b807603329cdd,533814704.1563048
c37c7859956931d77cd5c9a8,787746781.696606
730804efcdd755786bf734ff,527058965.94245887
9d021f3fcbe5f82fa1c1fd94,586824447.2869706
975ea2f56001edae07f28fca,381138587.4462284
8fea95d0a70b1ea918803f58,651606308.1590786
4718488d664194a3c0c5b446,639480836.2326157
1b87ffa033dcbf4e2805dbb8,600268367.5390949
1a77ac51e03c77ad280be447,656744536.3737448
228d165257ef052ad50433c7,587007618.6662564
513a83ac5bfe27c5b813ce4d,519410358.960561
73bde441e18a9548c034372d,656131330.5617552
26301269301b6f96862af599,531197750.35922235
7b30dbf2f6d835ea0c14b392,539201907.2952449
254de3f3fc52b8cb62141baa,570311058.4817739
f566603aacc78da47a283804,618065426.3018702
990c8d65ca11a97a1d34c5e5,504674075.55505025
a9878134c12696d8199a1ff3,589162371.7908244
58185ef7646efa724e904f5b,532541403.4716931
37d5b8f329ed1ec29d4bc035,532426360.0633238
e6f948282e81570fd03e4df2,800109149.9564325
8b801b4cc1d254d0277fba5f,648580712.6545008
33a334a16c4547b9d7842c3d,609186156.7755773
1ad9e105d9da875001111075,905118162.2517072
08ad96681afa49c74721daad,678200609.7686685
beb73d27906bea7a7d880791,769493002.3145905
bda5b2e5a87a4905a30f3b8a,597934167.8946875
5cf70a67ec25288657d6fff4,646443510.5001149
baeb4e9d612bffb63ae3564a,837957717.3118258
1902f509aa05287ba42f546c,645979210.7100745
c0cf9517f20ae81c79ceb0ed,843780995.439416
2ca8b22013c529b412ad764b,619459403.0771052
b38816ece917027a179663d4,521588996.11712503
c89167e42af0d42c88e8573a,717121075.9994111
09254c66d93cbbf2675b775e,731325308.1247464
89f8ccb0c1e2136adf87a10e,917098955.5505769
cff851746578050bdfd46090,812588550.373033
d53ddfac67129aebbe054024,727749635.0436163
53b5ffa0cf0dd12e4eeb6a2a,870514162.5100336
62db5fd2a4eb831d281ba8ba,928613239.2789879
59b5fe8d4f5ae272dbaa5ba0,1011766531.2493634
3c1b7a0a306e16e8c22d78c9,804106765.3202338
5219c3cae1c92b52551a8571,896725135.6916358
de6aef9a5e47a614b75ee576,764067018.6860896
d168181ef0dcb853171cdbb4,1162291054.706765
6c8e27967ec63e6dec4bd6ac,779134310.145104
8544bc14286a51e60ffee7b0,1227769636.271916
ed48916725be6970cd2f273a,384755012.69613606
9ff3268cd15cf039ab958413,493113521.1582412
16cc5c280124618cd5d00027,418797971.52556896
ac028c1580f6e4da4ccedf0c,670324493.404706
673f2b913006ee8b33e75b5e,801940108.9307715
191f96722301456877893b22,689546297.6973095
a7d8e636db44cf5d3ceb67cd,674804588.5913705
1310e9cafc0b9fc21c212f73,716517722.0101379
1bbbe4e1eb264f5c69467e50,500992559.22826225
283c1142d027be336a7bfacd,356569452.7645198
4d09c2354c67243c968dbbcb,629403029.818553
db3edc43e89840a65749cd94,595227122.6805223
0274166db611aabe4e946a83,523123521.5607701
8153b36347669087e363801f,603676430.9253455
e04473aa943812de1d662058,868507867.4954486
7742e8923a4b832e3d94f3c7,533252962.90421176
536b5a8aea016aaa90fe744a,803176579.446967
d2c02052de9c97c531a4453f,686005830.3050331
48378a6148532f71abcc2f98,733563001.2635163
fb0dbfeedbab00cdc7eb93ee,611854142.7724271
699412bfdab1157487c81725,867819971.1595703
a63c26369cfbabfc9c2603b6,767240963.7801242
34e5602cb58501859e32dc9f,719544463.1450219
da83b03a6c9d405f55714b0c,935218507.8253295
d938d682332fa9e5c4986024,683311395.8550369
e9e39766e2c96bc783d580a9,1146691752.1723404
fce89a9ffaba32f9f7c5895d,1087739538.9384358
2d6aaefe0f50db8acde6fd1b,1155092214.4893537
1710873f951e7f695fca3568,794720352.6473571
0ce068461fb3bf34eee000bc,578341187.1552635
b5606ddf3a4e60e2a0e0d6a8,711559811.8500499
2c2e56e3e5210c111c7de708,694054893.8619847
94118bd8c3da3f14f9c7836f,523123521.5607701
d20a5b3eb857e1f4b548066e,692905430.0876892
ad37e23456bd4d90010f7784,537443706.3206862
c5602c608080e2546dea5463,331384364.0054638
e3bd8bd5884a55fc1a151687,563906576.0400684
aa31e5995379bc38dd40b8f3,654795582.0118568
fe8a10fb4031669a9b21c919,957264464.3503447
08eaca41f26eb387b67bf30d,1159474911.007846
23ef4d57d130e4130205f30d,692476157.9053257
d6f1594affb8db7a865e3452,580394882.6503814
abd9cf3c36309d590e58c2a7,609853337.0111583
1c177af5bb41e26ac0135b4a,788212764.0722392
a05da8df13eb4b121d536912,588496778.5523229
5a5a581ad5540fc82cd3c2ed,584556143.0386146
b50ff8bfc0b4c4b165c5ccf7,793001815.3536177
2abbf26e80643dfc1b75edcb,761084709.5548276
ec903c33a379d8d2cc04ab36,724839587.9930726
c062d873af3b7cb98ccbeec9,997181516.1339823
927de0269795dbe0566a0326,762273394.4790908
ee703dca75c4dfd5d035c9a1,892293301.0344942
b8a42b02c50438c2ad7598a1,496821281.8762202
f7216fd19f41ca5ea66a9169,496821281.8762202
f487761a658a4247563faa38,546416451.2425807
caf878b42daeee3c7de336e9,873557109.1344835
29d0dd2d4b120dd54c34b13c,784844661.4322044
1cfc7d60ce613536d23b093d,851128585.4040468
c6c7409bbf52c86461aa1dd7,619880617.3930806
312ef52e0250429a5ecb3b27,798541872.015499
48299e52748ecff3b69f7a90,573343422.150639
a02f6ef1f148659297d46b33,664146356.9836957
67f664c8f9250a22c10b4f67,533252962.90421176
4977af03eebca1aa266289e2,608299306.624149
39af71aaea23b5c1e987de32,566073947.1362754
d69b019e6d54faa1cb044d39,781918063.5025568
024e94e72ae88464621539eb,683311395.8550369
b980c778ecb2709696265c10,1146691752.1723404
8780134f8b40f0fec4d1b661,957264464.3503447
107f29b67164ad6861cb7059,1121190285.1999214
c8958d280d0cf2d8a0b481f3,582053220.9551792
1f8f74ce8831d5532f330925,699689297.70815
7be46b6dd9891ab771fc4be4,567463648.4406195
4f4f7d2b14079ddf8754d6ad,742014654.9715395
5921ce922675f6517f8f0007,1069323360.9303899
49f0323d28ef0610248c87c0,649645953.7821074
3ef167ca6c4ac77f6968d17d,668114521.1110148
8d2f9968ec8aece8d1a20137,797680335.2024457
4bad47078442f3416b2c1ff4,338541771.2764165
5e1cc2905f7a701f895123d8,714253784.3460536
a8633d3336d097920bc8a9b3,822808272.1688708
72fe83366bf13a53937b7034,754258176.6360166
ce78e1dbbf0f7aee98e244df,630368840.947127
11be39d287e5a8bdbecb5994,742836893.132034
40a561bf79fa7a08155e1183,614998897.1103284
3dbafa8cd5225e261ec9b6ef,372102994.3648561
68cd88b657b59f5671f59e04,358880581.4104827
6a2ce95a8be0654f193592e5,453890100.4019597
4e613cde51f9760d3c051562,708508771.8324517
1b69d2c7fa8f802c4af1369b,668114521.1110148
f126c4b36c00d0ca11c21a2d,632604755.9259789
e6a7e6b41e6c6bbdc16e1e14,742014654.9715395
5a69ebde2e113923ddbcd18d,816383043.5294169
72f0540aab38ebaaf9a389f6,616386459.8435221
75b5bb7b5ff8ebcc863fbdcc,699689297.70815
096912698fd9a59d94935478,687644293.994715
f0ad965090221d2349e90d5c,697977079.1046877
1c224347a1445ae01184e0a2,1069323360.9303899
0ee7273686a0a92fbf48a383,917329569.7854749
e2094d28cacad3e2a711c5ca,343777644.51327705
f50e0ea2c3831235704b8c72,774351676.8831526
1e64759f297a66524eb07b7e,872267941.3017308
7636a187e29abcbd8fad6244,459267086.1769519
9b858a70a031475e422e375f,722192449.7559081
56c2e8e14f9c6c9a9f046a08,557419924.2170593
1bd7b990be19afa5acc78bc0,441830966.0018495
8b36b7364e4a4c80a6e50bed,581712532.9936074
d348d38769937c8f350297bb,806480818.3622167
f4350916cbddd5a544c6ae46,378848133.8157199
237bce11f35d32ff029498a3,722364888.7936832
faf92fbca9baf8cce4a00063,634049299.3613842
812c9b5407424f956d308b06,1008669166.0678937
9fd4adb5c63fba5a11661b23,308437835.3347319
168f81689afa1f055d8bf7c8,752666964.4361852
2a9bbffb1b98c49d79bae509,684119301.8203111
b95ecad591e5c69fdad8763d,432522430.8804442
dc51caa89a74da37ae644ff8,432522430.8804442
d97895a836e6ea22ff3265d8,359466204.8643368
de754bceba2d206a9cb4f116,553906286.8384026
036177aff84b1901e0f18759,610430873.1956565
8a6cb559a488d6ce1b641585,754283912.474117
74c4f233c7f385be73168e0f,570016525.4114335
27a6f3e8f9649ccce7680f0a,660534499.7733406
711045fc099712aae3fe4d14,656744536.3737448
01e033f5bd502c4ad398ece7,651862651.9543235
a99261116e0158109b3e3bc3,338448173.8030643
2d8d64261ba659302da4a481,539201907.2952449
9adaadeeaf6a403e1c8754bf,863839372.3040024
2ab24b9c5349427998338d21,784676736.9766482
09ce36a03c52d6721bc5276b,577207535.7045
80b37d5ebdb325edef39258f,752222098.6954577
78a080fc98669c0cd9153904,944515914.3758788
2d14ad8ab9573c406e203ed4,579884380.7619667
145f33a8350a080231306bd1,693518804.3214227
b0aaae3a435fde30c4c02fac,747808444.469106
b3f5af523b5d6d938693ebfe,828894235.6806256
25d62e6b1a1a52cd8080354f,759997698.9088864
5a06a8b33611251b62d77e72,838777472.4429995
e93a9b257ecd815c860d0b82,801710834.7270427
610f192d22864016cc2df1c9,806338344.1626878
4e665d479b3bf2e25cd463a2,656612578.1711371
343be18b0f77260f32ec05d2,508597110.1782363
33dbec39ef8c0667e4c3f039,667318362.4398406
b24fb90a2aa5d9d0c7e1541b,598341271.8454669
b56a3a017449fc4ce417009e,488019398.73897403
e0dd5e6879d824a95c3c1773,633922190.5152993
156a20e2bf9e48b9a360f9c4,558039189.9690262
d5583fa23ed97a3b9413e910,636370211.5777444
4e6f695bcd4d3c0d8497c1fd,1010502014.8421998
da7a511a5f470d99ab2bc4a6,726259546.4539243
22a6058ffe790c98a8922258,682999526.0960677
0c19c54de06d1c139df99ab0,692226428.4595404
48e687093fb26d29cda9ad6e,428642867.3001908
3ad3c519ced4b63ddbfdb0a1,294127370.7915464
0b221ebf810f632568c1e2c9,375692552.0256976
7930f32456e796e40fbf78ed,733938032.0799671
f084bfc530f4039f6631537b,667362965.3002809
f9793063f561dc76c0b49a9d,762735890.5724357
4d2ec23fff8eb502a9d93353,867873573.8910024
a6f570e11883e74654898d75,906364552.275457
cdf11b53a23fcf9b6032cc8d,689763504.7433153
6f968f62a6fa4dc255397bf7,919232726.4141556
d692ba46b098c6658799ea8f,577008889.8894478
774a4b48d34052a978b1180f,778182792.8245373
acea4c7aa1185baaf6d3b60f,572246344.0827565
07ce6f95a7719abc9a204b6d,823732208.274405
b371665aece480b8c1602773,1007990290.1644406
5edc37d9746cbef8352f0fa4,647612781.9325888
26617e1fb3b4f0e4a70e1b0e,664913224.2169825
b1a13541b37964b8b85f4669,663013487.7773039
94213637892f5fe643cbe8ca,666164425.0880579
742acc26686d04596ba60a34,694893157.8678197
acb1d16ce30aee0a39f01f09,584101371.7399538
e0d837e6d5d74fe91d39d23c,765610008.7976866
29028322a6d692edc5ca713f,676949074.6716746
03d54a6e80d48c96a7f6a1fa,631098647.4023106
8616b310e335f539ab1109dc,798980434.9948705
6c21f6a3513869f93b32e9ec,999084338.9664263
10084cfff54a17bcda6f19d3,819225329.3759891
169c742419c0d4335d09fb45,699642228.1316197
0f06896d7502890175cbc4a0,698930829.0256578
7d2e3464d5f2f79ac29e6c0c,594067854.0935661
de9053a55630670ee8e59c9d,616118020.1207418
8d54b9bd24cd9da341cc942a,842667274.6685603
95570bee1792641c7c12e4ef,771124534.0132865
6d0c5546a498fafba15f2e17,330108575.6295321
ed43b0ac46067bf886457c01,663278479.5673661
8890eca19a9e1cdc9e0f0541,769910872.8697971
760a5dbccf4eb4ccc2622b77,738043580.6552503
20fe2d7fb3910ef786cff965,602750702.6580274
602abdc140c40112afc1dc98,379022304.5458932
b7f906741cae6861bd5fb922,368175012.4617299
4d45fbe5a5d39188b5eccbfe,718295999.5305871
08f74ad7f06f2c409903ddf9,587998299.1028932
7be186f4eeff5c0efd58e424,790740711.0869379
3d1a767dc286fe1cb86ed9f6,786094271.8560585
2ec9f5265334241fc594976f,745058590.7123051
d737b8b7b39e99f7d877b7ed,750397791.7569938
8fc50169e6ec98a3f4229ffd,695775137.7406992
942133ad6b84f9d08e1d4e7d,727829511.3265754
c965b03014d21473b27072f8,736802623.142013
f1c8da86597a427e24dcd557,800109149.9564325
8ed5e7770d03c43ed19abf42,693518804.3214227
68ea36e3f441cb6da8d36198,1261983880.8202693
c97715bec6032974060480d6,797896580.2259823
e6eb47d050702ed49ef5c49f,850851779.8456832
5a82fa348f3b97e74cdd3a61,649956742.8402225
cd05166ab9bf3128c23fb8c7,810947682.8952651
cbe4318f63d73fea6238079b,902471768.524668
efcc8d268982e95fe2fdb311,1013701407.5006084
c45d7f326a2f279760d1a4ae,728743888.7812577
7c5ce0e65cb26773edc9ddef,881032898.0967375
357fda0abf79ec95f73e3584,618458140.994393
a1e8f0c7cfbfecfd1549b0b5,565575017.4783974
3f208f32cc24d8ce1506ed90,588685013.8802385
87ca8a2b3251a38d45730f5c,545257381.7072634
728961e03bfa6e3242f06d8a,594999769.6145838
b9f9dd0d368df912e6e0ce70,856039954.3424629
429b049255a7edf227a980a1,485677426.9552473
a6259664a05091ef92129c7c,519113704.94487005
674c915c52b27df2c06b8bd3,765096079.8773472
f8be64dc83c5923983fbb770,661593741.6606429
445fa7f5e8e9d7f12e8991d4,710734209.4425344
0842816a5ef4f24435c8df22,681767431.0751417
40558b62d83e4362efe1fe26,340676009.03440464
bc474096496b98177e40f590,706284789.4109
2b55989b2253416428ece917,706284789.4109
7158e3a6d456211d4533e246,498975945.886082
d4fac54e137f5d27ce5f457a,784521844.2612594
faee80ca0efce20e731823bb,766212717.8309829
8ec09555f5a47f96a8683699,769148957.5204217
2d7a48a6b9fff20ded24f86d,525801194.3798432
514b09016ef85b9ddc4fafb2,759912189.1212546
a1c975ab16effc6f97935e16,687327317.8053857
e803e3806630c6579f004610,743270149.1922609
26526235b34fa5b7349df00a,373628174.77724737
ba762cf12cc038e5c43bc6f5,655968650.7764307
45aa335dae223bccb31ff7cc,718458020.9365195
1dd3d7e197075859c1ff5b23,720279533.9047865
2db9b3463f85dfa87347d6e3,800523446.2267301
f72cc14d79ce15491a96ddfe,958451506.3447461
4e25bad08182b79f5ba9639b,989053385.9859362
e724a1db86d8d0c6334041b6,789443260.2919356
8fa53bd51f5d54be50b3fa29,363144123.21101755
fb7048ba61e9e6b1de829bdf,670478924.7621423
4bf70f19da0bddec9241d310,558620379.4232413
13c7f3592bd432c7cd0a42ab,668926958.0559384
cb64b363295d36b9b0fde3cc,488558073.3785682
bdc17ea3f30318b11df30508,812141806.6730424
cb7f62ac4c1afbb4256601f0,474287565.06520253
5d6c275d9d3326e738c875c8,667532646.3356264
9865836c04a9582688f50496,398945287.2402664
55a615b65a28b64d46ec63e4,587671737.056914
dcc9e2c9c1151bd9f93f44b8,653671784.1034663
1a2c0e46bc18bf3224450064,755728845.5253366
3de8187003cbf6c4813bee45,431444952.68441415
d62663a447beaec69808f85a,449921111.3774202
1ae17f134221d5d9ee69ebd9,603518392.5932734
35e55d060b1c4239a85c0ebb,343982638.735307
45917f1bac415feac7e41124,433666798.3778001
ed44705c17c414af8442b6ae,777758814.5429517
6f01f2c67343ebb8ec717a5b,654140284.9187742
8f2218126da9580268661c70,736205109.5100586
5b36bc6e78872d2ca6d3d1f9,503556995.2062223
c5c7631ddb5b485d0e992f7b,471620667.60926723
43c88f1874dc7f91c899df36,778549006.6514037
dc544c90e6ee38346a6002bd,603516699.1483654
02990998f3621fc5a3d0ee63,666379795.009574
dbab5ea45ae910567c97fbb0,731793688.9874617
bbf80c409ab3a6784028eb6f,377120297.7085065
40e56beaf4a7f28f8108b132,377120297.7085065
e857db57a89e165eade00770,465419766.5343434
41fc4ca2b3f48508d840bbb1,504581049.3231593
08c1db1e620e975c4d476b2c,541194370.8077861
8a1d93bbc83f4728657317d1,667285844.2403973
6be0ddd4180b5eb92908da05,269451840.42122775
ff1498465e4db86f4f652e87,391691658.3604514
6410d336f6e61c4a81403c61,638937575.371132
169cdb07bd175b4325fd28fb,333196038.4511281
546b56fbf616a6dfd1ad9d88,865295270.5148416
666af58bb684c2d8e7574e86,694727677.1204691
9fe75dbfd537f9ebc6653f18,716690318.4210254
ef961c130fa3b9015b103154,739790394.4928762
035ea0f13f2ca01c902d5388,548131118.2311518
7800f742ee14c4b4142f8b58,723637485.2210073
0c621256c4d7ca81045fcde2,771397266.486004
50db9d168354ea3d75a03a6f,924412437.82237
7bcd1fe7a140b6eeb4df2aae,666346709.9391838
49a4cebdb22fc2d72bd1aa78,561818937.0657064
69ae1f2868fe714ad8e2f114,278934172.0719323
ca4f4a66d83f2043a7dca261,306881620.2329969
c0ef32a7a294e5891505bf35,306881620.2329969
5ad6f4091b77715b7f74587c,425527580.98320925
331e915e2a66fb70380282d6,651789269.2861233
3a00543fb00cbc044a5b3527,354047817.5614575
81df59c6d8be19568d16ea3e,347111232.7848953
88a4da0d72977b0c56b31061,769540612.6850586
3ff9e75c6de41de517d1c4a4,297939384.7379049
147f80fbae69dd577ff19950,555604968.0884812
78beee9b7fab8600d420fd27,580009897.2908034
c3733b88ebafc0a05f5bdc99,535210912.0432532
568509a7aba60f8fe2d0cd5a,472654934.3634368
f6d3f7e963c9aa1783b3adab,856389887.481438
ffcf6794a400aba909383b41,873132907.5477914
fa0aa00078cc178de0cc7d96,610630376.1070688
eec51f949083f39691e37e15,730826749.3903949
26f3d5bc3adcd1396747a414,1068608161.8631697
cb9e058f82b10cf80990beea,832360177.1316211
22a0f3315f7600e5120db131,544471041.2507621
bf6845aac15fde9b89a7208b,702506489.7317238
6e3cbbbd3f4d0578144cf021,790643491.4661001
98a0289e513d5ba036b24252,442700550.5055125
597d3f78e2f413acabf825c0,456805609.0087142
43a91a731e86b9a0784f717d,572720411.6599863
f34ff57e272cd08056e6a243,542298613.286888
6f68b289516faa0b7ef36a34,408727753.3835287
8bd8a7e19b6d3b8bcabb84d9,483103172.5357654
74b64bd536ebbcd7c30ef8fd,814068200.7946241
f968e756cbe6504fa0f32458,986911048.8722652
e99d9dcb9880cbfd219b4297,769597295.2708043
4c9e6812520f4aea4ce435ae,790372109.6063987
78419be95416d2991ade8be1,517091004.4333405
d417ff438d2a418b1f9e50b6,537169676.4005879
3ac77ed776aa4630c7293240,793001815.3536177
95173735a8f6e554f083c065,1102349114.859524
83da39bc1a2eeb75e2825c22,598717877.9288982
4bf89c9e50c5417ed669c481,686897484.8383416
f90fd39477c8da38e33ba0fb,756131924.5241247
b45bb2d0d137de6984d4e1ec,375018436.90715677
bb812343bd6cd66e9cf9a9ba,376073688.93811953
e299f614cd8ae525fc8fd0e6,715526099.9649348
521e9326a2003c7b56fc4365,801717505.4495579
dd59ac4f6706a1399360bd14,781918063.5025568
d6c6e7f923ce2cffba8ff9df,798980434.9948705
df07a34d0ee2f78f115c45cb,721351750.4184914
db6061f876f890071f7ed957,765745493.5040704
b31601cf48b268f3b4107564,724123368.4339415
3a9b2ef74c59e96a6b107357,427860122.5572684
d600310e19c926cda14ac923,934073822.7935816
183f2cf1a1c7eb9700b6e72a,1013701407.5006084
42556b1bae874a5c09777873,768623243.8608783
57c1ed738536d177d66fc52c,1213840970.7456205
26cdd114566b7cc63cd96fb8,806229855.1759937
0f679cc583a47b30ea132bbb,641576874.4475963
32ea7e13e8d9391aa9b7ab9e,356569452.7645198
0a482968c7cdf212401d72b7,726513709.6908339
85e4ee2583c51592d68ef5d9,396908829.30442846
f4ce15aaa352d707b68cf773,726535743.6840148
7d383abbb6ac49c6599ffb0c,761084709.5548276
6c67b1b0991a1d79251855c3,991575604.8447531
9e52ce2cb6f6b7e2a152dd54,563730574.2679541
bdeed3a7395cdb9b175273a6,767240963.7801242
423ddbfe2f575e6bcb22e7b8,775136039.3253491
3247399a31df838ec5fe58c5,772247875.0233204
bd57e5cd29d935cb26006835,694538611.4593825
bf00f36c4dbb273d7ba4b7dd,602891234.7515384
48b9efef82faf72bcbdf66b2,731212466.1637106
d2526a3e39ea01f87c99d073,699689297.70815
651d5cd65f80c4938deb7da4,786381644.2658677
0be7803a34b11d89133beaf4,961620266.6822282
a54b0b282edbd217e9509287,901936728.6421286
550c5061428d09afa0c409f3,711783700.7610788
7538c609fdd115c9dac551f4,670204819.5888286
d7e3cdd3ac239a5c318f2e9b,851631634.1564454
9bb193ea939c5308a738fcef,573388461.5068271
33425419e1a8e854418c5180,331351363.48974955
fedf2e30e390f5cf74b27e97,400741728.46400416
024c5c787d005adbe770b9bf,498691876.77560645
13f681a090b36edf38a4abd0,593080977.2576324
442c6bda79f63bae28674b1e,611554011.9045436
47e0c773f65485ab7c78d49f,570830637.8797013
9e30b310c820d0426f504d90,498975945.886082
8cdfda9067e0934a8ebe0894,632963495.9643216
0a8aaa78f68d43e3b1bf6c51,630417737.3680669
1101f533fd18cae5d32c1cbe,715029540.3570689
9f6af9ac2404a8d55f24286b,626568331.032313
75060f295e0aba8e1224f766,466623285.238741
f0e68102ff84f49d90fe38f4,474621288.6816259
3c45bf3e3e31e7804ac91704,643705649.4228988
f908e1de4c4be0d77411a998,613314952.5723716
ca643c04044fabc6fc566d12,804712731.8398075
8aa76df8fea21a42fb6229ff,655582277.0667975
c214d2383936dafbe0652c51,731212466.1637106
993898470c6676ce46ede92d,694311504.1397378
18f6240cad6e92f9151099c5,799523905.5874484
1e63fac2629793fdcb793f1e,784521844.2612594
e0137390f0186c98f4e91263,700610662.332657
e35f95823a486c52b0f4c2b6,546647149.4805905
ede10672118071a215ae09fc,683345527.0238428
fcf46edf6d612ff1f5ed6134,712212556.4969677
df4be33c0931aa86231b7a2e,807706014.1762902
53fdb16ec08e794dba9a10ea,669692384.1702034
74c24c5e142e5267456b24a7,694538611.4593825
f1bc08407f40396c094e0499,748260322.6825298
496ce19c015093e97144d375,433133407.1885083
a183a1c009abf7251fd725a1,836457396.1083367
6bdd97526b1a9cf10853df1b,698262431.7305773
f083a8f187e2227696695ee1,625663628.3451637
2621e068043a5019aeed6c8c,755791077.6239738
3b43e7acfab46651b099b1ed,867873573.8910024
6565b3281cc2d632febbb6dc,800378888.9015716
09e47ad8508e7cfee83c6d68,814123250.5371166
88b02e7b20ce6db956afcdd2,882775408.0551718
bfc41facefe9428865e4c29f,870285843.4157381
569bb17b961fbdadf7106d56,995270970.68737185
2314e3ffc7242a429e00207c,788523508.6993304
4bc1e2cf5e5ffcbe1020df08,926685503.0129424
949c4a5382aff4750b4dff83,1162291054.706765
a63b4a22614d334b4a61ea16,849433115.5454756
734fbae84cebd50aaf71c48d,1065049001.0805306
f92935374a7ef86314223c5b,736754313.0149169
6cc8e22f11d382206273af23,772450715.8525497
701768887155444b77c4f446,433026215.81916857
13c86cdff4dd32a9f8b9adcf,831985699.5748216
8002e2cd1b70ddcae88ebc4b,930710904.5801952
d0d77497c8a7d567f01d3afe,700248414.4284428
95a7b01cd60cd10e7364a600,601532377.3700128
d1e38d7cbd32567c874e194b,644902318.8241307
e674ba41f9657ac8f30d4f7c,929012224.4227175
6bb760d54e5b0f54d9612a8a,616386459.8435221
9e3bbcdba89c647e4ce53182,658026497.9428527
72927abf4bcd53d6907aeeda,708508771.8324517
aebaae467e5f01db3afe69ff,509794123.85937
3ad457c8855ab8921a7974c7,754258176.6360166
1f3d3fbcb686ada1a96e01e4,445588371.6156578
0775d831f68b88ca59eb871d,747113268.2404299
5fa3b0993cb43d3c72c30093,731212466.1637106
bef19d0084cfc9f6fa37ddd0,699801761.4545854
85a856b4d0dfb1fae861f513,668114521.1110148
07fa1ad76017843232107517,1069323360.9303899
4049086139009c35dfebb3ab,385062966.30678314
655120f80a39c19221623311,683776150.3173832
71dca93007d6ba45fa40eaad,742014654.9715395
9f41ce015f02d67e193c41f5,475713319.9736451
9017bd24d173b2fcf564b32b,917329569.7854749
e5ef29d41082025c42f7c921,733242045.6503836
5c60d7880850970facc54bb8,879549989.019471
f51fce25d8376d48fbe73a43,677943373.3110912
9dc7b0a394309d8b76d0bb7c,635880652.2786027
a12ac99bf63b547fd9180a79,398580456.4139845
378d846a7af35e0c3efe53a9,805045054.309977
0872198056be7edd5eff220c,816158982.7097735
efddad1eec775ce61d3b7b64,656007644.02997
70c19d59c6b9e194b6bc09fe,700937781.1473472
b0d3d98076883f346cee8d04,909743619.973156
c7694e92a97bb66794e62fbc,572280155.8993094
7b4fcc72822460a428c19282,726890367.6925815
a6baf4631223d9b24de8b590,362536694.05986863
a6f616d63d134f14ced205d1,902211929.2060848
50c123baa5783185ddbe29c6,655975179.7840488
24756921525595f1684929ba,518087364.89765453
caf9c761d21329c993a0bdf3,889660257.0315624
193d70ead1ff1043845e7671,633294139.1657606
62ea31859e01c2f4d4e97baa,767994986.6829952
272b5b5c28e46c6f5ad95c22,671530479.4382176
552ab0964056c1d1d1b7398c,720154034.3138654
23799891583435710f66303a,699008695.6358287
34896afec0b639648c527483,853454096.251677
eaf53eeb911ecbae638409e5,294662942.7125375
b1fdade0fbf0470060fc2708,455670464.0823635
8a20478528e97700dcc84abb,375565084.1534251
702525f05b47353c95b0905e,535764216.35420793
b84c837c5a1fd0f1ebc5f8a6,643920367.7737951
ee2d16316e6f4f2388494c7f,550351873.1715281
ea4af07bef4ed93e81ded95c,928266017.4379691
1a71d0d3503f9eff28acef6f,809691459.9681507
1fe392004a09aeeaa6e8bce7,815882615.5807868
46d4b0cdc81137aa56f516df,811364884.5649313
4d666967b74ccdf5b04e9787,415859646.13816833
fcf79745f8cd716d3ff9d27b,461603114.0977318
aa8a19a2fd3e2cfeb3b7dbd9,419960987.8970919
f055602beb49dd6040641c9a,558248746.5409894
7b1377c8d81755bb9b501064,414231141.1814018
17d0418e4a439e9de8006f5f,736963796.5293337
48f1c6e343a4724ed865533b,821148963.2580258
353207faab3dcf10feaac8ee,861745689.5984182
ff188e88378c8e2abed8119e,718486341.5608852
424b41f5e01ea2e2ccd3ca48,696162549.2818108
608cf4f46a188cf84f853c72,388757425.78244644
f9e7582dd99d36bfada56249,844408257.5584773
d52f04fb69bed41ffb10fce8,771603500.903481
ea84b58f733c8e491db98a52,699961717.5724976
68699eb9653684fdd3fc79b0,822808272.1688708
31f52502e89beb1b2e0dc3d3,788200293.5414492
fd41747287a480d5c4dcb56d,917329569.7854749
b7afdbc1b57b52e6fb03accf,1070740459.4976997
48b270a493af4fa28dab9211,521592632.7195471
2a787b39e84958ca6b7001d0,572658570.3496836
e439c77c0d871996bf06bf88,622065928.3504765
91b8b9db5372a2c3a5c30c58,576417220.3340042
038272b33c075765464761e8,617498813.7094051
fe8e45caf7605fb91d6bc5f7,697266562.2240758
d354a2581dcb183c0cd70540,727026833.6608442
9421ce9f204f373a50357fce,648009928.7864592
56bd3b61805077405af098a9,826131967.764738
0a606d19ae362a58922b172e,530092729.81381875
ededebb1a544fb3246d3e131,465962053.0181308
6b6c365359d20be719ce815a,751197412.3123606
b8b22c1afac62b05ad389dc5,451813723.0511604
3e3717eda8ec9a68c9d83027,441956870.76131964
03be8ec62dae56680beb2cf3,911969731.3594344
fe6c8cd2e792d62a4c324da5,665013734.3139853
f9c133f7a12f2b8c1b2beedc,840805040.7731334
4ec47b8100d224499ec608e8,747868052.5679247
143ca16847cc47d4a4c01ac0,557419924.2170593
22127243f7ba3a68c3fc33bf,734540264.9287134
835eff7679889fcff6795d8a,797399779.2975702
4ed3eb724d4e57a7b35ddf5c,821247439.8812435
4d743a1250f7d91e2782708e,616476613.0660954
9f5cf735a842860e7ac753cf,661147100.0603836
e54a8b735724b2af56c7a36e,544200776.2222257
3b39471f854357b7e5d2853f,804787753.877586
91bd11b5a8e0c0124be78f46,385373454.38037825
6121943254877ee48716c4e1,416045820.4235216
3f4c2c98a5a6cb78d7d26327,405999172.3678316
2b6d63d6b072901effbc8e1e,745058590.7123051
7e4b240c601e37977faffeb0,745058590.7123051
ac29d71a80307cab65f29ff4,732852052.1092119
70c77552b1bb67a2a71c2ee1,1068608161.8631697
54a09a85767156b072c808c8,744726592.3860108
244210fb4bcc0a04f2cdff95,1001068628.8191172
9a2b53c1c7151a8b26a71edc,454150418.89519244
918c48a512fd6ff22fdce5d3,666618695.4754413
effe4219e6cb56e5ab70ff6b,889942944.4779533
936e6d2192f28a2b40939a4d,929278437.8843161
ad9a1b23979f0edd2ee19f38,829163632.4956278
8a8e4996e24142eb413c0d12,800378888.9015716
31c69cf4d197f97ac594a896,838590195.6029861
143f07eb2a8f0a9e26fc4c56,722011255.3877186
e5fd3cdc6a19653275c7f4a8,663573324.8682761
5c7efb015b8ff7f108c99723,752684216.9095142
394718d9d069a126e13be804,750830575.5763202
56f30ea777f5493139f22384,1066097277.7540426
37d5a902f1036cf3d80c275b,662791496.1395377
3f418a8bcc7adfa87e0f67dd,737684484.0782453
051416c05445860d5b4095e6,546954704.9320614
887761f34ce0996bb05ac48a,949832156.7019529
e02fa06a8de8a603e417d5ad,432984700.50632423
6f5929e67fb8da068b91096c,745005099.9991828
291479f573955e063f2d8bda,906508541.9539658
e60850405ccec092b8fb5d02,601209705.4433451
464864b367e16547fe319229,632931815.8067033
4c14547b7e02e75204ca9f4a,694015649.8042809
6183257f16bce94113879745,504431732.93861085
46c34a4e5987c20eb1f5ff99,540441621.8394095
3f39b25dedb96409dc9d1947,870755867.3848304
e7a85e64ee07971696f555f2,530264937.0764617
33043b254b9085fc82ee1f7f,297917977.8906688
bd2759d469829bb8926dbe09,618794695.3299414
affae17b6cc59bdaa30e29c2,814032634.77433455
e611d41aaf38a58acaa0bf23,695029039.0107446
0de426088a306321990cf60e,414872221.47774065
685982808b30597cc013e2c7,458047330.9027076
4cfd1be6a93641b110fcaf67,269451840.42122775
68fb3b3cc3e5b13440eb014b,1088201555.1657739
532bf5813d7e70958f71a480,894969085.5421236
06ee1d8f3ea326a0e3a9791d,696784217.3962961
1862e0c4d8e89fd2302ab376,1971315987.7992244
f3dea3d678d959aaf6b2849f,1282413443.733528
2478e48a3c6bedd57c13c72c,857059492.8360664
efa36c7738fc14a11cc352eb,731747811.7834501
2f6dfe9443645d6629eeccb9,481820807.0062708
bc7e867cad6f221dc44754b2,693267153.8402553
e4f2fecf58a038d7b18f7160,989222132.897444
a7620d5599ec354541c8af13,1064986787.478451
484cde8e47fbf62a339c8219,748995327.7010545
5fcd9836a3ea537fe86d457d,658681658.4708704
1b288024824312c8b1681bd9,514536101.7052019
44e4574527acc86977f5bc41,595355746.9551367
8b716bc4d6d833f9bff3e729,696033777.2113808
0ab85344c5fe6ccb0edb6313,731737730.6233468
03ad99f1799f2a20c8cc0a50,608826071.3121322
6db318f828d464be421eb572,748584734.81655
c3e648317c360c76b94bf541,552585993.9587647
19cb65620d2330624252d01c,360015499.9651037
dba9fa9642ebc97ccd765db6,489784722.0438685
1d2467e5f991b935d676e906,366750589.53583294
4091a115125eb4a67f494620,527193067.3747501
d197410ebc0e3b9937464923,450043435.68495274
722699e593085cdd72102baf,423539295.0469191
c059affd0c19f6d4d76f37c2,464208814.5458451
855dcebac302ec5760f67121,646269550.9596864
f433278518a80c3301f26cfa,688360077.6489613
66a45b0aaf5f696d35f5cebb,446638110.91863894
0152ffa8757aaaf417e9f997,1338806508.2815948
55b72f6c7163a9b0b3b0b262,394120472.9704092
c8346a875be8391145a2f9aa,296051862.33203006
11c86230e62bd2c9ba44131f,777500774.443092
c4b97a459e2c6d13710fa273,317179188.77205795
8bcebf3cdc54d4ec99ba0d88,529704542.9241534
ad159116d166e45b70329bd5,657756428.9567666
6f060a8ee8d6d15f46289759,647237642.9616009
ab5f089f9d2ac1bf52222ec5,544582162.9783659
f4fc2da675d6a2583054fc56,377363841.73067784
89eed91bf5148b5645408222,683855894.1285684
0761d0b7c6e319a75b06d420,513186708.33999646
ce84187750fa7aadd141b5fb,683428417.2821372
ad77298955813089bce818a2,720946530.7421461
3abe8f334f0f20f8006ca5d6,590093779.1398065
36445c32822146606f75dfdb,822762478.8874453
f9798cc6285c9fb3ed7cb668,751398581.1376796
59dd396f70b8458772307895,627402349.7866237
83e91710343450cb0812a6e4,657247400.000327
1e7a931100be734988955242,1004033960.9475952
bedc5ab20edc896f814c3f06,600306396.7284768
f884247fa6414f384480bf38,668755667.2397158
f34a38cdec7eb598e55fa41e,843920783.7367066
106ad411e13ea21ad68e5f59,881900591.583343
a87c585acf2a147e381005f5,424410881.60486144
ad755859e7b6afbc021fcf6d,896795110.6321098
8015080cf97316a08453a9fb,897297010.9720862
f56d8f5cfaca0691c6ffbe00,664809867.7728947
8ad016d414e2d2be053d7612,671358350.649937
8b91a957eca1985938860c28,778296823.9595681
20bce83e2b75fc535a148dc8,598172161.6721504
5724ecee1b12e888d538c1fe,704858640.32585
1e90d068f3c86c6f691649ff,889097386.5780219
0fd954262ee740999c31d407,398967195.6527739
a6d7b144058ebc326b9803bb,615272190.516383
a81abab882910584371c7b66,496638419.81933564
9e41c4b41cbdc2553d80e362,971799635.6369524
b6fcc49ad3656cbd3f4c2ea6,704535956.1146117
9a296eb9b63ffbdf2a07cd0d,864524951.194966
3fbc0746bd620a0baabbd859,618820994.7426292
3043d0b025fac4ed90b448e6,565864635.5371202
219555efc5b4291791143252,485647337.3418323
a00863c7c53b2c059ce22dfb,404050553.36546767
28b838c94d10823ceed62e0e,488895754.46683645
7e64ab35f5e336d5bd2e1b51,1017103936.5359637
52f24ab479fad35c8bb5a8f6,1005289305.9291495
0d1ef14606c58310cae371f2,470582166.2448855
a465a567a4f60ac534505bdd,967392220.0823228
8694b149f7c0deadf820f0e4,746332745.1385676
16d6b756f5ebcacf221918b8,825208281.5306306
7d132190218425df1857b8b8,763504880.8720987
7c7a3f51a58dfd1588d7c088,390640498.27792025
64d1c45a2968b0fbf0eeacaa,708910122.2632705
4fdc382b65441412fef509ad,881096027.0245562
04ece9352b3810031f3f9a90,775047427.5293665
8b5b351e07a26c25cf51e176,369303761.9115647
f923bfcb8cdb543c23bafd52,602837142.536469
a15a12446d2e5993a0a6c423,607046348.9011985
ab3e1642655f7e705cb047a9,602837142.536469
b62fc917b3e8ddd64bb81018,653030395.6937402
835842cdc8ea0a2206c2b46e,747290676.8355721
02ce5bc5d5d286a4cc0928f6,746110845.5438584
d8e51f7b40bf1887ac007163,613745354.9336963
90f320e94aa429856e37bb35,523798564.8378758
967a7676754d6f9aa3e14473,477800267.22888845
9251f3dafa0e747b6e78f295,701289675.8982751
17b5e8357e17b516d947ebe3,721278547.4308587
f943cfd29effc9c048b8e106,616795969.6558335
41719542347401b04dfbaa59,658780971.0965431
bd6ad9a9ab28aaef9b4955c8,715074483.3016037
bbff88040e5b20e874cfad9a,739122587.8747939
3d6a9a4f2336a46eb62e6a47,994358331.203139
493367258be5d63dc8db97d1,994358331.203139
67cf2149b4c214da77694088,777332749.6240293
8d2e85825e95f6941445cace,759908313.1508112
01afa737bcfa6b1ab530eb09,933642152.3573389
25813f7204a2e796170c4836,727195987.7795292
3cb1773d90dc240c4ffed5c4,762273394.4790908
6c81a0b90366db9f514362b4,784571677.677284
44c8131b88accb3b46b79ba5,525801194.3798432
ff185be4fdbe3790c72d00cb,303309804.9842472
851f50292e30b0a464c0804d,479140376.5837986
6fc2a4f29e3b896bce631ee0,644700903.0303042
cabc4fd04b60a66bdbe2cf9a,738455399.2613037
61e9c2375626a18bc9920c5d,559638979.3062395
396c8060d9767b4debf2a54c,720790604.886652
92ba019bd942fa33ab742924,644244941.435555
ff71037ec8e5a91aad6f0686,368964297.58801955
d162a90b37622c1dc6550690,450914601.1393357
e1490f0730f8fdc36993027c,498509690.22444165
5a066d6bb65d28c2094051f6,668091078.2651612
9c7bcf000cb37f48d9f15422,637946817.1536344
528a6345df87dd0db33bf822,535072442.2515511
579ee47bc31f5408314bca28,617808956.0129483
eb61a13df1c8d8d0efc4db3a,632991331.8991691
b649d315ff3c97c4e8e9db73,264954919.7334411
d8dd26eb78ff22272358e302,706092497.0566163
6ae2221c504027acfb7368e8,599544427.0657531
3ce908c9b70f349158f7d04a,709921999.2284975
7cf74cbec871e465ec2f6a61,709921999.2284975
02e9b077d6cece81387fda35,787137073.6370612
865ed399cc344e0638e45128,762926012.8197658
d9ed55fb72efda67f5144330,642301715.1094677
9fdbab0b428f19e7e8dc35b0,748324666.1356763
c061b886b7136a1b00c8ea2d,864993930.1088216
fd0f6c0b5234ec1f6c7d1fd8,705763362.1384093
9df90c0644948ea5539939eb,659054173.4954915
547661e79bf0c62cb8de63d1,789145557.8607677
68963f5f3657cb64276e3beb,711518391.0834001
cab0a460167bb64c037cf25d,380186579.72832084
31977cd5d4c09eff149e74ea,674044736.8000898
23264fdd1059460e079e5810,680495692.1821446
4769743185eaeb0e4158e0e0,688890342.9618038
780c809c52509bb4855a4efc,674437014.2140888
f64d4e029592761bee698958,515300968.99432385
be364e85b988ef8627ece74e,332443911.00907135
c73c38b652e9418f06f89b67,390380623.36400986
213032fd36fa1a6342570158,667531726.1489308
d519a8de5fdd1a84ca1baac3,631566675.376282
df91a494d5d244f20dab0eb0,432781440.7198527
9be92b361ffd3ea2c69be23b,650864877.5753851
cad16b2ea432d926d961109a,513666540.3661369
56b22bd973f94a4bfaaf6b33,608738610.774464
84114798ccd01ae3dc97cb27,483260438.0190332
fe2bf1f402addaf17a213030,605011076.9859091
e01c1b69abb6a4c1c69c77d7,786094271.8560585
24671f63cd061228ec0b5b9b,567643423.6631867
f54c16df774e70d49355cf4c,356852400.1460932
5537b994e85c2688fe555d5c,593103373.8240862
1e5919cbe4373aa261d672d7,368175012.4617299
cc125d0f70d6d0819d6d90ee,571557689.0965552
51f94ebbd6d2533862a1fdbf,565977933.9715998
fe409f9ea8d18c9d9ba4d02e,448427191.1874159
753b47e2a3b9fcdf9d7fd9fa,517869412.37748516
6bdb3153f267395eefbf588c,620358417.5053947
9bde9f216ecb90814670e87f,605011076.9859091
7f5280804c59f56fba3d6201,566073947.1362754
ceaf16e097500022498950ff,331811524.1043966
aef06b27b0a080b5ee539b6b,461350148.0322208
abc668bf93ec7d1951c65cf6,448427191.1874159
56822f406646f93fb39d9e60,384775806.2287919
2690ba8b22a95cb837cb87b6,386731891.8460704
180172e4eee8ba756207b3a8,548169774.0802823
c11cd2e00942ffe56db5ae88,556223140.4368832
75a287d87aaf6ffe7b6db546,516936620.7802091
08f35bfbfe1bd663c40d9e54,629452431.4766624
c2bbdb2e5d0191071e6db37b,533252962.90421176
b129a508d1d98a1b6dd2f61f,780852333.8619558
335626f385c28e8370c207cb,410450071.875287
898ed7299f0c7b8a99e4877b,641509606.8399138
a98022fc80dd6ff27de693f9,500236602.0638265
a59f1631e721d231eab4d146,797896580.2259823
98c9c866109bedd605ab7dbd,673282798.7908075
cc9743189c3671adbb1be49b,728740691.8514061
e22b8126863c9ca8fb04df9f,793645856.3060256
247715511199c5b680088b56,668114521.1110148
6e51ca1a9c2bba9fa0cbe5db,785632016.306531
ba8d6800443dcf95bf9c1037,523230066.2489989
5ec6e033b9dcb454c57050c3,768710003.3529476
156ecfd8ca6004281b191db7,1026325655.5693401
edc3879a1102740f2f96227a,783461141.108498
c02ce25a3334860d3bad53e8,691571801.3322246
d041129f83f1f13fd7b35e4b,888300326.9610077
6946fb4c877f35e9215ef4be,759338494.1832314
ff2897a56a0fd08996d19424,665034466.1557735
e1b64df8e809ba220c9722aa,798624076.8162876
c13263f9c8628bdef086106b,830521568.2440122
e2b8d1aba0c583984aab25bd,793001815.3536177
3786baf40b31a20f3bf3aa80,699172444.718617
bcf12785c25f6e600eee8fc0,564987871.0155271
f85d09bb2ea40bd4b68465da,699961717.5724976
1f40dff9a973064aa4737eea,721184435.7598617
79beab95c6857412ebbbdedd,788200293.5414492
5ed8cd2cf2c6dd5b5241d6ac,822808272.1688708
ca8dacc29a57d39640e3e59c,841694353.8398185
723655990d58df33d55009b5,833077088.1238935
79a675215fed2e293b27f43d,724832058.5677578
57999ba0ed9089739a1f4de1,817777874.2793349
00cea81b78d6007eb405d5b3,735733696.925574
c00facb3e4cbb27c47a621db,1146691752.1723404
d1481d9d2bc9d1a3811f2faa,801553400.9815128
26313750bd29b2c59a81b58e,993974448.1612483
2bbbe93b615c46483056bfe6,966163310.0115827
0f8fa0a074b743c92f0fc56f,917186151.5643165
b925f9ef733930be26417458,1079919359.086217
0183b38955437e8d0128a013,811702200.3670855
1c9f65b631d2f2856bc97079,842995051.3817761
c11d82cd360eae99c04009b1,917329569.7854749
4a80ffd8e908a3291a32fb6d,1066289461.7406884
1a0134583a5854d5aa9cdb9f,884221649.5988116
5f5346deedcb7cf5dcd1e9be,713736298.230889
f17c8b14e56a76ea84a45fd6,1037094878.3363495
b8ff548543842246ad439703,1069323360.9303899
53462704cfc47d32492b4847,938530492.283981
25f925538316d3cdda8218c4,954001184.5907007
ffe653c61bf13df43fa22190,678411570.2400284
228d98c82021e2325263c7d2,484695067.1692723
f32a7d08d176bf9177dbcab1,664972507.5892409
f2c86c1edac4eec6c01ec11d,493045570.77344257
06e350e3c733e5a0afb613cb,569327865.3912355
e2544529df4efb7e90afcd21,447589692.65473497
a639ec3b943cf90cb28bc1b3,565749813.2392061
a1320186028a726935bc1cc5,750915993.6960407
97337d2f347a50e0ef518516,328451436.70179033
8f619dd7fcf5e1a17af301c4,824954302.2339886
72569ddc5828fc702b2fc773,888165491.6116447
ec674ba8cd16c2264d270901,1214293189.1985526
2b05f001ed1a84425a45d0ac,505424374.0996483
0a7758f69ddd8fb27a839661,575046734.3941747
e3ec7a8fba3e1ea07a135dfc,576409230.8758541
4163b665043ed27d7bf26c00,408845737.3750945
69f7b81b70ea61f304ccd36d,566215520.8970549
ff61104cbeb37f077c565fd1,446072907.516688
883ee78c03efdb4bdc57796b,650258610.008648
fafaa5dcf66d22bff322c72e,487349335.71028185
eaf0f2b00b6994a9ba8c5ed0,500936017.60014737
9b1590945c0c7f7b0704d287,693941918.6813357
766d34ea891f3af53f1391ba,862021716.3407941
b8680f925773229571014e61,296921322.3211649
2fcab31c752b699af5e8ce8b,893987073.2801976
96d14697ed6847ee757d113f,664801970.82324
ded79c11c30167a9d8accf77,747348732.3080988
ac50dfe70b599ae93ddee4fe,714350866.5931722
3fc7a0f9c30978f24d688fb7,589898388.6900027
083f05fe52ab15e8d481ad41,695559700.5728203
075be16d8d9ed6831d139b2e,587767155.1551679
ffce0b151f293cad0a6f770f,1001808768.44649
5997da918101ff14bddf20eb,546647149.4805905
e102f1d841d7cdb596d50624,331351363.48974955
a2c3da753f0116aa5842d4ec,745058590.7123051
43228eaa1230dc0f7f1473df,504094496.75235486
4349d6bfd5a518fcb231cb3f,678211699.3628867
c6c978051fdc655d21a370ab,671331531.58766675
f4cdf3ff86fe70fae3e59f4c,512540323.139182
ac154aaafe98dae45bf9782e,876409205.2869194
01f6c99999c154461765f4c4,669778247.5167301
d7d30819fc6ad6e7e41453c1,874740109.6395266
383b3198861942064a63184a,621975844.4009409
3a2f110334251e97abe3583f,449019130.4677422
9b9db425b698a4931173b5a4,659953507.6104542
3b51828a1e891f3a52a4653c,589162371.7908244
c94dc49efe0a350bb522a56a,750065467.2730527
39e4765ae5c8284e1f3f618b,754969021.1462092
04b28e63fbba92daf83865ba,789285926.0789651
b9643a26731cf2a9a243ef33,978330032.5974241
19e03fc1a7ca4b0761eb9ef3,665588271.062778
c0224f0cee5a388014db4f55,1110652129.201904
c4074029fba935dafd82eba8,365782659.89996094
0a8d749a2336d8f66a4f19ef,506053793.0638136
e84da6ce78339d50a72cd87d,305646419.8620807
e9830411c3092327f4e66a99,614661773.3588761
17d51fdfe8fd16185bf5feb4,699594588.9238786
f07126d58455b20f547c4380,667977784.8552208
8fe7db56d501b9c11461f62b,565400287.039238
1ae2058fbe26f384be45df4d,599311862.8668059
e74a31e6edd4459d4e215c5a,600507363.858436
c91945dcab0bf200c3ef321e,652472572.9388789
933018604a8d5a9020aac221,726925070.1300327
876ebdaa0bc953890e323843,562974345.9307457
4fd907c202de4f06cade3b3b,877381981.4286761
e40f616637f6187024b34086,541456987.9008038
f9038f7e24e0a29bd9f3e24d,908939743.8858042
b27fc4e7f6042d70a7651038,678390599.8359497
e68b18b57fbc5fd6cbb477e1,521561953.51216674
326a82671272d893ce699476,664802670.9698074
d2655e69f5dbd09ddb9268e7,770050113.093457
440cd2efd45c019c7151902d,707889419.54937
e5099db945e4f04aa3f0bfeb,750511247.9034353
3477d85a434f66df58fbc094,1090843964.7677617
56991f74ed430ed942b2d6d6,911658347.4176462
7ac1b85bd87929705b7a86ca,848078429.3549516
0e1fbbe248919eb71e53ea75,547514218.766803
75c16273d3a593752446c27b,804808104.0435752
7e74469fe0b030254756296d,819439540.7572242
35fca2d53ed17ea7637c528a,844613755.5636661
963cc728f3bc207a7ad74ec4,937747958.162337
fa9dec2129f7218b4c4d4b35,689848696.9707639
1d0a6bf40e609fc74a319310,695337973.7999593
b9551c416341fb167049d4ce,637086859.0647736
89131a0af2db172538723b08,823194997.3664705
3e66557e876a876c259c40a0,644700903.0303042
078144699729ee0c46f36123,706501288.1252602
fd15189b99da46b098a949e6,699273963.7414176
d69209d7a26bd306bde5a37d,728130547.886487
89690c80b7adcb8a8afe531a,580296161.0975826
0e0d19168609ac1d75253edc,493899099.9193631
6cd0aca2bc40d83473a39885,720073913.9454963
6ea0d50e822913d0f444d89e,611234370.4869778
39579c195f288da8d77f5ce9,695783596.8492488
bc54f5dc4e9ce267ea592813,727495716.3271568
1d43fd3f7fb4e24a0b7c9ec3,794417311.7954443
2566d8588566312ffa4fde42,653259523.3414544
8d27746cd9d2532fe9cfc408,369727896.75413954
95b822f76b4d3d6ceb0c5077,705712191.9216677
eba86391ca00fb217ed1f774,607163286.1574659
b9a0575867a59dc5dcbb9cce,445274405.98085815
0845e73ae95dbd4aec3f1f43,543047116.7520357
419a2f823e87ab67b1311bee,753175541.5575386
552217c633d2562cdcaa81bb,680817423.2561564
4fd7984773d2872e51574ffd,737203246.1662961
a87ed2154a2351cf26f0027d,694311504.1397378
a2522c9d3edb7e7a23a42b74,951618474.738698
357e58ef96c53f39e267b80c,1068608161.8631697
cf0ca58262feb1f8b0dc7b68,899114951.1700776
1cb79aba890b35f9d2a400f6,1207578726.7976618
d5c79ef12f43e2bc19e22fdc,744268447.6026853
776e1192349cb7cf1579056a,920700599.452832
7de63633c7666484bd098e2b,740681705.9947692
ca1b1c17572f776fc1059691,588200764.2939297
53e94de217ec45ad576fd83b,790527312.0483857
ed5c3d2952d2575b1bb757ee,902302611.0538318
bdfa334bc331e3e547f7568f,695559700.5728203
9c6a01e3c7ef87d27185e9f3,810189792.8242353
05d9818d3f9f2a5c358d3911,961464496.2979603
f6c990e406b3756ee39b3b30,705245095.8982213
19ace6cdfbd8bed6e99c86d9,542449139.0098841
6a04f8684e083eb6319b5272,569060762.5458999
179bf83034539c8a391e0310,596544784.3838041
a42081eac6834da0560ea4ef,765212568.65638
784fa9e78f7cfeca4133e8ed,828671240.3492659
978edd828fc71300e6723e06,912465620.6367742
61d6969334fc63611c810e2b,669772212.1240492
4d592a67596afbca92d26bcb,710980270.2205193
50f8068603edac10c87411ec,455885307.1563856
9965f598c5b95b3cfaac50ad,755227548.5137537
66cf83769d16a4d659edba6d,549964697.9739258
9c2c2b01934d1d519e651786,610283450.9048715
2b4913f28d07628bf2d3ed92,958451506.3447461
9baf7967c49fa209de8dda95,651683630.2186356
7a0f887a9426270ff3c24e36,680677612.5337824
c1034173dda31d20c4efbed1,616548129.5204198
c4a3d64de5e401a86395a919,437511513.9216929
c4cef41167a5e8354a61feb4,733643042.5220693
f52226b24ca3d5b04b7cfcde,738455399.2613037
36d5003f0b5ec7f80e89262d,849036716.6524758
641600a4cbb13b35dc7913e8,893635341.9619802
c31c4bd09d8cfba562ed2b41,852621241.742593
0df96c81adcd6fbc2f7141c3,775530908.8537997
4499adb2aa3aee94d1f1a1b3,857017321.988414
4ec06163d39f96baebe11bd3,674665522.490357
692cc1c9949d35ae11412fd6,360908360.76674604
f1da5388b772159ec90c3210,858122930.5212941
e7ae63f81f8fad37bb9c1b32,978639425.5899366
d39797a12d9a4aaf15ac11e6,627698374.0940301
efc5412fb02ba9d8f604e493,679876075.9186337
bee2e008ee41f8a711fb8d29,612870704.2130286
80279a7533c44bbae477ea4b,858552771.4715135
edc43e57b2905405a13f8f3f,238170479.77112105
751795587d1396e0daa25783,646133965.4193414
6d90801ea8cbc12f9e2131a3,710243910.4761573
71fe067a5ae994180f530686,710243910.4761573
2e99240e23b0542f1cc75026,569231289.6680161
fd6112c82d5808311b08e29f,643548187.1596549
0ac639a7c5ec115b3df8111b,642073515.5940021
af0cfebd54f32b9b92c5fdf3,710243910.4761573
b0015b31facc48a49f1313ef,413363163.73122716
2347f69ec1ce4a3fb6989eb7,505975322.74230677
209bf65e11bd7053d9658824,679195490.3338438
41877a677d1856bf609515fe,709085808.9825747
cf60297d9d9bf1268f35ad95,867622579.5869129
a33800eaaf178e01558ee926,898335006.7616583
69e663ffb4935aecb875854c,784450586.0052199
595415e95e075b70c39d5c5d,789373516.711534
719679261d84d6b93035143d,833766888.5825945
9f149071cf61295815e3f875,819017847.0373119
3d24d985b95a3e200a734bc2,974256562.6229451
bbe705b86c6ed4da775b68f0,442583260.4370536
e1d875468eea7b2eecbb49c7,742014654.9715395
0802b7e10706252dab8db909,668114521.1110148
2f412384597554f3dab07985,708508771.8324517
da8b5c8a320821ab8ca00a80,630368840.947127
0f10d20cff5664f9564bc88f,1069323360.9303899
ab8699d3c685fa834d7ccb3f,616386459.8435221
85956152686438c48c52e018,746946622.0471697
ed9c4f4e06183b15b877f077,575418072.3520838
12e32a758e15fbeefa255207,683791827.3697792
22cfdfbff44541dba9091753,685899868.6460978
314a1e163d0b77b0f384da29,393947674.2909823
23959a0f6e27c8c2b4a7f436,802185969.5860987
6ab5a87a537d2ce326c867c1,617424899.1792363
d9ebae84cb53d29bbd8a466e,395960245.2645112
9511afb73b656135daaceb43,987297866.6440012
9231ec89e58a3daf459c5b43,1112696979.9819698
8d97cda83fc7353a86c9393a,1139083482.033242
3b380c563ed2505b7630feaa,960388911.4526043
6e5ca223128fa2de422b4009,666886375.1034458
ee30ab004ac5270daf59758e,645799083.3888351
d6fee4f680569a54f4267215,865080769.2450635
db3b84e5b3a9097392a57319,725205227.4941019
cef379fa831f936cad745dbc,545390280.3561056
4db8d32011163bc4fe01d02e,642036603.2472098
f842221d74340270e757fd41,939833432.397726
f6173e36f95ad05b8e94321b,926936604.6233617
5960f14f2a81075fa66568f8,571441057.2827811
cdeba97450c735185e486eab,702641921.3759682
f9a802cbc802d49a087cf23e,1069523667.0103325
6a9ef848f22fecb9569098c2,697061761.3963395
f3986309e4fc4cde2b5feed9,798763031.7304595
6c3435048735371c36dd3892,821013697.9021126
f019dfbfa7fbbddec988fb25,1020828480.6469338
4526cb4a2b8238dcc4e496e3,1319440241.2999322
95561bd325f60967cb6653dc,964395167.557512
9f3e09a3461bce2fee7e1c40,1496074183.2275388
1034b1af0331daddad70f3a5,425841654.4402418
3ee9cfee7b0acd482672ed47,770371993.2400317
adb51a572f3198367e3760ef,698572410.9875797
5c802e198dc0906016741026,593552599.5428416
671603ba1f755be5d7219a01,596868090.8453943
001d77bfb387bdf0b53e9e83,795549964.6580166
fd9fda1abfcdd1066a177e14,676172604.7801602
e1e78f3432ea2dff6b69c6c0,409626125.5448422
378e6374da00b72bcd7920df,835748981.3000045
54ec4fd8f49c897c644ce83a,824076917.7643619
a67ef3a182aa268bc4d9ea14,670423886.6134485
8100a4b0288d5d9d9dc86d2f,363563254.58089966
699ac8957d9b4eb7fcfbcc40,1157068001.9856334
7b35a3e9f3e67fa1974f5c25,769073137.6538441
6e5383a7f9a68147c2788565,935329924.0811812
fca1c40a338288036b1eb25c,897139303.4650364
237da4784755f090c89f07be,638717360.1161257
21a7c5d6ea818dfb25077e13,599392122.6156111
0cf7dd52e117832b4698b310,669134454.7413938
677c8056695a5a539dcfa3d0,568602686.9672208
e4b85269ca413066323f66e0,1057993659.7922173
9019f1dd02ede61479b62406,386805078.83510697
958f3e102c6ecf5f6386a004,506070227.126972
b05c741bc5013a7a6abd31d6,506070227.126972
2c58f2cbd00035febac060e1,657808554.4855546
89d36acc5f617a6a97e02f23,672609107.3705447
2fba6801eb9a7bce7ed2c081,654693109.3989419
45ccde79aee811756030903d,652307668.203161
5bdb5174517b8faa23df9587,1016215317.6729507
36a11817b32bc24eda6ec8eb,445588371.6156578
f1319a9332946bd68db250c2,557972242.4600251
39f70d6b68b22668a0631f37,644954875.6708336
3958d0cb732f3d623764be54,789534012.5949332
f67028acda5ecaa4c8781ba6,655444870.7481854
76f50ce5f30cb96d48a69357,441956870.76131964
9e5efd4741a57b9af54e9265,641319918.3340728
8c45ac143f5cc43e9249c17b,972669051.616166
2a66eb4d2a205bc4474c0afa,844758221.5787383
85cf1ee98e1a85ff4619e27c,821071565.8364098
84c2ab0573d3cbffa0be90f4,742014654.9715395
48976c41de22ddaea3f8c296,528379866.0556654
001c03f6103d35389825b62e,683360423.0113724
ceab390b6906d5cbe65fc402,577614878.3831115
79f989fd66108a2c38a9764e,742836893.132034
cc385eff95aa00310eb22111,682412167.301445
ed764bed1d05cb1e9a4e67f8,933839252.5220597
857c5dae475eadef41c25603,727970967.9159787
7148b0d9e2e1e92d41633230,727889245.2346461
7f3e02524981fc7e40eccfdc,356569452.7645198
ccc625df8f51248e3dc93214,546885263.3569334
b38776cf09ec8e90fceeec84,583232287.1813658
48ebc3d79e01061c926066ba,340655784.3006915
9580bf8358095abb15a10c36,287943814.1292816
d26d35e33a0cf88f735a9322,642754630.2722049
b4c2a0a1a63d35a9a08a6e15,575806103.8334411
1bf1913f806bd4b461233551,312845735.9622261
34d1394dbb483e55d1cc2da5,384006324.8247109
7bef2da7f3c160e94fe91ead,511110344.34781885
528014ff6b7cdbfc174f4fcb,666346709.9391838
bf1dae54bab00fcd3e8c9ce2,543941144.3984386
f270dfd9ef449a02b6d7ae2e,639093747.411423
31d6f089626c4fd08536fac0,513186708.33999646
259f4f7fd5d851be70d63633,326835044.45445126
6b74ef5c8ab1df614bfba866,793001815.3536177
7ee7fba3a30e0e7c2ed3043c,684618394.3163028
b24bd44eefc3ccf053939dfd,572246344.0827565
0545fc14aece3f37864ced2d,581988114.3231895
e07eb36210e90ef0419fa0d0,818318102.1472758
3991b04509fa61b36a8f7d2a,761084709.5548276
387af5fb4b4a7f5c3fdcce57,563730574.2679541
6852e8bbadc1a9f4fbcd695d,730204555.929636
8c3373f9c0372b87ef021512,871145463.4676048
6123a0dd128e45216f832e3d,798926942.0463673
0913364c688d7375d0f7af5d,432781440.7198527
8831ae77efac99a6c58ce05d,731212466.1637106
b6283a5714e0b977110318ea,657690766.0426562
d2d8f5356f77507f8839280c,792689512.1322395
f36bb15462fb29f80b127458,1011766531.2493634
7abf9cd6b26e2e2bb6d91e5c,883996977.3379486
1a5f6f7e8b7af9d48644f1e0,711819831.2083929
8e2a5f8431996ae0db65d0be,749346783.7667537
29535d858fa3a11792697820,747808444.469106
8e4df02eee6cab9bd1011987,531197750.35922235
5a4039f0ca12767138ae585f,747348732.3080988
d84248b3ce8ff6f5fa480a83,747348732.3080988
5838e86b74020a5bead56161,480323244.98339665
02091877f01c926c350b013b,662932753.479251
df298574e35dda90fb568023,480323244.98339665
d8b83253855448caa81f7780,752257963.0716457
1163ab2c0bc8c998e121b922,587544853.3112028
14f9ab54432e5f54a50be4a5,451874552.448288
f4e0fa1172c1d4b70b6c4d73,662932753.479251
4345863fe83682f6091d8a77,482796803.0274981
6c5bbbfa3a1515e5cdec9ae1,753887724.9729111
742da63af109164c21dd57af,666346709.9391838
fdc28a68bf8a5bc86288b4c7,773982133.2252465
0f4b077de4ba5f5db6fb0065,666346709.9391838
320ff6c0320674fd278f6fc7,674437014.2140888
6acf9cef08906fe569c38572,792136070.9267594
853febf898a1dba351d6f917,590570578.8270034
8ae41ff6a828f175a9f628b2,454201606.043564
56ae6108c1b53c649da2f6ba,666346709.9391838
aa990d4e5f1a0fc4f0bb29aa,751197412.3123606
cb8b826e929f4f8a8e3687bd,590570578.8270034
b85a7389bab2e651f05369da,358435981.61358607
1fe929afafa91bee53df4e86,614728740.9110616
02e89c055b7692dab024defc,457185193.75950897
66bc6e56bcac9bfc4a7341d8,630876877.5213453
63cee15dc4a6808616a2c2e6,485283099.3462125
9a889078a0225c013570609f,441067068.52723867
3548fa5ad26ba2ea999380a0,485283099.3462125
d9d8aeafa748f8f1ff2fca22,674177928.4626104
9e2c21d635fc25f7790cafa9,397124645.32243645
f99adfe85d32b0a66f4d483a,674177928.4626104
eb64fd330053a41ce5be4a7e,459539595.9781779
ea8d704272b2cd066a7e7867,674177928.4626104
e7c92ef9784a92c8b7fca693,755065912.1639479
a9b83e18ae78d307d1b39b15,674177928.4626104
ab8d6823d905f1f0ccf4a75c,755065912.1639479
8447ca83d928dc34c2e7f9fa,481543696.54946834
5bd24b842a67601630036d0c,724123368.4339415
38d5b9319bc16bae99fe73b9,565161283.358349
e1558509b120809eface5b87,669778247.5167301
4b8d7217da1b1f225f254914,682363313.7812915
09e0c3a1b90d46c361007323,459539595.9781779
d090a9e520ef74848bb060a6,651734265.8738217
07284e4caec09fbbb16adf2f,760025836.017773
f8bb20be599b79cbe29f36cb,796418097.0522462
07dd30f04c5953f325df9aad,674177928.4626104
622872d345b4b0d9c1b9302f,674177928.4626104
fc9151dd6f8850502c747bab,674177928.4626104
0fdd03a2dfb18e323d96f468,755065912.1639479
ad7cfe29b56c915dd016897c,547628257.0684631
f40a182d82c489f55c64ab7b,673227456.7507436
fb06aae0e711d628b16eb910,673227456.7507436
7dabee85f750266dce02399e,620756943.8786577
ebcab2f8506c64a461591d1c,586154190.9031103
340f96c7de105aec5b7a28b9,622834132.9498833
be1c6023731fb633c4f41f96,620602204.2262104
d6b051fbaa13e3d92a798521,786052777.1615847
bd04c8b6b5e381cd5f881379,424649065.32696265
2ca47f5c36ea5d1cf00dbd2f,408585641.93753296
3f2c18ea5d8e9a25adca4c42,756073172.4952573
5bd59dbebb0d6fa71efa4c66,508573215.86283356
bdac2f1c4b306a7742f60ab9,818570536.8373759
a0e26a9d56cfb3b7228e5d75,649921287.663942
933740e21e9b61721b2c6053,637086859.0647736
a3b9c1a3b81f17e6b22b6152,639956361.7027181
445e241d8bfaceb149609d6a,479853512.4581965
937f0b37f566f65a1871615d,599600447.1955253
9a76a405640f670c6355630a,565389953.295385
7a0f351e8562fb7aafe6e714,567750596.6002109
4c5b79f3656501fce2e2178d,527196650.8863074
201053b106a0b89a0a47e2cc,652518429.5115418
724a5f9542f86cc43334d3e6,384921318.7880312
afaadd87a196e04b934e0b1a,432598314.4353354
a46cfad2458ac7ca4134818c,734430056.0034332
f640eb21bdbb9369acc4e863,410450071.875287
8b3350aaa66b9fa1c682c15d,650340890.4433308
1340b0805cb34eb9a982190f,610430873.1956565
055d5ab6b22d4d0ac325fe73,531197750.35922235
faed63c1287896e97987c4c9,683144103.1870018
a094be8af52cf76977fa5083,737120927.8883189
feb3384733ed8feeedf9ce8b,737120927.8883189
eec4d59429b1d1bb75b4d686,521139913.42839706
3e9754a961d2cf348c9ff7af,607040921.7869778
8f8a92abd28c8990534e847d,723850697.1643599
256491790d0a2d5e1ebdc2e2,470812831.7788239
ede7995bc4e7e672fda4fa5a,750705008.109002
9e8a11484838eed1f4673a32,725957753.216625
8aad5795547ade3c804c0ef0,618384969.275129
4ec4683fcf928d9fb33eb7b9,801379059.473813
ee18825bcf4065d29287b54e,813098221.3748183
485cd615660dda11586f797c,766889380.5535736
8b450ea6c21fe0b5157529a4,715466296.9199973
0d45e78397d4bc0d363be47e,731866746.024939
bfa4cb65827c4ebb91478e53,917305549.262758
deb2c93acfaf6994bb3c0608,687350853.3292702
571e1a8c252cd67ee0475974,841694353.8398185
04e337d3c692f3429d47aef4,770085893.4400816
cd2913f013727119158b98c0,802652807.6181114
ba63594585c484bbd20ed3a1,557667483.7802713
beb7b99cf12926d8714d1c5d,736290633.4971445
0fbc9e52ccf1b7ea8136cbbe,713996575.926568
f36031f3a3f77a3fcad337aa,908704499.3555093
7738f18d533d0f0379e3a06d,741258723.7611746
20c3cc21b44eb37d0b359c1a,811702200.3670855
78257e76c16db549022fbf2c,828894235.6806256
4baceaad0b0081bdaa37473c,747808444.469106
6bbf67d88846e94a63014eee,881032898.0967375
edb259013ceb62ad9b23eee3,1011766531.2493634
ecfe155a407ad2c2f74522e8,769371869.4708571
6906a20be4962df7725dda7c,1068608161.8631697
5d86b884df3627d93f206952,779134310.145104
cac3eb4606346268cea48e32,954001184.5907007
e7439820086f8d1cb13d7c9b,499869264.47335094
b940561f2d48444e139eaf71,330878955.7619696
4433060d0fa95ae1382f2de1,513266596.9853556
27dd503d4fbf4d5f5d850d4d,596201126.5373621
42a73bad238f2d3f5e376044,548038112.1703923
2b53b13cd912f353cf9c4757,622957239.0934209
4cb59b46927df31150830d5e,418107768.0009462
2f3d01cbf0ee0b985386418d,417802617.85917765
d12e6de49fcca906c3586994,534742912.510331
8f541a839df1ae79d563427f,476567550.9785232
ae5ff2b5eb4f9ac44fef666c,570937368.1194518
ca77a424800783bb9c5c0450,778222945.350058
c0ec1e7ae2c6c3c2f2ae34b8,643633752.4391224
2372f7c0499de8aa2e5ffa06,820612913.9839333
46de3fbec5bc6c0e256e7751,469266277.93683785
4d8b338266822739bc9c8fc9,759150342.2659466
86d46a3fd9d7bbcac3319829,727601043.2038025
b13fce1462ed87e57ddec917,671595251.2480042
625caf4f4f56f3f6bfd3f786,378294810.6769854
2214e2c62cf8d2d14f11d47c,650064596.6617788
cee8fedd5685633435d77a06,862308210.9818693
061386497cc2dede3ea70b1e,538486396.3736264
3ce50f34a7974ec17178a79f,744200605.6694572
855ce1721230ba103fc0ae84,300412293.18460464
ff3b85eb538fb9a7dd03f459,296959886.4379883
111bf82100a6fab0c9ded743,733378028.0592271
8877941794810464749ba5d5,622065928.3504765
1122a042822658cb504dc147,733378028.0592271
d7d924ec35768a3e6bd39b20,504872296.1328822
27cf45528b4266162f7c9029,549669381.5139093
916f946082d03023ffad6f2a,592340933.417457
68181ef118970fdb1d83f030,933839252.5220597
2f0bbbbb466fae3fe5c4f614,772688429.1245455
17c8b228fa2591e3a234d55c,686793555.6737689
e5d9afdaf318dbe749bf9950,686793555.6737689
ce2cce355f493a75ab59b242,494352784.04141045
b6825cfa2fde9b42fcf04c59,566806951.6701257
6fb3e33e16eb81331d389ad7,397124645.32243645
e29d9a401a246c00f5eb2413,669228446.808398
fdf103976a39cc12f5effaa2,669228446.808398
d1526bc5e5446680841a9cd7,574846864.5821381
a96cb9d988f5dc99bf5df4ea,574846864.5821381
760125efabf13246774a9f16,619089995.0661438
229607e2faf76efeeadcdfce,601704422.3705097
f14b11d270282b317d9cbadc,632931815.8067033
8a41638edfc5183469b6c43f,660359289.9771842
ba249dc7eae0609f20ccf234,764145439.0510753
0dfc7d77d3dca86a221fe62b,917329569.7854749
ed7f61ea4c9095bd4aca258a,535337469.6425465
d2ce77db7cade7f2c6189002,657690766.0426562
9d18c354e8939c9f18598f22,512363467.3045271
b95689add02915dab555d9f7,864560547.5002083
1c35d9468cdc55670d48db84,797896580.2259823
caa4aecacff2beded2e76beb,566236823.7209281
017487de3455d9f642a7fadc,705945190.8921201
8ed9c13717d2bb274a81e460,828894235.6806256
c2eeb1cf0549df1359ef4dcb,314821013.73751616
3a413637f3108ddf7bd53bcc,540441621.8394095
145a241c80430b1e4ddebcfe,640472989.9808224
c954618c48b70cb00efb49fe,689486102.5060204
fda6cee77fbfbce6ec0eabdd,565853453.7302023
b92c9c464e23f8b987290769,519410358.960561
d81b170177769c0121b8935a,690383641.4369073
7a832790d068e1e85182b5a5,454420371.1735899
462ced9cfb28550c160e5664,754258176.6360166
edd9a278b86b1c56e237a0f3,574087990.5904557
fe9b6a82fcc3266ddcb3e36b,822808272.1688708
fa74fbeb90bdaf8eb26f8329,687644293.994715
a70b6661eda6ef616e19dded,413363163.73122716
cbcf4d76223673724b0f9811,552318167.4464313
ba16ae6ca55dc3c0d5480944,826823272.2706927
3c840c206546c20b3e53d4fa,751091447.780571
c61076b24927a46ef506322c,750996926.3965331
2e797c8302fb7ada13ef2d4c,675104850.6057634
3c9e3b97db788dcd10acf0e1,702335423.364843
28db5acb7b224d44e3d7ce80,647201157.5033739
c7aad87d39537083a5620757,739511579.5059382
099721566fdd0a32546fedbd,784368717.1406657
bc67f29c8679adf31353bec6,786215493.6135951
eb40a304997a6e66c550b704,722382029.3438983
3882da646752a82db088c614,610795962.4770608
68c319925551b9484778bb65,615168543.330533
711b570ff195fb77229deb35,662754545.9401685
e7a2e8e1c22a52f78ffd1b19,785799905.0042979
814d93fc94b4de6d3a860bcb,553091202.698786
817da44fa842fe304b93c199,396863329.8184221
5cb29f5aaad14b6c33813580,432598314.4353354
8a1105028a1a1b83c5080abb,235682352.53210843
82b69c38d041325a4bb2fbce,259490505.29941228
a57d01ed5a9641ad64f7f032,610430873.1956565
90186e67d802be6d12eb3696,617425544.6615838
f781bb1ed340e08b23258ceb,440787987.8355845
db05818b6de8d77c1c3fd053,567643423.6631867
f4ed8924f5d1a3e6374715aa,726535743.6840148
d792d1eec60822752c8d52f1,731436063.9234504
47a3c63f65a9794384c655dc,531197750.35922235
ebacf31727972e81d0a0d904,479464129.97115666
a759e4c03e49c419c8f0cd2d,703943456.1958535
0648a4bd7ca088f4b3834401,761084709.5548276
b25734bf3ca94e775f467e85,403237716.68445736
65a8795e7a5b88acd7a469c4,684272027.9918084
b799aa1dd2de813ccad401e8,824380852.5858592
c01440b8ff0d80e7bbad715c,780857599.1213157
a20cd5193779526b43612ebe,471503590.49675745
0cddda1c211fcdce819d5f8f,646792257.4797891
69bcce6b58fc3702580d3234,827819708.3719481
ac7c0c806b57e4942d9ead3e,691866483.4462723
aa9e131fe4e7982a374bbb84,711819831.2083929
290725d6b15062397597b954,518691639.0018804
5f0fa37b7c5cf77e0508abd2,789871268.8211753
c76f482d2a8f8db5eb79ae89,982523940.9991571
f651cc17b051c962e4124795,623354725.9017172
250d84aac8add089061d3204,947872394.2559065
d3f9cf66c1c05f55325b894a,1011766531.2493634
7198cf5aae5d0d5ba2e43b96,828894235.6806256
766c7906cf0493736436fdea,970519054.5536144
78f670c0d7a26c0323281ffa,676984102.1389775
ec0eb8d68807f52b681f138e,818894704.9380541
446138cfd3749c0b6715b0c3,818096973.7277498
64b4837e4550ce39f2f85342,703417239.5618703
1103c663f6b5ed0309a767b2,566690930.6004057
b9a573a3f2cedd87c7dc6477,687366492.9995861
de54862f5b7b8ff345c6b297,589465910.4720423
16b3311b337c0cb9312ddba1,610430873.1956565
a1c2003dfcdce97d21f9cd15,531197750.35922235
262688a95a32f10fa070a887,625006361.7090379
8e374b19fb87640c56243088,403237716.68445736
4032d6a6a13399797a794ab7,731436063.9234504
99f1712af0fe96f67d11037b,633547416.6118922
bcc584e6a08822158e2a1454,584814760.8623258
ad14f4403926de76de2604c6,396908829.30442846
01f855427cbe3eb51b38288f,563730574.2679541
4673ef4fa28aabb0fe61043b,356569452.7645198
f4cf541f02d99ea1851b9f12,623744812.2481548
bfe19954cd4680149c682587,502140137.54816246
fed8f3bf4a2d7a426901706c,654607627.8137381
480aa7fe286f4aa31f56d4b9,742836893.132034
1e9850a50070dd51861a5e63,750397791.7569938
e26dcf5836f5bb53553cc413,753194870.2252773
c7ac975025713f368bdb0af8,767240963.7801242
73fd5bc0aee47d89a160f5d1,751281230.0736876
5bb9dac6e0e9409e89aa6cee,742391001.8763744
9b15aa6c85804621f5c42566,828894235.6806256
199fe72cad28e4554e359ff1,747808444.469106
b28ba88f3665a2f26c2f8e47,1011766531.2493634
453ef603a66a34f17ae22227,788280452.5367281
d8f4955ed4fc363d6d9ea897,709601284.3562939
f2eca7e3226f625807f7d6be,1064986787.478451
361ccd7f37ada9c07ffcf71c,673469343.8456916
e7d1ee027da436cbaa122f48,1101501949.7291033
554ec896fe4f9d8f2e8eabe0,934288347.9498065
ba79c72aa8bbb0517c899b59,772461825.7761823
69dd957e78fcdd4d8e874acb,558983857.891646
df91a3c7f364df5e6831f2de,866231894.5310243
77866048ba7b69532d0a18cc,711357819.3904774
a792bde8819aebc5b2d73a6a,772231887.2690815
6293e4a72b5c84782bcdbf78,719635714.6052251
bcee01a5d6a36f48d99a5e4b,738286495.766327
c58b56f1202d1cdffdda3021,665702464.820794
ed3275b560f020baeb9ce3c0,558008533.4982836
2a872557ba401f4c95e0ad2e,733938032.0799671
6b8c1c7c855656b0e56f0bb6,745058590.7123051
d6297cc548b16bff11eea51a,695559700.5728203
dadce7c7a446a6a177821b73,758130140.235939
f5d9d8082e7652e97973e0e4,1049843179.4553307
2ef9126614eeef828f797e66,937887436.8738644
c70439fc435337f1e8fd2f5e,964070297.4451838
79631cac54b1e71c1022da12,1280835166.835715
6fca3b70ba2c68d9e0d2540f,475596404.9104763
5b29d453bd368190e0e356c2,563665365.7466254
25995099875f0ee622ebc31d,725925263.6853751
34bd7be0761ab3d43da7a81c,563307901.1234691
b8e15d182ac0c74fba332b8b,659588697.6618872
901e3b835718ccae27c8831b,533252962.90421176
e1c7a101e5d518583f9a2a7b,806229855.1759937
02f6ffcfcdd3dbba94dd7b33,957264464.3503447
2162e09e137eb5f4a1f32b16,618321403.5500643
5eb815f9023e6eb97786233f,1146691752.1723404
d2ab14487e0ecf640a785277,683311395.8550369
437167a9db41b677da7d5a7d,566073947.1362754
c3f889c41c1effea85bcc706,517120796.6936123
155da5ad9ad19d57a7632cd0,755746374.9020296
43d1fb0646562c3f1dd6fefa,633620719.9912313
8eb66c4b057dd4b07b5fbca5,838699876.1585138
f9718594fa52500c16e3cd71,635267433.8028905
d9c46d54ba6df0d21ed4ca49,616124320.09064
d3f688e0deaff6648f2925b6,414736283.0062433
093a92c6846c924f88ba8750,688095545.3280643
9b1223cd8c9d7b348d6a5c94,817840081.1867336
8209afd76e36d8b5c4f7a991,494373971.3782071
29fd909e7cef62de53430e1a,792243118.9089884
76df3d616d8bc1de789bd83b,484451761.492366
8aa5d44a72b2a6851d14ef86,785783882.3089305
eb4e1b72abce1d184dd4d5e4,651828742.3369019
2ba24fd47c2ef8520bccf6eb,351513551.6326479
1c9e38cd216595b33e283134,804850473.0218749
2fc150cf6ea4141106bb8ac4,303559169.03484225
8dd46fd8ff592358e4c3e7e5,562879965.2682656
d5e001b2f1dad3962cfff9aa,625967082.3375138
6e73e42a0d2ef8d6e403112b,451660999.3787976
2537dfc786054c61eb3a80b5,632515350.2957097
19c77db46d23e0c07a06a8b2,667531726.1489308
e6424086fe1cf2a2931f4847,632515350.2957097
66526276a7e8da597683e8c9,789902719.2729477
cedd20027ebbf47baaa0dbff,789902719.2729477
ac7c323295addefb43c62acc,738494644.925951
a8e74eb5eb523143cb291cea,831991386.9556587
ad393e9070779969b496fa72,718001725.906448
64d9dff81c79a16579cef2f4,982449345.2695092
ea91281d5eaf6b8f436d47f6,982449345.2695092
06e59cc783be86bd145a56c6,769608647.2085336
7458171e4db497a4cc1365fb,831737934.1335572
12d73fb8f4ca87b19ca46231,738494644.925951
5e935d4a03c6abc86ac5adfa,800477777.1999
2754b4e12a7604efe8e03f5b,799176181.6998047
9ea7a0d65493cb5487ed2084,720715491.975955
7845cf57552577b059dd13ae,583987271.9599637
6e710984bbf2662a9cc7bc4c,356569452.7645198
47720fb9e2586dced75db114,470295630.7174023
cbd48f3342e63a84173a8dfd,396908829.30442846
cb83c138aefeadb184d2c7e0,379393735.22339416
397d4e490eb2db8a1b18051b,593552599.5428416
4f65732875c007d3c1102140,509680612.13251203
1f8ad363a0539a6f2455c3fc,607828075.326462
9535ab027f9f2a9a8fdc21fd,508954395.1679904
248993a27da888a6e3ffefe4,566073947.1362754
cd07b4553b6d3863a9e444e8,842203358.0851249
f53fe605b0a2857cf3facf73,683360423.0113724
ae48e30b60ec254bf0dc89ac,738890384.7358456
2a0e902f3c07cc9696000177,463878331.3298514
d57535248bb34f65ae678a39,651052221.0956973
9949cbc958bbc0114404960a,691262825.2129062
841c57617a075690ce412083,682826589.9657152
9fc4385ea76cabf741d38789,459261772.1709032
0367da7dc5374f1957a1b7f6,733023689.6114267
7703f868650a8252e954e457,753194870.2252773
4cb9319ff5adaa62386b713b,733938032.0799671
dbb30f9d010677de2aee1b71,601974651.0674402
0b54c51a787fe58bdf677658,806820247.1967946
5234aeb6d817b8ad876e50fe,601266198.9544898
77359d0d34ba4c9d825e46ed,485149403.8464353
b84795015be5077f942f5170,544646667.2821062
75f5290d61164d42b39d9d51,567643423.6631867
b46d50c84edaa7feba938671,733938032.0799671
be8c05b72ee7867fdcb05455,738455399.2613037
356712646865d98127b92a57,641576874.4475963
ab765acf8b87daf1673b3a97,554895185.7104031
3a2cacbd3b4f9a23514b1433,616994562.0486329
3c6d485d7b01ddd6147746c2,573976678.6540248
054cd21c3b12f165bd520313,705556688.8838792
e114160e3ffe6a703eb42440,528178784.75786805
a38b2d75349c56ce04f02a94,856165924.9219992
71fdd2b1214b9371ef149c1c,870406928.283725
10970057efd092c98037498d,559644688.5100102
7543d0e85e6328ebc8283d75,339182536.2633173
db1cfd89dad114c11ab2d409,806229855.1759937
760f24a443eb01721c6ffea3,798311444.244183
a1508f30ba87423e7393b4fd,917329569.7854749
5814dc311aa87b24e26aceb3,651948521.8583506
f26c2bb4d5787541e9c36463,811813862.3390884
cf07a5af6ee98d735bde14bd,588594399.978026
8b716c3dca89b7caa7db1aad,645856462.5434684
df89e7dea6c313b0cc262249,293981311.3788455
3e2c1d2cba8755ffad9cff27,909098320.0530105
6771a8c70428fec0f21d51a1,683311395.8550369
d8171d498291341094daaa39,1128256352.36372
3d43dd23536f843c2c5bd268,1042288538.3077401
785dea91d94ab384bbd6ce3e,761084709.5548276
6c316d2bb84fff36bb01f14c,1146691752.1723404
08ba99aa6a8ee752209de6ae,551239366.1774284
d177236e8c725d4405025916,836045782.4948574
9a6b537a7319b3446977919d,1056904179.6509933
e2e7b03feffb21bad63eca2d,672018698.1217492
f2fa898e1bcccbdb92dd91e9,730204555.929636
2c340ee014e39ad0fd1309d8,983422225.9497344
7ee83e5d70855ed21455b6d5,1121190285.1999214
fdd4b5fcf9ebadf96545038c,767240963.7801242
512b4ad817c387bed877b7d1,1213840970.7456205
3ba644c7be754c21e3cc48ee,709840551.5299937
cb38dc837baf3e0531c6c115,604523791.9402472
5e931fda1e62fe41ff0f2ba2,482845704.353946
0ce9a7d4b0682dbbca68e070,560120015.8739386
8d114cef336100a8d8c81ce1,781918063.5025568
ebc3a6574ebc530ef715ea7e,746486486.6024991
4c2b14bfeacd87b878cbcc92,533252962.90421176
577b17cb350bd2a646725b6d,957264464.3503447
0dbe463995c605bcdffb133b,532426360.0633238
88f3f39ea06fb882c69bbd10,395460660.57482404
e54567ced41a40938b85485b,563730574.2679541
cb6d29f005078d4d4efc2d04,989242238.7691878
1d0919344e52b315441aeafb,597945083.2229652
62c39ad30e9a26d8cf3593b4,835763637.724833
a02bf67aecbac445a12da958,1013701407.5006084
06baade01a74972cc4a419ec,565977933.9715998
3943b64f9550a575f15d6d29,931747589.8666043
b62d64605362afc574ea5b0b,1005264892.9545653
0ef45eb4356e2f0331ad2457,1090388267.128318
6700ad4d4d7f70def59a5d59,752731993.173232
19ad2fa7e170c67870ee58f7,952164199.7548054
919c1e281329379c4d130416,991718687.0890231
8a451ef547efb90a8fcfa6c8,866679647.670936
5c208e5c37aad07602f7cd7f,743094196.7900119
164fb89266e40a2530400599,414736283.0062433
5fc0f0c4fa019b6f1b2a016d,578894316.3957247
3b16ff50ec7fa717efbd62ab,742069323.406978
30e6d4e1c53e9e81ff66df43,559644688.5100102
cdae3bf05372c13649a2adc8,339182536.2633173
170a69c11cf4f855ed015bed,805417928.6702683
e14b31f8a454e47c383cae94,564147209.0076165
14a8134a56af1b328321cad4,614985552.5950139
ea8cc21bf7d48979bcae1458,656421363.7650068
c287dbff188e95f833ab21f0,587073049.2215871
2cd0b2d7561919f0223608d5,356569452.7645198
1acc5749203f964fa8b2092a,380646244.8183522
9543c16bd5eea47111e6b266,544646667.2821062
d415dc486936995f8b3704e3,485149403.8464353
ab946dfa5b9d7214a3756978,761084709.5548276
803711fede531ad1621a6823,563730574.2679541
f83f29f28978d7dd76cf5942,533252962.90421176
4bf284e6ba81bcaa21a437fd,565977933.9715998
d8ed50fbd5ed46d36b3d2dba,599667460.2982489
b40128f5e17574a5d3da9a32,756685823.0585344
506d4cc6613a07c313a12de4,671657944.4869822
558b7d06789a1c8e488c38d2,631682284.3181578
38410183814a757520143737,742836893.132034
560a750cb6f8683ccac4563b,699689297.70815
48740edcbe275bed3c82efed,722718180.2318788
50b2bb276e598c9cfdb42b0b,668114521.1110148
302adfed183564312f9e3087,767240963.7801242
063e53d45e5e7945f1f10fc2,730204555.929636
6e2c39fbeb5392e6aee9b644,897023513.6559551
8d6c523d4100ab0c83a31fed,861556543.5976955
6d6aaf30227f16b2be29e79c,917329569.7854749
e73e5e75cb18f52dd7239361,683311395.8550369
dd625806063f76dcf53582d5,957264464.3503447
a4b16572b8bb786561baa3c9,1146691752.1723404
9446f801f30e8b2997fbd72a,1050131909.7827117
941569c4352c3a2e32c908c3,1069323360.9303899
8b4c54125d9165554e4123a3,917132325.4879346
d50f33fe5acdaf5caf1c6ac5,324925741.2284476
46ff039321805b51870c64f2,868507867.4954486
1ac6c220eb690db798a3d4d5,636907505.5332439
faf872c4bca132b52dec368c,798980434.9948705
d92232d77f7a124e7ff13ee9,781918063.5025568
f9a136d7944cb7768b598a88,753070651.0413897
e03610db09ed7315cfcd64c9,618742620.655783
8c51f1b43f15b70d2a294918,344302985.1097958
21d141a84af5f0e2ade9b0b8,596179694.6263914
55c7cbf5e572d2342d0d7071,620999188.5468657
54c0e5e6d368ec51f6e75c1e,836212869.5022779
434ff40bff8fad0962ec07e4,727604125.350499
0a199d5741b5a6213b39b793,683252917.9066176
9931470b50580f51e1a4fac7,433623491.90630156
89498fdf642e770ea75be7d8,736195558.5159066
aba39002de605f9ff34bd542,648453823.1647742
0c1c0ba7d75dc4090b7183f5,827745766.5928149
2ac425aa592565b44b25cdc3,790482512.6821902
c0cdcb5f860e3a974c401861,669778247.5167301
4ec741bc6ab20515070cf1ee,621320773.5216407
3d4c48167a8de8cb0e4956f6,733378028.0592271
f5741fdd9f509d3bb02e35bc,742158365.4516271
c1d0c0846ec652774ed5474b,749923798.2901748
ed2c02ddcf0e54789d9d2675,772808008.3625935
0e05eba6eed4e55e89dc5f14,889242659.2265524
b29e5a75740c8439aefc9321,708987815.6293275
218445f989b2da5eff4029f4,890946354.8209766
0c7da0c2613129bc322b1da5,851034548.5473475
a41210034abe19957b317d1b,917186151.5643165
0cb4217cde38e09571fa73ba,1070740459.4976997
9df0663317db1cf4121a222d,624094591.9923949
62be98264dbfd418ba21cfac,1066023544.7528721
939ce1536f15c0e6bf203dd4,1079049337.7778003
d9028df78f9b14a720dbaa8c,1079049337.7778003
b05f4b5fae2f2faaddb377fb,699768880.2727095
65ac61968819927b8fd9b990,638209523.5003685
1e83b53963792d7445e19d27,680975736.9701599
72eb1af691a950fbb7e8d635,407387727.31506085
94fecb92077ffe3a72aedec4,490378900.70132315
f660a48b0eb17e98dd77c0bc,548144904.858683
27fe3fc3838695ce34c5d287,388817882.1401885
9ff4b1fc1970cd5c102cb755,963112732.9136654
b54940561992090411749db3,600558032.8022051
d4990842f549d8139fa94c87,517630733.9573019
f6013cab49ef9188aaf87972,674177928.4626104
cc2e8713dd087d3b842d2f11,336012164.8498894
fb8aa6b6c5d2499d404f3f73,560077691.9140546
6a8b9fd89b745a52703715ab,516459748.4995732
4721d06c49413558bda1fb68,541374563.6473869
0100b3a412accebf6a3aa4b1,471945765.97917885
215e8852679b9cb6c4029ce3,549658071.6134264
0afec1b2e7060b99dbe41a10,491767995.89979196
4ff17c9b88aeeff105b8301c,660900591.634783
6eee8548b87c9349ce90ac2b,466647196.5166069
9b264d26a196a76951308cca,657756428.9567666
945fad7539481410e8bb60e5,618742620.655783
f727924f0f35ec9fb58d0c31,274444719.4972849
c7876dc81e250503076f43f2,644005314.451963
e4f3e425e9f6e393999d7a08,438234946.22075826
cee1833e8964355b9aabbce2,552281856.4759023
9a1819c45b01c341647a2410,620944364.2641016
ce95aab452311a0cc27e0c7b,424982852.4779465
e6eff72b7c5b0fc2677af2ad,574087990.5904557
3b368c10d243f6bc9c027061,269582894.8299234
510c03bfb80d92d180803887,464224712.98531973
664934c8e209352d2c79c971,653998053.8891901
689ba3a92dd7c12f1965031c,565578585.2838309
93d4c413d2a1ac59f1b46830,475267286.5860152
08b09c586530266c14e611f9,570941323.3223488
7157dafd306fa99e4c2ad233,540238599.1978873
74e15493f395fdd312d50cc8,343736539.6295822
c34c94e7129f84267a5e4fd7,599482482.3121084
fc0572d7185e132770c3bad7,733378028.0592271
5c1bd88edef0a4146c871fcc,596419249.128653
a28a31f7d0e3fc6298606078,485640635.4398762
f388112376e68ccb2290074b,719987546.7858918
05d1c33ea8c89ded7391ea92,613431021.301087
dfd84193c81ca8430fd27ad0,733378028.0592271
8b89813a4ae5f9209f854be1,806604318.1147845
d7b9566ffb28c753bea96f0e,757971532.2960429
8062b4109c12a95dd62bd43e,638168248.612592
6d305d6f3e3c2a53515d5f6d,909743619.973156
ff143fed55f12a0105f9f88d,638168248.612592
0fd9a2a99c44c9e5565fc17b,789662308.442126
7f85c59323701ee0e75abb92,766284806.518172
19baa03dc4143a83920a7d2a,738084678.063312
bc23ec33573f28442b36f60b,532957483.6029821
9957e5492f63fa295772246b,671296870.1423734
62e376b22a4cf0d84b7f6bff,763766632.8711493
0867853879129bfb46dae700,796531672.7963275
92c5129009b7e377fa004a93,757204838.0483546
6b9d38e0b9a3e28e3e695be1,798086382.559134
b6da2728ee41d035da57c822,1113778891.6728563
adf5879151c7236f5e055e1f,862359908.4711463
bb31607d0bc3ee4a37fc912d,715993135.852384
3ef8fee6a5cf42827d8bf562,929479131.6722404
e6016afcc032d20fc9d6f2be,1005734668.0860447
f3962b552d34eb8bf38b4763,1000154829.8358636
bce7369d51094d3a9d3495e6,901655743.7479621
55bfd350162592f2571e3a0d,844946728.9658084
3f226452520ee8f04e306bb9,866548770.4184335
b16fda9be5edaf4cbcf07122,798086382.559134
e6f5ae869a5b7a30e8f0fd0d,907986996.3689477
ab0babf6941ef43c35acb951,885209619.9943423
3bed16373c8ae820187e3d5a,530264937.0764617
bc1335d419a1c0f6e6860470,1101501949.7291033
98575cb25b358dde32ad042a,909544378.2559719
fb50f2f13a30fccc3903577e,1003414360.8429434
7a608479334951a3afdc655a,1080007339.2246282
9cb40496518bb99a7a00a2ea,1280050453.9832757
a69ded1c20e05bd6b3a90028,662915245.7683729
71d422db0c0c638e448142bc,819716701.8652972
fad033a3c81708df7b6ee73d,677960372.2454752
99fae85157be04554b236007,506704293.82312346
dcd314dabc7d162cfc29c81d,659420971.5519042
1c65d5172e53b4c7f1c4d6a9,628572811.4700251
cb6d4db44c789fcfe8236b40,766072801.2773492
ee2c509989c7155bb472c5b0,620206389.9350677
73b60c9053ff8193c2dd2823,859240324.8420122
2a487cfffeb12837a5586a41,520989727.6366537
c9d285946ffc4c4b3ee95da8,868112905.7932439
6a21be8a7a429eacb1de8c1d,704068765.1754665
2a7fc28219bee48a2368e730,740863120.8361067
5b169f28ea1dc473ddf11580,340655784.3006915
58b3ab31de2f9fdb0da0dc8d,533252962.90421176
2054c61f0162a18c6fa2291e,356569452.7645198
39940234a26e7264b464450b,534866416.3391066
550157aa4dae5fafc5d795b4,673584679.2492793
ca87bd8401c0c7bbc4b3f286,808699494.0632888
a8fdb6fb681aeae4d5c22f9a,955285932.1719182
998c864a446f06d114f42fa2,1061125634.4357686
bc57535516748048e38d4a2d,661379762.7244333
ddd55d8001b809f304883ce4,591464274.1594247
b9fecb3e6a507ba17764c303,355235182.6368894
4bd30aa3e2b4aa077ae27490,660875225.7492113
d7ee2851bb69088f851970e9,640728171.0490026
40eb0c78da8b51b53548d914,1038252079.119236
1097d9a61690cc58a4b91e62,578941799.8241255
6aebff5b1fb3a438c2c7969f,545201829.2107042
af672710affcd7e44eee9ba3,549481732.9681513
fbe3b74f9e11c829d4dc69d3,1003414360.8429434
6b7219005737d8660d134ace,1026097249.4942774
042bd2cfb2d33467149ece1e,738116573.8750954
d5999beafbdc8acc8a6ad809,639981775.0819365
4ba65b1fb8d8ab0a914b0b8c,560273466.6653166
230864c9c9c5959f9f0d36ee,670852372.4005336
8520fdd4f5fec0ba861ca9ac,497379533.93327177
447dd594fdadb1b12ab32e6c,583926795.0251169
3d405df6e5dd012419f43ba6,901517383.6455525
e120c33346ead011ab7789ce,538486396.3736264
505740f7746e0154932dbdc0,345322027.85480857
e9a427f23e80fa59d9d517c0,343777644.51327705
97388d009acd9e5ad49e7c4f,368175012.4617299
a100f050c34e438070ff487a,657690766.0426562
96d14a1d29b7abc2cad573cd,711791803.126876
f69e25355ce3887bb1078fef,671568057.2902418
86276ef138e0babab9863276,365874489.371591
344f3bcc1acdba48c12f8441,902793797.7803259
f3dbdb2b69017cfa026ee18b,667401257.64666
ba32f2964e8b68ff5555fc34,810646255.0215877
fb7154b2dfd2a48c13ef70cc,595445332.5048201
089dc5de66c6c4132734b9c0,690732158.9399947
5c2ba5028fd94a6b9859de70,479464129.97115666
e8544410d811163a13c6a326,403237716.68445736
74d8df07206df08e8f3dc232,792689512.1322395
6fb4126e3ff41b8052fd0657,384056246.8743751
ba35cce2e715bda1684c937b,828894235.6806256
d7997b9126bef50985bab347,437796003.7304396
da3aafeb2d0105f8e09c051f,699558665.0517516
5daf1136686fc538db40afad,657121930.9286829
88f632cc304cd769e2d4be27,748293469.9420596
c5dc941305b5fb59e66479ba,795260347.0438957
ec422df56b811a0aa42d8bbc,795260347.0438957
bc8bd1feaa8fca4c52e130f6,452723185.5964314
60c116411ab3cca49f7f49f1,512632516.57359886
75ae43992df8ef41eaf9d98a,375618767.47050244
87ee5c7c49ced4ec99f44d5f,952586102.6220672
918f56ffe325f21522cc60d3,398576125.3413181
dae09210f48e5bbe0d31c728,529911499.03922313
c1ae2af40e1ea9da6380b8ee,680610961.4218115
e7b717278f7c95cbfceba80b,570460645.4809921
387f18b1f01b1aae536752e5,637657907.0642554
c036fb38fbd2d1b59ed5b7f7,721932547.2769848
76c510c0ad11fa67f0e9a4de,691028249.4087286
ff46d9f7dd86b8bff7cc305c,542466054.0559875
23d95cbbc056b4456b94c97d,697436095.7329262
fc65a77fbdd07fb490ad870e,782701194.4239472
8f0a61533b6a01badf43b6ed,804486899.3543983
c26990b034ee83450a4517b1,773663417.6957985
53ffa19a09c447f3759f86f3,593611886.1572715
86d80d3757377df6f2b8a0b3,670159449.9785358
c757b3960436c23dfaed4f2d,829296065.6594849
fd1431e595693fac0406151d,453845620.3778314
42b6cf2a5225dc62342d3a20,646531722.8258867
6f8a0e8f1bce0243ea50213c,612592683.4292699
02277f636716264116015dde,360170781.86117804
b72459ea34fa22d1fd012dc5,803852789.2761972
cf4ebcab3fe4d12e1a20146a,938715640.6372622
ae2c10850b4a8ffca934cc72,995738458.0927196
0e22a41ec27869c8f83f9be9,765034241.4918984
22a43024821ad081e654c5be,787034974.9860233
2054c223fcd48a48f67d02fd,446547301.9561204
9af6ac77a9aa0c6da3cdaeb0,356569452.7645198
6601706d2133f96aecfcbfbb,610430873.1956565
ce011b7462e9be36184a2984,469849356.7023065
f759f71e444c16a59187a067,704863130.192994
84cfb0342a0bf2c6777de39d,518310343.06534046
760fd4c893a56a4586030772,656744536.3737448
fc174b19baedc11f78b647d2,822808272.1688708
aff9e510eba008f3ba5c1847,788365107.5925119
a5a4c0f268548993b61d65c6,708038457.8500721
6cfb8a07fc1100569413b33a,668114521.1110148
94301e20cb91669986c4b34f,465987603.7408231
52c1ab7484e412ccbf5d57a5,740792548.9026747
2538cfce1c108ebfb1056c8d,589828285.6380464
d57541684e5c00bd9354cc35,560120015.8739386
123106a60208725514f3a343,531197750.35922235
7f2a2959f5ae816761be658c,930344695.3126079
fd5758238e7ec91e415779f7,743246329.3482901
e3197263bf47b3d37f027e11,788200293.5414492
8e5661e79f4fc282abac1f37,784772817.9687986
cdfc387f8246a1bb3110d724,699961717.5724976
c53f3bdfe8159bae98ab005d,881032898.0967375
200ea08f57fa23013d0e661a,917329569.7854749
603c736378e07570fb985ab0,844261489.3652601
cc019e30685c91634d2fd4f4,828894235.6806256
b0d394d6c9b8967250854c66,949902264.3271787
f7a79e1211fc72e06a3a82b6,1069323360.9303899
8a1ea9d91b3d8a66c6341243,658566403.6944805
22903633f8c4d91158f65c58,425555357.0425647
bb67d95fc94532b1fbe80ba6,612040002.7309715
a8e696037f8747f562ec98fe,361255190.80792683
72e4fa00e8aab44cf210251f,786500944.2303084
d70948f87875325380885803,1006831873.1765859
a0e53cdd1132bd19b8ba0c54,684933114.8257936
882eb7115cd5b8b09fca0e47,805991908.3376565
529d6599d8a64c63566a11e9,571381810.0554141
e26eafffe4ca3c22b7f4a272,891209564.181436
4e4abc111c07656e5bbdb0ee,742367513.7471516
46e7860100b0c09a6a475b9e,745965527.8962617
7bfbcfd0fb8f5b6d553c2d0d,793615160.9268373
5fedc401fc32ecc4d9ba7e89,527149046.3264812
aee8b22ecf19495fc5894a08,793615160.9268373
313e17c442fa3040065b7489,641746343.4848295
26206185deb023a344eb2e99,771079727.3942128
4a9e2358d64df916e2cfa213,673007221.4780676
2f6515defc3b21d82e0ca4dc,454150418.89519244
a9b18720f68c7002dc71c3af,374185518.1856561
af911ba38d5376a8aa53fcef,698567735.1664224
025b094e1ea7248f4aba72f0,295923415.8074483
f81aa0f575dbbacdbdc681f9,586363183.6515151
848067a69d18a171e7fa34f2,636689968.2669333
e22ca3f1c8073e246079d57f,554809132.9665977
11444a88bb3b230b4feb5b58,649950483.5465542
7a9264f3a12de839a42c1783,600224302.2417969
6d825b439d8622ab90245049,603097793.31565
d2d317f2990465269ef58c41,715052007.5747212
2860e4435c857cc8a661ec97,763068813.6672117
39c70622597e64c4821d0731,970167303.8223425
2d6f5bc20de99dd0bd4e34bc,733938032.0799671
37ac1ae3a7e2a3319eafbb58,815165739.6201485
fe6fb32f623a9e3d5586a8d3,745058590.7123051
501531d637608f7098ba6242,726349161.0066093
69f59487924240bac2e75bd4,695559700.5728203
358e1287e24c3c4fb353315b,742921681.0258188
55e307c88e2a943acd64a9a5,647611057.7632753
19105db21495d546e6792a25,623354725.9017172
375419559910484b17782b47,924521170.8982875
c9d254244e315974cdf5d921,1049843179.4553307
adeb9a6ac3d357bd96c019ea,732561225.3418088
b08e0cfc5bdf5bdf5068ebdd,988170241.1811761
8da2439f391c6db92b9260f5,722011255.3877186
d0751cb5e704e28e03514fb7,717277049.2551421
9051c6d14018b4894b560e2f,765745493.5040704
54c3eff286c62f05ebe2ba57,504047717.1137615
975ee5aeee84593bbeb331b1,418022655.59407854
5102f4786cc032e24781c7ab,879050356.174945
cfcd97bfad6e013aeb57a2a8,650523828.329855
f304bc9e9edfc24eeeb720d5,669772212.1240492
bd05a6f6ebf924adf92e5577,809691459.9681507
a7b459470ef58ef3bed7437b,570746352.699954
37e009a57645b845b1673b8b,544992511.6505355
b70082fdca35092802f8745f,338069491.3107984
8a69b9d7461107db6d16d1a9,534866416.3391066
adf055978a7a8e9bbd88e741,467119041.7447826
6c02bbf7f6b087a1f0c8a47a,598377785.3165588
d91017d9c530e058ace2e017,630441487.8428979
89016540f8b3fb727d863bec,831737934.1335572
506b653545eebba4c8821588,1088201555.1657739
01fe5add1e7df4b15dd73bc9,513931576.92596203
4911d01ea0a4505d5db5bb2d,460404930.237403
68bda8b092d5a53a35dfaf07,1236861026.7871084
70bec150e1d8ac537cfd90e2,937868111.2969507
0e21abdf04b36e5f6a1fc337,1024786947.0976331
f53efb47de2bca5912ad7517,695833544.361894
82d6244acae149ed9ed88e8e,529009325.4617551
755a4fb96ff2b2276836f49b,639184526.2441965
f15ae83fbc4e4ee3f646b4c9,475896938.7305565
eac458ffc1da75fa1a4ab384,620757161.5652275
6f7bc7fd41ed908494d8e098,606060417.1514671
12d1678bc86ccdcc8ad756be,897289433.053834
6e07d31b81f3fc9b9de8e1a8,1359846824.7880669
6c618bfe55cac120a4f1e08b,452979052.3137041
22958cc4622a0050d1aead77,628478526.8959153
c7c3da1f12d872a3726736f5,644700903.0303042
ce30c2c7cda56a69005300d4,349960340.0318706
7a26e5936765b409b7b73cf2,738455399.2613037
8d5a73b1d27a66b3f72fa662,733938032.0799671
3b8302dabc47048245acc09f,798980434.9948705
909182c92bbc39b00536ce6b,393329036.682539
963da21c3c571d7bbc36f1b6,643332962.2810715
a73504d5982fef268f5ff589,679654743.5340564
50563038c05963223b459beb,708510935.3606819
b9a0058c58cabd619e226178,745087472.8980442
0037d98f6ac46a86e36def45,581662551.9512055
38117bca778373247df86e14,558620379.4232413
4eeb8b5347526d721092a7be,533320653.8645353
0b6cd71df4dde546e665f865,533320653.8645353
bd066d5d19d41c06b904d51c,536823963.6951424
f10e210fc04e3fb073568323,533320653.8645353
9f504cc4e6b170155d38c687,533320653.8645353
3e4c1e6435ea1a9c3150aed0,558620379.4232413
052c93502aa794e0574db9e9,533320653.8645353
343f45e7d178eb780a9a9818,558620379.4232413
c0c4fa199f0ad751930cf78d,533320653.8645353
5d86154fc1769d4dccac1269,536823963.6951424
e1fb88779e55aef2b66f2c10,581662551.9512055
c26af6fdd00a85a17b823d92,533320653.8645353
be3ee4457a26c6b6ad4237d7,529704542.9241534
9bdc79dd02cdf39f92e8c869,581662551.9512055
1d4bafec52ec7575161bcbe0,647671237.5860722
0f15a78ce3ff90b6894fe3c7,611921026.1663688
afa5698724bea14940667231,616386459.8435221
4d8e365b35a6b8ebe6d7a15f,601965175.3328607
6ff848f65f2507e58cfaa231,461556566.63609326
e13947242fe19bc3925919f8,581369054.0925323
c02caec41084656408c2696e,633378526.1435001
d6fd079beb9f759fa4c6886f,368175012.4617299
d14f7f939468e641c43abfe4,625435887.0163584
8f6076f8ed13e87862d82255,555049950.6170646
8d5e662ba25a71727f1eac77,675557636.7806866
bd2f9648ee9ebc1fdbfa53b3,552281856.4759023
da8f986b6ee6f594780f4a91,675557636.7806866
af7131ea57639ce5aa1e102f,675557636.7806866
30e10a03626eeaf8bc2c380e,782603073.6717713
6caf180e36fe18078703db02,562834893.1573257
a40861d6573e4539ee3c23e5,598005078.9363195
d5f905cebe05262cfc44bb11,742836893.132034
809800b56b7b29399986115f,612715149.656902
6b2d7f88f15cbf7d998986da,699689297.70815
a0ede3a514cede68b721d994,665037787.8887756
179d467dacdf674a66c7310c,673315618.8466814
97f9cfef1e35be84ceea2a46,762684811.9059592
b7e01962fda2102f1402a444,708508771.8324517
6665e5bc4774d04321d1ba9f,585345111.9026735
6c09a3ccddc797f77d63f1bc,792689512.1322395
97986583e1c988373765eab5,754258176.6360166
56807890f8587cd75893aec9,687644293.994715
0f2fb3cf22613a339c88f7e4,656816353.8914963
a967a4f0b1dd36d7264cb408,833102253.1956015
08ead1ac0b9b30c2a72db17f,917329569.7854749
1b989360ec91f5da55806bc4,870027500.5815597
b289cd856f9d15493d31ef6f,863903325.4186916
88668347361a227b6dbba15e,838591620.7029948
ec3f1679451b9c0037f89386,745686286.5368704
9cd01a5cba1674559752f5c4,998564389.0002577
2bd96c7fe678945fcaf9662f,853661778.0065963
9f118569fb8b084f0615fa22,463654653.6672841
033521a46dae036839ad6c90,301605532.9087567
bc1ee1f8ffe1ac88f08e2459,642073515.5940021
c62886167530efe1f84086ba,426890566.40469205
d58f191c74d26bc1fb02cfe2,575922498.6487559
981b55d5c38361caaddaddad,692619487.069201
ef26c0f1cd9e3203ad16558f,661667899.7132556
74cd885ec200a0c21fa9e03c,623402542.2213819
fcfa51e5eec6829b9f4f2c59,404771655.1394118
c3bbe8c09f5e58281dddd412,641576874.4475963
8f36d25584407d9e3c326e71,719991144.5882283
51f4aec91124a9a96f4c5372,617953368.6840177
b7becde9261820feb7cd926e,556472523.2948116
65070c554133f2b4143fe051,665345346.9440461
c2a2ddb94f60de25378aecee,649639203.1701337
5ec3abf721e13b0d55829bba,745058590.7123051
502aff943d74cd4cbb976dcc,683311395.8550369
11e6e5ee92c97e31d34db891,1070279062.2074375
b1589aa1f58f6dffa93a3a61,1213840970.7456205
783ecf989538582ad008fd95,1121190285.1999214
1770bd5b0a07a6aa785e0caa,641400789.0589802
53715a484e20d6152c76fdab,914172577.3928438
ef73428a38c201019267afb1,609233268.3294153
932a93e3ee2093d7f806fef8,633580254.9890125
00e9afbd1d27062a7bd40a3c,875566982.6192539
a11a82cec7f8a243e2f90539,636907505.5332439
e4a70600296b0bde6c28fb19,798980434.9948705
0a1b1a3d68b04cdcb2d757cb,934073822.7935816
7c06a2f06cb4226f9043578c,681263007.0532899
5e113e1e878da12e312cf875,768623243.8608783
a72f5204153b7c92f52d871a,781918063.5025568
fc17f35d300be9680971f95b,768090924.0246018
13ab6a062601d40843de37b8,830219902.0010493
22abc78ce812c519511f8a4c,766363971.9234169
faee4c33e892029b79b63742,774632031.4424353
c8d39eef5a5422e0da4172cd,624373755.4198295
b13683c625c97c23333269eb,498867081.51073813
00e7c5894c739852052f566a,621068487.2345985
2703313a3e5a6fef2157928c,596179694.6263914
8dd453e986d05c6c1dd104d2,517725306.78522366
22b34331d7ca2ea642d29946,618717489.8782611
23187388f9d6e2bffb88b9ed,838590195.6029861
6b49a668de0edbe7f8110740,821870849.1685442
ef0e5b23069a9fe377b77ccf,846850464.3229225
c37348f8247ade33ac513855,638846414.7710651
1d19edc1e0d907e5ab0899e5,752180460.132961
c73ee8d419b96c6e7c53f95d,754723155.493281
6251cda3676ecbdb6555c526,426890701.97018296
d12d6ea066b67c3db9b2dfb5,1066023544.7528721
8ba4e8e071e458a13efd179a,749846732.1493094
9b8d798a2c455a960ee74503,540128769.579288
d663ca1a0d29b4cbc5cae9ce,751197412.3123606
dc3b8d97b11cc2af4cfbcc79,828472276.7626554
7d50144c4b2ead9b7b9f594c,742858651.9251152
ff9cb7bc0b972d4515ea3837,356569452.7645198
267e46cb9eaec6c7009348b6,463840004.1347486
1769a8ec5ec94aedc397b4ae,472025402.90991265
dadd9ddd29102f529caa3bbe,522582768.10806936
251903f4b947b337e0134415,531197750.35922235
e1b753c283bb9c6d4e438bec,761084709.5548276
16fb51fd3d35db53eebbe5b8,818318102.1472758
8f543f9c31af1eb17ef1e353,581988114.3231895
20c3cb2d4fa486b23eb81bc2,831472219.3840086
6fb9e9ac6d44d3a286f317ae,607074216.1641989
15b57b0ad8794d64a2784ce6,753194870.2252773
d9ce31250d4ae25c3b850124,793001815.3536177
f90efcbfcafe544674c02586,616795969.6558335
05a98feedbd3f422bf063112,678968367.704059
ea359d571ad0c986f826d31e,741721239.29426
b02f1997e6e6f97dc808b8cf,786983311.7913809
307acb7b4044cfa5680e4227,816460455.9123704
ddce386b0ad3199ca09aac93,730204555.929636
9e28972500d8ca3fb3b76fd9,767240963.7801242
687b1dd576eb7d06a08c3439,719991144.5882283
23b2b5b9f5bf3e1208f5f80d,863549374.1512716
dddaba511b6a18f49b41c1af,828894235.6806256
874e3e3ec6f67c160807628d,889942944.4779533
67ade5109553a9d784886a46,1011766531.2493634
6879f05563a9f0748088cc65,747808444.469106
dce05cf86b42124fc93d41da,970519054.5536144
1ea5db844a6d3a926480351b,636907505.5332439
4e9acf6e9f80f65178766740,798980434.9948705
a35450284f8dc27e0ed717f0,934967783.3787011
069499abc4e393fe540777b4,420294023.6505046
cd10d6e28fd7ce92518ea31a,857405927.3126037
3edc0e70e7cf6a21be2f0d53,356569452.7645198
2e2ff1e620063f416a387058,533252962.90421176
1ffdc10c53bb83d3be84c327,603407311.3693111
3c95dcc4bc3788b4cd5602d5,718556423.3158165
aa592f388454d575e0006206,629403029.818553
f7e5bf5b0f6157ed1f604d37,340655784.3006915
513c6ea5a3c2c560c409eaa8,1027451579.8861643
7cf15f80838e8edf4f9cdead,1004756744.0241537
49737c7682eff2513869b3f7,792819859.3348647
4e8cdb49a2bdf68ad8d12625,733938032.0799671
86af11931b004aad3fd27b88,641576874.4475963
90921c9fce21986dd23bc645,749596842.4850748
d79d71be963d418a4c9dec68,934073822.7935816
c27b2b735106bd5a77a15616,745058590.7123051
b6129a71f8e320aee8abd0c4,745058590.7123051
26922ebaf11e35a7a320d30b,768623243.8608783
23f859b889afe2639ad55a21,601989323.011979
ddf47d32045769c0596826db,1064986787.478451
1d0c635770f2e51aed4c8664,1213840970.7456205
e6144e15d5cafcfe87c07c9a,513277442.3132168
a7c7923f9a4d004eab43413b,818318102.1472758
42b3b56289972176c20c4990,494731059.20436025
b63f49396431089dd646837f,553247550.252909
e0b041a39e732783f98bde56,994661395.2273548
409eb9b8f2ba87ca299a7f6d,435610788.4786876
1a46c13974f3634ca6dcb51e,814423097.3291131
4b068c79664179605b145a15,971116632.9019411
afeba13fa3f81249549cd2eb,411980389.83216023
3a3ce11d981d0893ec732e22,641576874.4475963
ed68664efdb7377c33f4010d,632569207.4426212
93de58cb0d8fbe74b0cbb556,731010287.1285052
faa204421a94ef95b79eddf6,745058590.7123051
acdb13c4c8e2a48b0bdabd91,826093343.8485978
5271cd1cb962066407490051,854653745.2883407
933251193ded6df07c83128a,1170000578.1328518
524e00e537f841c13497cd52,445524088.28765666
a9d4f256527be98066c493fa,733378028.0592271
2207c1ed62f59d6eacb3c18d,538486396.3736264
97ea5dc81ba49ade4f8f580b,674198827.1174011
72488318dfb2181843f17c03,918224573.327687
76698030899efea431dbb81f,514449737.0054393
e84888d2f22e14a5016ac789,603909754.117711
d9398ef84ae71419cb7cc82c,622065928.3504765
6d32649478d9d86d840969f6,434904260.89974207
81600c1e6b6e3ae770e40b28,873933071.6408173
68075b0ac8e779bf5e66dd3d,505549401.4399177
6d7ac64b8b9f27f61fb155ec,521360793.3353909
d3bf3146ec856cc26c607d70,1001304194.7319018
d12298e0d398e9d21d2e2eed,450438043.98080516
97b69097fee8d8496a6b8c04,629540152.027887
fa6e53a7107c0e33e3d505d1,1066023544.7528721
7279c610bda9354e1c840b0e,603909754.117711
6f3070318ab65b867b2702f0,366901824.9182056
e08aabb998103a941d24d0a9,506429516.36066663
415e1faab81016a460db7a0b,546189860.3131471
8b871cc48b99bd4190877bd3,581662551.9512055
7240bbe28e950ed75637b504,552772013.3259741
831629494c6d15d5ff6a00a1,581662551.9512055
1cccddc33bd892b44d7e4b7a,721028804.6260962
f9cc6760b1112ce5197bf399,653980617.367589
0901e845b6c56d4761377a09,523494344.38035387
2a33fa5b25963f3dc928f668,656949854.2759234
83e9507b9ca2987a21d1b195,563938651.8383971
9381bdf491d48236e84590fa,527446570.7578568
c041a933261204155415c2d4,872393759.6800481
a1cd867286d6e82181e5d1bb,675557636.7806866
240d2474c81482baaf79b6fd,675557636.7806866
ddc1c85af165e47502447242,608062273.6944462
58f02c785ee9a506e899b967,449306224.9626581
8b353ba6823f4f800635f0cb,708333443.2818228
68cda50b602acb4efeb275a7,647166475.3336687
96cb3c08c80815907de81e73,676172604.7801602
f54dbd8f0aa752f79c581e5c,706399232.6838067
52a438d024af0d5c38627ad0,686283767.0939755
1b5db6af0a1c0f7787064020,733938032.0799671
84a7286c91f1ca3ecacdaaa2,738455399.2613037
bc6d6249873222ac7f22b73d,745058590.7123051
12501015fb631d7c10ff08fb,886505075.3338906
85b633e09a41cf22a10f28c8,797739511.493699
7acb92246dbaaec1cc7b423f,613021297.061295
bfba8fe959dd2e44a4202943,709921999.2284975
5325f16558ed6d2689bcbb46,565998276.241681
d4653d505cede3d24e258d4b,709921999.2284975
5146ecaa8b7ed507c4f30785,781918063.5025568
f5b9cbae30356fb3a1d005c6,674999239.7845701
205ffcec56fd884ab24c5600,682363313.7812915
ae7ce478fb66882a2c952012,627909221.6539806
efc9ae02fd6c3f18db866cac,683154814.5292408
2221052e00c236f31e6d5a06,700392399.7934289
54673ffd4971d04493a1b1c7,776099525.1882367
b0bbdcf0916b246ca95c4721,751197412.3123606
1ef15e2b882a0da85858269e,617864328.8639812
9881fb167319b34cc23da955,841281811.5041525
9d2a195e645a9e8556683b4b,788212764.0722392
14acd96163e6b3e17177f35b,637946817.1536344
b2c5af8615b8899deb16c896,589611971.5991862
4c40683e401dae89f6537ab0,584814760.8623258
dd007a202a0a3d56ebc4868c,740664976.989087
6d9c89a406cf2e755d4172c5,477300528.03656375
7387e7e385063c180f05a7cb,584814760.8623258
9dfd5df5a2efca3fbf2c07c8,665197118.2690549
2a9e75d221912230f98485cd,672379415.5375816
86ce27f9ca03821d13030f18,805722782.6391481
3dbf89c6e97182647bb44e69,689622825.4257425
eaa4893a313d85fcf38dbb6b,616097511.8228642
c57e1c323ddeaa7475e5189e,654283197.2919433
84856812b63dfd9630fa49e7,717700067.3873931
945202a450bea48fa7f2a95c,632870701.4599464
fd689e54d5c418dc9f2425e7,853402675.735485
eb90d9e9eb53b44b07ef9613,782326156.83593
79005399fa92d05558fd6f6f,793379616.9601381
5cde51bd6de3759821216d5c,866830955.3858641
230cb38e035b85a4353220e9,809656463.6469713
a22ed42197987a8534abf76f,406204949.9813499
43a2ceffa8ed90bc1a43255f,495452299.3630032
8f2fbced5d357bcd6b1c7de9,685973006.9726729
6e895a15d402ea7fcee98156,862956486.5741497
b6a2406025f0e1fa09690c2a,495452299.3630032
f46d46ccc7fc415433e471e4,523386892.3215984
71710d25975271eb32c0c8f4,473004490.28663933
01b7bb1556b5c32df8f618cc,601399372.3535298
56e5afaecb2cac6293cde16d,451520444.0528726
70209b9024acb3e5baa769ff,761084709.5548276
efb0b413b3f661b23d674b3d,818318102.1472758
251db9c4b7398902b38b4a4e,622125412.85636
e3e7ffecb903d2daccbf8a53,547514218.766803
a92ed9a378272ff174ce2688,461784823.0986814
40a53a3f3d49f7905966295f,694187668.890741
bcf2c303fc03897585831351,784029196.9981577
4b0ac2ce45d7ee385ca369a2,832350587.330413
85c7e8ac008493b34e8e0176,611816058.0082507
0ff24418ecb6888dd8ec734f,1261983880.8202693
3164e0ecd246b8ed6cb6d054,1198328629.1679802
5f52e316136696cdb56e65a5,440772483.27591145
5ba4bb943139d7930cb91650,922372811.4988834
ba12ab0869d66e03df12b6d2,482308354.68684775
1a111211207627bb4c840442,924412437.82237
9d2ec1ed9eac77d534ed514c,533320653.8645353
9030f17b47b3940c2e2c4093,533320653.8645353
3b224cf6107d815a2e78996c,761664500.364082
ab0e770ac42dcc82b472c55f,611921026.1663688
75fd66abeaf040fa76eae2e7,581988114.3231895
c31d98f67673691ece007a65,594224197.5418764
60d5f19c16554cc2d8e5940f,761084709.5548276
53fd196fd0c0558ed1219329,350226360.69073844
27b06d060ecf702fc88c7956,818318102.1472758
dc014623ed69c32abce2d0f4,543941144.3984386
f1a8f09837660445961375c1,847389544.9872909
b98a462d9782988cb54ced54,1068608161.8631697
6ae4843a827b36bf189a32ff,571665813.0662731
84e4f6c6b5dec0da7f7ca0fa,549361833.9934182
b8f2b9c2e63f0091b6038ea6,486800686.2568161
e54c7ea1f012656f7fafa49c,671503082.7354103
f25f5df33f25576f805a95b5,668936174.5121081
ce9474244dc2d40f357146c0,491767995.89979196
54bc553b5b8abad0ceed4d53,549658071.6134264
e75d4ce522cf587cd66adae4,644005314.451963
b1f0b12c28c9bd2d16b3545a,475267286.5860152
412e7b9e1de3df8c3dbcf198,657756428.9567666
f52ce56f20251f018d7864e0,570941323.3223488
6641ef09c0bf5f3180952b30,367779822.6263416
ada53307260fa34f3a6411f9,646975062.1764575
51f0f76e2a8cf50ef3650901,438234946.22075826
da482df3d0fc97f9f8582e22,423848190.7843758
55d47b5f3d0d2dd7c2bf4034,569716240.8674573
1a6714ac2350ad371d8280ae,631434591.8623062
0006c9478f4e7edc53d84916,395456843.2373686
dfa7461510c6dbe5e119d106,653998053.8891901
5df95b44c73b249be0fc69e3,483850923.7687626
76bd7a0b87bfb6d2723766ec,469998039.0405395
8570a1d8156dbcc267d3b495,671296870.1423734
94116b7517a06255bf4320c2,673606625.5745884
8ba2d7afde20563e38892304,638168248.612592
f86ab537a2f5d8c2b223574c,733378028.0592271
9d0d2774fbcb6fcc66b865b8,596419249.128653
9086e6e757243bdda003878d,710283296.604837
5a3625846567d06dbe4cea0a,909743619.973156
f51a78ac4b03665561552b0a,757204838.0483546
561a262410ca91d69a58645f,785209919.4787654
08d90f931e7e0a6f43c9d0e0,933131331.9601793
f47c64c8ee69e744e654d4b9,844946728.9658084
fcc4c878af8bdbda6e1fc86d,866548770.4184335
8d9b143cd8eb71b05d32cd2f,798086382.559134
ce6a3868227d78852fad9f62,901655743.7479621
d82f743ff414299f8c222db9,929479131.6722404
9b2c7e6cfb2d6c66e1ee8a6b,715993135.852384
6e9009ad01cf466e8f8136e5,798086382.559134
a4bf0c02f139c695845c9507,907986996.3689477
16cf0d7977ed97d6ae8d2cc5,909544378.2559719
d96855b0ec427f041e7a36c3,1080007339.2246282
63613a9290bcd9e1bcf2786c,976549382.3662087
32036c1eb131e6cc4f3bad3e,449839597.9300252
ad47e82c9efcfa36ddac0a95,467560762.84647125
d5af3041d95f5e89969c9868,522424796.5400006
f2387712fa17435f56d7b102,556734849.6750867
c1c8024bb6c3635ff655843b,509961111.90439874
11e4350271e9cbb37bcb75af,548678138.7433658
d012efd4a77c5aa5e8d6e508,825709920.2985864
6240b85a47c079cd0efb077b,618070219.4927659
85e332a999931ecd0e04475d,400611697.7688553
4ec02a406caf200b700f5c62,609050869.88188
f3270f2ccbcccf3046346809,747147915.793622
bfc5aa443994e3f3f78c6105,731212466.1637106
aa09cc29ab2f2cfc79e5bc7e,778725368.8362453
6eec5b03718975e5137d5e92,684679925.2797445
6974d82e41437d61c627b16e,755065912.1639479
ae3f7f428b49e6948ebe6fff,637440505.7190756
a9a710b78e776c16eec24be6,651353007.7662846
249cf6f96144f769030d1b4d,591339765.2865773
645f3c4490ce43ed68c7df10,694538611.4593825
3413f37549869d2172b76d6e,683345527.0238428
956600c9a4ed31e588f8c593,933642152.3573389
00ba709f184e70be13e5bf9b,565034826.0167438
275c8bfdd3fec33752493861,592876991.7361522
3206523e850b5b5fbce567a3,673426846.2582611
9c9ffb3401ab6ab90fcb555e,1077794920.0724149
4962650cfa3decf487ccbd0c,771079727.3942128
a541b35c62878dc2c425235d,779134310.145104
2112e589911b979db6e05a6c,738879022.5927284
c9cfeb97323bd6a0564e1903,647039227.1280886
30e1bd4619483b0e896b5229,531197750.35922235
48aa146a36aba8a0270a8a1d,1011766531.2493634
678a80840673787b3aa64228,683857066.6493464
392abbc83cfacfe87c401e27,475707641.7665587
51744814dd3a7e60c0791041,670863985.8136165
c6faa5d2ac8e74c26fdaad4a,592349637.5613314
1f2c22839c470363ff41551f,828894235.6806256
5438c2127072b47e3af428d8,747808444.469106
32e182242a654ac03a8f3ea8,385062966.30678314
0a45eb817938241ca988c2e3,840294957.1229941
e74d815ad652f7046ba33295,517803800.3295094
2887a0d34994d284759db20e,664757149.3668364
621c3051ef29e8da01e6bb2a,692385389.8023514
54de2275006e273686ae5fac,758212805.226326
b0a0cc38f73c9d90bff6ad92,668180501.0604361
f4df4ad4366bd794594c111f,856021405.6465858
763206de4c26e3825b69f4c6,740654542.4505316
d5ddcb0a54416bdadb4bf57b,641609528.9873635
bf17eca5afccd9cd6299b9a4,736290633.4971445
02888257efaae858fdc7938e,643074433.3407092
1f8ecf6c089ce6168b3be52f,791441831.6322503
fd7a48744bf966e417f34a51,869947236.2741363
655d6eafd78be856479767e2,740654542.4505316
27472c6c6a801eb749b9719d,683428417.2821372
18fd9bee381e7a8c29a44c4b,661991363.1245066
da5d47596a755078a2261328,624835586.7066865
737c83218f0e486ef4feba40,407458836.4538314
2390c275fccc98eb4fa33af0,457429819.5511669
35616923c84423b44d1d1438,939962828.2442018
22fcf0650753e2b5a2fa3786,735389661.44277
9d8e7178912841c2a1232ad2,536852510.960009
36c2cae6de0add92f32d29f4,778244352.7139039
699b68daa574a0f169436ccc,587423181.9753379
c3bd0b8277a37832f56be54b,587393551.9844552
6b3411cb8c50c1498572e681,641348756.6887813
fad4ecc419fb64b3f77971ad,712136911.4268248
4034cd9a70d18fe0c883a0fa,419478516.6305209
8f9417de118ef8486538955f,844922770.4048004
33f4f9988387bfc237d114fa,785505773.4069694
40c9f947e826f89c6ff3f898,264920215.8072551
351701c5d1b821253e2c8c42,438632034.59374285
f6b405af32c398147475dc9b,763775074.0365955
45750daec6238508791d0d4c,627132953.7472998
eb85bf9ab77f59615960fbe0,793035602.765817
0ab6e52af85ebf23432d7698,589809446.9017041
9b13a371ed4724d2e2966447,765278057.0311015
081bbc273db70f1d2cc84ed2,717516198.3346843
e113c48e4e1b53adaca275f2,676572759.1360929
4bb0666c55d174e0280482a0,714299551.1103073
ca516516b33dc09d712b3154,765278057.0311015
631e6aee6ec1f720f3c78775,452098612.02175367
c7746198cb5871bd687c2538,722852723.3451468
58a5dacf2f664512c2b00ea2,733362091.8009032
6d8998442d831addafbc878f,685817335.9445813
7d4ffe0038b3ebc149d8f4cd,593966806.3233165
55ae7bc854658aa5fa49d368,562956922.5321568
042ff73057dce4d92d383cf7,332549009.91927546
807c04729620ec60ef18598d,345789051.08109033
5dead94ad2dd86dd41448994,651862651.9543235
bb90c874275456d5fe0de83d,570016525.4114335
6ea5fbf037ba7e5c74d7ca39,637364098.9579333
86dd7931177df94a649a4d62,570870422.257762
58ac250fa52a1ac7ce39f70f,439199259.8434705
2861f1a224b4c879b845779f,348202488.76697254
8d06af8e439c45e0e125de91,678869325.6151383
bb2dedf6198be0f3ce2c4ffb,582835696.2474016
57d8cac189a13c180f08cd2d,446072907.516688
db575f8a4e10a29fe81b335e,699689297.70815
e8c79fd41b001fb1da0d4fe1,668114521.1110148
b81679b32ea288e9665dee49,1069323360.9303899
841482deb90d19ecb1ec8a06,557193522.2248459
214df9371aa59f68e5740212,645940547.5466164
bc52abbda9027e10b879ed50,616601390.8733358
ce8ce41a36b610be164a25de,797476209.5223819
a67412a01feb64ca6e772858,898047232.4876353
d87896f889ddfe1ba210d74d,336723513.60863024
556a39ca66e10ba3545f2234,578684395.2013412
50cb893af4ad0e21a69f05d5,654722588.5856831
3b5a5d6536a9fd24f02e8ba0,335819977.92492837
121cc20fd81d6322f56d5c53,534866416.3391066
b9c893f3c3ac4dce40d0ea19,584208332.3632085
47bf8d322af3c13e8868ed0a,654722588.5856831
a4325969a50a14c948446f9e,762275517.0586803
4583a6b01449530079415768,826767818.157439
920e2bd03c9d34e36fc38ad5,826767818.157439
0a59b506798fb96edd7681c7,730226457.4863542
e8d2cdda77c1d885e21c7bbc,1024786947.0976331
8abe99f2b71b13dfe7d71616,970519054.5536144
c07e98122103d1546d995f9b,883084671.7278253
29fdab43da21ed0d22c9c71d,378946273.60936445
f2ba7982bed03cac394ef87a,675585009.3499266
eac89e705cfd337a99417320,459167846.4367341
40713332e88c6d3a393c8b2a,501343938.5362746
a9aad230d22f7dede73acc8c,861233393.4827735
3b7fd4008e14e394dd09a0e9,1213840970.7456205
098327587a877bd50df27551,575922498.6487559
0379b6a001e4018c34e944da,616548129.5204198
45f24dd99d362f49c0adb875,356110437.37237835
dce1dd028695bfc5a47aa6a1,516521966.09144706
cfeb702df06baadf29f12eda,393563315.1818552
9ff5828e084070628ef2ad96,644700903.0303042
6920e6d7fff656d66844949a,798980434.9948705
31ed69311bfbbe000f4483d4,530176342.82736343
d300473e3d2ced1177c9fbd3,560042874.4310753
2cb64650b876ccbc7337a0e4,347649220.4402564
3ab2ed6d140698cfa41f2e3f,630631524.2485296
9f8697b55cb665ebb054f9fd,435991167.667724
7e844f8a24422ec3b833b4a8,397584227.9954467
55a615a3b3919798d54e885f,626606087.407138
fd26da8e62b5d1155962f0c5,424982852.4779465
ee9171c496fa78b1461acf88,777637313.8420873
d5182c47a954c964445f25d1,730716472.3308783
e064b4dd7b4e64a3e0016f0b,796531672.7963275
36753a5e31b0edb1eecb8bcc,552281856.4759023
c2ee475efec76c46efbf1b08,689873387.2799503
3baeb28cb33d048bcd6e42cf,350452185.6056285
6a6d990b9b1bea0f844d3065,871922052.39329
e93dbc804920c0bf7bcf8cb3,700818963.938898
b9ea1b9fc0e46ba0724cbc0c,548682584.7742931
95e98113e39820523e95adf4,733652337.9409071
942ed340950f02adf9749a36,456696127.6909847
8538a41c0e0fdcb3829364e8,610876097.9868035
804289a128775f7d1652cb43,1007550823.1028432
3dec1da01706b06f5d6a9266,470651061.8203721
fe004acdfad6ac6b00911ef0,565161283.358349
6c679d5b6a1c1b74bf483478,669778247.5167301
ba54b5ebc5d4f554bc56dec3,485283099.3462125
5b9469c3ff6b197bfe3513cd,679876075.9186337
2ca6ce8266afc6721d179335,852621241.742593
94160aa4e5c54bb479b1d0db,392722916.1420312
eea6a2137473c3ba6708b576,356574674.9030055
9969f6f4bfb29e3a97c2fccc,584280574.9504192
68006626a3321fb0de032307,429455219.7588133
2149d04442f73cfc78f93bab,657515656.4355396
01cac7d033166094ab9f87b0,622931829.1244037
15515ecdd35e9f175842a738,601974651.0674402
86f1d6fc54152004e69027a0,855055896.8042003
0bcf7987c4b0ba485c44caf9,620357068.7248247
107fffd601a2bb7a3e4a69e8,765971622.4957528
5a44636153b1d4a74d58513a,513350265.90390134
5ae08e5999ca2ba0a1e2d8a7,872292579.157497
369e9e64898ea16b7ffefb7c,735352486.3682293
192b505186d0bcadb46b7032,672497210.8096408
6dde6686bfdff12620f198d3,608703604.5101901
503a04e079773a04f2abe075,739640579.0871786
42b5ebbca90572b9cea79177,552281856.4759023
0b6f2534f862a7ef551a116c,721984915.5967538
05e06a93e9f01dd3984a85ab,523770826.7274866
c6706db3eb4f0bbb0510578a,724525111.8482236
2babb357d1d828c49bb89be0,752684216.9095142
3951171501fc51e2d830cc82,886739098.3552332
fb72b8e0457c0199e158e599,944235622.9670854
df865201353bc7b915b56ac6,449991681.7314265
8d1b3071f5396359c0b6cc62,797531626.364194
c451b61851c8ae1e6222109e,874168309.3154589
e1c33552eeab60683f2f89d5,1090388267.128318
1d8d51cfdf78f1361710708c,607668552.6254722
bdc8e1a1e06d387f9c7b026b,607668552.6254722
2b36d797d32013a126e15709,533320653.8645353
13b3a55d79b79ea89a73d21a,533320653.8645353
e57ad52764215c3d54740ac5,533320653.8645353
19e11b2d60326895b5e6ba01,533320653.8645353
f6e1752b9f4a0a3c8573910a,536823963.6951424
062efee92601be294d7346a1,536823963.6951424
e2c3acee51cdd03b1f211278,616098400.7932781
9390ae5c166e1a976e53e16b,474621288.6816259
db3aeb3a96304f3c255e8a22,395460660.57482404
d353be29e7ed2c35b920f7c3,650670347.7364683
893c1b081e383de73b9f2e16,752930770.991951
8302e2afc48d6eda16784da6,840348346.0202612
f1e9676bc91a76740f4e9b0e,697619111.3957595
ce86066ad78dea43089d25c1,877228847.1319653
c89ac55660cee4608bff27d5,556288448.5995493
b183776d007d85bef0f6671a,752760495.3679479
e8872302ba40e4ea413689da,501379052.4190061
0afc6cbb60f34f1cf00fdfb0,712136354.1331835
a811af7cf12afb1dd9b8eb86,582053220.9551792
7947f71467036449efb99972,820636059.592742
2ead9549bab6f1386b7a2c77,686552544.7163175
b54e8d557263624947f979cf,820269231.9653922
fabd2201750747891eb6af77,985259906.2421968
7c3f7b513bb20c918a51dec6,666226670.22792
0dcc222d83e1bf05f2c2c090,848976864.8137027
3ee3ee47bfa21462a1fd455d,584312786.9492574
1dc3b6ea53413ece15bea33b,891204053.664254
f44362b932a8b70ad4b99a29,761444205.5577883
5372f93d988c3c917629f9f3,608405587.250804
5c25ccfc7ae77f1d85981a79,666475656.6462607
4df222356df121a41adadda7,340557199.37802666
bf38bb7a2a7ea663cc8f3d57,608405587.250804
ad0025f5b240d00936c82f9b,573462123.4807909
2afa66b726ed0b1492b9e01b,829084068.0495205
a528312b77b7f84741c2bf29,650739414.6253141
1cbeccacfa11843a256b2e2e,819232883.5658567
d11eadc78d95c96f50b41a10,809872776.0576808
c918e02b3e6d80125a2db1cc,479231025.3543483
b2af005e93b0242e0f62f298,624505369.1421111
ed9703ed896c6118a3458e78,469417617.69701946
8ed11c1d4e7aa1ccf0ea0508,463807810.91584975
9717b066e135a82feb422181,547514218.766803
294985765f4d12e51a68a451,761084709.5548276
edbeef6a08dd17a941634d49,711800572.5444889
26cc292628ce4aa87cd287d6,803055199.9343809
47f7065118bcd4c3878e50fc,676718511.5464499
e369c63f83c44329ddad488d,674291090.1560981
383c0948aac71636973507f4,683019928.0278813
6bd1a412c01387af8810ce57,1006394657.7698652
4b92ca1cee4739104e620871,1037212771.0074874
0123237414f757b9c3809f88,1046532850.2459174
6e36550a6ff6fdb2711a88c1,1215717626.1644375
1b5de74aea685b506a952f4e,261085141.65983123
d85fafb4d5ec056e6db9a79b,587448148.3342583
cd097f6cd92275ec8ace1f20,743397934.3556725
ced1f52def08143f0b2b6849,840805040.7731334
89a03e25c43a555b47c53864,790340394.6443703
f8d64df401009704c152bcb6,507116198.15495497
2a5aedaaad2d908122f28f22,733938032.0799671
edd0b57b90629fb00d036e34,758594214.2194539
f8731413b0d976c03b7e05ca,1036278932.5849671
01abe3cfc94be46c1153c82d,738734598.840323
aa7f5d0d2fd5474cc67cc70e,696543207.1314526
4912c91afa6e4aff6ffdc6a8,871752520.9440417
9d805330fb0df9ae73003ceb,745058590.7123051
7daa9115f755a6c70411b9cc,695559700.5728203
f5896513d1cb044108d23785,1210631276.4402456
3ff2a2fd905d81f0422c54b2,648595697.8750827
02ed31afcba033953c79d95d,740681705.9947692
c2164829374d5e880c1a1f31,924412437.82237
3f6eba5c365508ac192f2b82,454420371.1735899
3289958459cd87f24089cd14,419960987.8970919
ecc3362a649cf08afef96fc0,463252589.100253
264e00a64cecb861d2c05b1d,766711194.4685632
d5b5bbf927f763a43190fabd,738620757.3069912
2691d7125e9046e597437f2b,663604984.4889019
7cf183ed411cf82df26640e9,679982152.39434
f81107599bc083fec4a13ca3,687957062.8285111
3c2a535f1df831771b859a86,688643215.7402431
9e871ee8a61b183aa9051b72,851620645.2641343
e066ee04cd3a597dac8ced59,353172860.05418295
2f4ed160fe2a21722e6299f8,559644688.5100102
e0ae53aa3cc9e9ba7ce65f74,620315243.4789963
78d727d0e61a7c8b1cf6fb1a,617894457.4111499
b42f936db049a74c7d24b0ef,952093564.1317439
62e9330888566f1f826e1ee7,664885911.5048038
3fcc5ff04edf753621d6cbb6,849286779.9959062
d4ae25b207949fbf0df3b404,474136260.5950417
14bc234ffb3ff7f974afc8e7,620651977.3977113
64fbc9cac3f15c0f1a16f4d7,636689968.2669333
5fa1c8237da8fc7683bc10e0,547143126.7113128
7bf4beee26ba81ad0b884f9f,566073947.1362754
72a47f70aa99d42320e54787,439199259.8434705
07641db461323a5cfcda4f98,446666150.2343216
3af2a1ec9efa6884a8254d28,648299766.7145715
3adca5eeda4939a5ea11444b,651882849.9211527
37d39cb7d3849a784497ed0d,629381722.9813322
b9baaab70cb83475ac3bbab4,532541403.4716931
74e178e2398895d2288e6fcb,533252962.90421176
ec15e2a131d9724b012d68ea,668114521.1110148
ee042a4b4a0bf9a1dcdf1eab,666273598.9665657
35381d7a5b25317d7588ce77,730930618.3531196
18ac3368b1f6d8f7171b07b3,699689297.70815
3dbb09358256bae5199e1318,686200065.8546689
4662aa1c44351dfe271e3a9d,725315311.3039756
034a30994bb2e0e446e35957,742836893.132034
4cdbcefc434b48ba3d51a498,824502664.8186278
3d3317303679a6a5a381d0ea,881900591.583343
68f4e3d4355bb71db0f35a65,746384479.6636554
b3c77f4a398b61d9c204f8a1,657247400.000327
3865974fbc1b412f24c47eaf,736440834.4212401
84ab3ece52fe00ee50f057aa,948193296.8724066
dcdb8d97ae65daf55570c88c,773839142.253251
7ea01fd99b389d08ca50c0a6,683311395.8550369
51df325f026f4cc5ed2e9a65,1146691752.1723404
1f11cd977996d909ffacadef,970519054.5536144
5ae03c0e33dc7d3e0e0d54a5,629212818.5900488
da88bf5bc2a7310ff382be4c,957264464.3503447
035de58d60807ee2c272ce82,1069323360.9303899
0cf82b1128ebb8d1087b640d,991575604.8447531
bd8b005383020611b8922147,417104672.787034
f5c79a564600bcad99c74f03,384823020.82572556
b11672f22fafd555f940a8dc,539796635.89599
2bc88a5c4bea2bd00fd8f13c,693271099.0438875
b2b99019a929584b4904b98d,938774540.2432525
678d0e011f710cefa49f6465,466342935.3529427
f7de22825945329521642f49,619292373.3994534
79b5a037bea858706838a62d,534866416.3391066
9f339d547d83b4ef956a3690,695201375.4948007
127e197a2f70e7ddb5dc92aa,447992572.53171897
65b8c48546af394a924decbc,474114640.75958633
cdc0c282ee62c51e3a20459a,733938032.0799671
ec824ecd0319e05d1ca6a9c7,622682964.8269423
95f27bf0d25bbcd0d1eb9cdb,669778247.5167301
ac0ee54bdc08632efc0d771d,572246344.0827565
904ad71e7d108930d69a7332,589162371.7908244
7f4e6f790de012946197e0df,636907505.5332439
473cb30713e88ecf782651fd,444526203.37455785
59a309a6af425b2028a2ad69,726475081.848416
8a1b0f59f86e33a7aa7c2c23,840859621.9783987
1e884932e57cfcab75ebbacd,889082108.0446045
8e273f1dde4801825fb19742,756636468.1971953
1f9c0f9c3c6460a323171d72,1004651164.9923347
5dba98aa20e371c3947c19b9,819714467.4551418
51516e102f8d43a07037ed29,883085490.6322988
6eabd14e55ff090e8a93c727,579270745.2708622
e224f9ffc7bd70369a5e8b68,1024786947.0976331
35cb50346289f0590dd24d83,865605222.903981
2aecb598de8c74d9d5108d8c,705238328.8089273
69c7e97037c747b93c33251b,955285932.1719182
b9b95c89c988f68429822e81,626026926.6904691
fa2c5c19c86087f207c379ab,668110040.9260992
9bcd34e7a974c977f65925f3,1316209123.9467022
3611c89dc71078cd0aefd2cd,534866416.3391066
9ab273eca8cd5dd4b6339ca4,538521070.5584909
4347966ceb1770f758cb6e37,831737934.1335572
2a68f627f4dc8060484cdb18,1088831133.1756008
55ff644abd72eaff17d533f0,1062548507.4062648
db563e5a1cd9eb1be832bf5f,1167739995.1167526
a0e9310061ff0084d63dd242,782971822.8253176
7ff62b2f8a28d60f6c4237c6,942332005.0235264
c42c59e8a08e8657ab4201f1,391221456.03227437
de28370454624724128a0688,676718511.5464499
514aefd8a44ca048a8088c51,738548949.198378
3d3a318662cbe218db0878e7,733938032.0799671
2714bcd5c0c503c3bee0e0b2,745058590.7123051
5461aeb15c7f826f0ce157e8,549703305.5564191
db352cbc2aa3066ea9b34184,717719695.4668752
22b066e6dbd0f2562a0554f1,996281008.2427981
daf8d6d3f4ba21513341eb3e,881900591.583343
523605d1fbb75b0c5acec5f7,722560242.432518
c59c2a19b93ca666b7c389d4,717584846.0393021
61e57e5539c40e5ffeb77997,722560242.432518
c1fc25faadb151c73ff254ec,597850106.0204096
63e73f1b8b385d89de1329c2,450782066.21000737
80ded3bf4f2973a5ceb1ffb7,471253820.379713
e1f5f0e96e5865370423c142,739496172.5277216
3bc1d407f7e7c8e67f7dd27c,725925263.6853751
d87c489d3572187e3280965b,1149647267.8202078
110d49e1d79a3534e146b300,758471386.8105114
7baf3723bac87b0b393ba52c,751958577.3139943
8e9e35321545774dc1f85776,768717867.465615
e0d6155cb3cdac98f81d44e8,587744292.7709705
bcf775187c0f5ae1cc0e8ca6,616261787.3972588
a792122a1b292f482caf25d1,439305903.42194104
09fe153b0027697e58bd08b5,227972916.2000248
a7283f1587ffd80f4723475f,301605532.9087567
67a10f161cf7215302b6ca1b,321474877.5233169
f403b20cb52d4ad3f9469ee7,675619097.6715384
643e13f00dfe7787a19b1254,644700903.0303042
0eb7c68fb7ea1e58f3e76345,709921999.2284975
cabf47337c2cd619f12fe69f,943732605.0414021
55c5eeb4861e8cd71731274d,898522747.8820192
363c96b85cf07dacbb10b92e,705279158.8895264
49b59d19432dbeb8921e57b8,831293157.9548198
818ee3b0c3862d4aae6e7776,284143373.05088687
b15c662c56b19d3843737dd4,604760566.0961372
03243195c467c67e67a7823e,526479216.8557616
5db50c50b523f3d454e94dc9,674901822.1409141
0798af235e9926b1e7e4642d,584732266.4057385
83852e78afcc4127481adccc,523770826.7274866
7fe25ebd70b89f4602bee6a2,709441722.3239645
175590951b6f8c6b8b4af9ff,451131271.5549075
d4dd48521efc020762ea141e,403359336.9329422
a681d6e9ccc7bc60eeaf7e3c,747113268.2404299
e137b5003b8c8f18892ee9d3,731866746.024939
90dfa0d7be06e7a1dc15770e,585939120.0293084
7fb856eba0ae98a40eac3efd,733378028.0592271
9f52855eab4ca5161f1fb492,749923798.2901748
494580f4974c33d7ce0cdb28,845736155.0148995
d972dc3dfccf2a48a6384e54,825688210.5014765
7cc8772ebde8902f55e14b44,579850753.8282416
deda3ad684384ed67711ae71,501563230.4441925
b288c52e4d0fab9f579122a0,542384427.02361
0bc16b384acd3f8263e386de,642651806.7495763
b40d1d2b7c1db9cc57c65fce,838591620.7029948
c2580329ee6d7a03925725aa,769792847.4764498
7e73516d57a251061b3916e0,988170094.1104225
7749f3bcfa8339444b0a8b7e,549947042.8866669
557e40fdc93c1824b0bed769,549947042.8866669
edbb5db63dbd0452c51047a0,680976475.5542663
383af3a5794a0ec3efe78b2f,631940341.3607019
90ae7af091c23957b88de5e9,698788631.2554107
b1d9704dd39c6cef28ae3d17,600593087.032195
44916ca9b874075f55949f87,591028999.9720132
0515734883eea12cdacb7aab,515222610.65468943
faf9f8aa50d936c1465e880c,883724002.9153361
f37c9693e058492ec3715de9,660446595.1289153
562c7846b05072561d96698d,675741415.8424119
4a629aaf60a113402834c042,828656100.8121251
ccc4e48073c3da10a2e2d08a,656428215.7043759
8532c64eaed74b64b4d4707c,606491747.1589803
528a96aa31409c32bc9f1f63,872195324.2475736
36fd9fc1f1d9b2e10c1c6463,483336987.9980494
91561030d87ff5bc0a497f1d,645548952.5334231
eb09010915ee68091d6675d4,606002941.1963214
56c41a58ed5b9864b68fc910,473003780.0870518
bf6005f6f71da582a6fab8c7,631023179.7119104
86ee80cbe81724e6919bdb73,494431747.3449223
0caa7856aca178f826fe90c4,733354208.8479497
9e41f25cf2e77f3fbe903368,824954302.2339886
019f4a25794ef01294845b51,628714394.6150957
d6fc6059bba177ab56d85ec6,793092870.3774216
436089e2bf605d00849691e8,716875050.9469776
02a9c37b3d92a6da473c6fbc,500840969.38288134
bde81ef5ff9edabfc7e30d10,793672970.52709794
379fcab709c66fa146d3491f,783991865.5198997
28ac1562ebb5050f1492f576,699196617.9289318
e68f5a98070efada9b5538ee,539939708.7940422
80aef024b0ecebb01913504d,437637751.8999042
f45161bb79292e974dc88b5c,368175012.4617299
6de3c3d53d6aee18ccdee958,530476118.56948334
5f2f7596a284915ebdb81a35,383782641.4943081
291fc50c4ffe7935b01e5d9c,410450071.875287
42ac33321bb1920fe2a78036,559727645.6381392
c8e00b4dcfa2d05d6a7fde26,789878148.3393637
5c0e328a04f881674ae1046e,749346783.7667537
c28cb417dd28fe4d4d41d114,607587551.901171
8e160f094a0425aca23f04ac,810415772.1422344
a8944be7383b5689b5039c87,844408257.5584773
cb7ed5960f325114bd3489c3,747019899.7677889
275d73c7dc0fda7cbecfea89,693039962.4194698
85c24df2d836cc8addd9b7b0,677497408.2045851
0fa87864632b7bbbd161f879,446638110.91863894
c7f422224808e043753683f8,1106987678.5125384
c51d1eff1b6d29b4164df520,1068608161.8631697
b50e8c13de383e64711193f5,473522445.2992181
1308dad458274c698b2fec72,473522445.2992181
6a1024c5da689de67bdfa274,711966763.4335015
6e426f60d25aa8a4c6f8c9e9,481252218.94193447
b80f3a46440daae51308d459,756581912.2980388
f59ed9b8ef1726f1a55a4dc3,449517816.7409002
368eddd8b6d39bcc7124a41e,575922498.6487559
391cfff759030283411dfe1a,490930999.9531682
4f140229175de685a0999773,416166275.3249873
cd365053914fcde97b7ee9a8,669888981.7428602
16a05fee8dfbe78d26664c3a,641576874.4475963
c462f0736fdefd319cee232e,860552399.1201063
b419d977b283e33c0b3da86b,746835781.1680704
6eb27e2a66d08a8a60567272,962345601.7422808
7486ef139d41d91423317e0e,700697762.9007899
e663064dd77e3c63ab9222af,854831449.2681417
9a6849637f1b8332ab289e27,1213840970.7456205
498de85ba30cb01e9c686081,817908411.282097
3507f260c3c6e195fc444533,733055580.9998767
e538d52c9b2dc994491be3db,333390282.76907766
f016ba59a64f287099fc4af4,603713350.092406
380ae516dd46442f97acfe14,845049128.686119
c97e4d7e08db3171290e939c,799654946.7423558
f7847aaf1491103fd931aa5b,748458843.1796943
08f6bf438980d55b35ce7537,748458843.1796943
a6a06973b5a4c990d5873b7c,641068769.1451945
6e26918c69487a735a639c1c,864836559.6137111
cfbc690c55e5c2bd8dd9d89d,747935611.7974229
56fe5c13f11813b82dfb04f8,752684216.9095142
296f0158b5cc1541cfc8419e,811762636.421193
6ed2970ed02a3e50ac984aa1,808253255.0518501
4c9f3af11fa91e729384580c,704535956.1146117
2ce779caef0637db97954912,649912617.6894009
d743892816160218a63dcd35,728305976.2593348
758efd6f99db309c67cefb12,469660448.6633821
a4146ec09d782b08e8198e11,860184571.1064631
f415c2bc1bc0fdca091285cf,1066245577.0751866
39ef4fb2a43fa3bba15a0b16,878618404.8705939
874ee4f1b9c6dfd3d2358834,1050457536.8927976
e9d514f90ebff0de1936d09c,671998390.3974619
9f15c77d67021f349714806c,741134139.0451226
a600ed86cff36e636d204f39,657954335.1168668
58f55e9bf743e2e3ad43c274,609908768.6340505
af1aeb2ba89d29973f73511c,698304426.1414288
bee721e93b8d8e7cb37dc992,697156864.3789039
bd52dc8dc5398e5ca2952473,380732351.4808195
b71095bf5e80bcefafb12d52,484684592.0187833
a7f48fbdf807da68594e9ae0,618485593.5815237
50de04936770f874e1eb86c2,558034945.8304642
2ea47ef8f02712c32613fbd1,636032612.9837716
27eaac0ebf8a5ee99d143218,672610376.7202208
ee594b6bb0751dab39055b3e,461603114.0977318
eba0410242fa1e8dea90b194,732862173.4845327
a619d30d6f2e2aa3b9613c04,368175012.4617299
df58a4244134d3493f3c9f30,616386459.8435221
32dd96f4f07f67806146ec46,744526560.3692535
a77ef77ffa731e8980d36b27,693941918.6813357
a2a1665a693852185673f6c1,762684811.9059592
8267eeb41ed1e68144301a3f,715052007.5747212
887ba6b287a8b3ccdd5691b5,742014654.9715395
1fc94e9dec93d52e0062e07e,717447734.2705795
ffd3d51ecc85abff64258e1c,630368840.947127
3eb79541c2ce9413d2c54736,632931815.8067033
fcefb2186b13c8bc39b17915,699689297.70815
d4a43654382201db5d318dca,898335006.7616583
15fbd295328ad698d3c76aec,820831307.8859456
7f5e87fbb4952caa0cb658e2,708508771.8324517
9d348aa70957592dbc56ef32,742836893.132034
2ac1105447a71f68a50105d1,745005099.9991828
d8ba9eb448ce35ed404e68e3,906789370.7802935
21d42e80f6f818eed990bfc7,759236499.5096513
81c890b0d7cf787a091d4081,759347391.6969568
518858c561af5c13c8aef9f9,890946354.8209766
01cda25ee8545b9fe19717ed,870755867.3848304
2c34c1e1655e87ada03f411a,955517901.2627668
48f9e9a87e7fc0a678460e05,865120075.2649121
76ae7be5da1785c37736fdb8,1069323360.9303899
3918fa99179953461fe07f2a,1041677922.4597896
305080502cba05a1c165560b,687288782.9017385
5c3aaf3f75d6d3ae9b55cee6,540441621.8394095
2ab263b5d1ba72fa562d64e6,530264937.0764617
6d13129db564ad15e69fd534,699689297.70815
7de7a2a651273df62aa6a21c,762684811.9059592
59f9cc9b23cdea5bd4cc3ae9,811547868.614505
d4436ad417941fde0aed2818,699689297.70815
80ab8d9f157c25b40f102854,742836893.132034
06ca01d3ff86406e896b6fa6,782603073.6717713
88f36882dae9a0487383b769,540441621.8394095
da474e23f34cb63de4ef28a4,742836893.132034
04f968f1873a655fde8702f6,404106020.33698934
1dc1a51628b8eb1bba214498,455776601.16910553
e7cb4cf600b9d931eb295c71,469204369.3056884
9052c644813d546987a72305,507605996.4118754
1e32a8825a7ea79c28e27a8d,483208210.31966573
82f34c2a6644c4cb0649c44b,654097518.4646953
95815bf7c79e4bff3f41b233,737925351.5834289
f64f642775ed2c9f45aff215,789325573.6103362
4cac81eebdeb45eb0e8aa5fe,788986701.8046753
c6da2874d2dfbb2ebab542bf,902266144.4427383
e7c08555cb8f5c7d0f32fdda,496638419.81933564
10b7c99bee9a4a21e1f32d50,705591371.4795539
f21625fb82740d6f4cf1c325,362881662.6949005
1c3236613cf95c84c5791bdb,527852358.790837
b11c3a4642f7eee2e443eb32,814720183.0549737
cd08976dc2d69110375f8541,537654225.9735879
a44c7ace8ab50de7ed8e5a66,381572843.7684993
fa8f13da6d8be3bc1f05fcee,420551935.505209
77bd7837b02bd8f2c290c9f8,275280025.77152795
11a79681fb0a3f6eedf11d1f,663099840.7941518
70c3b086af66b0c9db4b0b96,663099840.7941518
64ea18085495f759116f62c9,689659898.5456206
ebf4bda17341de806444ba83,750397791.7569938
54228579fd8812c3ea160341,832350587.330413
dae0265a0f2f79d3dc010ac8,837228335.528253
7340afa659775cc18d83aa4a,717938118.4785335
5ba05f67a77cebe5cda31e74,728620449.697572
33dfb510aae260ccefa4d349,882323161.4217684
82af190e32398942775056d5,837228335.528253
a9b9263f6aafe8531f3dadca,784352382.5685996
9a38e7293e9ad7d8462eeaf7,1101501949.7291033
5852773a80f7f1b929c7dabc,1259996296.9883034
52fbef3effd854b0ad0f62b1,1066023544.7528721
0016e35cfd881ee2e37b49b3,596179694.6263914
380759598c614cbe10ae4bfc,801146657.6189824
fb63e870ceb7ff355299f3da,660129074.9595652
285b8cb5e9c887794ed2fd1b,645289046.9673854
f003a46a1c8e04da0052d72f,570462298.9003549
a731b326a61043070c3c853b,600268367.5390949
d2644b46136fd95c0fc2353d,669148476.127566
8248697f70c21fa361840755,956142041.3105369
075b5c16441d9d67cf638386,540926414.0452509
6bb2ac0cf2369cd8fd85bc12,708828181.0540031
2c0b3d69fca6677ba9e95327,712799644.429427
c73ffac843c155f24985e6f6,647428055.166015
78b57a58368ab056c11bb0dc,778530964.8950462
90b25b6b913c1bf0396c149a,516705636.80899215
fa29c89363ac9cb59667a43d,778530964.8950462
eba756e88209c420d288c4be,608703604.5101901
e7081fb59ffa298320321633,748535219.6372397
db1c3ece26da7b342eb7c8a5,778530964.8950462
f9ef8fcf24d28ce11e71d758,707398134.9779291
2f854c9df6212c39091bcf28,721299297.780183
ccc66d77e5f68779b1c016db,737535444.3620104
47d288f8f9227013424d6976,360378901.58970124
3e891afdcb568befebd66fe4,609233268.3294153
2d1f036c96e92d9c557605cb,593625115.6815603
dd9d63c612aaddbd86676c34,576161164.3054284
13cf784fb3553f75acf25a4b,593625115.6815603
57dd353ac00d0e99abdb3733,1153759683.6093786
ed0051ae106fd0df60a14586,793472712.2858212
0997324f14c5823413463546,1164135682.6414177
e2cdca1756b1635dd1ac2b2c,691822251.9094927
7700df9486a1684157527739,747348732.3080988
e790b21630ab963a65c53df0,748522344.5227606
2bbbd9878a1e7c55bdacb330,538085531.7448735
decb25b7fdc0eb259831cc71,716435348.094409
fdbc74fb5882051327b3caf8,735672635.6697155
39dee9b1661292cdda6c4823,697090040.6162062
354e2de1e3a81a63e7fae4bf,773437311.8449368
f80b9e8c51cd71c5be281652,307997366.28035694
a96b19e82d9811d5de1ed0e6,335506867.21336836
5e5ca2753a908aa1b7fe80a2,646080359.1299081
495b6e61d1b887f8b4c1bcbf,459267086.1769519
ad8ac9edabcf2d4b06ba9fc1,690793135.5286183
359f6a66a407e30b40979d2c,775028897.592743
ad351bb6437583ec871b1739,696677026.8640498
262b1c8ce7db2b4aca2400a1,853147333.481663
6808b10f5876ca36f569a4b8,924491795.1555378
54c74b36962edcc922573792,531545369.60964537
e7fc4e6b1fdb38ffe68fb680,795774411.0251184
1c9325df5599379a73e18053,808514991.1475952
8c9bf9031bd378c1105e3f3e,673961133.2725973
be70989d473cd731f6d8e580,680022834.1135397
46136f5f078dd31170c58e64,729358637.4533418
7055f85f7749c4646577a51a,406799993.6321792
861aa922b483f9bf7884dac5,428581883.22798675
45f18e0bb676d2495a227dfb,379965650.79063535
9cca7c1e9ff65766c8dd2e29,358767199.268579
b2b7020e66872c8d83468cec,469940220.2097383
7634d7acd4197594271c84d5,465650801.3890101
11ffdf367d817b582d590db7,585552587.0652705
103687e73b0528ec29725f1e,479459698.72549444
8b5369b126b75c497b1a7b73,600809054.7555685
b33c9b03cc12a253e4936cc3,624253182.8873997
ab177c5d60492f2ff087708a,425405367.5562857
05bbd028f30492fc0a9f35d0,600809054.7555685
2b9fd26383758104d567d474,600809054.7555685
4addcabbe23020d3d0d46ac6,600809054.7555685
d93ba0c32244c455e0f7baf4,600809054.7555685
92b772a38d5e38bb51a3f621,787275297.3387456
135ca1dc80ae4d9993ec46f5,623241021.8111296
ed5192bd8038c77ed2e46f0c,584504289.0038615
3a878d44356885ea61bd882b,600809054.7555685
c29c69bc6758d5976024e455,656744536.3737448
dc486a3d7e9e2e608ab2a7b0,600809054.7555685
1a34acf8e509659534a56b63,687862302.5207857
5716ed7d678cc2575397174d,350148026.1836194
444c68a7a6cd0b794768d5af,695337973.7999593
8a724286cf661794084aa87a,755065912.1639479
ff9c4796bc3ef18ae7bb724e,733378028.0592271
35984f749eeb84eaf938bb08,690224713.7704313
0998999f12dfdd50c597c6c1,820089014.4103565
58bc65fd2e0e4430fb353d83,621423242.6679097
fe483817d899e0044abc3787,640754323.7816105
183a8459fa248605b8b5bc1c,649053662.2365686
a1f0d61cef676fbf798b5473,637159121.6849382
d7d3cd587d291f389ba2e8d1,565853453.7302023
ff8e7294270343a00978dbc2,669381154.905839
0996cb112fc3919564e87c37,640718625.4089346
f183e3651c485e0001e64880,856219892.5175495
e28474959994ea9c0c2eeac6,827392384.8757206
682c0a5f5f3130a61b5214d8,810427983.2507061
245663c600727f7c214063c9,638426483.2186342
dea79d1b25bb9c78d331e3e6,545183534.1521568
ba212b5f12959e34b4887315,639804962.7030973
dd4eb14b56cb00130955d021,1012736142.0174762
4c94103d4366bcaaee4b550f,765024282.9694782
7bd9cefba3f5dab498ef926c,1134735280.1462708
1d7a2572b466070f08c6e564,712561981.2450081
a38e7af984a471331b2d758c,807492283.3952318
b6775aefafa4dcc161eaf6d5,846659800.9020069
8654295684292e74d0245238,545702256.9393603
f0ae62ce6eebc4d07415c48d,876280585.5218387
969219d7b193ac92e7a008ec,696721085.1683831
651d6af0968fc05584cb3d25,700766568.1700289
4f992c2a0526c0074bbcd875,512267641.289949
9536c686b6ec514d92493f9b,677842415.0913643
5384587ecbf956275d86e60a,329992087.64418733
bab5690da7c42909464cb9a2,652213903.3577733
bc91072d808fe7b43e972f42,311676803.95412415
37cf2c5c1c6fb6e601d2f76e,405408064.7615562
4cdaece5d1dd4e089a99f47b,513490737.9876288
b37af80bba5adc197cb51649,437535517.5856571
552152b60bdc1ca16d2dbb71,561980668.9673508
32354bff9df0267a5e139156,701997648.8034972
fe4a6d7d7ed28b85c5816fa2,939134480.4704084
afbc7773755043a40a7f9d6f,781647186.5965048
daf2efda70c6f3cd9257d0dc,512266013.7264604
66fa7c9e82a2876216b14b1e,639870066.3372087
e34517b1563d829104e230b4,310314277.4004557
222a35842b0bc09f48e1d0cf,697868586.6484601
c5a64fe5ed5901734d98a22b,569594478.8537256
05db9fc492801eac98f69c7e,442435596.7907688
6e4ce81e713a571601d861a2,547143126.7113128
79fe5105ed7a7861d3c0187c,296871647.0942192
70ea911907d320da1f7f9c41,541623630.5005862
e60024d6e0b5aa52e27a3b5a,674186780.0054302
bb63f086543cde77832bd4ed,674186780.0054302
b3c2187fa96006fecc6b8ba0,343777644.51327705
9499edd83df77bd6a90560c8,343777644.51327705
a947158782fe2832cea53040,732813861.3672026
2e1608b8c646a102e27df16b,610283745.6173294
77fbf1f0c35c1025ea4803e3,633682922.3547213
f9e6a759b069e04b0cbf0182,733242045.6503836
1e158f436f2a4caedd1563a2,674901822.1409141
67af004f80b08fae38f472eb,506070227.126972
386ee01c3f7bd8bdb91181ad,909696877.9966601
36ffb5566bc35fbce9e42679,445588371.6156578
b58533a6850620b0960db713,513666540.3661369
41353584f956b9e316c6c67d,644005314.451963
b1d1bc7ea83d5c584988b95c,531368642.8138102
6b1c0866e6f12f7fa8de94b2,675518859.6752157
fa4fd8380dd2620c672facc5,659410068.2224523
44394e66504a4d77587ee105,708874549.9619088
d841d6a82425710e36460f64,713334318.8405663
33501f96ba3b02da073d586d,421435123.48403615
831693b6fb81df1359e45db7,541729576.095073
7192b9d32e4ad55f6af9e241,639979796.5752608
4f99b97100d003ba3a2ecd46,628377566.3303108
83d969bfc020aea27d2b829b,675423161.287086
39be6f994f2cd3d68b51126c,602964998.112766
712f16cf2506710d7f2a2e8d,642799145.3068757
7ba618fdb1fe8694eaecb64f,582835696.2474016
d8735967c942d1a7b0cff7c6,724123368.4339415
b4ef40e00d089a35d750888a,747113268.2404299
7d73a548c2a29ef2d9655e1d,427345457.3830158
63131b8d125073c7dfec72f2,939662959.2072831
a65655a4f42564ac48bdffa4,775280524.9536693
033d3f8ff56907db4c453700,731866746.024939
05e8878bcb68d03e3b656eb3,758503613.334641
2ff0775d2c131d19804f2a2e,815165739.6201485
9957ccd807718945178bb847,853415513.2986084
7bcfd82ced5d6f1ae390d388,446072907.516688
adcc03f332b427be46f118a5,700537540.3077624
b5dd038cf35169bfd0e62eb7,859983684.865881
35b789e1d63f8f25980d21a1,759236499.5096513
c9a215f284e095850c809425,686185901.6086154
d26efb0e1213e19c378edfbd,711424357.8709064
9990217fa4eae1d1c4ed051a,920188668.860608
2e9390c4423db604e1c7c4ec,609996102.8590711
6faf9b6c30b176e36f2f1d32,736141558.8949504
5b83d91f4d6364d3e4be1428,649912617.6894009
0d9616f0ac8b0c2e9e0a97a3,472373533.55436736
9c9fd309cfb505b628f84fab,851645432.884324
98b77fc0888335702d082f8b,645061631.4001771
051d68945b95562009d4029c,645061631.4001771
eb8021804e63016fd934c9b2,683428417.2821372
ed6c8c45bc8c1d160cf0d0eb,800757191.030732
9fc8c3523883947769b2fe6c,907389679.3237727
3e9cdf767389ee551b5349a3,523770826.7274866
512effa47a1c7a5420bdcd6e,274457318.59178007
0768e70fbda0e09b88c1548a,444298276.11944157
acfa7a1cb136e4474b7efe32,679252882.4821293
a343e6ec6eadb287711d3834,625484863.8070774
a698d80ede6cf6243fd9ed99,897310183.2278943
fa5c81237a94f2f78f05977d,685148141.258511
999c8da7dbed7412dcbafb70,771354517.8995079
c33613eff66948d1bb8ea3bc,541170858.9171346
a642351076b7706a733dc52f,565385503.6870153
c69e08214cb1fbc09ced0971,417795691.0293966
48a20e676a060954308c9ecf,552009490.1863648
304ce5835e685778b1c2b6a1,755863787.527695
c859144477dcaacbc1654a8c,750661780.266279
98865eb2f40b8a30893cd351,754651377.890351
68dd15c8e9b71171348ea24b,1227549318.8795362
3c660885ddd7e98ba5ea26a1,1557627954.510355
c670315562766401f92913d0,309502972.8982024
777a8d05edda0a335d89e90d,710142064.0751157
81f5c32a2c2d3b32329a645b,486002105.3663881
40525fc425906c9485f1ddfc,434611047.1678682
8b6efcdb553f6e936bd90f3e,637364098.9579333
94dc108f1d146641b221cb81,482523374.6976657
1034ee7a5160fecdb5e8c27c,618634084.8893425
48b34600046c903f0ae4e6d1,908687379.1435169
edca31377b4f7299f8b45187,1083960383.870182
b1586cdf68f36926c3bf72a2,369357600.66045314
70b15c2a38c404e62ad05171,396629048.38664657
ce18358366157fa869bf3833,838340574.8680137
6883fb90099426e6f3922909,583987271.9599637
1b7151cf29b565b2f1caa559,905382698.132468
f2ec3a3598c99bb8c38cd680,398998092.3718865
38026eb43ff9876cd5767ac3,484833433.75224745
9f68ff98e302ab06df4fc672,580281640.7740017
2d2ee255ed2144b9fa1fcc39,642363263.8535906
029224b78e8f358aa9c38e94,358435981.61358607
88da5851280dbe750968c565,570877742.3952502
1c67456195075a051513b28c,378568497.6221934
9741ff1b895a038c32205784,761578226.2329931
75fdbee42ec89d428143066c,366130716.4780256
9f27627b9e439fce085cb01c,645856462.5434684
a4a4a57cf20ad739291aafcb,721505824.3994898
84a074517742e09a7eb6f320,529320757.89792144
28fd0437736c1b17c7ea1f33,732281688.327407
beadf1de0732143f0699895d,629768786.7264682
b027f75411dce9c742c5d0f1,776446839.9492844
182077fd9c5142d503309490,687275583.6436263
b1df92683a593edc3f2b45ad,532436979.69417447
38cbcd7f88c1520fa083af9a,674177928.4626104
8ab5eda5b66a6c2becffad29,679654743.5340564
e68ceeb098f60054c19fda0e,681314247.6343092
e6ac4d158437142c15bbd4d9,867871934.5531254
a448d8246781ae78dae61619,627303284.9886565
4e878e99ad2fc34400381c3d,594806946.330304
beaa09cb49a98e8025fd7e8a,471502145.19694304
3df855d8893dbc62eabd95c6,665976304.2618446
cbfc3ca911ca23517da8c2d0,846809945.6672354
a020e479dc5db78794a5fa77,869824199.8619012
6247fb0e5261d4225f6c9f1e,805274706.1811738
93822a34ec8dcf104e7f49c4,654602426.0402213
17d311554f40ae8b40234c31,669778247.5167301
762e044ce9371d7b8c7acb6f,849699198.3705149
2fad468e1c248f40ee3586ad,802013671.9557314
fc25df25f4151a16cf0c90f8,756073172.4952573
39c1613acc0ba4fe622c1f31,713981500.1543322
2c15a0733cdb932ba8f2225f,770642609.9943405
1db68ed64501f35c51d74c5c,808932232.0871837
1d968cecf268a7f14def1af7,916626374.0518837
77c886207faa6965238b152c,396908829.30442846
86242b25bcb2dd775d25191a,549669381.5139093
a8b457cf82926e25cd862af1,733938032.0799671
fec1212eae4e6369d5555d8c,840271879.404203
8f59ec48e38092ab01c23e33,806820247.1967946
490b89e972abd7e64b5ba6c2,708874549.9619088
f8f217756d32f31faa784c2f,745058590.7123051
1c2ec62e8ebba12c6146a04c,583811015.1180383
2afa1699af46ad8124f76e4e,687123756.2100605
8c1695c9a31de0f956e4ccdc,541367976.5945057
d88bba495701ae7a44eecc64,983089199.2743006
00571815d5a7f208eb3e7737,1049843179.4553307
d626a635ee75c23aee2fb327,1004651164.9923347
7e3937cfe43dc906983fd321,763732509.7228656
ddd8906ea4a22b782c7888bd,757202971.6109163
258abe0fc321f6b24d37ad86,413363163.73122716
f637a4885488bbd499199148,757815879.3939779
97f5e6ee143998e0b3fc97c0,596179694.6263914
be4b96920e3aa5c57baa13b3,238170479.77112105
6e7f3a0cb6246f13656fc95c,918564319.8323287
0cdcd8cd52bd1967dab88a5f,551345806.9799596
83da19e7fbbca11083090574,512363467.3045271
f0cb484eb3f6e04b5b1806ab,707759558.3684974
fbf8b0f1159e89428778c847,503232715.50121754
7c316b981173919b6cae5516,642742637.7379581
d6496a3215daad9089fcd5c6,1066023544.7528721
e104567c1cc70000692f502c,750532038.6188419
c4476befe0002dcd0c315993,568107956.6768639
3008e821640b33a8d70beec9,721544856.7438221
9eaaf577807d86ab64fb14ae,365882119.80843484
9db120a76af04028d2f0ce68,212221742.98642358
81e1f8b1c0e3b15f2ebfd84a,580085471.0998237
9943a2530009f62cab6b466f,575642181.5672455
a8052c48a500926214eb2e1e,358435981.61358607
3335313b9060ff29782906b6,605658804.1321051
cb93bf58a01eb262cb003061,679654743.5340564
0e04f84529d92f2832ef986f,400780605.3842461
807d7f5155bd299afbb6491f,665976304.2618446
76558d67def95bc708039f05,746486486.6024991
bb19983466b1a1184ee7ea1c,724123368.4339415
34067d9b2b4e45be1e5cfa32,438263102.9207668
1c4fab7d9cf798617fa90a19,645548952.5334231
b4d610e0ecfe007c133a5ea4,686988653.2528262
ffbedc0873b99654d10188a3,343764683.14032054
ac413fd87de33153899a1d04,710243910.4761573
83349bba5fbddbfa2db5078a,739336815.3359548
0a759932f763df64a463ac18,714588745.8546898
fd9ebf37acdbb0e4bffd2fb3,472470654.33007985
f725f6ebcc3fdeed22bee385,506414977.85879844
ceee9fd6e692196b960443d8,472470654.33007985
bc10eea54e4a1767881a2391,733757982.1086111
4ed5718470ffa3e5b5f40bae,472470654.33007985
debd031585e9527fe00f116d,859356640.3250352
23b5f2af5d39edd25db6a522,879499531.267917
f51000446ab65417942e535d,616604255.6961027
e6ed64435c659f236cf213a8,439778714.91487765
b160d30961ddd3dac16184b8,580078295.2540942
0cad79296edb4b18582dd77c,754361725.558752
7bbf8e16cc32dec423afa6b3,732281688.327407
acf98212eb702c79f16bb058,643419493.3668851
1747dd033c2c2769974a06af,703943456.1958535
d54e80ee72354c70cb84323a,703943456.1958535
de901d3433ade456e9edcd79,703943456.1958535
3fea10126c0c651f02de7167,703943456.1958535
f823f6d95b4340e8e4dd0d57,703943456.1958535
ff6fa86afbf9da2aa8eb7991,703943456.1958535
a966f298e8d4d3d580a72d99,703943456.1958535
5b0918cab84af6fa6c464037,687644293.994715
bb1ece5366ebb2ef9d52708d,334953502.4492992
fa926bec03068764c8545d41,654491249.9557381
3bb987adb4ff573ef09b8c12,626654857.6069117
d7fb188814d4c118ccd83989,384031129.7114023
ba511b37b4bda08d191c68da,508954395.1679904
3c2f62f464aa5c48c470bff2,659749810.5133504
3256c6c6f30aea9cc79b7283,662124428.411301
9844c3773f7a50c71f218e99,961738190.8337017
23229e392dbd8fd9d80637da,852169976.2450774
e0f47a028df2dbe9129cde7d,898660110.1795815
a12f0f00148e564ef78838c5,894407681.9076573
d3ace27450b980262ba9bf76,1242491356.3555515
0668a4a4521c783a2d817413,714706022.1444955
768f69f0241fe339b6f52fa2,704804299.502449
e78ef4d2b165a8e8781c258d,575748157.734894
631ecfa47fe167bfaaa967e5,412864907.50429094
954e3065b1e8b31a68f6d4be,878179581.309104
e81c5c1b820636f691e5c5cc,584389684.4372926
b4c779732e827ab2fec8e8eb,746817464.2479023
b58208759ce1402501f68906,621973307.1194254
59805e5f4080246ac1d92b34,771881216.2257609
a3fd38336516b98117e328b7,911468999.7062591
c0bf06891690188e17ceeb8a,635362105.4425653
efc8ccaeb09a5e1bb0bfe011,533415453.6669086
8e604d41e0cfe9c93ad536d8,936696752.2759598
f770b66579bf2b55a714c43a,734881707.865012
4e01f07ee4b1241360de460e,952959211.8848354
dba1be42bef913f35a95735b,601756917.1412406
d839ca90c5df85e5cab54ea1,601209705.4433451
ffaca67ff9f0d7cbd5bbd295,998204244.7984684
6f17875bd3ecf00566dd5c1b,774627539.4449744
10d01825744060a7b777ee4e,550759661.0207961
185b333862e7420f25622efa,834506744.2215383
7f7141f5e1a7964ac6dc688e,930710904.5801952
adae78b82caeb073d84f02ee,740654542.4505316
4c0f9275581b5572635613a1,555125284.9836582
9d6810aa1035e91b72de6a26,517429073.0638191
069798704327652a899a189d,534851877.9334881
2f34de2546f13e8a9dee1edf,642838021.3850192
8147da5e5f53a163443e8506,641836154.7493534
6834b61ee23cf04daf4fb83e,890946354.8209766
59cbc0e7dc6e6922feffab8f,558793991.3718859
7cfe5c3f5cb1bf095eb2c503,714245463.5385506
d916219daa90cd2d99edc609,666618695.4754413
e78ad3483c5aa5a7a4310720,576272519.4322958
d048fdc255a5a7f474d48c0a,738455399.2613037
b76a3fe6a49dcae6e6bf5815,705323812.0775995
75fa60dfb737ad50073848f2,727532705.8944881
83c1d0e2b8826844416abd9b,611542840.0157682
8c02948b66db263420c20d3d,827612689.2711875
33ab442cf58cfaa33eefb6dd,247386615.98037505
d379dc03d78685ad14c647c0,533550581.03034705
5e36efb290bb265d81706bd4,608343337.6659758
db534a5f57e92d29b9e150cf,768519880.921347
5354a816a7da90e205448832,647822451.3498129
f0862f57dd6be5e7659c65ba,516069999.25030285
7d58eba13f418d890ef563da,616548129.5204198
c2fc3f04c3870e14b89d5fbb,760892097.4989772
15537000b6806ee84d4615bf,738455399.2613037
e82508e88e3f62fc8e67dc16,708182677.2061968
86ee57ce617b2be312a9efd6,764067018.6860896
6bcc29a0afc735bcf3621595,784352382.5685996
d79e2addf7c11180be222103,1002711529.7306943
adeadac88e573824f08efa21,608711510.4222103
922c37e46fe9e75e73fc1f35,582286958.4559681
5d09f2d1cc5fec761ac4372d,709921999.2284975
8c5aa3c826f325a9a6c6f524,709921999.2284975
fd0c010fa0c4b84dc75ede86,818318102.1472758
c23150d0aaaf932579561998,761084709.5548276
163405cd6248bc3e832dc93a,563730574.2679541
eed12d0c3e65e9989fc4f4bd,736855008.8504555
e6fd53315e92a55c6b67405f,705279158.8895264
7a3ec914a15b47726567af96,628463372.4545337
7f02f056d5eb4aff92b44659,500186021.44971734
2d5d9119602c228b333402a4,349949185.424675
43fefda5a3b0781578d9f2d3,578313855.8217812
513211d9f07fd6645711ae31,455776601.16910553
c3e1e0d2618556de7df13403,639461583.8882653
b4a4d705930d9afe896dff17,587878080.2242088
e44b023e39910ed29f4dde2d,801084085.5090541
4e78d095988a92642a1bd18c,560339062.9634857
92507b623f039b4ef5be8870,690366128.1986052
e216fba4bffe753a527ecd4c,595940921.3127121
24a4199c17f9c56f0b3ed12f,649130559.8904212
6bbf09c3bbc3e3a000cd2afb,588292569.9556148
b3d45812baa819caa1400255,739886156.1786543
2688e4cd1fd441d1da455504,624563231.6323584
5dc1fd6ec7ec8c8af71e3b6b,773803417.4113731
f7b7e298ca8fb75e11e92999,666284941.2122931
05b71daf88eff5ae8cf5789d,701865598.8493618
e8a7ddb4e5d43d156692326c,917221806.4505805
632820af2a0477aea5ccfa1e,694855480.0723765
43a3fbb8218e73b956ca50fe,810325721.3289123
398c195aa41ace34a16b0d7b,902742214.0172809
ef3887783a12f591198d6c27,593260460.8988242
e6653cc1c94306d4e56ba216,626713188.4334937
166c21ff83e97c6e74169d92,846643651.4171458
d0fccd2708fc7def00c72317,815847585.0995772
d66bd7e4bc7b51d23af57de2,804620348.2909377
8b47b76193159a21c3580a3f,837107921.9563996
448d159391c38e4ffcc405b4,489434237.11326766
9ce7fb3190866e6a02e01e26,537291899.9416081
c25f892c01420855f61c3dd9,424982852.4779465
2d5ccb12ebb6fc7d4ba462b0,552281856.4759023
9eb4041ed9e159ec0d890de6,425511767.54479706
c342f6492f90ccf623e8e8cf,524521938.1628788
c3a78d9bb10165d9be188394,752251037.357038
1978d8fc2031af21e98a4e9e,688360077.6489613
d6d581e852a025b61cffd6cc,796531672.7963275
ea28f68a1d1d81d29b88531d,575924187.2420621
a3cc0422a37512ae124013d8,731212466.1637106
073a3ae443f3333f0f526f7e,670491837.6845515
57238dca767ebf3a842c5f10,908181045.7299579
113887ac25fbff9d30fe8d35,628748732.9246908
fed1a50c562ffd7f30451adf,670450129.9917338
b1e9075645f4b374c7301346,630368840.947127
6517c1efabdea4c1f93078b7,353928199.82450956
b966fa606a3b50d3ac7249f6,1192149068.1582394
e0ad3e9588636f454e9e484d,725828020.8326573
d7ad46cde8eca723de6510d7,822808272.1688708
447f51e37fda773ab748814b,694050526.4076309
a6b992c9bf4eb32ab3d1df4e,470295630.7174023
3a9c7ec02f3e7e419669fee2,356569452.7645198
c908280d0461c3585af94d53,806229855.1759937
b3616a055e722e3720cca48c,750416357.612478
45a8f6d942533794501d775d,742069323.406978
b6da1db3aa02debd11e26edc,651052221.0956973
6d12669907d7d80d0b458a93,649319680.917009
5122b2e9638d3438434fc56b,1013701407.5006084
6367a127b452cfa27043f74f,781918063.5025568
fb3d29813052141c015669c2,811111957.7429006
5fb76f2095eb1a5cacc2524d,527689775.4606657
95632ec6578a204881694dc2,545864245.349484
846b75324c0f3cbb027387c3,743344065.1494266
940dd8311f2b49d4ec212fde,517516631.4599921
bd0261ab68cf56950ccdced9,599824129.5950167
f79f0c23b5cb96b5d022582c,658564914.1936518
795cd68f9a5ef45902712524,610943837.887208
d908973d90db91f772890c9e,269622407.0511526
d670be6c848b1e92abbf415d,368175012.4617299
87b940bd3dae37b9fdac5d4f,450542778.31482553
8a7ddcd0c452e7993bc5087b,459261772.1709032
8925e22f8511be30d50545cd,733378028.0592271
1342c307971094041c9c240b,735527140.4337486
385488342bff3d3587250c84,772897352.6209935
f8e25b7d7e93c45df1b3a4c5,1068608161.8631697
fa4f331f05b1488990a69ec8,1101501949.7291033
a71d187784b309d65cea0b14,1245879038.5376675
0f44b84024412099f27439a7,458934383.8968666
0ea1a5d32324d270cde1993a,728916889.2055361
b13cdf9314a34852e8db4221,595833531.7912781
75e0815e2ba7269a10d9786f,408321367.82013214
f42b6680baf774d27fdf1e48,561724686.2513037
5cde1a59393643d7ed4e909b,736963796.5293337
8736dfe0f1c6e2181b0ee31e,869585701.6908736
5859ec20de4a5036292ee947,768080622.3455203
1eee0ff52c53f04307cc3216,625663628.3451637
b455979bc938acd34a580eac,880445554.0980486
6921133528bd6fa3675ce8de,862883837.4687957
3d266736d0307404a5804073,554435617.3666106
f4f6e48b618064ced466c302,527534228.9472185
dcf606270a4612aafc5f9f29,550318331.5525204
5e455623c380290e0a8e4e48,566073947.1362754
ac3c9d9357fbe72959817602,533252962.90421176
f48fb9d9c42b0ebee72cfcaa,567643423.6631867
dc99f2871bc05ea7e8a97d72,880445554.0980486
b5cfd5eba0b6297cefd6d3d5,934073822.7935816
0dd30227247f145bae82f96c,768623243.8608783
9f347bf53e4ca4d264a45241,641576874.4475963
81406ce289219cdab015549d,806229855.1759937
a085fab6d9b9d8c24472cfb0,1013701407.5006084
1fce0e993a57a3e3873b8d7c,970519054.5536144
af67d51867f382dcd9cf34b0,922108971.971092
432f082ac51bb0d39ce45b0c,957264464.3503447
b6281efabdbff697d70925e6,1022559082.8921319
9215d29512b14aab6178da01,1213840970.7456205
6218a5d7267f02c576e5bf16,699490158.2333302
d66cca2c8e08c89af26e7622,699689297.70815
ad3b4ae81c322a9f91381bea,616124320.09064
3a40bebb521445fcd32cf033,833189639.725431
c1ca38f941200a9d666aaedc,532426360.0633238
a1da74ec074df16a1e8690b9,1362455642.649982
502154647e351af240615b98,643392569.308043
b57cd3eb0290984f061e1053,479464129.97115666
4db632fdebc000c9e64a589b,642799145.3068757
e380184391898aaa2d3dc540,708506792.0892202
dca45f1c1a79ea5ebe639920,793305715.9953003
961de1cc8601447b03682e1d,724629822.9721528
60a4f09c268e61fbbe423ff1,343777644.51327705
c3191b6b40191009ae9f4b7f,898522747.8820192
478ac408d2a5c603aa23cbd5,853447879.5014431
ecdb747ee4a3ebf958252309,474136260.5950417
6c36e346957e336a33a7708d,723506857.7045828
09b18e3f3cabb7d5469a8d51,878695122.0508883
f1a5856ba56e7b12cbb9459b,514449737.0054393
c378ef33f40f8be9263e517b,709297301.3178215
b45911f1875da543199e97b6,914360399.2747055
678c70903bcb6c90e3578d6f,783750552.3113474
be22ce55ba31cbf7cd285e5b,648543682.1366662
2dc58e6aab9399e9677265a6,972822757.009439
dae55582e86b1f514a4ec3bc,761175480.4108497
c119f62348e418d9ada13362,788905972.9134578
33510511ff07dc7354cca7e8,664996463.0276929
16b79a8af9d6376c73c2478e,856590174.0891564
714f90489426e80933ef31b3,528772697.21877056
6c8e1cda487c9841c8d297d4,668560801.4772849
6d9c4bf994147d8892d27f27,750397381.4668801
1b300634b71b898299c54671,632265908.956491
181caecd269e115cb5cfd75e,483103172.5357654
059516a91f938d2e8fbcca0b,650182432.7924353
c42ce8f9f62f7a315e028e3b,520794105.0846651
bc23e25cc246ced4731ce5f5,754557546.3656887
de44f54fd6b1b62f30956f5c,712532353.6467764
2ef897a38b95d7b769856e78,614985552.5950139
2280b5f7c47c3b36924b84a9,545244954.9145596
16ef7eaf29eab571e229e537,1142617197.7614799
48b1f800656bcae6a9e70802,579459850.0335575
b4aa025f8813a3f0b132b7e0,624095052.605187
3c6092e8458ee81aed0db0a3,602740370.8584527
d919dc64995903c9120eb61a,677548712.0817465
ef53741b01120666a08db213,763714664.614803
c3dc5ad23dc8cfce0671adde,679433899.9594175
a270fe47ba30ef0056ec6c4c,312845735.9622261
f550bc7ab5992a6fb48eb60a,920320049.1586534
28f980b3c741866e0db5b761,694762178.2433194
c2ebd39857dbbacb99e6cc96,669692384.1702034
bb9fa21902daecf876c0467f,935054189.4039853
fea142787b18327108ee8929,674020111.3696706
a1647603f732f97a99f5ec6e,906149588.1146268
775f25d8144580541bf2746b,581156765.8765738
527a8fb085995119f846a5d1,786102442.9049283
8b69bb9fd7f0f19a248f5cf3,664970461.9996322
3b14b48188fdbb0917414039,654491249.9557381
02259637b8ef1311c69d3d90,808404582.4546243
50eeed30ba674cb079689afb,532513462.04662794
5fc3634e1fcc96b9215a6cd9,773278846.4945544
23cc24e23a1d74159ff78464,796012415.846409
44551251fe345b31ed71aa5b,702335423.364843
82ad984f02ccda30bd60da8c,751365519.9393193
5734cd4805f5c055d36ec645,687103169.6048039
fc7ecefb27bbb5c3e25e899f,422871854.9302468
5ecbd5b92092264f4e9101bd,651257218.7585791
83a8d9df3a535fd273b27c15,1221548347.820815
d76fadda8063e44483aa024e,779208345.0151674
a15bf12a6b8749ac8f9de19c,437522807.29392195
a3f32d81f4cd99dc85a16bcb,630011890.3537375
4029115038a899d98dc93d3a,1102349114.859524
2326bb628b4a571921eb7345,681414521.885441
471d6fb8037049e1e4d120a7,868659281.7912896
b73945103f07da807f7a30dc,894407681.9076573
d6f4479f9226e52c93d70eca,523522154.52505434
420b03095062d9571144a276,863141372.5219594
ac0185c8f724ddd40bc0d235,548524640.6968812
228280554ba149e60f81d639,703315609.265176
8a44e15417d8e520a99454b2,462901719.1034454
8978ec4c5b2f02fbc1f57820,947872394.2559065
2ab88dcecdb565b6412f5bfa,642159527.4055855
1dd6f560c804c4548561cae6,959047950.9939641
90e94b7e392f84e01a5f1551,765832886.0338722
84aa7d1c2590f37f0fd6dca1,538201763.989155
0821fde7debf7cc445434024,531455039.61670554
b9973b07c84b99dd1018050d,478203950.67379165
169013bdcc2ef214e0163ccb,612002274.822019
3c8eaefb3f5dd8d4c9f5386c,715052007.5747212
42d91ed3f3615247f57ebecc,739438688.9368025
a7f1397df30d6521c216e331,830362113.488826
f6c6ee12e338b1f9730b6e2c,451059970.86293834
8f4687b666256e136148c3d0,785063131.0787631
925f83e20a153a1e094bc606,906700389.4052476
cd270a11dd8257648d1f0444,693280911.1165632
ab11db71265771ed4d9de64b,372102994.3648561
ec199e33b7557dd669fe1aa4,272548632.3775723
b47fe4670c6b065a9e1db429,440321252.004839
918947d51e52e0caf692f22f,570657528.2080487
070543b03770991d65cc337f,1027226339.6079538
f45dfcffe189327cb0d303f2,820725047.7212752
d2e7484c81358d4c79f040b7,719383279.4099362
73ff3a6b0cf4f7ffb244507b,844408257.5584773
b0cdf05097df437354564bc8,387607432.85155797
33ea5de5e8f5c639a213414d,1016040662.7432871
c94056bc09a4bea0e853cc41,647421991.3956145
6d5a91ae44cad7849dc4e969,767434687.1915784
b52e0738dec9d2f119c75a9c,525601104.3446377
0e35349077490a01f25e2ddb,899732157.1686743
9a5fdeb5f389590eb46e7aac,993770052.0510261
337c81be4cb14d494ca69db4,756628671.1028285
ff28f1a1ea72e21acb157f08,1030512923.0217428
e83ef75473fefbf8d7e52302,390622497.5812764
6d3e508ff42615eb78862723,518691639.0018804
3b7ddf527979726fb8aa1683,505835118.8991668
7b08cade91e2be20656ee856,518672089.4262757
59cb7abb39785d5263a156c3,798410435.8204134
bc48ec7245297b4cb85dca1c,646792257.4797891
0f366a36001c0766521b9dce,540735940.405937
6ea022e53741adac484c1798,890053112.972578
aebd6304298f84e7d440c379,1217776961.2558396
c5b333e454ed6e93ad32d96d,646337181.8664595
bcd31d201096351079cf7ce4,497862165.6305807
46cf5b18fd7bac0d3332d70a,672354099.1632282
1dcff645d389e7b687a498f2,679297767.2395705
cadbfbea1d03e6538af648e5,510574749.35427547
9dc0c6ef8389978be58daa59,896229022.0164231
fdc00f6ebd155e84a387878c,464061956.43487585
99c1b39476ee8e2ebfff6ffc,772028921.5846123
8930f231a5b9d8db14e9c656,707277532.4257581
2dee15f1b082bb986f8d9513,667935685.531494
346c734ce163296a07526a35,661005091.5861223
6079fb3769f843e99b47988a,628367524.9558395
f5802200af1d28eb48466c1d,625148150.808662
1f8068ab65469ba56a1f0c4a,625148150.808662
1ee45a731b6f0242b6d2936d,628367524.9558395
56b7a6da82134b135fb7de2d,755841454.0689918
340c4d762f830197fdaf0977,761695278.7473394
1bdc0d441e63089737ac4c27,483961349.58811986
b3d82ceeac64b64142286375,549795510.7582335
947421747f33db213e6b1326,585639870.9957745
bfdbb7aef98d4855d459ac94,695201375.4948007
80e88d50c151d5534a57f61c,820989904.6487231
d0f6e19e92c03b40a5aae3fa,1021110024.9243002
6e2a3e49dd6434ed01eb5e71,566141724.8373096
89e2d612654b3c792311faf7,631602164.1910031
29425249fed4a74ada083dc5,410256359.60875034
fe0182e1795e2b87eef4bf41,624140879.5172652
dc9cd30b760a1280e0318512,726861501.1370401
d22313a06e43b8ab8f6672fa,449744185.3547639
f91cc2e5edcbb704c293084a,991951482.9970381
dae776f643e809387148900f,1029715441.8517786
e55634fce84f78466095e730,502977764.44525707
a507a938532411f06c57ed8f,760584847.259554
30f3b383f2d5e4709c9304b1,741429193.4090552
aaa43db51d1ddea564d1bd2e,565311605.5559583
b3e76a0a1fcacd0218c17908,430223428.77467394
e548ef7a5650696c0e968cf3,848784322.184267
939afc1f6250d528b0be8e3a,739744662.7227246
405baee61afa4b08dc25e586,751623954.9308658
0c4781c598c06d538c5fcdf7,731052108.7093805
fc321e2d9b4e954e80805be2,758764573.5266689
dce18d258c352b7edc60c304,572246344.0827565
7b0a2bd964c04d01387d78de,819716701.8652972
43fd6b5cb01d05c9b1db0e65,766072801.2773492
cf0152b0a5e886e8291ef4a8,952755157.2231411
d05030b0eb8931161855450b,712791330.9734004
281ea3a3fab48c028721ee1d,817130678.8394849
4fcba82455866a6931590dec,726475081.848416
ecc5e3781d5e004ceef8cf76,1034517273.3569136
409cb370961c60bacbdf7416,272548632.3775723
54445913b2dc2d6ba35abc66,891056824.4743253
51a8c190ffb673d4fc27f4e1,584305062.6845474
80e7c6b194b3229e3e2b9aae,681481382.3419951
bbfc9b05caa647bd95b3c88f,598731686.9263136
128cb9247755abf5f2801431,521033595.3839997
ac180e846fda5cd7f1123f6d,797593200.4593831
1e7173670334937dc61243a1,955670494.9324559
c2555955d5175b31e5f783ac,668030985.9149812
d87bbd60fdb8b84a9fe23ba7,467816574.97411543
825012911321d636425cd0bb,1118874710.690241
54561e6ed5570577ea97eeeb,705263601.9559318
3a2a2df4f07902b04b809125,681374493.7245219
ea7e3ba584cc5ee45ff8ba7b,852621241.742593
25093735f186b70beb018317,609411231.044332
7fe1adc0a5873cbba4b021d1,1128446203.9829853
461749398bbd48d69b444d7b,444279496.1307794
eb8f668912b70fd554c8c723,662238445.2158595
e2f00293305c464b361b6178,438025075.674634
02a0a38b45e1b196165b0098,985519754.440548
0e6dc789744b678028e74d56,699558665.0517516
58954e79191c62ceb1ead100,831451675.726648
23aa0804aabdc61650b8562a,761084709.5548276
ef64565957b5278185b2429e,570215350.7040021
253725ec3d7939088faf71b7,474636763.8823581
a9683df184aa8b4ad5d0cc5a,787826690.4648277
3c38153bc36b364b92548965,657015445.6625973
286cdf6dfcd95ee9edf73a93,319085171.7862883
df93a6e36d9f19e252fa9de3,724932155.3229438
586fde402c82c1eb5a74d634,527798462.1549943
5fd3b0299c0d52e48195fbdc,486389767.8682088
06d33fff99a62c330ef2d585,574934848.893937
df98fd10dd8ae59956994521,473777554.15406793
361715cb422c5fcd9125d5e6,409080515.38276345
af68665ae8711d009e8810ff,676047856.2330544
63f3295df28c02953241e2a0,480812241.21154886
62d338c26b44153bb075b234,916374650.0670698
41a269c661f20e443a7a25f6,757881065.9477468
c5a8695b7aeba06e46266959,605704384.3545579
17e5796a30da5eaf310d02b4,519533317.2627253
69acab4a6f82ae943850b9ae,572146004.1300104
5fc3ffb33090bf75a81aad8b,644244941.435555
02d89daa77bb313328fe0c4e,503649580.13286096
6ad1fb94accb91bbc30449c4,574742209.5466253
a1cd215fa99b8776818d0b0b,365081850.149917
0553a3aa7d961ada6dfcd52d,537568912.2559296
c6ecbe7b57db2db74b0d788f,751453721.1906719
a4b23fbdbc7bbd45c5ebf80e,858472441.5775226
3bb15c6313ee70bf4d88f4e0,631765150.3298398
e05c52c9c8fcb792ace06b61,550380024.4914706
5fc77edb0e5bec0ed8e72a60,619431462.927519
85e15a0a63ffe482c68ec474,1066301647.0059807
859025f2f41efa521a74a00c,541099390.0098827
1672a21e6b2d8d0525df1759,453665490.8867249
7d4097722aad95158c51d24a,546852789.5183014
174fa597347f2b1d3e9016e3,763255952.8848349
3f081fb77ad08f8370569bf9,488031835.1689571
74cea4c9dc0e00dbbcff8b1d,858076308.3245547
4f5de1bc90694fedd216ef40,1069845371.6719245
8fa4be9ac1ef719dda1f96bf,379759509.70945305
3db3b80a902c10004cd3a3d5,1024391763.1895323
bf02fad806fde4e3575e75c7,659039084.1722276
edd2afd07fa1305fc3126078,401308699.49143326
bd5d2030639ef16370cca032,645653014.0245091
87e74ed42a2c8c97f7bdd239,885773114.1983473
d1c6037d0750bcfe47d425a5,488353387.03396475
763c9a528d0f99f34e5b0031,381159530.57591784
8b674605311d296990ec72e7,518159483.32342803
d7cc3d199e538258fcc83f75,532809879.09954214
ec6ffe86e9ece6fc03556ea5,482400893.7407545
9762ecd72557ad6728274e1d,690443416.4948934
49a2d111903c77053d44573f,530116498.3496768
d06ab7503c6deaf9cd405f66,1172508653.830237
23e7dd821ec2601ee2c6e353,1174592052.7197251
81519727c7ad9f60d2c5f224,810168015.3339858
a4a5b6a844c14b4eca92dc49,1064296128.1042591
7e647c5e0a7d95ce87cfc8fd,996800803.0692357
7a1bca1ed03e7cd0e277fb95,484893332.9256683
03eb8da7205428e61bfb2845,586721700.143922
82780776619be0eade3d72ef,454605943.2298801
4c03afca943c3f2484b8db6f,484893332.9256683
85d731901b48348f57932240,804372650.6275513
739de8928aab4ec77a1ecb0b,652727766.9721622
7f45d3809b08bb32a45139f8,539055294.7277529
cd14f8aa1613d754221c4735,682848356.4370064
537a9a2dd0ace0d0131722a1,787826690.4648277
2d4a781f969a4fa2a4f04a7a,756117875.4989202
e3676f99542f27c9037fca29,708270547.3450037
bb33aa4f1a7732fc8ef19039,394297160.7710127
9f11661702873852a3d65ed6,367778986.0067518
d7f22a4e6daa572583e02640,284876914.57429487
f6ce37c42fad91fce47758aa,374720433.24461645
f57cab248d2d832725d78135,584446360.0551945
9d73758bf7569cab4837e49c,627014592.9432923
322bad590ae06fb48f80c533,476325557.61042
5a7b67d4c79ecd83b7ab66e9,786458701.6914515
8dfd846e6df9a040ae1188b7,353775368.30216813
44a587fc89d6b6489157ff49,866136635.5367069
f9ce5b7edb104d4e8407a344,585006065.4725168
73786d11f1fa714aaa9f1f90,746963482.167261
cc72295ef156cb2d60d6b10f,942272670.9155759
c9851396352bfeb05fbd7580,1142248661.083403
b3561144c745ae3d329dfe1e,430310364.1351599
7ccaf332cf87e07b38b340d9,1102960168.1563842
d63fe229354bef8b02b4a934,771808849.2732799
2e0a8235637e98dfea862909,643258324.8537148
0a1b14f320e330b405b27a6b,885723906.1287532
db41266d7b500a6daead96cc,380899431.1743144
364b8b8759e3c408c4005021,681954949.4930338
73bcd7efb7a25587bb1c31ff,663591865.6192417
17060f24d81fe2661c7628c9,700066221.2255011
98318f22c00ab335d8aa23c0,721398158.2915268
c926feb307c493aea729001d,390589488.2608744
58d92e8a26589e37b7123716,677881572.9855618
54d11dce9374378326f7ac62,609100007.8284371
8e79eebcff019c3362a76a26,780563665.1649649
02cb957c3db9ded3691a9004,589799952.3385966
561689dc0f267cc5011ede3a,834930757.0973077
1533da89d388196f19e2c5a3,814720183.0549737
069ddc5d1f3c855e6498ac50,509101368.1645783
d3aee2a35856634eb710efa9,789552927.9916618
4bad966abb5e8c4121ec69fc,590147432.7480443
f059e39d22124eb9e7e8e20c,761379154.4066414
3360f48c1ec30dd1c3175101,464522597.61723655
2218c6bddc994984cdc6e567,549986765.3510753
c2a9b4b389ae6f20140e21eb,662591938.6299673
d135cfa351ed6abe4ec2033b,612002274.822019
668e5bdda1f4011578534f54,1083984683.1829505
d2aa3386ae240d7387424e07,632056834.9395642
e4f2ec7e2f4389c1efa52c0f,518731516.3144365
d4f90a6b73b1e179d3f8eb70,672912966.3088515
5738bc8873b341bf92ece0db,733458234.2267439
2906d21b1d96a1ec43bab50b,765220313.6051795
4e1bfbbd8689a95fc97fabdd,456763189.9084076
78410b0193dc989de2d24da3,778296823.9595681
fd7f194d9929a6f28ea57cf4,454387703.2951664
5e7ac1ffc0886c27471d1a54,770784992.1454637
879d9e3b4ef9063de41ddaed,596595999.4026657
4bf620c6c6d4c916bea70e81,666325084.8882785
573bf87f57db6e037aeb94b1,679032135.3514469
3ff7b739ce65f0b3066806ba,832655382.082266
a456f85bbae3f189ff424e8f,654667963.9681362
6683685692e955a8ff172c89,789519481.7215822
82e1ae440b386c7da3a580be,901618043.4732695
efd178c4aaf3fc9d05b8dbdb,443918359.35397387
55ea155410b001104518e992,440424346.1001786
32a10e550bf7095627d17da3,474970855.1488941
823124264778e5ed64d8664d,685212365.4864975
fb01d990afd25ef96ed048da,1227454734.8152547
df22426db407f4c660681c7f,494347017.2506768
44fab96fa2ea501e0b94548d,889658633.0907453
871204bd1b3505acfa632954,699045505.2969552
3d63320260d150d134fe8648,629635632.4353324
b8b9b90d5721a9ed5e72b328,582568453.7027402
926d12cfe05643554837664c,327990794.59727865
cfba6db03f0e38d1aa0802a7,635500076.4228519
97b12012ece8a740944aa547,683794420.5136303
8de317591cefdbc375a41483,686093204.3884048
46d34fc9a8edcc199a537b30,865285472.6821227
262e3b4091dfa6b71af020ea,981115033.4773653
396761edaa353e0828949bbb,515656575.832428
8c18d3417886c150136a03ba,368166041.4535251
f053d3918234bad409410755,629820027.513944
8f5444b81998e52ad76b3ddc,743049289.085987
0daf89cf494e0f40a94d3e5c,793001815.3536177
dd8c289ec872be3fe3352313,690612453.772572
f02f6c5b97b8e3cc5d5a74dd,653533854.8947222
5f39cf56c4e1bd43f61ecde4,643676667.1442485
5e187b07578d582ff3d8e189,721666198.8483974
bd018b302f732baecd085ff0,711090563.0565403
674cccf4c7772d6091166aae,957755848.8104658
38e84c560b0455548ce186e4,602699704.6959876
d14173913bf5ed21e3ab50fb,463203342.64079505
cb8844cf2070d8697bcccf27,366289214.0845816
6b44648a905e7f4c0de6c855,431095712.7854744
148aedc984c7f6831c7f9601,436665839.2331277
ff9d1cf7bd90c5e47a0bba3f,321311812.8221693
9353136b0c791bec58f93ad2,665011850.9502425
de2137c70bacfd5087bc5c68,641869422.4622873
12bf6b9badebc2902cc11c62,433750667.1788851
c0706c78d5d98202dc24e46b,691716914.2144423
4394a27b21889bf78927ddf8,496116959.8498758
0ebbe9d3831727f90d677ed0,845343986.4937019
caec584b5b6998684bbc6a70,481355416.802638
0c302f1c924f8efe0b6bb58e,678871165.1492238
e056ada7a37336bbe878f38b,709362084.6080681
905cea21c0ce1cae97fe86ab,823004307.2241125
e286b12e5aa7929334322842,661137117.2480849
6cd4e68300a8bafb9d22700d,743329779.6425474
39124b1ec419566a371af8d4,845126292.91526
6110b5bf07cf38c437c7ca8a,1107403565.174249
6f8a22e4dd21f44bc6d383af,1085498879.3393428
71eebcb108c4828b8bd5b84a,686614596.390982
5d61946d53efdd9bd0af140b,818973818.4834778
c0620585c12f3d9f1298696f,676539797.9186753
d27283e3c941f8fc256c3f4f,550773583.8773148
2acc857ede19953734600dcd,792521501.9887497
32474481a0f8af34a4edfec9,694170229.320007
6720db016112cd2a4a5e0358,570062455.5566068
959d0cba47f650933b9a5168,892411007.9212403
32d2c5f1707b00c93407a19a,538388832.523804
0ffdec8eb5272d9fe4775251,611717146.2471426
c77d7a08d5b9abd4d3082fb5,590760216.929044
a3021c7c465dfdd38cda9f9c,756903419.6855655
aa24974831a0c608635bbcea,629917451.927168
eeca3f5c399785a1cf15b1c6,628668589.1008422
0b51fb3a65a86d7799f27264,439880331.45184964
1af16b7f14dc04f05edf71ea,538201763.989155
e0d7e4dffa0f3dbc40c7da53,571359422.8544117
cfeb42023e2737491b3e4283,888082617.0214367
dd4e23681e00fa1cb9a679a1,605292130.1123976
153c89081fd85dcc66a02421,657649662.6592621
f25b2ce0d988bf5490fd780a,372015607.54586214
8700c9b62ff5a5c3394b0bd8,579518547.5107944
a53b105919c7b46c0cc1b003,637480043.8473315
1c835128915211131bc561ab,530344181.9977264
a0c6e0c6fe41e32b3bcb2b26,816429782.3836086
4eff2f2297ce85a0a3964d2c,802111935.4438432
57062f248424c47282d3da30,691091507.5900776
99e860bbf3033ee4654d393b,724033451.1365613
db8912c5c5e5e49431b2c85c,768036046.7277305
3151daf55106dd159f27a8b6,522833738.09775466
3e8a4318d93b1fed4c48f48d,818192442.827226
4c8ca73cb51a58933de61f0b,543258722.6756167
925754da6fea9c9cdc06e18e,632033870.7426844
05119815bd72ced29391ba87,669989751.458786
aae7cca10bd7f041c8e02d23,641068769.1451945
4890edc33a555cbbac71795c,578064087.893711
902fbbf9f5037be8759775a7,746551682.3028842
d013a0e910b1fe2e3913af7a,416959479.3067777
9c38b9798313a3091d13b340,920994416.9126775
f04d3ee8b175c8f2f30f4f39,1049908005.9938604
f0f883c45e8470e74280e8ca,931688964.1331674
af820361d5f20198bacf839c,683741223.7844106
01636da0aa2bc223af023a13,547599039.6297487
cdef6e87c007bcd9b4efa9fa,927430218.945962
1d45332e2f04df18cdac590c,523085422.053493
db3dae76fed5fdbed29862fe,534548933.50466204
f36a379e0149d4800e793001,579655240.3982358
30d2ac3ecb8150e4d4339d1a,799898524.1374042
7f78955c480d050f2c8ae3c9,634299820.4626657
cb1dcee1f4ede0877be1ad15,702367754.9838666
a32d2c51f2bd5f23bb519d12,849648966.9476703
bcac2a4cacf13a91805557c1,355103320.44439125
a21afcc258e50a538dfd43ed,399425610.59494066
7202b83b651382e2630359c3,566073947.1362754
77d6855eb6a30d268e49eb1a,505901943.18404716
204ddf6ba4822d55ba80f713,324492968.91502506
e0587d29cb717f725e991ef3,815202298.1391956
c606665f3a3f70ef61fa5cf0,779201197.1331449
44412a9e16b2824c4a520a72,535537423.2447782
313abf19d78b719cce4b3188,741993770.5482644
99ad7b36c3c916393e951507,619513023.0037836
c34c2aabac06323fa180b24b,570446004.5622752
37f39916813a58b844e17833,766709625.7750691
6ab7f97fb9880e48fab16a1a,630353217.8866705
0e6c74a0056ee94b10bfa86a,753194870.2252773
7fdbc3fed9c9607e6d01e958,509614051.8985532
01018b9796a105be650ec802,807507653.99500525
16ede6f8833a93677d05a131,468590313.83692956
0a53b0b7c365879a6d2cce39,797811957.4812714
a293de027279019418c070b5,425867970.7145046
973ab56a202e039f5ef37353,519630988.5247632
3e18c851788fa8724ca8b7cb,447778650.64183
0a4b0a004c894654663bdcdb,724564674.7540529
55d4b530b881abfce2d03e56,694421937.1018618
405bc08707001684d19f6edd,673881293.0004058
dffa1057472b06bfc0fa7a66,1057381806.4655668
d061615fcc6355d79665f9a6,581933743.7345455
6cd96d73fc58b1502bc6ead8,744318547.4203312
db78a3ce9c6f6a7f4ecc6853,533252962.90421176
1498ce1c1bbe2e89b84a4a45,721364889.067585
3035d7ea4b71d204b588dccf,604897506.3382878
2b8e9560dd58d880dbe77c61,753337590.6183188
e8948741a987cbb3759b7a44,767240963.7801242
20718780218eac9668776956,580768683.7990799
c0a9e3f5c57cfbb4aa9b2357,721030157.6951549
5e9e9339fe1c3a06470cf7c6,482666939.3530947
f852e0f3fb8563ea6918164f,1187626327.2730918
e38b4072ff8b856487864f31,832187142.6739044
8cfa1121fc87d9483ec63611,782017167.7398528
1a805101f78cbb783e6f919d,547179642.3539658
98502628de3c4fd3905000a7,616816720.5619514
ff7ebaf86962fd0ab6ff41f3,562765516.2220032
69442123283ab024a911506e,928941463.6893122
ce6e91b53465250effacca98,981820673.549822
5d42f42059617a5ca7ff3a32,644249048.2327151
01edceb6c5afc2af1e129e86,391698161.11573005
fdad0c86eb89fe93633c8571,402270036.3328092
831725656d9df81b63c0ae38,650922897.6629112
d1f8eacef9bb4d300d086837,1078724110.3553712
3b6d88f864f6c1759f957c73,1326456986.837258
5a38f908d8d75c5810280e12,472274944.1091517
c7c835349181bd3f0d964eca,1389157952.7543967
edd4d560363f7575aee42d39,940485327.9240137
8f3924eb214f5194d21499b2,756117875.4989202
466c542d7825d36d18a86486,534475031.2890869
0b71d334a6db66cf6f1a8eb1,747013049.7443044
7a91cfb02df63e4396b15aeb,451117271.15298426
6140125d2a94efe499a6941d,473431220.735252
080df3efe1fe81f97e74c4c9,367817922.2358013
e148c2b109eecef0175b3c5d,616021398.9422953
40aaf6665b489033ba0e55b5,993770052.0510261
05498e49d0b875ae6aaddd83,477096204.2798036
397d0f6319465fd7fea6f710,908606584.165331
7e6d8c4742b38854d819696b,985563533.6078907
9a8d13d56d677379ebf9a347,812088173.8156585
06bbc353bf62fda3b3786fd0,496500465.8011521
09fd7896d5445f422892b196,554643593.4384732
57c63e412f3fceedd3a7e698,642547276.1247756
32cb6246cd94f962f780a1fa,377580266.36225265
b0f9bfd521802b0d2586300b,662975243.5963602
2a99204f0a53c4a4d0a2393f,648708250.830833
7651626df0e2e3119b801466,652197880.9035702
59e48259a076518d929f5db8,526123098.75333166
e7b721ed96269bb195906bae,262252952.18430656
61c3c304eb8a06b5a483efd9,837973712.6355067
3c26b2954be250bfe239db68,311064444.0541793
0df87025a6351b435958ce95,777275306.7401863
df82719238ea0e102c282c09,646825145.9202868
57c74f7b9bc5e33cc823439f,733647087.1321155
4195a9d13c0a526d7cc959f8,487382346.13273036
0d00fdc440d7612434a6b91f,513708151.47775114
0c91369119a06c40623afbb4,469225948.1824356
5a6b30b4d33e068d421bc2a1,735639834.4083223
f4beded3c5ed9fd6cd5177c0,810179854.067639
95e561c7292d64305a2cf4f9,852621241.742593
67138978493b84ff42daad45,484979368.35900885
7da10de45c866c7d066d2586,642159527.4055855
3c3cc027fb179e91a46f11f4,482562674.0392603
df3ada98307fc85428022d00,488165130.95136726
e029c89d59f2caf4af4bd908,592332162.7541974
105d05ab3d5334b976e448e5,628940045.5112741
253fe7aef58ea97fefef922a,510234583.78746426
43e11f10650837933261fa7e,546190887.331966
b111b17ae1fc17e3491b7a5b,550086042.6347989
63e1ff737ea11ec607ecee08,796053408.1151216
ae703276c49b6a6a9c39770f,855612989.7417275
799bc0f95ef9a23fc16bb1d4,1163072672.0012143
bb9fe73a8742dec9b2e79135,1086834932.3171732
a9b3d963a14c2c7435f30fbf,1030512923.0217428
7a48bc2c3f4aad08dc7fd5a8,503672169.7719918
7621f476bc8040270958de6e,667784593.9100083
c49644baf8dc51d3f76d7e7c,643498705.5145618
8c107da7487ed0cd409f4daa,858401353.4788058
1bc8874a13914055c2759a35,592452212.045514
fcfd6f08490be39064aae41c,550085031.2970743
23178c72b063ecbaaa04b37a,463915119.0894972
10bf1c2d1124f6d8f8b9497b,764542554.5167786
c29b30cc5db2ffc273e4cb14,874778349.7274151
f7d11c2601959921f536f804,683494408.4052459
acbb07a2c7a0e39c0102b3a1,729221985.6059461
844e127aa7802cdf75db074c,497512051.2644333
e2d88f49873bbcc5476f4ff5,531703800.27177685
42aa1e6f6b8220a63fe165b2,856096281.2082412
ab1c43d6fc4f08e315e322d7,666456078.9238474
9299c976b1afe4d2c0bf351e,677649795.0764381
cd62ad28163c8df131a8f2fb,819978567.0977587
e5e06913ec3c851340d7c91a,600268367.5390949
d9b46a34e48e04b5a3e026cc,785196712.2173462
782a6028457ec55d4fd5189e,619513023.0037836
11a905e4e01e7d15d35cbb82,539055294.7277529
3b3e423e248b23090a2897ee,439717110.3036265
5915093d458d4b6589e86f59,492862954.8816348
3d162a854aa05447e2cae0c0,756628671.1028285
662a3e343a7e207ecc09d6b7,533252962.90421176
289db1292d4ee40a1ed6e518,756117875.4989202
d43d2bda7b6e4d5177c0d032,694083551.6596766
b57ebf09cc691bcf009ef115,908367843.7109969
21f5bac85d5eec57acf501ef,783095845.07551
2fa288389b3031d595973793,701718484.6430655
c900d19cade1443983274ac4,1067762895.644741
67bd5b20df7f2a9cf4e04358,541610443.9855444
e111bda6d24089dac82907ad,544438376.1432115
7910ac9782a1a315f68799c4,774301213.2576985
ee786b818284cb382c755e9d,697089796.9176044
f9b0a27bd3619ae88ffe5455,597207811.2913948
ad1c32cf75ffbcfc842e3959,336565844.20099586
5648633b1f92de1ddaa7e7ab,515465088.0742454
1ba481abe0d3890c42884d97,541610443.9855444
ce60e2ce2a420052e67564d2,858401353.4788058
87e1b1170c163689d60bcd09,595933423.2527803
bb4c7900162be66534d17541,909164975.3990301
68340674853f0ea101e32b46,467373445.7479614
d10f89691119d4a4a2c1e650,1548658252.036664
d414907e75a1c105ad2b74d1,422871854.9302468
c9b6d3bce20b7f528fff8123,535284168.58402073
be1695a7b8d3dc68c9887abc,723518590.3767515
debd60afab03fd1552719270,873936889.2591836
de060e07dfb0a5494c5550a3,360145365.07941407
3d6815fb68ce959cb95e225e,713561319.5611541
d93f6d8fe212ee3c0f7cca95,776774194.6435192
1ac702e7c265717b34419fe7,705751872.7383845
a157596804522e03efabce48,756513481.4854585
069c529aaef7d7e0774c4a66,730532375.0808793
0669fb98aed75d79f8decb7f,727249394.9988166
7057326ac489bcc17d580883,673408762.8477607
e3d6fe5d97bf4fe851aee9d3,783421325.2022164
f80b20e0649dcf1c16003255,593685400.1763142
364256d0881131148655e006,616365478.1039276
0f9c26956bfe983c8c7fc227,1064986787.478451
9756b47e9dd47f99dbb23115,536740354.40014416
27d413eab7b562b984c5a682,676886777.1010833
ad17072ff24e0fc0e61963b4,641320680.433397
473a59415b6214218a15e363,658024411.0929288
ef72df5586ad0cbe59e36e07,725038773.8564191
9129b78a741bf5e24df5379d,572146004.1300104
964734d3430de94d22c927cc,467913127.62077826
530b25326f39c347a35a8caa,468584235.68823195
482f57e65a3f4c6792775a05,556406775.5990777
738e86beb569a7bf51fbe199,308828571.3529812
c5788cd5507c577b7b585ffa,404711639.0040577
be164f9025f346390b986668,709164171.7378191
ea2efa1a857332559120b823,561468276.2331572
f3dd24a17ea51b7a2b0f037e,663698439.4557037
7aa8d04246d3e84e5ac470bc,834505625.9376161
6361330195fa7cdc6d5c603b,751525102.1062187
6820ee22d6fafc9c030cb286,1159640247.6202707
472601b5b5719855ae3528af,944116574.0731913
3ce2c7f1ee7569e1b916cddc,662876810.6970311
afb03f7cea99023ecea7610a,464159788.435555
404364fe956884368e2f8300,635026340.9484982
c658639b590415bc6ea44119,601032192.4431969
42f1a529f5ff3a6371dccea5,554409286.3049595
e2e4641b20d81a90033a536a,624006910.3242455
253b34c2c5ce15cbd8b5826d,771808849.2732799
86ff8f274b698e7757ced1af,624648919.4553913
c4aef1d92cf264c548ef1f2f,357283958.000441
e8603da6012c2116a70176b7,866638431.1915228
52b52aced4853a3e3d7fa058,522463089.0791862
7d9a9c3b4442efdb53c24448,636658334.3534317
a7bacd6f783756c9e7cdc068,412630999.79305696
68a00651ead62911f850cacd,451059970.86293834
1e7e26077db3bca2821a9b45,570215350.7040021
8aa21f48a83be25f924f85c7,623264544.8762058
48107a1dd2a3b027637f250a,657015445.6625973
6bbb24fd1b9df3df4e939fc3,539055294.7277529
aa45f8fda8801c3b4923f4b6,761084709.5548276
ce164af02f76ab3a68b0f980,719987221.8056574
c32249c7c0819b1a29fd611b,666852015.3797587
f8d4ec209ad5fa5ba4a68e56,637884860.5278778
cc03087e0f18d59c521b6ce2,787826690.4648277
fa631a714774fc22ca15ec10,649319680.917009
c310efec13e312442f7e1a01,764915725.4495238
534466a857d28dcc598e3a49,978219781.4276221
4a81bdc14b5bcc4c84f5ce4b,433422742.49399495
79ac12d8436c07b620190b9c,559711687.6790917
f69962045e9aea6b8200888c,522255802.2491795
9752758072e096fce6f7f4cf,469621400.3418716
56fc1855dc6375dee0506133,652224037.3143528
2fc19f73fb877ed8b88a5250,306623860.6990244
63a25d279fc5a9e8fc1dfae3,363657751.382376
71978c139faf2a251db6ff5e,229349491.14197794
f4dc67569fd340be3dc592d5,496444209.2920993
0b829c23806ff01a0c84e9a9,766580928.5798932
a23ff4d1b2e24f537a75242e,822498297.586904
3a103803cf9cf0451582d89f,487157040.5693579
eff8b3fe996b6d7db10b0263,630207966.6425581
9d53330b44c300e396cdb402,763660513.6552838
301b5da33d32c0632b16e8a8,1016297086.9159607
357e653c4bea02df1b08c62a,865457985.7918212
9af17837ac2bbe7c8ba16e0f,653175476.0747764
246576e24f66d495fe0d509b,906302591.279522
cb70f4993947b640317a07b9,810477608.3430933
949292b23ece12b655122038,433829245.586894
4bdff22689954e5b1e575d30,742166749.6279975
7c69d43fe2488db51e6c8da3,452855590.03189266
6f543782174a964402b64de4,630649227.8855175
a59e7f0e0596ea6633781335,738157666.3171378
767ae7de1818d645a33749e2,733607669.580763
e667133c29f90c8fbf30ede7,463915451.65331703
3fcacd1cf9770a2724a5fb01,674415574.1488906
601193433c99337fe806b158,845052342.624194
42c282041583e6e2090b50f2,694736530.9228162
3bc80c56871193dd782696d3,431083184.9821215
bee9de3e2817bdd591c02897,827841242.9476352
0f761aab549e7f6bc025ab0f,852621241.742593
3b9971f91bbe4b8dcc704ba0,708488505.7923683
8f428b58a5189effe993ca4b,325342022.9382288
0af466463f2cf50d61315da4,626115796.5318607
1a486877c62f2aced41a2ca0,906962920.778428
c9fdc3f80534b32f1a75f530,693410960.2029816
97419310c7e696dc8ca61f7e,773345074.4166998
49d9cb2bcc98d69222b03165,884083930.9203298
99fa9611d644cf325e20e603,1038452862.0363563
976d317efade1dd77ef3687c,585309757.272793
b9bd63208716e4e0f2dedceb,711680224.4817472
834263730047f308d71d4d8c,561600063.7946275
d6bf8bfc752bf4580e99794f,630448764.0457084
58bc2b0acdb0702732894fa9,426865072.5697287
c3b8b774037044a2524913a6,672462381.6007252
eb339d562b72b3bf51073cc1,510476304.3103901
c8244d916b0110b1acbd38ac,636389030.2439619
65bb6acd9be0f8d95fbc722f,630227699.9168577
5644b84ee2edcf7267b2189c,576815327.2614863
22eb737351bd0958d3e60efe,740188140.0888473
0e2a5d040f6361adb9927388,659699365.5634185
be9f5ade682aa1fced79b068,626787554.9686439
8445e5cf42307960535a3b11,784402614.8165274
1b002164d34a71bd06e0445b,744326234.2473158
c80f897787541816ad63bc17,639914587.63968575
673c72783eb4f9a02c511b83,1037187492.4508712
3b29177e99201cf4eaae612a,817936853.2649715
91c5967cc1acb3f108d6e0f1,459000661.43904036
334b5b9fc68a18387ae59ebf,347950388.56851315
c9d096d4353b8eb843e793d1,640756689.9980068
92cade7b5347d1c00a48a1fc,882037533.6457877
1d4bbb5b756033b4be28643a,802284713.076842
e1eb183eb261b6de96e20a56,673155534.5781894
7ea8da3b1481993b14bed9d4,504758500.14420134
78bb43910ad6ed105610d9dd,659819262.6936598
32c1f617f2b1f537ef703712,765467032.3550884
a7e6d3c76bb5507e00ccb501,533152425.53610253
6c75d7867807d942c975079f,753093119.9956838
e9182661e36239f091259232,379690712.2236532
c926ee21c2bd9da7da193514,404992156.170288
27bcae7ffb9f79b8f59fe1c3,474815246.8259687
6cda1a7622d5577c0056ba40,649954326.8425251
67c945ee31cf1fa0a874e4a6,522885410.3772115
5a8638c17d14ec4f6d447b8c,897325640.9264922
82bef17c2a4db1f6dc6eaf01,741822291.8533019
09dcdf0b8b37c1d537b9fcf8,670059799.226594
2cc9f2411f98d0fd41511211,651077097.6277547
aa1eaa63043c5c29ab6a1323,743907523.6330914
35b03ab66c19ba2049ddb9a4,650099004.5826604
90470cdcdd2b813b39f28ab3,624608024.4679505
ba187eee3858263fa664812a,353181949.64443064
c06a1d212fed896b6ee4e1c5,572783499.1447526
8a8c8f5aa68c4e530d62776d,527917778.1504422
662a221bbbd961c285069c49,710627929.1972319
ee796b35e39c7beb6aee2b49,780774295.9071755
53de17a986d62a44d7897200,483536762.22376764
68925fb9f8f0c84fa0ffa9fb,738622641.3374138
6a6d4f8251ff961609019ddf,417936729.302093
3477646f548971044f8f0494,338952260.4985717
c82434222f4129168fa82e5b,597895376.8352436
4c00508300f40d74c79f2596,483122355.2054465
27bebaf73dff207d7f6829e2,817818708.0816058
d0ba7b90f6ba3392a165b46a,932583260.945485
61974f593c799e5d5090c067,269981617.81101704
c08b016afc6a07105d7703a2,540614498.3716462
011c2017b63235bf0ed3f241,671769923.3945675
7f73a8e83d41ea252ad61197,560778718.222098
0c25a552c34e114a1780739a,402056335.00473017
21e96ca8dbe2f12b55723335,556355313.4792242
30f6404e8034dbd513aa8a30,384097873.9316013
f2fce80439462bb9231d7fba,492326475.48046196
40d5384e2e8f8fef2032928a,490152481.1873907
95f17e64d2222c904a7d42cc,546407324.9435853
59374f70d5e7da97e3b8b35f,977887930.7818371
ba30cf03fbfb0e36e5d415bf,1057576131.2987974
c2424b4861f2ef50f8876c0c,690537562.3339672
e7def7d0999433ad6d3ea412,927430218.945962
7f1a4e79fa92196101baa7eb,868277292.693419
37e0fe114a3c7406daa57443,658343847.5541656
897c0578bdc8d59843bcbe38,460944161.20882434
7e554b821e6955ab259a25f3,792521501.9887497
23b0d67dc2a0ae6e5ebc9eee,676539797.9186753
d43f045d046fbc8f5ecf465e,749507670.5675176
498d632cf0868a8e641cecb2,363657751.382376
6b9bba3c6afa1f999a9429bd,490414520.2658547
12db154d9d29cafa574ad387,401742344.7336117
61779f1bec05260cf10a0d2b,749507670.5675176
986defbe9082519824ebc882,816652885.2724162
f72992cff50931d2e19b3ccd,705383157.1681882
0e2d6e5882fd3b4eeb9ef286,581980892.4872087
9702737c9e4ecb12d0f9ea5c,766580928.5798932
c36cf907ee28017eb1b40674,518710312.58279175
a7ad9c8b5bae531abf68f8d0,705383157.1681882
6f3dd53b0935c9593a301bdc,556799697.253108
11f8f836e5626605ee4b41c6,935533523.2258868
16fe92ffdb7e1aeefcde80f4,673179859.4341489
c1eace64bd2c9f6bea289c4b,818973818.4834778
fc2ac43013ba8ab17da28041,808496551.181574
5e6b54654c98c2517c2e31d7,867871934.5531254
f0e8b39d2e4644dade9d8954,815835245.8660476
22796587bee45b8f64ee6e44,723683445.9557692
dc8c76f5b3977f90839918b0,629768786.7264682
27663c0e271e26dfdbf4d289,661783561.8170971
2fc96ec5fb2c8dec0a5b09ab,867871934.5531254
49d42ab711abd95fb5947c0d,1016297086.9159607
b8984fe54819f5fcc43860fd,386805078.83510697
8d3f4ec0c37443eb3f953584,1064664709.5667411
001dbdd202e9908ee42713a8,876171456.0954757
fc5f41aad1b4bdcbd8298037,613862659.7354081
34926bd7f9880e277e75a447,637391360.1454
00eb120ba4410ed8efa24a8e,780124118.4707514
eb0c6a8231b38b2a1e1f789a,672787744.9562045
0f059b39ca45bbbcb996fa45,696953280.5590965
06a5364639452a9d663a2dbc,669779916.573941
cd19dcd4aff76caaa1cffe54,330233018.5619525
7272c3521b7083038ff0a690,706213044.830207
a480b654e1b8b7134091e613,1197873624.257019
ba24834c9fb0e87c4ea7d1a0,679297767.2395705
ac46e3eb688cb1cb17da2545,1085205849.7879968
3053732169b2260529f90133,605154035.5727359
ab0c047373b5d1810fe42bd9,625581457.0110502
698383c101fb784f8e1b1ee6,534321842.4625158
1b09c89b546d0058cb09c1a9,707260326.9689294
64edef308b6a9805f0846cbc,934588266.80959
995a5799d9a1a7e4dfe4fe34,1108754897.5238667
d4f1fcd4c20dec55e977720a,980558134.0931004
21264b5a73fd27b85a4e2654,374432660.83547235
d464858ed94a1a74948f479a,693995715.6832534
dc420bf2dd1759b7f281cfa6,1153824204.2305315
0a268e25a5f3a0bfd8898a40,290948305.46273273
a3460f00d48816ef66e3acc3,638915149.5327877
9559637fc2bdf96defd2438d,892073866.0888176
421db6a58670e53f563eb9ad,651158593.1093924
7b6322fd5810990820167a23,489004464.73400474
17fbebdfe6bc0618ecdd247c,738455399.2613037
00f2621035b1969d53f03fca,951259288.767683
e97c998a6a0709605432ccb1,578918848.102584
39e306be57a992bcc75e089a,354431164.59154487
55d0225b44a81e82eea3efcf,871805551.3044955
c7c5ee499c712082931032a4,1066849896.2007946
f15f48d4cf4f85a3cd68dfa3,755996477.8519456
01db5867a69f8ea7849d69e8,839623228.1964164
7c29fc3861c9f074e3a89449,702139719.0456934
5ae2fec22f535ec2490174c5,223471069.22205395
a6731fb85da65ce14468341e,470072615.6137734
4e327acca2e033c3fb305c5d,595673438.9367276
37b8e8a194e4f2fed7ddcd96,624431749.1584892
a8dc954142c54e570bccdca5,669312372.4479485
b427d767b071c3e5ac2a078c,355335623.24819076
a9407f510e67bdb27ad59b46,706614546.7064732
ba7120c89c8de0e57e30646d,531073041.6755931
4f5bc448658287ffb3d49b75,864969188.0680807
758d9f47824eb74d1b486024,919938628.5623794
84fb7e582456d7409f27cd2a,930710904.5801952
0a6ade3bea1768aab76680ed,1049448454.1387331
f6e74a4b1e026352e5759b2e,678871165.1492238
639b98d0798b5670e7bb2569,950079344.6857076
32ecec7d5c47d02969368779,481782900.54637384
cac82fdc4d960947bbc590c8,505036731.78841877
c2b880a6bc90cdef9dac52ca,757224065.1094149
dd8eff6162c32ecbc6972509,596714785.8095102
6e2f79cf68ac0ba2b1a6b0c4,918716757.9367445
a904fab9fa4f41a11f673fd9,810234991.2103738
bf11c5dfcb321e020601e9ba,859940633.0507841
488cdcddd0938ad0205ab8f0,1244252514.8231106
b92929668e884453d3a0d633,607208055.6263499
09eeb116cb0944a28742d282,806197823.9971874
c16e9d9444f85bdfade710a0,769980484.0162772
c15cecbbe717e72f09a84271,614779524.8297975
0bbd23df46a4ea4e4734b680,764280105.7241915
de28e62bd01870dfceb5d78b,509914377.33490723
92c4faf0ba1fbac44db6d1c8,601485516.0995593
91892eac5e9565b12b2a99f7,506423454.0839715
ba72421716765ef6aad9b4cd,839183786.2485381
a99df3a2cd4f2346c6e903dc,301605532.9087567
59a3b1a44c35ed4936cf7843,624954096.7769243
cd74b689350ef612ddf1b96a,675235822.4249048
5664cfe452394ff9376bcc8b,535615941.5883203
d4c6dda51fa949743a46e835,445856666.27585334
b7f47484bbd8113c62cc8c1f,472651021.325806
d4dfddb6564c9f46b26e7aab,394350237.83458686
aab240140aa4b6602234d88e,366130955.4497891
29671ce02e285f69afeb3fc2,800985161.0167953
5cd742ea274b4a8832114080,671774723.5948212
c876ed979c9127674000b740,569419444.0452925
45269f56121b796d0392e2da,1201874053.4219482
e981d4fb3a33f372ac26901d,1197795311.0493417
2f13a428281ffc425f2c2e38,537200620.204602
407e4196114b64578beac143,563088715.6187106
342027b17940a0cc5cdbf8d9,947829937.2321806
dad2bbb0fe138e426000a33e,694421277.691631
e77da26aa7ecdab5505fab60,647214349.0593371
8fddeb4ca696706f6cbe573b,648774284.7449806
fe368a7d2e09fe88b1b972e4,531629523.67678654
6fcea2c6b9e39576e10581ea,754952577.3821641
91d35b9421c4982b54dd520a,607864202.4755682
eecc82010ce9803ebea6dc75,795049809.3960804
b957548768ef014088a61b5a,566714649.7840891
5790e4cf8102dba35e184ca1,456247828.30119795
cbab68c32d78424452249d9d,781759694.5089632
4e0b293ec3d5eda7d9fcf8b6,953532253.2903965
1f8742e662666147955c9872,736163325.4764909
aad38b9f22ccf36b0fba4e7c,561494085.854595
44e9224b9735235fc7271672,450057990.6949653
b61e9e4f3a2e894932b58ed6,455630264.9832217
2b36d2ed79caaccd687f2ab0,288775118.4430773
7bdd64032a4f011bd4fe7df6,584977593.0310996
0890a0d20f33b9af2bfe488b,437851427.123556
ea7c9e327eab66ca286f6726,702703124.0070999
98510008e150296ca9d27d0f,727897345.7410626
41abd8a2cbca609cf868f227,703315609.265176
83196bef0e5dc6c981bc57a9,808496551.181574
20289e986c1959f0c83a6a4b,656477240.1814382
fb39ca089d05381b3a7ba847,377124109.5216982
d2da963bf6c2f6fe724be23c,704903389.3631006
670f7dfbe2eba87e55176257,737809377.5062181
469b33a6f153ec334b6123d7,390519352.0504718
c38ce4f3763795c61efee6f3,575367419.384715
8553a05c2b30be81c64a6295,849641641.1788993
d8b3a1d0cffc913ebd05b931,871737531.8319452
f0fb8232343d235741a20586,718722044.7618316
887d749eeaaae288b2818b86,676419250.0238643
126f4d890004b8035a7de091,800985161.0167953
7d157359b413e107f5f9cfd6,619125026.7673649
65010e340fa495d060e32f7d,535709949.6198319
8164023f628f550f322aad61,545986900.7963991
8c2423c14aefa13d255fa77b,470828163.7239226
e9772a54bc6638c723dcebdc,548744587.3615822
171149ef76fe0a2074c5bf69,683850347.7122886
96448fa0eb077563a2d168ca,309484578.9990149
3bf1bea2a835d7fd11e47ce8,425910710.88960934
2f4b0b1b81c792f43f4ccd5c,416359495.3237505
086540702ba0876c0c05c5d5,750397381.4668801
57d17db2cc5ce1aa889f1f50,758691734.6638577
3b6cedd9966332f0722208cf,360416304.66466856
351a3e1b62cd51d46913a8eb,931347412.4526492
33b702ced6de5f7ab8b29e7a,583187925.0466287
e0e6852c6d6393d6d3719131,843025168.4129432
bf5e687721e030639ec81416,676047856.2330544
314479aa7b73ef6ef44e1c89,674999553.5587353
822896f609e7761b58e7f6e7,539055294.7277529
5b6f21752f3744ec6e529d74,787826690.4648277
5d91dd63b6aef851e0c78389,652727766.9721622
0a369278a1ef6f5e9d79e2e3,633863332.684751
7523e95fc2afaf31bcf30979,889193432.9208796
cb9de5719b978a78c71db699,756117875.4989202
af8c90983a23ee15c72b8e22,1092028962.7166898
e35d8f589e6b1909f5e4132b,794974058.8387592
ecaa5e38ff6cddc14942eb7a,881984625.1760457
d2eeec3fb1ee4d686758534e,850743444.1594794
e97d03ef9638c8e1d270ed2a,413192636.346849
cbd78f55af1db4d89b53b496,437415819.10619414
1b2fa2ee5927660313569617,790144789.6136858
f7f00e13da4910d724aba4f6,444544697.1845131
9a6b77dc2c414f0baa11effc,489128232.26888055
bd4d0b8799fa5999c5d2ee3c,1012297795.2106706
bd6b68abb113370c35786557,1029430384.0033696
4da8ef54252a92d9cc62c174,744129664.6070282
38d6c2a9beac610279bc110f,428355965.03503954
32e6518755191bef743b28f6,876020479.1476114
4fd8d01a5c3abb90ad70cbe6,742175093.9968015
5d9f8f380a6434096a0cd906,501012441.2375075
724c854b1a991f060701d005,396590148.1421807
1bd78ecec17b584e827dd0f9,376643491.2546376
7e6f68184d84e09cc9ebc09f,668615180.5586487
c0174ef555bfdd648acf4346,533664654.5194818
6463505a740324c7aa869d79,715893714.0400019
f239b7fe0de40d208c01c45d,603547126.591916
bd98add659faedc1820f96a0,468584235.68823195
ad662354d28a9b2d65f537f7,772126297.9249293
8e8852450fd5556f748c98cf,850059648.7271013
8fd5b95f5808b4676043de35,672745543.621842
73a23c9d154fec88d396d2a8,963111738.1419947
374ca1a16b8eba42b35374ac,602779701.4129921
ff058f978e97c389e7a31f6b,632963495.9643216
9d7f2c004fd359136a662c9c,703510674.2474132
2cc0129b386acf9cdfa4eeb3,606573420.4769294
c139bf6b72a93a73155e1f5b,358270845.2481906
0c017cf9740cb67d530267d0,565798386.0236716
44ff213b9cfb3604b7e4b66f,520082992.27783865
a09c957598e6cde56cdba03c,529896589.5098362
c846d5698bb295697186555d,689982067.6733346
a84cafc064a35cc0ad698009,457307747.2186916
ecda0d714f52da919223a520,793501799.0682938
b9398d6bec5cc44fa39b8bdc,578641518.7855414
79d230806fbfe96368b83dbf,1108539313.619068
a28b1d82d3f7dbf8746d5742,737817777.4181566
a6555836840c7dd496ba9094,637455850.7486156
83ce7c2d2823f888f2e06ea8,838549456.6349006
631f4c509de8dd64f1c400db,851160481.1921482
2afd31619c21dc537e4797ca,936004595.8685272
0be57099d9c3ad8a16984861,703725771.0569259
ff29f12bbd7ac4b860909966,901888558.490745
d955edf16ddb9d3f59501a9f,901570210.0121977
96298da2f44ca873f345867b,624570371.8528937
e6396355c1249c6290906b78,673794631.5515125
39f9f736d802b166ed688224,1203042661.4180312
38a0fcb41f0dbe8b0ef7af8f,771076315.5867932
79b955adf84fb2c52381921a,660746043.3130919
e335b8464a61ea0781f7928d,949062319.1989726
71a929d79a6cccbce6ac5d79,692841584.7513025
41454361857cf70c44e1f5ac,579474184.2317617
a16ca6293e2ee2969f3334c5,949841634.0366817
4083248d3d2f2bbf9589b971,694519467.1038145
de630da5e1c9e27bfd94efcb,994661395.2273548
f2a4f5010f3da37e27505ece,485637068.6186648
53647abd1d1b10c9226eac73,532875787.50217384
e51873d6421addab3b539dd4,600558032.8022051
be8fbefb8e06fe169237d4bd,577957360.8376478
257c889187ad5de900a430c9,613092835.4702123
3198c4acc62c1a2276bf15de,676899829.9818567
b22350d505b87dffaae3a5e2,825718020.3378761
49ad389014995f0187edf726,738794307.1013929
025d96090a8e5bd6f786e9b6,611921026.1663688
4a7156189e1f06b0fe87a7fc,533320653.8645353
e91425bd357561183b935d27,533320653.8645353
c9d996f458794961d9957c1d,533320653.8645353
084de965e32a2a65bd3aff5f,533320653.8645353
880bd21afee7038459b5847e,720265686.2932292
2dba091723891d8907905a74,713581302.0332909
a39f9fd2f143b8ce1f7e1277,533320653.8645353
37050aba3553f3869d59f809,656579256.0669432
35a39cf33d16f8f5ff75fd6c,616098400.7932781
7c463a59e7d2f2b4bbd07e12,533320653.8645353
035d955df5a765531d1d0d07,751197412.3123606
be706475abdfd64aabfe45fb,533320653.8645353
bf41b26c090dbf0a19252e43,682392710.0954999
21aa860fd839233ed8b82653,491883643.1227903
b870c8bd8f95426a7e1f9c88,533320653.8645353
c5a5676bdb1698f8c38cdcd5,534823372.00574297
3487768de3a13b7ee3df0254,756107775.204318
dda7a886135a1fd8106d04b8,787034974.9860233
ee102e9d0791ee82ee4da2e8,642258594.8327839
1d4891dc27e0050efcc6c403,638034330.9354457
dc1fa8fcd0ffb8872d434dbf,593122913.0558233
2a5f727304ad67d1cd269361,629381722.9813322
2b10af4fcbef695b327b7d0b,797492786.6471006
516881e914708f6ea6062ad1,651882849.9211527
5a428139d5ce6bbd9505945c,819676003.7754297
38dbf1b9c5963e9c3d008340,861611182.9314644
02c6e8c7f36a2c68851600c6,709944942.4648983
d2684e676cae87d75dea5ea0,670723849.5879244
027947dd01dc991ffefc5082,577174517.0638789
0af13e27cfe9b8f237a9949c,494504405.246209
32421841f7eeda76160d7959,530857023.5727298
96ad0e75433cc18f20ed83f5,676867995.114134
b387b5eebf501a620f352504,805665491.3565365
8ed95f9bf057114664ea441c,656838268.1261034
114318a8e5822ece53ad897c,519937765.9290465
3bdd7be0b5e18d266189d991,668110040.9260992
0d2c4bbd8a4dbeb6337b5c14,440433833.5271101
a98637742a212e332cb5d1f0,464047375.8941204
acbec9114912932b9cbaf0a3,691641125.1594517
fd81506b0a00fab1ff680b64,570215350.7040021
49e531941384af389b0aff59,429854783.92948496
8f221efe392ba42b519e5f57,787826690.4648277
1f33395df1e4f6a185c507cb,474636763.8823581
fa823373d2e7fc9443ebb6ff,708506792.0892202
0a6966f19bc2c303886ca82c,657015445.6625973
15d9a0353ad54798ef95e0d3,900142758.64053
0d95d756b838d3a319277424,442973921.36870664
d644b23e4bce0e6e50ab9356,822920865.9641969
6dbc77ad8c5c1e39f72cd2f6,788808089.2020799
2fb5206d246ee7ab22fb8143,761084709.5548276
f1582fc47e7b8c0eb0cc9949,649978047.8468395
8d7dd9de4e919fec5916862e,881696731.858764
0b67da6d74bb3998c80893f4,593488450.6615708
736d25efc9e570379d32c089,736036439.3050121
4615a8a7af9d7cefc7fe4c4a,946850251.6985624
8b753628bd37b9759dad06ea,480168235.31985104
5c7c83526b72ced12a08e573,653866616.9233264
9baa578a930a94f761119fdb,455911146.66995007
8fe1a07cbe9b8f3498cf74b0,465309506.0825735
67a7cfe6e95aa5200c064717,616548129.5204198
b7e3b0c90c0d3bfe5befec54,560412170.8709984
e6a547b2c0d126c9b6800515,769539063.0188061
b08f88ef973c9d1c3a86695d,659329787.3972721
5933c18b8cb17cc6e4ae91cf,780952869.4200584
64a24372d58a2cf535c3aac0,774456011.6622247
e6f9288cdadc5851d29fabff,891223457.8227155
71ba2f992908a5f91f832406,647475366.1609763
3af4b54bb5ee5fcff80f1e53,340832050.8722142
40d3f1f00de86e74e0304bd1,577492078.2698439
3b758c26283c2f11251bfb89,1085774878.3958359
70cb6337c8c3f5225fa80026,865945794.8655857
0dd510aaba8036e8fd9d667a,912118743.0153913
ef6ac2a5102d7be910a3e4c8,409164718.6914911
24c32572ca6161a603a7d0d0,516046623.4532224
c7be09a810b9e54d2dfba4b2,615379489.9706658
01a5a230e8a808d844e64397,973955946.0224384
5ade8e9c79288d511ce1fd79,668526444.7313561
7cf50019422bc9569a985736,825874039.0351572
d4716e228067a7bb0f30aa30,643676667.1442485
cb79e02041eddcfa9225346a,762097793.6043742
b059afb753452ba358fb432e,1224505202.5540545
fd9f78fb2d2f4d01e462bcea,827363471.9207659
6337f924f515625e7fa638a4,590582290.0783728
3adcc2c662c8c7c9db5f0982,606089146.2808821
6b7aff233052b9bcb6b9448a,1248762092.7493932
cc51811e23409f4d77995768,518185085.3065843
e3cd7b6dc0495d5109086407,869603603.8186715
e63f468e1d9f86530d47ba4c,310220591.6597855
8bad8a7faae115ac9007b13a,728873968.4325039
d563312854016e9115d034aa,744177426.0366601
57c7684f8cd8d78909711b53,412884638.1326625
76b8190137ba3daa55db33a6,550784728.6179867
2bcc6a15181273b2fad05e3b,675931253.0101632
b998aeafe2cc93bbd96dd9fd,371619618.6673559
eb77734d12df7528af57c674,351416935.0705088
e8df85384a1f51c31015ba08,1017103936.5359637
b0a03d567e287bf4cbd7bec3,705865928.929201
dc8bc7cb687a3a42b7e7d5fb,711197222.2944881
147de03212e554abbf3fc3b7,1011892912.750948
c09b8c236316b87a92a620b2,519642424.4300994
f5006b435fc92111d55c0603,413153976.02413505
ed70b749e030cc8715c0eba5,796065183.0998719
2a9bbd878f3f45745d76f059,722663426.6349336
503f33d11f75b6b5102ba4ad,459884017.1227998
41479709513815cf5fc1eac9,572720411.6599863
0181972aeb6bf451012a47c6,696722594.5528529
0b35c4a3f20cc0eb751acbac,569523091.0505798
e5de98822287c2caf8b209da,672040707.5904025
f3d82ce1c6fac06e4997f7ba,755004516.965487
8e17d7d78e7acffdcb04d982,532826962.8612514
f1e7a0c7804083963b5b6de6,500093438.8533966
918dbe66979d16b147bd3322,659314946.6477095
35dedbaace193598c9c438a7,366600224.5527671
e67fa931031bed13c711ad00,538697068.6756916
eb2bbf82cb615e3227305b55,542751477.6465453
e8d83f7dcb876d5d05ae3e98,622497718.3729185
2be93bf5132bb788bf045c28,510574749.35427547
ac2b1b560e8bc4fa1deb6f87,700697762.9007899
674ea6932fa9e6b7581479dc,514210983.33762187
4893b21db2d6aa4417e1cd1d,874401657.9567227
2dbef742d0c59d21ad7392e3,915263605.2567601
fc16776abc877decb82a5954,965964467.6533514
6f84d405f419590075610c5e,809596212.3939514
52cec2691ff635031fce9507,446245883.53520626
830b1a2d33f7754b9acfdd82,817039866.0150174
fa908c8dd43fcbe9f721c0d5,853451137.4696388
90c3b93badfe7231410e95bf,806069922.4012824
60a495b86d6eff1e345ecb06,500166460.7228577
0468cf58f40372acb9d5fefa,700966155.9442675
c523380518164e1e317cf1b8,772642669.9662386
142cf530f13cbccc3cc9d0a6,720787913.5109911
e0432ecc0c1fb2b00b5435af,439199259.8434705
3af3a702988bfa0599727982,636330876.119037
99fad8a7877c57c0af05b318,492862954.8816348
b57250de388b7172a39dae8f,763068813.6672117
42fa0158217c9cb820f2a06b,627252097.7812338
8fd452d3f5f1dbb3b65f5274,773863767.2668185
27881ecd655786b093349ab0,720279533.9047865
38029a1aa22c0a5beb065edb,740654542.4505316
6750be41e08a725705256b0c,842730537.7312026
90bf218565cd67ed83240033,941702991.9229733
c6a089a9bb326c22e3f3aaa7,819748941.3212475
ede08c77d6090e0900654eff,934786847.0083487
2f7784465c1c69c8f786a0a9,1155092214.4893537
5943151d9a76010179f6c297,500358914.9906081
82a3742862a06803242b703d,622497718.3729185
b815204eed4398e600b366ad,887937967.1448689
11c4dba68fb47eb9c49df169,413604578.2664482
4ae7dd50c6b743bd47340f20,794626762.4892707
d81a040e22d541a74122f3c3,247386615.98037505
34c84d0a410920c303ba69f8,629948249.4568931
6b0828221f9cdf5cf39e7c15,487950836.8623755
c50d5b4e75f165eeeb2eba97,667857787.4388416
572488a9a75f64434dca5dc5,478753942.3799653
0e67ae9abf1e2b2f66a91a28,575904352.3325167
cb00154afcad81df60ee58f6,618569937.8115747
75801c34fb510d824a7d8366,404325351.36114025
98f2d7810641693c44096ada,639184929.809837
1fb4c88bbf995f77f2f29b7e,837994271.298234
0abc98f7ea1e477c6fe3425c,747205474.2803992
b3401023d3097815687d1160,779153023.0497406
f1ef14babbc4123c5157eb9e,533252962.90421176
ecf47573fe1ff641f6914d0a,1070865696.8826154
0ddd21dcfe89f72e2246ed79,663888756.4494423
402f18888d480f5af146daab,672102653.6245348
61b3bd442f6fc8838e2f45af,679689425.8508995
c4eccc400db2dc9627c9879f,762274508.7669504
ab38b4fae64ab90a55b5a403,543584114.3824273
7f4cdc01f9086bcee46d1d6c,755065912.1639479
1be9d865ac8d01f0378bc148,1052543406.2723944
f2f43244cda8e2f5219f3db8,556799697.253108
89ca905d858c7731313c82e1,661783561.8170971
5bbd0476c27c53e2bcaf9462,723683445.9557692
7e177acdec9c0fe684d8fe44,639090250.956616
b764bb8ae8ba0d736bf54f5a,476301097.50217557
75f6d6beb64d846d965fa9ef,815835245.8660476
b5293710d0cd75f95de001f6,265388478.21808046
8b8ec04a78d3826b2c8a5754,585850742.1122257
e35579e8b9b24dcccf93abba,475571150.6437189
db5e320f51680100f1ec06f9,467977636.02059734
59be3c447844f31267366cbe,472634492.9350394
0f3b424c398a8e8b53162c37,765609003.9440873
57f4a3f6fe2e41ad97116002,566958570.4718703
1c6038b67a40f0749a72e6cd,642379614.1433723
e5da0e3919341762d5beed25,696630940.5232418
40efc0dc313284d3b57492f9,678118136.4627407
601da8fc375ba0b3df3b38bc,1061760366.0438083
61a12496ac1e6f39c5ac5d3b,1121963581.2711334
8635edb61b1dda6f4742cac7,1067110736.6867833
ce12b48120daa5704a4c81e2,298480896.5259266
acf4d60dad7953065b59ced3,782404651.1955549
56e3e7d822e13838ab9f85b0,603819528.423708
7ea2c18341f69f21b523906c,782970725.741577
dd2396a42097b2e8bce52a72,667362965.3002809
41f99600339a7afc8e386e6e,609750318.7062414
b2d160f54ce5f98f46818e4d,894300589.563344
00dd36caffef00fcde85b235,1001797849.1266123
471bd64a0576aa67f494eb98,955130856.7701017
79e307acac5f42f2696b0436,1044698676.4163753
e65a4eec62e2a5bbfaad5565,670237725.0824935
4845ca0d30483b36bfa55061,675735656.780171
6784e116d96e03911e2a07f7,398291875.67923665
4184fd9a546823ff1fea0b74,651156445.1642047
616a5485bc7721ecfcc21c70,413212207.8092774
6ff3186df9d15b65dae5bd17,418469688.1258448
886706f32695891af743f986,757000809.174535
daeb02020f23715e663b4a38,619513023.0037836
93fa1c8ebb75b77dea76ab99,787826690.4648277
ab25a6737b3ee0c4e9cf4ae6,518643379.8185652
c5641447732d3d1269965ffb,999145548.3058422
86b290218a62d0c51b099a08,951259288.767683
d7b82133acf54bd3eac338c1,1173457321.8080328
10fbecd8de540f1fe4c57b7d,446598243.30347705
137baf1609138c6ca2715c7c,460385825.4672912
f5534949a53bef05de31b07e,489631035.5398438
466d4240af2cfd09a31cf3ff,596595999.4026657
7478693f3e7e8963e95be8bb,390851117.5565761
6e537e91af0de67558bc1ee2,619727264.8155079
f5b0b51ed49be034c290efd2,765220313.6051795
a4885ce6808ffdb878c41f97,507651147.18680364
a14506a4800c27223fc34728,615681811.7045686
e8e97b7919856f9cbb9ad02f,745319439.3042974
e16685dae2bd3b0a4803ec9a,759596016.5589886
044b8431b186eb022cf6fc24,467494576.51691484
60de8c37c9eb96efc432451e,742283646.5675462
59b88e154c07bb7c0ddb4e8f,697484793.8824565
71590ac868415f3a185dc15c,758764573.5266689
6388b4cfd09e2b1219268cb2,721170757.6084049
f865cd15368fefd8c9d6aabf,643006057.0954419
ffd916080b1019827491de0b,756117875.4989202
6b8ce573bc2ee68ace26a67f,652727766.9721622
7ce704ef5752dd496a61d857,787826690.4648277
6b1a1afa055c15908a855e9e,570061049.7839876
2a9338f62c99dbad25aec5d3,642408570.8322951
c2282da3ece2dca6e8a3bca5,749308580.3136104
5e6324cfe41c3676c7d0a5da,716942152.7763416
f1a4afc2e543ce4260f1d781,803963670.9299221
5d17daf3e98cf433267d978f,1459934003.5993028
d5f41dd3258aa346367d7725,660610918.7867842
da35c757f211ecaab20aeb3d,433133407.1885083
8d9cd237c737f6e62092a08e,910191725.2147508
9dd98816533e4ca8516a5474,989053385.9859362
27d14f352b2983177e836e3c,791441831.6322503
3dd4fa53bc59e5852f9fee98,1065049001.0805306
3ca74495aa9adbd533ccfb96,789076649.0299033
dc93d8ca60d60a118f61390b,584814760.8623258
dd7b4c374bbbcc60bb090fe8,817933235.9834949
f925a05397ca6163230f7ad1,530954003.1201974
66a59937c54eff29ab14b474,637933149.7597893
077db8e0877b924d1b57ab1e,366130955.4497891
aebc3c6079c1a80f8b2f1c7d,707865403.1571468
ae41a566826a10d5a6768d36,620340898.935347
489fca3e6dc044412d00cca1,697483552.6653295
fc2f58cc289d29fffe8a5fe0,837320755.3946099
59519bb6d5d299ee0b767224,698830927.6514801
19921a97a52bed6c6b8f4135,663442103.1320261
ae08b7f31e69fd930ef4c832,702926128.1221519
1b67fbd144a4a3ef40bd9824,568001843.862199
9e142165bbde850d4379a49d,546079563.5675112
d3e971e2e224a20530ee295c,663519376.3531435
a672cd6c8c284e14913222d8,681711547.926604
93086ab3e32aa9599708382a,927650541.6097877
63773145b1a896df26504b0d,592590800.8065578
17707d66753c1eb0aca28926,523135576.06883395
6a2d4d9a257fdfb2ead837a1,455737429.1560139
f9158cf51f5e9f644349a774,540349726.1665637
c09c39339b5bbd48f349a430,558626230.14464
d470d84f5d8299c52fa24499,490635934.7932445
9d028997ff036c154c3fda0b,975999120.336684
40ce7321869b706210eda9da,630819638.9731015
3fc826461ec4648e4f7877da,555986128.2518548
0e7dbec40eab1b3e5c6bc665,718578938.5051521
81b3256980dd7d7f49030c78,1070844932.1865395
fed2e1459e9ccc06943a05d1,1025461452.2347424
c535169307e21e5df7ec88e6,502875271.3948309
d78d84e4e42f145e02e423c9,818292126.2750685
3e523ee3a6c2d89436539792,818292126.2750685
5f2df52db15d2e0ebd327a36,455286528.1591375
1c1ff56435675288e78c4735,716649292.0134244
ec4226205a38a45d97f35828,904160450.8287276
3214488a8fa9cf8b3dae877a,656815102.4944534
4a4fe76c58f5735ce6b018aa,825007225.1029569
ff3696c808d4835d6c7cc9e3,671028252.7833791
1aee9081ac4a04490eb3f0e9,861064246.2538054
8dd954e7312e6e6a07d6d4db,561568066.4243524
daa52a91f1fee77f75550246,695584774.4436637
a4ad34eb244e48afe23a780d,594046435.6093228
0b4b741487c001323f508d5d,818292126.2750685
cb383b7a746ed55b21a8b245,770239144.4974855
4b092d4d5885cc224f6775e9,366505384.37054133
ba12305002d24055c159ed34,247386615.98037505
bd74d43d99a240ef4190ecfd,414943771.3254265
4957e0b129c5caf47b026c58,758752746.6865251
eb270972f0f69f1671a0a740,644757166.0386491
d51d3ef396efd4760c979de4,488124628.45865566
ac65d147ee69785195ef7da1,751365519.9393193
53ab42a93b6deb152951f82f,778501476.3027039
5826567e12ee3192785e36f3,793064523.2593993
ab64918f2b2b4646e87297c2,879521331.6291695
88b0d688281db2ef0a782921,767240963.7801242
dcceb6a2073faf9f89f3431d,754638897.704264
73bf75d5762e3dd30fca7b3a,767746197.4567404
a45ba5d63cd1971de19c25db,1072485157.2108582
8467eedcf9a48fee0d72d95f,1022559082.8921319
6184f12f3a903658f3319290,600789486.9154414
92ab018394a5398b832d0b97,732915155.583952
e8e215437d023387c4a55515,487498596.16881835
7b8a6949d55b5bb27c3c6839,763747770.3057895
33f1a7739cb556a78af083de,807583771.0828401
39c6bd862f908b7e8088f0dd,817142067.6641504
ae556ff5f318b73d3b29142d,645356651.6152195
e2fed68e0b614e65c05200b7,622519416.6992223
c62a4288a4a0336b1436132e,685105205.2923667
f23b32fa4894b6d59f73c151,676034194.1949751
4ac4fbcacef08524ccbf3623,301605532.9087567
5b5bb8156b98eb51a58e73bd,552855501.7121745
53fbed4f9680917f0615ae7e,448746217.6098123
730b528617c2841eea5addaf,503662886.72072256
13d08f7e14471fcf517c204a,351593388.09437585
da273cee807e254fc9aabb9d,603413836.3378001
b8f7bd85b61951ce83d7f57b,1211517710.210881
4954ce465ba712543bdf34fb,472365698.91743296
b7483c951d2c19de665f07b6,363220848.00450605
913cdfdd62e35472522d0a6a,568796663.7482791
be28b90a71e2922437f25110,559878078.3977226
b71857f1cc385219f114035c,545682507.481794
a72041a40ca87928c695b2f8,567898449.1522906
65a626faaed9d9e3b172415d,568796663.7482791
229bcf400e309619268dda31,567898449.1522906
367bc4fef78a9800f8616d02,567898449.1522906
dc0ac888f1e87924e3994b4e,522631450.06413704
6996e88c10a94d9ee7d05357,364931722.7311524
cb8fbae1b4141461127c97da,1110646618.7001436
d2de34876a7a6914c2dc479e,855382997.040547
c666974c4303d43b87714c62,605580034.8666623
e8491a7994738d098a7aede1,972706321.4219288
9a6440e5318b2de28b180a2a,747566907.7515435
9ebe11eba1a88fcb24fcd141,586668348.1293052
78b0f0bd0494fba0293eb0c3,585838554.2393268
047b0ded64dcae203a3015eb,621133600.8961154
7b95396ef4d0e97de8fb4986,866503323.6370384
08f1c136d5a456c0215ebea4,643821216.5154387
0880b703bf2064f59f2bf20f,890499082.1161752
cfc069bd55e152e40b3a1391,731729477.7340176
0a00771ee714a2f3f96c31a3,547286416.0058359
06acca3d0ef4685dc055ffa5,344469850.129146
f802b026db4bf9d68cf00b16,282970133.89947355
4aebacb9ecd0a117307c7841,773383451.0225497
81ccb7e0255eee6274f5d930,1177321321.6191971
cd17bb739ac79f80d6f651a8,1211479558.3972065
917829a0aba571cbe794838d,537033694.4148846
5b83b73ec31031582aabc527,322106052.7699377
5e18ac352e3f3119f5f9197a,801763996.1146985
b7eb15346797508f47ae094f,620833084.4379838
5ac98c971b9293bc6a8a6aae,753148405.4642712
e196b7cdeab1468d5d4e07c5,1044720044.9325898
0ea201bfd515584bbf72f902,956502069.7685777
d2e6ab3b3106f36f2c3fc119,476659265.31514615
59db28ba77489750903261d5,913340078.2861468
b348c76e55613f53c8bbc94b,852522322.1906791
a1e38854d6725e9c48c128b1,335575362.3594156
b86c526fed01211fdbb62815,772592910.7220253
1d2b83d973547da8c168f743,487465850.6261
0fe3dbfdf25d4b013b842b51,678447504.4377897
71a20a4daea6d31de942b2ce,1089571470.8264482
35352b370a31d01748616b01,1133377480.9164982
27942219389ecffbce2e1d9e,841213909.3004662
62fbacd4e172983a2a998daf,821338720.3715869
00c1165df93a4cfe679f54e2,866402201.8978925
207f669778ed0db0e619ed40,604459842.4185344
5ca0586ab7d20dce5e9ca8a0,706321235.1157073
cc27435df779f16e6a62b0c2,868112905.7932439
7a94d3d31471ae313659aeae,662975243.5963602
efebd19fc5a2ab30f2ccedcf,859240324.8420122
8037e40c0c8b20ab6e0d4b78,413886084.7664647
5ae3359bfe2a704de00e8801,656506950.8775742
a5587c93c012375dee920f71,597044261.5446459
ee7f7d547af56773a4b0afaa,786886117.6675028
9ed988dd6739eb7ad7aa5a06,824157825.8024592
26c08d7331ae19e1934a22da,742802592.8707609
767024c66d3a88bb18407b6d,899745260.0628234
6afa85ee6594d1c8296f04b2,593625481.885721
551ca6ad1ecfc7ac21f8ef0d,891378777.3461372
1f79204a8f62c29b0a1b29d5,369464520.34841
3dc0fa238745fbc31ba88853,374218332.2235265
4bc3f597867c6844e9b47fc9,399425610.59494066
53973c17ea7e89fbee5e6cf4,266498985.1191924
05397b2087e5cf381809f169,522322650.06136626
584990ea9718bb5598495061,342031910.59270144
2e7c6a89d2cf2d835839f5f1,637932052.8120322
5c02d79c59fb636ca4cbe86e,520565788.17502564
114436e00c03b44096823522,908414424.4369383
60caee98c3cc8526d16d7f44,547179642.3539658
8207612808b5947f2802d2a6,780776886.6425608
31a73382ae20331521bf2e6f,673881293.0004058
c58947cd4f238cfdc0007bf7,1414563061.8090086
a7ee02ad2a4fa122799a2dfa,932760189.8390251
c77a63e92b9f727034913d8f,597514520.5945747
56c6bf831d3c6737e3844969,608436901.4357855
73ec6f4da3c277958cd2c228,1057381806.4655668
7dcd1916c0485e0b80f9eeb4,1045031567.8158183
cafa94c4a56c23ec73ee9071,1134262430.4515324
d5ccfaaaa739b2bb2b3d46f7,400245694.79629314
e6d2e862f58445084b2980bb,1328411478.6086318
62f96ed5c1e5f28117949a23,455633516.15944767
20d8980a4fa8e094b7a5f00c,455633516.15944767
0172678cb0737e21a317eda4,442469869.68147576
6254ee88812e303bdedb8767,1415375185.0749085
a812ed43db71868625b351bb,937556703.4669315
2bd1c70db60a44d4400847ca,881555191.2877088
b057dd8a9c2082d1a78cba88,356569452.7645198
2fb149a70fa14ac05582ae69,626118979.3013917
47e282cb12ae01243d713178,582481775.0398855
ae47cf27964393fd56a52d7e,706180652.3040558
21642991a20d6b0d17dea2bb,757374589.2062796
43b10ad2660d7552ab6c3b10,628983330.7888962
64e5093d6bae57e8b4298123,832945940.139156
9d8d3e6fb432174770c74e71,721987083.3063071
9f2498c12d7b41c213bec0ff,455746564.1267344
6461c0a03ad3ecf2f8112759,642201029.4069608
09b15382686c42fd89b24285,966255082.0491159
da846b08fe2205d2e2a3dc71,437758706.51307327
2a89ac6511416d0920f1b9a2,821903889.6181508
3e9083411c44213130b2ece8,688226672.9333618
0f0df5694eb388d843e1f17c,674609842.0580548
ee6a288e644183bb191a6526,544438376.1432115
8f570610ef199a3ecc49a0a5,706508019.8739932
3115e2391cc3a078b5e6066f,692504389.3858744
c7e45098251c687efe670815,638632470.89086
8a3b7f5a8da339fe19e8f138,831167112.640076
2f801cf48edb712627196b2c,606573420.4769294
a147a8c29757c5d0c592d347,459868660.97500026
86b0aa633bb16582bab5640f,592550914.964046
c9620e3e2dce92bf95c57c6d,779090625.03405
b746e4a5c9d04cf4dbf887da,666649238.6678282
915842a8a03914c08a6607c3,356532363.1949481
e9e6e054c1d09a22b7efa20a,666618695.4754413
4b6fb9b705d80ff350bd620e,496849577.31180066
9a51784f33b0cdfce8312163,714835884.4060335
176c9a90fcbceb91569fa3e2,801729327.686541
c97e70a767a3661c4869bf86,521525819.66237235
a6bdb6221b88a24c9f8381b0,651769554.769568
0a1e6a95a0f9598150c121ce,932298063.6589928
37d12acc69d0e3e92420e62d,641664686.5664371
d433ad6c3cdbd707e6839082,742609213.6677817
36bec92975612d091a3c78b1,621068487.2345985
3eb97ecf8069775b9104af85,723872807.3707972
9aeed339b2d916cc89f38bc3,642356692.3697028
f404deec9ec16a8460397815,572528927.3762342
8a0114372706f30bf6867a2e,629837634.5320982
681e772045fbee930fcc9ff3,1199980130.9902606
0816f29a68aa35abd5978e7c,726520638.7498379
670fe8f7b8ebe006885b2777,746448090.8720692
d36dd340e5875df6cba999ad,918715806.9096465
8ae869c5033c248f881ac313,1035762922.5005786
294b04da3eaabadd55da9c20,914301852.9480863
17b360d57782208f5afdfe4b,831701980.9988511
88ed5ebb575d026f8d440c60,521220892.17038816
e611a37562f88ebe07bb28d3,468152293.27911675
e685650979374c571dea2ec1,541988794.7904398
10d47d2c73f0ccbc97979bcd,626480975.5409727
fe96a7d758a874b1f0c42145,480533763.72678584
a7634531887e969c9c5469d8,337193302.8761725
42f38b1b2dc077c88a746c1e,547179642.3539658
25e832098d9e6e7c2f9afe2c,758353518.3105661
b7dc47c641b46ca99fb83a0e,842970096.7233462
0391d158ab104c5cdba31872,843276559.8265032
a3c4d0ba7b85b9a6370e131a,971698826.7026844
27721beb237824844adbc289,842607664.8711596
6e807e25b64bf0de81f51c12,1280185955.335564
d2637d64e4022075c8f539e1,867475470.0084782
faedbe92e3296977872a4aeb,1012884840.3768512
5bbc190cdc5ff3296801ac0a,586824447.2869706
9b0abbbbfe0bc85686304ad6,572099053.1821787
f8263893418eb0752dae48f3,269451840.42122775
1e73d6064abab2cccdb6610c,275280025.77152795
c0155096575af5fc8db843cf,322433015.1206295
9c7f7b0ebe440f60d3bd478e,269451840.42122775
25187d9f4cfe89a525ef2493,298858757.9275726
85815a09bde2a30e296f65bf,267693399.39537415
fd45b984efcdb0b434033fd9,612023191.7515723
5dac2d2027b6c81c1b7ee3a4,267693399.39537415
7df538c0c831520e6d36e39f,349734878.563995
14b81320fc31c7a513242171,267693399.39537415
8026e480ba395cfe1e09cec6,277088302.2998548
80bbc51dd90d131d091521a0,681728960.419137
ae6ac510d3e46a50ef24896e,281174224.05718076
06b90d41ad3ce1d0d389fea9,753878062.7374591
8d911c1a195567dae3cad99e,565366501.2476126
2876aa9ef0b44e43084393fa,421681372.02480966
76556774906f9e12b319c232,270801266.655837
9662cce3c4b92d1c99849899,879687870.901539
de3d078e5d524d8a7b65841c,746630984.7632579
547c8638128424b89d602f50,856651406.3648846
c8a3dc3654c53cf66953de0e,769136215.0472541
21c8b93e50ac884e63514f10,799183342.1315864
49a0715897795017ee0de843,365009964.20188063
5d646ababb10f51c141e0d8a,651971690.5626497
da598f8a82b1ad1b02961cd1,667362965.3002809
84d8f7109615519f2ab0a48c,699915265.9586835
0d027b81f8391d73fe0046aa,754408644.5113643
079bc331430e94ee76f8097e,633743107.5024694
61055e6eb1910507640ce6b4,658535523.825812
3f6effb8881ea683838437be,871736653.4528075
92c8d6ee8496b91821d7ba3e,605343906.1697412
78a08f21f7d7c51ff4d5b8ac,815618018.2876022
f7ee7282cb9edc77740f392b,650884244.0561842
694b0a500f1619c4ac4c85fb,850038020.7964188
13d43933e04c3c7a9e5071cd,781757450.8730056
5abb555cb9d65db8e6c28201,468793866.24153537
ee8103b958673c589b9cb27b,934073822.7935816
5b3a467a3b0feb8ed81be1b7,1058183550.3762975
e570a5157e02d440a78ca008,715566025.2502787
70298b5e8fbd66aee975ff14,679876075.9186337
2b552d7b1a1488dfd618b120,352977555.8633355
f4ea9c80fe71a1bd0b692475,632048814.5321908
e6a9d5c9a82ba73e76817a81,722551277.3406167
9b58b5c993540ec3ab1e4a0c,741480261.7027892
00858277a3cf4f31b8e3f738,769052837.4234971
d937ac866f671e4a0c090879,696497134.7176341
7d02b3479cb2d89d55bd4fe7,888327740.627135
bf79649b531e876c5f03883b,575714326.5358977
66a2ec5aac8969b2be538c1c,888327740.627135
7637c251618135e082a9e2b8,761041361.6283733
e8c9070ca596f88bc2e0868a,555079294.3828764
64adcb2941e9553ee394caee,397385020.50443125
0bc8475715e42b752649b4e6,583364206.9888061
956ad3b1dcbe8f236efe2d2b,540628450.8414465
dc81900a751b64dedcb4ac39,545244954.9145596
02e52d3895522d9be85c4544,531947807.9538725
49d6752dd196e7dd583baf44,606242332.941304
8364aa431b2e267e41efabc2,590313910.0610434
1b59d33f9000d2e1aad46239,489388415.3079393
74a791baebeffcb7e7b917d0,581687254.5566883
0a3911a1a9284f2ff81689e6,357358055.93141735
6276bb8ceb13d174b8e405f0,467584046.65150994
d573d2caf8c67aa32bbe592b,536709329.9021658
57cafce17dc4de3bf8a9ba90,767920383.6576138
1dc9e5c684c831b204d21585,943010962.1613717
48df432642971a97d3d4bd45,480812241.21154886
4902ccbe8456d3f0a29e5059,552195757.6530168
3a810dc80d3a63f8cf106717,714356429.1236784
c9859204696f3440cdb541c3,763346311.9357547
349fa9cfa15d8f8bdcbe863a,1087531948.946019
d0bdb51c8020a37fe8344650,1016040662.7432871
7b037e6e5d110999e51b79c9,728551663.9925164
f677c51266f5ada9e23f20eb,351397911.1322342
1b85d69a0f8ce1d6ac4d4475,548511587.5323613
4570a3ca0571c70657b4a1c6,558290677.9344867
de32ca7785b71dbcc76a50a1,782119511.9764371
4e3cce6b581e74879c2dbc4f,440773999.03980863
09c4d4b5d1c0118d877d5734,655495933.8163896
b9809baae395914981a9296f,610490293.9428601
fa56058283c975be76d7c990,718573628.8514843
7b32938ebf0b1b167a3d2d20,594099045.149353
bb38c1c17612ce593e5ae7bd,272532478.636719
bf0485c2e267d06b9b1d90c6,693255569.3468401
0357d0ee6e0646113ea543cf,671973242.1840211
ddf5182c482fca7d881fcba4,875528411.4138671
47e6a61fd652a3dd37556ddf,547464173.4434465
a9054883a22542257c7e778f,247386615.98037505
d7c70d831e88d552da09ff29,942895343.3887867
d4d138bbc80a0b29ed28a4d6,522873564.28745294
dc9119767bf4f21fcccdcc69,735751978.6558188
e8caed8cd754b0e3d43e6954,618547576.650442
033307467830cb865a785e3e,717446488.7582955
5498b3e3ca091bb81be87166,588666076.2608128
bcaded180edb36336c2f5b96,805817623.4451152
ee4377ff95580b93e80ae08c,861447023.9039159
c25e1e289cac1bbbee489122,773042684.981979
7e41d90a838048eda035fb27,641467306.5116979
f418efb887a15127cf2563b1,446436026.1744756
93b27fa67eae8cdfcb846772,573922627.8580178
6a42271a0b03bf9a856d1acf,604948402.0285535
2af9e271765438a47fa7e7a9,354431164.59154487
11429e0923f804d7dc5d27b6,898966577.1436917
c218434cb0b05ebcef935e5b,789552927.9916618
a98e4f4db7afb8a6c9f69400,655139751.667612
3c35c8993bb937164ae4a880,772379752.8645253
c23a1372c81ba03e6dabb0df,550061492.5639791
cb332695a296899d1c798426,644066389.204618
2ace3da2fc4e0c022f7a8755,850338429.0936022
14f1bf9aa68aee1ac094097c,797911913.9364839
649a2784beb9b821d36179af,601720767.532973
6bbb8f89bae38eff88c89c46,443871720.2662882
1905b860a8d463c3048b4e46,522885410.3772115
3ec50faceb434f716d73613c,1066599875.5063574
99543a17b33ab955d03adfef,803730772.6228831
edbafba81b92efa9b1400987,857950591.3672622
9b3846c7abf642e0a6220e7a,428103014.2549358
691c35e98d0d5780aa82aa06,575565868.0355915
395fbdeb9f0c0586a2b20edc,514675041.3215885
4803a3aedb6c20eb194469c1,496404687.6280888
bf95acc88b60a3d531fbd42e,494995871.43982846
b936e36ecacd7cbc3498cee4,451961570.08352685
293c8a0a4a358fe7554a4ae1,858401353.4788058
5a72e2a62121158efe59069d,618066942.0837454
605276b332b5e5984b83ea8d,388469400.22946656
d3de7e975a9215d04567e467,463915119.0894972
44b623f7fca1a306560172ac,621475588.9426339
9a6a8802cbf3549870c55031,491182318.0586297
f43c684b789900c58c8b5fd4,463915119.0894972
dd7ec9d7dfad5364dd303f49,601835849.5079247
506f2b1ff3e4e7e43a5596f2,684570297.5792665
090d371309090bf83b6fe0f1,740226795.344304
886be9a1881866ab1f300533,543561460.7678732
ef34f331871e8ca6573981e1,501106050.51295906
53bbf1d3345eabc2a8b7f5ff,676170326.9821225
5bb87c8d49ba8ae67a659b52,723767351.2442912
21dd47ac3c4e1d6bd0ed2485,572246344.0827565
f59686ef2740247394547078,1066878600.3142608
8fac177c5a8b4faa21b33138,320206041.1920057
b2bc172a3ab25b8caef50189,731662888.916641
a10055de743532d7b7bd29a0,552584234.7292548
c344e3be381326a1b6cb5989,624682626.8275554
3fa4ef366575bc72ca5a0582,695525778.656911
e9205b722e624eba0fd36145,1160024574.5351377
e75699a7693c678786ced75c,566699770.6260679
23208132621583ce4a46de77,1033954712.6724266
558d9e4b57fbe6c7e0a09a95,845700227.2834135
1a6ecf722b2eed8cdc19ba20,753306063.0191377
11734add51785f1ddb999c5e,679659877.2101345
82c9ce0d018c1d620b7a6689,567249936.0365869
80d95b058cb11ec829b5ec96,686145506.8744112
cd89201cfe3fa19a4eb14bf1,572246344.0827565
d0a5f33f0689445e22db6626,399988921.656077
c7c99ae9259b34bf9b8ba799,439199259.8434705
73806685dec82cf637f19384,445675656.7057759
83007c444fa52b34482ed55e,624364231.5115553
e08561df5747246d74136dc4,391010166.88195986
5b0219cdbb8ed527aec91659,841646983.2195282
119805b72aeb50f05d3a5bd9,896229022.0164231
fd20cc372715855081e24eae,942747557.1648465
e4a021b625f4ffbed391c6e7,858808413.173808
902d4fc2c44ae5ca2703426e,683684396.0259112
71aacbd62d72d3eb29a744dc,673576305.0695242
7290697f96d8e2101089984a,681675697.531044
314153750510e92ddcecf33c,897949555.9155672
9d576cf721ad30ab1a4fd554,352153245.41116595
50160783a9a0503df5a38dee,565611232.3162262
0f4abd70b68453d3500eebb5,372482655.45195264
42cde300d741cb134a529031,403061143.8794468
1e9cb258a0b7e08244d7fcb1,653744566.519979
febc9a1b054671445d756cec,627112529.8433752
39351adf139f820864dfe8f4,951247493.7563132
b4fac45659e67d4e91fe65ff,247386615.98037505
fbe555f6bd0edc1bc950d9ea,789290328.5790695
67308f6bb80d2a203e306104,378240385.8585265
799cb909791d43a1eb305eaf,706053001.144733
4354c1b6b27a87c451ddaf36,537585042.4205931
0b937a3ea4864896b744108e,317298297.45693505
b96d8b77fb5ba71ebce2fb26,699925750.5901536
f4b1645da3f4286e39f2fe4a,756117875.4989202
a2d1de4211aff373009809ec,535537423.2447782
50b619ba3e0b2a4c6512bc97,619513023.0037836
3d57abd322b0077efa1091df,844748884.3465387
652793275729ff3b69e86072,652272596.8325255
1e2270f9f49aaf3be01dab49,1384691364.4622188
99970db787f55a4d1963942e,395901292.8200584
801d821fd6ab7ee01b62a800,627246409.8057389
2abd46909a251b8ebbd37133,548348795.3567431
20a783884d6bcf1aa5697772,624201194.4373902
2fc38ab2689eb24f63e32efc,696143721.9264927
1f592cc4ed728909040f953d,1042823055.4847132
d1dca15e36fcc5ec14dfd870,1042823055.4847132
54f7aab6b91b48272a81fb47,993850920.0645106
b6d84e7d569d8d0f0d0c9066,905744566.4499433
54d10cb2a44179fd4d726f1b,1005531121.4051106
341c307eedfce3f735f4a63f,750471163.1708486
1e057cf20757627d1b006141,420522133.05762875
798bf22408ef6814759da1f5,722899330.4158546
9ef3691cdc2bcece41b47e78,752535574.2945735
fd5793113661540ee34b8cb8,729221985.6059461
9c4ce4e9f12764544cc8bded,596069599.6626247
542b5322e59a3273e10dcda9,779668215.0132234
af578bfec5d84cc2f4ffb8bd,556781657.0029662
a310528e34207b5dd813df8f,756117875.4989202
ecf5c9bd618e3976ceb5697f,879373257.6118454
d342a1ae299065045a957767,1221376388.5048764
f5dcdfdcc8f414cb7a38309f,594343830.7220491
4090c1b86074c8e769cc72fd,476403320.79508936
7ef2d4777310765d0c8121af,840956204.851549
39222ab30001b3cf45b7de65,662238445.2158595
91a73bedc30e0c2acd95d6eb,478457014.5674387
d1e6d6900eebd9ace65d6c36,603538576.6551746
592c9c45c07388359f663219,557001581.6917162
738111512f5e5052927468d9,896795110.6321098
0db51d4771623f5fc1026d74,489272410.3361245
82c9556e19072558cbe3a7ff,414360903.12900025
c1e51ab95336a51885b4c672,642137401.8229965
0eda675541a035b1f620ccc8,776554579.7115601
cf379b41b70374ac4cf82dc4,494785250.7823325
d90c961aa01e51d63e50a2de,773277784.9905796
990379c9f9f210206c6f1916,993364384.6039842
f8189811dc639d760937df95,482725848.54633975
3d1deb639d94b292552a123c,610305638.9070755
43041a793a13a4171f22e492,654724248.781946
052d00805b2602cac76fed4d,806123267.6693151
c76207e622cf8a208910707a,702209441.9361143
ebe33bde2abbecd6d1fb0cfc,613990479.4251252
2e23ee2beaf5293f57a5c504,497276575.5979889
abbd422c412c2d57f5df62ba,436874457.6945868
648217f4d8b5e0e65dea066c,629883590.71867
52e7657a539be5f36f48bed8,920919118.540611
3a276f0df8c12422e14107c5,747569956.3318831
dc537b5973d2b94acf6f23df,765490967.8064649
0a41279a5ea9b92bf8cb79c0,1041766410.0884054
80ed77aff62d4c57ede6ba94,605465229.0479867
1fbc660f780245bd72015f07,704238730.0906734
df1f513009808ebd46ec0847,687425088.1576837
58708fd9e83147daf1a80c48,503717582.12973005
52b699f9900d81ae85ddc7d6,785196712.2173462
98c5b154ec80083bf6f51835,756117875.4989202
588400f7829874f9de919e39,539055294.7277529
46a2a88ef09b2aab932ea02a,705343277.7467711
31474c62a8f39e250fb2882b,922591175.6451674
b40873d316de1c295f2a97ec,787349511.6219758
bf4b8b23cd87377169684e98,751197412.3123606
a34b3b037805f2ec489a95fc,681248933.2858944
963985c57392ed0423d74caf,668110040.9260992
a93a37e4cc75c069e14ffa00,646836759.7159634
071f284d07719a3517c55567,719644382.9472305
5d030db414b00948ec10d18f,406441144.3245537
6e57de8c4ec2e42832cd4b09,761352328.6259639
d9ee40ccf461ce3e9ebb815c,667532179.6898301
ee13d186a24af238d06e0c2b,723449533.7414262
f27397321c007765244e56e3,896844731.1728152
959397711c3f452486ae591c,872291180.1600643
a41222195e5c7d7987dc3c7e,393326453.43564516
ad14cc63c36789bfc1bac0ef,384559259.8388228
79ea72e7b03cfd4fdb5219b3,655593534.162611
cf68e05962a41395844e9c80,629736484.2246492
4a20d03d09fb9d0ee5565ec9,439664004.0560889
734c9446d0674b8d6545bfef,808699494.0632888
d9706de7190ae64c83e65769,682918501.8078095
b778282fc4b9c43055629e44,767240963.7801242
a4d4d6480b56d6198c0120d4,634948081.5396892
7557a9bc12cf0f2901c00264,916889345.1749225
41376f69b086937257387f1d,658742779.9936992
2910f3631d1db77e4b61f8b5,598990022.3356805
3a8a506c99ede47ae2257e87,576056387.9169629
25d89911e830697217d460f5,517483596.46454585
365a227184022e99f1d2a816,633838798.5286634
c6e34cb4e79a729a5df4183a,736259688.6724961
c5c3f06bbf812593d1b95a40,766697058.2697415
acd6ad0081960c0f17b144dc,758135456.5265636
344a104d2210954497a5a388,717212827.351586
c0109086d0f49aac6c3f3f18,538627467.6103047
c42c99f5da3248e7bcc73fa7,778739031.8376001
8e1e9ae57400052cbbaed9dc,1236452906.0277162
8cdd55d191f206b0841e56eb,751197412.3123606
c1e0b47866cf4a0120e4b3d6,574417369.7703
45a033d121ca5afef24161ba,589512721.5837929
bc834280fb45fb308d957640,506037467.63186896
9ddc14c8e7fe7ffb078e0019,766105007.7775496
7d66238672def6f73c25247a,500671752.61886346
2c12cbaa1f14553c1d41b958,462339180.1327689
196969a98960a68088266261,785196712.2173462
a5a3cab55661982b7d30bc78,623866532.987696
6464d5cc161ac659dd963897,496601567.5675023
e9f44786cf982100af0984e4,843217258.4132402
6302e608d8f37e63f4e5cc27,437871792.26520723
ab614a5008d68aebe34aa201,825315962.5960397
06bfbccfb3ec0b1f65f4b351,797394989.2537053
f7f46ac9158f0a1edd01709e,782441090.0932504
6e233ae6294318baaeebb59b,895460700.7473681
bf6e713a689f574b532edd4c,828893502.9044808
a7e97bdf2d4f2f62f9889c3b,594927832.0961587
784822ba0060eac9358cce22,321200311.07983744
13c51ea93d19df6c273a1502,531593576.14181453
176e00102fb65cba56279287,488614152.8206182
52e5904902e4d75ad87afde7,589147010.8350306
728ce22c8db9bd0abe3f20a8,646899957.0874673
e8bf121ec117e383c843bc51,1364803264.4811661
878ff8ef3c862929bbb19ebc,604175247.8848661
ed80ba018de35d5d76d50db4,959047950.9939641
9267fcc93ae3b6df8c12d9fb,501435269.0546491
babe27dc477f5e1b7e438422,676899829.9818567
a4173461aa676e09227559fc,475082579.4437374
f0b2a0602bb5a83f0827ac75,780366007.9115442
2da346c00d6fc39268f12b82,711971581.3898972
9ec5fbf8767dd0d2744a79b4,603602115.964468
c85e9bd6e20ee2a883d0a7d9,348412597.0674449
191cb509fd44e580ee32486f,790201051.7443842
053d37bf1d988505b5e91809,685636611.8918524
4d3a66e028dc8f3e9ad9e9cf,589360248.038902
c75b265c0eb946ce77e32ce7,692303778.4140419
d233eb8af3ef7e325f6c8f9f,388620962.16994137
7f7f5313341b3ca499968716,632220182.3361554
4fa51848638f4437a3e31682,839953631.2596682
9090236db3ef719edf72a330,1094971322.939667
4dacc190eae91b059dacbb00,939653424.4417323
ccd2f6ec8e9841f1068b7c76,749143294.99254
a354cdbaff42acd1a0b5d82d,613293102.6220316
da8d3092ed0e085a83a7d67a,744101008.1282647
1181e18553eafcf5edf6fa05,917880886.6831685
5b146f1914acf2ae78360fec,860327344.9662125
a0fa0aca2f6c2ae65a98ccbc,679876075.9186337
038bb35043651579f443c481,760738981.2127203
430c46358b85ad4a741c7187,257310225.60679677
4becfb041b0439429f2cffb4,532875787.50217384
feb87029d5a2e8125e165bef,398012047.85904175
61ffbbc24b30698ab8f735c0,595378106.7961409
0e3067f71dfb9dc2e03bba59,471598049.8158852
b8ec643c66478da376153333,523439420.806366
c8bccdccc9186136a332e995,762219289.7035575
0f4765c8929a87746217e957,1026252187.7352626
68c145df0ef91fb4d14d001b,425070171.0272317
e5b92a0c67c506ca6e92315a,510476304.3103901
a482103965890c922a66eedf,564433370.4789903
1d917f9f5a3cd44cc4dc8d2e,505323131.73308504
4cc968db25c2cf03991c0041,577392239.3623784
91ba0c5b21b52734d1e244f0,620039769.0478077
d6a8f4abcb02142c6dd15b30,464010150.1791431
0587e7e1f03af8ea6c46290e,485038750.33614665
61e1e0c49f3aafee6ec9179d,715728709.1230862
797da4e993a993ef80277108,740188140.0888473
b8acc8e72f2c498fede3fefb,744326234.2473158
ef2ae24039bf2cff1caa4340,594890996.575197
cfb8d15c6b0c0e6ee4b92109,770931851.1958044
05aecff6fd8d866c6c157a9a,700463473.7415583
b2e37eb7cde5cf4290649ad3,924643725.8408761
b7ecbd35179a7658f3c11b41,887416248.1902392
699095150a7f3f32c40454fe,1272191370.3280528
989a4fc1590097414d7c3fa3,459485784.2688551
b6853999c45e21646a0d1b20,247386615.98037505
6ddb6863958ded0d72fcc6a9,342584542.93013984
f6fc3807b54d8c69459c4f64,492862954.8816348
6528ca87df8bb477f4b6b8c7,407340609.26344204
7bba885503ea7716ffea503c,519630988.5247632
846e6f1ba1c94966314345d8,741235536.0481404
04e6a79dd3e4d8d17c8b5387,1133278854.5621078
4d60db10157fd0b5eab9a23f,842603311.820143
0d7d434afcc5e93050e0b86d,906149588.1146268
bb9ffa04d913d06846d082a7,789580422.0603871
80abc4c356813c1e4ead1e1e,507851345.34925854
df8979b26c9971dd7c3500d8,764583893.6747916
6ea18874ea84b5b4840f9b85,547628257.0684631
aa75ed5781e6e8584143daa4,674177928.4626104
c8c8d083c9b9600059a8b8d1,412691975.75185627
5c8f3b7ccb4340263c255d00,685815600.5541492
79b943894c4dd68bfd8cde7f,585561966.3341985
64f36d32a3a64853227fa69b,1204167653.7006001
d7080c3742cd9d72e9d0ae48,505027320.9819043
8333d32b98625a2742cfabd6,710671867.7633457
bddcc7fb72bb973f84b864dd,728325503.6341755
5a80dd0f68dc2cf9fb1b0c03,482243060.4339173
5d82060575bdb7be33e63ecb,767469438.4754783
de416f239b27327e0f78b862,951663790.339474
816f93a2e035e4fcf61ee4c9,779762766.1674732
aca1776ef24acabe172d573f,804704315.6439301
af32aa018cdfd081a81bbc80,646959207.737635
7d133cde943d189c9abbb6e4,852149214.4967879
80035ad5b3b4a948469800bb,674340752.9795371
95bdebef7fdc2ac0e9541c51,787865144.4276251
d038e5695b32bdc6fff1f72d,820463724.5707095
2979f2d91d649a8c14f5453c,752579931.3965315
a0be286778d94153d3b22ccb,846138984.8209718
57e8ea351ecd1ff0825b1324,842549532.4563682
c84f96cf4570158c3832c3f3,724920267.2239993
93ab279de0b7b414ce758153,591513834.4908363
2018131ad3f6e5aa8f4be704,958451506.3447461
eb055771816b45213df3ff3b,377750207.10974264
8e3700ec731701361d7bb7c9,548517134.8739016
422e994aaca85628ff759004,601399372.3535298
569e2cad5c18a5f393f80a8d,678498998.9012715
7b4ca3a8d09968e48c185260,731945314.5881817
12785f791e04b3a49547fbc6,1032057470.9094999
02ea72128a99862e9537718e,675952448.8619676
fd77ee8ca0551b5b614b40e1,807791947.4659859
ffbf6a54fb00029ba24dd3ad,412551759.4802191
a295b12b773127f15e83e174,478302715.7927624
90f0cf22cf9c8fcc290e495d,394143034.2931238
220d466e3737f1f2a8ed06ae,356569452.7645198
235c56f4afd6d87f1b3e199b,404114028.7685099
eb0f3b14782c9a484408c606,670750045.2824807
4188712d431ba996cd59fbe5,497489143.62808615
3dfd7e954d6f7f40af60bc9d,476662663.75471437
00e80be4feb1e8593b7713fe,545146628.5677478
eabdd1bad2bc4351ba4a2635,753898835.7874382
850342685ececa472945f7ed,564335583.6949924
ecc4d05489c5ffc8164d5469,374218332.2235265
2406d47133763272a965ef51,381545055.7891331
b9430e8c145c2a0d7efab2a4,642095863.2108785
4f8dfb8de411b8a05c55dbbb,645890646.6360096
574b6bef16abb21fd67db401,549458505.0539078
e7ef0d61e27de15f10b0d643,753898835.7874382
647ec3f486cedf045cdd3b68,552744417.5628283
69d83d8492db7ade6c37c3de,544953712.5524431
6c07175274fba6a0dc467cbe,617963644.0281307
a5a71962df1b8bc45bf5547e,696327893.8739526
ff61abc1e7843e20b1bf8656,466080873.9105042
540c4d7a79864885d73cca95,408960163.9384724
17d0f69ae2c4f1aaa1aca9c7,574695838.369638
80de6a9303eedbfd1c69601f,689049358.2336394
7cf573f273b14a6cfafa3ec8,558319850.323025
eb9ab213defc2de5d878653f,535932513.34178406
69f7ab8608b5328f106b42e5,720031731.7432028
9daaca90887e5144c35daeff,447069700.23616296
2bd08c0964ef4a95295db843,735354383.3358749
34f0542a538cee9f3624d897,409164718.6914911
847a7fbd4425fd2fbc4b3edf,1149170894.463288
22428154baf95870f1d83fdc,620240291.9974432
18e89f083fdbce3da0a82a4a,979631630.7656491
63674e7ddf6f2b4d7c6d5c1b,351328899.24002904
0e97f66cf4208c1a57d1fb17,406571787.7731763
a90f7cd68b662c87d9fc2d5e,623197184.8371428
2086639384041f3a9b519140,717212827.351586
d38353aaffa4af168518c6c5,634649720.5808251
d994f3919c3c8fe0ebd538ad,756181173.7413291
ea9d6dc517c77ff8bffd596b,907357194.4214163
ff83788b9f8db0297f6c0148,1025048020.095038
9d9564415e52518c2817f66f,454604170.470923
9362189c5d784741c9b0f8e7,694054688.1036667
ffb510bd3f847f4ede255fbb,470376469.72828305
7d3e4ead63a869bae978027e,772924933.2028857
5dc404d1c214abd2d45b2a0a,961540369.5653234
64335f6d4c1a7514377be77d,534842752.72660244
b81801f02a73feb1db7f5e83,973967085.3836199
b5d6fe84ee7c6a703891112d,927722907.211991
af0502ae1fe341c2ce1b5325,526786922.35088557
ec43b2789c9cc266a8e0d1f6,468600162.60938543
7ff8b0b5ab4fd12f3be399ce,542384427.02361
d5c8073e3ceefbfbb547eee3,642651806.7495763
66379c5752189c150954b4f0,393958428.1497527
6a3f9046cfdbf4eefca3ca69,501563230.4441925
b549a72c938d767ed504bd83,720766672.4723766
f48e503ebd3908838c1f2ae6,469981620.6748289
e58ba64bfa5280630bfcfa97,657511161.3541815
07edd16680605925192efcf1,621727228.8598565
70b821bc1c7dd846a8be343c,449744185.3547639
d84d7edc4a4896c4a8722328,471403415.46139467
6d592a69209ef3356e656c44,477161468.7927779
ca9b2ef10b512905af6be620,776925357.3084073
bbf16146922556095f53b5ea,844794586.4726859
86e80098f5a3e7dbd635838d,612921673.384299
dad46c20f9f7d834e522fdd1,830362113.488826
e2dcb036931bf4b2aa030036,890971505.0387911
aa7a25411bc0f9f93dcc40df,355815661.6523887
e192181121fe58a8bf94aecf,560489534.9968115
5aa715bbe2b178ad0c9e4b08,794798055.8472925
43b5b5a9a1615eba48ab8b66,399425610.59494066
dc91e3fe1b190fd8cf2584c9,509614051.8985532
1014341bbcd2fd5775631f78,502922202.5370926
7f2e9d302a6ed1770db9f7cf,673881293.0004058
73f4074e5e09e52e0e03598f,640291893.796833
0460eacc73398bb95f0518e2,968004618.751082
5a44be6fad8878eb2c394ca9,900621019.8388438
936cdcce007bce08a72112b7,555427517.8435493
8334a4cc7db8ed5c0071fe95,576274345.8558593
e3e9d1d073b129c697c1e9e9,631890185.9718621
dd9a60c3d502ca3cc98d9b73,672168353.3857061
949184accb5878f82fd5c10f,966733870.1691445
bbc675f7edfa0425c78c15ea,738609334.5990145
7436750d73f2e56b4f29e98f,558609646.8495202
cf81103f31f74edfe0453de8,725916868.6926831
620e467297aed5c47e22735a,313760964.2778586
41037a3f8625082544979179,491819844.2486673
6a2db40e5f210a31b2f7119e,643503822.3959405
0083ef74db679d22463a1afe,637364098.9579333
b19be1ad7f60717a943ff0f7,433041206.8959207
0906b6a88fb1eb0d7bfb6bb5,453174107.9675837
f82adf71d17c261b41a5231a,692928841.4437068
bdda694c42c52ba4803d482f,710123301.7690271
80f633154b6f94b8fa24f213,571163677.6654544
f69aa18a64d8b8494fd9fe3f,356052873.27307874
3146f3ec9b237fa0944cec7b,600716991.5793138
5db3d671b5aa03dc33f258dc,365169271.10668254
d5239537894ce7f2a9cb5a49,501212363.9247254
bc28e66374356a4fcf9b62d7,484706724.93833023
3697e556be961a16a621f3e5,456729025.6306556
bb6f66493fbafa76d70b0a34,618065426.3018702
e78a4111d943044a9a32ed80,713996575.926568
044e2daf937c0d8373f2e914,736440834.4212401
77668d4325802de9d63609a9,674008903.2714753
a85ba83751915d8d5d1a0e09,833819656.7187432
429460d5f5c5381e945cf449,718438236.6768534
a53dc5c58f7384729ba37a21,681788367.3733765
a4dba76865fbd14aa19c0286,948193296.8724066
7573c18a79e5e3ee0610d7cc,769371869.4708571
f13f72c1cb469db92b25c2fb,1072016826.9431384
45dd7eee4488e88d71d46783,1286523623.8729773
dd4fd04b9fd80818bd543f9d,743755783.3446761
500a3c5953f89b431184fead,873691272.8915269
d2e737461b916ba78030c76f,785527618.8767201
e1e69b5a90431b8a44265487,539867416.9568908
49cc8164d94a2afe8b750af4,523289882.7367619
e9b054016b281140d2566d88,724616920.499763
32161228e9c502d2c21beaa3,547410479.2851487
9017accdd4fe3229fc45280b,269981617.81101704
17fed4a312a9b773f64861d3,396930443.70588064
8632f5681d04d9c934675409,1071788977.1141123
8356123e4d10a479a12e98bb,541930906.2961818
70463649ffbda5fdf3c10ec8,670606950.2960757
1414ec3cdd3f6ab772fc7584,619513023.0037836
937708417ef2642b7d05abad,952842481.3611987
afbe90d764c1821cdb26e38a,481117857.2193572
14331a3db021936067b15890,529412475.54267496
793efc460dd25b67c644e92f,617465687.478941
0a9e4dd0eec86037a36fe769,558417772.0540088
e5168779de76d99010e37c7c,806826632.7271855
016dd08801ad1a1e7f6e695b,971335170.3417934
ce509ce153f452ff8a997538,720858231.2791047
66d8ce8e6aad18a4963275fc,665355246.6314532
8398e3b96d1311c7264f6603,960920387.5949473
e9081115ab418ef1031326c3,481087650.94827735
5c8240a1ebf6138f81dac715,717755678.083253
18cb1adb2078fef29a613a96,540178246.6092749
4167fdc804227ed43224a32c,905957920.6021897
b5d0ae257748ea92c47d8fc2,344890900.64318323
1d17f0ff708e6f0b93a990ec,771216746.7013156
764f506bb2aa1ac4de918a71,594003252.6385676
7a861f1e3af4dbbf55b2c301,434630088.1116505
1562a23a312478d7a05a33dd,785196712.2173462
0a040fd24e23a77f0c58495c,667975680.9923819
7f0f5931fe148f6187ebf512,731073520.5560673
9fcdcb2be94744d00e734a3a,942685563.3791786
f181f74e96a93820a23bc0a0,481681765.11013967
5193b43c32a2bfb3aac6b2af,906962920.778428
6cc7718e834ba47a429d6874,488812740.80753565
b8d06f4ce0d6e71ba0fddc26,635930754.4930426
30a30e4ab286fd822c68ab5a,678009512.6642889
f99bdff027d28ceca0caacd1,796065183.0998719
f46f5e911c6c595efb5b7ab5,758193574.1050438
a7f0c831d82505044f370b1a,476389591.5106957
17069e9f4ba45c93738b109a,520175370.2543344
dd5c910c2a3d63b8fa92096f,553091202.698786
a33329c9ed11ee8b87aad6b4,429457533.08494055
925b457b5df270a68b84753b,323867085.75739527
d206aafc71e8aec2afc3f8ee,526296288.5858066
f8232717e74332384075dde8,383177182.19620967
f60d9f0751a14efe41be383b,314010688.2918054
13adc7946bd4e6e3e4416e52,400596141.50937384
230cdc90e6c825d391d5025d,449517816.7409002
e98cb170e4383546988c6829,553091202.698786
5bc46671989de2534553ae49,539884954.9218421
3b98c8e46cf8477a1968244f,629904186.0776144
f9f5fa4ad495197a5c9b492c,321753531.1807067
0bd42f8ee9d36dae4cf35886,324200141.7771122
567ca46ac91cc53e3b479547,390622497.5812764
f0ebddf2bd5aac661e4945ce,506263718.08268076
eee841bc785b1824b6419a73,619604453.6460927
004776514ad269b380581066,515346382.6224452
bd3edc7854cffd6b6debfb98,553123881.9405577
0b42bbe66e438fa81a2ff77a,635923855.5479938
a33bfa6cf99e26bd9c49f8d8,673146873.8998939
8b45db8a4f2c0f772c8d44cf,304200946.90741247
262b5b0bb408d7cf53073832,457040688.2188693
5844c83fecdf7e09b188c2f0,618059587.7358756
9cc3c05f0e81b8f6454b80ea,433394354.85320884
07c46b493733d74c4f384b79,577263805.7426002
932ce2fe93b8e1ec0e7bbc8f,349618450.56147116
559fabe06aaee537322d0af8,385645091.91006607
f4da2c8dd901cca9cdd51025,618059587.7358756
84eb4861db0816bc8722f379,673146873.8998939
d0dc69570223bce949a4c17e,554643593.4384732
abc2ff9d0e7848169fca170f,333403638.91246706
3e3880088f0df7c447e27840,589080475.7818965
3580dcbd0a6d7d6d3546dad6,748724994.1400883
f123231ff18912a3dfd7cae7,505588913.56440234
78a7eac41dd672cd1863e3b4,790656306.8053371
97def72de478566ad58020a3,704270589.7221346
e3e2e3080cc309d34014e8fd,575563182.7900052
71be583d473084bc0608d066,594902661.2610855
ac6a4c672dfbe20f5bafbd89,673146873.8998939
f4fc081a112f5ee1b3a09e70,633286991.0114356
d8add8f5e0aa562a63c894d7,748724994.1400883
88ab887e18e38d0b8315286e,769409104.3438381
07c8af84608e6c9206ad6961,673146873.8998939
2b352d996677e67156391e25,546737796.6581434
ced624c6debaa01c732e9f60,677381109.3336006
ef92f63b46f27ccd2151a21c,679433532.5439901
f4022026c279a9b77a894ee2,673146873.8998939
e2e2218086e6ef5377c01b68,717482400.3515714
4af83eb7718f5823ae69fe47,642547276.1247756
ee98e745afca6de4550fe570,673146873.8998939
bd1fda425d792fb0de7b4499,593438392.1581243
86b2d3ad1dacb372734f810e,589080475.7818965
98abd5139cc3ea136faf7c8c,707217378.4108443
4582ec985de48290c5f1f5e1,585505204.1986394
312a6b2a57dc6947f95213a5,352854244.51258177
86a47522586da2884181f128,591063956.5127372
b41edc115f6b439caf392941,439396429.43489236
fac682b61b813044a3e3ad01,711544630.5093119
63f4e57fb2cc22659e80d6fc,305159809.5971882
4310c7a552b20afd46f930d9,674005660.4258038
4f18341de355d2cf57a03983,442282763.9873208
a418dbb6d04e505c133c6c1c,593724442.6634132
afce1d7c5576dc49c80bdabf,550493027.7652509
5ec12159380f4d1a85e8b0ef,472879901.91877586
78d10967c36cbf346bd58f63,579270792.1128315
f995364cc33c431b3c93db45,641550855.8318243
99b31d0b5d5ab75a2653b1a1,525212587.657977
42d42ad031a2c62be9b5cdca,673146873.8998939
73d09646de4e0ab46feaceba,482719617.41483563
bef4759bfc25c7d44a8112af,618059587.7358756
c038742e427830aef3ac1c17,425291118.57785606
e96a7f5424558193663ef6f4,626152175.4415305
1af243eb63d893b1251f44dd,679433532.5439901
a083fd17c5e7c9d33540b922,398344959.9497001
549024cda1c093c9f8bc2ea3,447190183.0797646
164cf5fb9a759f2e4be67b6e,623681559.9198316
65ff6cef76efb4c83ac0611e,494361281.86423546
784b1db005d39c2f57666efb,550306357.9374402
a2f06081983f748fcd74652d,454489267.787681
66e4f010db2febff23b4a4f5,522631450.06413704
9702cf3039b86f97c003e20c,678193811.0840974
48de5d43e88caea594ccd27c,636936675.160405
6732c28a236aa1ccc0cb2c86,817040423.8183833
8a1d1f70adbdeb233ed3ec3a,586951722.6106046
c775d4f60fea55d5511da4d4,582761185.9987923
1f4109e1a4b47a9b11c2c019,711525672.9575325
31ef69bed8e54b5e1fb245aa,699428975.5047984
882907ccf178b23a02ce262e,466781752.0655693
2868ac4225657a13f6149e6e,666650346.444836
cf6f0a3cc030024f4e9ad06d,668522147.4050655
0a1cdd0d5c3c8b973ab1a98c,777575919.533566
0d099b1e1a314dfd9aee5293,513258684.8247709
898d1eb301c92ab6603e0b81,554279908.1690658
9fdf7d85fc65849cda3afda7,725941361.0449134
f5ee97750fd4e04eafa9d1d7,722718180.2318788
ef9cf29f71434be184a4ebd9,750739811.8022975
e4559824c3390efd6282960a,544329700.7414938
f8dc73052c66ab334cb7be14,653208659.615068
2e992370de3eed4ec1271589,686982029.8092157
e2bbe9221780d01a265e2ef4,638758967.1869899
b65a2a140ad5fc6e3e26b6e3,421356025.39004195
3dea0748459a295fcbd2f0b6,505078959.64337903
7a1cb1f751cd36bdb6412ba2,651971690.5626497
1381c0399ebbf19db3a11820,421356025.39004195
479b2c9c12602551bbd0212a,513258684.8247709
d463fae95232d30e0f78f93f,399914877.62367034
d0df2748d371d98d76408d66,532694089.13819045
9551dc6098b721dd495e5c57,834583088.2414224
fa736ec3f2f066cba4328908,673073601.8864629
37fc4ce5dfff7faba6bebf8c,832549216.4263121
f336d60e41c8bfee91d58728,660729435.8486996
65e1a61d984712e76829c821,821077478.146274
65eaf65f8dccb8e49a93b753,699399579.1515882
36eb8139a5ca1b8459eb52c1,733370563.518331
c357cc3d2f4b45ca3e1250d2,615041943.6606939
4b75f2b374e8674e8b55eceb,771289494.9294455
9c20784acde0823e9479be2f,531242493.32807004
0f2aa0d9fdcfe894caa8fddc,738145519.4737188
23374ef76774d4f95f022473,951310471.850654
4224e69acf9fb071d4cab498,963064301.240547
a41d05f2ae3e022c16088bd0,922559538.4524053
9b30c679d7da9169580773a1,839365687.2528821
2795cdb2f4d568a782dcfc3f,875956624.5664583
5399af7ea98c97b5906efe1d,696202286.8486747
5e93ed2a9b36625c4450b5bd,769939893.7461504
d04d42ff91707e3957b4a29c,809994883.080834
f32ea78bc5ea15d700d3c118,582064167.5137067
8ce2d6e505ad1da079f34a8d,970827838.2989378
014799b9ef7d5244fb6640ff,875508196.8626541
f50a72cfa82f3742189b7fc0,894219053.3805523
8876b38f90f5571639b7d879,995287120.892809
239a2dd25f604c730136c720,828336225.5301012
db297b6ab332cbbba338e7a0,574637133.3616682
5aaed76349fc95f6c12ced7b,1049622669.3433282
10c94f25ce3f7532bf4f3152,868595312.9563551
d0ac1f63c75987c92038bd30,769939893.7461504
db5ea791b33be91840a6d045,921060736.0930634
8627562772d9d63bac507fcd,863084320.2782835
b1ecdceb6ac00b6b047c241b,723840787.1918386
f499c1513abf0b05aa1f460e,1068752519.8495481
0d8b0ca08838d1dac052d51c,884697862.258686
c54a573c9aef013dfa2abeff,995869428.318855
f02865ea64b156bf4cf4cfa4,1177154644.529468
087b564ba475edbea431d4e4,663604984.4889019
2d3236cf646f19a25932676a,927929244.2703539
68b547621c25c7418cfdf5dc,706558832.562818
097a1a08a389439cc2c760f8,288868299.12491447
e9c905ff64c7e2f8c21b0a9c,337958367.33942443
464039bbcabc650d659f6683,614968938.6673411
93c24fa31fa780d28ecbc318,559170159.547395
a73206cd21136b209f25c7cc,483316261.0567484
852a11f12646f0a1121824c2,413898976.9010482
61953f4c9bac7cac5ddda5d9,881524970.6739092
5a5377f2d087b7bb183783bb,628833125.3696368
0a85c354c48921e0ca202d15,1082356644.0709767
12f9d50fad58e4e40a187d98,844512225.2709397
45ac018012e7dd91d41a5876,561565965.8540065
28f905e91295a47d106a3214,1025461452.2347424
395e3718423aeac3d40494a7,648015869.9439011
1fd7e9b1e717578f751c21c7,629955756.976538
e8bdc4a088a6b99a538a6f0a,503991236.35303915
45b894a8b028be29ed137f1e,1155092214.4893537
f5c866d489889ab2f124799c,714031392.6235284
3d0de71d822da8a999bb6222,674020111.3696706
ecd0b4bfd66fe04c278dd4ae,656506950.8775742
9a61bfe6ba2b8364a92e5a97,756020882.9358736
e8b8d0c4cb87efc13344bcd2,932550772.4768541
1f39ea319382fb0e41ead713,908367843.7109969
d61700c4ecc128290bc42d3f,354732297.21864074
d87cbdc4896e0e0160999520,392646844.1316432
d1281c9f037ea5c4fa683b84,468626746.1879051
310e768d2e8836432f8b3e97,456312899.7064865
c5498cdddd7856e99d21f52b,571868876.290578
d3169d4a467cb7eac41849ff,610420311.8775322
2eeb4b0d7afa57b63778b69f,1108582189.9187872
7b3621124731bcd2e543562c,731010287.1285052
5703b4ab6e77d88f751bc6e7,598545661.4703485
2c567face144ca714454abf2,895968034.2613077
7169b5a3b9a796162de685cf,1040989839.3844056
fd19e1b2e61f5efde879f6dd,642651806.7495763
55f0e95dc857256aec65ec1a,1245793976.113268
ab03c034e2a420f395ca094a,550635716.1226462
ee3c0c7fe3fe73ad0449870c,1806979557.9036043
e59afca092e0ddaf60c9419c,597381258.5951455
99e48a46a1a599471d3260e0,345958687.6076081
419398139a3aa2ca2be3f941,454933814.36280733
54c33befb89cc873771c3be6,859350031.6473339
cb29bd3ae3d5da88c99d3db5,724655664.0908983
24258361a4ba8f772a83ba7c,742504332.0968401
539c12d2fe8cbf950b75a0fd,389319017.26836956
7b81996f3abd287b50adf8da,1030456301.3865492
0d9e73c14529fa3f1ec8a56f,662508141.1325716
dd178fd542fc716e32b4136a,535537423.2447782
9aad22f3d25e46538e1558fb,745519800.0040294
93df4118ec3536b312822d90,851349395.8919346
7c6319c04025c4ed6aa3f051,662508141.1325716
98e04fd660ca1276d1510a72,638069680.8118333
4a8eaccbde5a4a6747818d29,669607175.5720167
9f6ae3eaafbdfd8d5c0e64c8,829435867.5849664
5929c81cfde8ae068a8b822c,755065912.1639479
b94ea2b8b847a47140d04008,944053087.7198004
ac1b644a8d2ec042ca91f89c,750273136.3563323
8df9256029f526ca313202b7,799018169.8447226
e029511780468f4cfbd10d3e,635500076.4228519
0878fd8b66aeb22f6af2d7af,634892121.2880653
76258b7b7e8778cd60d3435a,649786755.2869984
d64a2ad3297e2fad8ce66197,480506834.9151968
8af6bb75c85a2789156b3696,291241618.34608424
40db880aba8951909e6e4ef6,725136572.4530386
c9e20cadac540faa59d9aa3f,437522807.29392195
7d5459e48101349c75d43aec,611361920.3359226
fb0664d59b6333ae1861f343,773850898.8075975
bc6b57600fa9edfe13fb3118,693280911.1165632
d309cdb5688ff7bdbb682d17,718892901.3718545
d17ba799e68d7775f2104b3a,691140239.2909024
2baa6afba131b74487c94d74,647380974.3795822
0b7c8732558fc04f4fc51ec1,759843060.9595333
0d8cda2859d9903f6202af54,502077529.04916304
0f2913c5aa681a2bd45a5484,681626860.202954
de6010c57fe78d975be38c2b,633619558.6559602
54b474bc7cb126bfe8e6c144,714258275.0293614
b1dea7d384760535b770311a,649600317.1851436
9e90e02c8ed3ad137e4c3abc,435580841.23049235
b59711a5971a3b482db4d9f7,675952448.8619676
2c37a1280b18e095b43e19f5,686223667.0811905
fcd7c10d81aff25d9233214d,576170082.3165296
c3b8bbc492a7d7bdd63da22f,646759262.772538
42aaf6521fdf1dc9bc50f88e,520153103.69284785
3c268e9119b8027f78f91954,674351510.08092165
c8d5a0e9614dcf96a500206f,403139056.2767634
6c778557da9b5d99f90b1238,765733342.1140966
4514844d15690b7331fdb6cb,573763297.8070531
d8e981acf77bb46a9dbd3109,735942285.6802812
b940ba03ea60d4cdc5d2d429,570700346.8459549
4fab4e66ead1948498d2a4dd,448986407.7834202
a5620899d410af623a3ff4a9,1155908603.0066335
f45e3be8500d7bd91cc8855a,493350775.9611864
4b82eef445edeae7a55fd019,576541432.5091633
29881785ae39aec014c4982c,767837230.1606468
0d9f91cbcc9339146bf75bba,722108531.5566015
b839e76df5d73e7d53691707,719358081.6613176
7ac96f16bdc50ee7619f3548,941845463.9122567
a102a0a268840439c2c8f4c6,366289214.0845816
e1132006785632e4ec5deb02,687333425.0549344
a041ed3fc0b60fc4ce3cf847,720494010.7283784
84b758716f47bb0f4e4a2bed,671599971.9165579
84394774ab45e0c8b733bed2,542219524.3851254
2c1c91f2bb4d9dae38a44360,555490912.2287202
8ba9304ea7b8d2b071bb0699,667106932.4108785
9a76cc7c650230c670e703e7,713623721.0296527
9b0833992397c6e50b54715f,592979599.8121066
6f192e6a537c1509521e1e8a,708182677.2061968
d1668e2d35a939ed126a3f8e,695833544.361894
a17807447696896bb61ef8ab,888596686.056865
d043d368d2584ae95ad3672c,789504685.2079245
7f2e3f2eb5abf86b56897250,759001130.1786647
fdb1cffa6b7346fde667d72c,523010211.717014
58a3a9f44bc7846ae26413e5,550759661.0207961
af230af0c73a5f2b72787c1b,861233393.4827735
3cd5562115870363ed5d7558,853746554.3740432
cb9d8fe7c18dba6827836403,635964850.7796174
742fd57dd463c1b5cb79f63e,504640645.9683486
0d30768d188b6bb53d599ea1,781843049.0353359
c455b8a15dbfff94c2909f37,543928411.3759941
8541eec88f0dd8229b4fb041,531673586.2676722
54aad3aa4a166d2d50df48cb,829500156.1838971
eb9a59d4e85a3f124e866f47,738814101.2958193
d65946f9c27e417e6bc60057,421424238.97422284
dfbb0ed74ed85bd186f40ccc,399536894.85123116
84b05da6a859ff5384f37ee7,392447302.6023845
e2da7c1bb33be76b86b9a07a,466184299.41407955
456243bb3fab3e74df21b5a0,465758473.8334601
a947c2ea296f1da3d10b0a06,403548710.83056027
3929df6d73b3ba01bc018476,340771952.23405415
ce44699aeddaeb77f23c9b9c,932007439.0858871
3cd3537b5f9475657060cae8,1101866611.619437
4520ceed2e5fe3458850a805,939831364.679639
00dea98fbfbfeae74c513bb6,936696752.2759598
16da41b1128c039ff8f83919,528616222.22716194
111d509185303ed970d710c7,1239669294.0819676
83ad1ce7ef6d70842ec986f2,604620634.9950602
74f8ffe35e8d3bc9be725d7a,565296997.1739314
f5e7ab7c2edf566fa22501b9,836815949.7066208
2e1f3fb2323fa16150f8bc88,633043534.3186139
f8bf37a8f81a310e299385a5,598518199.3844334
7b71229680a50bc26677a427,621156277.7335489
1f7daef9ba898c4d8ac1c81b,610470448.1210475
415b68c7a5cfb073676c443b,614981150.3851224
856559e93205dd1561d8ada3,761198798.6623617
6d534e4baa1740d7839664eb,619337696.8814569
9ea78159ad117bd9c0b04291,491556285.32934916
38faca2d6e338d328428f986,574119230.9149699
fcc6c3c10bb52776accaf06f,786168830.6226454
9120f0e5a6f505a2553bfd58,803476927.5433424
583a8d8c5d7fa63125f62155,712424623.7460405
3d04304c8644c81114c36f98,746676663.9464643
21fcb5c7e497f0580b820379,738446815.3116461
6542b39cc8d2d13dc828772d,742281771.3972526
091f6342ad934f4e7f84045d,1038193318.1086905
fe8305e287f6a8e7899c9459,672884819.6602428
d4492ffc4aaa4ca9c4dd2357,751576174.5964675
319b9accf9980ef2ef81099b,775897285.8037796
fa84c07cc90e2a2058b57c9e,634767872.7491881
c4749eb8f59cca469236df01,432303641.70716614
b8a5928cf1f7e704e9933bed,569354291.8991939
c2ffdd10fe424afa1b09f31d,562834893.1573257
f221dd5d745def063eeb7258,781576140.0240374
319ba1ec06c9b6ca6990f4c1,888383385.4292547
29e7796eabea247af4e8a0f7,658628106.9983859
ddbca69ad74877086c4110e6,740236415.052324
c858f0f3f5594e7bb0f3b6a4,874904553.8666682
88ae3f4a8ef76675c66e925f,1028922557.0558323
27e0810a702796d97878c34c,466191132.38773537
7450139ad1b39b2a380472fa,876424489.6868217
35ae7661d8191507cf9e7cdf,513931576.92596203
93b8ea95ca1c1ff3881d91d2,629889023.3984529
8e4709859d50a75dd08b03e5,453288945.0901092
7026113e0cd7b2d17f8a3459,505253696.72380203
9af956dd8d83bc715592b97a,368912907.6995776
df10ecb67d79e645f77a90a6,609272301.511751
14feeb619f409386e6eaeda5,439199259.8434705
1a6b9a6d92ec5e905ac97cce,668170383.089712
057585ba19d6144408d4e2da,592199217.0508552
72699647b590d11ed9b2f2e8,427816272.8989584
cbc99d6202cd3a31e1c14a16,460404930.237403
ce1d63bc4411a615b816a76c,758028254.3670623
04f0fd25e2456759753bd2bc,654850142.4244862
8c0154eb5be437746213aec8,885773114.1983473
e23017438478050a655f6d67,706785322.6872438
8f0b6d6dd914911c7e90d302,822314714.6606306
4b38595746dcb78fbb459781,434120627.43098724
95aebb36dc0b4ea86db49492,927738828.2559907
f900f7a9c5e2ea51689e8992,889168761.5395596
3fa0d9e247f28968a5bf8476,414567925.5906448
1240f50cf2d8ef1d8713e671,420306705.81870353
14a55e5887af840860b41ddf,462339180.1327689
3ffefb3f453c54585fa6ef22,765733342.1140966
c3b357d17afd631df02dc39a,686793620.5365249
a15aced0fffc97e219f99545,392836825.8136562
cf707785919dbb92cfc7b5f6,1049877013.3294753
70ebbf6a402f0f707b893979,636378168.2203826
aefb3cb6ad2de9ffa90b9534,502526082.19621027
b2809471a0164e3d41b8fa60,924246140.7214609
6d11001f164d81734a82ec1d,478371924.7236112
ad71acd782a4fce4d9af04be,512849584.70676297
ca86f53a857c23b15eef428a,796527636.4196581
580452a616b4f5170eb628d0,656728399.1782885
7dc609a3c7a3ab1f9a3146e6,541849130.6819375
e8fc9a1fd4b39f946b914398,328939490.4045888
0d3bc6532812ea618d154bdc,926012493.133948
1ee436f045a0662037f9d2cf,601688018.8767465
8697b1d337145af0ef8e4619,1205285624.8378618
9a08127164a0bb61cefb3680,521567296.2391535
e08e1f260e5c3231c49e5a96,396574049.3586775
b96502e30fecdfae7796f1d6,522885410.3772115
a0b178016cd26a1d2072e7fc,462107974.9616268
5e3d7da3cfe55ad1fe609579,597761101.0316013
30f77637dd52e728efaddd6d,772123607.724859
2202c5c9a16b771d1e242c18,759940380.1919926
3dc8277f29d0a2406fa25ce1,643346725.9114965
a0f86ac00934b57d85b44dde,669090173.9216671
9168a08b1fac4c5448626ff0,753075204.6566722
cec8daf847f52cb2845a9f58,859981993.3210391
ab7559b75b340275587e50b7,1088022222.6172204
a392f7f9ace844d712ab2b4a,933079707.9386318
dd21c6799a32ce6ef27f5281,600748623.5733423
275ec6bd936600c7eceac599,1125883083.84301
978195f1745ab7e3d69e1f50,801763996.1146985
0e3f82238c54e85ca4229977,712899624.981133
bc168cfefe964762cdf8755b,743775245.0331951
d22d5776b6305308c9e774d7,640377943.5797253
94d3fe901550dd4ba77ffbaf,695559700.5728203
63717ed97f95e32b2ca321f3,763221324.8044854
a7df0496d6ce217fadfad10d,737640029.9091898
51a696388218fc2e412f8806,714791559.1622567
a918c218ff761315988c6335,720858231.2791047
d3609eabe59175fcb4441ac2,1044720044.9325898
8af2e264b801b3e155e52be8,997029086.8609154
76e4ebad138d50c690f0aec1,348031242.9601894
9a9553eb431458a3e30fc672,682130464.4315984
117f37774a78d65f9e68f906,414643698.1263534
0c8b133effcdbcd49d52add5,612777490.9719926
5e8b2528c1c0a5c12a476919,759596016.5589886
38d6842c2807d54f386bdb5c,799447693.951264
55f747145222c070fdd50175,786886117.6675028
ca7d715827b39c417e5b75ad,733981426.110858
b219848e66fb065d4d2441bc,715074728.3606625
a04d3f4eb8810a346fd29ab5,797148629.4347444
0b06da0ceff947975cf8951e,1005708797.6310339
3f35c44229ba13940d8a705d,913979251.0185843
8bdebb8914fbcaad625b1764,452541312.8518431
f4635193372f669612744011,956113391.3266131
611a369172eb6e3e2e4bdbfb,1049483574.8775169
6689af92cae5d7c9c3e2f215,907359064.618456
e382002b0685aabb01891743,574595909.3061323
edbb6dd10f8c9e7596368225,728281834.2960931
89b0592a715c9e135967f947,566165135.7133448
a67c6f6400a176e0a07d6772,802485641.4165797
5c6e6dae74e39d33621c7119,816570420.5794804
0e1c100d8e57de8296363d6f,431074097.9800825
e2e639b53456889ab5350ba0,634355191.3678784
93acd9176ff299221e0d2152,753356497.7321789
cb482d76b3b4904c595f2dc1,548364103.2380991
a0e15809e0a284fde27b16ee,769689830.8903699
9a958690c3947f5a8f05cc80,753895030.9559997
889bd77c8271961a6e4925ea,660671649.4353867
dc082fe46a714afd43b9dc19,820833233.544763
99f8eedcdc31cc0ff6fda7a6,416886287.95043576
dfa744f733abef97d82dbb32,729979647.3802937
d50b80d68eb3b928e4bb4317,708509585.4066327
a58acad50184e66794d8d704,513258684.8247709
52871480f7bdf5ac3d785630,610816473.7584131
8b083d7ac086f52fd2942a82,707143229.171514
301ce25214ddb4b5144373ef,878765915.1518929
6d76a22793aa9b571da64572,829444185.0176969
d7c48db0385bdbf7ecb7088f,1076431084.8213332
874e2c6f3e9f90db80d243d0,460747295.45524
249667af8d0835c9830e2b37,520027812.5155499
75d3c9e0da9a24f4849f2078,596778019.7479548
9e45b127ea0303f973bac9d1,340622472.05347645
daa0be53e7a1d7ff76f32955,725746013.9747736
bf7463534babd284da6ca671,404711639.0040577
0283890ab76b10547b27e634,477552852.97833824
5fd213a5236154ae5206c372,1150747751.1290057
317e95fad7d399673719537e,685745583.2157706
fb14ddcaa459b49a3b30eb3a,797370877.5709863
4cb5e4aa83c476a5b71d77ce,785492012.7921906
f54d358d26af89636906f686,906019364.5731629
f002603a6990ec405d82cc47,859350031.6473339
e3b7dc4e8990f3cd436bf738,548318300.1516329
97c799300453ab511bd06361,633599007.6184478
3c1ee7e502c6bfb20873b47c,544783757.5625467
cf7741583fc5315ba70b70f1,880689848.3708036
36a0a1f0432c954604825b6e,628309131.8519996
9836bf9b64f27104c7863b79,519019609.1188795
68a3f9ac977f56cd39a6a1b9,1057511817.605396
b676ed2d0af6807cc2b28ac8,1004796981.4825877
430112bf4fa9324f0149a879,463389121.6904
fa00e05d83ee890a38c3a686,569980182.1605533
7d503f126b5863fa0626d4bb,663170512.8691559
ec03a01c961659f2cfd9c973,662268934.2192374
6a112af84d5a81f3d16dfc32,1015492597.6801661
4c5d3dd8802acb9ee22ab912,632758198.200496
d029158b36963961fdcc3974,652987858.5832112
c2071e85fbffa3d2c2168319,580068577.0032998
60a04215bee81d26f20cf0c3,596845339.8230283
6d4a961e099de1939adc6496,658232474.0378838
2383b8bc2cd3d307caba34ba,576156041.9911737
d9357452fcd193b6c5284bc8,1007726546.2198373
863f8f2aeda01a9fea1cb3e0,865832208.7067192
d1a6132098a4bd640321c7d3,498781346.36823976
6edd2530070918074c8e7d07,621225985.9452155
1cfe7df5431f3dc6a9289551,917398010.9474057
c617d1f15d294f0b0aea8ed8,550871216.492233
bbdd78a7ed332e679c8e526b,366336980.4509426
45969f25857aa7263927b400,762357676.3790901
cdacddfdb6ce41a3eb752496,528058498.0307767
3f87d08afecc4aba03587848,1072590604.2513527
f21d2c0802e3858d493c1984,964023767.3170924
660f3f9ed9a72d8875a9efcd,676687960.3079163
04e29dbe2175919265c82463,702070185.8354943
e4082fa99f92fc7a89092fff,698399577.1911765
05402dd344c77623fa053ffa,635983005.1704999
c5f7f0323f554a7419f78359,600607654.0377327
501193fb57014ffbd7bf218f,557971186.6694374
0922cc27581d9058e55a2239,584001144.5544797
4dcaaac494053749f30875fa,769725192.5925075
506763d35b04358fb0e967ff,634713007.7235723
8c40078231bf7af2f3a06457,456294977.31062734
53e14e867f8b02c6043ae02a,333553684.9748647
2364014bfd851a68a824d1da,802757418.542613
f788ac4a8b2a6dc11c458c90,739320923.9461846
093c849ad2bea8292c4d15f9,1089552419.8473225
71a8b68f38fccf71a229df76,574784716.6522307
ebacfa0a8e569ab603cccd11,332081720.8122664
c963faee3ac527dfab08f61c,667935685.531494
ce3deac5963eeb96826c14f1,471995072.46398675
5607cef08511dbbf3288a5bd,591800458.8279476
8a9e6d0839f9fabad2fc3214,611111181.1657249
ff03a8cc833d067d439b9903,665930392.4701232
d3e119e8fa4d96abaa8c43c2,761236977.5170485
25b893f6073bd66258a9cf03,832715716.3609699
0d70ceba3aea278cb4a2082a,930020331.5123351
07f9017eb4b8c169eb9de536,1092627474.4243116
7cad62cfb4fc3ad9acb09f1f,544953712.5524431
41d174db6f695472063ceef3,681302949.7391195
4ecf579a5d5e70d3b4314ef7,759993139.3214693
41df29e27c0bbb52aa8ffe49,541372395.1398163
cd77cb445eb0f72df89b9fb7,567149901.3189919
65766c8572b629744f00b45c,632143374.0858399
946eb4523f76bb23d0348309,663132524.5454402
453202a234f5b370ae9e586f,626467549.6342142
4e1b5798dcbed1842f260b17,603750246.2959219
f1cb3c0b97ae1c6819fb86e0,1258211912.6786656
24a89527a6744456750baf54,498777111.35426986
a281d59b685eda4978e0c84c,798015204.7245381
6cc9d912370da36c38ac2cbc,855888191.6056205
10563c278e7ce8eb2066d398,646331281.3384753
a1b0b8d18cd78b7cd555dd55,907409771.9832237
3cf9282136fad24af0f7ebb1,704895481.054815
077659c14c3cebbe192f8247,828695084.3113104
c372834e8e7a4279f861aa4c,503867548.83121544
29daf0d5008fa9e3f0f30132,494046420.551728
08e1ad8d1f0be0287a395ef6,512580774.45086104
19c07fc2b01a0edec4784e64,714586490.6981457
c2b5216a8050ea0fe4008f59,741553493.3824552
29cc054742b256e6fbc6da1c,725496359.8916082
755a3e09dba04bb6ba6c9851,709183678.7267177
c98157c582392cb895071f28,631938915.2995754
84f47e531a916b7f7dc1f1b3,605120443.0041606
231688922448e4d64622120e,569443325.5543219
9c7c68df14c238ce0b497dd2,685830427.7173874
d5e29042106130114cf3694c,531392863.5005149
08d4fa42a34c74c94db5080b,994294475.538841
e89fbcbd4d3414e30c30fc29,615520996.0280676
22af7bb676cb4c9ffe014506,406639119.11192226
b20d6ca58e91ae70b6e0a1a5,787640682.5529715
5c372bd1e01f3243256e27ca,409321877.38265055
1242d7e61857ba8ad285b6f4,848262220.4652166
196ac46f656726bcb8087ba9,592608953.5022299
ae513b65e06b69e1ff2ad8ec,385944124.2273389
bb26b45df6a70b6414958912,382484002.6176194
9425283b41165156aacfd43b,526202473.7155784
689b510fa99bda54284cfe7e,513231625.37673545
c57d333e383039db0fcd2620,698396748.9436034
86e98ed0bd2565b661b81ef4,729411436.9280659
0e694269bbff1e45395190d6,883684128.6057308
6511180e3128e083bbbb6940,752543521.2492123
59b271bf9e2d29ed35352f5e,388268244.4344082
a4c324b1353d2f7ea3ae9727,388268244.4344082
193ff8d291a9f163a4f3301b,490399908.21969
8ee4a7cef562d388b8444c29,365643187.2026863
53bdf5c3cd800459acca551c,431857317.2986364
35ef99962cd5984ca87bd326,521083700.4718921
dc33d5ffcd2aa2b7d56d2ad3,585369726.1282617
05c47739fa4c4f00285a2c48,802424050.7958839
a51d415712d8d6c8add7009b,836910259.0562907
71493c81121558b8ba18c1c8,382484002.6176194
853a14b680761098d4bf6136,777831755.9398192
c9d5c08973c493f3acdef892,686210681.6521205
7dcbeb0aef2e2cac0d73315a,348031242.9601894
ae5a4da0000f79f12142e2a7,632798232.5928004
1f6050fd5261a2d21d5a178e,247386615.98037505
e3f39c6e4a41fbdc4bc30e0f,682130464.4315984
9d157878dbb41c14b52a956f,509848460.32559425
e1fdbdecc84b991f582a2e00,574736292.53552
3a26efe201689493724ba464,522885410.3772115
6670cde3fbc11c263c6c3163,533252962.90421176
780ae52ac9eae675f6fdb312,469039972.9206001
24f22d76b86498d5c3563288,706430665.3465104
fda25a0b6b9f62f92e3ea6b8,668648080.813459
678ba0c80536dd27e385b31f,377908944.9715675
ba0d0663943a118228fd12bf,414621197.7889392
81ba4b47e9222c15c4102992,519630988.5247632
d9ec26c1c3e1811e38f070b2,566073947.1362754
aa850af0c6203104e6ed02fa,528943619.81079197
c697ec00214cad882d5e9812,524777537.3052314
4b193d78ea6e3740bf37b36a,524777537.3052314
08c61259a756e617d976e8b8,662883230.6211387
c1c1dc8df6996a94ef3c7d33,414883340.833028
3fdfa23ac43d1df0503ccf1e,615730987.8517892
bd4526ea5b404df442892788,415935511.5702873
1062419f9cf94418ba88b6b8,518185085.3065843
1102f91444b8e1abb636f1bc,753337590.6183188
b96b4bf38bdbd61d4dd0bde5,774669071.7606162
45ee2db87e9ca0a1a9faf050,604897506.3382878
556cb23459a9007127b3ad46,721030157.6951549
a613b18945052b4576595c4c,766709625.7750691
fce385656705a8f4389cbb6a,786886117.6675028
bdac560af3e155db33d13d57,733981426.110858
fedc2418db2353b7c97a260d,855382997.040547
4565bcc95c54bf0c8d376eb0,715074728.3606625
5fc559104e0ba1112ce00f5d,768389406.229471
74fdeb4c56b29662f13aa8ca,849054307.2685527
fbaf74ce4c2c6e88950d3fdb,767240963.7801242
5de0f045039122af0052c544,686793620.5365249
e18337bbdfb106a3f1739960,753194870.2252773
e1b9ae3e0ce3da16f18e1079,754638897.704264
a57435d71ccc5f032baee302,620791726.2294555
fc5e8e45dd0a338ab5835428,713108341.7522892
918bec54bd7587daafff66e9,644390717.7072453
86137b9624049333f7e0315a,636590892.7961041
0fca6767d8f442da1f8bc6d2,434731830.354384
3ea5478270517f299b20bd06,666444025.8595152
dfff73eccd591bb26453eec5,607138811.1918721
e2dad5c148ecc797018439b3,686408265.5979613
b5a62d480bc544f891fd8521,788953582.112381
cb09a84a1d7b929607d01ee5,717068839.0669258
af067a8546e1177eefe24916,683899406.1129649
d6f9abcb58befa3d05373a72,781827264.6562276
ec2f16aabd36fd9ee2203276,981801343.1253566
dcafab7adc7b763bb934496b,733165343.589215
ede43dcb1715b959ba34a37d,679216180.7765658
40dd67aeb6e9979211c9345d,659881547.6473634
31f630c44db4be5360a57640,667362965.3002809
ee8651631861c1b94283a953,999145548.3058422
b7d245742eef110adc91b5fa,582830648.3495954
ffc49242bb0edf3e22076501,803963670.9299221
5c5963c17bafef1a1bfd5e03,952842481.3611987
6c589b7e6a3cfad34e98bd87,1171795265.255656
71ab3644da08b8cb0a0b34b3,740426038.3686106
aa668782ae5d0c16e57193fe,909963598.2966166
46673c69814a0b3f25818dee,1060473238.2884158
b2a417a8d2440f9124fd2ee8,756808450.3129511
3e0ccd899ad73579898fe73c,1216956993.4163275
e6f2c7d7317fd433e26878e4,982640392.1937227
2d91b3a8c62b890fd246183c,1122075334.1396508
fa653848d69ce620a41a73ac,919983054.6812823
3b6c94e3e3684eac73b3e7f6,1155092214.4893537
a6a07d35b3834bc6f81beb6d,733742317.2060009
a39617b7adfeb6ae7d5ee5f0,1310246905.4168816
95e5e774dac6f0159e8afc0d,571696533.8468139
995362e3fea8e54538ac135c,648763407.1301658
42525c57e13abbfafe9bb395,923510081.3190215
1ae6fd60628e7d186a5e0174,552537007.6784784
082293a465231208059c5d53,509434328.208663
732615f6d1526ec9bd519eda,578628573.579598
99e9c4f8fd7fb7929da10a20,406595749.1072772
1a75e436fc23e7f48e639b9c,490656826.12803984
54cdeb67ca9ea56205e4e533,866946581.6867615
c412ab869616d6576cbb8309,445789105.09330773
b17840ce59c9d9619b46534d,574114294.0366926
a14f071d8e5c338d9ebed23c,444660065.5645339
84d8504f0e860b0760c3592d,609831922.1143974
a3d03a25f84f4d50d2a308b0,785196712.2173462
bcdcce01d86d648c4502d42f,512580774.45086104
33379968a83c8a90c23e77dc,526202473.7155784
ecc36a3a4610829ee3f88993,388268244.4344082
f4eca80958b7a22922b0efa1,385944124.2273389
3b4ce006ef95420847da20b9,382484002.6176194
4fb644a95cc04f7bc6cda786,365643187.2026863
f8fad48343ee5134dbae918f,365643187.2026863
6e8e08e09da8dc598b8a8b2b,388268244.4344082
56ff1f7e81fda0c8491c354d,385944124.2273389
444f102b4d54503044154ff5,382484002.6176194
e0eae2174807cc7ada38c726,463389121.6904
afde90f91b01b0282bb94335,576156041.9911737
1d35c364daa0f021ef263c60,366336980.4509426
8c47395a28f8177923d7b75b,445306990.8386608
98c98982020ba42198aeb45d,611111181.1657249
ff424474d2d10a2c2a1c1892,528058498.0307767
971a322e9087b67650689ea0,964023767.3170924
45a7517c4d29f5bc7787dedf,596845339.8230283
74a51274abc8358d628ecfe4,632758198.200496
11dc32d92ac579720303c019,677734875.6380569
4c25d939eb3ec218403dc4ce,569980182.1605533
55597a7b8637f24198415ed8,729411436.9280659
eb7173223a27076d16b87f33,557971186.6694374
709d17b62bc95253601f243c,652987858.5832112
fdcf0e439ae8b2ff5730680d,635983005.1704999
2524e62e917e8a1aec5c9c26,541372395.1398163
ba601c13d20602c988d57246,615520996.0280676
397a7d1cfb809e34797f2bb4,739320923.9461846
b54d3ce25f3f03cf3fa0127f,333553684.9748647
d51bcf03d649839ca803c357,430220288.936128
e9fac47a0f02f27abc96d568,802424050.7958839
a52bd93aa6b0d965914f1101,621225985.9452155
16601a92574531c1fd57a359,585369726.1282617
0e64230b70f4a227b444115e,702070185.8354943
ba2118c330e19baf4f3ecf94,785492012.7921906
055e29f236bb61603d4ce9eb,907409771.9832237
7c5c0f2d9a0e355069fe1c64,761236977.5170485
e781547cf6f8cb4ec0742b5c,704895481.054815
8caab74ced535ec5e75acdfd,431857317.2986364
9d64345229b60ad1853d94ce,521083700.4718921
d128186867f91603af4fa481,655025760.4094547
f8fb6d1b0dafc28920393dab,665930392.4701232
33b92225cef255b0e4b4edf9,558358799.3582485
7eb78d4dea434674a230caa6,646331281.3384753
833bd3c8ef9d4da2f304a94a,930020331.5123351
331f0957d55d7f03df7fdc4b,848262220.4652166
cee124f4b9031f59c4fbef47,735472744.6406615
8a9663cb622a55f2a1a8e3b4,685830427.7173874
25d4a0ec9301ba5d53deb780,550871216.492233
38d4b1837c595b6d9a23e994,769725192.5925075
a21923caba05da05449d60f6,676687960.3079163
63cff4b5ebb2b6528ad34cd6,685745583.2157706
948c392520e1cb3a030ce86c,802757418.542613
b2e7fd7bcd93309664cd225e,836910259.0562907
9d6be7123f2c6e610971374e,1007726546.2198373
3676e34e4824101f3fd9aa2c,634713007.7235723
f849ad486e84a82190675b89,513231625.37673545
2fb8b2990751692b8ef1ab6e,600607654.0377327
5155f70c7f8978e487e71479,762357676.3790901
4f076c220dad47bd9bf248a6,698396748.9436034
480041bbef3a540df2a36ea2,699319244.5713933
4ca66e564ed478d06c471357,580068577.0032998
454e4126257189bcce9b681b,1107403565.174249
10ce9c7a0a58aad19778e5f2,1015492597.6801661
dfe8e2542755d41d920e28b8,348982776.20395005
5115b0da9c95559dcee9e58d,1113436852.8588493
8a0053376ffdc75d0bdde77a,907323880.2332577
5688288ee38f1a69894ac77a,698880234.4898585
1fe514ada76363511cc79105,823979865.9794878
885a312d9a5bfa8a8db5279a,474636763.8823581
c716d4dfb5a3c2e1120bd84f,657015445.6625973
689aafdc12fd1610c2393a6c,787826690.4648277
c0c4ecc8d3aefc53c4c06a38,728915783.2066274
30091c32a5046d563597bbf4,538143966.6906343
2e58c9b6fbe9c57c83bc0aed,788462436.9976817
3f7c5d8304fc650bf97247ee,590135247.3621154
56334a9db3ccc24faf138edf,558610762.0610132
6d0680692396c07afc1a260c,668571103.6188483
9e07dd563b6ff4572f5d9031,784807572.5747868
1278c9fd86258bcb435e7127,752238470.6196662
acf0f98cd8f8c8ce06f30ab9,1254371238.7496297
5e3785bd517f4faa2bcf43d6,881079990.4415556
cfc61dd41ee5f5dcb76bacfc,568233703.0393201
2f171883b97d9c02b90f93a9,269683416.60879254
46aa67b5e0abe39dae442d76,269683416.60879254
50cb49d65d04a5d166f96e3c,413753428.1154979
06c1673c4a7444e7aa80abb7,269210866.51987797
53881f29c7a6bef0ab537466,313785319.9953258
2b028932adc74c961170a4ce,544431305.8647659
f3a1bbe01d265470a2d7332a,398954037.9436227
b42d5b5b38686929eadd56d9,524736606.4091373
bafc63f23f097c24d36c76fd,712116592.2371415
f164514211012e3a1686b148,370939223.34490204
82b90288bffe8c1c0b5a1259,467566060.5285903
2fe64bad1bc8a43fedfe0700,545274120.9692597
da5b958667b31f4f9a1d84a9,475213013.5634362
b3bc9a04a3ebc1b911326735,708012638.3001262
9ff3acb07666d53f00d1f1db,661528728.4218248
13a44ce5066ce00846b59ae3,707458736.9442172
bb45c98dbab56e5abe20ac0d,753127976.8998201
f88bade1cb7ee0fa643f31ad,559670608.3175097
e9ab6916a79b4d5182d33bf5,711467203.213289
144162ecfcba71bf09048dae,604894829.0325067
19466034c2ce19c24a179fe6,501179018.7727262
3787f6da3e961c0e10d30e6d,938279687.953998
908330b0d2651093c0bb6719,573477228.6588421
66b7baef9c6c3c7ad24636e1,798465326.755033
69cb0f3d422c2c78373c2e0c,787133340.0139871
1e866483995b30ec7f79d9e8,526911807.2429515
866f2a55f42cf30c4105631b,526911807.2429515
fede7e1a7a6f23338af6f40e,821165875.6181245
7447156f2967391975d335f0,501179018.7727262
08451af5a81fd6a63c4012cd,490065502.81073076
f63608198bfcc858abe1ab0a,582435729.3291886
e9a0dff7ae48bd3fa2ecfcfc,606703687.7686
cc97f62e2fb9d3e31ef1c00f,654004948.3905888
ed40f198ace8a4405cce7a1a,820002486.9886498
bf17b59bf2ac2d06894bd786,1090880451.197917
e118b149654cca1c0b3a58a2,1016343694.8670912
7f9bdd2157f6c3d488c77ddf,1050937804.2321742
9350225547486ad75c0b5ab3,893260210.5283003
d1166776fca47427c77fa8e1,816518490.2747214
f719b387fac4f688b57dc646,1043013052.2609966
6ce8991a39ec7b9883f85000,1043013052.2609966
353743db4334fee80ac08d0b,983235836.6381422
372a3934e8179422b5cf5729,725660174.2563139
81516aa72c98ded9223db098,986284183.9606864
9e80db4c35139bbb18775644,951336142.4806628
12ed2c22a923c840ef616a3c,893828650.9848785
7bc57b136bcec053cbd073f3,899689922.6970983
77a06084509952c6cfe8f501,349474711.69359267
73578b4214e2eca83b1e70ac,725951472.7829732
527e571030a7d8fbbf1a41c4,709689017.3042314
961baf163a07179bceba67a2,830160761.125037
76b41682fa6953a3b20d3f27,817335036.0975237
cceb25e83ecf22252aa92d2e,846329049.6746632
210ff5d4404ee8578a5ecf9f,731945268.5008951
398274b1c46fd88151420c6e,504128038.7136184
5b328b80dd844db2e946302b,387607432.85155797
4195fdfe50e42e9981fa2f4f,710207586.9960421
2d4031f171f965d7dbce0ef6,647362292.9328531
fc1b713d5605b0030421d5a2,766830113.6550757
cf6092df1f22a7c4b8ff9d50,546677171.7644925
8dbdd7c8971a514eb7cb4d3f,745519800.0040294
c197faa8bdbd51c075a6d3bc,752968518.736917
1985a2a5c3b2b0c7eca22afe,734621371.3876731
92a1a8b617b6d2c3669167a6,625278325.4569153
2a330fdcebb247d6a6fdea23,780890754.3688275
c3dd975d0aed59a65a784e47,794215973.8205019
608a2339d558a6cea9478756,712610020.3926889
c0ccf6d535d1316e37e1024e,788280452.5367281
229a7640d41a8b8d6d2f8f83,861233393.4827735
e3950ce025371da2b4ad9db6,758313729.2743481
a7e41393473834db30f2c1da,665651952.4362278
7dcd1597e11f83093cbfd7a5,769148957.5204217
71235a69058912dec1d355a0,1158967458.3942218
349602317da0e456d88fe24f,993360159.1788361
ddccad3e5a4eaf791ce3a7c9,730161002.4492397
776d7d1326576f07762ab3c7,756117875.4989202
1b88c06bb3c1bc2bb39d1b86,717978035.1707797
1c5c4f4c731545aa3388c554,689395167.0312144
aaa67089a753d255215c15be,684423301.9664419
d6d5717a4b7e2edaef162b6a,525601104.3446377
0ba20e953e8e76add161cd6c,437522807.29392195
13c39860029403ea94b5439a,1112538845.982517
d5436eeef04e1a8e51a38912,396034344.0560347
21f00ad1214253dd5bb97817,1144293400.6691985
5a3119efc021fd0f102ab958,451904232.11929566
331c515e7f0dbb4460810999,481873390.4841356
9e360588b18cb15aec3b6609,505909461.3731664
a7cc7d2ceedf4d69664dc734,445732668.4555017
4e78cffaea2008f3919ba0ae,438890843.4476149
452e0518f7164287e47e6354,654511654.1048058
74286242739391c4eaecefbe,517988011.89268064
df06b65985649c7107b794a4,533469882.2840022
b6a21387674a509514fa5518,841983444.8713154
6752fcf8f1af18d61124e32c,668046998.71051085
a7e40088cf53acfc65f4b3f5,1085498879.3393428
61b9307a25be3119effbd0d2,399549521.8970986
3061729865dd2d68858600b1,518584078.3921055
ad38d5660b6f1eef23b76039,410658914.57505345
1d493f3954b15e84c41afc82,456436840.46261936
57744cb947a923584fc6bcc4,387091139.9770622
16f60cac352cc0d668d226d0,353365400.329425
accf7bdeeff29ec7a209c509,358594530.43211424
a694b9ab05641a6325764e63,712217760.4266999
bdeddd3f84cb0ffdd1fc27bd,638937575.371132
de9ab30042562789601833f6,453450996.10571724
1a95522f43288e32addff2ba,429511560.08570105
3cc722d5c764ac261611c2b0,492352880.9290484
aba85a8a7ea2def1fdd18587,420828185.4191355
b272c1025cf5c1e1df47042c,599074532.4770145
5c449356b8b2d7e0928cce59,739440514.031603
a56d3b5bc13c9849cf676750,694918937.1948032
942c934c0d41ab822d60c795,574670213.7976538
b0fe09d086490092f1690fc2,559983465.5047586
7abc8a11d3d6c905de3f567e,453394410.17714876
16716773b2a43df0332622bb,474617532.7845852
98fdd3fc6c9447d0f05eb1c0,579270792.1128315
a59f39373ee368259b441de6,483447982.60057783
cb778195c5d61a7c4185424c,762232177.5437167
c0277899d5f185cc78fc4a79,727452639.3535976
44effc9574c74ea4ad98ede4,618005057.5004667
e2d00e4fd93a02ea81895355,683428417.2821372
ab405cd390c0681c3c67836e,477590302.1364402
86db204f7ef6e0e0e6687246,699846969.2266651
97b791fd94b2339ba115a75a,750086757.6396886
3897d9b5fe3a0cfaed7c18a6,493317173.0954856
ce206b82f2de3793156baadd,781189084.050134
2c924b9d45667f7168bae6ee,706397474.0727104
358eb586d9649d20dca9bfcd,746782176.6452978
71b1fe15c5bffb750c99f648,663164774.3458078
eca500b92ff96f10ccd45e54,758860800.5040817
7b63445c5e1ce95bd12c31ee,664182293.3058499
97d64459dfb368b1f6067ab2,693506197.601878
1b09874d5a3e4c9e0d544198,828856918.2558966
54fb79bb019bfd10e5481ec9,708924443.8138599
b3b63d292523ce0a925b871c,689622825.4257425
09759befd8899fc1e359935f,787306434.1514798
62e0110b1c8dda16cc7da89c,713162868.2516437
d98ba43504fb49a4f0bd9c05,833102253.1956015
48815b454dfb64fe60e2cde4,536983193.8565252
40a65310ce666e80a9611d4c,789363170.1597496
a8c5674b5d110d99a1e097af,795145016.878409
ee9e7dcede0ffc20442b4407,698517540.5525073
9e858250fcb7320b65bed9c7,844261489.3652601
bc76b078832a3a81b6d637f8,854137560.3433737
b06d3ee14ccf3d46fe2431fb,778761587.9615296
87332a7e03cb851342667b98,845508078.0690097
faa37a79a1d72e4b8b0c80a6,845508078.0690097
0821109831351eb2501e362b,971910832.9270914
8d01d6561223272181235c69,687716339.327809
a0f1c94cd34fcba92f59a59a,650190834.7956204
f6a5c88d1bca87c1e89d8084,976236329.5588696
55118881731616058c929b1a,822471097.3499532
bed1fbafde11c156b655e04f,656426891.3479189
819d2a7c3330480b7217577d,845695178.9867241
e1967b56ab8ecd035bf39534,839030415.5399992
08d0615cff29645ee70e20e9,895200373.9009647
2e8af16a155fe18c8c6730a2,901256257.3221631
882e8e77fa1a71288f6b61cf,992565420.5100116
7930bb0822caea5f6451bfa6,1032815281.3625923
993a18ae04d78d374f854262,855391481.7459474
e5527bb25c85988e00da339d,1055528371.8791933
07bd45129563bd2fd974deeb,437958655.89141816
83727953ecffc17bed632d94,389319017.26836956
2e2d3f42f4f8369733b3bcb9,531639901.2614033
3b23a71bf40e800a66bdeab2,375481254.1243463
894f346e0ad39c57fc0f369f,774374210.4842288
d1fcd31555048d043cf084be,513475453.1832304
8d48f73816b248d1166a09db,662682657.4590765
32d5a20c542a8194a6aae965,619513023.0037836
53870de54350a8cd7c13f014,587541606.2852334
31cdb68dc6476128c4bb2f5c,823004307.2241125
4be6d93d8ae1375156444f05,630353217.8866705
33a7f6aebc3e2d480d287199,758135456.5265636
e1e188d3f9940f9dad98488c,736259688.6724961
76167f6ca3d2c404104b77fd,700463473.7415583
9297c340db8a74e10dbba148,673881293.0004058
0e001ee8f27e1a2fffaa0225,1057381806.4655668
ae3868ac8c44128b8a955829,630649227.8855175
bcbd20cfc50e2f032b174b56,399425610.59494066
253560c855216bd9eb102595,509614051.8985532
c9c769e7ccc99016f61269d0,573248156.7361991
7c07ba1982289ca3abcbece3,627115075.59816
c5c024d11b3ebb2cd088bf6a,1068767278.1290625
f0a8fb06fcdf8997bcdcb03d,520853294.8155467
806f9ab2a016e774689ce2b9,354732297.21864074
4491bda913188aad3c66ef20,631602164.1910031
0c37c0d27631960f9e0fda1d,726861501.1370401
b50b45bda0905a116f238c1d,517483596.46454585
f0f8e755058d48542b9cc4e3,759513461.8499892
b3005057f48c1794b7974f4f,576056387.9169629
e1e5b0bd721a67318a3848ed,451538164.5784512
d96155b72c02bfa04f7ea98f,575083784.190347
3825ce5030d951ef0fc2f7c5,425070171.0272317
99587dcb4237fe90acb15b5e,410256359.60875034
452ae373210337b8008ea2a3,1236452906.0277162
09ae7df5577582ce7e7b0aa7,931688964.1331674
b98967876009fab4290736f1,715728709.1230862
24a4a43ae4c687bda1066227,1133278854.5621078
c509f2036a11b7132c633d2a,749427983.4598331
bda914dbacd42b2b7c6c5179,486593423.4436139
5a681060eeb2fc8f1b3261da,579903127.0891938
016bb199b12846ccb0b03191,767434687.1915784
ba94676bc0385678ce3780a3,669267247.8673407
b2183e5bca67574df7d5985b,329749365.0481956
baae43ea29f7e419bbecf998,523522154.52505434
ff1a7adf260e637bf316812f,362912152.91275066
8e56b5dbc4cf628ac12e5bef,1180795516.2661266
c8941b8d7626f7b33628158f,1680273488.640411
d504ed869ece1b1d6e724452,343048929.06973743
1acb5576ccae1f0534f614df,557202363.7294717
ff228869121d053ca7bbe431,773729497.8729386
ee4dea05e93581750d613c59,600888331.3998153
5d507cdfb7c233cf96dc6a83,707437742.3384925
faae4324336f1211ce4c7809,616043669.4818096
9a8e471c8f4488c3799483ba,549618682.0605309
d040e15e50d655f4d19bff54,367648761.1705627
efc7e89ddf3de559154d8e0c,889352990.0492368
e91598736dbb7319952f0dfc,689503696.2600819
4046ebeeb7ab85affcfe337c,1008896435.7081673
d12059af22bc7d6ff170430f,1153458222.7321935
99d39d72083d7485e8944a3e,490400036.6292787
b9ab2dcd8d1855e4bdd540c4,817569095.5855144
97106114a8d353ffebbd07b7,746202868.483447
d5c950db90c92be5fe753189,758390495.2233756
119833a13f3f7df22d2b270a,493523915.04121184
b2078743e33e1acc49c2d2ca,771689979.0791534
fb9371f86ca6f4e62ae374c3,521824894.9542261
6a39a747417143f0cd24f3bd,950202346.0122069
7bc0c9e2760e4b1488522768,915011742.2273384
3898683e5d24bab9eea24d30,720435045.3316712
be0e466ca7d6942282c8626d,756604779.5787543
2d65980024ded46854c25260,1080713355.3825345
87aa28825a5b8ffbac5f2e2f,600454094.7597061
918b0d900ead8267aab4cdf7,571242785.4024103
0c85506b301862fb58b467cb,730149934.4313108
4bd031478b15017efd41b2bf,805555458.2241348
48bee96c1f65b8e283d67483,555203392.0884446
7618cb8d215425c931f47886,422640010.1461659
a7a219e7cd18f3c4b83649e0,541447361.6199219
9d3f5b59b9735da05588b3d5,468793866.24153537
6ac5f5f52cfeed2f0ac9d018,623642746.5532472
d885902c923752eab7b619e5,479630631.2097293
b183e2562cc4816244ce0e1e,626787554.9686439
88622b66e6c47cc62c3824c1,629857893.5236938
01230eede2a4a74ec4ee5105,741993770.5482644
060451a9e3e0416ff41d253d,547464173.4434465
3ca0e7723afebbf53e390297,854522461.7184844
e2ecbfaacf11ed16fd71abcd,535537423.2447782
1f0d83013ea5e4c3f4beb583,756117875.4989202
450c4eff7e37a271fc24ce3b,564433370.4789903
a70d331be751cdc3bd0aab29,302560354.07950497
41ac76d4fa450fe0c377a0e5,335773489.74272186
2ef8a530db816223dcf474a1,785196712.2173462
d09c1af87ddad4ad11b82626,571868876.290578
35b1cd8020e7efbb9ba5adde,759993139.3214693
6714f846f2fa3527641ad96c,731010287.1285052
4cd5338bcf246ebf263baa35,464903310.2405034
0878a639ab8e6b6e69a3df41,743329779.6425474
f4c118396d781c140d8c9b08,556143336.7243712
27151512d4b592014137ac1f,777525274.4805405
8e5123f5ef1da66571ccb600,1058036690.362148
c491a13a87fa1ef595b35826,709362084.6080681
52d6c4bcb442eebdab338116,1040989839.3844056
e23d93ade25e73614d7bcd77,1108582189.9187872
43059ceabe98412315566838,1352249685.6511185
93b7fc7c4f07a7f117e687a4,562638766.6133461
09caddf25db3ac8e1a98565b,884645271.7647746
e3034ebf243b024cbef83cc9,510083318.7439424
63cc884a9c5c888de176461a,758193574.1050438
069fb1f8d0f06ac2fee87314,637861297.2884138
059aaea3859c4b9662ab4df8,487009989.4825704
148b157ece514d99be0a7f93,219760786.83192715
9c4f397c093dde7de5d485cb,583665570.5399905
e28d8dac5c1c75d295a9eb3f,487009989.4825704
a804849802cc0820d25f955b,487009989.4825704
fc43df7f26644fa464ecb090,485875740.2806487
608b26adceba64d9ebc5486d,487009989.4825704
be8bbf40db0dde8ed4cf338c,487009989.4825704
d255f73d4066fe559065266f,508950889.4056988
c552cfa8e6b8c8be2c963ae8,411112516.34159917
5ee020d4adc767b3b16fffdb,491150861.54761225
2a01945c2ce528c02b391c61,584887981.5480503
dd7ee555ce0b2d58dbd8a9ea,413123506.1254208
a732aefa7ea4715325e9e80e,474979406.13277423
c6faa40acaccc1603c29df96,485875740.2806487
fd8caba10cd4d1df27605358,393078134.07755506
788c49c17df556bce0abf6ce,545038950.8548142
2d0d803cdbeaec6e2626eebb,570870422.257762
0872074f7bd512dbd4609c85,388484772.2753315
3f97341f90b11e6a7a7f7c2c,681362404.9431912
2bfa301ea435f929e6c0d1ba,603474740.4717915
1d029020622a600aad4c2991,622125412.85636
8a100bd7f5da66664a2680e8,625650962.8824793
1441a28c376a20c90d72cfac,584372108.7093867
495eeef459e80680720a0ec8,421770971.3925797
df81d07cc6e8fb0a01c0f404,576610936.4529428
e23ae41983b9f112f05bb703,635169215.5718298
a2ba273b099221390bee92a9,585723002.7634664
63dfd58a5c43cc7c0a468209,315966407.18107265
27aa789e29e52ef8d78b9bf5,769276634.7083334
fbd613ac06b6bf20d76822db,695972760.0945334
2a805135d8030b614d9df9aa,649069757.3523434
22c9b57a67cbef0920d09174,387085466.37373066
fb76da6072bea5801e407990,406093424.28577125
9050b1061469970ce28742a7,361048081.118222
96f5db1dd0f36d1087172fcf,688313241.4797796
38cccc333e2c38bd608e1880,650010160.8446552
efede59a47d17737f90f4bcb,776847269.9520719
bca5301e6460eb859b7ef34a,499655087.5007899
a23a13e43f3e08ab82c6ef82,401537792.55066323
8437a42a8e7ebca46eb088cd,437520303.23792666
6e3cbc252c449fd4b758b97b,441398788.3474408
6cc6b0672aaccb8909f3a751,567469148.9378973
c60c2efec3c12959d86fe3c8,505438626.86686367
d0e45d520227ef8a1f53ba28,600865232.9944406
e45293f1e6ceb2fe79f6e0d5,570311058.4817739
4202dc3f8255586e1ccfff46,608886004.6689038
1d04d5450762d664fcfab674,632304994.7811867
a3f969063f78dbd95e6ee795,546096418.409489
2e3fc1d628f6727880d3d4e6,447907619.2796641
22ea31eadbd3a54216443137,315966407.18107265
6490a1eff73727bf62458b0c,715007763.5853848
49721aafec7123f6ff4d8010,566276009.3194346
bce608b4629b6c8512ea2fde,610719955.4366739
a7ba3ccc4831ae7e539f0cfa,432655096.74095684
959b2293af0ee4f7c9fea7c0,599727933.8986317
bbbf74a3abf9cd8718384a65,552328051.1013956
680a71ef7ec15bd919c06320,731071990.042854
0bcdef6d56052acd2afad93d,634218754.0252306
1bb885a07f57936b919629b9,480632553.43493944
8a222af682e2d7796643ccf7,597019826.3168268
3370a48ec22302456c41ded9,552328051.1013956
46fb04e7578da5741f6da4b8,439968279.95182896
e9da7f2549d914aab6a30e10,629533427.3095641
10d0506d84d778da572ec635,677654371.8864881
966e8fc9af08e76f8b276245,469577392.28122723
0da2a849e0f83b17b006e50b,671547537.98225
f7101a05db93cbefd6a3b31f,360596832.31078446
b74fd7f7db38ec233c6ad71f,459881343.823201
0d63e52a47fa884e36f10810,590380681.9964559
77fa49bcb52539888d481ab1,600107614.2699877
6f412fbb33519fdd31e741c4,611566202.7778827
6615da422a3864d415b28fe9,598897138.4676577
f258fdece395f0c4f4da6a96,761571302.6586627
c54c645c340f59dd5f47bea4,365892007.44016194
bdd287e9de82903f210878d6,634041225.7902287
e110abe74ba0ad062c9b575f,620910903.9158394
47e5ea8cb7f5ab6703803690,625177960.1850069
e71c6f7437c633e2d9da643e,720914039.3617737
783161faf2e3501c38c0aaaa,442084299.2160425
5fc3de15eb0cd87be5ed2e6f,591604344.2171062
4066155e224520530ce985eb,511931777.7178258
7745863791b5cc6d49f84c8b,367164644.27763635
aa7551be1b8d6278d38fbb00,707863960.8515401
d654c9bbda61c4c0ee1ae2cc,585723002.7634664
d224080523a2bf2e81698d15,438986792.6979529
5f8d0a2ab1f9136de446528a,625241043.285948
405fec98d5a3c8981173311c,674223497.0745382
2a9e77fd00aaaf773d130914,400355646.60317236
279b76adc4bc9f8dd86759b1,536644227.3245454
f815ec1a63e980717c9c3290,563765848.8200035
a8fc825e34bd9bd56ec5331f,626028317.3932683
248ed6abe6e528dedde951a3,531424084.27130723
2bce6544d58b6970192a1838,611566202.7778827
352a76b301243d22d1b31f79,612635421.0849404
bb9991da696d6e1f13a32d0f,368501413.28393036
8e88e6cc55ca769e472aadfe,588656328.380792
339ca7bc687766f517ab3274,388953215.1420758
93375efb2e74f4913d21d94f,591162660.1850361
17d7e6d321bb7394546e6b7b,447309272.50491625
0f601f5ee798174ea9d52caf,508721663.4915757
8ec8cac469f2448654312aaf,733397236.447255
affb62139f02e524692ebc5b,444451650.1739974
c01199a4b2fbf0f6cbdf2a65,707259087.1524353
4d1f49443787c874ba19f968,690073473.6586608
035c61042b7dbc7ef888d1a7,800924221.3698791
0fc7d98f75bc1c0b782a328e,785754920.2900075
b1924a5697dfe829b5b8ad76,434274958.52779657
d0100c18dba3c334327b29e1,675585009.3499266
add1a20e8bba47aad2edec69,708417742.2570871
fe8a78de9ba7b59a112e0046,513258684.8247709
b319d049a3a8e4a095940106,709922622.026099
303dc73dc1130de9aa2f70f3,636334092.6045378
e471b2ef30c388893119a010,754232406.6168555
9309d812688d0d2bdd33d830,673315618.8466814
fdb192e57e3e48f70a492b87,622958998.3227079
c514c9a35632e5a9c0476a31,838736881.0612197
3bee8a9981a1e9e13a05cafd,660637820.5602312
9c942287410db3d0739e182e,544025039.9425024
f59b9c03bcd4e0e06d23fb47,739789707.2435738
4c11f4ebc622483532c24a06,674564247.7867191
1f53612f7029a21e2e9f74e1,825654188.7276694
1f4b6eaf52fb940e666c1c93,748304062.8267945
dc65f0bafddf39c6c4b2c9f2,585888097.904384
344823ba2777540ffa2a8fbc,777575856.385404
8cef9b18f20e9c5a32e7ccc9,748076971.0944474
413d6e4fb772beff60f73e2b,718686720.9740889
15d3ae51558bfeef80b9e97b,703963649.2407112
b81c26f2ea6b66c8315d1146,721340215.1736972
c3786f81345d39fd8b353da3,815481885.8838103
6c568d2287dcf12b2aacd388,776475579.0210097
e6482f3b6184515453d16bf2,611705971.5150688
32c7b848ef60432d98f415c5,708309814.945669
1689c3e3982382e27a4ae074,688360077.6489613
3d0cc51b7a2392f3be3b1666,654275898.8909523
1dbec7879e793ba9685741b4,695747495.1005067
82ff2a63a863c089ea90bb5d,834635148.6477174
3d9856c3ee0a4b5a833c69ab,460806338.15942585
6f293451319bae38c71b8266,739929422.0208417
dfc817b569fd71d2dd47e980,874663718.348295
c34d46d83e76f54d53cadcb2,661490295.2279267
e08ed8c82d05dc3cad8cd2c1,783974013.2817826
e21f2a8d9c641e45d442686a,785130948.962772
f1793973b462cdbffb1ad648,718686720.9740889
b15bcd6248958d98867ea585,695523924.2751373
e640424f3b7d1db403c36ba0,804146420.5503619
658c0b009a09339a3f312145,732610523.0191847
f01fa45466e2730f935a4128,644006918.806725
b4d69c7bc93efb3790eb1422,780404604.7795817
c2242a77d30c0abbed667ce4,742786447.9025265
39542105a7c46ded0cc373a7,900929542.770797
13f42390057bd294cd787822,710454976.3638815
183d99d88d1e7d995180918c,568964894.0903056
60dd7dc49139e7816dd8b143,723679110.3871669
6d2ec752890a2f1c4094044d,671784643.0238177
0e776964ba3733f3ac18a7a0,748691723.3952433
92369f73435d1ac3fa95f185,687849323.3951024
8db285eda04ca37b86dc9724,745519800.0040294
a7b14faa46e7b73ee4e95ee6,713162868.2516437
010e676743f6afc01fd0838b,757392740.5492806
987199d3a23c08ca887b301d,695815827.8928411
4fd8643e1c43ce9a0c18a19e,687054729.0122412
4d0985935e1432b3916d45be,782665168.3158344
4623317e8c9044e314ccc4e8,693506197.601878
ef8430c4d15e5887b8103bc3,710652181.8139708
cd6ecb0f77acd93cc1c9038e,745999149.9619335
b0962bfdb6a2c79a0ca84e48,621852871.1224428
7bf592c5c34bfe6a5df3dd40,806413721.797912
9337becb0628955b47e45b98,710652181.8139708
9ed0bcdb62b2223d716d40d3,748304062.8267945
4255eae670033d9c9e9a6e3c,678968367.704059
c5346c37454ac2b13b92240e,838802395.8884311
94fd4bb5f41087921ca12b58,579288337.9242655
ded674ba9c7b76cda404bac6,583003371.9463316
ce25e9fd3bce9b75050aef5d,787751267.4948812
4e7d3cbe3c62123fa7e2d969,778357340.1255955
dcf5b42ecb23800a458562e9,864007982.9539737
0d53bfcecf0397ca27e5f78c,815159111.8406707
f4ecb15ef992a677e8b4fee7,470558214.14293563
46eeb8f186f86f7859274d4d,799518500.9904479
b5a7d4288dc7a7868678b9e4,675149653.8451343
34f99327fe595ba6e32d89a1,733375324.2271848
9a53016fdce3d3b5c2baf3fa,736859839.8032252
26be10d0ce8b763e9b457e76,730612819.1491987
2e111ff939191cc6df2c59bd,611951353.1582761
ddcce0b9776593e3ef3ce21b,609139883.965812
937c0b6350beb0f51e53ff8c,513258684.8247709
f50941445773dd62e87e0416,754232406.6168555
93a1aefcc4ccafe4866bfc76,554707370.0869046
70c0a72b31dbc1b97c102c13,737185281.1476669
8aa9e1e89993aa49c5c3eced,604218127.2097467
2a5ecebe40fc09b45d6ee5fc,415171610.0819882
5f798656baebb094a3c83793,875661799.703969
596b6f435f76058493a16cd6,936221274.4720138
1c510a71734e955f75187106,747096316.377311
07de14db9dcc2d4f9eac0dd2,1027669122.5796673
29503210dfd57bfef8f16802,595347651.3561057
89575a90c7b9b960c8f4e052,750688847.0630563
bb5a6045d18e19613325dffd,792761661.8776916
f984d34c8f27e3cdb7c2a44a,740151347.4333847
90822d4e3a369948cdc4d998,614012825.4998815
5b9a21a42d5f50ed4b10581c,829771993.9007939
1be01d052c6a65c5ed286bf4,814915923.4181705
b73d317e1e8ddc3d5d0743ef,882550208.2376716
bcd302e3b5342ecd8cc056bd,904801508.5296348
eb8956f0c4a885619bf1ff79,738801018.7411326
d5b950c5510c19ccb926e7c8,992980887.4211959
1e37ea0918a00bcfaded3453,706550673.9959594
1d55f4694f3e000ee3ce47b3,826311102.4239912
cdc3e114698984145df842c7,881589953.6636645
9c611e246a612ac6906abe8e,913427763.6594517
c0c820463dfec602a6118ed6,804863126.8406576
6302d4fff078a118c3211794,761844481.2650583
c98807fc596bb2f505b4da9b,853814142.2987387
cdde8657b5a215915a04126d,939200871.1969148
3b2fa7905fd8fcb3e11ebcf2,804863126.8406576
59764968800501c68631aea3,834460118.2094439
9eab02171cb5f15963670172,911821528.4897549
61f84e5a07f37865c31d4a07,835315462.7879418
1494f223c9d3ffba26e42738,1021914273.5379035
ba137cbd10757ad20e5991c4,858961098.6948212
d2fb81a477ef3690cb11c93f,1039890370.8273377
ec4f7794cb756b995d5d207f,840661872.4439408
ea4add08aa912717cd42f9f7,1001616339.6487918
f11d7627e2f18c9a75595501,996041711.8891183
8095589d5e1a55a76281e13b,830235499.516145
f5add08cb615eb18b3153bf2,885645193.4931104
1894346a27970572aa703cd2,803254529.8885454
805a491334f865f06ff42329,901524016.3846356
062d5544f5c96db90fa3a526,1046851489.270587
332201e2583141f3a02dcca4,857479712.9487002
4baf1bfced8e85013eca94b9,804863126.8406576
8bc002e1f02beb4d83a6f6ae,714291793.7033542
adebafcf3eb0d34ae31718ef,1176259590.606534
60b5b0aa0c1319557cd0cc85,1251464242.2637842
3393fece8a6ed311ad865e66,697057160.4397433
df4a1968046eed5326119599,1156986955.5622249
b044b9a587b2c6ca00447177,898466395.3825572
005ab848b35907e42aa0f4f2,1089350431.0522175
140a0002732574ecc516e9a8,994907121.2405729
bd850d1ccfc4b21a72f3ec44,986152538.3114133
c6dc8c201ce38ff2ea49cd68,1003623905.9672648
572ae40f693551547e13a196,1144958769.7772806
b39d1b2637dd8e307c8ba13f,893889592.7608058
2ad02d6d56b95ff3382b53b6,1041095475.705824
5201393754f4a5f2a476ef0e,988777689.1821302
72a66bc6d15390eb05a5c688,881845876.122726
1f1f3e47f3593e4b2824e628,467984140.6037196
bb7e14611ea6b5e4abb5b89c,731335432.12906
b82f8abc8001cd6731c4ef45,699651247.06119
6228854021e72af611d2e59a,720512020.3730018
6d21e1de9c880bfbb17350cd,727813502.3137896
7cfa0c98191ef9b7c45f0520,373066744.0585104
a739d80c3fb6b166a2c2182b,447617394.94032973
36f85981124e858c157f83df,651345396.7779927
3d6d51ca99f2747d6b92dd19,619940347.9486424
092b7b5bafe25bf485de37a4,644181955.6853116
f2e0163fa07f89820739dfcf,836160785.9000152
ba47346e7a53412e78363ac4,580582515.838281
f86e80b2a831572b85b04e55,521517288.95242524
199a6f7df516a685f086dfa2,539678949.4667121
81f6d6790aca5e9270c3d1a1,348030965.7966152
74f099ca0d949c8042569d51,351416935.0705088
4df3717406f9852284576caa,448081884.74801075
5246f7d8023a4c178af6d10c,590280551.1771164
69d9908e13bf7c8ac4c30531,367224758.94259506
e336d9d892441c7ad886a98d,499996396.5017168
f82e1c70884ee1285e1bc491,307071687.65585834
0ffbcf7d58378c85b4103c7a,621662921.8083615
3679e1844a35c0c87fffefeb,415569037.2606923
955a15a734e56eb287555307,382945344.2516718
722f262a44b2bb6fc05ec35a,392995342.35245645
48c346042d9cb826a3714466,371619618.6673559
bc4b7bbf5df92f476b6be103,330373300.08879364
667685f89a61aa2ad5c9ac7d,424484855.48113364
8be5fca8f4339712c6f3e29e,455630264.9832217
09a5fd22f920267b464e2a00,624822714.2773882
f6d2d31af94a6a73912dd9f5,720751121.2127795
0e9a5ea81f6d91038d8711d9,700194919.3102603
8b2d8edfa6788ddc0c7b3eba,678093308.0254099
2f48a73bfcc91272161afd39,752088341.7127166
a78417c74b8c99279912e427,716326663.7471644
4d69f7c7e0e837879abbdf78,388261176.3770454
926a7b18e48cdbf6ac3b396b,495111941.6646542
a06733f7b3ba964c20ae2698,668663026.8429915
02d598a32d864c289e3ba6b0,693842421.7048671
3977cf1326ff502251f78f66,867705783.2392125
c3cdfd0733404ec885eb3edd,649034228.0921172
a28bb09e30bca82627e595c2,783348076.2048138
0a2f8c8ca6094e6626d4e8b1,703964947.1867625
ac9baabfd96d58e376149a7e,717189318.2456473
700a052900adbfa149dd5b6c,819259668.1114393
4b30968cdae59b4ef3298f19,814608803.2219162
c673d94552bc3e451672939f,840625856.7084566
75392e8381e1c891377fcb29,868472762.341689
a55d7074220aa6a750297c08,831750650.4778311
81eea19e7c12d65d21e23648,794644171.7587295
69df7bc1d82d9723c70eca70,862805114.5247334
815cfcc4d26738f74cbb67ae,546894809.2210239
5ea150753f8d07c71af45cd9,722472040.0025413
f851b02d18e74610a900bf14,916889345.1749225
76b9af8036e38d5d30ac4c7a,1082356644.0709767
4ec5ab39cae4afc3b0e69438,867871934.5531254
c74020c85c9fcb2a2cb3ac74,795204650.1465093
6d6ad5e3ebaba1c11dec0f16,776446839.9492844
acbe4eb98668ff4967a8cb86,629768786.7264682
16a40e3dbfbb9c703e04028e,705383157.1681882
ee5fa0932e098cba28d950b1,709322061.3484617
5f9fa56b99677a489a9966bf,731335432.12906
4045e30cced205e8c5b2373c,496233060.6904632
eb2c7a973d4d6ce8e6ae87a0,813987390.2559382
99c69eeb96e1016a7e53b33f,759514001.7492968
aa7f56d05ed29183b825d61d,640829119.8520385
4630a9af58fb79c0008e5fa1,598466132.802462
ac003932eba3a174c5b998ee,594999047.6271086
56a7470ed14454665aaef75a,1155092214.4893537
a4e4f56336e07304cb946b1c,721030157.6951549
00ce045307538da1b0bb7972,533252962.90421176
cad720be1395e2ab5869807c,428103014.2549358
344be03236aed65e74b14a2f,385944124.2273389
58a86bf535b4c16b50dfca06,351397911.1322342
d52c3915fd7d2ef8c92a22fe,365643187.2026863
8a4b7e86a90a296e10a49ea3,531392863.5005149
e1717a317481b0765a7a6a0d,598990022.3356805
97fc10f5ce4a6fd7357381a6,385944124.2273389
428f4bc76d4cd315ba8f89e9,490274931.94085836
4d882ac2b82569f74aa08824,345958687.6076081
948ba87dfd7993460c967cb4,382484002.6176194
1bee6a5aed5417181a3db77f,526202473.7155784
63cdd73026431f5566fe246e,503867548.83121544
013e2a07f94a99323b64d370,860758061.0856594
ff56b24cf15289dc6d14800f,728873968.4325039
7bdb94165857bcd37206cf18,521220892.17038816
1d1e29d9601aa0eddb4d6c2c,534475031.2890869
a8c9489973c54b93737dfe20,620039769.0478077
254892c6b84c59ff5ac4f354,460982022.8402763
c6e9772058edb2268434d7cf,712049302.1234663
916a413537580440c4ac6028,577987725.1931106
bab8e472424cd57faab87ff2,550784728.6179867
eae5eecfa2fe828afbc94b0a,510476304.3103901
da26059a2cf36e02b8702320,474815246.8259687
e18fecb7e40bbcaf26c863cb,780590698.7780229
a55906464634558b94d9298e,498777111.35426986
3032ae39e739fe46e9e198e5,771422821.164502
663e062b85f16c2419f8456b,545986900.7963991
aad0e527c4bf6283f76b5bed,630448764.0457084
32fbc0f1934f7325a404a2eb,729411436.9280659
07d1137c1f0aaecbbad32f7b,674218729.4467218
3058b792e3f6781e438a2e9b,869603603.8186715
33d6b1bbab4524c3aa03756c,426865072.5697287
c75d43b8089321e359e14264,640377943.5797253
29ea1796aede16cab8a50497,365483096.1466309
bed21c41b31a3bf2095aa273,681302949.7391195
ec232a7ee3aeac713516614b,663132524.5454402
bb7c68c2652c7e124d88631c,544953712.5524431
697b6c6f7666391fc689cfb9,683757199.6664691
d912e45dda1a3a628fdf50d6,714586490.6981457
96fa88a07329d3988b6b41b3,793737351.3970401
66019487c37339e9354ca999,626467549.6342142
fd2dcbcb8a31e97f31d22a53,798015204.7245381
1a309175498997e1b8f0aae7,883684128.6057308
e83119808dd08ca090f5ed85,577392239.3623784
1a26960e24de046588ca7837,672462381.6007252
379c4fce87557848548b0944,409321877.38265055
b2d7355eb2aa975900776275,694451028.3872701
3b05e06aa0bc40b9db16416e,406639119.11192226
4a5405b1e181f5b10fec35a6,576815327.2614863
aff22625564f00844ea2610b,485038750.33614665
b40addfc0da42b0e530503f0,481355416.802638
9200d647b6ce9aea67ff8ac7,513231625.37673545
3057660e38fb757dbc8bd898,605120443.0041606
799be2171dae4763df530e4d,671973242.1840211
819265a930d32a97533d132d,744177426.0366601
9ba689b29d0696fb7ebc44d5,997029086.8609154
0f7e28b6efb9d550ba28a1e0,630227699.9168577
57551742fefae23bb32571f4,675931253.0101632
9569a50febeb4163e28c192c,698396748.9436034
1d03efada56f8a70bdae6aea,538627467.6103047
bfa56d6230b858591743473e,740188140.0888473
ca54914a1cf1028b9c8b681f,590260578.2586415
54304b6117b797791d266cc0,603750246.2959219
166ae8e3d0704209d6715240,724655664.0908983
b56659e70367566a4ddb81b2,695559700.5728203
2641f220611056a1f5616dae,1090662559.3964841
08a82bb9fbe4b7abb50cece1,647475366.1609763
b40a9888ec0379fbf85516a3,859350031.6473339
d35462df6c686296a3c7bb23,597381258.5951455
db244703ce223e6acacbe85d,725496359.8916082
a90df94f959030227fa015b0,594890996.575197
d97d462ac4f5d9cbbf04e9ca,747013049.7443044
7fe6ac57e87b8126ac4f8530,845126292.91526
69c28dce8eeaa86605143419,956113391.3266131
2bd6682ad8343b69fae1a59e,875528411.4138671
2e6fb29cbc1ccc3d97c92c72,693255569.3468401
9eabba4531191127ee91621b,766697058.2697415
d0c411218ffa7c3ebc10783e,659699365.5634185
0c61a011d7fe0227be2b3575,709183678.7267177
2c47c3ef9e139d8c4513a090,624140879.5172652
f6503aab62a68ca16eba3fec,1258211912.6786656
e7dc05756684b070b36d681f,742504332.0968401
17484950b143d0395907ae6d,561600063.7946275
3d997123b33373024bd2cbe1,741553493.3824552
ddba305c2a3ad29db24a0658,924643725.8408761
b65efc402cfddc0aed4e1d76,633838798.5286634
4a7ecb05c9886bc35f6b9160,644758240.4269567
b4e14604b888c994b64f94ba,744326234.2473158
ab37764e5f4e00097eac947a,842970096.7233462
764da64c41700da5ee80b8c7,636389030.2439619
8a84a073b855e37a12327357,649954326.8425251
5a6878f8a47f1fa2fc1d600d,1049908005.9938604
505f3d545ce83d0c848f828d,1272191370.3280528
6687a2299f38c15598d11eef,1037187492.4508712
533134592237b2748915eed8,817936853.2649715
daae80933675e767b50bdd17,887416248.1902392
945f85a061dc4e95e779e27e,1031638327.8179383
62dc69d80cd6ea9fb7fe52db,669816292.9819926
153436858070f7e724f0cbc1,778739031.8376001
7f9875a5336a32d73df2402c,867475470.0084782
ac11141115d391be44e6426c,683741223.7844106
f8243b7b679dfe8303180d73,1107403565.174249
1376106ebc19c929df27bb62,639914587.63968575
f591597c9a1ddd9852eb3cfd,860758061.0856594
a748841236a7a7fb33138845,481117857.2193572
6ef43ab43841696400d91859,575927756.5099374
601310d800d88f0d387235e4,919983054.6812823
db81ec58863dcc5d12839883,525911293.205075
68d35dadc6d0dea61bf4b513,377124109.5216982
ba9be0b67571b1e9242664e1,621727228.8598565
1690af2e30b05da545f1576f,848954368.5175096
fc72ebf9381496067101da61,401363290.82438064
3a2e95f5eddda4df84b2e2b3,545638634.5426053
a660d5809085b4823e287a5e,536613637.15578043
799301c01a3e7fc2af5a14a9,878050469.407953
824cad597aae34d7d59ac939,645445055.5923815
23cfc154896b93bce4356ae6,375194489.97490597
a9b96d2a23ed155043085e87,939052095.3936102
f5d529ff6a35fa78ab14de21,572778140.1599416
9b337cb1451a8fb078dc9a07,663007744.5294774
cd1fc7362660bce494b5117a,416022360.9213076
26454cbe44a07cd0df12ca07,690294637.2878939
cc5563550bebb29c83ae3054,813403472.6986159
109bb36f29b223a81dbfa340,768070334.846583
31081c78ce92e1d8dbb315b9,773137055.6937225
502aca1a1097438b32eb362e,1047901618.0182002
4c90ce573f1d61d11294d05c,839427709.4201269
87f1e9ca16a7ea48de04fa73,1046613135.9949862
224f6e839dcbd91491f3f1ac,416847607.45740485
8ee7d2e0692e49bf9d308b4b,761236977.5170485
a3ff6a1fe37a1bb736b1100d,655025760.4094547
97d49e61c1ef55451e52c8e7,665930392.4701232
b6514cdb1e2cf37e3ff8090e,1149170894.463288
