property_id,price
d56159653f5d2abc5ed5acd7,792281021.1744251
45550aa81c0151f1fd9fd8fe,700850089.5292715
735deef3382aa15930482f3e,693564181.9894474
0dd49fa8bb7be52b851c6dc9,697771911.2716117
7d3220a91e78f8bc2924d1cd,696623798.1058382
d3054072b2175deec2c1f8dc,348488538.5795613
b7574b06d593fca4eac59815,348488538.5795613
79e822115c5c1a4531366001,350796092.7060767
d3ed5316a463d38c1bd321d0,934490220.4853582
2f1880c9b8f7ac2715e1236d,631997393.2765821
dcca1c7f109175760ff531c6,362099032.0949339
dfc4f3facf91bbd93ee0fa4d,614481277.3212439
30e134a6cbe61d7954d0f56b,292964526.8710396
385fee7bd9ad7722d45dd034,437813981.4363025
87199c236bf22903d1aafdd0,434105570.73578113
19e19ad0cd6b5e84d8aa970e,426453678.51330405
907f968e78d748fde69dd44f,567777704.3817981
be094e5db0f784e3aa013aae,399430558.049865
7ab96f83915bc84f8c03c1bd,339585661.04250294
07f4aa9b9ff5b0b05d31e6c0,737171362.2772715
e9be8cd37abed8ab510ba1f5,754187310.2138736
5f6ad58df27b562db077b5ce,717074857.0375106
ee96d947484aaace40f9b77f,761925207.0666844
15c4aef8401208054697b81e,738661221.9369588
22d6cb11333f2839b8112b89,1061311390.0772706
288c09c33907dadbae495c11,1173963074.2525845
f71d2bca0c5fe2720a1544c4,786631129.0089251
451744cf3ce55a98db8a3562,785336806.9801457
fba9ae05a6a8a9e0c6268a9f,691656054.0427748
1338e58f7dcebf5a1ea59388,785336806.9801457
a817e8da0ada143ac87277ee,504394089.2960029
46d8bb3e9a0ca584d3c7a317,598163438.0186
b2506aa9463aebf01e1e00ca,348488538.5795613
7ec025b9b6e6f33bf65af41b,445252727.4792886
2ff531e27672ecd2362eed55,790101304.2896998
9b3cf0d1b91b9c6a2a887647,617192024.023762
7db5291ce4602d9b2b266872,342787009.99607605
65d5918e826c33bb950fc008,598230606.98454
395c34e4b8f52cbdb0522459,656326044.4992406
855f4b67d2bd6d18fd03d8e7,655246126.3188766
9ff06409b37e5b5dece4604a,598230606.98454
0508cd7bd2c77ebb6fea1e56,598230606.98454
b45fff2e718e54772d46a3fd,598230606.98454
cf4d2297b73dbc357d21e31b,598230606.98454
0ada7044c5b29925abc90879,598230606.98454
6305f02255274ab5fb6bd39c,706491020.334985
d9a94194ae1350512beff3e6,773824506.7182506
e3896296cb80d50d9ad3f903,775099855.201287
6514f355887c64136edb5595,835718160.8062884
f03400cc18e12903b3ffbe5a,696623798.1058382
4e134600155a64783b3f8c3e,656399744.6603159
d63ebc63c82fbf66d8b6ffd3,706570353.6212863
1bd64811bd59706844230198,773911401.0160851
a83921284639eedd4a511cb6,697840284.6448389
a2f3f7a1cd573e2a33f52e2d,706570353.6212863
47344a66471fa51f61c64652,706570353.6212863
78fd849c9429091347d7e5c9,706570353.6212863
c3daf2abea55af99c9579319,628766014.7267265
52864916eb1984abca41ec66,834436761.075409
c62494a9d7aede44f2f84023,913964362.5202608
a2b576643f7a032371587e5e,1079362385.4879804
e53bc68f0e97ccead24f3e56,495747509.55873734
fd82c710aad91bc90af490fe,619914729.0201393
d436abc2ee37ba3dd561e940,619914729.0201393
216a598114a403676011cb51,790101304.2896998
ea230d5eccd2b687888173bb,700850089.5292715
18bd0dd7580f2a7cb19a90b9,403755291.7427584
b143c8ca6d334f6a73c3f2a0,350598651.89086974
ab388cb4fa511968783bafee,348488538.5795613
6a4f08cd04d558a56af732d9,425527407.8692916
7216c895aa047c4f405c4941,551810881.2612303
a493488dcd906dc74cf8a604,655319705.2137846
7844b0b2bc65dced90a355c6,598297783.4930171
c1976383069b6b82ab29d092,499385012.29379904
e5cfd99e2308b7b73581dbdc,404820384.68480605
c18c2ea88f4ac53970b53d2c,598163438.0186
842c9f0e4edf1e5a672ce15e,656399744.6603159
7dd1e46dcbddc6bf5ef694de,493049271.2439248
6cc4f32b39180bd1ec7e117b,599283844.4977504
79e643789a85dc4ffad49a25,583130507.8071531
b3402a9173d289d6db78e09d,775186892.7105473
a446507813234e358db8b573,508991744.0417328
c8ef57ddfb35061d1876f94e,693488103.459353
360be0df2c003005e3db080e,932952611.2636421
9ab245a4c91877cb7a8661ce,960375730.7724704
a57a34c7486e7a40e8deb316,775099855.201287
ceba7d0f56f6cb03538962fb,706491020.334985
d5475993f9db58c3e4baf7a3,762925482.9500054
d37a1dda09e30da13ff5bfc3,706491020.334985
68a8b8d077a8232723bf37e9,717074857.0375106
e1eea7716ca6490b7640717a,706491020.334985
4ae6d75b10848d259ecba576,773824506.7182506
17afbce5c0b56732abbea936,707655395.7757219
84a2673eccd3cf3bd7fd3eb0,834436761.075409
f2f4e6cbafe527b155707f01,913964362.5202608
de2e3a592cda5b76c9573c5c,834436761.075409
fac651cf404a58f24dc7d286,1172890118.072889
e6f312a0877af26b69855a3d,1241711856.7339618
333a643c623a9bc75f3a40f2,915470677.0052243
64593641e470908ef23b46cb,985553514.755037
ce9f2f0071be658ae75ca6f9,1116448784.0235708
9ab385e399a4673732b6a799,706570353.6212863
3429c774b736cefc051e2c55,598230606.98454
a51ad0372758b2bbfe73f8fd,583093379.7308326
8c801a266256e3fbabe7e3d2,603426353.1838255
ca2f81b8fb6fda20aefb0ccb,619914729.0201393
3c1b1f86087f9b99380e387c,792281021.1744251
b0cad5d612954b8cab18101c,673617308.0186776
7eb991f4c69215377e4dac8f,772408148.9356847
0d130b8bea4321300396fa34,1101746356.8401299
8dfa059401e1dca80ae65ae1,645236236.5553108
3e3f264cd0ac7a65ed2349a2,830156411.9811355
112dce80bf512f3f24391d23,528084517.583073
ff25ded6333278149f8fb68f,697771911.2716117
d555b82c192794e87e9d536f,696623798.1058382
a787382d96ef9fce8f27bc70,865665343.1866486
8c3aa295f7bcfd9a43eb2037,821770379.140925
13ac95652fb3cf6c43dafc66,542160912.9658735
42fc6a80b882c32f6264ac10,690518003.9020257
1e9c53e09220d689a0210ab9,377023630.5270511
3348706086aa3db5c92259c3,445302725.79644716
66d402a9b7d05f29282ddb00,655172555.6853665
cf88be51d6f31c10e5868ff7,434612023.69066566
30b3f38716be209a894b0942,445252727.4792886
0a5908a92d0ba3e36f54b1f3,349141284.621394
dd206b6ea2d7f6555109ea39,445302725.79644716
c641febd8bc2ece3e4d2d8b6,525888133.15934765
c11fdc02a288af0572a2bca1,735093169.1236936
35dc60a65969b264ab283d6d,525888133.15934765
d9cb0f637cd4feaaaf8a21c0,622150321.0516593
7e8dfae9a5f1faf8afa706f7,506502795.2261222
a280fe7610c254b935c9dcfc,458741348.3408093
85524880fdc4e4daf90e96fd,444991881.54964143
f361109d06f6609c16724b39,598230606.98454
3f6b2f0c0876c21755369cb6,706491020.334985
de26819064a290ce78d8fcc1,525888133.15934765
91be1260a84ab7fa3521c495,775099855.201287
18c8dc4549d38c918af2972e,707655395.7757219
782b0fb8641849c2c34291e6,404987390.4885503
54933f8b33a4fd6f031ed5be,773824506.7182506
953176c9a901b4f61c030432,648642212.2429229
357e2add3d68167a4f3ce15e,705411438.0894071
90332d50e91925eb9b614bef,772408901.7522848
11723d1d472bf1a3fdd8b72c,917724052.0239024
01f8b6799e2910f7769db175,483426184.1522068
a0d5001f7dd42d7f0c91d2a9,404865842.7735225
d4439c35bcb88e1490916c67,478133480.66833615
4a73dad0ff8a5262e8b07c4b,834436761.075409
3dd8085a65f24b497ea59557,916214029.8380632
39ef085809bc80e32e7b6af6,916214029.8380632
b98ee16e8fd7d1c75a9da13c,916214029.8380632
16deb26bf740fa61e258f545,773911401.0160851
732a3bd457d7798e1fd892f6,708523317.654
1376058cb128a1c7729cd2e9,658015432.4415134
cac7e7c3e13af91bdc7107e8,834436761.075409
9f3dfa6e1422f6aeac527c61,617063831.1948856
4dd3d1288ccb66ee4fb9c097,987066976.3706896
15fb97d6a43731d61e95d004,773911401.0160851
dac29573163315edf99e0e7a,600940268.0763702
b93f2864087d41c3c92d43c3,711648925.0856218
cd4656aed92f5c0a0b6b7c0c,711648925.0856218
556210496090b42ac10cf1b8,1079362385.4879804
762979729fb21e56a32ed14e,1079362385.4879804
ea935b76abe664d5e2c4736f,598230606.98454
40e9ef1e7c6749b7a8d04ea9,590839135.7233529
058265732a484ac8d5497f5c,532356152.0992295
6f52ea8340cdd283f9a79720,656326044.4992406
cafe7c1ee67458e05c84d5fb,706491020.334985
3f45ed2f08a2b03b738fbb5e,349141284.621394
f203b18854b75c4564d7a17d,707655395.7757219
d5333f639d11bc3ab073ed72,786631129.0089251
c14f644116669a160446a945,614481277.3212439
de585856ff546e00a5a4672e,493570154.9032822
7a80663cae7c191b5d025fa0,785336806.9801457
71f80198e68fbba902650b1a,690518003.9020257
f3523e0626df8cea803ead0f,493570154.9032822
619abd5f978b1573761be86d,690518003.9020257
17a2323b855e93533a9f09f2,617192024.023762
38e8630f2c05ea38e2257c21,705157840.6763517
1e3798d739f85ee0e5a314ca,359915489.48483735
46d0544f411bbfb6b452858c,693564181.9894474
605e7a71eecb13b23ffca0c1,444991881.54964143
7515b37b7ae7c62f3dafbe7d,617192024.023762
28be121ada9c9303be802474,693564181.9894474
331d54f8a1bd3dabce73d6d9,788801272.4381788
22d167639ccaace593dffa31,635695592.2153419
36cd68fc3ffab79fcaa340ab,495747509.55873734
db924733e88c361cdfab874a,633373266.2807194
64eea2e9a13a8edfe8ac7027,696623798.1058382
97fe6eeed892111bfa20255b,638499924.5750136
b54e6757829ac95e2076d954,709435906.6027845
dd59b8122458557041903207,497934469.4815479
b35c58fc1c05a77433025318,792281021.1744251
c41964afa164d8b75f8dbe92,697771911.2716117
96b3ea80cce599b68f96f86e,696623798.1058382
a4bc87ad4f1ad97c0a63d843,697771911.2716117
16e62269e6aa2ea052d05f71,619914729.0201393
518b37b51f824fa0fb5075d3,792281021.1744251
e083d83369cbc93fb94842a1,697771911.2716117
57deff02895d5286eda10d89,792281021.1744251
7ed35835fbe694bc237abe38,697771911.2716117
b48efa9ddf36e85164354f26,793586788.0372226
5910c9b29a1025bada93a5e1,697771911.2716117
10a650e8cb5425c97f08f68a,696623798.1058382
9e0feca2ec3043ae6f840631,793586788.0372226
35ce37bbecac6b164fa21e6c,568191194.1546428
c4955010d066e013812a85ea,793586788.0372226
d5a83c31bec18d1c3eb9af7d,697771911.2716117
70217bd08583854329722821,697771911.2716117
28e748e7aa0a447731e06706,708268601.5114136
27929c0a3e0fd2d6d2969e03,585000510.0657835
5c5ea0d8bae75e0a5c88414f,793586788.0372226
2233f50cf7b04791cf1ddeaa,716961194.7032164
bf430621f17dcaf17fb91ac7,709435906.6027845
d8dc9de06461e0220bc55906,497934469.4815479
d988975f8c4e6ee8fd8dc1e1,699696911.5322442
bab884e0f99df269805e83a4,699696911.5322442
8fa9b20af1508af7a01e2267,619028526.795782
b6f195d44ddbe10b78b97191,598163438.0186
2ab0eeac4a228d5769fb4365,598163438.0186
347a4deda03bfdde6d1c163d,788801272.4381788
17230f18b30b94606fea047d,495747509.55873734
eab4ae491bbbe7b8ab107229,788801272.4381788
07c753474a847bf2bccd55b7,693564181.9894474
b7ce05400f0261743073e072,617192024.023762
4a33d213841d2af537aa967a,706491020.334985
04eb0b590ce7483c615b043b,697771911.2716117
a01a51af09a3dc387a18b58c,433945636.6761062
270b930a9e22d5016ffa4019,913964362.5202608
5ed1320fe84a518e267ff537,795776120.6101292
f04b574dc221473cfd616e22,552343605.3320789
6f7e390aa6135019dc5a828f,697771911.2716117
776d4a19fb3852fe6dcd3ddb,497934469.4815479
b7f164b79658952248866c34,498755120.63021463
aafeff5826516e363471e439,418047515.32961035
eba6a2b80a17a846ae560ece,312350208.93310994
90e62f8656ae504bf6175e0d,432373448.23782104
dc4331d09a1e36baaa6bde53,534045458.28739655
372d67ccb9d251e290891f0a,315560123.79534745
a7801c67a0ddd71c50ba38d3,339585661.04250294
e4d6b81f169cab8ea0244d75,566282948.2152277
cd5c6655243a4be0912bc92a,775099855.201287
f7a7281a19733251134364fc,834436761.075409
a716ec25a219961fbe90f367,913964362.5202608
8bd45966c16d4eafb49ee2a2,898328509.8253634
baabbdaa5e8f69fc90d303c1,987066976.3706896
8bed46960db1b2a7954ffbcb,1081141294.231536
dbc123f9502159d660f375ca,1155252263.8269224
a4683facc81ccda10e9ae388,1116448784.0235708
3a576586fa1aac85c2ffb75b,906614681.0567632
b1fb98d0ba25b21c6647d423,1044532922.3916532
97fa4be3ed93c37c048f507c,419891706.4636619
cf184cc576effe39c0f857b8,569180542.056277
784f67fcb2d009d352740ed1,499385012.29379904
f4d6ce332121f814aa663fca,553760942.189265
c87ae84ef029febca1e633e8,559089335.1180109
e876c6fd9c161861fb92ad5a,868615826.1322775
9047c4764f2c6b1a10b87e99,872922942.297689
234c94e9a248ae57bb5a0771,656252352.6131791
a49c2976ca4f24f3a6b622e3,599149277.6071136
ffc171cf73514bed077339a6,445252727.4792886
fba83f5feea2522888377066,508076251.8619808
1a593800d5785ecc36c25ead,772408901.7522848
ab157c9601861dc387a91b82,707655395.7757219
f87f8003f15b0fbc12609514,598230606.98454
f44d035ea2b15b2c69d4da50,743577848.3659196
fc815b59cce7934f816f0502,773681917.1615684
32915b77ca68000ba9eed6d8,599216557.274948
cb083fa7ff634f424a351840,531542663.6986843
4f3c7b9bc78f882f858b3d3a,445302725.79644716
53d33316e237830ad463a26b,535956361.4243316
f5d852e25d51377686c43bc8,598230606.98454
64731b6eaf4fd2bb6c155013,775099855.201287
dad7e45e4706ab2564ef9cf1,350786780.75848556
255914e9b13ad94efa6ed365,656932734.5440136
5a8950a64b4aea4ac13dad45,834436761.075409
70f51b4abf26651111305b1b,775816336.5443585
8919ca18fff7571002e440ec,913964362.5202608
f776a4e0c8c82b3d29756b34,1079362385.4879804
7ea4af39a7e577ffbd600f0d,618206004.4955423
45fc0d46c7a4df7ff6976fce,742552350.3977602
7cdcecc706fc7c79cce45b20,775186892.7105473
3503f56e09e639be4762ff2d,706570353.6212863
f70ac0d227db6f5333aa821e,697840284.6448389
20db610da64f80afc1621b12,345377877.0160953
c80ef212c870e2f20ed2234a,706570353.6212863
7dc68d5cac1b7fcdab35586e,413619635.04243565
a478fb93a131fee4119bb9f9,834530461.644219
7749b2b534213ec7b536372b,512533324.7393898
43e59f5312e304fc21c1e052,841496727.3674598
82a7920524816f3db7f5a4ca,585143167.9385887
1a7e331d9ff88ae5efafa8ea,788801272.4381788
a57350d4c79a415137281cb7,358334717.71798015
f3a6132006d54d0e22a17e84,697771911.2716117
14caab87a129f51b2b70508e,707655395.7757219
ba2423d79744d763aa3744f8,773824506.7182506
1caac10c1121a795a172889b,699696911.5322442
40768729f2697b87ed6519d1,692652185.6960093
843234d3c6c20bb60a17fbee,707734859.8120646
cd2e4dff930a1c7a1a569992,788801272.4381788
5a6eab133b7e95155f6a9012,446086720.34649146
5bba6c40aeb129c433d2c58e,788801272.4381788
ad3c644b506498127c7beef1,697771911.2716117
a379656c49f4cb1cfc5b3f03,788801272.4381788
998c1a6ace613d8a7468ba5c,656399744.6603159
dd610d7ece83bb02dcd7a22f,598163438.0186
539467d04a2b3e78c592b11b,445252727.4792886
e40fe4ac43cabe82c03dda59,599149277.6071136
5561eab714583013b422e7d4,598297783.4930171
d9110b2b5b1c02766da9e24e,706570353.6212863
c72cf05b93b9c290c063b08b,706570353.6212863
d71cc157c0c43935989009f5,706491020.334985
4199eaa19ddf8ac436bb2ba3,775186892.7105473
d23d12bd86def2657038a481,834436761.075409
ca438e13d8aa6285858da0aa,834436761.075409
a173eb804f4bcf6bfe889417,913964362.5202608
9b3677d498c2ccf69c756ec7,1079362385.4879804
f8c787390e4c6d2e99fc7c3d,785336806.9801457
a188aa896d1b4520ccd6b65f,494383613.1782049
9fa39c9eb4b10a20dda6c3c2,788801272.4381788
7bc9022fa1eadbd9ab39acd9,788801272.4381788
46f0731f62232b32eb733dc3,693564181.9894474
b6767d1e329ff5e28c42f632,598230606.98454
abde4b06769fcb1d5577fa7f,583093379.7308326
1496d159d31717ce254f67a7,571010392.4520853
1470749d0d2551a93827e441,599216557.274948
3ac517f74dbf8cdc8feadfe8,568084168.5577593
fc6616c62030a53d2aa46b12,723366997.2401707
8497f34947cb4c0ff18a0eaa,497934469.4815479
3b2936127f5a4684a1d3de22,619914729.0201393
dab58562904cd13a93d913e1,628766014.7267265
69d1e47b6bdc57512f1838a5,706570353.6212863
23c7f9a0534a4ae6a24e38a6,726351328.7678484
640e9fe41fb79ecba89d8951,820627477.5446937
31f6a25d56f3bb36386d07ae,744032780.6168233
bfb30ae71cdca27f5a5494c6,800502643.2487332
baacf0dbd690644d74f3a929,699696911.5322442
cdcb874d2e62220d12230632,834530461.644219
1421bdbd9cf7572b799b732c,914066993.4021144
ee9e5adab1455d38edfcaa6e,902129998.1179476
1fae43a9450fae02919962b9,585647049.2424219
5f9ee280509afd55d24f39b7,706491020.334985
82902f2082dd405ab538ff58,598230606.98454
eae52c81f779a61f57cb5b58,835812005.2660338
4ec0aee1b202642d2739068b,775099855.201287
f4c6c3210a3c2eb935c6d5bb,914066993.4021144
14a14706d405569501327924,295120410.8808225
146a5a4f3d111dc7b955ce42,773824506.7182506
99bdce7cdea643b0442976f5,706570353.6212863
733c7cdfd50db77066a67140,495982412.6348142
de328410e22767c66d919423,773824506.7182506
d0116b53467b3081664fb268,481693238.7110776
dc722ea5c4d62773f9fb6bbc,598163438.0186
e84605e3aadd50b064c8eac3,913964362.5202608
31a3719e57ab1425e7267fad,655246126.3188766
34993717af3f861b9735df6e,674420549.8778957
543822711986a454cfd764e3,773911401.0160851
5bbc4ff9cc3ddacb39469e27,835812005.2660338
d7ced905983af0800c19b7fe,773824506.7182506
02d5bac2567ee9e19041ad42,773911401.0160851
f4897a8a0a911a2acfb8e8c7,913964362.5202608
4ba19ab08d1fe7f72d0dd37a,656399744.6603159
b7c07f8afe037d55bddb8e41,598163438.0186
40b20b5a3a986802d64f7675,502373319.9676719
01fb5931cb55f5308382818e,915470677.0052243
7cd0c7174b957df1f004fc88,773911401.0160851
ca13bacbf6dc8d1b09fe4c67,655246126.3188766
0ed0dc77661be57aab63bc83,690518003.9020257
d03558acc19951a882bd568b,495747509.55873734
b8cca0d70fb46f3a31473e98,737611457.3686011
f665a58fa8eda69547c1a159,775186892.7105473
8aa5ae4637ba83e672cd3ab9,707655395.7757219
a6da1996f66e545041d920d6,622150321.0516593
b828609eff041a68fa243a12,773824506.7182506
3f39a260b81dd7de1dff2b31,656252352.6131791
40fd167916ff071afdc44792,773911401.0160851
6ca31945172976c3a11732c6,773911401.0160851
1437d1f1601d26a3dca7594f,628695417.2639161
ebab054e5f256bf4e382002a,1079362385.4879804
0838d0df248d723da4e25ea9,773824506.7182506
7a134e45b9ebe710c6c6efe6,706570353.6212863
6e9c7f27d6b89c5f9696fae6,348488538.5795613
bd12c705950c46e679c34bf6,1081141294.231536
fa2c1092f17ce021964f8953,824126831.6489387
e3202b635974f7a3367c0ff9,775186892.7105473
49bdf0f970af03d83a57dcff,773824506.7182506
91af29fa680d8033188ffc39,775012827.4645478
cb626b981c0997d254388e76,445252727.4792886
155a8e4186d1626fdda4d0ee,773824506.7182506
d337476c2cfa780518523a6b,598163438.0186
7c3ea8523ece273991a190da,707734859.8120646
674c02227165e1c7189c54e4,913964362.5202608
17056748001fd65cb961b384,773911401.0160851
f56bca5bebfc765162c8cae0,913964362.5202608
5f4b0ec9c7452b888b33c3e8,785336806.9801457
13dbc077e552640736267a49,406352311.0760847
cb645955c851790e83e696a7,792281021.1744251
649cca8c83352caf7442f20a,770792383.1736164
fc8836e71725949c5f3fa7f7,1061311390.0772706
4f431d80287051ca323f2c08,609871203.7597463
42defcc69fa22e4c858f3c24,792281021.1744251
291a2f9022933c9d81311e81,792281021.1744251
d48a061a2040d851937413aa,792281021.1744251
55d2ad80322427ee3426dceb,793586788.0372226
8c41bfacbc1a6ab831b26fa8,792281021.1744251
c7214222fefdd8d2ad7f8f8f,742505530.3182493
b3d9a095c9c73004643c9e78,792281021.1744251
d49aeae19e13909e75dda2b6,792281021.1744251
dd10dcc52d2549df85f2a8ec,497934469.4815479
6732b448d2e4f32679f235ad,982417041.9545618
f08a5c2992cfee4c0910f68c,792281021.1744251
e3a62f080c25f404ca995e06,792281021.1744251
7634d584c3042533942e2dc0,699696911.5322442
ae58dee872922a9c678dbfcc,870899700.671453
5ec01e911785dbd5b49b166c,705157840.6763517
9bc12d9c9ad95064412c3413,697771911.2716117
7acdaa0cee1ee62e15f4490b,598230606.98454
d76d5b14d0acc5295b8057e2,628836620.1170648
32f3364ac1fabdd13db1cfe5,264062545.9385522
8cab957b322f1aba06bae4ad,546735328.9912833
e3dc8b417819e9afe3fc7d0d,560531938.7957277
c71fbecd8f7310c201adbf40,531251876.1270766
54c9bffcdc46819f67e4b3d1,739373460.7755891
4d94a2295f612b96264a0db8,674420549.8778957
874f4a836cb74be301e068cd,892703045.8576299
a18925f908acda4171bfbe36,985227256.6493224
a587c7419568288d68c46feb,638973767.3484031
19994da77ce4f2db3efe6660,690518003.9020257
9c4dece6127f1f3f3bc1e0f7,599149277.6071136
09c28a830f8093802384071c,599149277.6071136
5766f7cfab59c920081e3046,599149277.6071136
964b7d9de17c1ce396fb83fd,531204764.97050893
44f77a86369d6607753adc09,693564181.9894474
7f25471be85adf0baeb8ebbc,540876356.7829459
6859481703fb0cb34c1e564d,404820384.68480605
7ba0c14dce0cb09ef5735d9f,532356152.0992295
62cd6a29e98a5b7a5ad38050,554297510.985847
9c6d7e6260e4fe83d43706d4,641567807.7892315
5dbcb55dbba823dc31b041f6,830156411.9811355
85abc5c0353c5b678f087824,684844186.4351391
56dd1bc39664f8e9f316851b,696623798.1058382
b23341faa7307d9d6009c6d8,532415931.4337316
2af941adae2e8dfd66542055,525947186.1870996
268f887f25d416dcd3c0c9c2,757952081.4506114
9ddc7272fe43f07035d3da63,1257577829.1038666
4002635ca8b087877ad22d5b,870899700.671453
b515b1caa608ff42574e5a06,628695417.2639161
710542343cece039a279dbee,697840284.6448389
187a143dbd6d4bd81d6d9c32,598163438.0186
26db92c003c8e67d92d88aaf,985442857.4103748
641ac8f4f60ae2b9cf6add93,593353282.4886553
784714647351cb6745c867b1,697840284.6448389
5fcf1e2ab4edf13ec844decf,618206004.4955423
2575d932e98c421bbb38b267,773824506.7182506
af9d2f5f62bf74a7fa9c74f4,792281021.1744251
4db8d529af9f718e6d81a85d,445252727.4792886
9a3368605e5f563e29182f3b,786631129.0089251
5ff696d8369101b6dc60e2ed,691656054.0427748
95ade3ab8dc04237acd6441a,462216665.9044475
607ed21e896eb5ffb50d5ead,556144093.35658
40d9a852bbed67a6036c6d8b,598230606.98454
97badba651a94721af5df3f0,706491020.334985
b2f089146c30929c4836f0fb,599216557.274948
936307e2f478c3ff7b9652e3,706491020.334985
b6d5cb459999de084965e993,773824506.7182506
aeb66f808982c6308d891f55,788801272.4381788
cf8418c60f4e54dfa09b1e6e,790101304.2896998
1dcf71e8fbfef2c6534576df,717074857.0375106
c78b16f05ef58855da0d4f2f,520369199.757694
19ecf1fc86396ada203c2a19,621418039.711376
985fc7ab5aabf1831ce3d298,697771911.2716117
8aaeae6bcfcee5ad928ce28d,706570353.6212863
1a93cae134c79a43b13ce656,775186892.7105473
ffad647e8ee35eaea6378fb6,706570353.6212863
c21a3eaa136ef8a912ce7b74,792281021.1744251
fabe0f299a4e4bc6f51d54b9,696623798.1058382
5af99278b1091dca9b0b0332,770792383.1736164
3f0c845deec1c24472a35efd,1154319012.1714976
c10f25fd39dd36287a6cde73,1061311390.0772706
f37d31c512866b575780c4b7,1116448784.0235708
5d34f871e5a5cb3a655a0b13,609871203.7597463
95bb852a958d7b16fd676e3c,982417041.9545618
24857a7a80d5f13a52eeb054,549090914.9257848
f9796e9d13fe1becef435e54,959919211.0445067
1c2739878e452a340a4e8972,937619879.079543
698f3f1929a2dbbc69865b65,706570353.6212863
bc230105784ca8640e499ca2,656252352.6131791
622fdba953206a65224f2c82,599149277.6071136
6765fc17d98c08142d3d7757,707734859.8120646
6f35fcba4ffd6a58bce85892,570946279.7551517
d8654c08e95b39e3b4891cd9,706570353.6212863
33305df46dc2186c7e3f727e,913964362.5202608
0cec193a20d720af010383b1,773824506.7182506
734efe04fa6b326ae1d072e8,445302725.79644716
69190139558b2ef3eface18d,466478041.2797968
bb084299ad23f245d7cc5b69,525888133.15934765
d4c7b3372d70b898b167b92a,706570353.6212863
4a119b1bbf04b4bd6051c5b1,775099855.201287
f844345b6224bc76bc3c6f91,404820384.68480605
052505ca8210e5e651fc0b63,796379454.4521779
5731cdf8cac0b8371d786c90,775186892.7105473
594d8d78af90086bf8cdf09c,706570353.6212863
fcaddcc78938f3a234dd2d3f,506502795.2261222
1574958978c9b5d23d9521b5,674344826.3518566
55902baa0ece72e2e8c869d6,773824506.7182506
46161effff173111bb6c3a32,773911401.0160851
b3fcd9cbfd485e4e1da6c89c,655172555.6853665
213ddc1761cd6b018349786a,773824506.7182506
be3b1df5f008636e14bec3fe,773911401.0160851
dd27922be5b6f730f8b4e058,404820384.68480605
cd2aeb1b2649ef421102def7,707734859.8120646
a226b4af016a772dc7e39ac8,599283844.4977504
dcef5b332fd31d0ed8d754f3,598163438.0186
481492907baba4574d4a6f35,775186892.7105473
10e5e54ab66b58b3f41ec381,775099855.201287
d48866a153ea0fd23a858cd6,532296379.4767144
d273a2075d28e343a657d9de,985553514.755037
90a711f776d53cf654614649,773911401.0160851
f87c76eb5071c5b309e3ac3a,445302725.79644716
74df03749e60c216a3e1292f,349102083.25191766
03a84af05df0f577e09d60c1,598230606.98454
78682041182f01ee4db04e8e,1081141294.231536
25c76b5a1da0c2d8158b3732,706570353.6212863
af8f09175265e1546200ff86,599216557.274948
c8d4ffb290aa9cea002e8d67,446036634.0029021
cb89ad8156c3428ac80a4db3,525888133.15934765
7602cb1e6fef087d8ee81aac,656326044.4992406
00c75d59ed4777481a50cbd3,706491020.334985
fd36cffb856c2a14982a5fa9,525947186.1870996
06ccfa37fa6b011ac38422de,614481277.3212439
257b533b6a66b40d0f097c55,694707252.5690286
736eef4bb36681acbcc3c41b,589901008.7949249
e1a4437b17f7bec650d8cd97,648642212.2429229
ecabfcb8ce9bb47ec3089c7e,648642212.2429229
a5a46af0c9fb5c0a03855660,619914729.0201393
920b50f4355cd2674ceee068,696623798.1058382
410e5af026805ec8088f2e71,696623798.1058382
efa0c01632d13ab59f629ab1,502373319.9676719
5965d19a68a8414b0419bc68,706570353.6212863
64955a117f2d9264eb59fa82,834436761.075409
8cd46b5c9cbd056d3712f155,706570353.6212863
65f736c3fee3d14c31a57d1f,628766014.7267265
66e9c614882d58c022de7a2c,775186892.7105473
8c787c1e6161b18601e6d7de,598163438.0186
29a115ba5b198689fce5f93b,377645007.22304225
de8ee990e70c8e5ad167dc89,655246126.3188766
0b65098a19c2fc1caa6577ed,775186892.7105473
70ea0403b722a1dae1ff9b18,706570353.6212863
5c77e242474e477513b60ad8,598163438.0186
1655a92b20740a11a5889519,598163438.0186
1709b1446b20b21482dd2d36,834436761.075409
e5dba7fa0cfb81488b0c331e,445352729.72801965
d09dc3a3270073e5f1cb353c,775099855.201287
368e740cb71b9175fe5b7b6a,913964362.5202608
b8a8ad4c0215077d3e5aa472,834436761.075409
1f4a78e094987ce29f054fb8,691656054.0427748
aae3a99ac764b8e9bfc562cf,790101304.2896998
a63ecc5539e8725af4128cb5,788801272.4381788
a29e18f37ded2e901181d7d2,694707252.5690286
14ead7469d05e5eacce6a575,708268601.5114136
1cbf39c44f6b0fdbf9554845,708268601.5114136
9012294b64280c565a88a1d8,706570353.6212863
dc0e9ce44b9932c6e48a9390,706570353.6212863
a4f272acb4b3b4f5fc72e99d,775186892.7105473
b0a7295da89516be1c44512e,775099855.201287
b638b937d4f62949b9eb9fce,674420549.8778957
cadd4a6e1075b57f7b74c63e,775099855.201287
a88f4eeeeac5ccd1ba9b8a4e,834436761.075409
29616bf14b5f1cd42786a91d,656326044.4992406
f03f97ca55e9a43928c18237,383380698.7169732
5fb9bd3aee2e1320dcbea448,445302725.79644716
34bcfc2f0cefad790922879e,707655395.7757219
8c9849cf3d20991e5126420b,742635733.082763
ca7b9296080c9fc9fb232782,913964362.5202608
63a5989d0dad994a6af7734c,690518003.9020257
7d25023ecf668945c87e0666,786631129.0089251
fde3d4a4a819b1fa40530238,785336806.9801457
e3338ac993873aca45755dc8,785336806.9801457
bfeab1b12dd82efa96efac31,614481277.3212439
2d564574f0191164ff1d068b,493570154.9032822
5529d858e9c9e3e92ce8a95a,690518003.9020257
2755af908b841e9024718b3d,691656054.0427748
623df36ea9610ed5c58dbd8b,690518003.9020257
77924a3c7880310a4822e5a7,493570154.9032822
24fd0b7f75feda5db89a4127,690518003.9020257
c2b9a3b2747f32d26c8219fe,690518003.9020257
3c3c7861a9727bedf5e3cb29,693564181.9894474
822ba8fd3c7392bda84461a4,705157840.6763517
4625168852b335b223a05bb3,790101304.2896998
b732ff1637ec53286e890865,693564181.9894474
706bddaf0b87e4f076247450,706320018.8893702
917218fe1425d2c222da1ed3,617192024.023762
7ac0428c4b7197ca14f3b86a,635695592.2153419
e828e83be8651bc2e07641e2,694707252.5690286
4d069f925100b6cad0b657b8,495747509.55873734
a50640d13126880a423521e8,788801272.4381788
45e92799de1a5334c3d2d72f,359915489.48483735
93ca9e75cbeaceee69b4f0e4,633373266.2807194
8fc4070ce12262679c381515,696623798.1058382
63182bbbd5f94cea67de2d8b,709435906.6027845
6e163c3a0e30e7bf1e909661,638499924.5750136
3cd016f68705e73b819cf74b,696623798.1058382
3da41d55a2b9f78c2b10c75d,696623798.1058382
0eb8f10c9d5ded1b09f60baf,697771911.2716117
330c37fb5065311564fd35a2,619914729.0201393
b849cef46f19e13d3fc9d5c5,697771911.2716117
7bc034984b19479f29886cc9,697771911.2716117
5cae4522fa829a1614739b64,793586788.0372226
bf6bd06201e60a4c98c8623d,619914729.0201393
549ebb2f616d50ca778e92cb,793586788.0372226
448ad6cf4b43298a39c7b5e6,497934469.4815479
e9a37a1a4150461126dbb6e9,600940268.0763702
1d4c50978603ef41377af057,497934469.4815479
bb71a24bc5ea4051d84ecacd,792281021.1744251
286ab2411118455780314355,697771911.2716117
045108344bf09b01b597e7ce,697771911.2716117
d714e15ab5c2d5a2503bffcb,792281021.1744251
60823c81f0b98e8a57192a9b,697771911.2716117
dfa988a524343181a0d3ead5,697771911.2716117
fe8bcbd17b16ad023a202843,793586788.0372226
69fe76202cd89637a15de1d4,708268601.5114136
e7cf67cbc08fa04be9f0a3d4,568191194.1546428
670583e7a2ec6e337429fbf9,793586788.0372226
796935018bf2b241646a2dae,697771911.2716117
5f5856dd16c0e5131835e650,585000510.0657835
ea2e380226005bb55c724ce1,792281021.1744251
f40defb11ff73ba4e3db7611,793586788.0372226
a4b2dd2771f49951c027eef2,792281021.1744251
a949ede7227c8f8587715029,699696911.5322442
83f402857435d4fadb27fa36,699696911.5322442
36ab522893b5f01caea4cd0d,619028526.795782
8e4875b7ecd0898571f0b1ae,690518003.9020257
7ef3f8bfd0368696369ac957,691656054.0427748
73ec13a5687c542137eb9a41,614481277.3212439
6334eb4a37d102ee00c6e2a1,691656054.0427748
fab91f0b03598c943fa425dd,785336806.9801457
c57c3c7edd591e16c0b7c1f6,786631129.0089251
03aea1b6ff072f117ec733af,690518003.9020257
91b57e8d6c41b7afe949bcba,493570154.9032822
ebbc5fdad817b304af3585c4,493570154.9032822
0232a50c9afca03cbf4277c8,690518003.9020257
05b12b1916e51a804419c654,690518003.9020257
95c9cee9b36fd1d68f647aa5,785336806.9801457
3d31144a77cb51647f3deb02,785336806.9801457
ea87e3259c2b0d6263d39a2f,691656054.0427748
61f634438de4a10a861f42c0,785336806.9801457
c3ca43d0474dea2f2dfb9791,493570154.9032822
a13a3638569b89ddf1260470,614481277.3212439
124959d1429de095473bf5a0,785336806.9801457
4d85bbc09ae56cd85a8f87c6,785336806.9801457
2c13f29a8b9ac9b464e3a582,493570154.9032822
70215712bdd8ae7585520550,445252727.4792886
3352469ca509e8ca652fad1a,598163438.0186
893caa7433c200e0d43e9f27,788801272.4381788
767cb14f03c909c595c2a731,694707252.5690286
11433baf7716402e8c58bd33,788801272.4381788
e07ca567b0678126a1aec803,694707252.5690286
b2286067a73bc0049328b55b,694707252.5690286
c85d56080167254c7bc19303,790101304.2896998
5b9ef8d6defdaf13dccc5ae9,496564556.3552599
f7972b1936c6d9e95d3f632b,496564556.3552599
defd03ae7d0c0a44baf80abd,693564181.9894474
6fffb7958a58a73b0e16f2b2,788801272.4381788
5d86a1db39e324770ae58efa,359915489.48483735
c56163e390d9e5a7a76e77be,693564181.9894474
fd5ba2795eb7b5fe338d6b4e,788801272.4381788
24d6d85cd0e2dc3deb2db896,788801272.4381788
feea3a2bd9f643219de51c46,495747509.55873734
055d7c66464d7e327711b497,790101304.2896998
046aaa4162cd410e92b216d0,617192024.023762
b6bf2760cfa26cb28fc989fa,693564181.9894474
3a6262eed8967d695182e435,693564181.9894474
cf3665f24927de548639ee4d,693564181.9894474
4c243fc50d5511a1288bdc0f,693564181.9894474
d753227b5c685e93b378baea,694707252.5690286
149e49c22fa0eb163a36c932,788801272.4381788
8baa01b8c6d29c82a6108cb8,565695662.2196797
2d437a09b860d9d46644ea23,418047515.32961035
66bd80fd26836fd426be5733,495747509.55873734
a30e69524af9c1bddbc5de34,617192024.023762
fcc96840d952d32a7300366c,495747509.55873734
659bccaa707b94f303610225,694707252.5690286
df1c66d8dfb9520c6818a32b,617192024.023762
dd1dacc0c90022e5b40849bf,617192024.023762
1a06bfdfaa9d9ac754ad07bb,495747509.55873734
a0ecc8ce0592a40959bd755f,617192024.023762
739c2b9be0941e4c126d2f3a,788801272.4381788
d723eb2516802250027312b4,693564181.9894474
04cc75f46642efb1192f1875,549917677.0171751
9f37bcaa95fb0044aeef6075,533166740.4544246
7be8abb5d23794ac47ceda32,349102083.25191766
c06c737cc0cef7fafa3fc4c5,599216557.274948
48e71c45f41778f8dca24cf5,598230606.98454
b41f7c1cb9cfbd188f8e0233,773824506.7182506
32ce96d8adc8e549b90b4a8b,773824506.7182506
c6bb4ca5a0c839d38dd8ce19,773824506.7182506
1d91edf33a141fa2181abc4b,706491020.334985
aba4e24dcc6998e5020731c8,773824506.7182506
00af33cff3ff7c6927306df4,629652695.9244314
6d2328def08bae481705e20c,697771911.2716117
7815163b8e4a54843d121dc1,696623798.1058382
c9f92088dbdc0d81412968dd,696623798.1058382
8e1bd01ce4b7910d42f59be4,696623798.1058382
5fd89a857727753eae6632f3,498755120.63021463
332e395d4ce62523a2e3208e,361503234.72999793
4fc89ee51cb0e1b9d6459819,792281021.1744251
2571fe181b6ab939eac19d2d,697771911.2716117
af98a0e223a825cbab78ae49,619914729.0201393
ae187fea3c46c3fbee7e6e8f,568191194.1546428
c681519ec1ee1a28f6a3607b,792281021.1744251
bebcca3e75e747b5a01f5485,709435906.6027845
0842a0730545c623043b1d8e,793586788.0372226
973afa2d67c20297aa108bda,497934469.4815479
64a9f0bf04f1c890cc6e31eb,568191194.1546428
9e92b27f554068b7dfb640cd,498755120.63021463
57b7aff18c444fa3c577b079,568191194.1546428
6b23f191d2ccbebf9166926c,696623798.1058382
b80c961aeb98d24d968c71d3,793586788.0372226
064c1cd5e94efdf8c7262fec,619914729.0201393
723078b6cbdf02c88286c596,792281021.1744251
e239ff5eaaebb287beaf76fa,793586788.0372226
b3b30d8b869eaad2382c5447,792281021.1744251
3f295e6c14e23cff1468bf82,638012663.2780834
be78bb0e06d5768ac1908247,445352729.72801965
4daf52564456895ca7f4429c,401701659.5641325
c832701653f1e7f01913660f,773911401.0160851
82433a009defc21498037127,706570353.6212863
b53d3d578b1d7d9e00c8a00d,707734859.8120646
36fab4c38cdd91de650e6abd,824126831.6489387
bed932e11a599f7cd4bfa31a,622649445.0636604
1d9addd835c9fe8665e01500,567747142.2176185
d8216aa4e029c0d3d646efbc,696719581.9655637
c1b0ddd3c104ec4482d5025b,497114355.7415329
bd0f754b0fd9b7af284419b2,849615921.8577954
01e907d7672006fa2bba8b0f,690518003.9020257
7ad046b20064565644ebfaca,694707252.5690286
1ac2b23683ba89e9175d1b99,693564181.9894474
ab4c55e78eb83d80c153f50e,617192024.023762
2ad54bda875fcf8c6b675bf5,690518003.9020257
07e76c765d1137cdd7c2ff53,690518003.9020257
5531b9663c5a37a2bdd97e9a,788801272.4381788
c740655aea4eab7066446c42,599149277.6071136
3b6c37e7e6ff1c03ee4fe995,788801272.4381788
1b5d3ddc71634099fa1f04a8,614671909.8995644
1ad916edbe6fd38f40289a04,496564556.3552599
a1368aa4d3ae850bbfd90bca,788801272.4381788
0f728f676325ece6a001b4d5,533806196.9037146
0f98c4e431100aa87e6fa6af,697771911.2716117
91a08474a18644c43224c62b,495747509.55873734
185dd9366a6dd1e820880917,693564181.9894474
e364018f4d994cd15d4af374,793586788.0372226
77348acef84ef77f6a076268,544151364.9524022
7f8f506137780f4cf12e73b6,514786727.93572515
809082a38e6fc3faa66845b9,790101304.2896998
2072a783a44474cd0dd10d7d,656326044.4992406
b71905255273cbb0af1290a9,492973719.07189846
c7d5f021595b58c507f47d3b,1089486580.1718864
65ba1feafecd7efdcf214ed2,832357210.4173906
72eb64cd02ad2a54b65083eb,797087647.783856
35d79b2ac92083bc439124ac,697771911.2716117
2f7d36523df4a5eee3edbe05,655319705.2137846
b0d20a04106ebb87e2cdea37,918383980.0055836
43650eb8b70dfa256ca64979,618206004.4955423
311fa1bf3c405f9bed13b38a,458741348.3408093
d12dc721a59af021e8ac68e5,458741348.3408093
36f9a0ea831710344f468bba,458741348.3408093
1eacbf36422a54f1327fa291,458741348.3408093
9567966987eb1d3117677cc5,377023630.5270511
e5bc85e227ed7dabfccbd005,458741348.3408093
d1f39f86c82916524273bada,506559671.4355972
deeb837c2c6bcbd01930431d,617063831.1948856
57aa22792684debb8d4079dc,598230606.98454
5b0530f544da162b9a8ff772,534105427.31746113
b7d66c5f1ad06dfcae5b33ff,598163438.0186
bc353a421fc579770e432176,599216557.274948
45ae1e929b0fc88718151191,444991881.54964143
b04449c499843cf46ccb695e,598297783.4930171
e4d89c9d33a0f2659df21185,598300900.1216763
b2a7a8ccbbec39b63e4cd028,401701659.5641325
3be69554b1cb31ed5732a836,598230606.98454
de7f584df6103e8bf95f4a37,594693004.5094849
0f4de499e5bd2c57fcc75013,598230606.98454
b4fd0aa09f993bbfb1fa8abf,599149277.6071136
88a83e58eaf136a82ab1fe37,599216557.274948
379429ee3675d1adbf816cc5,599149277.6071136
c6084b85c8d95e0ededc25d1,656399744.6603159
8eae4346936f8c6c67be81ba,445302725.79644716
a13fc9e9b4e47340a5d53bcb,583158856.4498631
7b8a4d701066372dfbdffbec,532356152.0992295
a62a6094ffed3ea7a54fee73,591812904.0505657
bf0ad098fbccd3548d834ff1,599149277.6071136
0a231779f131c36d8e6910f4,597316456.4525812
51ba7338f5900d8ef12206fe,583093379.7308326
81b14dbf863114fdddb38579,590905482.2287785
adaa406ec9ac311e9f9c0bbe,655172555.6853665
4cb11f32806c0e07b4251984,599149277.6071136
3fee486268a1451a7b9fff7c,597316456.4525812
5666f3c36f0ce4eab2c39299,600940268.0763702
8a8dff62516671aee2250cb0,775099855.201287
ee4fc6a146e888e993a4412a,772408901.7522848
5a16b30f4d580352710e92f1,775099855.201287
424bb491c71e913e900db76f,706570353.6212863
100bdfc998bbde3d00548bdb,775273939.9934205
d793efed9a723e77ca8272f8,773824506.7182506
725c029b7c5807a4b0ba2bc9,707655395.7757219
b6d3345346f43dba053ceccc,773911401.0160851
888bc3c4ceaa108e048ad28d,773681917.1615684
267e000c89d3416e551462c2,773824506.7182506
0ab4a4b8adda35f634812221,773824506.7182506
823ed628bddea9b56792d108,706491020.334985
a189bd7e4eecdd18ebc7d353,773911401.0160851
da16828139a19aa11bd94ffe,775186892.7105473
874102a58234cc7888902d42,707734859.8120646
789e5d19fa507823cc4c5296,706570353.6212863
174bcb77be3b7e408e61d7e1,775099855.201287
31a1492e589f317a58a79df7,706491020.334985
0825f2ca4baf5b34231ecfd2,773911401.0160851
ebc96ea800887a647422b8fe,775099855.201287
969b956eb7769b6f509d3ee6,773911401.0160851
6ef9135481d8fc882a1a735f,705411438.0894071
5f501c4532ade3f412359a1c,707734859.8120646
c6d075772255b1efa52317ac,773824506.7182506
535bdffc5b79d62aa6179c48,773911401.0160851
e95653d504208e8da19fdd03,775186892.7105473
e4e529e778dbc89f854252f1,706491020.334985
ec5866fcdb9afffad2d7f5c6,773911401.0160851
814694a725a50c306d774342,773911401.0160851
1cd6531d8539468cd5f4b315,773737622.1768575
0c3e734afaa6b7c370754082,775099855.201287
f80eace37237614562f942aa,706570353.6212863
3aee70815bcf6effcf0e5fdf,707655395.7757219
ea21ddfa37d60737492509cf,628695417.2639161
67c78ce1b8a64f36ddf90cf6,773824506.7182506
fd2efcb61008dc9d11756381,914066993.4021144
f51658b9fea670bd943d6db7,834436761.075409
b83b0a53ead29faf9dffc0fe,915470677.0052243
c1329245f57c5d9019105382,834530461.644219
98665b825fb3a06b914d39cf,915470677.0052243
24e90a7d9a2bd0c30a4f661e,834436761.075409
6e64677f8d730e1f9ca240d2,742552350.3977602
a742819d8e4cf8fdfda6e094,913861743.1617364
ed75d1c40109eeb51fd636f1,702667881.8619756
cfc2ab56604b4e3734d7cbbe,834436761.075409
ed5622c308bfd10602e939ca,834530461.644219
5f537d233678443192d22642,916214029.8380632
aaa79ce67339dc53b4f41dd2,913964362.5202608
5f467c6c80023b0174823d85,836743148.5053407
46fcc0d53b263beae95b8eb9,917724052.0239024
2bd47c19e5d29a3157fb8465,1079362385.4879804
9c9c2f05352c92c02d080e96,1081141294.231536
cf8fb8db6f74c236cad0cfcd,1086792431.5317063
f42a53a05dc90e617e0e4c38,418047515.32961035
bd612d494e2f21051556ebe7,633688059.049573
ed1c8ac25a3db5120c92525f,446086720.34649146
2c30c2736472590fe45277c3,510669092.86136717
bbe2c06e6f90c4234a7781ab,718256675.8132235
b527813993b7bf4a10c05683,738959568.9581418
2f610d2242d583654337d468,1257577829.1038666
dc25c9240c67effcf655b02d,693564181.9894474
c35f5ef73168d03cba1b1f4f,632903576.6621132
e88009be52bf5803ba3665d3,598230606.98454
12a63d4fcb56c1d690e1bbb1,583004225.4584664
1d58ad85a82f7731e0f198dc,982417041.9545618
a2fdc7da13d098cfeba13b76,555753771.6698016
1969ba34b72e61337246cb5b,416950413.8201261
8be43cd8653accbb8fe8a270,529558789.89534515
10092cf2f8afb3658ae475ac,590440628.9276059
0fd313e5a0f02df07eb6b104,339585661.04250294
9b5f013e795f5fa610d03238,528084517.583073
b1ec4b8badc955f9f4fe2131,609871203.7597463
e491adef93281c097ab08dea,556144093.35658
9a65fe451b30c59beb3d62ef,655172555.6853665
0d3245463127143a8a52014b,754187310.2138736
a0e3198470f97f6a169044b3,830156411.9811355
33e4901b6e72593513a02207,526814005.3951209
f45234a3f0aceb12341be024,729338857.9306139
a71d53ec4fd0d64f8c06da2c,982417041.9545618
f1b30c4ea99f19a81d12f73b,1061311390.0772706
a52e2c893f85b49e2499cbab,706570353.6212863
b2fd7ee866066f3ae0dfb3c0,773911401.0160851
5acc9d767e3117bed0fd8464,706570353.6212863
0449a82dd1667c8c564904f8,834436761.075409
a0a8d63b5f43b87c0c7e1fb1,742552350.3977602
03de77e22e987fc3fed4eb78,716961194.7032164
3fed1dd17fcfbd2b86e73143,445352729.72801965
04fe204d03bd1c9876242ccd,773998305.071451
32bdf33933c29b1cbf89539c,706491020.334985
3f6c05c97778fbdc86304bf4,773824506.7182506
478e13e8c1cb5bc80f1080e0,706570353.6212863
3128a4896665d38feb72b456,706570353.6212863
fba6203abad5f4b3b721f29e,525888133.15934765
b25f461b3d48d833a73316a9,913964362.5202608
1282e129e1a355b161621dd8,696623798.1058382
293320b55fad21ea3f4a5899,287532969.3261193
de2f5db1cd1024a9734871c3,459056889.1485854
200897b1f8bcd7c116a85306,404865842.7735225
7023f5a68e1ce9cfd23fd021,412889319.2516999
13faa4142e9d60412abb4184,342752034.17845255
d74d0241fe5222f5c5b67222,655319705.2137846
0e51111c47813a0b0dd51b64,643113313.943571
25e3793214088669aaaa4ca5,883016745.0256157
43d7b77a99e86e8bd21a19ff,1103465468.0329008
38b87cf007043b76670207d8,914066993.4021144
8fedbf13ebb7cd3475fa3074,913964362.5202608
4be510fa977b93e34a789f26,599149277.6071136
8f165174bc07c28f9fddeee3,775012827.4645478
7ff6f389e364e67c4238df8a,598163438.0186
2c91099736f3158f7f09778f,445352729.72801965
7bb1bc81e6eb3b4390440165,707655395.7757219
74e43ea3081841278c76cda6,598163438.0186
9b948f070b94c18e00a857a7,600089017.1003485
99340b6cf8f818392d501e9e,915470677.0052243
b27088c3ccd93e7d8d5571c2,706491020.334985
4b45cba0d601f29c2b7db97a,706570353.6212863
362212de783981c9ddb767bb,445302725.79644716
5aa78a2bc8ec5e2be315fbcc,913964362.5202608
92fecc04105a999a622ba3cd,532356152.0992295
5098115b26f2473c812b70ed,628766014.7267265
e9860f6b4c3e6699e62f6c31,690518003.9020257
71273ae563da6bbc66aa87af,493570154.9032822
6c6e7af42a6ddf62b04c35fe,691656054.0427748
484922bbe02cb218ced0e779,614481277.3212439
76745c2648b66151008f6399,690518003.9020257
2100201e0851e80488371b67,709528010.6348355
5885faa4aac834118c5e4351,785336806.9801457
f340405bd7f2c4bf524c50d9,786631129.0089251
1951c1c8855fed5db8031e5c,785336806.9801457
7dd96ddad0fa88f5c5978e39,786631129.0089251
db7535339826028d0fb3355a,444991881.54964143
4317746d5b88142780e6897c,788801272.4381788
5796e37eb1a995db5cc06eea,445725277.4503537
817915cc3582112fb5541a49,788801272.4381788
ba524c4e2f13109ce814ea38,788801272.4381788
c2439ab65fe194d1d60eaa07,788801272.4381788
92e4dcc5911b42e7f70311d7,617192024.023762
6bf86a580c8b510b7447071a,790101304.2896998
975482a692bb98df98b2f243,496564556.3552599
336888717766096b24215b26,788801272.4381788
ad79f4fa23a28cc84487517a,788801272.4381788
d925c1d4dcb68990c7204b33,790101304.2896998
f4658aee77fa0e35a71da7f1,693564181.9894474
210d58091ea74bb902915250,693564181.9894474
186d4731b3af01bbe4d08b23,619914729.0201393
b760fde2d4df27a168ce0e80,793586788.0372226
2e653d2567a47067df169d97,792281021.1744251
8b63358f3cdf8df0eb1f43e2,792281021.1744251
c09d691e4c7d7b8c8f6a8370,792281021.1744251
4502e2809bb5bd47b2781212,793586788.0372226
d03101c7f823dd7d17e49a83,696623798.1058382
f5dbd7dcf63b08f711561e58,792281021.1744251
9855712ed7be7e865656de13,564787631.3947381
5a6397b85f45fba27dd9311f,711393085.2782972
4d1b0315b5aaf21bac150d96,790101304.2896998
32c7a2d032ee21f8bbc6eccf,582972441.5537539
beae197df95b84881128790d,655172555.6853665
0cf7a6d43221664a060ef681,706570353.6212863
c431fd6dbad57351a497fae8,529558789.89534515
b1f8fdc8e3e25517ab80c065,553312865.687018
7b346d5a5f5ec7165d1f8644,548626146.1237936
947ba86487536d611f548142,1192563004.5080004
8398ba3b03595704b5897704,532356152.0992295
3f895518a7fccca44e534578,556144093.35658
232e859fc353dbff75c97cf8,729338857.9306139
b234ef225690d57e7c2af4c0,830156411.9811355
393e2e7ea1f20eb6b4148d60,684844186.4351391
668db5244c4d5b5c76b0b395,757952081.4506114
646de9441934226c2ffeff77,706570353.6212863
de53880a3299626eb6c2cdf9,1061311390.0772706
07f10df13b244dc33b464582,770792383.1736164
e4aa393309860fd5e30f49d9,1257577829.1038666
8c714badfcdef8ccc73df9cb,1173963074.2525845
0f8ded86be8d3543a5069b6f,786631129.0089251
3e9d73530ff24d3f4a543091,785336806.9801457
076ceb408227ab2563a663d0,493570154.9032822
e0ae474a5307ef4057da4994,408718414.4190145
d41fc79d800458b1691bbb87,790101304.2896998
dc8262e1493ed593103acfa6,693564181.9894474
bd6c24498bf413b6c5adf81a,496564556.3552599
885c77c839d705ca7d04d383,693564181.9894474
b8896656cf6f5dd7c33ae46c,580919944.0083598
34a9e3ca94ac06347d879942,773824506.7182506
ca3b5cd3505049f1471c47e8,677926061.4228096
8c05c66be6008af7f6dcc10b,913693349.5018109
565fb93190cd34ac8b01f01b,913693349.5018109
6c8119e00b901efd2dd40f0b,705038610.3440626
34c92caf68dd0cec9fc383ef,792281021.1744251
68939c438c34e79a317a4f3b,792281021.1744251
dfaba547699e319462abfd6d,709435906.6027845
dd1d2e305d37d9dde55393b0,792281021.1744251
c32df77def9978a84f8ba7f1,706570353.6212863
62103a85a8ddcfbf5e40e284,754187310.2138736
93bcdd2a8ee1d5b61d00d58a,757952081.4506114
9700892d7133ff2c0d1763e7,913964362.5202608
fca6d7455056792cd61e2ddf,404865842.7735225
4e84c5953b493be7ca96103a,706491020.334985
42fc4101da60fdb41f41f0a4,913861743.1617364
12d40725335f83e2fb9b937a,598297783.4930171
2b9681901b216f2174af0089,706491020.334985
9ab74e81283becc00a779172,598163438.0186
8f378dc1215f9213f187c02c,598230606.98454
4a3a6698b5490216e8f8e6f5,1079362385.4879804
0dd795526c080e8efdf8eb0e,655172555.6853665
3e7217f628a1d0fc9bc47071,773737622.1768575
157195fb2358bf2d5051c439,629652695.9244314
37063e689732880621e4e733,913964362.5202608
3bc68bc2d6a2b81f9e3b9a50,785336806.9801457
ce21f368495d385fbd98de73,713812255.4448862
1a6af7fd6a5b0602052c4c27,713812255.4448862
e38259adbfd953bf085a69b6,635695592.2153419
0cb6801c9b57e874102ca349,640669674.012577
79f1a5bc0be914956d632658,697771911.2716117
f571f85be35a72b2ac358d27,555690351.2413597
163bec92a997aa8263f5a909,656326044.4992406
9ce3000cd80aeec2c5188e8e,532296379.4767144
6a6178c4cae2e92a08b0dd0d,598230606.98454
d52cd6eee468311666218625,529936521.3338104
8eccd2a6352c33d8c7abcea7,706491020.334985
53d3e32b1dc782308e352a33,773824506.7182506
be26f0523e5cb13846539384,707655395.7757219
ad7739088e8febc68abb42e5,773824506.7182506
add4f9dd26fa34829aa25eaf,840434389.9058166
17005d6ec889a947397ab980,358334717.71798015
3fb3a581a9a74146dcf9b71f,614481277.3212439
51c4a8b438bb0d97f712af31,693564181.9894474
0aa1332c56bf357f492da2c0,358925293.015988
6cc06c89c226a062fc46795a,360508670.069777
682b38de3539b2a584446922,412199177.6885631
1cfe9cba4c2015e7b58f05a0,646740907.4438994
17d34f9cb105ca5010191142,775099855.201287
1fc0faf46f3b533f2cae2c06,913964362.5202608
12f9e1f78c630defe302f781,706570353.6212863
87bd6ee6f17d2bd5b61b0ddf,913964362.5202608
fd4ce3ddaf79d1b97043ce0b,1081141294.231536
97aacb0847561f45a5540f21,707655395.7757219
a6dac56445613d70e49647e5,836743148.5053407
8b1acd29eb268fd684036180,527839340.16670805
656c13ca7a1974df58e1b826,1086792431.5317063
56f72c2d672b7bc3c264f7fd,708268601.5114136
3771c66b9ecd6db0b201d4c4,493570154.9032822
45e2395bee937c187e3486e2,790101304.2896998
7c6880b05c212c66b8961b71,694707252.5690286
e0ae8d2a51c771aef5f245e9,497934469.4815479
3573093e56e95a982a41879c,793586788.0372226
0920b2df9df4f0e509a7efb5,495747509.55873734
43600371d44fbbc81f6b6fa3,416211424.0005493
2684f67bcc89c8a5b95e5592,694707252.5690286
ca463fbe3e5cacc152aa70a6,493570154.9032822
0935e87627068206f6d9c0c4,564468998.85522306
10afe23f1f58f96422c97934,354675301.9566158
f3c8cf1fbbd6cced1fba0930,532356152.0992295
abfda926d174a8da1d946e27,567747142.2176185
fc9fb2f209a4b5e66f89712b,684844186.4351391
15d10635d71919d0c9663fde,694707252.5690286
79733fdf8881b0d25412abcd,788801272.4381788
7254c91fc9b51e76c6fd2a99,792281021.1744251
b732021729ecf88d6297b48c,696623798.1058382
edf4e11d1f1aa6f8080c3156,792281021.1744251
0706ce398b2bd64913e68d39,699696911.5322442
ea4a797b3d73d1b2cba9d651,756610509.0968789
6c598362e322971968739673,414028390.6793868
130a119701171ed3c439c527,524035565.87041914
849c918d78991c57f32f2031,588540339.9724202
036fc9e01b2b1e3ef4574372,753475186.8704473
e4ee1a81aa121aa5f55e20f3,759419744.2189085
de926223fe4296d96466c685,1079362385.4879804
340ae520163a220061bd7f28,555690351.2413597
11e36a3effeb0119b8bded5b,706491020.334985
2492a7a74edb57f784f6361c,495747509.55873734
1900e7808046a5fe89d8e440,481693238.7110776
fba35c04cfb7b6db50cbb57b,773824506.7182506
daff79365fd94d1d3a2bbbd3,502316913.7991742
51230c899cea0054bb74cc44,493570154.9032822
5e04875f99a5e4476c0b4186,636257368.2026639
542db19bc6b9a1366715dd7e,696623798.1058382
a117f625c794b7d52ec67cd4,790101304.2896998
4c59acda820b7b75823fa277,694707252.5690286
f040a167241599987e7b0967,568191194.1546428
4a016eba4744dd01954f137f,295087274.94194674
0d995f0ad226dd21bc96ff6b,588880420.4026808
3d44c742b1aa4c022a968ea2,404865842.7735225
e47aa2541fb576b9915fd625,557121424.4365902
61fe9ea90c8a777971db8384,711001026.1740239
4a611bd82c9216a3771ca7b6,773824506.7182506
0cc5caa9b48a835c92da7653,786858293.7029514
9a7f24ba55c92696d377bcb8,744032780.6168233
32366fe92222b329e3d03b29,728826982.0037485
aa26461420614755c2a52db2,564723600.8483487
53a447ad5e011909080c0ecb,1257577829.1038666
9d790c8c474c9de2afeb00a2,691656054.0427748
dbf200ef5f1e15211e2fc6d3,696623798.1058382
b96c9e2591a4cdf9c4e0c09d,696623798.1058382
78eb6f51d94a61a967da24f4,792281021.1744251
fb338e93dda9159476b8382c,360508670.069777
72536bfda19f78d370d95f26,793586788.0372226
7c581e2b9daf20131803eed3,700850089.5292715
50cb0ad562ab5ef4e06f84ed,693564181.9894474
a24901956dac4ee0e4b0c91f,700850089.5292715
c1b386f478152f9be1f546ea,598163438.0186
1f34129d15f992a3b62d4b21,348488538.5795613
299117d35bcdd48afa4c2eb0,655319705.2137846
4ff6c53c0bcfd1d24bac7ad5,564723600.8483487
2e52008bd11000eb776bd80a,1776590062.1368546
56b78bb57b2d1f064c47891f,785336806.9801457
ef64a8989a6444cc529dd1cb,694707252.5690286
078f7c6532204fe046b13d14,699488132.0084418
28c0649dd8b294574a876e95,892203227.7301394
6b9b9d28723c7ad176a9306e,834530461.644219
a640228932682c0c04538ac3,834436761.075409
b19efe9cbc26d61daff5ae90,532415931.4337316
dc69d70e4d2713fcdfd93dd9,598364967.5448784
358e85ba765ddde3ac31be33,339585661.04250294
5e6b2661bb7ba0ce4776d483,408718414.4190145
0b6dcb5c1952dcea931e2c20,635210471.0010804
cde84d2435eb1d0d4ffe2a43,684844186.4351391
bac550d41b2cbdc6a110ec7c,705157840.6763517
78fbb49efe7dc0d8e144ad83,765100765.1950467
606affed5c707249158c4b49,740764941.2279164
d44778d36fc789f8b8c745b4,568191194.1546428
27ee3504d1df34ee8ae5dbb2,788198093.8618706
60bae7a45a084f117eda823d,696623798.1058382
98aee6a36f208227a992f9b6,996844074.9416912
388a6dbda422f886e503e685,1257577829.1038666
2869a2d2689af65497775b1a,839879067.3192343
19993833220392781bc15279,1073894272.5598452
f0efda3f7fb18af1b44d6aa5,754187310.2138736
cb915d1ef92dff803c5cceae,1116448784.0235708
4bf02d040efe5358d4a5940a,858286113.9249681
1382140d8fb634851d4d210e,1032811747.9367656
b8ea07763f2e1a3d635eb23c,529208094.4450586
8ec00d454698c119085cbee7,594693004.5094849
30d5185ca2ac2fcda2bcb79c,594693004.5094849
d0ea7bcd8cef8588ca50c778,651174826.0519696
fe6c19c6f54606a611d412c8,448113946.88482755
f22ae3d17c92427f5227cbf7,375147814.07264936
92b3b7d8dac6b2f6d5fcfd9a,652248034.2786242
8c44d216517f5c59e2611aac,443037448.84700567
b85fa4bc59149a7a25447537,375147814.07264936
99f10097f39b32a478877340,597316456.4525812
44f8d5ab70828e06198579f3,913693349.5018109
1f674965c913f9fe282d07cd,349246102.8621151
60e768892afb284b0e5042bb,656326044.4992406
8a6d013451e46411d35c2b6a,582026690.9961119
6f953b9964d60f6a74c81226,533887531.7622851
05076b448cfbf9dede72904a,775816336.5443585
47051c25acf866250b5d3ec4,658015432.4415134
0952c73b02dd5432aebdf2c1,535503185.7386425
cc3ef2f4fd5568aea96c257e,544784786.6428014
834fe4a1e9e4efeefb5aba08,446954936.11302304
104cd052884247b14d697673,591528416.8022366
8bf61f106e60d6be03799de7,775816336.5443585
c13e387f56342f88c993f0a2,709691042.5457822
ae664789baac0c47d13c3c19,708523317.654
ecd1e3003c5d74a3c7cbdb11,495408175.6539099
561cf254aba002fdef8258ff,632789747.237656
98799228c26c9e4899bed65e,453481887.2002581
03025756be203027ab75aaae,634417135.5654653
8997555e7bea06f7b90ce821,697771911.2716117
e91a3f962129068a3a76d209,697771911.2716117
4bd0a354d75759510ab6bb46,696623798.1058382
f6c1705a83c039f7a7d46255,697771911.2716117
0c4afcff5f5a90cb79807682,696623798.1058382
d3222a7545e302bf10894658,786631129.0089251
03463535ae93b8b123eaba8b,790101304.2896998
360e5cc9ee1282e5a6ea17dc,697771911.2716117
07f24808e42c9e11a7c20232,790101304.2896998
b80d0456fba49a40fd774e5d,795776120.6101292
f865411c20924c43a080794a,793586788.0372226
c578eb2dffe903475aecbffa,496564556.3552599
d639498fabe1db1236656593,498755120.63021463
e6e3bcae6ba114caf108049f,690518003.9020257
7dd9760286606c45e6a15926,619914729.0201393
2c5f07a9402cc93f4c683759,638499924.5750136
e3295e732bcf306a2d338387,540876356.7829459
240ccc45a242f80f817b04d9,788801272.4381788
a7ff59863f8719590146e71c,697771911.2716117
e6477c2014ad081d22f12b9d,540876356.7829459
807687fdb46614d9aa139b20,543262399.8646994
317d8f9d18599b346639a4d1,496564556.3552599
b85acd44e18ab485d3ac543e,360508670.069777
e61476e47d7e7be706d23fee,709435906.6027845
270a97e07eec2be02cd89a86,708268601.5114136
4c9dc4494a3428435457f575,358334717.71798015
26e58d0b13e7f7f5a54585d2,792281021.1744251
166e1e60acca831bfad07736,793586788.0372226
aa25d9f8737f142b8cfa970b,699696911.5322442
44cdcca08e1e66a1496fac6a,694707252.5690286
d75b7730e8c291ed41d7caf1,792281021.1744251
6d1534800bf0ce97197efb6f,638499924.5750136
8b13054b3318289aac1f13db,377687413.734399
c6cb6ccd3f5876c9b9e29685,598230606.98454
0356797c1683d002bcd94899,1087784856.6859527
558cb38bcb8de04588bdfa30,599216557.274948
0685f2225b939147c8482e6f,348488538.5795613
cf1ba56710023ede80a8381e,755512669.4278368
2d4bd56e71f90e6fb387a2b4,1542187342.7596776
b96b8e1d636f0c10c63e5c6e,697771911.2716117
534be635a841fe21c7a702f2,694707252.5690286
dd5b4eb5d20b8b9c813ba52b,703217816.3533679
46941e09b153ec19f86c0c2a,800603951.3598886
9f06ad3793ede2ba7f39de43,788801272.4381788
b3df8c66475021fc04f107a6,788801272.4381788
468df200fa490e667bfaa31d,693564181.9894474
8130ab67c5e0d96a9a67fb12,696623798.1058382
f7ea437311c0d217b0d572b2,691656054.0427748
ca0b59b35225b44447967ef8,394996445.45723057
90961073d9887bc1023315a0,506502795.2261222
a1421c30fb33a249bcd54394,507337567.92450166
c87d9677bed80b0fe06308b7,457522524.20753723
d331a4d58875a393080fdc48,461430977.67802763
2f3281ef06475d2114fbf9a7,462216665.9044475
487ede1f7f155194b69c531a,465456096.61227053
04308f869d7c992ed3ea646a,598230606.98454
912471caea3c71e3f9f70877,598297783.4930171
1baabd705f72393167dba5c8,598230606.98454
aa4c66791884ea2a8357924a,599149277.6071136
1ce08c19161bd0545eef8a16,534105427.31746113
01eb0a2c1033c30830161321,656399744.6603159
b2759de47d28e8cc05c94e36,598230606.98454
bcdea05b890394a10d24601c,466530423.0297918
db9f66f68aa772fe29e37edc,598163438.0186
bd094081331ab259b1076261,599216557.274948
81e7c8c1894e0c3a9315ff27,493742931.18041426
7cc9cdd32c209a62908a18ad,523170481.54727596
1e18024ab7d931bc7ab5873f,642898756.9541903
baa146a6537e8630180fdd35,714515758.3976469
8b788f742021f2438ffbf528,456063163.4985527
66d41314804d77ea0f440695,595459850.0555097
72dec1e6e65f6117e10a2473,426880000.18690294
4066da904062a0041a809b02,560531938.7957277
b7570bfc5ddc7caaf610908d,523170481.54727596
f6c6eb3fac9658c4951c4222,570149697.7311978
5fe25ab9cf4ea071cd6287dd,545862950.0030048
0ef36d33e6c378c946b8a65e,569180542.056277
991a94dd1e99de493672da14,569180542.056277
798d87a368f073efafead25b,569180542.056277
9e8cbeb53820394a460f0879,560531938.7957277
7b5582907bf47bb9e873a513,544020844.1822548
0f21ea53a480e4363b8d7aa9,773824506.7182506
ee667413d1cc49427ad448f9,628766014.7267265
12bb70a95996dc6e286086ed,620542566.0595827
9e9e3655ffa5921889cd8ae1,856873890.8596946
f2bfe55b6188070fc5c3f59e,811326926.3946494
1f00fb18ad48b32c666fd319,679510053.5698756
86f15ce6ea8e97837e6b9383,637756601.670652
7002d00c9acf8b8a4a5865b6,914066993.4021144
3e85deb0237521f1a7a8fa84,834436761.075409
1bf77cd1c4037f4d2ed28036,796468881.4900962
ce8e1e2e4a79fa55a8547457,913964362.5202608
73a8efbc036911954c07b91c,834436761.075409
9a2051367d6dcbd90a4d60e0,744992311.7275362
3804d5b313b742228ef0f1d8,915470677.0052243
fd7b741b96080ca5b964cac4,834436761.075409
c4cf9ab3776289a412684892,779127117.7131321
1c51566c7dedd4a46503131d,999430780.0185515
62259b400be228a30a655a59,954396852.280875
e5092b4a94f1c231a0c47680,1079362385.4879804
6f435cb10e5728ef45be9f29,1140410694.9003704
04a071d777e60627223e28d4,295087274.94194674
1117078fa37ed101e9120923,707655395.7757219
d56fda10944b088d9cbe1162,506502795.2261222
e01c49250329331a442615d6,506502795.2261222
30ab0bbf876dfa515b266c9f,446036634.0029021
6aaefcb58913bb3f49954b2d,773824506.7182506
629a6122db92e378f0eab96e,706491020.334985
a8549fa4bb56a2bcc0e15b11,295087274.94194674
34291b30d129222905ffdaba,598230606.98454
cd5658fc146ae4b5d78fb565,598230606.98454
ce14bec246191176c16c4e27,655246126.3188766
46529f0455fd35b2f4a489d0,591812904.0505657
52b3823c59546a6ff3de4d09,295087274.94194674
959b7ea50d93bf1c36e35005,834436761.075409
5c6edbdf110bca5a66a51585,295087274.94194674
d4f6cc3cc6e923cd37d0fbb7,404820384.68480605
2865962bdff8929888a51341,775099855.201287
105bcd15e02d39f70ec2ecb7,571010392.4520853
b2357bf117ecb5b9082871ca,295087274.94194674
273cb73a7bdec0d291e845f1,506502795.2261222
1f4cd62152d4940990ac6a9d,450728993.0437322
a13ff325f90eb49363f59052,706570353.6212863
40871d7ade3e592560d0b3e3,599149277.6071136
ad2081cd75928b8f5e506944,913964362.5202608
1508ebe40f90f90a68f6dd69,506502795.2261222
d3cda82d1fa53a7ca1b46a33,707734859.8120646
dc20d46be2470d85ad9e7e45,555690351.2413597
0a7fb26822c2ca556f62a257,598230606.98454
40a1cefb3cbb7e2972e30d97,507337567.92450166
4c3a2b3e3d5999f747ae0d53,742552350.3977602
a8870552db951bc4e76e7f9a,506502795.2261222
cc48e66185c23195cf958612,590905482.2287785
09d4b5b5c2f97ff88215708d,706491020.334985
a59320023948e2d915c07306,532356152.0992295
a74214a0d4d40b898ee2be88,532356152.0992295
dd9f28d722d43112651786e6,785336806.9801457
275360e29bf3309e09ec41d9,531490477.6100441
1e21ee2ab4ef88194cc85166,691656054.0427748
268c1e17bc17dd646d1885cb,702060742.5011253
33e22ea4154e8f71062dba8b,693564181.9894474
5b5db88fa09ecd8f4b9cef6a,533835115.4578918
c41dfc0b917edb6e6ef7b1c8,497934469.4815479
3ba6b07e752fa580f630eb8f,792281021.1744251
fa6db64bd7cd8b0f1c0e2453,792281021.1744251
2422ffac7337b402339dc550,792281021.1744251
dd6d47e2626e2bf24f842f21,697771911.2716117
bb433dc1bd769d684d8b3352,916214029.8380632
812ad0d57e4291da184bfae5,493742931.18041426
51a0a1a680770b625579e25b,1257577829.1038666
a91fd5b9b1a791a6af59b70d,748979231.8535807
094da6ca19427f1a943105f6,877370747.11415
7af0a604d1901925aa179436,723884084.7416726
890df90091e14d1c3a1b30e8,445352729.72801965
aac17b54a68bd216e2bd1d45,377023630.5270511
fce26c7fbf0bc93937ea5198,628598368.9569457
b4245f075bc41aa29b55d324,832557001.5566832
bb70d80b0c6ad3022160c8af,358334717.71798015
ac85c8f7605ceff58dcb55cb,349062886.28394955
520415ebcdd1a4059d18e2fc,696623798.1058382
81547b223494084af3e15bf3,693564181.9894474
a0f1496a0b4a7cd8b850f010,697771911.2716117
436fd4dce2ff0f71232f4b6c,392704749.2197674
3923f0e655615aa6b52721b8,706570353.6212863
afe03b938be9cf14e98d4a0b,690518003.9020257
0f1c472b94feffc41f1caa44,691656054.0427748
5b76ae185e6b41243777cb4a,493570154.9032822
d70b133f81d6f1c9d93e2ed5,614481277.3212439
865459f5342a0102d255fa07,494383613.1782049
fea5eb95dfad452d6786b042,491477935.7433411
415622d0f7adb1a9f7009a63,379626463.7383909
543edc342ad39b149501aaeb,359915489.48483735
89e1d01cb5bfdf567faca443,694707252.5690286
e86b99e5dac8ed0d8296e950,495747509.55873734
2c85b19f02bb3768c10d14fc,694707252.5690286
c17a3139c360750a6de5950a,495747509.55873734
cf76e6077d47a14abaf0cfb3,360508670.069777
82ad4b3d5a215f17e745d77e,788801272.4381788
dbb4260c89524c78de7433be,514561773.7389196
5b312ebdf71ab7971f9fd2d6,640577152.45611
b3413352f0280412f53562e0,359915489.48483735
28fc5f188c5e11717cdb4a98,360508670.069777
c4d7a906b747428aabd368cf,693564181.9894474
a4dec2ce375ab5e4bffa5966,706320018.8893702
546d570784c7ab8746bba80e,588880420.4026808
cca9a08bc4a91f317b851f11,821770379.140925
bf43226ba66a3e2033d32fe0,640577152.45611
c2717194de73e1a1d8dce40f,391808335.77833164
acfc06021a7a81313d85f62b,396607328.14656734
2d531a26f8b1a8afa511e3dd,553285275.4621366
4a8acae29064919c68fc8600,524035565.87041914
691b030abfe1190802349715,349899882.3728006
a302ef23e1d0d6a273274cd0,402564205.5738718
a742f415d6c57e8493762c57,697771911.2716117
4672d1c9c3b04fcc87a0ae9b,793586788.0372226
371a0ee537001f7a9d58465a,696623798.1058382
ca5eecb01282d4a84017bd50,697771911.2716117
40eefaf8c26b8b4736308bf7,619914729.0201393
a7ff08f7e09b19c1546453fa,696623798.1058382
07a6da2c9c4833ee4cbe8625,585000510.0657835
b2d32589626abfc81e44cf70,697771911.2716117
aeb68eb7eecc4aecd5529717,697771911.2716117
3c0b438c7a4fcbfaff9f678e,697771911.2716117
c37b357d57918c3a651a5760,697771911.2716117
b65c0544e9deed76615a3138,568191194.1546428
3a8b7b9048c82797fb01a8a1,696623798.1058382
7549cbd5c8003204c85ce1a5,633373266.2807194
21b4c1ad11bb1feac4d02308,793586788.0372226
b972611aaf1b68340de16545,708268601.5114136
eb3356f3856526dc140be7f4,657843078.468579
93ba409ab36d3e10eaae18c1,705561750.4721055
5717732a654405ba208c0f5f,905479846.7682658
aebb556fa6c9275a9b5c543c,1189799082.0597837
fc72e535900c592d6053b806,792281021.1744251
04d77c8ade9a55fddd28b00c,697771911.2716117
028adaf559a05c8882893767,697771911.2716117
95781f187bd3fffa3d1b19f5,638499924.5750136
cc2c78d41e3fe29de0b4ec4c,792281021.1744251
f78886545677e19e472fd0c4,497934469.4815479
3dcdbb92628e6a200adf48e8,1459500061.1211786
4993d1487d78cd9ae2c23619,1123363495.177842
a8a2c61f2b994411af5d9bde,1101746356.8401299
57fd11f829e31e198326ac98,865665343.1866486
59b9a5730cc8a41bb7a1d16a,837861875.3068309
85b8a65f1b00f78e67622bfb,680332536.14907
971c610e55f133a1d1e6c2b2,966861815.8985603
0f9867abe3ea0b9c5363982c,896155993.3611523
086521dbe18727963538aa7b,794904396.2156845
bda3c74ea6f73407a3c0a17e,650282194.4552956
257c765ac81bcf773473039b,480131864.99523556
80d2415c0460088d69574285,1042380889.0728656
1554f8aa4c8fbe17e9e82d0e,696623798.1058382
00f6a62599f25ac506113149,699696911.5322442
ae26e4726c16cb2f6a6d3f2e,712565539.8649321
8018df1613094a9e4606c875,700850089.5292715
eae4a1cce7c039c644f01c6a,832706228.9678371
b07cd6c30350efc5de211a8e,1319917749.1750627
5a2624a08494481388f6daff,792281021.1744251
b8eb177e22c63e84738e7788,619914729.0201393
ca02c904cf5eb96ad20705ca,557678373.4090827
8e6dfdcc28f830f2696de9cf,835718160.8062884
99fdac6a2ddb1136f7117f0a,507337567.92450166
22e9f1b4b5e887cb5f0dbfd1,594693004.5094849
d89f812c7edfeb3121bf639a,655172555.6853665
19957244dabc3f727733527d,532296379.4767144
ad1322132f3b533b4aced580,343582341.1587785
40c2ea5f89f5b77cc09d1455,656252352.6131791
140c4de69883df9f3fb3a538,448113946.88482755
5529091bcc05ba5cb2156b15,555690351.2413597
55c5e58ec636586755df3dee,598230606.98454
6049fb02c166ec9b4471a7c6,706491020.334985
758b4df32244a51b2271a891,445302725.79644716
2ed1ae5e6fa77e447af230fb,706574034.2590467
527a1c27e038e45d2d1fcd9f,446036634.0029021
1d0c3ba50087cf01637de6c0,535956361.4243316
d0804da971548399183ecb85,913693349.5018109
46a7d0f520dd1e78c0cbce0f,913693349.5018109
57e5120d0b71ec6a67746a59,705411438.0894071
b5292c1e1683d40be46bc2de,655246126.3188766
01e9c7531cf3c63c04b9189f,597316456.4525812
06e91b526821a6ad1372fc44,404987390.4885503
34bca71dc9c74a2072f11e9f,773824506.7182506
22385ae2b3e7640e8c40411b,706491020.334985
6e4adafdd872a2837921276f,404865842.7735225
8cd3031963c612efd0049f8d,598297783.4930171
43b2fb09efd1593a94b61b4c,600940268.0763702
74448f56811e9562536eff6d,835812005.2660338
44f0e088fee626993778e7fb,632411962.3235978
6e6f7fa167c0f617f50c86cb,773911401.0160851
83da5fb4c15e3daf727a3cc6,708523317.654
b45c8a6224ae2656b4189526,731947208.4847786
0d926a0b5ef567c627a7eb0a,921772535.7444972
c73a1177d787a5ed72b8a9a7,691656054.0427748
75c1083db5c940e626c02f53,377645007.22304225
b925c9218f5132c6c81f3a18,292964526.8710396
9a091c59b3cb4c730372b34b,336362856.3177887
bcc704b2e178dd20497e073e,339585661.04250294
6f65de020f663622146b89aa,445302725.79644716
9f3680d00c86707fba024dac,604209606.2137018
18d5cc463455fdb4d443a6f2,494459644.0775763
f1d76d78f9266d9552bb86f2,563492685.2369202
74dbd25d407e51337f883659,791026068.1515983
88ff73eb829a6ec5bfcc0222,800502643.2487332
ed5559fbfaba86299e87ed89,528277670.15669847
5d97aad3e83e26b551c3399a,697918646.5227666
2258ec00dec6a2b85f439135,697918646.5227666
6c94fd185169e708a08d3535,690518003.9020257
ddaa88a11432ca21d3eca774,494383613.1782049
2749b5cfd2728ebdf124a0a3,690518003.9020257
a7546a6c6194506dffd65360,788801272.4381788
6de7bfc5e8149ebc40ec0e4b,590839135.7233529
6f83f14861e13af92a2b8cf9,445302725.79644716
d71d0c8357f09fe2f77bedde,526188787.7039377
90b28f5125a0b8a0e3b10580,718256675.8132235
940e08f8fc66ac29f6d76687,696623798.1058382
41d2864e1f73e29f222c61e0,696623798.1058382
f7399e57df358ae7adc9e08f,638012663.2780834
1679719f26e7c650f24eee6d,738959568.9581418
0803ef3270948a30b3fee2f0,503362353.4359595
4a3defc2b7d2cd751c9c970e,835812005.2660338
8bd2490f83568ba653cb74f6,884195152.2201811
b4ffd0a2cdcadfb962578199,637215828.0915453
7e5064603267b61520d8f83b,691656054.0427748
88964e1202647db0519a8a00,432434007.4900807
f3d94d0616744b87ff139533,693564181.9894474
60704a08df293592e4cb5719,540876356.7829459
347d5081f7bd36c8edc1f352,788801272.4381788
41d3afc1118758b5314db48e,713812255.4448862
80a1dc97797c41b61f46ec6a,693564181.9894474
c0ff8812c1e8eeab07c698a1,384459802.21560246
a9a4a765b1daec2f3ed59a80,715801897.7605841
33258f995a375ca192ca4d3c,696623798.1058382
80b6c823bad5b4c0fff46657,827708608.5054723
719055eed27f361071cb9eca,795776120.6101292
9a354d8c526efc5bcce59dca,699696911.5322442
9850d970fe9fd9bae89f09ad,1362828166.4505231
f2c87b07466aad7328b7e0b0,478153169.0444986
27ca0c2320c520342717355d,450728993.0437322
e958bd2b19db118c31f893cd,450728993.0437322
46dcddfc78444011abd29870,656326044.4992406
061d3fd39da1b4b1397054c1,628695417.2639161
3d1a8884a9687e53e5fb0bb7,486413801.73774314
1c0236d4bc291372483a9151,635210471.0010804
c1420f278d45b85c56f415fa,696623798.1058382
ce6fc507df0105c68c29214c,614481277.3212439
e4f26a73bad4e41c375dd897,699696911.5322442
719190aff81379902beb6497,696623798.1058382
da627dae6941b59d1eb98e35,693564181.9894474
2189d3297ea703e50ec34d96,697771911.2716117
c7205874bee601a7b01a0cd3,792281021.1744251
a22bc19d0d83b13a53630b7b,552014749.6170624
8acebaa9fd7e917d7e3b391b,785336806.9801457
4e104916ab915cf3c0bef846,696623798.1058382
b0df95e9fc94d9aeebc960df,696623798.1058382
ab419cd48b81038c5a30c721,441678801.0303344
5b9bae6f556700e099fedf08,785336806.9801457
989360149d9cc6088391db4d,696623798.1058382
bad7560aac04600e1ec1a9ce,497934469.4815479
08d9f04bc4ebdc74e9d80b16,793586788.0372226
f4311c45516bafcfe8864c70,788801272.4381788
c84e1db639ee43ad83f930c3,785336806.9801457
f778fa43c92344cfbd700432,693564181.9894474
2019bd32dbd09fa285a388f7,708268601.5114136
4db834146c4e73b515d510ce,785336806.9801457
9f9f2548425519863e2cd6b6,489972828.67566496
6c3bb7e1696df587990161b1,445252727.4792886
82f08aadf1eeaf2058b50592,598230606.98454
753e74e4dbefeccf3e6b27fb,598230606.98454
a26149f589edb9a903782a3f,599216557.274948
bd264728a0464376e22b6bee,598230606.98454
2d5564a502635dce2d46ef8e,707734859.8120646
05bcc7d7db8d352216a4af59,551019225.9082575
4794d9994512f01a4bbb6c48,600156402.2934077
64a4528640fe492865ebc0dd,649830988.2069273
f655ec98cd42b0bf2d7cfbfe,674344826.3518566
b09de5f1e028d4fafeb8a22b,706491020.334985
4c79f17573007a39bb2b4b7b,706570353.6212863
824894236c20b081af2c9868,706491020.334985
107e76f0c913e19217662faf,834436761.075409
d5e2bbb69ba3876b93af2d3c,913964362.5202608
a2905faba4c1177603e6cd5b,913861743.1617364
d13e3d432783206eecb0e192,913964362.5202608
6fecee4b1e5f50c0b27dbba4,1079362385.4879804
57891292fbd530872cbe68b2,985442857.4103748
d0d6a1b5c60ad420ebf2ab8f,775186892.7105473
711736da4f0e8282fc8c9e69,773911401.0160851
f32a3b542efba398907ec912,635210471.0010804
299a94a02e887c6ab1de59c7,690518003.9020257
ad844bdb1150508a4c6d57b8,788801272.4381788
78c17e6ceb87f7587364c873,567614617.3340913
22e8713e2051c88cdafe2364,546974348.7029591
79c5085c14068e492e402a26,954844218.3075467
205e9d987013859f391b27b5,945367760.5369787
36aa7d0cbfe40adf3c86a134,619028526.795782
d54d787189cc8f014ae58aaa,788801272.4381788
fe2f1459eb0a380dc31e3a4e,795776120.6101292
ad663952ff2ba1953efdc460,788801272.4381788
b7320c35e90f33fbb1c28813,693564181.9894474
8f90134b8e68948cb18fced1,697771911.2716117
2dfeb06300828182d4109c43,696623798.1058382
3f5a0cbba1433e9b6588dd73,693564181.9894474
f952c40e24c9df4ab2d62017,696623798.1058382
462c7546b358b00e617ce012,790101304.2896998
e0df3391aeb8d3f4b00f418b,693564181.9894474
1e48878318d35476c3e87520,785336806.9801457
e3903705d5a48c6d9f828ab9,582431150.5441005
9e590ad7d22105456bebc767,793586788.0372226
d0fe3d393eee5c0cea5bb6e2,785336806.9801457
57b3791f2c5acffb0097f7c4,655172555.6853665
e11f9a5cf9d6ab0ffddd6096,793586788.0372226
9a3920f803b087c29b487cec,585000510.0657835
6cc0fe8ddc318f1bbad360c5,633688059.049573
3e0c656b64d39ab38201a112,547723437.2424567
cd55abdb54bd56d54b11fad2,633688059.049573
7cd39eb8de56700519d8f287,684844186.4351391
d762007a4ea5de370738e875,646740907.4438994
f4fc67d9b9c6078003f9af35,747665333.9321097
dc0a4632d7378c25be351760,770792383.1736164
530a3bae5a13291c69bb8474,617192024.023762
32b678be83da2a07b37f3012,404865842.7735225
349768047d470d2fa6ff1930,757952081.4506114
e017c3311e2fdeb50a686547,861104307.7875965
bd0329ddd50f2dc4dafebd26,868615826.1322775
f6252e878aef5f8a641c3d6e,496564556.3552599
45ae8ffacfd00fb4a4f53d0f,834436761.075409
d186e369ed884150e71906da,915470677.0052243
7b9e6b7eb3a5db0443193fbd,697840284.6448389
1ddeeae13139b7c9ada353a3,532296379.4767144
a1ae6f9f5d02548c89b23904,697771911.2716117
dc298d37c5235e15b4cd68a3,694707252.5690286
f640753edfd8fb1a995f1de1,545862950.0030048
69a1f439de0f06e1143a0006,662377422.7809232
98f253233bfcd16533e2a448,861104307.7875965
ece6f8c652d4227370ef0fcf,755788264.6357626
599506739a6544839bd97b81,779127117.7131321
a12f49f4ac3c5bb0dc7d8d20,401377854.02901024
9da00f8ff8e19d26c1342274,775191003.3919625
cf5213877dfb4df98f0dc10f,576414768.6389786
84c7006b5a63add890a224e8,573344245.3237019
88aed38ca59c09e1a6202672,637141099.6422647
e6bda9370c80a5f7e5cb6b07,675448451.8370619
3b54ab53b6e3453e333a0939,493570154.9032822
e72ff7414cceec6b162df345,693564181.9894474
f2d4c1faeb7694370bc65ec2,495747509.55873734
e1ffd027cce28c44c0d2f80c,655246126.3188766
5c5039602efa36222e64108a,655246126.3188766
b50f2c871166ee1009416be6,707655395.7757219
5e7e36116dbc08932f5fcbf0,773824506.7182506
325ce336d3df17a078db5166,526754855.0414395
a26e967b288a1eb6d8e71d46,632420586.1311411
139331d23d9e3c40cf083a7d,697771911.2716117
1704b2d5f4a33401fb153608,465456096.61227053
ee70354146295365bf241d9c,557121424.4365902
fbb0a76f05908c118f7a3df6,496207029.7583402
2aeb794adc9892354aff7240,558313404.7009428
b0a32581cbb586f9710dc3e2,700104661.4222525
ad7f3aae29fa1e7ec900b563,633688059.049573
1695225258263bd2f463b21e,757153920.4476115
f72fb486fae49fc1de1fdcfd,853963292.4967841
6b8f7074aed7ae7e6cfbb090,1119860243.3650386
619dab52b321ab297a604185,1045127959.967105
b5bb9af24f9de68e91a1df76,1257577829.1038666
ac3d21f51637207d3e031c2d,706491020.334985
2aac28d03c2110d871b5f274,599149277.6071136
9ef498b11563827597c82947,656326044.4992406
4f2ca698ff03df0c6386e48f,598297783.4930171
606df4826416ea0f146ddf99,532356152.0992295
9ff08a6ca1c63480c563442c,773911401.0160851
ec27554aa1c62314f4d46fc8,450728993.0437322
762374e94f17a8783a66d598,598230606.98454
83ca3a41ca4b5337107c197e,706381963.1420574
c166a9293fa27e910e1fa9c1,706574034.2590467
57f8a1e37c4ffb1b8cbd342a,728732449.6988792
393d99ca47315ae98fe9e7c8,1083802457.330776
9bef4aacc63605f2b2b62292,617063831.1948856
a266efa4e41df357ac4edda4,916214029.8380632
adfdb0eda9aa97f0d3005c4d,788801272.4381788
f05aee3e433cb036653b4375,705038610.3440626
2dfd1808bb95170a088deac6,696623798.1058382
dadf0a00434e8ceefb3e26af,792281021.1744251
4336ff9b2dc1d97ac8f9694a,369081424.17258817
eb14a5813f860bb74740da2b,377023630.5270511
3d580d0df1bf9dd124c282c9,555690351.2413597
49bb5311607e4c7600caa03b,598230606.98454
78a39ae05ac53535ba0fad2c,656326044.4992406
936e18fcf06ca3c46eda7c8c,532356152.0992295
23f12add67accdc9ed40f59f,349062886.28394955
eb1b9e15dcb88964f79e6a4a,599216557.274948
e2b7f984616fff25e3dd6a3f,773824506.7182506
b8e2b98548a234a245d7935c,706570353.6212863
79382c56606e701e44d55033,913964362.5202608
983874e637a1a5782f31089f,495747509.55873734
3da9de8f610e5c40401a5b78,694707252.5690286
cd69a049dd8a3822e228ebaf,696623798.1058382
604f1b5149f770a8f370fc75,632420586.1311411
0d24fc1c5deb78eb1a0caa51,707284434.7416457
583af1118e60e46c347ec593,792281021.1744251
13b181b46359620191e6e4c1,358334717.71798015
50d8333064f0560cbe549f89,506559671.4355972
d9000c1afed253d05de7819b,377023630.5270511
792ac070d1a314f585f09987,483456306.8211946
3e874c25176a3abb336b31ac,554776018.9243841
419ce7158ed62eb6897cf09e,506502795.2261222
b6b87c05c4238be76d94da2b,295087274.94194674
980d809e549333b475477bf9,555690351.2413597
a7df3d344010d5bb7dc70bf0,506502795.2261222
3d474c6a88ceb86e00f68b3a,506502795.2261222
be4bdb73add69f12f7aa6d06,506559671.4355972
fa5234ddf23dd0d9cbd3cac2,554776018.9243841
91a08f81b621333ac58c3845,598230606.98454
702aaf395bc78986a008d70a,656252352.6131791
86b0c9c1277e9143ee765b43,599149277.6071136
9c2c22e70cffe6836f554f24,655172555.6853665
31f56b841b122b35615bae2c,466478041.2797968
41227dc9c9948a5f0688e426,598230606.98454
781989d4b732f961f91bc3e4,570946279.7551517
cfed0221146f4d83d641e1aa,445402739.2746303
8ec491780efb2c27df8dc08b,656252352.6131791
8a5866428508658b4a2a4cb4,598230606.98454
156dc81d6e14a71716aebcab,598230606.98454
c24be8293c8f4080562ec0fa,598163438.0186
7fa11c05ed1c123c1a457b1f,655246126.3188766
a63c36f6e7e7ce7c7e7fe457,599283844.4977504
f9bca38d3e08176649504e74,656326044.4992406
3d389130627ca7bade643f47,598230606.98454
70314b0bd995a4b03c771ae7,466530423.0297918
a3c3c9fc04cf2e2a051a12e6,598163438.0186
4cbe75a162b076c4c454dfe9,598163438.0186
0c62d4d501a426cc8fde0c36,655319705.2137846
533363375cf2cbc50d86773c,598230606.98454
21d0f28d5f30a64352e60ac4,598163438.0186
471b5135fced50f7cb4197e2,656252352.6131791
1c7586fd8a1a38bbda9c92cb,598163438.0186
a0f28aaedd12f3d0eee8c6ea,445252727.4792886
8923182b6dcc9f2d8be1ab53,599216557.274948
67f694b29bfa494bd9d9cf44,655246126.3188766
b721a5846527d5338322c9d6,655172555.6853665
ed09fe201c9ab02a91779dcd,655246126.3188766
f49045b312d12268eefedcba,599216557.274948
22ae194316f34d482bdf404b,598163438.0186
4f450ba5de4766e5ecb8a4a5,598163438.0186
235a2209cde8f8b0276c845a,599216557.274948
f563f0899884de7f9bdab405,655172555.6853665
5b462279f602c5b67ada82ee,655246126.3188766
fa4af69aa064a4306cb110d0,655172555.6853665
a70d32ccaa78ae9417aa7e4f,598163438.0186
77c9e5e3a6d965ede708cda6,655172555.6853665
5637f3d3278ea049333afff4,598163438.0186
1b1c220eb91c9448b520b76a,655246126.3188766
f4a6ec71ad7790df9578324f,655172555.6853665
217e1715fdd5db76ce93cfe2,656252352.6131791
2cfa1397c901b4e940d9f673,598163438.0186
44672de0d6d9d0cb3b4ae938,598230606.98454
1c50477e5b3a67f3d8fec62c,571010392.4520853
0a2a67e8b310471b115c60bf,599149277.6071136
06220a42e68510eccb4d790d,656326044.4992406
611a3e1d63c6ce5ff8779243,655172555.6853665
1284d7ed08122731aa7c0461,349062886.28394955
d44eebc871d1fa6981c32ccb,655172555.6853665
43272151f217feab78190393,706491020.334985
6bff92260afd556a98d3e3a5,773824506.7182506
00586a92b53f4a8f9f6b3022,707734859.8120646
745e7f6a83b55196f231466f,706570353.6212863
9c558e10e5bbf230f16968f6,773824506.7182506
1b425a31cbb73b713f291e19,773911401.0160851
076ccba20dac8bfcf184b8a8,707655395.7757219
c8fd8b729f4ac6270aff9c9d,773737622.1768575
52f026e670e9851b08c70542,773824506.7182506
00304df33a3c9a7e396ddd3a,706570353.6212863
ee27eba49457286b5ab76172,707734859.8120646
97b57932e5e20416bad6919e,773824506.7182506
e570c5f58a20fda42bfb535b,697840284.6448389
79acb227b5ea365414982957,773824506.7182506
d24258de8d2ca10186660a1c,706570353.6212863
8a8c202c069c20696c2de85a,706491020.334985
40f301afabee5be092ba20ad,706570353.6212863
afa842858299a6ebee166e31,707655395.7757219
7641dcf512a05ca754930bed,526814005.3951209
8c9b472c55d4b99e44041de5,773824506.7182506
88b98c026b7650192034535f,707814332.77158
9bdb1bc52a9ddfe92e6a948b,706570353.6212863
4abef5720fd889512ecff70a,706570353.6212863
58b139bc16fa2731e4b76f28,706491020.334985
9ad9ac8728cfc2387285c24f,525947186.1870996
75fd5603c4de9678627f81d9,773911401.0160851
9f4a25a5550f016ef2370229,773824506.7182506
d4f4d0ed36ac9affd71f302f,706491020.334985
51bf7bc1c19fcd42e71f2463,643143081.9980755
49ce19caa1325233d0de331e,773824506.7182506
5aa1667bc8db26bac1c72f5f,706570353.6212863
b43b36ea4f81bbfd4dc4d781,775099855.201287
2a623b33f3cc1f54620b5233,674420549.8778957
8745eefb9e2761ff7eef558f,773911401.0160851
0e49eaa5cde9375b1f026820,674344826.3518566
f5acbf43add5776430d8d4a9,706570353.6212863
ca50f7143937a99accef865f,773911401.0160851
0e1bc8ba1953ec8c28e53b9e,551019225.9082575
980bafcd065c8e3d6cece127,775099855.201287
c81133d5a58d7e8eebb10c8c,773911401.0160851
09656004f0a7f544580958fb,773998305.071451
edd342f84fc90478e344ea1f,550957357.8072504
76974826c758eec5c255c5da,697840284.6448389
63b09e45c1b7dca181491030,706491020.334985
89952b237fda041b09f0efa1,773911401.0160851
219164e1d9b14cabb9bbb8ab,628766014.7267265
ac8aa244c21a9b86de4ed599,773911401.0160851
92ba222e2dd63a4453a30637,674344826.3518566
bfaf8b7796c8c57bb5997be7,706570353.6212863
dd5a565f854eaef90976c5fc,706570353.6212863
f8ccd21343b112d8f9e7123c,649903959.0251698
a90991f865ac81cdb3de201f,706491020.334985
fc57fa9bbc16d1b8106c2c70,773824506.7182506
9ee3218bc61636cf0d7f8107,697840284.6448389
c00592c7c0c3a863a1bab9c3,628695417.2639161
f0aa18bf86a36daeb59946e8,773911401.0160851
e186499af986f1959f729b9b,674420549.8778957
18420ed4661539a2d72ff400,773824506.7182506
957731b9940c9131d92a22fa,773911401.0160851
9172caeeaf6498737fa0c6dd,707734859.8120646
c798ea36d2e4a8119723eae7,775186892.7105473
eb963f082209fc077aa72bc9,773911401.0160851
07b7ba964a8e30dc16d66443,834436761.075409
7fe364ae771a7689d2fa5584,834436761.075409
c59e06a2ed37fd750cf39976,915470677.0052243
ce03d8ae43a426e074ed35f5,915573477.034137
b76c45ccae25a06dd5fc432e,834343071.0272385
f855725acc115bbbf03bacec,915367888.5186328
b0b0db3bbe07839bc2b600fe,915470677.0052243
cfc8dcf337e020b875ef1572,915470677.0052243
390107256faa08574d7231d2,834436761.075409
fb10f3b45e865b4626f65ddf,621126635.5705574
75f167e2273fbecb2c81ac0e,796468881.4900962
a7b15424d7c025d885636a72,834436761.075409
f9c11e980254045d7478f273,913861743.1617364
e0b13f6dc213d05133252d15,913964362.5202608
c12f362b9060344ad044cfb7,742552350.3977602
f872f224d2af413cd104f24d,796468881.4900962
092045750c36a8945c526a12,495747509.55873734
5ef33cf17d4b45277edf35a1,786631129.0089251
fc64387d7c3c91a6e6e876ab,638012663.2780834
c1168159d4e2fffdd5662757,694707252.5690286
cb604e3a56cc847189462004,792281021.1744251
9e95710c61a4706e21cf70b3,786631129.0089251
ab37f67a3afa274e719ecbd8,693564181.9894474
970cb360eb64128037be7e23,694707252.5690286
e42fc32db529e088f15cec8b,792281021.1744251
8925028d6e7a6cfce9967779,496564556.3552599
759e76e38d84a4188dff5446,696623798.1058382
83a376df2024c4c9fbf2a0ca,550496051.278722
a8bb80d99280e332084b3950,598230606.98454
c16ab4a11cf67a39fec6f049,616022035.1835184
9cd1127b1bc10db6b8ce5d4b,1116448784.0235708
ddfa979b1d7cdea1d7dd0a86,690518003.9020257
d78f7a1592c0779093150ddc,788801272.4381788
97ce3e0ef38ad12f7fa8c4d0,292964526.8710396
5c789f2834a1a69aede6316c,479460888.0504825
c29ec380fc7295a9a770a74b,339585661.04250294
5987f6171a2bcb37062ccc94,729338857.9306139
1e91de6194769980800b4de8,761830420.5211099
0a0f206f04bfb10c137388d3,915573477.034137
34dd15023216e187daaf5a07,770792383.1736164
33d2d1db291a13affdc209bf,598230606.98454
6fa5e5160d7c2bed824bc0d0,598230606.98454
8c04aa7506b8c80c1bac23f5,895696754.0133826
e5d445e39104d9ee6b244822,697771911.2716117
2ca6b3016a89139ec7590f9a,665330129.0635223
e567e9e5862b13f0085505d4,416211424.0005493
edd1c4fdbef4e6beafbd39b8,690518003.9020257
039a9029c4341b1528ca6b46,416211424.0005493
fa1533051ea4145f7f710ed9,599149277.6071136
9c99a85c5dd878568582dd9f,532296379.4767144
9ec426691c80918203394ee1,421428175.29563737
66f58d9d1e1eb7e81cab24a2,788801272.4381788
0d0f8ce05ebe99dd3bb7b23b,788801272.4381788
6a65986cecddc5c47fbddb9e,788801272.4381788
a82fc744f537ddc6fbd16883,693564181.9894474
d4c40178c19d6cb2fcc88e48,617192024.023762
4034cb3cb77e9cb39cc98fc5,693564181.9894474
41ae9d3d280d4eebe510606a,583093379.7308326
4aaf6763c105ddf2a6eddbfe,509657750.098378
633a7038a23ffaf4b3f7896d,707655395.7757219
2a531aa9576c5f91891cc8a9,775099855.201287
85d58cf85a179e167428ffa5,773824506.7182506
42f05e5d4862d653efda75c0,773824506.7182506
256a46a6d45d168169f63aab,526754855.0414395
4b0fba692104472b36c38c3d,773824506.7182506
253c85b226a15d0ec2fbbff4,773824506.7182506
b0bb2299d5f456f800993a11,665590313.5462631
47fe78f6299f757b231be10e,628695417.2639161
4d09ece928ffac7e7d270bd8,419891706.4636619
fc762d2d172737cabbdfcc75,697771911.2716117
2809252a96f47776d12021af,696623798.1058382
29eb473852b36dcfbda0c702,696623798.1058382
231c050bebe12f568ef92afc,345377877.0160953
acaf9e18bbc7295633d92e01,706570353.6212863
860435300909449c0443c10e,706570353.6212863
f967ad5e086f485c27f09990,800502643.2487332
678927546243e932b48d6058,913964362.5202608
c537ea2620b8c3a3f013c0b9,913964362.5202608
10037227b2a24d9a72ced322,622649445.0636604
1b4b3662ca18e731acc18928,1081262697.7446108
e6717956eeaadb3e95840256,872922942.297689
ccc4457f68fcc1a416e3acf3,790101304.2896998
94d91969cc4b9aa1e856d801,696623798.1058382
2cc821cd7b5fa82b27308f87,486582090.4173095
f05b3779581ac0015f29571f,620737375.6113672
dfe09a5f848e8e819c361ac9,556144093.35658
ba87ed2a657b0b042a05460e,524741141.53489304
f967aa89a4440cc1c44bdc54,500813508.58402765
81fc8d666c8735e1095d0d4a,835134449.8535991
fd8b9540f1e9da778d566d25,419891706.4636619
70baafa9789d2fcf1bc212bb,788801272.4381788
4911f8879e5bc9c27ac13bb1,506502795.2261222
ce53f3477814fdea2889cd2c,496948507.2709221
62f022e19ce6608919eab5f9,445302725.79644716
55657bb933aa2ea3083e0b90,446036634.0029021
808dd470aed6064f02aa5103,499385012.29379904
39bc028f3b42d9ea48808ad0,479514727.6702454
c0c01ecbb9189d77098659b8,599149277.6071136
57c68d470f6248d00b6719e4,738959568.9581418
26c66cf2f43bea00e6387326,773911401.0160851
b5f0dfbd34392f6855bb4b52,631409461.7363579
25202264e18928158b89278b,628766014.7267265
e93abbb49b24717d3a0767e8,628766014.7267265
906e1f2e1bc5cd51a55b0266,718256675.8132235
eef1d35ffd08dd161a36a2d1,913964362.5202608
35e0cac576415a4e61acec80,945367760.5369787
53ebe061b85f046ed12ee9c5,734821935.2515143
059d77736dc72013de7767f1,695614220.2280163
17d7986a62e0b066e4e5530e,579873075.8131794
8236c798dbffb3db51d5d744,506502795.2261222
587e67078115103d184970be,462216665.9044475
7569fb4aaa9a52d6a525e3b0,468550524.6330818
db122cadb7a9c33f420fe246,470147504.73974496
e852246b7661d30dd2e1f0ab,467754069.9445285
f04eb16931448e87aec205fd,554776018.9243841
90e858d3740d4aec0fa21c12,655172555.6853665
65647ca6e47eb2b9ba20058d,790101304.2896998
d0792d22549d1b3f63baf3ad,342787009.99607605
76c4045b5dad9a8226e9244a,598230606.98454
fac4f0bee67523194fd4312f,574042850.5705708
ba89ed56d156579ce288dbcc,598230606.98454
adce397b6d1473b9b6d02865,773824506.7182506
f1a924badef699637ea8fcc2,526754855.0414395
3bdce823d3b96e8f0170d96d,707655395.7757219
439004dc23f97a878ebf371a,677926061.4228096
192e05cd731950f91fef1d83,1114865204.3614705
5110c49047db23ac3aa4ace4,497934469.4815479
f4f7bd9d03eecf35e9f37619,696623798.1058382
141dfd80a005f7b32bf70375,696623798.1058382
08513fe1cddb2cad74874a59,404865842.7735225
6b23aa3ca5edd20134811cea,345377877.0160953
0fcab263453a9f196468e552,715353540.9091765
127e08fa99afcaa339eff684,412324577.73530567
d2c46ef63db73ba3cb7e32a1,628766014.7267265
7c50c93bc9e8846345892c12,773911401.0160851
63698398738ebc7ccebac817,628766014.7267265
417e974a3f0d97e502e49800,773911401.0160851
6483f2fcdfbd26c621a527fb,913964362.5202608
3b739666f401ca6b2135652c,835812005.2660338
1b750e6e2e92e8222482cb46,699696911.5322442
dd34882ac55c57480663f7ec,738959568.9581418
026c6384ceba017c5f2cd66e,598230606.98454
3f4272a3a4b14ce152fc3abb,659498618.7753218
5cccf025fcc0a7d9ea01b170,495747509.55873734
c8d179013c5bb6379693ef03,599372596.141927
8c258d10ce32150f5fe5b712,792281021.1744251
eeb6fa8f820ec63aa0aaa303,718256675.8132235
ec8b305ddc2bc211a8a05d0c,785336806.9801457
5a84e6d2ab8db0fc60775d03,598230606.98454
015d17895f32e2a8b616ca1b,773824506.7182506
6fa35f1af6d51d341a3165ae,693564181.9894474
17821a9cb766b0f3ecf24e83,598163438.0186
23141c17df584746755dc508,506502795.2261222
00076c8f390d5dcccc133309,697771911.2716117
25488b1c8fedde6250b413ba,551463456.8607726
5ba6b4953759b45cb83512c7,963780451.8562866
8ea02baab0c59eac6584f62d,819060936.1786147
b5c34f90096fc88b8ca758f2,945367760.5369787
35bc25d0f9de2ed4f714fc8c,788801272.4381788
8b0e1911b8ab8028409dc9fe,699696911.5322442
2ba1672e49c023258d262d1d,785336806.9801457
2d778563921376962d126cbb,788801272.4381788
bfe7c873b2fbad871327994a,788801272.4381788
72d0f19409c85dbe32cf6ec4,699696911.5322442
d406baf5cc9b4473ae9b8426,403090953.21219796
070912b7e5fb205918c1f4a3,456744815.2084721
659abd72d12756ba0670f466,426880000.18690294
7a464b948b65544159cd0db0,550252976.0789679
e89774d061d50c83b409a071,419701914.655586
fd6b2efe5da2c35058333bbf,587220215.3005917
4577c1623c8407e95e893e63,598230606.98454
21adc839dec9e8efb128abf1,557121424.4365902
aa843a050ebe8e4b3a04e9ef,777543244.2475028
0252fcaf7bcde09274d34be5,757952081.4506114
46d77c92811f0c87d2d4907d,782210662.6499515
a8c662f906075eedb098ae5d,684989089.738443
b8b46931b93b7750e0d1ada3,707655395.7757219
efde559422ec1dcc55abc686,735093169.1236936
339bc881458ca34bdcb771da,835812005.2660338
d7ad6527cae719481f849927,834436761.075409
df3abaff81c430b4ba85d4a3,867512006.3565687
bfd2f20a7bfb0d865d7f7193,1257577829.1038666
fa3ee96e6b6ffdfd00aa335e,1200968997.985182
163228979751798ded8c3fcb,715801897.7605841
3578144f12e13e98e8cb2480,633462885.2934976
7136cad475a0480044707984,701942035.8360517
93f5694b4854068f42ffe55b,785336806.9801457
51608bf64739db05c47a3bc8,693564181.9894474
6a01b6d09d516d67f4a2fb43,554776018.9243841
5f26f33bd89fa7563ac6873f,507337567.92450166
aba54b001154ad881dfeea6c,450728993.0437322
b2eb63e5da917ce649a72142,598163438.0186
1427aec89ee9564b95e93cd4,404820384.68480605
a0087db5e9e2cdd6073021a7,656252352.6131791
4396f94f7f3c403c43d3ede9,533887531.7622851
aa703cc78a1ce659901e711b,655246126.3188766
0dd1bb83f0f18af30da139f4,655246126.3188766
37efd3e2a5b6567957c62081,598230606.98454
ea47ad6335e74dea06228b16,656326044.4992406
8a975117ab302b77ac057823,656326044.4992406
ca5949c4bcf0b63e5d1be784,445302725.79644716
e9f3f41366d5d784c2928937,655246126.3188766
7a9c505db21b777203d34bf6,656326044.4992406
238cf9f99c4b01777a97f82d,446036634.0029021
385fcde12021f4bbae6ac2fa,508076251.8619808
d9eaec557a7a6674565db1ac,577884616.208859
30b0c440c0bc8c6005855ff8,628766014.7267265
09feba43c0b8f3560fe09be8,773911401.0160851
2547bcc87b618d3d7e22dc21,628695417.2639161
1240a616080d6ba5459335a5,775186892.7105473
7cbc8fca4f84908ed4e7192a,775186892.7105473
151a16e94d538a7a6d658ee0,697840284.6448389
a8ecaa9120c6da21229cf145,775186892.7105473
3ca34fa833e6ba10cb4b1944,600156402.2934077
dca2e851b82c512f01611ade,775099855.201287
3747996611a842c452865a9c,706491020.334985
3528df61a44a9895248336c9,407834318.4052246
398a67970cee5dc873d71bbc,773911401.0160851
1ba2c2eedb352ef9bb59c638,600156402.2934077
f6f4a467f40bace72ecff598,773911401.0160851
b2af9047dbf58867ed0c42af,744992311.7275362
012b8d616667a6dcece0dfaf,825485083.9341118
0b117f10e699f10f97a7e7c6,834436761.075409
8d5192b6208902ddf4804839,915470677.0052243
b86cad78da7bf06b5ac39f99,871486635.8104713
4cc8c95dee29e43463a8dfd9,693564181.9894474
76846ed8b7ab36821b848f2f,688614443.97354
5428bf7f37a94ce9fb2dd435,591999559.8831998
b22c39c3df7d8e32cec2ba43,632420586.1311411
44f5380847c175a42becfcdb,1028322691.6855965
fae53fba5d405b2e6a3abf01,264062545.9385522
3b52bd5eee5ef8e3871dcb3d,1394016569.931415
21eef7da02b0f2a2fd987135,599216557.274948
1dd6b0ade195edae38a4a20a,598230606.98454
f359afc7bb50cf6a61ac63d6,479460888.0504825
b0de107a8cfad95f09876eb2,813322731.2451522
2e8c76f4ed59cd3924f7136d,835812005.2660338
06a2efde5244f7d653ddfb8e,676773704.608066
f72e2f6cfbd32d97bbff3ac5,697291307.9137636
9705748d2bb061678a80826c,913964362.5202608
9620068cef0622c404e15960,785336806.9801457
cf2e8824527989d3cd29c058,786631129.0089251
6e606a7c8bc632ba0ba37184,495747509.55873734
63fa384ea296390350f23d7f,790101304.2896998
4d3f5e7ecf4d361d7eb55f5e,598230606.98454
e31a209077a3e47712588730,655246126.3188766
5f18524e839c2987594a11a9,655246126.3188766
def06f49a0b8230ab613db94,706491020.334985
faa72370e4c7718964930805,706491020.334985
983503bb75d84c410d1c5d3e,792281021.1744251
30f381306494ebaa760b990c,598297783.4930171
5e72dbafa642e4f416e6f01a,583158856.4498631
3d5ece38670c1c96df4cfff8,598297783.4930171
1bd6861d451d128c8bdb72e4,706570353.6212863
072a6f084d31a5a4be4060dc,773911401.0160851
4d8deb43d663fb079262708f,773911401.0160851
f00b8eac1812a500d7a732ff,707734859.8120646
77a62d5e2c89da24f66a2118,707734859.8120646
961886897eda4b0ce54d1d82,773911401.0160851
6f6c83ff891e43b7c84728e0,767515579.7291161
ca8c85e8100f64416146368e,835812005.2660338
24297f4a3e14c24c941e7720,913964362.5202608
98d7f0935f021acf313630a5,824126831.6489387
a362533eea6c235049bf3359,707734859.8120646
2ddda0ae748b38a6258f660c,1062372372.9479182
b18107a422b9eb6da9fb692f,875537338.5086063
11cd643195dbe5dd4567b62a,835812005.2660338
c9ee7f0666429c0c15c37499,287532969.3261193
c386d1ac4fa8dcec4cbf9788,655246126.3188766
21e0bc9789139640ea33ed09,804569105.0127254
cacb91ac1b835d62422b8a8e,813231411.8673118
bc41e69def6bc7490800c4a4,421857365.2586592
7a13669d2d7ed2e50b80b4d8,382771230.26304823
08dbbd8d672fd09463c061a5,599149277.6071136
cb93b0d5e9a26628b0462b14,598297783.4930171
d6a43f209f810455fa41dfd6,496799846.57762015
ed5dfe95f82f4c087af07045,578811670.9525117
02060d2f56e979a61427f806,671012384.2123151
88ffa9f0bc3f6c9f2e589a75,858888912.6836984
b48093abeaa178d1f7fbd83b,697771911.2716117
b42734770dacb7e580a6d742,633373266.2807194
d3aa845e96d22f31a3656aa1,614481277.3212439
becc3ae7a71d597bcb16d261,619914729.0201393
8dcfc24742ba669335a2d65f,696623798.1058382
45e2411d38589a2d85774c5f,697771911.2716117
9761b0f43949eb5307472ba2,792281021.1744251
e07035cb49625760c7da85d1,360508670.069777
f88bb9c5a471504c13d3616c,691656054.0427748
4bb5265c6e63449e5fbaa270,700850089.5292715
ac73b8700744cb7835f328cd,708268601.5114136
a632ececd6a023aae8a7b730,495747509.55873734
858288683063dea9d5c57420,496564556.3552599
d04f549fdf8f34bab19a171c,690518003.9020257
6ed5fa8f114431d158d35f43,360508670.069777
f849dfccaa8163d24ed935e2,699696911.5322442
bfde6e7200fc27e6e6f1497e,792281021.1744251
59c11d3de7153d2605cc2273,568191194.1546428
33ddf4e1ed8c864e9db16887,497934469.4815479
00f5ba660a4fcf6ddb96220a,706320018.8893702
a13004b87c6d7e7bf6b75730,638499924.5750136
eebc02ff14b6d270746ca055,697771911.2716117
65ba6e178f3565a84c6ff973,697771911.2716117
a57f40f00f80abc7450aaf9b,696623798.1058382
df37b916acdce817865197ae,697771911.2716117
b5c074ee2e2538aeca099fc4,712565539.8649321
004c9da9ef1b3b5e309e475a,693564181.9894474
c5b47ac5c4b7476d50bd56ec,585000510.0657835
778ec765417db9ee48d697de,693564181.9894474
b287339babba162e290d0fb0,495747509.55873734
4d35e00e86a9d508d82ea90a,494383613.1782049
0dc2a023fb6c5e0b92d86ae2,697771911.2716117
5787d7c671378e596edfb58c,697771911.2716117
8595b5517cb3f1ff8094d67c,788801272.4381788
f4d53276bdb5899c6f059c67,697771911.2716117
9562ef63320854bc6f94b5a4,560531938.7957277
c04e72fb6244d9a9b28322b8,763264164.3520467
3d141576443a97b0202c9672,821193631.4880072
7caa4bad394586a46dfad854,706570353.6212863
8420bb74fadc0c8853cda025,336551829.9738167
b274adb68a37458cc5181fe2,571722491.7939829
8561bc940a91f029147430f1,729338857.9306139
258a968e403e747af5693a3a,928203120.4770802
0de34892fee879f449facb19,693564181.9894474
9634cfebe7e6b095f0065ee7,600953203.4821838
1f3544c9f47bc00fcdf59d74,388510786.7839055
e3077f6e47d130106e7165c9,775012827.4645478
f0ce47907c3c30b6b5e990b1,719696199.3676324
1432cf7de2beb14fc7603ae7,784325849.2003845
60f0df18cb4324ce5f4bf650,637756601.670652
7c1dc421f5a689aea5babe4c,693564181.9894474
020dfae44183c65b708727c7,495747509.55873734
92a9c07259efc617e7d58f9c,693564181.9894474
18531c57f6dca78763d360bf,565695662.2196797
dacd62440872b6e94ea56fab,690518003.9020257
b607bd072e8293d6594f3829,793586788.0372226
eb86c1da60250e5559fc3cfe,694707252.5690286
fae649fc7256b9a3ec036583,693564181.9894474
b7fa81aa571906a93e9b6cba,696623798.1058382
0823be832fff81b3f1291859,408023663.9484713
fca3a0fe5db369235960d285,445302725.79644716
496fd5c93b2a578d970ed55f,445252727.4792886
9c63c6c27c74c03f071385e2,655246126.3188766
6ebe90f7140b738b3696f086,377363066.3387171
7110d6374f3fc282e4f4bdb0,599149277.6071136
d33994c75d98941acffeeb90,792929470.9464034
b8e8d84450f5e0bc8a721c94,706570353.6212863
cba57e3b393b3e392c7431fb,773911401.0160851
fc2ceba651bc629e7f690849,742594675.1567172
857761b5fc5c7d101cb765b6,697761931.5653324
55f67dd7302b68477e803399,526754855.0414395
19f538269846412f3e150a4a,773998305.071451
75e0fa8e5c83c49d3a0dea48,945518472.0579602
fcdbfb9e15352cf210cce7cd,743682992.5176675
c2b91ce4b1bc8c576a0ce1c8,642695701.1400746
73eaff92528288fdbcd61e2a,913964362.5202608
f6544a1c169aafe6c8142907,834530461.644219
cba9aead5bad82b31da51e6e,876831875.6286647
b239bdcbfae846bf74791728,585647049.2424219
3b823e81c5378ee3c977e863,656252352.6131791
1b4db5fcd1f92d3aadd5c28f,697761931.5653324
b50a6b85399ea2c6b5c33405,656399744.6603159
1e6176a558f301d81bb050f8,834436761.075409
8bcc1b035ea93a5192256b37,706491020.334985
71a3f0980cdfea0ebb869935,445302725.79644716
8cd0345dfac13ab380240b0d,656252352.6131791
e66b2c71519ef8756db69b97,598163438.0186
c843044c1fb30819300448d9,445252727.4792886
4ae10e7fec364242c88e511b,598230606.98454
c9e92b994e48df83dcf9976b,1163906861.5090322
27f41f09ccf8d182c79cd48a,913964362.5202608
d8a7c0b01bb545c414e12a23,1079362385.4879804
f3e2fddf1dbb400788a5517d,655319705.2137846
89a066b7d6a31dd066fa0d32,674344826.3518566
c245bfa6587eeb55227c8a4d,656252352.6131791
500d7c5346ca11ba934e7ca5,688691769.8634132
536fa59adc007df763949045,835812005.2660338
223813dc0188fc229b63e8f3,913964362.5202608
7c972ecb7b90537b1da0deba,598163438.0186
98d8411005ac05d77cb12516,649830988.2069273
d12c08cf48be75014a149873,773911401.0160851
955544a0bc2eff312e965c2e,913964362.5202608
20488db7a62f765ac8da0a2c,452811060.9877722
3f370094239ab6fc817e9ec0,985442857.4103748
ff54bb34225682d25c551178,773911401.0160851
d0c7294b2184d0b4d0e2fa07,985442857.4103748
104e960974eee31e7e0eac6b,834436761.075409
0d477acd9c95e9ec63839a53,590905482.2287785
6d255e0026d70dd44229a2f7,775099855.201287
926cdc0242544bbc850520ff,503564159.7942497
e75a05dc0018f29517948ea1,443037448.84700567
dc40c56571cbee9c2b7770f0,772408901.7522848
2f76a2b53e091df35a125b13,444991881.54964143
a4a49182c79c72854732594a,488471426.5368026
50287f73d47b4cc4c2e1840f,709498124.118767
5efca36c25884a2822bb7a81,406773967.6778763
4347bf26ecd61ebc7a16b4a3,699727280.780187
7c979648ab3729b2c0cd2106,775816336.5443585
f40acdcf5cb9925c09c9df7a,619914729.0201393
6ff3eaf8b5a2f16efddde1cc,617192024.023762
d35596846155e74d1a637d7c,788801272.4381788
a389a1ca097a820fd9af9d15,697771911.2716117
ef450748c440c4958e5db54d,790101304.2896998
02779b92b2f9bafde0c75c11,638012663.2780834
77e5e0b64140fa00b0227a3b,495747509.55873734
eb55b0778607da932c3b311f,790101304.2896998
9fa391febd5d0a8e4c6ecb8f,342787009.99607605
6270356f1cc3dff186d0ff4e,599283844.4977504
ea7d5c601c3f8c86ca8f15e1,656252352.6131791
072efeafd082025bbc5a25e5,655172555.6853665
d8bb6151d30573c7595ee7c0,401701659.5641325
f26c43f2304c8c694c818a9b,598230606.98454
14ea4a7c57d830eba13638b1,707734859.8120646
c1ac42dad98d2f23dcbf140d,707655395.7757219
aa6af44635b5d51da4b02059,699727280.780187
291a4ea1a695347e1901bd4b,775186892.7105473
024d2e34a561efaf4811c17a,773824506.7182506
e5a40a555d11d4429b9675c3,707734859.8120646
3a10398b72905bd710ffe9e1,718256675.8132235
340d1313fc2dc8e5b6918262,738959568.9581418
699bf5460c63a4d0e4542ade,913964362.5202608
e98bb3a89bcec8650e33e730,655172555.6853665
5de86bddd492f76596b17a0d,773824506.7182506
95dae083200a9e43a5aaf210,876930336.8294798
23fe512fcb21a0b84781a318,385734032.9516872
a9dd62f527cb0dbfa51aeb7f,693564181.9894474
8964dbb5b0cbfe509613a63f,788801272.4381788
f75009356c700f7da7106cc7,574042850.5705708
6f502f363fb55811478e3b88,425453184.20438814
a48f29071cf207b27ddb03da,619914729.0201393
b46bbf66cc82a4345c5da177,697771911.2716117
a460aea3370926825b0dbc13,761925207.0666844
7a21a8d99a85171334695004,719013908.9651858
279f6f594d3f8ca8e8a5e2d5,1061311390.0772706
bc3c509022e3f6104cba5203,876583807.1719599
654d2a3a0e02065560ba2484,690518003.9020257
02a2ebb6eca5772e3526d78b,694707252.5690286
d4646b7f4dbebf9785963cfc,705157840.6763517
68fabddb27fc928b57efcfea,788801272.4381788
53688de79b052b3185fa9435,550252976.0789679
bb962a9e3861b06ae1daf833,629652695.9244314
d80c5f0b8ba55e7cf105d282,706491020.334985
ed88c773fa9ae8bb29645fbf,619914729.0201393
0c3af9e0e9c80a68acebd041,498755120.63021463
0faec12daf0493a512b2fa0c,1079483589.243843
1807debb0a0b590b9ba4ebcc,585000510.0657835
20a2a0dfc963fb8a355e704b,638499924.5750136
a2c033f497e62ea10ff8ba3d,712565539.8649321
985e40843a30150e6892e4f9,697771911.2716117
2ba0807f8cbdac389424ae04,568191194.1546428
9a565e7220cbc3d5d340e8d7,792281021.1744251
33598222854631e92fb72baa,792281021.1744251
03fb5bfbc1895115a04e8116,788801272.4381788
5045ba9a65b4bce4fd305f82,696623798.1058382
277f6440854cb0c98728e685,619914729.0201393
12c7037cfa63de49e984a789,585000510.0657835
ed9976e922a774cafb601f5e,690518003.9020257
ccc70d1d8e4411331730bd7d,360508670.069777
30d38a7bab2eaaef1ff6be0d,697771911.2716117
31a6c440ca9eb29acc0f1086,792281021.1744251
7a82ce4b2dcd2b43485f5047,697771911.2716117
a74be48ad396ae4aa33ffed6,712565539.8649321
4ea46b833575642ecb2ed1cf,292964526.8710396
b780a0ec18c61b0760df9433,656326044.4992406
b83a5c303a2b079585b9b94f,516206912.0523952
a3c45875c0834b144f834798,491477935.7433411
c3ae3f44bbae215f7f2fad9b,445302725.79644716
5d54a0a596d49d9f85f1b5e8,595831433.5742806
355d1fb69bcb4e8e8ed9ba1a,718256675.8132235
cd791a46ed616911ae7d4fbd,738959568.9581418
d2d2f335839ed35571b19bb1,834436761.075409
0823b0dc92805ab05d3f8650,1111249989.855212
f92f4d135119fa88994929ec,1079483589.243843
401f0de98764e9fdd4055406,494383613.1782049
68a7d01e50462f7506f8c8d7,690518003.9020257
e4434407771070783b97c014,785336806.9801457
7e1153d411af129357ae5c10,785336806.9801457
f409c701e200046f574f4e06,540876356.7829459
30a8b9c197bc42f088d0b873,636257368.2026639
d5abd56b5a8ab8c2f61a07f3,512352401.56478846
805a27aeafb3ca91cac56d14,697771911.2716117
1ee04111d277e8758f740139,697771911.2716117
b9de7d7b9a8ef7c64e5f6bdf,619914729.0201393
5a12a15af3c0585d81ba8f5a,467718489.87511826
abb63383766a9853c1091c5a,696623798.1058382
1f95c205d5094c674f6e45a5,792281021.1744251
4911a6285f548dd30c8061e3,568191194.1546428
0b9730cff49bcaeb4d703c06,500955348.44595253
f033750cb9db15e886b156ce,795776120.6101292
fc7e93bffb7fbbdebebfaa2c,699696911.5322442
4f500afb7f7bb42189820a18,702783581.8112309
3921d7b508fa1591d40802d4,422860857.993424
caddb9dce27a7e8012478da5,554838315.8304653
4eeafa126ac5f301cf60f9ff,571010392.4520853
59afb00a84b4f2a9ffbf71c6,706570353.6212863
7baa3608aad1fbf357d789a6,727627770.8573948
a5b8869e9cd3d0cc32a0b298,838085134.2397662
d084dce4ab9c4008ffa3bbc4,800502643.2487332
e3ff13537ffb7172336ab5c0,834530461.644219
1bc2ae31ed1970ba52b1ff60,1598966888.1340747
eac7136b26bccb3c5d2b6202,696623798.1058382
073fccba71b28afd815be434,694707252.5690286
9b1c23d616e9407fff6553d6,632903576.6621132
4122eca7b73c1347a7814a70,790101304.2896998
cece8267e60c2461d6c409a2,792281021.1744251
ba4e89128058d5564987dfc5,632903576.6621132
69843aedb25a928097a22a89,554776018.9243841
a45863121bdec787e119b14c,295573611.4500222
02e8811bff38125bcf8e1a6d,554776018.9243841
d709a76487a49bf257489c0b,425343484.3350111
46c42803286c800351fe633b,655172555.6853665
2ae3ae7f794d558ec119287d,595459850.0555097
76991a35e9c1b69e1616659d,599216557.274948
3de5d35f742cb4eb68d5f314,598297783.4930171
a53c748935206f61751dec1f,508133304.75804085
ddaf8a1e5e6922cc3dee5caa,599149277.6071136
841fed959f036a03697868e8,598163438.0186
ebe1b5c9471f3441a388f7ac,704483863.3478175
f0f9bedbcb57383511805d17,697840284.6448389
f9402b785deedebd3ddbce6e,706491020.334985
d1f92e6b18faf07ab70ca1ae,707655395.7757219
6e794276348acc39751eaf47,773911401.0160851
4b04e0296820d04421db5219,525888133.15934765
ea0ca17e989ec57a480aa464,775186892.7105473
cc6fcb8ea6556f676c13a76e,773824506.7182506
2778de5e56ad7ece898249e9,775186892.7105473
9f0bdae4f8609ec93588de3c,707814332.77158
90dcc3f9428a4e7cc396a15b,706491020.334985
2d7bf0032580e6b6dd1ce36b,718256675.8132235
c45d86d17d1d0519b455b7d4,773824506.7182506
4c7e7cfb286d82aa96356fb5,914066993.4021144
edc204c3e18368e0a9eab593,913964362.5202608
e789e801fb5d4501b5d64e2d,834436761.075409
3997c10ceccd2f8c8e43cda0,913964362.5202608
580d8eee8dc4b7d43cb193c7,834436761.075409
c823e3fcfbf0c43bf2d82586,913964362.5202608
30677852542c78698083d4f3,1004127418.2486303
8fc78c514a2f1cdbc5ae6e1b,1079362385.4879804
73c618d704a2e1ac2bc41954,696623798.1058382
4ba85374c1d1f1d3f4632ca1,345499429.0404608
9a471715e4c4865b822a6b77,498683638.32848185
4e9f1e21c855f1166428fbdd,425527407.8692916
f11137d27a5d7fa57f94e97f,661846271.7175219
5fe5f3c5919c0ebd57ec8e36,438870662.75644964
e40742774df7d2b614f32de6,387435675.1277208
24b28522c72f7fc359f2a718,708547293.2038198
26ff1e1f4a6f6bda702fdabe,702163795.799313
9e617d1fd8a4f33d7b66098a,1141832569.015924
3b4e889562e4078f8f369172,690518003.9020257
3a50d40f15b1cf5bfb338092,359915489.48483735
cb2188cb8e534973ea3411a5,555690351.2413597
fa57f96bc6affd285d10c4f9,386835062.63966954
c0ea6c76eb977d83c163fd7a,416874050.0785776
367cd12d7f4aa93124047eb9,599216557.274948
54952b5f463c64c605576601,404865842.7735225
57eaaaf24cf82d885f0f1dff,598230606.98454
f2ba4a7a0765c3ce737b5c81,655246126.3188766
5282c3c48495dc31359e70c6,553312865.687018
552b01d72edb192663998c4b,706570353.6212863
5f3a1ab21669ad9234d4dc63,775099855.201287
68f431548c330f84c46174f6,775186892.7105473
048051ce9bf8f6a48e9451fd,773911401.0160851
fa4028ad48fb2082d167989d,526814005.3951209
5b1902dd7768f5144ae7704c,773824506.7182506
be0a8f4be774eeaa42fe460d,706570353.6212863
16263617308958055850aef9,754187310.2138736
729f5fab1578f8cae4fca8f9,820425738.1846683
bddb9388922dd56737d8847b,835905860.263758
9847a4ab995b7b1c30196704,913964362.5202608
d19937a773269962c7f9e8a3,913964362.5202608
b3c8714dcaf5322475ce2c60,913964362.5202608
875126e5776dabde40e29b09,834436761.075409
3a36f59d7c0e6c4eb85ca0cd,934176231.4986979
630f00e15cbd7826475d1509,982417041.9545618
434782c3d1dc2b9ce7bcbbd9,770792383.1736164
a470bd174fc7587dc1449c89,1061311390.0772706
99c6f87ac92cc323c8caa005,954396852.280875
ac9ae945fe25a46184057606,1081141294.231536
15d910dd93e0aec22ccc2083,1116448784.0235708
6e1a9c8457d3ac6a57598052,775099855.201287
14e179618d1a44c5c55e23e6,541209826.3851625
2b8b979cf1952fcedc63ca9e,358334717.71798015
7cfc3061c0b2f3bd48375ab9,693564181.9894474
7200e3ba2013876cdbbde972,621418039.711376
9ddc1924043ee8361201b39d,802385102.6322289
f22d6cc8c9611a7c23fa8969,790101304.2896998
b7c0a0a4f5c5b986a70ff249,496564556.3552599
adf176b63ea23e08d252b5ea,519996724.9152484
77069fb9fac6b61aa6a89ae3,709435906.6027845
7f0f27f6d30c743acb3e867f,662973211.2784613
7e299fd8c2d53ff1cf95aee3,792281021.1744251
f309733881a4f89d9c8a8958,696623798.1058382
0f937643c067371018c8deee,1177048244.5082529
8e35609c1265ddf59e1c015c,587581204.1603949
c1ba606f32ce0337cbccc2b1,706570353.6212863
15f02dd18da12f4d7b0ac2ab,495032828.8761016
bcbe8ed608f233d5ed7362c1,719599621.1349825
14611fccccfa2a6499b2acef,598163438.0186
b10b428245022d55db248b72,507337567.92450166
13e6c5cde1004803fed93cfc,599149277.6071136
ba31c38eada33f680d44627a,697840284.6448389
3786daeec4a4fb40ef07d8e5,773824506.7182506
7736ac030d8b587f44f7898b,655319705.2137846
98f89d21e5dbe53f8704e745,835812005.2660338
981fcb79db3881259eb303bb,450728993.0437322
08bb88dabf0070f72a801a4b,834436761.075409
32d56542ab5486bdaf4466fc,835530503.4960126
c0f911fe7ee2113ec59cb5f8,706491020.334985
3adadd50e603746e5e4fc082,694703633.7469063
d117e9672b3ea0435e7a894d,450728993.0437322
020473766363019ee40d6685,773824506.7182506
b04d16faf40ee02eda59a9af,450728993.0437322
bd6f3819a1c0e551598fb9c7,348527671.0528797
5520cf373444931ed8630635,445302725.79644716
40355fef059659469e16e3ec,445302725.79644716
deb844a2812586991b3022f4,707655395.7757219
ac0b895f523b53b4abd013dd,707655395.7757219
ac208e250f5ae3e5e1008351,598230606.98454
0064cd1c55914cc8370a096f,445936478.1860902
165fab7a9f8dd404cf4e9d9a,506502795.2261222
df3eca0f59974a812b4ea9b4,775273939.9934205
1b7c062b606d0560e850a2e6,506502795.2261222
87ddb3a17b601cf7c61e8c07,599216557.274948
837cb6389640f3919bc73e9b,775099855.201287
77bab76414ecb20888cef7a1,834436761.075409
a9268ef5b7133cf6ed1a376a,834436761.075409
cf7cbedea50333cd2dfb0e30,707734859.8120646
b0cfed2d25a5d78c96d39d20,452811060.9877722
ec0c283eeb8db461c20af1d6,775099855.201287
27c3b7ba2991e7bc0c9fc322,656326044.4992406
0332c7ec0d3e547ec6d61664,773824506.7182506
e58b92216ee6438a921ee0d4,706491020.334985
f7959842378c94c9f620f561,656252352.6131791
cd0236af88ded6bc15b49eb2,655319705.2137846
d40e0c2222c0debe89735e88,656252352.6131791
2bc9bbe0f0216ed9d865a85a,599283844.4977504
e9bbc31499ca187c6a492175,628695417.2639161
f2409d037bc8b3e63ca69fd7,708765322.3797731
5ad71b7cfd356a75021174ab,507337567.92450166
67dec8c47ad4de9605d56db7,599216557.274948
c6d679cc07ce4373197748a8,773911401.0160851
a36ff3637b7d2b1c52999ea8,706649695.816078
3a384d68b7ddab45e01b6e99,773824506.7182506
42d34ca2252acaf6e777d23b,1081141294.231536
c4b2a42a8908cc35e649fb16,526814005.3951209
18c38418824075acaad8f960,598230606.98454
85bb6775065df76bda33f738,706491020.334985
14cee0bdd9dd5537b96d0786,706491020.334985
ab332133aca64315672a7192,706570353.6212863
d53b60b0f2c65918153ca2e5,322981250.1688149
ed1f81648083d4d2726710ac,690518003.9020257
b6692a933facd74b4b11569e,375147814.07264936
90e00fc58569167c00fae7d0,551390888.5316235
8a514fffdec277cd46c7cc71,652248034.2786242
7f0b4b5851c77d78805320c5,504394089.2960029
fed1a608e3c0f2b79cd02ebb,551390888.5316235
075a5474294e25da55373a09,375147814.07264936
8826b9e008064cea38855d35,504394089.2960029
660eb3b40b2bcd07df8f5c3f,529208094.4450586
d55cdfba22aae78b6fab5491,392704749.2197674
ea6e83dbade169818975e5b3,531542663.6986843
dcac44d3f8024c6ea1632432,348671453.69336265
2772adb268cffadfb2917c2f,445725277.4503537
3192bb7190b9130c4e67be4e,694707252.5690286
9d892f73b02f001c2f715607,445725277.4503537
c27d72aa1fc5d37f4cc105eb,654047444.1082565
6c0ac32bc8a66844197c5fb4,654047444.1082565
52338f4f7c8af6c649106a96,444991881.54964143
356815b8ffc300fe03073b7a,706574034.2590467
22c780d56cb97fc34f29e9cb,348671453.69336265
806907598158861a6958388c,445725277.4503537
449cddc4dc3ef1e93b7f7c26,589901008.7949249
b225270821758e45cdead76d,445725277.4503537
e07bc486c6f5541e4788f83b,529936521.3338104
970c0d4928a9292748c0fd00,775816336.5443585
f73f720abdfe4b5adfa2bcda,533887531.7622851
48d3b0ef6e5f999bb90fbfc1,591528416.8022366
b3ec2f8af6e9adce047536b8,744604768.851636
0e1c66f843e06f14d7264864,528709277.8540313
91c4f018fc7939d150593935,702667881.8619756
102434eee07ed18268857a9d,697771911.2716117
a4c70eae507d630c2f285eb5,775816336.5443585
45abee1de734dc32936d0b1d,600940268.0763702
82bdf442e186baa829e06da1,600940268.0763702
019cd320e02a64ba3ba9a37d,708523317.654
ba1b3c8ac8afafef56233c84,699727280.780187
3c3a0f57e030472879f454d8,656932734.5440136
d520e90e7d0c44a6b8852e5b,446954936.11302304
38328747d2e1e0e568c05523,599951481.5940303
659e9ad0f593b644071cd850,534622069.3624621
3e6645f2cd377ba17ae2e46e,350786780.75848556
307eb683db84db535106c445,631371392.3487859
26c8961848e3a77d98049638,600940268.0763702
52373e15e9dc1ad371a0c090,534622069.3624621
e5b2a446c12222efc187e02e,480386914.53625315
156f706d1d30de19f7e369ea,608888340.3998603
aa94d2ad36bc0e91bf561be5,838122193.8778671
8ab41842b8e41b89d8670ecb,434348719.9002926
b19ab02a8e22f3e88a26031b,699727280.780187
a6b1ca7a4e91c4c0f4366984,698575950.2514896
a277d5e8216fdc3d7c93eb2b,708523317.654
f939b7271c4d399a5e647f8f,708523317.654
941392f9a135909273422dec,585061050.7280003
e07d8e9e38e309958288a516,623187244.9192291
258f10f742fcc835d53063cf,597618090.7038213
fb672b4cb1b66f2022f36a40,711648925.0856218
ce9dbb6d009cbdbe654edcfc,840434389.9058166
22e524f1fab17d5b8616d741,921772535.7444972
7f0d874df9235245f47b04c3,780523074.8702844
27a8a052b815998c771a1f55,921772535.7444972
b80593fba07e21f8bdbc352e,921772535.7444972
d18d990404e7fd07424f5a77,496564556.3552599
033599f7e7ecd8d9c8cfba46,788801272.4381788
51cf2fa527c3db62914169b7,693564181.9894474
2b2fa2ed0055a19859e78446,696623798.1058382
a8e1adbf076dd737c079129c,793586788.0372226
adf948af7b24f9b6f29610cd,403755291.7427584
23473bcde48f634641769e22,503564159.7942497
c90486bba327ede32dec60a6,592415338.0183465
d254d88ea0989a609b71fb72,556144093.35658
2373c595d24a7b862b518ec5,773824506.7182506
ec401de1c0ab2dbc149da048,705411438.0894071
17c0a8fd3a2c8b5b18d61e4b,665357323.312615
1a1016e7a96da2237b391be5,617817103.5629145
c5b40b510bf7f121c93a2332,767032426.7250503
aca37e216a27b4dd5337df99,686043121.5157772
96f59167d17d1c99f31be997,746905718.0558895
062b36cb4a87cec372f9f91d,708523317.654
0466a7e06b152c1860d44334,708523317.654
f44726680d0c594a2d430bbb,830719107.387096
8aac8946e7ae5725971c5557,830719107.387096
e1aa6c46135f4d1aa1b7a1f4,708268601.5114136
fdbe5801070756d1744211cc,788801272.4381788
6ec4c88b8d3a16148e2e7348,792281021.1744251
57c87ce038e4e523b4ec189b,697771911.2716117
9bd500fb24eebd53d8262b62,792281021.1744251
85a86e01443aba593f95dae4,617192024.023762
13e2ec0a12c8a48a753b85ef,506502795.2261222
b93dc01af5f49e6dcfb7a547,377645007.22304225
71a42155184509caba01a1dc,377687413.734399
25fb1c0c4aace859265de172,600940268.0763702
6f63e4f866bda86d5c993c8d,445252727.4792886
72bc42a5c73e7b1f9d54c835,658015432.4415134
c06f36b42021a1512cb6e3bb,391163654.7564959
f1a7fa5dc1996591ff97a34e,599216557.274948
6128a8deb1f0bfbbf0d67769,655319705.2137846
b5254c6c29b4f6984d328216,445302725.79644716
6cb19c3e491a60bb2c166669,401701659.5641325
dda4ee9f3811c29e2b261a5c,446954936.11302304
7a564ce9a4ed3d2b8fbb1103,600940268.0763702
63b982fab95cd17211a4a58d,445352729.72801965
5272c50f1d8fded01f7fb0e0,599283844.4977504
02b47e60ab77588aff6cb433,655172555.6853665
ddcc7f7a087aa5f4797a8a5d,377363066.3387171
77a887ca508d924ad5203194,706491020.334985
b57ab7afef2b8aee016ce6a0,775099855.201287
640a801d503d85835eb65a42,773824506.7182506
767ff947b16b2271f516c28d,698990402.7151464
1dbb46a250f504e9c8673bed,707734859.8120646
fd6e9c9ed7679485dfd0b022,743156735.537666
7dc4f9de14c2924b229ca0a3,775099855.201287
3064379f468404110d594c87,773824506.7182506
6005ebd6442c62f8becdd2f5,773911401.0160851
b62e960eebdf95c2eaaaf9f3,775186892.7105473
7b0258f1aaee97661c34de64,643070870.2869624
91e2f9f7d4ed776d38a3274f,706491020.334985
d505277049a254f960e114ef,742026257.266552
32040dd7b8edfbe331773288,757289330.5368401
70e427235490d7d9c9239676,775099855.201287
1a2aa38b8e18fd7ed5be77ff,540193785.8280779
4883f7ce7086ba9c8ddd4315,706305392.7630005
4116cde03803e63a3e87e847,773911401.0160851
d6de5d741702387dc3f4481f,773911401.0160851
2346533f4712f3bbd036d85b,792929470.9464034
f6a12c0f02fcff1be042ed0e,742594675.1567172
eba3cb8156e0115bd7dfb525,915470677.0052243
ff27ae490bf03513b6bb386f,913964362.5202608
e87779bf2f8af86fc4ae9583,457522524.20753723
4a809b3987cff0290c1df8fc,450570545.87683046
8f4241a17d1211687bf232c4,495747509.55873734
bd8c1ff6f9919ec6f1dccda9,635695592.2153419
081e008e772c6a79b809a87b,706043460.774849
0eff08cf4bc42dd442a70231,621939492.7811031
b4e084d14962cc58d4089955,633688059.049573
d02c3b5ac6fa0ed6db06e490,830156411.9811355
e8abf103cbe9fecbdd758516,633688059.049573
05308c4f3d0e0887e4a68a92,539510600.2828588
256a6ba3ff423a899229f154,584886639.3139333
097314d920292b46eab5dbc1,534654305.11943454
4ce0fcf14266d144c82f8d4b,544151364.9524022
548791b5faf236b1c03b7523,619914729.0201393
40ef1682158d0c3cd07f484b,849615921.8577954
7b473504c85e9cb576f951e2,497934469.4815479
730c7382d76a07904f559b28,690518003.9020257
e05598d3c49f409b937ff2a1,496564556.3552599
844dc89fe6588acccf0c7536,614481277.3212439
ad1492590bf61d2cc83b493c,696623798.1058382
88fce3ad9b8a965dc11336cf,554776018.9243841
b76d853ea415967415ace0d7,619914729.0201393
c12c81b3eb12bb329466e88a,775186892.7105473
4e27458d179a469435d02ff4,583158856.4498631
8d15b4bb1447eba7a680ef47,404865842.7735225
482c7150c7555cb35558398c,773911401.0160851
e5d6be06fd53d317c8e5c7c0,532356152.0992295
f798e7105aa8aa66750a2c85,773911401.0160851
eb24e0a0ebfbe16eba466280,773911401.0160851
618dede0dbd48df4fe610af1,773911401.0160851
6fd936b82bcfd3cd2451bdfa,656326044.4992406
adbb5c4ba7be2903799a51b2,775186892.7105473
3a99197868ce338c738a3b20,628695417.2639161
d4c45f35f214fc226ec85b36,775186892.7105473
c3140ab2134de662162af508,289512113.99096954
0fe23ccd8e42605f4d9f78a7,264062545.9385522
8816e8101ddc4e704053e23c,595459850.0555097
64ecb100d7882ddec6bafbcb,701942035.8360517
9151a8c65e1f01ce591c595d,634342735.328294
c8a40314be3014c2a218f5bd,790101304.2896998
29bd4cbe11f44759e07487fd,694707252.5690286
72ddab9ba5f24941e4dbed6b,793586788.0372226
1f18df9ee1b19359816ed13c,697771911.2716117
fb82175fad61a81e9b665fd3,792281021.1744251
dee2e190c4e2539124ac3ee1,697771911.2716117
0cc2f3a49dd703e7554ba638,696623798.1058382
ece0394e38b152e6c1571324,954396852.280875
e14328c988a27176e9fc63af,737031922.6703862
a91664b9f15f9d6f262e7b2e,775186892.7105473
d54270fd6b09b38a978cd7b9,674420549.8778957
40c74dec061500aaa78f78b7,599149277.6071136
cbf6faf7b47b43b2a77b3654,734739429.8949436
52fa1eb3cc7cc2f77ff98764,598230606.98454
bae512bdd3b04405c519bf4a,600156402.2934077
e7fbff0a25cde72a38e7c7bb,775099855.201287
d3f297fadece964afe5f1cc4,773911401.0160851
2679ba671751ff16e76f1807,707655395.7757219
8059e45ca26bfefbb18d8e40,772408901.7522848
9e7ee8e17b1e76965e96ef95,772408901.7522848
9039bc918a76e486041842d0,696654033.9701061
1d7912750a5e345f7edcdcbf,411802991.24578017
4fe0482ad622080f55a0460f,627734713.7435337
953fd7541735fa8d9a342642,777094967.7835304
0b3021c156324d1e7974ce3b,989795234.4880189
b0a8e4b4ef6678e6b43865e2,676846853.4325024
bb47fda808b52f30364a4d6f,533887531.7622851
d846dbe691d0ee3ac5c3bec6,916214029.8380632
21932b5a5fa65d237ddb6293,533887531.7622851
07481a101afc1d5db45245df,685624805.5997149
d99c00c516cf57b6fd9e877b,691656054.0427748
6dbb494acdc64c03742fa730,696623798.1058382
35f69c7a9870ac62735d7639,362099032.0949339
2721f5495ef5dde16fd29cf4,792281021.1744251
0c068dbfdafa3429c71189af,786631129.0089251
f3293c4064d71f9322ca97b2,707734859.8120646
5eb268b95d7b6006b064f9af,706570353.6212863
e13a1c06ccbf814945dbc768,775099855.201287
935a1e8c7e62ca9d3bff398e,707655395.7757219
f0c7ecd3b2261873d3664748,775186892.7105473
d2f20425e236285124eaebad,598230606.98454
05926b977b5df59857194ec1,502486151.3072621
f548ef815603ec44f4629a60,913964362.5202608
6cd147720319f60ed2599361,706570353.6212863
6302477fe8172d08f3b4815f,599149277.6071136
b0af9b1e84a1886489d46b91,583093379.7308326
5f3a2a31f6d1838e0a9531fd,773824506.7182506
96786aff35713dc21f6bfe5f,773911401.0160851
68de232e27aa83405b4a19b9,1081141294.231536
8d252e9b0912f09703110b81,532296379.4767144
f4e646df504728ee1e6ad0d8,614481277.3212439
e89cf4cc82c5283f3db6f5f6,431722481.030922
1bc2c099466f9a989266be0d,462594996.851319
bef2008b362c4af1fc3be566,690518003.9020257
7988f76ba063d25a4f467730,693564181.9894474
391a98a344e894c6397d62f3,359915489.48483735
5ab0b8b0d6d93c4654b5cc14,633373266.2807194
305d6abea2f3e496e3b6fcf4,792281021.1744251
f512fde4fa3f1f7fe885de83,696623798.1058382
c7b6e7a287602275f7854ef0,793586788.0372226
3d11a16b008c26fe43deca03,568191194.1546428
ac7f21d22d013874c362d440,466685418.58475345
c933750eeb53302db0245782,497934469.4815479
766a8ff17723a5c34324576b,696623798.1058382
802fe3175a2059f12d7edb99,786631129.0089251
508bfd077c80b6cdfc5a10e1,792281021.1744251
ddf8733adb641e15837bd728,495747509.55873734
17914fbe0c3634dae8ce9d71,788801272.4381788
09e4397bf9794fe24d87d07c,696623798.1058382
302918a3460b98acb64fafdd,599216557.274948
a7e57a8be8fc8d8a844cf9f0,349102083.25191766
7b50b071f4d795c9b5ad7531,655246126.3188766
91a7bcd95c0c960e4cc22d91,599283844.4977504
5d4a23137173c0e2288ec418,599216557.274948
751ba0c00d4fae1078c02fb9,495032828.8761016
e6bc998ad1d87c5be3559ab1,629390393.0061567
53aa9cd32e2a6aa346d3d789,629390393.0061567
06f22f7a8e4e78f45ae81638,775099855.201287
2105c17a4e2f97183e24aa4b,707734859.8120646
ec13a869c212c39b6ba21b57,707655395.7757219
0b49dedfb53ec812962e31e7,697840284.6448389
69e6fbd4d3816c4cc37b265a,800502643.2487332
ad46f8bd482500f3bb935737,674420549.8778957
368f7a70a62962bf31ec9583,932952611.2636421
07412230b931192771072334,743992217.8456298
e63d334d9ae8b672dc7b7d5c,932952611.2636421
3e1c2c5b0831edf78f7b7082,743992217.8456298
226277c02e8532922a1c769d,834530461.644219
7902ada9116a1cf7458933cc,898328509.8253634
b21f6e217d6733230a8eb7b7,790101304.2896998
09ac622c303bce9ad5514442,494383613.1782049
ea63bca8e3a77fe88d88fafc,442721874.7974195
a3c7c54fa12d5b57dd997210,509657750.098378
cdadb2607807935a0a5597e1,656064644.2068864
8d041784b65d33c76e5245a4,775186892.7105473
e6807209b634455bad257998,526754855.0414395
b1e3f1efb232cb0976506cc2,668922055.1000576
dea95d98e8bff87b905f9172,915470677.0052243
44b6382d9195ceb3f12d4939,834436761.075409
41f33deb9990562def18c917,535299951.8496857
0a61250b2c208d42a3077bde,696623798.1058382
c714b30713eb7877ed3cd92a,465456096.61227053
bf120b883bfaf7641eda65a9,697563706.1402799
90b34ed38e0f18988f11d77c,728944380.066225
feade1f4b3b06fdc12ec213f,742594675.1567172
00bff9be2d524083e3b3149d,539510600.2828588
f1e38e53ddb8a9d5b641d934,834530461.644219
49dbaf0bcca86f32f86e641e,773911401.0160851
18539b6cb6884f753e0ac18f,775186892.7105473
7586a79a0151387a1c0cd85a,706491020.334985
d533a334c2ad9d510865fe54,514810015.6761648
95f7bbdcfb59b4cdb41b0394,696623798.1058382
4a2ae08359e1ecd39b43afbc,617192024.023762
e8cf39cada5b7755f60306d1,568191194.1546428
0489a476b376f7f6efbc193b,377645007.22304225
7b31b5e53015f8116fedb0c6,792281021.1744251
4c0892a39011cc6a37fc1145,607264126.0056221
92d7d4fa9fd09075bec14a3c,792281021.1744251
5e5ea93675900efebecaa19a,420416549.9291217
084de1226de9a6f4a6075c2d,564359418.6975248
54f16cb9563346e15b019102,449804654.03609747
512a6de80962ab797ed2bf72,735439886.942354
871befe27fa79fc1e1813b19,943760799.1833949
4e0b1df5e05ac505c701f519,445302725.79644716
37227e66adec69299f853e51,693564181.9894474
0a0e3ee960f60d04ffd6bc0a,543262399.8646994
82b15a5da307865c7045dd56,696623798.1058382
44d596fa36e3992208292ade,788801272.4381788
3569024b3ae4865240973e6d,361503234.72999793
31d3215c8345d48ce9734c65,495747509.55873734
147e7f5381d3c951fc446376,495747509.55873734
77deea164a3a622df41249f5,690518003.9020257
3cdee5304896e4cb9604ebe3,788801272.4381788
f5418917530b72c9fea14f66,497934469.4815479
ffcbce226963f10da8c53fd7,697771911.2716117
2fffe55a1584619bd7c489f6,696623798.1058382
3920eb3f72b96fcb58ef778a,394996445.45723057
d10bdbfbd411ae625dc80611,446086720.34649146
d61ac80c0d4737c3529f4a2e,446036634.0029021
f8948886cb4cb018eca25d19,445352729.72801965
da5bf7f1c7b2f4ad670e2382,656252352.6131791
f406c9c3c92e9b31310a50ec,674420549.8778957
171b560236ce760573a990fb,913964362.5202608
4d852bd93332172bfb081aff,913964362.5202608
2e1f7569d134a931098a2ede,743682992.5176675
6d8d2ba62c52445d78f687ed,656399744.6603159
65ae1a893abdc2eaa63d9271,1079362385.4879804
c9c51c39725d7df94822fb20,598163438.0186
56ddb54e50deaf650a25e82c,532415931.4337316
aeb330dede55fb66654901fa,834436761.075409
4f4e3350c429c6afc0bb0094,707734859.8120646
39377d0d271da03ad85c7bd1,598230606.98454
bda2fcbba2b412981e708054,834436761.075409
eb89d0b7914010148e6bb597,706491020.334985
513d0ddf1ce44ca671675fe1,775186892.7105473
14cd5f188cf6d2433240b5cd,599216557.274948
dbbe0b6f5eb07a5f9ec873a2,598297783.4930171
f9acdd3fa50068bc0180d008,655172555.6853665
4a85c36fb854e922936b57fa,506502795.2261222
937876bdc44c3b8fe063a9aa,598163438.0186
001399d3861c5792ccb8b515,913964362.5202608
f28514aa4d6ffa36104411c7,532415931.4337316
3b185e3e31f7f5e6a1b3193c,693564181.9894474
f4c7cc4a249ae7037aa0b35e,722793371.3172615
b74a02ef5cc838952bb9afd4,497934469.4815479
75f5aff9fa70208ddd843779,543262399.8646994
b7273cac93fb7a0034039600,932952611.2636421
b73bcc0cbfa173c9fa404369,791026068.1515983
3c4c18326318a7207b589dbd,424496570.5290082
29a230f7dde5753e65b661dd,788801272.4381788
c083a5c64c4d6952accd7bdc,635695592.2153419
1cf29f882ee8b458b8f27091,696623798.1058382
94c15574aacdc5c3cf5a406b,496564556.3552599
661f7eaf134a5b142843368c,568191194.1546428
14a5bf235097782f468fbf23,579873075.8131794
d2d46c70dc048c92c8e4f09e,696623798.1058382
f6faf74c3f4e02a6b333b7af,792281021.1744251
6dfa362ff7a0d55693793db3,616910302.0052856
b070e3747bcf22ed67509efc,624965138.538367
7333f19416625d6f4244fe02,717074857.0375106
3c86651d9bbfbb335f15b544,676429519.6204195
9d8affa93ce4dc7c1a21b3a3,761925207.0666844
eb8cc67810d95d1b102410b7,754187310.2138736
047f94605add5f6f84fc3f90,832557001.5566832
56ba332c82c36f07ba6bd271,915470677.0052243
5814a1dd61362ded4f1d8d8d,1173963074.2525845
141ac7bbe9637f9e5142135c,1116448784.0235708
08db0ce5cd15db2404ff3d28,554776018.9243841
c38677ed0876b7996f596336,377023630.5270511
daa4d7da8d7df8efc1adc9d1,445252727.4792886
f15c6403c6d4e3676a607780,591746455.6603783
4d0cf77f8cfcada2265ac585,495747509.55873734
4caab3951bd6cb6dc71ac8a0,599216557.274948
7cb64b94877a9361f20027cd,446036634.0029021
3f438d6202cfd4527bd8f983,598230606.98454
b7763beef728bc2021ebb841,445302725.79644716
4cea8ea969dcc433fcb59d96,775099855.201287
24fadbd1dec637edb728baa3,634417135.5654653
63cf422266e7c39a6c895b3e,696623798.1058382
dbaa5d47ff63125584bf7ac0,696623798.1058382
da12ac932dd8a2fabade4bdd,705038610.3440626
f35538e95b4a567f9b834034,792281021.1744251
6ee1e976768b68cbc8008950,655319705.2137846
a910019b3d18da92b4c6862f,628766014.7267265
a09413ca0b723170c26652a3,706570353.6212863
2b451da55be3683c33e4de31,773911401.0160851
561840990333852ace562b82,407880114.93457073
b6695af1ce28eb50d7a2c25d,913964362.5202608
9327563b40f2a0f888c68f28,1079362385.4879804
3438e5d77044f21743e56edc,696623798.1058382
63cde4fad1be942dc5ee695d,463792058.0587848
8e712705b7de6e791c8735de,528084517.583073
85de01c0aa787152c77c6180,397456838.5130333
c9b0673becdedeede0209697,414798495.27807444
15ee6357e02b76367682d6bd,830156411.9811355
5f284a75ec8e9c72abc76695,736449497.7159095
37e696957da15625da71146e,678164333.6415274
96a478c359fea0014fde607d,757153920.4476115
1a61721fb7306d55dd77b6ba,757153920.4476115
a7577260fa10bf408f1997d8,708834971.8130527
b3f8ffa761119a5441a44ad4,953443703.7071218
a5c85b445f503a56e0e2a924,1051800690.7958395
5aac1a1d5da10b76ba4b690c,913979470.6348755
1420543e2eb5f38e4d38ba81,1257577829.1038666
a530e3ff6d7bc1abe333245d,656326044.4992406
aa9988248c7dedb016d8b6ae,773911401.0160851
fe8ab5495cae81b5478026a4,643070870.2869624
b463c62e3c21e339e7acb52f,706491020.334985
00a5133e7373eae3f0be8f2e,598163438.0186
38b424cb0e54f0f7f2745781,706491020.334985
c43530f324a3ac90f53a8849,775186892.7105473
abf93b2418fcdac14293c9a7,599216557.274948
9b1be976725ddd512cd222a8,773824506.7182506
9b7f17ddae12105d47fad7eb,674420549.8778957
3caab5e89722761d5ab2498a,598163438.0186
a2f40c8227b466249d6cb659,481693238.7110776
e6a5007ffb7c1321d4fc21a8,637855811.9751018
0d50b435188b7830a6949026,712658050.2083067
d4bee60a74c2e2235f507ec0,697771911.2716117
b474103c4b637ca25b5d89e8,715801897.7605841
ce6ddb82d2ece3b8d58fcc63,363696409.90523165
28403f16831effcb75471738,377023630.5270511
03f518e2e5861002772345fd,377023630.5270511
011a6d0f12ba108ef15076b4,377023630.5270511
93ac0b004ca60ea56cc2bb9f,656252352.6131791
1b70fbd3e46da8c47c3eed61,495747509.55873734
cb40d6ea6a1eab77a60c1ba3,694707252.5690286
87c73db5d50e8ec3a22e6ccc,693564181.9894474
9aea45bade274e4ed91ec301,599216557.274948
43c22bfa9a14df7b0126c12e,445302725.79644716
6d848e54ee68e6d8f23b3b1a,445302725.79644716
e5cd7a2aed48057b0dc8d970,466530423.0297918
bc4b94c892fea57ebae3eeb6,479514727.6702454
e7bb12e99318573a6e6ce1cf,706491020.334985
4b52ebb0f0a8878def4170c9,773824506.7182506
3e85b447edd3b23b5a0d3b79,697761931.5653324
15005fe7eb24aa25b9e3cee7,677926061.4228096
22e00f8057294350ddf4d42a,690414709.4474277
ddf2583bd65f02abf7ce3280,835718160.8062884
704e5657734af93d19a0e5fa,619914729.0201393
cc1a11362066152d21d4cc60,452151414.334603
12062de068acd322b610fcf1,656399744.6603159
e9804af0513b2f68daf182b3,445352729.72801965
f13d8f4b2e3114d71e5ed941,775186892.7105473
11bccaef3431fc17953eb81c,773911401.0160851
ef2b9c11f884cc5f31c26f60,835812005.2660338
25986c851e13c92ede6c6d6b,915470677.0052243
37e28ed39a51956880d211af,913964362.5202608
9530217ea0b5d2395adfcc9d,945367760.5369787
d8607e3261ef1546eb0c30f0,773998305.071451
22a025ad47ba22ea9fd1a094,568191194.1546428
1c88ddc21f3e8e4ca633621d,506502795.2261222
e45ba581daff88707ad842a9,655172555.6853665
d7e97cc158c6c54b02fe635c,656326044.4992406
04bb7cdebb8b66e783058248,530014058.6465353
d60cf6dcb7b4b40077536604,792929470.9464034
85ceb648cee9f6f3d221254c,707655395.7757219
f58528d3ddce3bc6c71bfce9,824073259.5479076
c269765ece36cd93058efab9,697771911.2716117
919bdfeb16dd0bf67787d53e,377363066.3387171
ed8eacb8746dbcc3c2ef3aa9,583158856.4498631
15ec532ec6fb73074b9b12c9,590905482.2287785
58a724e8a0e05140b07539b6,742594675.1567172
2b7a5be93795a65d29970b02,742552350.3977602
6dde9af12b6597425160a47a,1164037558.9327948
f0ec99c13c61e89310ca9b8a,694707252.5690286
65c83da72c07b8e74bf581f5,790101304.2896998
3ecdb7a7d178b48361340ea9,788801272.4381788
af22669e3ed10470623fd8eb,696623798.1058382
748c981380925e1247b9e64e,792281021.1744251
78ab6cb1f62a7e781d4c4d0a,445252727.4792886
e80ba06329760362c7685ca5,561880716.1645665
3cecc0cc43ef46670a8e69bd,516206912.0523952
527e4b1b06637b5362c8f17d,655246126.3188766
cf9eb2cd0f20b13cc8816bbc,460350281.7902848
4b3a6baf8196a59bac8c08c0,564437794.6527416
9bb9864a6bcff25b17477717,599216557.274948
4f7d630c921cff500705ee5a,527857318.25804096
7b7c0544ece4aa383fd5b4ce,679080380.379728
191094739043620c72aad2a0,738248737.5622007
a20435d582c7646db231e7d2,708547293.2038198
1555743ec7e2f38904852860,665357323.312615
1c7452cfc46652a60b7a4f05,750213632.5721897
97439d5a82f970e7f50d51b9,761830420.5211099
7667cd57d0bec809417c9b11,628766014.7267265
103f6eaf04b44c4013acf097,881673513.920324
e6ef433629e193042bd30f4d,834436761.075409
2ee7f959d069c9ca223115cc,834436761.075409
b46625b69fba1afc154471e0,737694285.2308673
5cc0700421954934cd8dc445,584749081.4747151
066f1b68f7c053a196662fe0,598364967.5448784
645e1c7b799a489887086a1d,775186892.7105473
f426c41d6d8bc99f359f480c,349102083.25191766
d1be4eae680cb16d0c842606,913964362.5202608
57a5f4f83a474ae156f207ee,706570353.6212863
53eab0ecc3ff098d55666699,915470677.0052243
54022fa49ecd9cf290aefc89,773911401.0160851
545db4962e6294cc5ed07727,773824506.7182506
8e17bc9f09099ba3138c232a,775186892.7105473
3b4b303bbeece313f92cb85e,706570353.6212863
d0119d7bb15452c473ed28ba,593353282.4886553
1a36f98c62f5126c8064314c,706570353.6212863
96a77e8e42d676b0da3fa572,707655395.7757219
d7d6f668e3e40d957163276f,655246126.3188766
5b908b8abd8dd0862440c172,706570353.6212863
81716dd4aedf72a6a14392e4,464635706.48495126
47d252717c4bcae3e1ff19e4,913693349.5018109
4f0b2f7e4d787a108a4d2537,788801272.4381788
90a43053efa1d292af692a87,495747509.55873734
c3df4b9fdaa4dcb13723b5f1,697771911.2716117
4b905620f76873355d317dc1,696623798.1058382
ea16314310144a10c81da9c7,360508670.069777
0e5db1a36a521a5d2912b238,694707252.5690286
c53c58dd7b26902f67c3becd,785336806.9801457
6c17875f20f58b1fb211c18f,792281021.1744251
200020552855ed39d1af999a,693564181.9894474
b44b862cbd855d46954eca5c,635695592.2153419
ce47299ee877638c4729f60a,635695592.2153419
3a28bf9841e6a9d3f1bc293a,696623798.1058382
3a488b9e24d9b8fc7c222e20,358925293.015988
5469c33200ffa87952b356d0,360508670.069777
b57174dd86ed451448dc501b,690518003.9020257
ebe09efa32acf6d680341840,790101304.2896998
33f7d5aa494288cc90d60456,792281021.1744251
de9a32ec454c2696cf75eb0d,786631129.0089251
df4400c44a166c851ff46eab,693564181.9894474
5dcc8f6a6854a864dcd27a87,655246126.3188766
bc08ce9f24533cd644ef08b8,502373319.9676719
2935cc0e053bf558a8b73054,655246126.3188766
f08001f2590d7b734467c58b,445352729.72801965
5a9892659590355b91442979,614035586.9349321
ea34dfefac91681864c2bfe1,639101432.5176673
ee3b5d47d05a80c07751f7a1,773911401.0160851
448ad01af4c5cfba3feeab26,773911401.0160851
bcf43ae0b4b15ae168abca97,773911401.0160851
8ccd326e4f515bf7e817a14a,657495214.1507331
94535dcf38c9c6461a73db02,450728220.73455375
9b3557302e940d4da341cdab,538366314.8705214
edf8c961862a4ff8e1e44f1a,731350944.5006351
6e508fb72f189a4fa91bde58,612798522.3088288
7d0a4771afb00cf9a38ccb81,1257577829.1038666
8c32b6b31d1a1d5736c4df61,914066993.4021144
da782fc0c8a79e3e250f0f67,360508670.069777
c86e643b7f7b57b4482020ef,540876356.7829459
4632f1e8fc93e268ddeba07b,693564181.9894474
2cd372392fda500e6526695b,693564181.9894474
a05ef49ad8b2d6c466ac7412,806354201.7957667
9f50ed2b7e40847ffd877f4b,792281021.1744251
c00083aa30ba7d953361674f,361503234.72999793
50857161c59b991304f5c55c,696623798.1058382
3676f63aa0ab23ca7cd344b7,481539719.78443795
3710ec95af4702c45f165279,677926061.4228096
16db516a238934a730ced1e8,707655395.7757219
d450dd622183c7cc43a20d70,599149277.6071136
ba84fbef80c8a82895ec599d,985553514.755037
ee85a12b8f764bc15164dc7a,617192024.023762
0038a3b703f4ec779bbcfe6b,536190096.5327025
aa643acab634ee591a2a43ce,684844186.4351391
d6438814f4ff3853bf6cdb13,738959568.9581418
a37522af63bbed2f4d10900e,1257577829.1038666
0b715ccd3b3e01444b855857,493570154.9032822
fbdb9caee4455e99259cf921,690518003.9020257
b3c02569b8fb721934f51c52,430220279.9431271
c07e2ef0bed4be12e41c783e,598163438.0186
1b4e4016cb766bfadea42f73,348488538.5795613
ecf4e968c925cf8322f8a0bd,445252727.4792886
6cc0e6bfd30ed93fca2bb217,445252727.4792886
3e7f514983daa92e49a7c87a,424729987.52547103
97a22807207cdfb341d5c50c,363842770.1260683
3f9e95762d2f2056e9716039,532356152.0992295
255c5b92d71a00c3a73b9aa8,414028390.6793868
58d24ab99d74ae4c449c90ba,707655395.7757219
51d1df6e1f28c40dc9074b74,1185778543.4877827
16261339c3a99635717fcda8,792281021.1744251
1475cdbbac4aa486266e439f,709435906.6027845
2a9974fe07b1e4427e386e06,534105427.31746113
cf76689ebaa20c70d9db4d51,775186892.7105473
f9379319f992cbadc43b9189,706570353.6212863
62313cfe4272d263173e1ea9,651537910.368019
b2c62bb0cf8d210dc4635653,915470677.0052243
5d2fd288d33283826210cb90,945367760.5369787
3454ab4ad567d2d22d990fec,696623798.1058382
58be66aeab226c35330d57d5,636257368.2026639
315ea6fbd6b3261cae7fb900,697771911.2716117
6930d8e260fafaa5c317dc82,493742024.23641086
0fa99fd0e8cebb71a3bb0871,450728993.0437322
fba946e4ceea37176170835b,493742024.23641086
b53d4d8d0bd4a0ae84fbc22e,506502795.2261222
8bb1a2ecc997779d1addf12c,377645007.22304225
6dd97377cbc262b07ea2eb99,445252727.4792886
5c50853824c890a5a7f0cd70,655172555.6853665
4c3865a97f5877090e7a9649,656326044.4992406
a3cb2a035f98276076f2d848,404865842.7735225
40d04ff9c405cccfc82ed5a5,445302725.79644716
22caf82aae904c79057fcb3b,599141498.6156986
eaf87358d89af17c3e004c21,656399744.6603159
9ab5ef2c5650c4bd05248990,348488538.5795613
d96e3063ce77ab1235e2ba26,445302725.79644716
665d62a8019b27bf5ce6e6b4,466530423.0297918
56234f11aae98489ae00a8d3,656326044.4992406
76a5158e1a5c1f9fae8ee882,532356152.0992295
d974970034de145d469d09c5,445352729.72801965
7b5db1e4f4f47b4bf7c827ee,599149277.6071136
73ff6ce99ba5dd8cfab0faed,598230606.98454
e1cecc8f17883ba6e2723826,598230606.98454
857870b1412b84f0f19ed751,598163438.0186
d89dff35fa1944191aa9ed98,674420549.8778957
86b89233e0176e034ae3cb7b,707734859.8120646
dd3d529f3745159d9e7746b2,773824506.7182506
af10ec1529a63d0bc10b056d,706570353.6212863
a2645174e4e15c49331f576a,773911401.0160851
311dcf366691c44243b7b89c,706570353.6212863
4cbc74a93e33f7b4812e1a7c,412278282.1844
6e0140e1d667cecd155c6e23,566291402.115038
dba6308e2358f30b7ec33f59,706570353.6212863
761ba98d35074faee3594dbc,707734859.8120646
b961220d34be930fada80887,707655395.7757219
c9c3973bb37b5c688a7c0157,706570353.6212863
79a0bffec81b17d606a606f5,773911401.0160851
135f6f92c4ec95847e8840eb,478133480.66833615
05858b1e4445f56f22e1f4bb,773911401.0160851
623b7d96c0fa09e50148aa7b,775186892.7105473
e61e5d3288f02b904d3b1e38,773911401.0160851
0d173e7afc8f8babbef6ae97,775186892.7105473
7635a792e5002ab99ceef583,412324577.73530567
4da93e7126354a474d435a4a,773911401.0160851
a4c71322f79dbbbedab3191a,674420549.8778957
57ef53ecf8b709ddc05aceec,706491020.334985
65c3e09ee6f1ef0500ca4316,915470677.0052243
74d0b6e87c2045f95fd493c4,813322731.2451522
4a3d0390e005fa5b4c9403f4,913964362.5202608
a3aac701ae444b6d91b7bb0f,708765322.3797731
4afa3a1b63c076123e7a5279,915367888.5186328
c97adfa6f5ad3e3db6b80edd,913964362.5202608
58cdc29143b85386c76bedbd,915470677.0052243
1f81176d8a0c61a7177c6c2b,913964362.5202608
1c2e69465c75fb3af2d57351,915470677.0052243
7a10ffd970cc822108ce7cf0,915470677.0052243
3bfccc757ef82ff2774f2db9,1081141294.231536
3c753ecb3a4f8ce43077a6c1,1081141294.231536
100e9e2623cb0fc52fb08813,985442857.4103748
90a269d52e47c1705f9b6cf0,1079362385.4879804
34f4df9fce2ec05633d0cbd1,667754209.4922769
1e4fd826fc8693b17f6efc3b,930836485.2234249
efd9d848677015f13688453b,541239333.3743873
07cd866c871333283ecb2d23,735224711.6120412
76a307d6b36b8a51115e91b2,693564181.9894474
080969c751cb94822aeeb755,449804654.03609747
1e37fb708b70b6b5e8fb5cd2,575967982.510467
4e47d2c8ccf9929ad9c84544,599149277.6071136
3c877a0fbe08cda958ff8f46,696623798.1058382
ae59a0d6441697841d86cfcb,570519025.1472849
2fdb80ee4f9a35663e92b3b2,601478688.4386017
3a513410a390c75fc14b0b3b,477393743.70505065
0616401503f2ebc05af7ce4f,698859061.6806239
98b973c8597d5805f87dd074,617192024.023762
7063abb555d919d5300af3aa,700850089.5292715
88c4b21ecffe12cb6c408a6c,706491020.334985
75a4421cced1111492d00298,555690351.2413597
0482cd89d767b3b7de976c3a,691656054.0427748
bda9e5d8048acbbe5a9d49ea,690518003.9020257
2152ed6b2b2eaf16ec272cb6,478273922.24774486
9bf2e0c1bc82010e92da2540,740764941.2279164
110af3c21ecdf156898c7c0d,830156411.9811355
2790ead3eba9370f00024472,684844186.4351391
9b06c7cebd33cd26cd6cc089,1257577829.1038666
fbb89795386c14f5088fccdc,757952081.4506114
e8a3d9d6134ae8d631791e52,1032811747.9367656
5c535b7d92e34c0fe4b66891,614614127.9520736
d88544e4e85add30aa795ce6,494383613.1782049
01b78983d268b52137e5ac1b,614481277.3212439
25414034e50ca33fcdcda4cf,496564556.3552599
2212e0125cb7f75390020951,619914729.0201393
a4d5ea1b907e98be72b5c49b,536190096.5327025
2df90c0a3e2b9138fe276a75,711393085.2782972
c520b7e8de3796450ce49a30,408718414.4190145
35114fa32397272437e67a54,528084517.583073
bb5726ac16b4ade709151159,567716190.0902008
b4dc6733589bb35444b74c55,680624174.2674154
3b0b0bb06d95c5ea1aed2d95,449257245.61342764
fb7bd85c05cd74d945d22de0,479568573.3357701
6396667677a878ff61e1b536,468291644.40446085
47b5804ba1a998c3e7544092,629603857.441305
ad4d91ed26c1fd5702b94064,728826982.0037485
2b802261b8bd839aa0b04b16,757952081.4506114
0bf9fe130da23aea7142bb7a,678737544.754104
90511f2411d4a37a7224b995,773824506.7182506
1355fdce5b97bb36da15734e,913964362.5202608
775a6affce535c5a19ea5f30,706570353.6212863
e36d70d72c2758d7fef242df,656326044.4992406
2fde05df6a3aa9f57385e6a7,599149277.6071136
5e0100ae728e347eedce5b14,913964362.5202608
a636ffa140f80412f003734d,706570353.6212863
74746d24b9bd86e23338bcd9,706570353.6212863
99c539fecb3bc233288ff905,773824506.7182506
44760087930212643641eeb4,1081141294.231536
2c5d940b5ef2276f1fac1ca5,775186892.7105473
b26f22f1fd5a991ecd1e07f8,655319705.2137846
1ffafa78622c45ea4127ce82,773824506.7182506
32a555016892e7a74d231545,707655395.7757219
8d06037db08d0754bb67da4f,598364967.5448784
80255211d99c72e343b32798,1081262697.7446108
070062cd1c769f3be9255af1,1081141294.231536
0451f65828e628c2220df77f,706570353.6212863
d96f6225db81dbf3d1a0e9bd,506502795.2261222
b1527eec2e6709dc51e03f9e,775186892.7105473
5464fe43eded098294d634ba,773824506.7182506
ea37ad89fbe4159940586718,493686587.1845084
4057a676e7012fd37af9c3b1,503564159.7942497
51273a81121232e7f30cfd1e,490674212.07497007
3cfd9ba5c6993718c0c532ff,594693004.5094849
8567e677b30c410df80004c9,772408901.7522848
7a34bcd9f86f5036b526c3f4,597316456.4525812
3dda25226646e1e91f4c948d,597316456.4525812
a2529027db6b525e365e7be0,589901008.7949249
c6115d5e908e04e67915a581,705411438.0894071
8d0ae601094562744c8dba4f,487127548.0547081
55209683056fe2f9faef7fc8,598138261.3653555
e840095310907e82a159d683,597316456.4525812
278fcdbf16e3064ba42c6785,708523317.654
74af10afa02e7724eeeef108,708268601.5114136
b763f71e8a5bdeecf0f3f0e5,493570154.9032822
5472d536d1b6b731537bb67e,785336806.9801457
995ba6d1fd63d5160fb18e71,718422388.4362137
f424ca724e7df1c37ed78aa9,696623798.1058382
c2aa451b62293042b7244fff,788801272.4381788
d4ca9506161d3f4bb3ca57fa,493570154.9032822
799862427c1f335eadedf4e8,461495059.3473413
1f3b3bd08063993c23586c93,445302725.79644716
817422f4c278ff27a22b05d7,598230606.98454
db9798a3f9ac287754f3ae01,706649695.816078
7ead45d1f505649429904307,656064644.2068864
ac7ab254166442188c6c5c25,564723600.8483487
67250a8950aebdbc67f7fbfa,913861743.1617364
641f4319c315cbb74872b8ac,450728993.0437322
710b0541a025b1b6a5a80c41,403090953.21219796
a10f459124248ef30f290cad,694707252.5690286
1aac53220223d0d823e70d0f,691656054.0427748
9d0ae0c4dc11d8c6d94e545e,693564181.9894474
be685d2954b8c7337ec94942,655246126.3188766
e43151473292e4e98f121f63,426438309.5754609
e04fab3d74d14be3b8dd2c8c,613528051.6272928
c77509a6eb6665bb8eb07d95,696623798.1058382
9753470e033b35407a2eca2d,498755120.63021463
825f57ad0527d4abf41cffc9,643179885.062884
0d8074979d302868c2534262,834534251.3112876
15a3e60c7a5d55243057d7df,702060742.5011253
6de06f867a28393a9e95c7d4,416211424.0005493
4d418d0079828e244dbaff5a,693564181.9894474
2de93fc191360ae22b0402dd,495747509.55873734
86792949f2e6a347208cbffd,598300900.1216763
6d8a0768adedcc1070d28390,772408901.7522848
459963742bbaadbd9db97723,832557001.5566832
235b10cad7233d579a966948,467319923.4505662
4443407341bec8b7b0af40b4,757952081.4506114
d7047492f4c53a0cdbde60e5,861104307.7875965
5541cbe23acd6ffd4aa0d939,676846853.4325024
1d0853f825cc0aec6f5544cb,708523317.654
f016623361c6ccc5163e79d5,868615826.1322775
d280fed64d1c23ac9d79ce20,775816336.5443585
7e86f11cd63ff6c8a3c12fe2,785661337.312812
9d7f161ee660b1bcb54574b1,1116448784.0235708
a0722c5527c6d3cd5cac9477,1083802457.330776
278a2cd98528eb1341a6b685,495747509.55873734
b755f88ff3907bbe2a417e07,699696911.5322442
2bb55b0a92d62454867bb158,784211899.8288147
960c9349b6ef9b747ebe5829,1037367934.0133315
2c8352c418097f82a50d9bbf,931147136.7400428
47d7ba800f164f397fcafa9d,584854752.7848142
610061a0e67aea7d222f08cf,963173441.3729385
a33de2559b5f56d1b3cfce08,581023897.7086167
f020fef57e9069e4dea2d71f,1046964599.1583995
883f095dd3f7e972d7dd3c2b,693564181.9894474
b0b784bfe2d3c1b3b1320613,552343605.3320789
1ea66dd4a72d93f5967be730,785336806.9801457
90b04117887941ac898a67a8,377023630.5270511
022357a3d48ea87d58ffb46e,506502795.2261222
292224fa68b0303a90063801,656252352.6131791
6cf924390dd3ed4454403887,445252727.4792886
555a293dbc104e00f182fe34,590839135.7233529
e13ef02a57d35f71a4fe6121,599149277.6071136
c82929467d22589ec62c0475,655172555.6853665
18a74c9a49ad381aee5e02de,532356152.0992295
da40d46cb91d9e59fe12e6ba,656252352.6131791
6320f26d77fcd56675db6b97,656399744.6603159
3307731f3bc518012912f1b3,655319705.2137846
ba94572d1e050bb92522f112,349102083.25191766
6e0d6bcb01e99fc4959d3f7f,445986553.28297985
dc3cbbb2fa00043d02958219,655246126.3188766
495aa774f4db66db6df30e93,533166740.4544246
6ba298925ffad32daae55385,401701659.5641325
8df5099d856c7f9de43990ab,599283844.4977504
93c5c5d9d1e99824178be9ff,655319705.2137846
ffbce3ccf241890ec95104e4,598163438.0186
2c03c38782e365e68b32d6bf,508133304.75804085
7734421098413f27fae86fef,599283844.4977504
2b50969f1faab80655bb9104,598230606.98454
025a98586386211b1519f9be,445252727.4792886
6013b8c04f7b9fbc74ef1ec4,502316913.7991742
11075db1cf9899c8640e1b90,655172555.6853665
61ba09084039a467410aeadb,656326044.4992406
eb2880c2433c4b2500fd40ef,466530423.0297918
f7f8607535159c82dbfc6c14,349062886.28394955
35c7a7c0ace36f4b95423c4c,349102083.25191766
c71123c31d02408cdaa74daa,590905482.2287785
dd8aa138623604829d56ac2c,445986553.28297985
cb94eee5ecfc75d0fd5ba6e5,655172555.6853665
ae6bfb4eb4770f2266e3b961,508133304.75804085
573ea1962372999346590c0f,800540365.945645
9f7204b4bb3ffb8591e3164d,773998305.071451
a4410bebf9843297fe32d63c,629652695.9244314
2afd9dd680803e3c12d5242b,706570353.6212863
a7618c242fd918ed894304b5,707655395.7757219
5ebc5cc2c1488f681cd119f2,707734859.8120646
cd53a991573ecb5c53f47986,775099855.201287
75ecbc0c0e8e76bb8d734f60,706570353.6212863
47c2934aaa5934c68dcb9e51,706570353.6212863
386ad1ba1cada9649f3415c0,628766014.7267265
9ca0839c9c294674e86eb691,773911401.0160851
bdbaafd11259af6300321a89,628695417.2639161
2e41ceccc918145dbe7de0be,628695417.2639161
11df35a3fbcef34e47747e38,673801880.6792561
b0bcb64f2f2ba69cc712e0ae,452811060.9877722
bce0a4447db2d54d36661011,526814005.3951209
ef7ba10407cd74590ea3fff3,707814332.77158
a743dc3903eaf3576046ef3d,706570353.6212863
b3d072ebd7908688d908d350,775099855.201287
a48abdedbe3d132276dbe403,773824506.7182506
c6b7e739125907c86a8997d3,706570353.6212863
813d9415d9abca46ad4d92f0,773911401.0160851
c631f8920a2fd1160f6b15cc,706570353.6212863
16194707d4e85fe332411bd4,707734859.8120646
31e241881acaceb02ef915d2,688691769.8634132
a3f1214ea44063ad10956fca,706570353.6212863
ab086fddcb949e3dc0ed9b5d,697840284.6448389
ec4df02b32d90c019125d108,706570353.6212863
09eb808ca3859318d6328db8,673801880.6792561
f520fd12dd3ed32ba78d357b,707734859.8120646
0a2f7379cd1bed7d2d2d5a01,775186892.7105473
30652905d3eacda34ff61a9e,773824506.7182506
0509650d34981639b9c64a22,674420549.8778957
77cd6b199ee485314bc74626,526754855.0414395
10c836c2e566dfe9edcf3d8e,915470677.0052243
e109ccb29c02c9b35b789c90,824126831.6489387
2d60a221b478264cab9816f7,834530461.644219
d34c48ffe935cec3358b2247,796468881.4900962
9cbed1ed72b444c22d8c1614,743599492.2470145
735c3aff4c151dbc32f9a76b,913964362.5202608
a4b6ceedaf89cff74a292ab5,824126831.6489387
052957f95b6e7b41bc625009,834436761.075409
33a61cda27fadacce0d1aa7b,796468881.4900962
6c3bc8c58ce67b8bb9f5894f,824126831.6489387
1988513503246248b80c7f17,913964362.5202608
57c29184563b31f5f752c5c1,915470677.0052243
bc6a7d4ceee8bbff9ac5eda8,834436761.075409
f1b7ae24195b4414e6d6a001,915470677.0052243
e7b3ec90b47c9e6009ca8a75,824126831.6489387
39b62c6fca161b80bc6726c4,834436761.075409
55163359d7cd910861059389,872335039.8245623
df35908d6ae2847dfc73cf9f,870899700.671453
ac822dd448e04e9f8dd1721d,940604018.2152468
7e86148f53beefced6e0f3e4,497934469.4815479
6eff15cd6372aeaab2e665d8,359915489.48483735
0a1af9bb571b90233856289a,536190096.5327025
b3cc5930a3cb26e35a45e09a,536190096.5327025
0c12f73305bc7d72bdbd9789,635695592.2153419
ac048209de77cae737d60545,690518003.9020257
9239fafbffc066dff0811302,287532969.3261193
8e0ba427ea909cb7943929b0,580004635.679637
b3c99f30b16fa80cdb4f213c,544151364.9524022
d1dc16c82942902c668a5c9b,773824506.7182506
5cfc9e48ab90da0f4e98a7ae,752588103.6374035
9abad9f79352ed42d1a9f099,493570154.9032822
dedeafb60b4a39950e7a984d,493570154.9032822
74cca5cd08c4bbf5d0404d74,697771911.2716117
b6aa1cb0187c4a1715517fca,493570154.9032822
e22bad460ec1bc991f14bfbc,498755120.63021463
594d46a91315527995cbd807,716961194.7032164
2c0b4c8269cbe25a4e85e049,570946279.7551517
1014d3a98e886e1a7358e29f,599216557.274948
73d6bb3d6ae08921a6117f5d,598163438.0186
de3b619a7c80549db6ab16af,446954936.11302304
da34d6cd832009e428d2b467,345300323.73740613
104722434c2deed04a901aa0,345300323.73740613
cee66eef685e4764b9553a02,598230606.98454
58b40969f1b73182cb6d30db,598230606.98454
964e9c3f87176e761484543e,551081100.9565551
19487167081a9b0dd09d7975,775099855.201287
7d8e345c9b16d0fd69f848ea,835812005.2660338
7d4ba999100c8e694fd820cf,913861743.1617364
c6b157e7a6ca08d04ec4de4f,445302725.79644716
84ec2d5245cfa146dab05065,706570353.6212863
c844a386941b86a3d4c0312a,554776018.9243841
0648aae13097ac649fe714b9,775186892.7105473
34f220a8ee1f24bcc5790364,506502795.2261222
d12eda0ba04f846d73cd7acf,734739429.8949436
c12904320223ddd043f39c63,481539719.78443795
8bce0097d22b34a804b502bb,512129867.38749117
ec1171cac1eee089be6f427d,501588018.8382192
5d85d77a06d0f0324d15d162,830156411.9811355
0349908483ce628a0a5fc164,765100765.1950467
d74da3bb780515b1273d741c,757952081.4506114
64cb8fc8412c9247a5c243ce,1032811747.9367656
3a53919313bd750f2b1af906,955388163.0472635
91d265ffaa6b407e9747b15b,788198093.8618706
1db1d1b76e09197dd915a8f1,1513985802.143211
6645a3080e5d10779672d139,775099855.201287
3ff6e77706eae698f86eec29,628766014.7267265
4670d21fa84e40184f03d5de,345377877.0160953
ee8bad3fdc93f7fb79c9cbd8,773824506.7182506
b624f0438025478c9f66fec2,834530461.644219
37dba4927e327d3a4a0c1d36,598230606.98454
8d16b1bdea35630a3b09b192,598230606.98454
d54a4c353cebf18d452be515,655172555.6853665
c402811ade75f5e3dee73ac3,655246126.3188766
dd926903e87d691a0f15dba3,788801272.4381788
cb01687abe09df6838e1b224,617192024.023762
6ad3e1a47d1055b55d14e091,788801272.4381788
b8d50a94e8166e471fd8282b,788801272.4381788
a77d82703468f2f9e8f2ea0e,697771911.2716117
5d2be469f69f31090769efe3,699696911.5322442
c4e8559ee733a551649a5dcf,1366587911.6240337
5996fc90f923d6e8527097ae,694707252.5690286
32d5772adbcc785ecbc2c55f,786631129.0089251
5f088237d263c37e78264bba,533835115.4578918
799afa0396b9f268f239db51,406191176.3191956
bd23b1463f0936d2ced5fc67,693564181.9894474
8f35a5d800d98481d7a8b6a4,635210471.0010804
371b5ecf08973fc6e6849d14,694707252.5690286
fa70a55dd0e2053a1b566de1,372424896.08126414
584364cece0bc4d17f0e7fac,348488538.5795613
cd968f8973a267790a38f2f2,550526064.5568658
c46b122728ef4c9ae8be444f,586510300.1171023
4056182cbd8c12cd87ad9e84,656326044.4992406
6ac747618b6ca674e86cd275,415502844.1189818
afb02897c700dbac941ba8b1,526188787.7039377
198cd3f4e9be65b83f01ceea,605735063.3893731
c92bdf97d7f0a9a12c024406,445352729.72801965
e00e5934d1941490834c3145,773824506.7182506
5b139fdb19ff722a846d71f0,757952081.4506114
8b554961129384797391d1ae,760535440.8371544
854e27be18fb8f24fd433eb7,728826982.0037485
241d9f8599ce6cadac1d6609,645339464.6288629
b85b37ae83ef95baa03752f9,889046247.7365531
5b3ba9e56e24e08e1f81e220,632420586.1311411
58c6518f9d2d0526d31e7566,382771230.26304823
38a1e2050dcab9b4c70c5e83,533835115.4578918
da94e4a5fdebe3ae7bb1adcc,788801272.4381788
49fb2771ea6c1e8950cc9a57,788801272.4381788
f2b67c40a560af8729bc6072,693564181.9894474
13fc2dd1cd32d9cfa457a5b1,697771911.2716117
b6ebc3b8408793f5058cbb90,793586788.0372226
75ce506dcb994b10497e6816,421744033.1344972
6dbfb281abaa9a6956c080d7,264062545.9385522
af67a68803a18663e4b03eb1,448671041.20297503
a9c212f77a048ddc33ecebba,423287280.0050778
df89fa06e32e90b0b6c2014e,598230606.98454
f20a7f264a8285a75dacdc1d,774998526.2858672
61a363a73f3c93aa1775c4ff,859861524.8072605
d8c1f7303b205fbaba2890b9,690518003.9020257
70962daad7cd15ee8af564fa,696623798.1058382
087caf4bce7b0a3fe3c47dc6,785336806.9801457
5d2200b04fde91f830478aa4,690518003.9020257
821eabfeef3dcc622fbcbfc4,464581766.54640794
3d722d960b860b4bee79ae2f,588385469.6598369
4d3d887d2236c2f897f3bbd4,446210387.49189484
7fcbcd9e274b75a157cf5d5e,683717344.5341564
88ea2d2d7cb6d641df3ad76d,797783524.7088915
c06088db17767866b7f4ba7d,830156411.9811355
e4a9626b1107b9397d0067aa,688010877.3580195
82abb1fb693f34877bf1327e,977111026.7037023
3279efb86571efde18eeebef,698859061.6806239
afca7b219d52b22522abd00c,693564181.9894474
7712f963ee37e91abb7342e7,636257368.2026639
2a2f455525c8e0bd709db91a,696623798.1058382
833ded72a8cc9c0d606a7a74,696623798.1058382
f3bf0be37be6292ba0a8736b,792281021.1744251
c06c8b6425e3a7c2d7481e42,506502795.2261222
27d4f17375f76219b446c092,450728993.0437322
9b7de95ec90da0dc8cff7011,655172555.6853665
8fdc9f203c3de5d486de7ba0,348488538.5795613
ebf2d540aff82f1aadf95f9b,598230606.98454
51c48d17e774d6cd84f4c355,599216557.274948
5c1d1ee26cbde5b766cb4ca1,656399744.6603159
2d26b8360f1da9a677670fcd,534105427.31746113
ce1b06502cb0c5d9846cff9a,445352729.72801965
3186cd0a3125adf3b25587aa,707655395.7757219
f839de5370a225ff993f5b2e,697761931.5653324
2900dcf3f944a7fcb33aff36,411599919.93436944
3f54091296f773f5a1bb240b,775186892.7105473
499f6f4997474415f0bd596f,773911401.0160851
110539d2ac34e5180e3fd95b,621126635.5705574
dccbc668caff517f649cadbb,834530461.644219
823c9c7abf2d00140766a2bb,1079362385.4879804
94af5eccfe170cbe7d428184,600156402.2934077
dd21457e18f07d7a927c0104,594693004.5094849
5219cb469fff40cd9606bad9,458741348.3408093
5a83bd697db5076016c0671e,445725277.4503537
2a1edfd6cf74573521ed74a1,614353647.5234416
40aad45bb7a980c9c5e1884e,706491020.334985
a315b497dd8e80464bf0480b,706574034.2590467
7095d576a0b963eb340d8fdf,598230606.98454
9d6288cfead77d622f5f5b95,731525966.8729427
4caf356c110a50c6c94f3eab,773911401.0160851
23101b0002252f3d4b3e1d5e,838122193.8778671
8d1f7b0cfde7e496e7bfe972,656932734.5440136
28e572584fea1555e2a517ed,525947186.1870996
6666ab486afcbc162fb560c6,913964362.5202608
b0978c973ec3291e950185c1,913964362.5202608
d6cfd3ddca2a59f0b6999d77,655319705.2137846
a77f5c03a98636d90f50e11a,913964362.5202608
e6387696767d20cfa4918ca9,598297783.4930171
1dc0fe5bcea9d08874871326,445252727.4792886
ccdf0abddccb1a670f31c2f2,707814332.77158
3ba769d65f02217656e0f5b5,707655395.7757219
628b3b56449724e7d945351b,697840284.6448389
b47713520859d58efa95bb06,773911401.0160851
e6c6625db90e519f9dcf1b23,445352729.72801965
3e1a1b2a518d3ca2fe3950b4,401701659.5641325
24849579dc9ba7fef1b24396,598230606.98454
6103571d9525ded3c09668c6,508076251.8619808
a678e89692df9b14da9f19b2,445302725.79644716
47bed52dee0d311ae0016b08,525947186.1870996
36c0d26b83e575a500a6c30c,598230606.98454
34447730b60ad12f4775894d,913964362.5202608
aec1778ae3b5e60cac280b79,773824506.7182506
d95f38f5d1293c74ac52e823,913964362.5202608
5dedb7b64b6ad0b514de2bfb,706570353.6212863
60c71a98253b5550d773a529,598297783.4930171
099ee1a7c91105ef46b5e7e8,698911920.5010878
b56533bb19eefcb244e69470,915470677.0052243
62f46b8989bee43db86ff589,506502795.2261222
4d485ae48974213b1594c905,834436761.075409
c627c6287efaeb6fd9049312,598163438.0186
976945e68af6a66f6fb0850d,599216557.274948
93e443a5b3864d52765e6484,742552350.3977602
6ef9ce7a53ba3bd892e21f1b,598230606.98454
6f3041147f930cd6cd4fae05,599149277.6071136
3917b95a3d05a5e58c117f68,594693004.5094849
d61ccfd4239026feb484cc93,347740284.8941495
b443781523fa0b5be4ad7739,772408901.7522848
6f0fcd78c473e4e04fd411c8,705411438.0894071
7f134c92e20aa9c6f084edc1,531542663.6986843
75075631f0fd84fb0ff49417,630503927.1730394
eae4243c274735d616c6b9bb,1082019169.9122677
25d233d2779009affadf5e91,676846853.4325024
1990717d8c7aa8e732bb1165,799334267.6036168
71b99de83d83dd970b00f07f,1082019169.9122677
243ab5db6e47f3536d04d312,711315185.1047204
61cb98125f43429f7f93c898,757952081.4506114
6ed772640e5a311cbfd17c31,785336806.9801457
d9f0b4c92bdc9476f50638ed,528084517.583073
796eb5ae3ca5b63c9fbb240a,735093169.1236936
e6f3eee9f5048005f24f0943,728826982.0037485
291ff191bb029742387a72a3,723366997.2401707
829bde7f8716daf76f65ffab,696623798.1058382
110a2f124bad0f9381edce7d,622649445.0636604
76b719681617ff7f28d33df3,792281021.1744251
eaa6d58e226904e9993b3493,496564556.3552599
af3e3a83257eb507b96b2a1f,792281021.1744251
43969367322e86c68b51c2fa,632420586.1311411
50fe589dea73e764b7735938,295573611.4500222
13c9960a03a1c446aa5515cd,598230606.98454
e7834f52ebad3d3cd00d069b,598297783.4930171
fae37ecd6046e53ea121b1c6,599283844.4977504
8a0d2f8860a90322d6c3b61f,599216557.274948
008c7a02d158f3b17ee8e015,599149277.6071136
3ea6e8da2cb0bf83872dfd8c,656252352.6131791
9b184e58842bcb14dd42103b,599216557.274948
43eeb2567c61bfbb059fcd4e,583158856.4498631
ac7f6087e19c2d3502368fac,599149277.6071136
73494d52196ef9838b1be34a,773824506.7182506
112d996c4c0662bd13af3ea0,707655395.7757219
8c3a02c9ca043cf0f322ba84,706491020.334985
a757ba01a02acbdee50462b6,773824506.7182506
64e3401f22d18b573ff0504a,628695417.2639161
acd7394afcee30e084844c63,551019225.9082575
35255f80583ffbd504250554,707655395.7757219
370a0d0da794efd58cab251d,773824506.7182506
cdb5f8327360c750469cee74,688691769.8634132
dbffe8f46b3d9da2e57c97fc,775099855.201287
25b1ada57fd1e5c88d939c71,773824506.7182506
05f79195e285c126125d258c,773824506.7182506
62c017eac96743cfbb61e86b,600156402.2934077
3ca7f183cc0b303e5d455309,834530461.644219
a3dbd504524f980ac5325150,913861743.1617364
5703df84eef7ca9bec5bde45,834530461.644219
513aa9c91c245ee4be31507c,796468881.4900962
d41d07d1aa700278cb81ff30,633373266.2807194
207e39d9cc4402edd48864d5,693564181.9894474
7134b03f54b10f282ac34fcd,834436761.075409
6d860c215908949c4ba1c536,358334717.71798015
f35f884365b1bf6fb303d7b5,690518003.9020257
4f480aae78aa068901ee9468,691656054.0427748
39a12600317b58457f68b5b8,493570154.9032822
5f0c7a6b4f46203648a0bacc,614481277.3212439
d01f6c0b2b338289e9fe3768,494383613.1782049
613ad83abcebf6598f0079ab,693564181.9894474
effc32659ff9bf30faffb3db,693564181.9894474
73fbb3e6b22b957ba6b7557c,582431150.5441005
6c8c5e22025ca4f450a428c3,693564181.9894474
d6e333e793f75c2ab34fb127,495747509.55873734
b82e52830b51e823ac7187fe,360508670.069777
35ed4187f732a1ea68dce712,790101304.2896998
0c5067ff99e15fcf99792cbf,790101304.2896998
0ad01fb039a198262ec59b72,788801272.4381788
906014f0ee3f3f4f0576d4da,359915489.48483735
13477d8ef90576ca84258984,360508670.069777
3083a7ab1deb092f7aca6a54,693564181.9894474
a92ae34df90cbf8af7695ed0,634417135.5654653
82d22ca21e31222068e1ecba,696623798.1058382
11727589f7c66554e9114407,697771911.2716117
9982169d6f3e9ca61dacfed5,619914729.0201393
2de0ad9bf15232d6056285fe,696623798.1058382
eb6e6060b78676d13d6bda48,585000510.0657835
6f37300b1fefaaf746f53907,696623798.1058382
7698775967b96e3e7bf66e6c,697771911.2716117
863e5cf88a808b8ca96907ff,697771911.2716117
77b5c9a5f534a5b80cc16d09,697771911.2716117
ade0c9cf1f9106e342c69bd1,697771911.2716117
6fb45859693c703fd9c812c8,568191194.1546428
45badd183bb1a4c630174f3a,497934469.4815479
f66bad2cd4b09ac29f540f63,696623798.1058382
fa3017d74586eb4c3b5b7db9,633373266.2807194
f09bb33b65b5ebb8fffc3a21,793586788.0372226
600dc823c42aa64f60fc3ab9,708268601.5114136
c1d9119fa7ae7d44362f18ce,792281021.1744251
a1305fd943ae63715529209e,792281021.1744251
8d81b4681ad0055c274e7da4,709435906.6027845
cbb10e7618b1385cf922e815,793586788.0372226
b09111ea69c4be8ae120ddc3,697771911.2716117
099f07f9ec4ff6d835337f86,638499924.5750136
c70f6bd5ca138bacfdf8b5cf,792281021.1744251
a6c86ab7381f6c43fdd61a01,497934469.4815479
58c2b87098ad454b1fadb13a,696623798.1058382
6afff7782d129021eebee968,793586788.0372226
ad92f3ea52673dee0a56902a,797087647.783856
3e040e87b89a043564f0d0a2,699696911.5322442
49d020d2056717c2108b0927,712565539.8649321
a4ca465294c114b1065bfead,700850089.5292715
ca9520c7b8432b0521b2e8dc,507337567.92450166
4d20f253940a4492b4f6a9f0,554776018.9243841
09b61cf8ff3ff09ac892d073,506502795.2261222
86e81141e429bd81d7f0e73d,554838315.8304653
b9826d7a6132b16df1bf58e1,598163438.0186
a90c60e05e29b77963a11246,532296379.4767144
6e9984a3c3daf63fce5cd3d6,655319705.2137846
a9eafeeab4ba51d3644f4052,479568573.3357701
f74eed3a7dad1bd8d92854d0,707655395.7757219
5b377636fe30946fff973f3d,775099855.201287
5bf6c1862c0bc967da2cc484,765100765.1950467
cd5111edd2fe80f56db29531,707734859.8120646
c76c4695ed005277a59451f4,593353282.4886553
7dab6cd1002a8521e5825bcc,697840284.6448389
5b57258272dfd1babb29e7fb,697840284.6448389
f68b7dfd0579838324895097,773911401.0160851
812646c7de863919cae5edff,773911401.0160851
0da10eb6093728074b34fb75,773911401.0160851
c64346c8b0ba32a55292e66a,861104307.7875965
ad6317cbcbb8bc27b0774fca,868615826.1322775
9f43c80d2fa31a09592b030b,796468881.4900962
5b84f5de073000ad4d4b1a04,1032811747.9367656
d94d18cbc812d560c1e38ffb,1079362385.4879804
ab3110b5dc8ce81471f69c16,985553514.755037
138a1990291ba31024455eb3,985553514.755037
646bb3de5a1cfe4bfb7a7ea7,1163906861.5090322
d8fde541f142e6a7f0b28099,694707252.5690286
ef61986cca74fe8585b1b287,516432585.4646282
e1d8eacecd35515eb19f9135,1018850214.7385515
8346d64ed6211083fd420ede,495747509.55873734
4340fcb9c80733260565c24b,696623798.1058382
ff5a27ffe7de039e65170f9e,696623798.1058382
ce407c1e25333d7c7eba1b0a,536190096.5327025
f927027bc766ae6c111fb685,455968428.1799226
3f9a3edf25152433969f98e9,598230606.98454
987476ca395533347581b2df,655319705.2137846
17d0e3208fdf10c77e95bdf4,526754855.0414395
b485036419de03f5bad01f35,714137563.865769
d3f7847147c88352bd3b9707,707734859.8120646
aabaec5accad3f545f864a3d,525947186.1870996
400a103762ad652e81c8d3c6,586025296.1312559
acf15357c1a919b6ee78f676,945367760.5369787
8d983b9ca65f19ff3d69985f,916676701.7264408
b9a80a4d84eb918792324dcd,690518003.9020257
223b3c04803ae7b855f9fd10,708268601.5114136
e5c8f2d536c3f931eff2d70c,693564181.9894474
f976ec33e004b2d4d32c2eb2,691656054.0427748
cb00e44cea76a92e9c44e793,690518003.9020257
0e6dcbf136294f2a99410052,785336806.9801457
102de0a5ee4f19454b922b96,696623798.1058382
cb1c8ab11838d9f0a1197e25,793586788.0372226
2e2f1072d8db7372b2c2419d,690518003.9020257
8c4cc779f5034e9c10b2e698,430220279.9431271
85734fd69714897264ce2214,446036634.0029021
5694c1f689779fb5ca95686f,600089017.1003485
f3bb60434cb36fcdfe218478,399726549.9355033
cf8bbd3528d3e7e2b8f50c29,724431983.3168256
7db1c8214f229d865da455cc,566354992.1064757
f3478cf008a7ad268a434ba3,635210471.0010804
5440ee15bccc4eaf827fefa8,696623798.1058382
78e85ca7c532a77700bfae6d,697771911.2716117
eb5e382e1372c4e94f467673,697771911.2716117
5a11cc89d3b01eb87535ff1b,792281021.1744251
d0f5cebc2059ca89aae30c76,599149277.6071136
883371e374936fdd74d09fe8,655172555.6853665
9ab4e5f8cf2b807603329cdd,655172555.6853665
c37c7859956931d77cd5c9a8,655172555.6853665
730804efcdd755786bf734ff,531204764.97050893
9d021f3fcbe5f82fa1c1fd94,534888043.2941591
975ea2f56001edae07f28fca,408023663.9484713
8fea95d0a70b1ea918803f58,656326044.4992406
4718488d664194a3c0c5b446,598230606.98454
1b87ffa033dcbf4e2805dbb8,598230606.98454
1a77ac51e03c77ad280be447,599216557.274948
228d165257ef052ad50433c7,508133304.75804085
513a83ac5bfe27c5b813ce4d,466530423.0297918
73bde441e18a9548c034372d,554297510.985847
26301269301b6f96862af599,598297783.4930171
7b30dbf2f6d835ea0c14b392,532415931.4337316
254de3f3fc52b8cb62141baa,599283844.4977504
f566603aacc78da47a283804,655319705.2137846
990c8d65ca11a97a1d34c5e5,583158856.4498631
a9878134c12696d8199a1ff3,547449107.7700287
58185ef7646efa724e904f5b,579770101.3968787
37d5b8f329ed1ec29d4bc035,575706450.0671164
e6f948282e81570fd03e4df2,707655395.7757219
8b801b4cc1d254d0277fba5f,707655395.7757219
33a334a16c4547b9d7842c3d,628695417.2639161
1ad9e105d9da875001111075,751426020.0517552
08ad96681afa49c74721daad,773824506.7182506
beb73d27906bea7a7d880791,800540365.945645
bda5b2e5a87a4905a30f3b8a,706570353.6212863
5cf70a67ec25288657d6fff4,706570353.6212863
baeb4e9d612bffb63ae3564a,773911401.0160851
1902f509aa05287ba42f546c,706570353.6212863
c0cf9517f20ae81c79ceb0ed,773911401.0160851
2ca8b22013c529b412ad764b,706570353.6212863
b38816ece917027a179663d4,540193785.8280779
c89167e42af0d42c88e8573a,712468468.8629878
09254c66d93cbbf2675b775e,707814332.77158
89f8ccb0c1e2136adf87a10e,835718160.8062884
cff851746578050bdfd46090,834436761.075409
d53ddfac67129aebbe054024,824126831.6489387
53b5ffa0cf0dd12e4eeb6a2a,913964362.5202608
62db5fd2a4eb831d281ba8ba,915470677.0052243
59b5fe8d4f5ae272dbaa5ba0,913964362.5202608
3c1b7a0a306e16e8c22d78c9,824126831.6489387
5219c3cae1c92b52551a8571,835812005.2660338
de6aef9a5e47a614b75ee576,812979617.9975592
d168181ef0dcb853171cdbb4,1088703574.0627768
6c8e27967ec63e6dec4bd6ac,872335039.8245623
8544bc14286a51e60ffee7b0,1192563004.5080004
ed48916725be6970cd2f273a,538500793.3544676
9ff3268cd15cf039ab958413,691656054.0427748
16cc5c280124618cd5d00027,614481277.3212439
ac028c1580f6e4da4ccedf0c,785336806.9801457
673f2b913006ee8b33e75b5e,788801272.4381788
191f96722301456877893b22,617192024.023762
a7d8e636db44cf5d3ceb67cd,697771911.2716117
1310e9cafc0b9fc21c212f73,697771911.2716117
1bbbe4e1eb264f5c69467e50,473416707.59804183
283c1142d027be336a7bfacd,339585661.04250294
4d09c2354c67243c968dbbcb,616055620.9660897
db3edc43e89840a65749cd94,598300900.1216763
0274166db611aabe4e946a83,555753771.6698016
8153b36347669087e363801f,533887531.7622851
e04473aa943812de1d662058,611155497.2779691
7742e8923a4b832e3d94f3c7,609871203.7597463
536b5a8aea016aaa90fe744a,706570353.6212863
d2c02052de9c97c531a4453f,695507760.1584638
48378a6148532f71abcc2f98,708523317.654
fb0dbfeedbab00cdc7eb93ee,630503927.1730394
699412bfdab1157487c81725,709691042.5457822
a63c26369cfbabfc9c2603b6,754187310.2138736
34e5602cb58501859e32dc9f,833068119.2723317
da83b03a6c9d405f55714b0c,917724052.0239024
d938d682332fa9e5c4986024,770792383.1736164
e9e39766e2c96bc783d580a9,1061311390.0772706
fce89a9ffaba32f9f7c5895d,1082019169.9122677
2d6aaefe0f50db8acde6fd1b,1173963074.2525845
1710873f951e7f695fca3568,691656054.0427748
0ce068461fb3bf34eee000bc,582013219.3141954
b5606ddf3a4e60e2a0e0d6a8,633688059.049573
2c2e56e3e5210c111c7de708,598230606.98454
94118bd8c3da3f14f9c7836f,555753771.6698016
d20a5b3eb857e1f4b548066e,705038610.3440626
ad37e23456bd4d90010f7784,536190096.5327025
c5602c608080e2546dea5463,419891706.4636619
e3bd8bd5884a55fc1a151687,587220215.3005917
aa31e5995379bc38dd40b8f3,706570353.6212863
fe8a10fb4031669a9b21c919,982417041.9545618
08eaca41f26eb387b67bf30d,1051800690.7958395
23ef4d57d130e4130205f30d,695614220.2280163
d6f1594affb8db7a865e3452,614481277.3212439
abd9cf3c36309d590e58c2a7,694707252.5690286
1c177af5bb41e26ac0135b4a,788801272.4381788
a05da8df13eb4b121d536912,598230606.98454
5a5a581ad5540fc82cd3c2ed,568084168.5577593
b50ff8bfc0b4c4b165c5ccf7,708547293.2038198
2abbf26e80643dfc1b75edcb,643179885.062884
ec903c33a379d8d2cc04ab36,775186892.7105473
c062d873af3b7cb98ccbeec9,821320546.360897
927de0269795dbe0566a0326,793586788.0372226
ee703dca75c4dfd5d035c9a1,785336806.9801457
b8a42b02c50438c2ad7598a1,445252727.4792886
f7216fd19f41ca5ea66a9169,445252727.4792886
f487761a658a4247563faa38,598297783.4930171
caf878b42daeee3c7de336e9,694707252.5690286
29d0dd2d4b120dd54c34b13c,788801272.4381788
1cfc7d60ce613536d23b093d,711393085.2782972
c6c7409bbf52c86461aa1dd7,638012663.2780834
312ef52e0250429a5ecb3b27,795776120.6101292
48299e52748ecff3b69f7a90,617192024.023762
a02f6ef1f148659297d46b33,655246126.3188766
67f664c8f9250a22c10b4f67,609871203.7597463
4977af03eebca1aa266289e2,598230606.98454
39af71aaea23b5c1e987de32,556144093.35658
d69b019e6d54faa1cb044d39,757952081.4506114
024e94e72ae88464621539eb,770792383.1736164
b980c778ecb2709696265c10,1061311390.0772706
8780134f8b40f0fec4d1b661,982417041.9545618
107f29b67164ad6861cb7059,1116448784.0235708
c8958d280d0cf2d8a0b481f3,583158856.4498631
1f8f74ce8831d5532f330925,775099855.201287
7be46b6dd9891ab771fc4be4,571010392.4520853
4f4f7d2b14079ddf8754d6ad,773824506.7182506
5921ce922675f6517f8f0007,1081141294.231536
49f0323d28ef0610248c87c0,706649695.816078
3ef167ca6c4ac77f6968d17d,707655395.7757219
8d2f9968ec8aece8d1a20137,790101304.2896998
4bad47078442f3416b2c1ff4,359915489.48483735
5e1cc2905f7a701f895123d8,708268601.5114136
a8633d3336d097920bc8a9b3,773824506.7182506
72fe83366bf13a53937b7034,775186892.7105473
ce78e1dbbf0f7aee98e244df,706570353.6212863
11be39d287e5a8bdbecb5994,706570353.6212863
40a561bf79fa7a08155e1183,621056895.852557
3dbafa8cd5225e261ec9b6ef,377023630.5270511
68cd88b657b59f5671f59e04,445252727.4792886
6a2ce95a8be0654f193592e5,445352729.72801965
4e613cde51f9760d3c051562,706570353.6212863
1b69d2c7fa8f802c4af1369b,707655395.7757219
f126c4b36c00d0ca11c21a2d,655246126.3188766
e6a7e6b41e6c6bbdc16e1e14,773824506.7182506
5a69ebde2e113923ddbcd18d,775099855.201287
72f0540aab38ebaaf9a389f6,598364967.5448784
75b5bb7b5ff8ebcc863fbdcc,775099855.201287
096912698fd9a59d94935478,706570353.6212863
f0ad965090221d2349e90d5c,775186892.7105473
1c224347a1445ae01184e0a2,1081141294.231536
0ee7273686a0a92fbf48a383,913964362.5202608
e2094d28cacad3e2a711c5ca,448113946.88482755
f50e0ea2c3831235704b8c72,690518003.9020257
1e64759f297a66524eb07b7e,694707252.5690286
7636a187e29abcbd8fad6244,445725277.4503537
9b858a70a031475e422e375f,696623798.1058382
56c2e8e14f9c6c9a9f046a08,533887531.7622851
1bd7b990be19afa5acc78bc0,514500844.46981055
8b36b7364e4a4c80a6e50bed,585061050.7280003
d348d38769937c8f350297bb,840434389.9058166
f4350916cbddd5a544c6ae46,494383613.1782049
237bce11f35d32ff029498a3,701942035.8360517
faf92fbca9baf8cce4a00063,693564181.9894474
812c9b5407424f956d308b06,792281021.1744251
9fd4adb5c63fba5a11661b23,386155823.200409
168f81689afa1f055d8bf7c8,697771911.2716117
2a9bbffb1b98c49d79bae509,697771911.2716117
b95ecad591e5c69fdad8763d,450779606.3016775
dc51caa89a74da37ae644ff8,450779606.3016775
d97895a836e6ea22ff3265d8,445252727.4792886
de754bceba2d206a9cb4f116,508076251.8619808
036177aff84b1901e0f18759,599149277.6071136
8a6cb559a488d6ce1b641585,655246126.3188766
74c4f233c7f385be73168e0f,599216557.274948
27a6f3e8f9649ccce7680f0a,656326044.4992406
711045fc099712aae3fe4d14,599216557.274948
01e033f5bd502c4ad398ece7,598230606.98454
a99261116e0158109b3e3bc3,348527671.0528797
2d8d64261ba659302da4a481,532415931.4337316
9adaadeeaf6a403e1c8754bf,707655395.7757219
2ab24b9c5349427998338d21,706491020.334985
09ce36a03c52d6721bc5276b,628695417.2639161
80b37d5ebdb325edef39258f,706570353.6212863
78a080fc98669c0cd9153904,773911401.0160851
2d14ad8ab9573c406e203ed4,628766014.7267265
145f33a8350a080231306bd1,707734859.8120646
b0aaae3a435fde30c4c02fac,834436761.075409
b3f5af523b5d6d938693ebfe,834436761.075409
25d62e6b1a1a52cd8080354f,824219374.4952025
5a06a8b33611251b62d77e72,834530461.644219
e93a9b257ecd815c860d0b82,824073259.5479076
610f192d22864016cc2df1c9,788801272.4381788
4e665d479b3bf2e25cd463a2,696623798.1058382
343be18b0f77260f32ec05d2,496564556.3552599
33dbec39ef8c0667e4c3f039,697771911.2716117
b24fb90a2aa5d9d0c7e1541b,700850089.5292715
b56a3a017449fc4ce417009e,506559671.4355972
e0dd5e6879d824a95c3c1773,598230606.98454
156a20e2bf9e48b9a360f9c4,598163438.0186
d5583fa23ed97a3b9413e910,721754898.218382
4e6f695bcd4d3c0d8497c1fd,1072608039.1572905
da7a511a5f470d99ab2bc4a6,708268601.5114136
22a6058ffe790c98a8922258,699696911.5322442
0c19c54de06d1c139df99ab0,696623798.1058382
48e687093fb26d29cda9ad6e,372424896.08126414
3ad3c519ced4b63ddbfdb0a1,386967287.86646223
0b221ebf810f632568c1e2c9,412324577.73530567
7930f32456e796e40fbf78ed,718256675.8132235
f084bfc530f4039f6631537b,738959568.9581418
f9793063f561dc76c0b49a9d,834436761.075409
4d2ec23fff8eb502a9d93353,917500553.9103777
a6f570e11883e74654898d75,904300744.2271245
cdf11b53a23fcf9b6032cc8d,734739429.8949436
6f968f62a6fa4dc255397bf7,793586788.0372226
d692ba46b098c6658799ea8f,785336806.9801457
774a4b48d34052a978b1180f,788801272.4381788
acea4c7aa1185baaf6d3b60f,619914729.0201393
07ce6f95a7719abc9a204b6d,792281021.1744251
b371665aece480b8c1602773,792281021.1744251
5edc37d9746cbef8352f0fa4,693564181.9894474
26617e1fb3b4f0e4a70e1b0e,655393292.3710089
b1a13541b37964b8b85f4669,563896686.8089787
94213637892f5fe643cbe8ca,566782070.4706858
742acc26686d04596ba60a34,599149277.6071136
acb1d16ce30aee0a39f01f09,551996120.1358799
e0d837e6d5d74fe91d39d23c,707508033.804017
29028322a6d692edc5ca713f,697834550.8275694
03d54a6e80d48c96a7f6a1fa,635453354.9538679
8616b310e335f539ab1109dc,728826982.0037485
6c21f6a3513869f93b32e9ec,951823014.6497703
10084cfff54a17bcda6f19d3,793586788.0372226
169c742419c0d4335d09fb45,619914729.0201393
0f06896d7502890175cbc4a0,696623798.1058382
7d2e3464d5f2f79ac29e6c0c,785336806.9801457
de9053a55630670ee8e59c9d,622649445.0636604
8d54b9bd24cd9da341cc942a,790101304.2896998
95570bee1792641c7c12e4ef,740140413.4642032
6d0c5546a498fafba15f2e17,359915489.48483735
ed43b0ac46067bf886457c01,696623798.1058382
8890eca19a9e1cdc9e0f0541,696623798.1058382
760a5dbccf4eb4ccc2622b77,656252352.6131791
20fe2d7fb3910ef786cff965,598230606.98454
602abdc140c40112afc1dc98,348488538.5795613
b7f906741cae6861bd5fb922,348488538.5795613
4d45fbe5a5d39188b5eccbfe,656399744.6603159
08f74ad7f06f2c409903ddf9,609371155.6617818
7be186f4eeff5c0efd58e424,656252352.6131791
3d1a767dc286fe1cb86ed9f6,656399744.6603159
2ec9f5265334241fc594976f,738959568.9581418
d737b8b7b39e99f7d877b7ed,706491020.334985
8fc50169e6ec98a3f4229ffd,775186892.7105473
942133ad6b84f9d08e1d4e7d,706570353.6212863
c965b03014d21473b27072f8,773911401.0160851
f1c8da86597a427e24dcd557,707655395.7757219
8ed5e7770d03c43ed19abf42,707734859.8120646
68ea36e3f441cb6da8d36198,1089486580.1718864
c97715bec6032974060480d6,775186892.7105473
e6eb47d050702ed49ef5c49f,775186892.7105473
5a82fa348f3b97e74cdd3a61,707814332.77158
cd05166ab9bf3128c23fb8c7,773911401.0160851
cbe4318f63d73fea6238079b,913964362.5202608
efcc8d268982e95fe2fdb311,1032811747.9367656
c45d7f326a2f279760d1a4ae,834343071.0272385
7c5ce0e65cb26773edc9ddef,915470677.0052243
357fda0abf79ec95f73e3584,506502795.2261222
a1e8f0c7cfbfecfd1549b0b5,554838315.8304653
3f208f32cc24d8ce1506ed90,598230606.98454
87ca8a2b3251a38d45730f5c,544992897.388657
728961e03bfa6e3242f06d8a,598230606.98454
b9f9dd0d368df912e6e0ce70,765728604.5320921
429b049255a7edf227a980a1,495747509.55873734
a6259664a05091ef92129c7c,495747509.55873734
674c915c52b27df2c06b8bd3,693564181.9894474
f8be64dc83c5923983fbb770,694707252.5690286
445fa7f5e8e9d7f12e8991d4,738922587.2096745
0842816a5ef4f24435c8df22,700850089.5292715
40558b62d83e4362efe1fe26,452081596.3988999
bc474096496b98177e40f590,630904860.7099463
2b55989b2253416428ece917,630904860.7099463
7158e3a6d456211d4533e246,501807301.2172525
d4fac54e137f5d27ce5f457a,682806046.9129196
faee80ca0efce20e731823bb,792982192.3858515
8ec09555f5a47f96a8683699,780495117.6849587
2d7a48a6b9fff20ded24f86d,493570154.9032822
514b09016ef85b9ddc4fafb2,696623798.1058382
a1c975ab16effc6f97935e16,619914729.0201393
e803e3806630c6579f004610,638499924.5750136
26526235b34fa5b7349df00a,377645007.22304225
ba762cf12cc038e5c43bc6f5,706491020.334985
45aa335dae223bccb31ff7cc,720704739.7091048
1dd3d7e197075859c1ff5b23,773911401.0160851
2db9b3463f85dfa87347d6e3,773911401.0160851
f72cc14d79ce15491a96ddfe,982226843.9046398
4e25bad08182b79f5ba9639b,985442857.4103748
e724a1db86d8d0c6334041b6,785336806.9801457
8fa53bd51f5d54be50b3fa29,347712191.7212538
fb7048ba61e9e6b1de829bdf,693564181.9894474
4bf70f19da0bddec9241d310,450090774.2491467
13c7f3592bd432c7cd0a42ab,707655395.7757219
cb64b363295d36b9b0fde3cc,498755120.63021463
bdc17ea3f30318b11df30508,792281021.1744251
cb7f62ac4c1afbb4256601f0,498755120.63021463
5d6c275d9d3326e738c875c8,699696911.5322442
9865836c04a9582688f50496,418047515.32961035
55a615b65a28b64d46ec63e4,606214064.0050013
dcc9e2c9c1151bd9f93f44b8,708268601.5114136
1a2c0e46bc18bf3224450064,708268601.5114136
3de8187003cbf6c4813bee45,443037448.84700567
d62663a447beaec69808f85a,451834889.0467113
1ae17f134221d5d9ee69ebd9,632947148.1680455
35e55d060b1c4239a85c0ebb,348671453.69336265
45917f1bac415feac7e41124,444991881.54964143
ed44705c17c414af8442b6ae,728732449.6988792
6f01f2c67343ebb8ec717a5b,728732449.6988792
8f2218126da9580268661c70,777094967.7835304
5b36bc6e78872d2ca6d3d1f9,527839340.16670805
c5c7631ddb5b485d0e992f7b,489276481.5427268
43c88f1874dc7f91c899df36,840434389.9058166
dc544c90e6ee38346a6002bd,617796196.1703866
02990998f3621fc5a3d0ee63,690518003.9020257
dbab5ea45ae910567c97fbb0,788801272.4381788
bbf80c409ab3a6784028eb6f,493570154.9032822
40e56beaf4a7f28f8108b132,493570154.9032822
e857db57a89e165eade00770,495747509.55873734
41fc4ca2b3f48508d840bbb1,496564556.3552599
08c1db1e620e975c4d476b2c,710677146.5284597
8a1d93bbc83f4728657317d1,617192024.023762
6be0ddd4180b5eb92908da05,349062886.28394955
ff1498465e4db86f4f652e87,445402739.2746303
6410d336f6e61c4a81403c61,656252352.6131791
169cdb07bd175b4325fd28fb,349102083.25191766
546b56fbf616a6dfd1ad9d88,775099855.201287
666af58bb684c2d8e7574e86,600156402.2934077
9fe75dbfd537f9ebc6653f18,773824506.7182506
ef961c130fa3b9015b103154,813322731.2451522
035ea0f13f2ca01c902d5388,619914729.0201393
7800f742ee14c4b4142f8b58,694707252.5690286
0c621256c4d7ca81045fcde2,694707252.5690286
50db9d168354ea3d75a03a6f,790101304.2896998
7bcd1fe7a140b6eeb4df2aae,693564181.9894474
49a4cebdb22fc2d72bd1aa78,690518003.9020257
69ae1f2868fe714ad8e2f114,369321994.7968631
ca4f4a66d83f2043a7dca261,372424896.08126414
c0ef32a7a294e5891505bf35,372424896.08126414
5ad6f4091b77715b7f74587c,535299951.8496857
331e915e2a66fb70380282d6,565695662.2196797
3a00543fb00cbc044a5b3527,278985171.66076076
81df59c6d8be19568d16ea3e,315353780.2760525
88a4da0d72977b0c56b31061,655172555.6853665
3ff9e75c6de41de517d1c4a4,339008424.2714747
147f80fbae69dd577ff19950,604599078.5967971
78beee9b7fab8600d420fd27,534654305.11943454
c3733b88ebafc0a05f5bdc99,571010392.4520853
568509a7aba60f8fe2d0cd5a,442295250.97218513
f6d3f7e963c9aa1783b3adab,692801708.3179393
ffcf6794a400aba909383b41,769646735.0274547
fa0aa00078cc178de0cc7d96,628766014.7267265
eec51f949083f39691e37e15,781712636.4284809
26f3d5bc3adcd1396747a414,945367760.5369787
cb9e058f82b10cf80990beea,696623798.1058382
22a0f3315f7600e5120db131,690518003.9020257
bf6845aac15fde9b89a7208b,693564181.9894474
6e3cbbbd3f4d0578144cf021,786631129.0089251
98a0289e513d5ba036b24252,442573306.1773208
597d3f78e2f413acabf825c0,437296115.84109336
43a91a731e86b9a0784f717d,555796394.4659147
f34ff57e272cd08056e6a243,563482442.8109901
6f68b289516faa0b7ef36a34,429061848.78478473
8bd8a7e19b6d3b8bcabb84d9,516432585.4646282
74b64bd536ebbcd7c30ef8fd,780426407.2821981
f968e756cbe6504fa0f32458,915875755.7651238
e99d9dcb9880cbfd219b4297,717161799.8975408
4c9e6812520f4aea4ce435ae,878306469.2348453
78419be95416d2991ade8be1,690518003.9020257
d417ff438d2a418b1f9e50b6,514319955.03517634
3ac77ed776aa4630c7293240,708547293.2038198
95173735a8f6e554f083c065,1116214643.1282997
83da39bc1a2eeb75e2825c22,609871203.7597463
4bf89c9e50c5417ed669c481,647467508.504295
f90fd39477c8da38e33ba0fb,790101304.2896998
b45bb2d0d137de6984d4e1ec,363097984.2165338
bb812343bd6cd66e9cf9a9ba,404820384.68480605
e299f614cd8ae525fc8fd0e6,775186892.7105473
521e9326a2003c7b56fc4365,717090756.0475414
dd59ac4f6706a1399360bd14,757952081.4506114
d6c6e7f923ce2cffba8ff9df,728826982.0037485
df07a34d0ee2f78f115c45cb,834530461.644219
db6061f876f890071f7ed957,834530461.644219
b31601cf48b268f3b4107564,697771911.2716117
3a9b2ef74c59e96a6b107357,389917026.1270564
d600310e19c926cda14ac923,861104307.7875965
183f2cf1a1c7eb9700b6e72a,1032811747.9367656
42556b1bae874a5c09777873,868615826.1322775
57c1ed738536d177d66fc52c,1257577829.1038666
26cdd114566b7cc63cd96fb8,765100765.1950467
0f679cc583a47b30ea132bbb,684844186.4351391
32ea7e13e8d9391aa9b7ab9e,339585661.04250294
0a482968c7cdf212401d72b7,706305392.7630005
85e4ee2583c51592d68ef5d9,408718414.4190145
f4ce15aaa352d707b68cf773,621418039.711376
7d383abbb6ac49c6599ffb0c,643179885.062884
6c67b1b0991a1d79251855c3,1044532922.3916532
9e52ce2cb6f6b7e2a152dd54,549090914.9257848
bdeed3a7395cdb9b175273a6,754187310.2138736
423ddbfe2f575e6bcb22e7b8,697771911.2716117
3247399a31df838ec5fe58c5,849281452.9524868
bd57e5cd29d935cb26006835,674420549.8778957
bf00f36c4dbb273d7ba4b7dd,598163438.0186
48b9efef82faf72bcbdf66b2,707655395.7757219
d2526a3e39ea01f87c99d073,775099855.201287
651d5cd65f80c4938deb7da4,691656054.0427748
0be7803a34b11d89133beaf4,786631129.0089251
a54b0b282edbd217e9509287,788801272.4381788
550c5061428d09afa0c409f3,694707252.5690286
7538c609fdd115c9dac551f4,639064178.8028637
d7e3cdd3ac239a5c318f2e9b,792281021.1744251
9bb193ea939c5308a738fcef,554776018.9243841
33425419e1a8e854418c5180,272820531.58720934
fedf2e30e390f5cf74b27e97,408270719.3087118
024c5c787d005adbe770b9bf,532296379.4767144
13f681a090b36edf38a4abd0,507223406.43323284
442c6bda79f63bae28674b1e,529388137.1743998
47e0c773f65485ab7c78d49f,534888043.2941591
9e30b310c820d0426f504d90,501807301.2172525
8cdfda9067e0934a8ebe0894,598230606.98454
0a8aaa78f68d43e3b1bf6c51,655246126.3188766
1101f533fd18cae5d32c1cbe,656326044.4992406
9f6af9ac2404a8d55f24286b,599216557.274948
75060f295e0aba8e1224f766,445302725.79644716
f0e68102ff84f49d90fe38f4,499217428.6563065
3c45bf3e3e31e7804ac91704,583738352.8080963
f908e1de4c4be0d77411a998,598297783.4930171
ca643c04044fabc6fc566d12,655319705.2137846
8aa76df8fea21a42fb6229ff,600089017.1003485
c214d2383936dafbe0652c51,707655395.7757219
993898470c6676ce46ede92d,775099855.201287
18f6240cad6e92f9151099c5,707839747.5038979
1e63fac2629793fdcb793f1e,682806046.9129196
e0137390f0186c98f4e91263,731274934.7036711
e35f95823a486c52b0f4c2b6,615489601.3490859
ede10672118071a215ae09fc,773911401.0160851
fcf46edf6d612ff1f5ed6134,706570353.6212863
df4be33c0931aa86231b7a2e,773911401.0160851
53fdb16ec08e794dba9a10ea,706570353.6212863
74c24c5e142e5267456b24a7,674420549.8778957
f1bc08407f40396c094e0499,773911401.0160851
496ce19c015093e97144d375,525947186.1870996
a183a1c009abf7251fd725a1,786815396.193916
6bdd97526b1a9cf10853df1b,691504682.3943434
f083a8f187e2227696695ee1,595831433.5742806
2621e068043a5019aeed6c8c,686878824.9871372
3b43e7acfab46651b099b1ed,917500553.9103777
6565b3281cc2d632febbb6dc,813322731.2451522
09e47ad8508e7cfee83c6d68,834436761.075409
88b02e7b20ce6db956afcdd2,913964362.5202608
bfc41facefe9428865e4c29f,915470677.0052243
569bb17b961fbdadf7106d56,913964362.5202608
2314e3ffc7242a429e00207c,824126831.6489387
4bc1e2cf5e5ffcbe1020df08,893722400.9229078
949c4a5382aff4750b4dff83,1088703574.0627768
a63b4a22614d334b4a61ea16,882444068.4346794
734fbae84cebd50aaf71c48d,985553514.755037
f92935374a7ef86314223c5b,762044781.4388179
6cc8e22f11d382206273af23,792281021.1744251
701768887155444b77c4f446,403090953.21219796
13c86cdff4dd32a9f8b9adcf,706570353.6212863
8002e2cd1b70ddcae88ebc4b,913964362.5202608
d0d77497c8a7d567f01d3afe,706491020.334985
95a7b01cd60cd10e7364a600,617192024.023762
d1e38d7cbd32567c874e194b,617192024.023762
e674ba41f9657ac8f30d4f7c,790101304.2896998
6bb760d54e5b0f54d9612a8a,598364967.5448784
9e3bbcdba89c647e4ce53182,655246126.3188766
72927abf4bcd53d6907aeeda,706570353.6212863
aebaae467e5f01db3afe69ff,445252727.4792886
3ad457c8855ab8921a7974c7,775186892.7105473
1f3d3fbcb686ada1a96e01e4,404820384.68480605
0775d831f68b88ca59eb871d,773911401.0160851
5fa3b0993cb43d3c72c30093,707655395.7757219
bef19d0084cfc9f6fa37ddd0,688614443.97354
85a856b4d0dfb1fae861f513,707655395.7757219
07fa1ad76017843232107517,1081141294.231536
4049086139009c35dfebb3ab,445302725.79644716
655120f80a39c19221623311,706491020.334985
71dca93007d6ba45fa40eaad,773824506.7182506
9f41ce015f02d67e193c41f5,450728993.0437322
9017bd24d173b2fcf564b32b,913964362.5202608
e5ef29d41082025c42f7c921,655246126.3188766
5c60d7880850970facc54bb8,913861743.1617364
f51fce25d8376d48fbe73a43,690518003.9020257
9dc7b0a394309d8b76d0bb7c,619914729.0201393
a12ac99bf63b547fd9180a79,498755120.63021463
378d846a7af35e0c3efe53a9,793586788.0372226
0872198056be7edd5eff220c,792281021.1744251
efddad1eec775ce61d3b7b64,792281021.1744251
70c19d59c6b9e194b6bc09fe,773824506.7182506
b0d3d98076883f346cee8d04,773911401.0160851
c7694e92a97bb66794e62fbc,479514727.6702454
7b4fcc72822460a428c19282,824126831.6489387
a6baf4631223d9b24de8b590,446086720.34649146
a6f616d63d134f14ced205d1,835812005.2660338
50c123baa5783185ddbe29c6,707655395.7757219
24756921525595f1684929ba,582431150.5441005
caf9c761d21329c993a0bdf3,790101304.2896998
193d70ead1ff1043845e7671,694707252.5690286
62ea31859e01c2f4d4e97baa,790101304.2896998
272b5b5c28e46c6f5ad95c22,694707252.5690286
552ab0964056c1d1d1b7398c,792281021.1744251
23799891583435710f66303a,628695417.2639161
34896afec0b639648c527483,775099855.201287
eaf53eeb911ecbae638409e5,292387611.8955357
b1fdade0fbf0470060fc2708,502316913.7991742
8a20478528e97700dcc84abb,404865842.7735225
702525f05b47353c95b0905e,565695662.2196797
b84c837c5a1fd0f1ebc5f8a6,712658050.2083067
ee2d16316e6f4f2388494c7f,497934469.4815479
ea4af07bef4ed93e81ded95c,792281021.1744251
1a71d0d3503f9eff28acef6f,712565539.8649321
1fe392004a09aeeaa6e8bce7,790101304.2896998
46d4b0cdc81137aa56f516df,793586788.0372226
4d666967b74ccdf5b04e9787,467017067.8835216
fcf79745f8cd716d3ff9d27b,466582810.661838
aa8a19a2fd3e2cfeb3b7dbd9,445302725.79644716
f055602beb49dd6040641c9a,585987379.8308805
7b1377c8d81755bb9b501064,445302725.79644716
17d0418e4a439e9de8006f5f,773824506.7182506
48f1c6e343a4724ed865533b,775186892.7105473
353207faab3dcf10feaac8ee,915084471.0072898
ff188e88378c8e2abed8119e,638012663.2780834
424b41f5e01ea2e2ccd3ca48,636257368.2026639
608cf4f46a188cf84f853c72,495747509.55873734
f9e7582dd99d36bfada56249,773911401.0160851
d52f04fb69bed41ffb10fce8,707655395.7757219
ea84b58f733c8e491db98a52,773911401.0160851
68699eb9653684fdd3fc79b0,773824506.7182506
31f52502e89beb1b2e0dc3d3,706570353.6212863
fd41747287a480d5c4dcb56d,913964362.5202608
b7afdbc1b57b52e6fb03accf,1079362385.4879804
48b270a493af4fa28dab9211,508133304.75804085
2a787b39e84958ca6b7001d0,525947186.1870996
e439c77c0d871996bf06bf88,706491020.334985
91b8b9db5372a2c3a5c30c58,599283844.4977504
038272b33c075765464761e8,656326044.4992406
fe8e45caf7605fb91d6bc5f7,706491020.334985
d354a2581dcb183c0cd70540,655172555.6853665
9421ce9f204f373a50357fce,690518003.9020257
56bd3b61805077405af098a9,785336806.9801457
0a606d19ae362a58922b172e,495747509.55873734
ededebb1a544fb3246d3e131,495747509.55873734
6b6c365359d20be719ce815a,788801272.4381788
b8b22c1afac62b05ad389dc5,477765205.43656826
3e3717eda8ec9a68c9d83027,495747509.55873734
03be8ec62dae56680beb2cf3,694707252.5690286
fe6c8cd2e792d62a4c324da5,565695662.2196797
f9c133f7a12f2b8c1b2beedc,790101304.2896998
4ec47b8100d224499ec608e8,792281021.1744251
143ca16847cc47d4a4c01ac0,533887531.7622851
22127243f7ba3a68c3fc33bf,693564181.9894474
835eff7679889fcff6795d8a,785336806.9801457
4ed3eb724d4e57a7b35ddf5c,788801272.4381788
4d743a1250f7d91e2782708e,617192024.023762
9f5cf735a842860e7ac753cf,638012663.2780834
e54a8b735724b2af56c7a36e,702060742.5011253
3b39471f854357b7e5d2853f,793586788.0372226
91bd11b5a8e0c0124be78f46,408764892.356574
6121943254877ee48716c4e1,422632154.5385169
3f4c2c98a5a6cb78d7d26327,405946490.2429427
2b6d63d6b072901effbc8e1e,738959568.9581418
7e4b240c601e37977faffeb0,738959568.9581418
ac29d71a80307cab65f29ff4,708601634.2957771
70c77552b1bb67a2a71c2ee1,945367760.5369787
54a09a85767156b072c808c8,706570353.6212863
244210fb4bcc0a04f2cdff95,913964362.5202608
9a2b53c1c7151a8b26a71edc,506502795.2261222
918c48a512fd6ff22fdce5d3,598230606.98454
effe4219e6cb56e5ab70ff6b,835812005.2660338
936e6d2192f28a2b40939a4d,973376453.9433358
ad9a1b23979f0edd2ee19f38,791371595.0081198
8a8e4996e24142eb413c0d12,813322731.2451522
31c69cf4d197f97ac594a896,775099855.201287
143f07eb2a8f0a9e26fc4c56,834530461.644219
e5fd3cdc6a19653275c7f4a8,674420549.8778957
5c7efb015b8ff7f108c99723,697840284.6448389
394718d9d069a126e13be804,706491020.334985
56f30ea777f5493139f22384,1081141294.231536
37d5a902f1036cf3d80c275b,694707252.5690286
3f418a8bcc7adfa87e0f67dd,790101304.2896998
051416c05445860d5b4095e6,495747509.55873734
887761f34ce0996bb05ac48a,792281021.1744251
e02fa06a8de8a603e417d5ad,362099032.0949339
6f5929e67fb8da068b91096c,773911401.0160851
291479f573955e063f2d8bda,773911401.0160851
e60850405ccec092b8fb5d02,628766014.7267265
464864b367e16547fe319229,706491020.334985
4c14547b7e02e75204ca9f4a,655319705.2137846
6183257f16bce94113879745,532356152.0992295
46c34a4e5987c20eb1f5ff99,555690351.2413597
3f39b25dedb96409dc9d1947,913964362.5202608
e7a85e64ee07971696f555f2,481693238.7110776
33043b254b9085fc82ee1f7f,375147814.07264936
bd2759d469829bb8926dbe09,656932734.5440136
affae17b6cc59bdaa30e29c2,836743148.5053407
e611d41aaf38a58acaa0bf23,693564181.9894474
0de426088a306321990cf60e,445352729.72801965
685982808b30597cc013e2c7,445302725.79644716
4cfd1be6a93641b110fcaf67,349062886.28394955
68fb3b3cc3e5b13440eb014b,1077327688.531605
532bf5813d7e70958f71a480,773824506.7182506
06ee1d8f3ea326a0e3a9791d,706491020.334985
1862e0c4d8e89fd2302ab376,1823016700.9878125
f3dea3d678d959aaf6b2849f,1432284925.527322
2478e48a3c6bedd57c13c72c,788801272.4381788
efa36c7738fc14a11cc352eb,705157840.6763517
2f6dfe9443645d6629eeccb9,449232753.253228
bc7e867cad6f221dc44754b2,696623798.1058382
e4f2fecf58a038d7b18f7160,797640789.530999
a7620d5599ec354541c8af13,1154319012.1714976
484cde8e47fbf62a339c8219,785336806.9801457
5fcd9836a3ea537fe86d457d,694707252.5690286
1b288024824312c8b1681bd9,495747509.55873734
44e4574527acc86977f5bc41,498755120.63021463
8b716bc4d6d833f9bff3e729,697771911.2716117
0ab85344c5fe6ccb0edb6313,792281021.1744251
03ad99f1799f2a20c8cc0a50,614614127.9520736
6db318f828d464be421eb572,500955348.44595253
c3e648317c360c76b94bf541,555690351.2413597
19cb65620d2330624252d01c,370339176.5544853
dba9fa9642ebc97ccd765db6,462071461.2633398
1d2467e5f991b935d676e906,445252727.4792886
4091a115125eb4a67f494620,655172555.6853665
d197410ebc0e3b9937464923,451544577.14179885
722699e593085cdd72102baf,446086720.34649146
c059affd0c19f6d4d76f37c2,497254285.1506221
855dcebac302ec5760f67121,629652695.9244314
f433278518a80c3301f26cfa,707734859.8120646
66a45b0aaf5f696d35f5cebb,444921377.28827655
0152ffa8757aaaf417e9f997,1552660110.7429578
55b72f6c7163a9b0b3b0b262,418047515.32961035
c8346a875be8391145a2f9aa,359915489.48483735
11c86230e62bd2c9ba44131f,792281021.1744251
c4b97a459e2c6d13710fa273,386155823.200409
8bcebf3cdc54d4ec99ba0d88,554776018.9243841
ad159116d166e45b70329bd5,656326044.4992406
6f060a8ee8d6d15f46289759,598230606.98454
ab5f089f9d2ac1bf52222ec5,598163438.0186
f4fc2da675d6a2583054fc56,445302725.79644716
89eed91bf5148b5645408222,655246126.3188766
0761d0b7c6e319a75b06d420,561486368.312056
ce84187750fa7aadd141b5fb,707734859.8120646
ad77298955813089bce818a2,773737622.1768575
3abe8f334f0f20f8006ca5d6,526814005.3951209
36445c32822146606f75dfdb,773824506.7182506
f9798cc6285c9fb3ed7cb668,707734859.8120646
59dd396f70b8458772307895,688691769.8634132
83e91710343450cb0812a6e4,773998305.071451
1e7a931100be734988955242,914066993.4021144
bedc5ab20edc896f814c3f06,622150321.0516593
f884247fa6414f384480bf38,635210471.0010804
f34a38cdec7eb598e55fa41e,788801272.4381788
106ad411e13ea21ad68e5f59,865665343.1866486
a87c585acf2a147e381005f5,495747509.55873734
ad755859e7b6afbc021fcf6d,793586788.0372226
8015080cf97316a08453a9fb,792281021.1744251
f56d8f5cfaca0691c6ffbe00,693564181.9894474
8ad016d414e2d2be053d7612,693564181.9894474
8b91a957eca1985938860c28,788801272.4381788
20bce83e2b75fc535a148dc8,583158856.4498631
5724ecee1b12e888d538c1fe,694707252.5690286
1e90d068f3c86c6f691649ff,788801272.4381788
0fd954262ee740999c31d407,418047515.32961035
a6d7b144058ebc326b9803bb,708268601.5114136
a81abab882910584371c7b66,495747509.55873734
9e41c4b41cbdc2553d80e362,788801272.4381788
b6fcc49ad3656cbd3f4c2ea6,697771911.2716117
9a296eb9b63ffbdf2a07cd0d,700850089.5292715
3fbc0746bd620a0baabbd859,620848454.5091537
3043d0b025fac4ed90b448e6,573572179.0028597
219555efc5b4291791143252,453647176.46525043
a00863c7c53b2c059ce22dfb,415708651.14293486
28b838c94d10823ceed62e0e,465456096.61227053
7e64ab35f5e336d5bd2e1b51,790101304.2896998
52f24ab479fad35c8bb5a8f6,785336806.9801457
0d1ef14606c58310cae371f2,445986553.28297985
a465a567a4f60ac534505bdd,792281021.1744251
8694b149f7c0deadf820f0e4,788801272.4381788
16d6b756f5ebcacf221918b8,788801272.4381788
7d132190218425df1857b8b8,792281021.1744251
7c7a3f51a58dfd1588d7c088,493570154.9032822
64d1c45a2968b0fbf0eeacaa,696623798.1058382
4fdc382b65441412fef509ad,793586788.0372226
04ece9352b3810031f3f9a90,788801272.4381788
8b5b351e07a26c25cf51e176,348488538.5795613
f923bfcb8cdb543c23bafd52,599216557.274948
a15a12446d2e5993a0a6c423,655246126.3188766
ab3e1642655f7e705cb047a9,599216557.274948
b62fc917b3e8ddd64bb81018,598163438.0186
835842cdc8ea0a2206c2b46e,655246126.3188766
02ce5bc5d5d286a4cc0928f6,656399744.6603159
d8e51f7b40bf1887ac007163,655319705.2137846
90f320e94aa429856e37bb35,508133304.75804085
967a7676754d6f9aa3e14473,445352729.72801965
9251f3dafa0e747b6e78f295,656399744.6603159
17b5e8357e17b516d947ebe3,706491020.334985
f943cfd29effc9c048b8e106,706570353.6212863
41719542347401b04dfbaa59,629652695.9244314
bd6ad9a9ab28aaef9b4955c8,775099855.201287
bbff88040e5b20e874cfad9a,773824506.7182506
3d6a9a4f2336a46eb62e6a47,913861743.1617364
493367258be5d63dc8db97d1,913861743.1617364
67cf2149b4c214da77694088,742552350.3977602
8d2e85825e95f6941445cace,834530461.644219
01afa737bcfa6b1ab530eb09,913964362.5202608
25813f7204a2e796170c4836,690518003.9020257
3cb1773d90dc240c4ffed5c4,793586788.0372226
6c81a0b90366db9f514362b4,793586788.0372226
44c8131b88accb3b46b79ba5,493570154.9032822
ff185be4fdbe3790c72d00cb,383337652.9670676
851f50292e30b0a464c0804d,502373319.9676719
6fc2a4f29e3b896bce631ee0,528084517.583073
cabc4fd04b60a66bdbe2cf9a,830156411.9811355
61e9c2375626a18bc9920c5d,549917677.0171751
396c8060d9767b4debf2a54c,793586788.0372226
92ba019bd942fa33ab742924,693564181.9894474
ff71037ec8e5a91aad6f0686,362099032.0949339
d162a90b37622c1dc6550690,453711661.5377365
e1490f0730f8fdc36993027c,570839685.754333
5a066d6bb65d28c2094051f6,656399744.6603159
9c7bcf000cb37f48d9f15422,655246126.3188766
528a6345df87dd0db33bf822,515928434.0826091
579ee47bc31f5408314bca28,648525124.3137417
eb61a13df1c8d8d0efc4db3a,633462885.2934976
b649d315ff3c97c4e8e9db73,338432168.7029178
d8dd26eb78ff22272358e302,788801272.4381788
6ae2221c504027acfb7368e8,564328651.2601646
3ce908c9b70f349158f7d04a,633688059.049573
7cf74cbec871e465ec2f6a61,633688059.049573
02e9b077d6cece81387fda35,792281021.1744251
865ed399cc344e0638e45128,792281021.1744251
d9ed55fb72efda67f5144330,781619065.2089148
9fdbab0b428f19e7e8dc35b0,815750530.0098367
c061b886b7136a1b00c8ea2d,909786974.3701704
fd0f6c0b5234ec1f6c7d1fd8,742725939.3430477
9df90c0644948ea5539939eb,722176769.9469799
547661e79bf0c62cb8de63d1,785336806.9801457
68963f5f3657cb64276e3beb,619914729.0201393
cab0a460167bb64c037cf25d,418047515.32961035
31977cd5d4c09eff149e74ea,696623798.1058382
23264fdd1059460e079e5810,635695592.2153419
4769743185eaeb0e4158e0e0,706320018.8893702
780c809c52509bb4855a4efc,705157840.6763517
f64d4e029592761bee698958,506502795.2261222
be364e85b988ef8627ece74e,377645007.22304225
c73c38b652e9418f06f89b67,394996445.45723057
213032fd36fa1a6342570158,598230606.98454
d519a8de5fdd1a84ca1baac3,599283844.4977504
df91a494d5d244f20dab0eb0,445252727.4792886
9be92b361ffd3ea2c69be23b,656252352.6131791
cad16b2ea432d926d961109a,466530423.0297918
56b22bd973f94a4bfaaf6b33,655172555.6853665
84114798ccd01ae3dc97cb27,436388051.62528825
fe2bf1f402addaf17a213030,656399744.6603159
e01c1b69abb6a4c1c69c77d7,656399744.6603159
24671f63cd061228ec0b5b9b,520369199.757694
f54c16df774e70d49355cf4c,349102083.25191766
5537b994e85c2688fe555d5c,599216557.274948
1e5919cbe4373aa261d672d7,348488538.5795613
cc125d0f70d6d0819d6d90ee,590839135.7233529
51f94ebbd6d2533862a1fdbf,567777704.3817981
fe409f9ea8d18c9d9ba4d02e,445986553.28297985
753b47e2a3b9fcdf9d7fd9fa,502316913.7991742
6bdb3153f267395eefbf588c,599149277.6071136
9bde9f216ecb90814670e87f,656399744.6603159
7f5280804c59f56fba3d6201,556144093.35658
ceaf16e097500022498950ff,349102083.25191766
aef06b27b0a080b5ee539b6b,445252727.4792886
abc668bf93ec7d1951c65cf6,445986553.28297985
56822f406646f93fb39d9e60,349062886.28394955
2690ba8b22a95cb837cb87b6,404820384.68480605
180172e4eee8ba756207b3a8,466530423.0297918
c11cd2e00942ffe56db5ae88,534105427.31746113
75a287d87aaf6ffe7b6db546,445252727.4792886
08f35bfbfe1bd663c40d9e54,655172555.6853665
c2bbdb2e5d0191071e6db37b,609871203.7597463
b129a508d1d98a1b6dd2f61f,655246126.3188766
335626f385c28e8370c207cb,466530423.0297918
898ed7299f0c7b8a99e4877b,656252352.6131791
a98022fc80dd6ff27de693f9,533166740.4544246
a59f1631e721d231eab4d146,775186892.7105473
98c9c866109bedd605ab7dbd,706570353.6212863
cc9743189c3671adbb1be49b,688691769.8634132
e22b8126863c9ca8fb04df9f,775099855.201287
247715511199c5b680088b56,707655395.7757219
6e51ca1a9c2bba9fa0cbe5db,775099855.201287
ba8d6800443dcf95bf9c1037,526814005.3951209
5ec6e033b9dcb454c57050c3,707734859.8120646
156ecfd8ca6004281b191db7,960780099.9914298
edc3879a1102740f2f96227a,775186892.7105473
c02ce25a3334860d3bad53e8,673801880.6792561
d041129f83f1f13fd7b35e4b,775099855.201287
6946fb4c877f35e9215ef4be,707734859.8120646
ff2897a56a0fd08996d19424,628766014.7267265
e1b64df8e809ba220c9722aa,773824506.7182506
c13263f9c8628bdef086106b,707734859.8120646
e2b8d1aba0c583984aab25bd,708547293.2038198
3786baf40b31a20f3bf3aa80,673801880.6792561
bcf12785c25f6e600eee8fc0,628695417.2639161
f85d09bb2ea40bd4b68465da,773911401.0160851
1f40dff9a973064aa4737eea,706570353.6212863
79beab95c6857412ebbbdedd,706570353.6212863
5ed8cd2cf2c6dd5b5241d6ac,773824506.7182506
ca8dacc29a57d39640e3e59c,773998305.071451
723655990d58df33d55009b5,773911401.0160851
79a675215fed2e293b27f43d,706570353.6212863
57999ba0ed9089739a1f4de1,706570353.6212863
00cea81b78d6007eb405d5b3,697840284.6448389
c00facb3e4cbb27c47a621db,1061311390.0772706
d1481d9d2bc9d1a3811f2faa,834436761.075409
26313750bd29b2c59a81b58e,824126831.6489387
2bbbe93b615c46483056bfe6,915470677.0052243
0f8fa0a074b743c92f0fc56f,913964362.5202608
b925f9ef733930be26417458,824126831.6489387
0183b38955437e8d0128a013,834530461.644219
1c9f65b631d2f2856bc97079,914066993.4021144
c11d82cd360eae99c04009b1,913964362.5202608
4a80ffd8e908a3291a32fb6d,915470677.0052243
1a0134583a5854d5aa9cdb9f,796468881.4900962
5f5346deedcb7cf5dcd1e9be,743599492.2470145
f17c8b14e56a76ea84a45fd6,834436761.075409
b8ff548543842246ad439703,1081141294.231536
53462704cfc47d32492b4847,940604018.2152468
25f925538316d3cdda8218c4,987066976.3706896
ffe653c61bf13df43fa22190,691656054.0427748
228d98c82021e2325263c7d2,599149277.6071136
f32a7d08d176bf9177dbcab1,693564181.9894474
f2c86c1edac4eec6c01ec11d,554838315.8304653
06e350e3c733e5a0afb613cb,532356152.0992295
e2544529df4efb7e90afcd21,446036634.0029021
a639ec3b943cf90cb28bc1b3,525888133.15934765
a1320186028a726935bc1cc5,722739907.6998516
97337d2f347a50e0ef518516,361503234.72999793
8f619dd7fcf5e1a17af301c4,792281021.1744251
72569ddc5828fc702b2fc773,834436761.075409
ec674ba8cd16c2264d270901,1110947694.766013
2b05f001ed1a84425a45d0ac,526754855.0414395
0a7758f69ddd8fb27a839661,598230606.98454
e3ec7a8fba3e1ea07a135dfc,598163438.0186
4163b665043ed27d7bf26c00,446086720.34649146
69f7b81b70ea61f304ccd36d,564723600.8483487
ff61104cbeb37f077c565fd1,445352729.72801965
883ee78c03efdb4bdc57796b,598163438.0186
fafaa5dcf66d22bff322c72e,690518003.9020257
eaf0f2b00b6994a9ba8c5ed0,563211090.8200147
9b1590945c0c7f7b0704d287,705411438.0894071
766d34ea891f3af53f1391ba,788801272.4381788
b8680f925773229571014e61,386155823.200409
2fcab31c752b699af5e8ce8b,792281021.1744251
96d14697ed6847ee757d113f,635695592.2153419
ded79c11c30167a9d8accf77,785336806.9801457
ac50dfe70b599ae93ddee4fe,793586788.0372226
3fc7a0f9c30978f24d688fb7,628766014.7267265
083f05fe52ab15e8d481ad41,800502643.2487332
075be16d8d9ed6831d139b2e,680236664.8198041
ffce0b151f293cad0a6f770f,915470677.0052243
5997da918101ff14bddf20eb,615489601.3490859
e102f1d841d7cdb596d50624,272820531.58720934
a2c3da753f0116aa5842d4ec,738959568.9581418
43228eaa1230dc0f7f1473df,614481277.3212439
4349d6bfd5a518fcb231cb3f,696623798.1058382
c6c978051fdc655d21a370ab,708268601.5114136
f4cdf3ff86fe70fae3e59f4c,498755120.63021463
ac154aaafe98dae45bf9782e,790069473.0215925
01f6c99999c154461765f4c4,696623798.1058382
d7d30819fc6ad6e7e41453c1,700850089.5292715
383b3198861942064a63184a,506502795.2261222
3a2f110334251e97abe3583f,450570545.87683046
9b9db425b698a4931173b5a4,599283844.4977504
3b51828a1e891f3a52a4653c,547449107.7700287
c94dc49efe0a350bb522a56a,656326044.4992406
39e4765ae5c8284e1f3f618b,633688059.049573
04b28e63fbba92daf83865ba,707734859.8120646
b9643a26731cf2a9a243ef33,775099855.201287
19e03fc1a7ca4b0761eb9ef3,706570353.6212863
c0224f0cee5a388014db4f55,1224900838.1671383
c4074029fba935dafd82eba8,476590041.53320855
0a8d749a2336d8f66a4f19ef,555690351.2413597
e84da6ce78339d50a72cd87d,317898483.01352733
e9830411c3092327f4e66a99,617192024.023762
17d51fdfe8fd16185bf5feb4,694707252.5690286
f07126d58455b20f547c4380,705157840.6763517
8fe7db56d501b9c11461f62b,583093379.7308326
1ae2058fbe26f384be45df4d,600079146.1714447
e74a31e6edd4459d4e215c5a,599216557.274948
c91945dcab0bf200c3ef321e,655246126.3188766
933018604a8d5a9020aac221,775099855.201287
876ebdaa0bc953890e323843,525888133.15934765
4fd907c202de4f06cade3b3b,792281021.1744251
e40f616637f6187024b34086,498755120.63021463
f9038f7e24e0a29bd9f3e24d,792281021.1744251
b27fc4e7f6042d70a7651038,697771911.2716117
e68b18b57fbc5fd6cbb477e1,497934469.4815479
326a82671272d893ce699476,677868133.1409043
d2655e69f5dbd09ddb9268e7,775186892.7105473
440cd2efd45c019c7151902d,700850089.5292715
e5099db945e4f04aa3f0bfeb,788801272.4381788
3477d85a434f66df58fbc094,788801272.4381788
56991f74ed430ed942b2d6d6,788801272.4381788
7ac1b85bd87929705b7a86ca,788801272.4381788
0e1fbbe248919eb71e53ea75,544151364.9524022
75c16273d3a593752446c27b,687215834.4194398
7e74469fe0b030254756296d,792929470.9464034
35fca2d53ed17ea7637c528a,749639382.763423
963cc728f3bc207a7ad74ec4,731350944.5006351
fa9dec2129f7218b4c4d4b35,745649014.2351718
1d0a6bf40e609fc74a319310,693564181.9894474
b9551c416341fb167049d4ce,696623798.1058382
89131a0af2db172538723b08,790101304.2896998
3e66557e876a876c259c40a0,528084517.583073
078144699729ee0c46f36123,721607690.4759481
fd15189b99da46b098a949e6,693564181.9894474
d69209d7a26bd306bde5a37d,708268601.5114136
89690c80b7adcb8a8afe531a,495747509.55873734
0e0d19168609ac1d75253edc,495747509.55873734
6cd0aca2bc40d83473a39885,790101304.2896998
6ea0d50e822913d0f444d89e,638012663.2780834
39579c195f288da8d77f5ce9,696623798.1058382
bc54f5dc4e9ce267ea592813,694707252.5690286
1d43fd3f7fb4e24a0b7c9ec3,788801272.4381788
2566d8588566312ffa4fde42,700850089.5292715
8d27746cd9d2532fe9cfc408,400391357.62741
95b822f76b4d3d6ceb0c5077,642898756.9541903
eba86391ca00fb217ed1f774,600489016.0399665
b9a0575867a59dc5dcbb9cce,446036634.0029021
0845e73ae95dbd4aec3f1f43,466530423.0297918
419a2f823e87ab67b1311bee,775186892.7105473
552217c633d2562cdcaa81bb,688241837.5746353
4fd7984773d2872e51574ffd,700197484.347021
a87ed2154a2351cf26f0027d,775099855.201287
a2522c9d3edb7e7a23a42b74,960913759.7354076
357e58ef96c53f39e267b80c,945367760.5369787
cf0ca58262feb1f8b0dc7b68,874416054.7360961
1cb79aba890b35f9d2a400f6,1328842472.2819655
d5c79ef12f43e2bc19e22fdc,697771911.2716117
776e1192349cb7cf1579056a,696623798.1058382
7de63633c7666484bd098e2b,656252352.6131791
ca1b1c17572f776fc1059691,570118614.62258
53e94de217ec45ad576fd83b,695448752.0501238
ed5c3d2952d2575b1bb757ee,775099855.201287
bdfa334bc331e3e547f7568f,800502643.2487332
9c6a01e3c7ef87d27185e9f3,808571040.319771
05d9818d3f9f2a5c358d3911,913861743.1617364
f6c990e406b3756ee39b3b30,690518003.9020257
19ace6cdfbd8bed6e99c86d9,493570154.9032822
6a04f8684e083eb6319b5272,599216557.274948
179bf83034539c8a391e0310,580023563.1271231
a42081eac6834da0560ea4ef,792281021.1744251
784fa9e78f7cfeca4133e8ed,792281021.1744251
978edd828fc71300e6723e06,792281021.1744251
61d6969334fc63611c810e2b,696623798.1058382
4d592a67596afbca92d26bcb,696623798.1058382
50f8068603edac10c87411ec,497934469.4815479
9965f598c5b95b3cfaac50ad,756043287.4722738
66cf83769d16a4d659edba6d,618467506.308786
9c2c2b01934d1d519e651786,639523147.4860787
2b4913f28d07628bf2d3ed92,982226843.9046398
9baf7967c49fa209de8dda95,638012663.2780834
7a0f887a9426270ff3c24e36,683395432.7879257
c1034173dda31d20c4efbed1,539510600.2828588
c4a3d64de5e401a86395a919,486746232.0037287
c4cef41167a5e8354a61feb4,726901094.7683436
f52226b24ca3d5b04b7cfcde,830156411.9811355
36d5003f0b5ec7f80e89262d,834436761.075409
641600a4cbb13b35dc7913e8,951552885.5065352
c31c4bd09d8cfba562ed2b41,792281021.1744251
0df96c81adcd6fbc2f7141c3,709435906.6027845
4499adb2aa3aee94d1f1a1b3,792281021.1744251
4ec06163d39f96baebe11bd3,690518003.9020257
692cc1c9949d35ae11412fd6,419891706.4636619
f1da5388b772159ec90c3210,792281021.1744251
e7ae63f81f8fad37bb9c1b32,788801272.4381788
d39797a12d9a4aaf15ac11e6,635210471.0010804
efc5412fb02ba9d8f604e493,709435906.6027845
bee2e008ee41f8a711fb8d29,638012663.2780834
80279a7533c44bbae477ea4b,788801272.4381788
edc43e57b2905405a13f8f3f,295087274.94194674
751795587d1396e0daa25783,655172555.6853665
6d90801ea8cbc12f9e2131a3,656252352.6131791
71fe067a5ae994180f530686,656252352.6131791
2e99240e23b0542f1cc75026,599149277.6071136
fd6112c82d5808311b08e29f,656252352.6131791
0ac639a7c5ec115b3df8111b,655172555.6853665
af0cfebd54f32b9b92c5fdf3,656252352.6131791
b0015b31facc48a49f1313ef,445302725.79644716
2347f69ec1ce4a3fb6989eb7,446136812.31437314
209bf65e11bd7053d9658824,706491020.334985
41877a677d1856bf609515fe,773824506.7182506
cf60297d9d9bf1268f35ad95,775186892.7105473
a33800eaaf178e01558ee926,773824506.7182506
69e663ffb4935aecb875854c,775099855.201287
595415e95e075b70c39d5c5d,706491020.334985
719679261d84d6b93035143d,773911401.0160851
9f149071cf61295815e3f875,744992311.7275362
3d24d985b95a3e200a734bc2,915470677.0052243
bbe705b86c6ed4da775b68f0,493570154.9032822
e1d875468eea7b2eecbb49c7,773824506.7182506
0802b7e10706252dab8db909,707655395.7757219
2f412384597554f3dab07985,706570353.6212863
da8b5c8a320821ab8ca00a80,706570353.6212863
0f10d20cff5664f9564bc88f,1081141294.231536
ab8699d3c685fa834d7ccb3f,598364967.5448784
85956152686438c48c52e018,743708812.5399556
ed9c4f4e06183b15b877f077,600156402.2934077
12e32a758e15fbeefa255207,699696911.5322442
22cfdfbff44541dba9091753,696623798.1058382
314a1e163d0b77b0f384da29,493570154.9032822
23959a0f6e27c8c2b4a7f436,793586788.0372226
6ab5a87a537d2ce326c867c1,611916491.0277854
d9ebae84cb53d29bbd8a466e,342915416.13365835
9511afb73b656135daaceb43,861104307.7875965
9231ec89e58a3daf459c5b43,1054113586.9034672
8d97cda83fc7353a86c9393a,1200358224.4032288
3b380c563ed2505b7630feaa,953443703.7071218
6e5ca223128fa2de422b4009,561880716.1645665
ee30ab004ac5270daf59758e,626283190.0170764
d6fee4f680569a54f4267215,810661699.8945816
db3b84e5b3a9097392a57319,657855182.519441
cef379fa831f936cad745dbc,603074636.3881015
4db8d32011163bc4fe01d02e,589399460.0886767
f842221d74340270e757fd41,771594683.368567
f6173e36f95ad05b8e94321b,796943334.9358308
5960f14f2a81075fa66568f8,571623889.6886135
cdeba97450c735185e486eab,662347214.6680387
f9a802cbc802d49a087cf23e,1005077413.3296828
6a9ef848f22fecb9569098c2,753475186.8704473
f3986309e4fc4cde2b5feed9,823992539.6617423
6c3435048735371c36dd3892,765823876.0876982
f019dfbfa7fbbddec988fb25,780838468.4420229
4526cb4a2b8238dcc4e496e3,1281485170.6709526
95561bd325f60967cb6653dc,731995557.8235323
9f3e09a3461bce2fee7e1c40,1776590062.1368546
1034b1af0331daddad70f3a5,353287134.0934489
3ee9cfee7b0acd482672ed47,707734859.8120646
adb51a572f3198367e3760ef,693564181.9894474
5c802e198dc0906016741026,545862950.0030048
671603ba1f755be5d7219a01,614481277.3212439
001d77bfb387bdf0b53e9e83,707207098.5878665
fd9fda1abfcdd1066a177e14,693564181.9894474
e1e78f3432ea2dff6b69c6c0,429361269.4951042
378e6374da00b72bcd7920df,693564181.9894474
54ec4fd8f49c897c644ce83a,790101304.2896998
a67ef3a182aa268bc4d9ea14,693564181.9894474
8100a4b0288d5d9d9dc86d2f,359915489.48483735
699ac8957d9b4eb7fcfbcc40,790101304.2896998
7b35a3e9f3e67fa1974f5c25,792281021.1744251
6e5383a7f9a68147c2788565,837140101.9610878
fca1c40a338288036b1eb25c,856873890.8596946
237da4784755f090c89f07be,638012663.2780834
21a7c5d6ea818dfb25077e13,619914729.0201393
0cf7dd52e117832b4698b310,697771911.2716117
677c8056695a5a539dcfa3d0,568191194.1546428
e4b85269ca413066323f66e0,1122018011.0946903
9019f1dd02ede61479b62406,421744033.1344972
958f3e102c6ecf5f6386a004,525888133.15934765
b05c741bc5013a7a6abd31d6,525888133.15934765
2c58f2cbd00035febac060e1,706649695.816078
89d36acc5f617a6a97e02f23,655172555.6853665
2fba6801eb9a7bce7ed2c081,599216557.274948
45ccde79aee811756030903d,655319705.2137846
5bdb5174517b8faa23df9587,915470677.0052243
36a11817b32bc24eda6ec8eb,404820384.68480605
f1319a9332946bd68db250c2,598163438.0186
39f70d6b68b22668a0631f37,786631129.0089251
3958d0cb732f3d623764be54,690518003.9020257
f67028acda5ecaa4c8781ba6,693564181.9894474
76f50ce5f30cb96d48a69357,495747509.55873734
9e5efd4741a57b9af54e9265,693564181.9894474
8c45ac143f5cc43e9249c17b,788801272.4381788
2a66eb4d2a205bc4474c0afa,696623798.1058382
85cf1ee98e1a85ff4619e27c,707655395.7757219
84c2ab0573d3cbffa0be90f4,773824506.7182506
48976c41de22ddaea3f8c296,532356152.0992295
001c03f6103d35389825b62e,706491020.334985
ceab390b6906d5cbe65fc402,583158856.4498631
79f989fd66108a2c38a9764e,706570353.6212863
cc385eff95aa00310eb22111,706570353.6212863
ed764bed1d05cb1e9a4e67f8,835812005.2660338
857c5dae475eadef41c25603,775186892.7105473
7148b0d9e2e1e92d41633230,792281021.1744251
7f3e02524981fc7e40eccfdc,339585661.04250294
ccc625df8f51248e3dc93214,493570154.9032822
b38776cf09ec8e90fceeec84,491477935.7433411
48ebc3d79e01061c926066ba,292964526.8710396
9580bf8358095abb15a10c36,341409309.7723565
d26d35e33a0cf88f735a9322,544552622.7889347
b4c2a0a1a63d35a9a08a6e15,633285356.8188046
1bf1913f806bd4b461233551,327375780.3768151
34d1394dbb483e55d1cc2da5,351319888.71001434
7bef2da7f3c160e94fe91ead,469272134.27322537
528014ff6b7cdbfc174f4fcb,693564181.9894474
bf1dae54bab00fcd3e8c9ce2,543256018.8712783
f270dfd9ef449a02b6d7ae2e,598230606.98454
31d6f089626c4fd08536fac0,561486368.312056
259f4f7fd5d851be70d63633,355298585.0231023
6b74ef5c8ab1df614bfba866,708547293.2038198
7ee7fba3a30e0e7c2ed3043c,709435906.6027845
b24bd44eefc3ccf053939dfd,619914729.0201393
0545fc14aece3f37864ced2d,567777704.3817981
e07eb36210e90ef0419fa0d0,766201419.3483565
3991b04509fa61b36a8f7d2a,643179885.062884
387af5fb4b4a7f5c3fdcce57,549090914.9257848
6852e8bbadc1a9f4fbcd695d,757153920.4476115
8c3373f9c0372b87ef021512,915470677.0052243
6123a0dd128e45216f832e3d,800450481.7639471
0913364c688d7375d0f7af5d,445252727.4792886
8831ae77efac99a6c58ce05d,707655395.7757219
b6283a5714e0b977110318ea,598163438.0186
d2d8f5356f77507f8839280c,773911401.0160851
f36bb15462fb29f80b127458,913964362.5202608
7abf9cd6b26e2e2bb6d91e5c,773911401.0160851
1a5f6f7e8b7af9d48644f1e0,630761254.7843431
8e2a5f8431996ae0db65d0be,773824506.7182506
29535d858fa3a11792697820,834436761.075409
8e4df02eee6cab9bd1011987,598297783.4930171
5a4039f0ca12767138ae585f,785336806.9801457
d84248b3ce8ff6f5fa480a83,785336806.9801457
5838e86b74020a5bead56161,493570154.9032822
02091877f01c926c350b013b,690518003.9020257
df298574e35dda90fb568023,493570154.9032822
d8b83253855448caa81f7780,786631129.0089251
1163ab2c0bc8c998e121b922,614481277.3212439
14f9ab54432e5f54a50be4a5,462594996.851319
f4e0fa1172c1d4b70b6c4d73,690518003.9020257
4345863fe83682f6091d8a77,495747509.55873734
6c5bbbfa3a1515e5cdec9ae1,693564181.9894474
742da63af109164c21dd57af,693564181.9894474
fdc28a68bf8a5bc86288b4c7,788801272.4381788
0f4b077de4ba5f5db6fb0065,693564181.9894474
320ff6c0320674fd278f6fc7,705157840.6763517
6acf9cef08906fe569c38572,790101304.2896998
853febf898a1dba351d6f917,617192024.023762
8ae41ff6a828f175a9f628b2,464635706.48495126
56ae6108c1b53c649da2f6ba,693564181.9894474
aa990d4e5f1a0fc4f0bb29aa,788801272.4381788
cb8b826e929f4f8a8e3687bd,617192024.023762
b85a7389bab2e651f05369da,359915489.48483735
1fe929afafa91bee53df4e86,635695592.2153419
02e89c055b7692dab024defc,465401477.5845811
66bc6e56bcac9bfc4a7341d8,633373266.2807194
63cee15dc4a6808616a2c2e6,497934469.4815479
9a889078a0225c013570609f,483517790.9690457
3548fa5ad26ba2ea999380a0,497934469.4815479
d9d8aeafa748f8f1ff2fca22,697771911.2716117
9e2c21d635fc25f7790cafa9,446954936.11302304
f99adfe85d32b0a66f4d483a,697771911.2716117
eb64fd330053a41ce5be4a7e,467454567.83691585
ea8d704272b2cd066a7e7867,697771911.2716117
e7c92ef9784a92c8b7fca693,792281021.1744251
a9b83e18ae78d307d1b39b15,697771911.2716117
ab8d6823d905f1f0ccf4a75c,792281021.1744251
8447ca83d928dc34c2e7f9fa,466685418.58475345
5bd24b842a67601630036d0c,697771911.2716117
38d5b9319bc16bae99fe73b9,585000510.0657835
e1558509b120809eface5b87,696623798.1058382
4b8d7217da1b1f225f254914,709435906.6027845
09e0c3a1b90d46c361007323,467454567.83691585
d090a9e520ef74848bb060a6,638499924.5750136
07284e4caec09fbbb16adf2f,793586788.0372226
f8bb20be599b79cbe29f36cb,792281021.1744251
07dd30f04c5953f325df9aad,697771911.2716117
622872d345b4b0d9c1b9302f,697771911.2716117
fc9151dd6f8850502c747bab,697771911.2716117
0fdd03a2dfb18e323d96f468,792281021.1744251
ad7cfe29b56c915dd016897c,568191194.1546428
f40a182d82c489f55c64ab7b,699696911.5322442
fb06aae0e711d628b16eb910,699696911.5322442
7dabee85f750266dce02399e,619028526.795782
ebcab2f8506c64a461591d1c,638012663.2780834
340f96c7de105aec5b7a28b9,641883371.4769502
be1c6023731fb633c4f41f96,691656054.0427748
d6b051fbaa13e3d92a798521,792281021.1744251
bd04c8b6b5e381cd5f881379,495747509.55873734
2ca47f5c36ea5d1cf00dbd2f,418047515.32961035
3f2c18ea5d8e9a25adca4c42,793586788.0372226
5bd59dbebb0d6fa71efa4c66,498755120.63021463
bdac2f1c4b306a7742f60ab9,788801272.4381788
a0e26a9d56cfb3b7228e5d75,635210471.0010804
933740e21e9b61721b2c6053,696623798.1058382
a3b9c1a3b81f17e6b22b6152,635695592.2153419
445e241d8bfaceb149609d6a,496564556.3552599
937f0b37f566f65a1871615d,635210471.0010804
9a76a405640f670c6355630a,617192024.023762
7a0f351e8562fb7aafe6e714,690518003.9020257
4c5b79f3656501fce2e2178d,495747509.55873734
201053b106a0b89a0a47e2cc,554838315.8304653
724a5f9542f86cc43334d3e6,406035431.9240767
afaadd87a196e04b934e0b1a,450728993.0437322
a46cfad2458ac7ca4134818c,599149277.6071136
f640eb21bdbb9369acc4e863,466530423.0297918
8b3350aaa66b9fa1c682c15d,655246126.3188766
1340b0805cb34eb9a982190f,599149277.6071136
055d5ab6b22d4d0ac325fe73,598297783.4930171
faed63c1287896e97987c4c9,655319705.2137846
a094be8af52cf76977fa5083,655319705.2137846
feb3384733ed8feeedf9ce8b,655319705.2137846
eec4d59429b1d1bb75b4d686,532356152.0992295
3e9754a961d2cf348c9ff7af,655319705.2137846
8f8a92abd28c8990534e847d,655319705.2137846
256491790d0a2d5e1ebdc2e2,446036634.0029021
ede7995bc4e7e672fda4fa5a,775186892.7105473
9e8a11484838eed1f4673a32,707655395.7757219
8aad5795547ade3c804c0ef0,706570353.6212863
4ec4683fcf928d9fb33eb7b9,707655395.7757219
ee18825bcf4065d29287b54e,775186892.7105473
485cd615660dda11586f797c,706491020.334985
8b450ea6c21fe0b5157529a4,773824506.7182506
0d45e78397d4bc0d363be47e,600156402.2934077
bfa4cb65827c4ebb91478e53,773911401.0160851
deb2c93acfaf6994bb3c0608,706491020.334985
571e1a8c252cd67ee0475974,773998305.071451
04e337d3c692f3429d47aef4,706491020.334985
cd2913f013727119158b98c0,775186892.7105473
ba63594585c484bbd20ed3a1,628695417.2639161
beb7b99cf12926d8714d1c5d,773824506.7182506
0fbc9e52ccf1b7ea8136cbbe,773911401.0160851
f36031f3a3f77a3fcad337aa,681314811.5032223
7738f18d533d0f0379e3a06d,834436761.075409
20c3cc21b44eb37d0b359c1a,834530461.644219
78257e76c16db549022fbf2c,834436761.075409
4baceaad0b0081bdaa37473c,834436761.075409
6bbf67d88846e94a63014eee,915470677.0052243
edb259013ceb62ad9b23eee3,913964362.5202608
ecfe155a407ad2c2f74522e8,700652380.0190802
6906a20be4962df7725dda7c,945367760.5369787
5d86b884df3627d93f206952,872335039.8245623
cac3eb4606346268cea48e32,987066976.3706896
e7439820086f8d1cb13d7c9b,494921671.1514998
b940561f2d48444e139eaf71,349102083.25191766
4433060d0fa95ae1382f2de1,445252727.4792886
27dd503d4fbf4d5f5d850d4d,525947186.1870996
42a73bad238f2d3f5e376044,583093379.7308326
2b53b13cd912f353cf9c4757,688614443.97354
4cb59b46927df31150830d5e,401656556.7479706
2f3d01cbf0ee0b985386418d,446036634.0029021
d12e6de49fcca906c3586994,691656054.0427748
8f541a839df1ae79d563427f,690518003.9020257
ae5ff2b5eb4f9ac44fef666c,496564556.3552599
ca77a424800783bb9c5c0450,693564181.9894474
c0ec1e7ae2c6c3c2f2ae34b8,693564181.9894474
2372f7c0499de8aa2e5ffa06,788801272.4381788
46de3fbec5bc6c0e256e7751,511398282.9679744
4d8b338266822739bc9c8fc9,716961194.7032164
86d46a3fd9d7bbcac3319829,697771911.2716117
b13fce1462ed87e57ddec917,691630245.1675562
625caf4f4f56f3f6bfd3f786,377023630.5270511
2214e2c62cf8d2d14f11d47c,599216557.274948
cee8fedd5685633435d77a06,773824506.7182506
061386497cc2dede3ea70b1e,598230606.98454
3ce50f34a7974ec17178a79f,598230606.98454
855ce1721230ba103fc0ae84,377023630.5270511
ff3b85eb538fb9a7dd03f459,295573611.4500222
111bf82100a6fab0c9ded743,773911401.0160851
8877941794810464749ba5d5,706491020.334985
1122a042822658cb504dc147,773911401.0160851
d7d924ec35768a3e6bd39b20,466582810.661838
27cf45528b4266162f7c9029,598230606.98454
916f946082d03023ffad6f2a,593353282.4886553
68181ef118970fdb1d83f030,835812005.2660338
2f0bbbbb466fae3fe5c4f614,655172555.6853665
17c8b228fa2591e3a234d55c,690518003.9020257
e5d9afdaf318dbe749bf9950,690518003.9020257
ce2cce355f493a75ab59b242,444991881.54964143
b6825cfa2fde9b42fcf04c59,495747509.55873734
6fb3e33e16eb81331d389ad7,446954936.11302304
e29d9a401a246c00f5eb2413,699727280.780187
fdf103976a39cc12f5effaa2,699727280.780187
d1526bc5e5446680841a9cd7,623187244.9192291
a96cb9d988f5dc99bf5df4ea,623187244.9192291
760125efabf13246774a9f16,608762053.4970381
229607e2faf76efeeadcdfce,598163438.0186
f14b11d270282b317d9cbadc,706491020.334985
8a41638edfc5183469b6c43f,655172555.6853665
ba249dc7eae0609f20ccf234,706491020.334985
0dfc7d77d3dca86a221fe62b,913964362.5202608
ed7f61ea4c9095bd4aca258a,532356152.0992295
d2ce77db7cade7f2c6189002,598163438.0186
9d18c354e8939c9f18598f22,554776018.9243841
b95689add02915dab555d9f7,985442857.4103748
1c35d9468cdc55670d48db84,775186892.7105473
caa4aecacff2beded2e76beb,533166740.4544246
017487de3455d9f642a7fadc,628766014.7267265
8ed9c13717d2bb274a81e460,834436761.075409
c2eeb1cf0549df1359ef4dcb,450728993.0437322
3a413637f3108ddf7bd53bcc,555690351.2413597
145a241c80430b1e4ddebcfe,655246126.3188766
c954618c48b70cb00efb49fe,656252352.6131791
fda6cee77fbfbce6ec0eabdd,628766014.7267265
b92c9c464e23f8b987290769,466530423.0297918
d81b170177769c0121b8935a,694703633.7469063
7a832790d068e1e85182b5a5,445302725.79644716
462ced9cfb28550c160e5664,775186892.7105473
edd9a278b86b1c56e237a0f3,599216557.274948
fe9b6a82fcc3266ddcb3e36b,773824506.7182506
fa74fbeb90bdaf8eb26f8329,706570353.6212863
a70b6661eda6ef616e19dded,445302725.79644716
cbcf4d76223673724b0f9811,785336806.9801457
ba16ae6ca55dc3c0d5480944,788801272.4381788
3c840c206546c20b3e53d4fa,790101304.2896998
c61076b24927a46ef506322c,792281021.1744251
2e797c8302fb7ada13ef2d4c,640026866.8791273
3c9e3b97db788dcd10acf0e1,707284434.7416457
28db5acb7b224d44e3d7ce80,617192024.023762
c7aad87d39537083a5620757,788801272.4381788
099721566fdd0a32546fedbd,790101304.2896998
bc67f29c8679adf31353bec6,693564181.9894474
eb40a304997a6e66c550b704,697771911.2716117
3882da646752a82db088c614,611914703.533389
68c319925551b9484778bb65,619914729.0201393
711b570ff195fb77229deb35,699696911.5322442
e7a2e8e1c22a52f78ffd1b19,699696911.5322442
814d93fc94b4de6d3a860bcb,555690351.2413597
817da44fa842fe304b93c199,450728993.0437322
5cb29f5aaad14b6c33813580,450728993.0437322
8a1105028a1a1b83c5080abb,320423679.4632513
82b69c38d041325a4bb2fbce,285598493.72198564
a57d01ed5a9641ad64f7f032,599149277.6071136
90186e67d802be6d12eb3696,598230606.98454
f781bb1ed340e08b23258ceb,445302725.79644716
db05818b6de8d77c1c3fd053,520369199.757694
f4ed8924f5d1a3e6374715aa,621418039.711376
d792d1eec60822752c8d52f1,599216557.274948
47a3c63f65a9794384c655dc,598297783.4930171
ebacf31727972e81d0a0d904,446954936.11302304
a759e4c03e49c419c8f0cd2d,600940268.0763702
0648a4bd7ca088f4b3834401,643179885.062884
b25734bf3ca94e775f467e85,445352729.72801965
65a8795e7a5b88acd7a469c4,707655395.7757219
b799aa1dd2de813ccad401e8,697761931.5653324
c01440b8ff0d80e7bbad715c,697761931.5653324
a20cd5193779526b43612ebe,525888133.15934765
0cddda1c211fcdce819d5f8f,697840284.6448389
69bcce6b58fc3702580d3234,706570353.6212863
ac7c0c806b57e4942d9ead3e,773911401.0160851
aa9e131fe4e7982a374bbb84,630761254.7843431
290725d6b15062397597b954,526814005.3951209
5f0fa37b7c5cf77e0508abd2,900160566.8777628
c76f482d2a8f8db5eb79ae89,957315037.7187054
f651cc17b051c962e4124795,707814332.77158
250d84aac8add089061d3204,915367888.5186328
d3f9cf66c1c05f55325b894a,913964362.5202608
7198cf5aae5d0d5ba2e43b96,834436761.075409
766c7906cf0493736436fdea,1030999936.4055878
78f670c0d7a26c0323281ffa,742635733.082763
ec0eb8d68807f52b681f138e,834530461.644219
446138cfd3749c0b6715b0c3,792281021.1744251
64b4837e4550ce39f2f85342,696623798.1058382
1103c663f6b5ed0309a767b2,497934469.4815479
b9a573a3f2cedd87c7dc6477,655246126.3188766
de54862f5b7b8ff345c6b297,538483983.1067002
16b3311b337c0cb9312ddba1,599149277.6071136
a1c2003dfcdce97d21f9cd15,598297783.4930171
262688a95a32f10fa070a887,599149277.6071136
8e374b19fb87640c56243088,445352729.72801965
4032d6a6a13399797a794ab7,599216557.274948
99f1712af0fe96f67d11037b,655172555.6853665
bcc584e6a08822158e2a1454,598230606.98454
ad14f4403926de76de2604c6,408718414.4190145
01f855427cbe3eb51b38288f,549090914.9257848
4673ef4fa28aabb0fe61043b,339585661.04250294
f4cf541f02d99ea1851b9f12,598163438.0186
bfe19954cd4680149c682587,598230606.98454
fed8f3bf4a2d7a426901706c,697840284.6448389
480aa7fe286f4aa31f56d4b9,706570353.6212863
1e9850a50070dd51861a5e63,706491020.334985
e26dcf5836f5bb53553cc413,717074857.0375106
c7ac975025713f368bdb0af8,754187310.2138736
73fd5bc0aee47d89a160f5d1,773824506.7182506
5bb9dac6e0e9409e89aa6cee,706570353.6212863
9b15aa6c85804621f5c42566,834436761.075409
199fe72cad28e4554e359ff1,834436761.075409
b28ba88f3665a2f26c2f8e47,913964362.5202608
453ef603a66a34f17ae22227,834530461.644219
d8f4955ed4fc363d6d9ea897,742635733.082763
f2eca7e3226f625807f7d6be,1154319012.1714976
361ccd7f37ada9c07ffcf71c,834436761.075409
e7d1ee027da436cbaa122f48,1079362385.4879804
554ec896fe4f9d8f2e8eabe0,1081141294.231536
ba79c72aa8bbb0517c899b59,792281021.1744251
69dd957e78fcdd4d8e874acb,598230606.98454
df91a3c7f364df5e6831f2de,785336806.9801457
77866048ba7b69532d0a18cc,693564181.9894474
a792bde8819aebc5b2d73a6a,792281021.1744251
6293e4a72b5c84782bcdbf78,693564181.9894474
bcee01a5d6a36f48d99a5e4b,708268601.5114136
c58b56f1202d1cdffdda3021,655246126.3188766
ed3275b560f020baeb9ce3c0,598230606.98454
2a872557ba401f4c95e0ad2e,718256675.8132235
6b8c1c7c855656b0e56f0bb6,738959568.9581418
d6297cc548b16bff11eea51a,800502643.2487332
dadce7c7a446a6a177821b73,773911401.0160851
f5d9d8082e7652e97973e0e4,913964362.5202608
2ef9126614eeef828f797e66,913861743.1617364
c70439fc435337f1e8fd2f5e,1081141294.231536
79631cac54b1e71c1022da12,1321178882.8355343
6fca3b70ba2c68d9e0d2540f,467754069.9445285
5b29d453bd368190e0e356c2,617254313.5264107
25995099875f0ee622ebc31d,735093169.1236936
34bd7be0761ab3d43da7a81c,537247669.2959421
b8e15d182ac0c74fba332b8b,684844186.4351391
901e3b835718ccae27c8831b,609871203.7597463
e1c7a101e5d518583f9a2a7b,765100765.1950467
02f6ffcfcdd3dbba94dd7b33,982417041.9545618
2162e09e137eb5f4a1f32b16,655246126.3188766
5eb815f9023e6eb97786233f,1061311390.0772706
d2ab14487e0ecf640a785277,770792383.1736164
437167a9db41b677da7d5a7d,556144093.35658
c3f889c41c1effea85bcc706,690518003.9020257
155da5ad9ad19d57a7632cd0,694707252.5690286
43d1fb0646562c3f1dd6fefa,693564181.9894474
8eb66c4b057dd4b07b5fbca5,788801272.4381788
f9718594fa52500c16e3cd71,705038610.3440626
d9c46d54ba6df0d21ed4ca49,707655395.7757219
d3f688e0deaff6648f2925b6,632420586.1311411
093a92c6846c924f88ba8750,788198093.8618706
9b1223cd8c9d7b348d6a5c94,858286113.9249681
8209afd76e36d8b5c4f7a991,614481277.3212439
29fd909e7cef62de53430e1a,690518003.9020257
76df3d616d8bc1de789bd83b,494383613.1782049
8aa5d44a72b2a6851d14ef86,694707252.5690286
eb4e1b72abce1d184dd4d5e4,693564181.9894474
2ba24fd47c2ef8520bccf6eb,361503234.72999793
1c9e38cd216595b33e283134,792281021.1744251
2fc150cf6ea4141106bb8ac4,400274195.3073796
8dd46fd8ff592358e4c3e7e5,555690351.2413597
d5e001b2f1dad3962cfff9aa,655246126.3188766
6e73e42a0d2ef8d6e403112b,418988494.13816065
2537dfc786054c61eb3a80b5,629390393.0061567
19c77db46d23e0c07a06a8b2,598230606.98454
e6424086fe1cf2a2931f4847,629390393.0061567
66526276a7e8da597683e8c9,773824506.7182506
cedd20027ebbf47baaa0dbff,773824506.7182506
ac7c323295addefb43c62acc,743992217.8456298
a8e74eb5eb523143cb291cea,775816336.5443585
ad393e9070779969b496fa72,706570353.6212863
64d9dff81c79a16579cef2f4,932952611.2636421
ea91281d5eaf6b8f436d47f6,932952611.2636421
06e59cc783be86bd145a56c6,773911401.0160851
7458171e4db497a4cc1365fb,777653770.5222546
12d73fb8f4ca87b19ca46231,743992217.8456298
5e935d4a03c6abc86ac5adfa,915470677.0052243
2754b4e12a7604efe8e03f5b,834530461.644219
9ea7a0d65493cb5487ed2084,598163438.0186
7845cf57552577b059dd13ae,614481277.3212439
6e710984bbf2662a9cc7bc4c,339585661.04250294
47720fb9e2586dced75db114,481539719.78443795
cbd48f3342e63a84173a8dfd,408718414.4190145
cb83c138aefeadb184d2c7e0,467851253.93385506
397d4e490eb2db8a1b18051b,545862950.0030048
4f65732875c007d3c1102140,508076251.8619808
1f8ad363a0539a6f2455c3fc,503564159.7942497
9535ab027f9f2a9a8fdc21fd,485242512.4608246
248993a27da888a6e3ffefe4,556144093.35658
cd07b4553b6d3863a9e444e8,788801272.4381788
f53fe605b0a2857cf3facf73,706491020.334985
ae48e30b60ec254bf0dc89ac,772408901.7522848
2a0e902f3c07cc9696000177,495747509.55873734
d57535248bb34f65ae678a39,677926061.4228096
9949cbc958bbc0114404960a,695448752.0501238
841c57617a075690ce412083,652037668.1177759
9fc4385ea76cabf741d38789,501588018.8382192
0367da7dc5374f1957a1b7f6,729338857.9306139
7703f868650a8252e954e457,717074857.0375106
4cb9319ff5adaa62386b713b,718256675.8132235
dbb30f9d010677de2aee1b71,595459850.0555097
0b54c51a787fe58bdf677658,792929470.9464034
5234aeb6d817b8ad876e50fe,641567807.7892315
77359d0d34ba4c9d825e46ed,512129867.38749117
b84795015be5077f942f5170,501588018.8382192
75f5290d61164d42b39d9d51,520369199.757694
b46d50c84edaa7feba938671,718256675.8132235
be8c05b72ee7867fdcb05455,830156411.9811355
356712646865d98127b92a57,684844186.4351391
ab765acf8b87daf1673b3a97,530014058.6465353
3a2cacbd3b4f9a23514b1433,674999304.8359898
3c6d485d7b01ddd6147746c2,524035565.87041914
054cd21c3b12f165bd520313,740764941.2279164
e114160e3ffe6a703eb42440,529558789.89534515
a38b2d75349c56ce04f02a94,708547293.2038198
71fdd2b1214b9371ef149c1c,749558283.8449924
10970057efd092c98037498d,495747509.55873734
7543d0e85e6328ebc8283d75,359915489.48483735
db1cfd89dad114c11ab2d409,765100765.1950467
760f24a443eb01721c6ffea3,796468881.4900962
a1508f30ba87423e7393b4fd,913964362.5202608
5814dc311aa87b24e26aceb3,706570353.6212863
f26c2bb4d5787541e9c36463,796468881.4900962
cf07a5af6ee98d735bde14bd,619914729.0201393
8b716c3dca89b7caa7db1aad,633373266.2807194
df89e7dea6c313b0cc262249,361503234.72999793
3e2c1d2cba8755ffad9cff27,893944462.860028
6771a8c70428fec0f21d51a1,770792383.1736164
d8171d498291341094daaa39,990192099.3683753
3d43dd23536f843c2c5bd268,999923957.8058289
785dea91d94ab384bbd6ce3e,643179885.062884
6c316d2bb84fff36bb01f14c,1061311390.0772706
08ba99aa6a8ee752209de6ae,620542566.0595827
d177236e8c725d4405025916,955388163.0472635
9a6b537a7319b3446977919d,1134117655.2746484
e2e7b03feffb21bad63eca2d,740423348.8116648
f2fa898e1bcccbdb92dd91e9,757153920.4476115
2c340ee014e39ad0fd1309d8,957315037.7187054
7ee83e5d70855ed21455b6d5,1116448784.0235708
fdd4b5fcf9ebadf96545038c,754187310.2138736
512b4ad817c387bed877b7d1,1257577829.1038666
3ba644c7be754c21e3cc48ee,742594675.1567172
cb38dc837baf3e0531c6c115,670527126.1764778
5e931fda1e62fe41ff0f2ba2,410319914.1375114
0ce9a7d4b0682dbbca68e070,607799615.2259113
8d114cef336100a8d8c81ce1,757952081.4506114
ebc3a6574ebc530ef715ea7e,800502643.2487332
4c2b14bfeacd87b878cbcc92,609871203.7597463
577b17cb350bd2a646725b6d,982417041.9545618
0dbe463995c605bcdffb133b,575706450.0671164
88f3f39ea06fb882c69bbd10,377363066.3387171
e54567ced41a40938b85485b,549090914.9257848
cb6d29f005078d4d4efc2d04,921658374.4459226
1d0919344e52b315441aeafb,597651002.9449452
62c39ad30e9a26d8cf3593b4,817013085.188391
a02bf67aecbac445a12da958,1032811747.9367656
06baade01a74972cc4a419ec,567777704.3817981
3943b64f9550a575f15d6d29,953443703.7071218
b62d64605362afc574ea5b0b,1031902228.4654356
0ef45eb4356e2f0331ad2457,954396852.280875
6700ad4d4d7f70def59a5d59,830136079.1987075
19ad2fa7e170c67870ee58f7,989905719.2339528
919c1e281329379c4d130416,1037367934.0133315
8a451ef547efb90a8fcfa6c8,934942813.6438819
5c208e5c37aad07602f7cd7f,785336806.9801457
164fb89266e40a2530400599,632420586.1311411
5fc0f0c4fa019b6f1b2a016d,494383613.1782049
3b16ff50ec7fa717efbd62ab,693564181.9894474
30e6d4e1c53e9e81ff66df43,495747509.55873734
cdae3bf05372c13649a2adc8,359915489.48483735
170a69c11cf4f855ed015bed,748060487.2792538
e14b31f8a454e47c383cae94,555690351.2413597
14a8134a56af1b328321cad4,655246126.3188766
ea8cc21bf7d48979bcae1458,598230606.98454
c287dbff188e95f833ab21f0,598230606.98454
2cd0b2d7561919f0223608d5,339585661.04250294
1acc5749203f964fa8b2092a,478346433.7095216
9543c16bd5eea47111e6b266,501588018.8382192
d415dc486936995f8b3704e3,512129867.38749117
ab946dfa5b9d7214a3756978,643179885.062884
803711fede531ad1621a6823,549090914.9257848
f83f29f28978d7dd76cf5942,609871203.7597463
4bf284e6ba81bcaa21a437fd,567777704.3817981
d8ed50fbd5ed46d36b3d2dba,592559069.6231847
b40128f5e17574a5d3da9a32,706570353.6212863
506d4cc6613a07c313a12de4,688614443.97354
558b7d06789a1c8e488c38d2,706491020.334985
38410183814a757520143737,706570353.6212863
560a750cb6f8683ccac4563b,775099855.201287
48740edcbe275bed3c82efed,707734859.8120646
50b2bb276e598c9cfdb42b0b,707655395.7757219
302adfed183564312f9e3087,754187310.2138736
063e53d45e5e7945f1f10fc2,757153920.4476115
6e2c39fbeb5392e6aee9b644,915470677.0052243
8d6c523d4100ab0c83a31fed,834436761.075409
6d6aaf30227f16b2be29e79c,913964362.5202608
e73e5e75cb18f52dd7239361,770792383.1736164
dd625806063f76dcf53582d5,982417041.9545618
a4b16572b8bb786561baa3c9,1061311390.0772706
9446f801f30e8b2997fbd72a,1079362385.4879804
941569c4352c3a2e32c908c3,1081141294.231536
8b4c54125d9165554e4123a3,913964362.5202608
d50f33fe5acdaf5caf1c6ac5,492287945.80938876
46ff039321805b51870c64f2,611155497.2779691
1ac6c220eb690db798a3d4d5,657495214.1507331
faf872c4bca132b52dec368c,728826982.0037485
d92232d77f7a124e7ff13ee9,757952081.4506114
f9a136d7944cb7768b598a88,785336806.9801457
e03610db09ed7315cfcd64c9,598163438.0186
8c51f1b43f15b70d2a294918,377065967.2627789
21d141a84af5f0e2ade9b0b8,583093379.7308326
55c7cbf5e572d2342d0d7071,628695417.2639161
54c0e5e6d368ec51f6e75c1e,773824506.7182506
434ff40bff8fad0962ec07e4,697761931.5653324
0a199d5741b5a6213b39b793,697761931.5653324
9931470b50580f51e1a4fac7,411599919.93436944
89498fdf642e770ea75be7d8,773824506.7182506
aba39002de605f9ff34bd542,742468977.0749116
0c1c0ba7d75dc4090b7183f5,793586788.0372226
2ac425aa592565b44b25cdc3,696623798.1058382
c0cdcb5f860e3a974c401861,696623798.1058382
4ec741bc6ab20515070cf1ee,706570353.6212863
3d4c48167a8de8cb0e4956f6,773911401.0160851
f5741fdd9f509d3bb02e35bc,706570353.6212863
c1d0c0846ec652774ed5474b,706570353.6212863
ed2c02ddcf0e54789d9d2675,834436761.075409
0e05eba6eed4e55e89dc5f14,834436761.075409
b29e5a75740c8439aefc9321,743682992.5176675
218445f989b2da5eff4029f4,799334267.6036168
0c7da0c2613129bc322b1da5,835812005.2660338
a41210034abe19957b317d1b,913964362.5202608
0cb4217cde38e09571fa73ba,1079362385.4879804
9df0663317db1cf4121a222d,699696911.5322442
62be98264dbfd418ba21cfac,914066993.4021144
939ce1536f15c0e6bf203dd4,930130367.2738646
d9028df78f9b14a720dbaa8c,930130367.2738646
b05f4b5fae2f2faaddb377fb,694707252.5690286
65ac61968819927b8fd9b990,705157840.6763517
1e83b53963792d7445e19d27,699696911.5322442
72eb1af691a950fbb7e8d635,463930584.73149204
94fecb92077ffe3a72aedec4,539798850.3585032
f660a48b0eb17e98dd77c0bc,554206802.2635587
27fe3fc3838695ce34c5d287,397456838.5130333
9ff4b1fc1970cd5c102cb755,886714446.6053456
b54940561992090411749db3,614481277.3212439
d4990842f549d8139fa94c87,497934469.4815479
f6013cab49ef9188aaf87972,697771911.2716117
cc2e8713dd087d3b842d2f11,359915489.48483735
fb8aa6b6c5d2499d404f3f73,582431150.5441005
6a8b9fd89b745a52703715ab,554776018.9243841
4721d06c49413558bda1fb68,506502795.2261222
0100b3a412accebf6a3aa4b1,430220279.9431271
215e8852679b9cb6c4029ce3,554776018.9243841
0afec1b2e7060b99dbe41a10,507337567.92450166
4ff17c9b88aeeff105b8301c,599074227.3754045
6eee8548b87c9349ce90ac2b,532296379.4767144
9b264d26a196a76951308cca,656326044.4992406
945fad7539481410e8bb60e5,598163438.0186
f727924f0f35ec9fb58d0c31,348488538.5795613
c7876dc81e250503076f43f2,598230606.98454
e4f3e425e9f6e393999d7a08,460766180.65564114
cee1833e8964355b9aabbce2,590905482.2287785
9a1819c45b01c341647a2410,655172555.6853665
ce95aab452311a0cc27e0c7b,401701659.5641325
e6eff72b7c5b0fc2677af2ad,599216557.274948
3b368c10d243f6bc9c027061,348488538.5795613
510c03bfb80d92d180803887,404865842.7735225
664934c8e209352d2c79c971,598163438.0186
689ba3a92dd7c12f1965031c,532356152.0992295
93d4c413d2a1ac59f1b46830,532356152.0992295
08b09c586530266c14e611f9,599216557.274948
7157dafd306fa99e4c2ad233,598230606.98454
74e15493f395fdd312d50cc8,349102083.25191766
c34c94e7129f84267a5e4fd7,598230606.98454
fc0572d7185e132770c3bad7,773911401.0160851
5c1bd88edef0a4146c871fcc,628695417.2639161
a28a31f7d0e3fc6298606078,525947186.1870996
f388112376e68ccb2290074b,707655395.7757219
05d1c33ea8c89ded7391ea92,525888133.15934765
dfd84193c81ca8430fd27ad0,773911401.0160851
8b89813a4ae5f9209f854be1,773911401.0160851
d7b9566ffb28c753bea96f0e,707734859.8120646
8062b4109c12a95dd62bd43e,707734859.8120646
6d305d6f3e3c2a53515d5f6d,773911401.0160851
ff143fed55f12a0105f9f88d,707734859.8120646
0fd9a2a99c44c9e5565fc17b,688691769.8634132
7f85c59323701ee0e75abb92,697761931.5653324
19baa03dc4143a83920a7d2a,773911401.0160851
bc23ec33573f28442b36f60b,525888133.15934765
9957e5492f63fa295772246b,706570353.6212863
62e376b22a4cf0d84b7f6bff,775099855.201287
0867853879129bfb46dae700,773824506.7182506
92c5129009b7e377fa004a93,707734859.8120646
6b9d38e0b9a3e28e3e695be1,834343071.0272385
b6da2728ee41d035da57c822,913964362.5202608
adf5879151c7236f5e055e1f,834436761.075409
bb31607d0bc3ee4a37fc912d,744992311.7275362
3ef8fee6a5cf42827d8bf562,915470677.0052243
e6016afcc032d20fc9d6f2be,824219374.4952025
f3962b552d34eb8bf38b4763,834436761.075409
bce7369d51094d3a9d3495e6,915470677.0052243
55bfd350162592f2571e3a0d,796468881.4900962
3f226452520ee8f04e306bb9,913964362.5202608
b16fda9be5edaf4cbcf07122,834343071.0272385
e6f5ae869a5b7a30e8f0fd0d,913964362.5202608
ab0babf6941ef43c35acb951,913861743.1617364
3bed16373c8ae820187e3d5a,481693238.7110776
bc1335d419a1c0f6e6860470,1079362385.4879804
98575cb25b358dde32ad042a,1079362385.4879804
fb50f2f13a30fccc3903577e,985442857.4103748
7a608479334951a3afdc655a,1166348848.4315643
9cb40496518bb99a7a00a2ea,1163906861.5090322
a69ded1c20e05bd6b3a90028,697771911.2716117
71d422db0c0c638e448142bc,788801272.4381788
fad033a3c81708df7b6ee73d,696623798.1058382
99fae85157be04554b236007,691656054.0427748
dcd314dabc7d162cfc29c81d,619914729.0201393
1c65d5172e53b4c7f1c4d6a9,619914729.0201393
cb6d4db44c789fcfe8236b40,696623798.1058382
ee2c509989c7155bb472c5b0,639064178.8028637
73b60c9053ff8193c2dd2823,785336806.9801457
2a487cfffeb12837a5586a41,614481277.3212439
c9d285946ffc4c4b3ee95da8,792281021.1744251
6a21be8a7a429eacb1de8c1d,694707252.5690286
2a7fc28219bee48a2368e730,696623798.1058382
5b169f28ea1dc473ddf11580,292964526.8710396
58b3ab31de2f9fdb0da0dc8d,609871203.7597463
2054c61f0162a18c6fa2291e,339585661.04250294
39940234a26e7264b464450b,594996302.723818
550157aa4dae5fafc5d795b4,584683426.2061975
ca87bd8401c0c7bbc4b3f286,753475186.8704473
a8fdb6fb681aeae4d5c22f9a,821770379.140925
998c864a446f06d114f42fa2,902763589.6840452
bc57535516748048e38d4a2d,810333289.06453
ddd55d8001b809f304883ce4,493570154.9032822
b9fecb3e6a507ba17764c303,421857365.2586592
4bd30aa3e2b4aa077ae27490,694707252.5690286
d7ee2851bb69088f851970e9,550121119.6010984
40eb0c78da8b51b53548d914,1053455998.5454105
1097d9a61690cc58a4b91e62,554776018.9243841
6aebff5b1fb3a438c2c7969f,383380698.7169732
af672710affcd7e44eee9ba3,554776018.9243841
fbe3b74f9e11c829d4dc69d3,985442857.4103748
6b7219005737d8660d134ace,1079362385.4879804
042bd2cfb2d33467149ece1e,707734859.8120646
d5999beafbdc8acc8a6ad809,628695417.2639161
4ba65b1fb8d8ab0a914b0b8c,532356152.0992295
230864c9c9c5959f9f0d36ee,655172555.6853665
8520fdd4f5fec0ba861ca9ac,506502795.2261222
447dd594fdadb1b12ab32e6c,656252352.6131791
3d405df6e5dd012419f43ba6,834436761.075409
e120c33346ead011ab7789ce,598230606.98454
505740f7746e0154932dbdc0,349102083.25191766
e9a427f23e80fa59d9d517c0,448113946.88482755
97388d009acd9e5ad49e7c4f,348488538.5795613
a100f050c34e438070ff487a,598163438.0186
96d14a1d29b7abc2cad573cd,617192024.023762
f69e25355ce3887bb1078fef,599216557.274948
86276ef138e0babab9863276,349102083.25191766
344f3bcc1acdba48c12f8441,707655395.7757219
f3dbdb2b69017cfa026ee18b,773824506.7182506
ba32f2964e8b68ff5555fc34,793586788.0372226
fb7154b2dfd2a48c13ef70cc,619914729.0201393
089dc5de66c6c4132734b9c0,697771911.2716117
5c2ba5028fd94a6b9859de70,446954936.11302304
e8544410d811163a13c6a326,445352729.72801965
74d8df07206df08e8f3dc232,773911401.0160851
6fb4126e3ff41b8052fd0657,412324577.73530567
ba35cce2e715bda1684c937b,834436761.075409
d7997b9126bef50985bab347,538500793.3544676
da3aafeb2d0105f8e09c051f,691656054.0427748
5daf1136686fc538db40afad,710677146.5284597
88f632cc304cd769e2d4be27,691656054.0427748
c5dc941305b5fb59e66479ba,691656054.0427748
ec422df56b811a0aa42d8bbc,691656054.0427748
bc8bd1feaa8fca4c52e130f6,483456306.8211946
60c116411ab3cca49f7f49f1,506502795.2261222
75ae43992df8ef41eaf9d98a,479460888.0504825
87ee5c7c49ced4ec99f44d5f,655172555.6853665
918f56ffe325f21522cc60d3,359915489.48483735
dae09210f48e5bbe0d31c728,481394150.017022
c1ae2af40e1ea9da6380b8ee,788801272.4381788
e7b717278f7c95cbfceba80b,617192024.023762
387f18b1f01b1aae536752e5,636257368.2026639
c036fb38fbd2d1b59ed5b7f7,713812255.4448862
76c510c0ad11fa67f0e9a4de,713812255.4448862
ff46d9f7dd86b8bff7cc305c,555752750.8196411
23d95cbbc056b4456b94c97d,655246126.3188766
fc65a77fbdd07fb490ad870e,655246126.3188766
8f0a61533b6a01badf43b6ed,773824506.7182506
c26990b034ee83450a4517b1,735677192.1158817
53ffa19a09c447f3759f86f3,619914729.0201393
86d80d3757377df6f2b8a0b3,716961194.7032164
c757b3960436c23dfaed4f2d,793586788.0372226
fd1431e595693fac0406151d,483517790.9690457
42b6cf2a5225dc62342d3a20,639064178.8028637
6f8a0e8f1bce0243ea50213c,639064178.8028637
02277f636716264116015dde,445352729.72801965
b72459ea34fa22d1fd012dc5,707734859.8120646
cf4ebcab3fe4d12e1a20146a,796468881.4900962
ae2c10850b4a8ffca934cc72,913964362.5202608
0e22a41ec27869c8f83f9be9,813322731.2451522
22a43024821ad081e654c5be,815540593.7472883
2054c223fcd48a48f67d02fd,614481277.3212439
9af6ac77a9aa0c6da3cdaeb0,339585661.04250294
6601706d2133f96aecfcbfbb,599149277.6071136
ce011b7462e9be36184a2984,496564556.3552599
f759f71e444c16a59187a067,693564181.9894474
84cfb0342a0bf2c6777de39d,532356152.0992295
760fd4c893a56a4586030772,599216557.274948
fc174b19baedc11f78b647d2,773824506.7182506
aff9e510eba008f3ba5c1847,773824506.7182506
a5a4c0f268548993b61d65c6,735741080.8464458
6cfb8a07fc1100569413b33a,707655395.7757219
94301e20cb91669986c4b34f,497934469.4815479
52c1ab7484e412ccbf5d57a5,697771911.2716117
2538cfce1c108ebfb1056c8d,655319705.2137846
d57541684e5c00bd9354cc35,607799615.2259113
123106a60208725514f3a343,598297783.4930171
7f2a2959f5ae816761be658c,1071221750.6764097
fd5758238e7ec91e415779f7,706570353.6212863
e3197263bf47b3d37f027e11,706570353.6212863
8e5661e79f4fc282abac1f37,775186892.7105473
cdfc387f8246a1bb3110d724,773911401.0160851
c53f3bdfe8159bae98ab005d,915470677.0052243
200ea08f57fa23013d0e661a,913964362.5202608
603c736378e07570fb985ab0,915470677.0052243
cc019e30685c91634d2fd4f4,834436761.075409
b0d394d6c9b8967250854c66,913964362.5202608
f7a79e1211fc72e06a3a82b6,1081141294.231536
8a1ea9d91b3d8a66c6341243,699696911.5322442
22903633f8c4d91158f65c58,500131077.0447618
bb67d95fc94532b1fbe80ba6,622649445.0636604
a8e696037f8747f562ec98fe,404911305.9668156
72e4fa00e8aab44cf210251f,706649695.816078
d70948f87875325380885803,1079483589.243843
a0e53cdd1132bd19b8ba0c54,695614220.2280163
882eb7115cd5b8b09fca0e47,785336806.9801457
529d6599d8a64c63566a11e9,614481277.3212439
e26eafffe4ca3c22b7f4a272,788801272.4381788
4e4abc111c07656e5bbdb0ee,693564181.9894474
46e7860100b0c09a6a475b9e,693564181.9894474
7bfbcfd0fb8f5b6d553c2d0d,693564181.9894474
5fedc401fc32ecc4d9ba7e89,496564556.3552599
aee8b22ecf19495fc5894a08,693564181.9894474
313e17c442fa3040065b7489,619914729.0201393
26206185deb023a344eb2e99,797087647.783856
4a9e2358d64df916e2cfa213,555690351.2413597
2f6515defc3b21d82e0ca4dc,506502795.2261222
a9b18720f68c7002dc71c3af,506502795.2261222
af911ba38d5376a8aa53fcef,655172555.6853665
025b094e1ea7248f4aba72f0,367132137.62261957
f81aa0f575dbbacdbdc681f9,599149277.6071136
848067a69d18a171e7fa34f2,598163438.0186
e22ca3f1c8073e246079d57f,599216557.274948
11444a88bb3b230b4feb5b58,598230606.98454
7a9264f3a12de839a42c1783,598230606.98454
6d825b439d8622ab90245049,599283844.4977504
d2d317f2990465269ef58c41,706491020.334985
2860e4435c857cc8a661ec97,773824506.7182506
39c70622597e64c4821d0731,775099855.201287
2d6f5bc20de99dd0bd4e34bc,718256675.8132235
37ac1ae3a7e2a3319eafbb58,600156402.2934077
fe6fb32f623a9e3d5586a8d3,738959568.9581418
501531d637608f7098ba6242,707734859.8120646
69f59487924240bac2e75bd4,800502643.2487332
358e1287e24c3c4fb353315b,649903959.0251698
55e307c88e2a943acd64a9a5,629674556.9146734
19105db21495d546e6792a25,707814332.77158
375419559910484b17782b47,915470677.0052243
c9d254244e315974cdf5d921,913964362.5202608
adeb9a6ac3d357bd96c019ea,834436761.075409
b08e0cfc5bdf5bdf5068ebdd,834530461.644219
8da2439f391c6db92b9260f5,834530461.644219
d0751cb5e704e28e03514fb7,622220183.5525548
9051c6d14018b4894b560e2f,834530461.644219
54c3eff286c62f05ebe2ba57,498755120.63021463
975ee5aeee84593bbeb331b1,358334717.71798015
5102f4786cc032e24781c7ab,921534283.688541
cfcd97bfad6e013aeb57a2a8,708268601.5114136
f304bc9e9edfc24eeeb720d5,696623798.1058382
bd05a6f6ebf924adf92e5577,712565539.8649321
a7b459470ef58ef3bed7437b,553312865.687018
37e009a57645b845b1673b8b,542789375.6091738
b70082fdca35092802f8745f,360760916.9207025
8a69b9d7461107db6d16d1a9,594996302.723818
adf055978a7a8e9bbd88e741,503159860.4403261
6c02bbf7f6b087a1f0c8a47a,599216557.274948
d91017d9c530e058ace2e017,628695417.2639161
89016540f8b3fb727d863bec,777653770.5222546
506b653545eebba4c8821588,1077327688.531605
01fe5add1e7df4b15dd73bc9,472075402.9391207
4911d01ea0a4505d5db5bb2d,453769690.2677149
68bda8b092d5a53a35dfaf07,957832061.3812226
70bec150e1d8ac537cfd90e2,955015084.5184383
0e21abdf04b36e5f6a1fc337,1075796125.4316614
f53efb47de2bca5912ad7517,747741247.7479204
82d6244acae149ed9ed88e8e,495747509.55873734
755a4fb96ff2b2276836f49b,693564181.9894474
f15ae83fbc4e4ee3f646b4c9,467812267.6631732
eac458ffc1da75fa1a4ab384,627658819.4482238
6f7bc7fd41ed908494d8e098,621284494.0438377
12d1678bc86ccdcc8ad756be,790982943.4261206
6e07d31b81f3fc9b9de8e1a8,1133914744.9860015
6c618bfe55cac120a4f1e08b,564723600.8483487
22958cc4622a0050d1aead77,572565989.1623993
c7c3da1f12d872a3726736f5,528084517.583073
ce30c2c7cda56a69005300d4,399249300.6357216
7a26e5936765b409b7b73cf2,830156411.9811355
8d5a73b1d27a66b3f72fa662,718256675.8132235
3b8302dabc47048245acc09f,728826982.0037485
909182c92bbc39b00536ce6b,371718293.4277616
963da21c3c571d7bbc36f1b6,676429519.6204195
a73504d5982fef268f5ff589,696623798.1058382
50563038c05963223b459beb,696623798.1058382
b9a0058c58cabd619e226178,699696911.5322442
0037d98f6ac46a86e36def45,551390888.5316235
38117bca778373247df86e14,450090774.2491467
4eeb8b5347526d721092a7be,554776018.9243841
0b6cd71df4dde546e665f865,554776018.9243841
bd066d5d19d41c06b904d51c,555690351.2413597
f10e210fc04e3fb073568323,554776018.9243841
9f504cc4e6b170155d38c687,554776018.9243841
3e4c1e6435ea1a9c3150aed0,450090774.2491467
052c93502aa794e0574db9e9,554776018.9243841
343f45e7d178eb780a9a9818,450090774.2491467
c0c4fa199f0ad751930cf78d,554776018.9243841
5d86154fc1769d4dccac1269,555690351.2413597
e1fb88779e55aef2b66f2c10,551390888.5316235
c26af6fdd00a85a17b823d92,554776018.9243841
be3ee4457a26c6b6ad4237d7,554776018.9243841
9bdc79dd02cdf39f92e8c869,551390888.5316235
1d4bafec52ec7575161bcbe0,598163438.0186
0f15a78ce3ff90b6894fe3c7,655172555.6853665
afa5698724bea14940667231,598364967.5448784
4d8e365b35a6b8ebe6d7a15f,656326044.4992406
6ff848f65f2507e58cfaa231,445986553.28297985
e13947242fe19bc3925919f8,598163438.0186
c02caec41084656408c2696e,583158856.4498631
d6fd079beb9f759fa4c6886f,348488538.5795613
d14f7f939468e641c43abfe4,594693004.5094849
8f6076f8ed13e87862d82255,479514727.6702454
8d5e662ba25a71727f1eac77,656932734.5440136
bd2f9648ee9ebc1fdbfa53b3,590905482.2287785
da8f986b6ee6f594780f4a91,656932734.5440136
af7131ea57639ce5aa1e102f,656932734.5440136
30e10a03626eeaf8bc2c380e,655246126.3188766
6caf180e36fe18078703db02,570946279.7551517
a40861d6573e4539ee3c23e5,584946091.5189501
d5f905cebe05262cfc44bb11,706570353.6212863
809800b56b7b29399986115f,697761931.5653324
6b2d7f88f15cbf7d998986da,775099855.201287
a0ede3a514cede68b721d994,706574034.2590467
179d467dacdf674a66c7310c,707814332.77158
97f9cfef1e35be84ceea2a46,775186892.7105473
b7e01962fda2102f1402a444,706570353.6212863
6665e5bc4774d04321d1ba9f,525888133.15934765
6c09a3ccddc797f77d63f1bc,773911401.0160851
97986583e1c988373765eab5,775186892.7105473
56807890f8587cd75893aec9,706570353.6212863
0f2fb3cf22613a339c88f7e4,706574034.2590467
a967a4f0b1dd36d7264cb408,773911401.0160851
08ead1ac0b9b30c2a72db17f,913964362.5202608
1b989360ec91f5da55806bc4,916214029.8380632
b289cd856f9d15493d31ef6f,913861743.1617364
88668347361a227b6dbba15e,834530461.644219
ec3f1679451b9c0037f89386,813322731.2451522
9cd01a5cba1674559752f5c4,1079362385.4879804
2bd96c7fe678945fcaf9662f,985553514.755037
9f118569fb8b084f0615fa22,465881663.7121567
033521a46dae036839ad6c90,285598493.72198564
bc1ee1f8ffe1ac88f08e2459,655172555.6853665
c62886167530efe1f84086ba,574517489.4731956
d58f191c74d26bc1fb02cfe2,557121424.4365902
981b55d5c38361caaddaddad,693564181.9894474
ef26c0f1cd9e3203ad16558f,617192024.023762
74cd885ec200a0c21fa9e03c,635210471.0010804
fcfa51e5eec6829b9f4f2c59,423913925.7555091
c3bbe8c09f5e58281dddd412,684844186.4351391
8f36d25584407d9e3c326e71,832557001.5566832
51f4aec91124a9a96f4c5372,696623798.1058382
b7becde9261820feb7cd926e,638012663.2780834
65070c554133f2b4143fe051,709435906.6027845
c2a2ddb94f60de25378aecee,707734859.8120646
5ec3abf721e13b0d55829bba,738959568.9581418
502aff943d74cd4cbb976dcc,770792383.1736164
11e6e5ee92c97e31d34db891,1050529124.7615905
b1589aa1f58f6dffa93a3a61,1257577829.1038666
783ecf989538582ad008fd95,1116448784.0235708
1770bd5b0a07a6aa785e0caa,790101304.2896998
53715a484e20d6152c76fdab,788801272.4381788
ef73428a38c201019267afb1,569020434.1791205
932a93e3ee2093d7f806fef8,582777870.3389689
00e9afbd1d27062a7bd40a3c,859794409.5352252
a11a82cec7f8a243e2f90539,657495214.1507331
e4a70600296b0bde6c28fb19,728826982.0037485
0a1b1a3d68b04cdcb2d757cb,861104307.7875965
7c06a2f06cb4226f9043578c,755377497.1261675
5e113e1e878da12e312cf875,868615826.1322775
a72f5204153b7c92f52d871a,757952081.4506114
fc17f35d300be9680971f95b,785336806.9801457
13ab6a062601d40843de37b8,691656054.0427748
22abc78ce812c519511f8a4c,790069473.0215925
faee4c33e892029b79b63742,790069473.0215925
c8d39eef5a5422e0da4172cd,554838315.8304653
b13683c625c97c23333269eb,507337567.92450166
00e7c5894c739852052f566a,655319705.2137846
2703313a3e5a6fef2157928c,583093379.7308326
8dd453e986d05c6c1dd104d2,502429732.47013074
22b34331d7ca2ea642d29946,532415931.4337316
23187388f9d6e2bffb88b9ed,775099855.201287
6b49a668de0edbe7f8110740,775186892.7105473
ef0e5b23069a9fe377b77ccf,773911401.0160851
c37348f8247ade33ac513855,706570353.6212863
1d19edc1e0d907e5ab0899e5,707655395.7757219
c73ee8d419b96c6e7c53f95d,706491020.334985
6251cda3676ecbdb6555c526,453481887.2002581
d12d6ea066b67c3db9b2dfb5,914066993.4021144
8ba4e8e071e458a13efd179a,693564181.9894474
9b8d798a2c455a960ee74503,533835115.4578918
d663ca1a0d29b4cbc5cae9ce,788801272.4381788
dc3b8d97b11cc2af4cfbcc79,793586788.0372226
7d50144c4b2ead9b7b9f594c,793586788.0372226
ff9cb7bc0b972d4515ea3837,339585661.04250294
267e46cb9eaec6c7009348b6,446036634.0029021
1769a8ec5ec94aedc397b4ae,446036634.0029021
dadd9ddd29102f529caa3bbe,521173952.97274894
251903f4b947b337e0134415,598297783.4930171
e1b753c283bb9c6d4e438bec,643179885.062884
16fb51fd3d35db53eebbe5b8,766201419.3483565
8f543f9c31af1eb17ef1e353,567777704.3817981
20c3cb2d4fa486b23eb81bc2,773824506.7182506
6fb9e9ac6d44d3a286f317ae,526754855.0414395
15b57b0ad8794d64a2784ce6,717074857.0375106
d9ce31250d4ae25c3b850124,708547293.2038198
f90efcbfcafe544674c02586,706570353.6212863
05a98feedbd3f422bf063112,706570353.6212863
ea359d571ad0c986f826d31e,791026068.1515983
b02f1997e6e6f97dc808b8cf,780193377.0034199
307acb7b4044cfa5680e4227,934490220.4853582
ddce386b0ad3199ca09aac93,757153920.4476115
9e28972500d8ca3fb3b76fd9,754187310.2138736
687b1dd576eb7d06a08c3439,832557001.5566832
23b2b5b9f5bf3e1208f5f80d,835812005.2660338
dddaba511b6a18f49b41c1af,834436761.075409
874e3e3ec6f67c160807628d,835812005.2660338
67ade5109553a9d784886a46,913964362.5202608
6879f05563a9f0748088cc65,834436761.075409
dce05cf86b42124fc93d41da,1030999936.4055878
1ea5db844a6d3a926480351b,657495214.1507331
4e9acf6e9f80f65178766740,728826982.0037485
a35450284f8dc27e0ed717f0,934716031.8425599
069499abc4e393fe540777b4,407330094.43332255
cd10d6e28fd7ce92518ea31a,834436761.075409
3edc0e70e7cf6a21be2f0d53,339585661.04250294
2e2ff1e620063f416a387058,609871203.7597463
1ffdc10c53bb83d3be84c327,644410595.5569371
3c95dcc4bc3788b4cd5602d5,693564181.9894474
aa592f388454d575e0006206,616055620.9660897
f7e5bf5b0f6157ed1f604d37,292964526.8710396
513c6ea5a3c2c560c409eaa8,874406237.4059843
7cf15f80838e8edf4f9cdead,921338740.0395749
49737c7682eff2513869b3f7,786858293.7029514
4e8cdb49a2bdf68ad8d12625,718256675.8132235
86af11931b004aad3fd27b88,684844186.4351391
90921c9fce21986dd23bc645,714515758.3976469
d79d71be963d418a4c9dec68,861104307.7875965
c27b2b735106bd5a77a15616,738959568.9581418
b6129a71f8e320aee8abd0c4,738959568.9581418
26922ebaf11e35a7a320d30b,868615826.1322775
23f859b889afe2639ad55a21,697929582.4170687
ddf47d32045769c0596826db,1154319012.1714976
1d0c635770f2e51aed4c8664,1257577829.1038666
e6144e15d5cafcfe87c07c9a,495747509.55873734
a7c7923f9a4d004eab43413b,766201419.3483565
42b3b56289972176c20c4990,486582090.4173095
b63f49396431089dd646837f,631409461.7363579
e0b041a39e732783f98bde56,835905860.263758
409eb9b8f2ba87ca299a7f6d,496564556.3552599
1a46c13974f3634ca6dcb51e,693564181.9894474
4b068c79664179605b145a15,790101304.2896998
afeba13fa3f81249549cd2eb,435684440.14438075
3a3ce11d981d0893ec732e22,684844186.4351391
ed68664efdb7377c33f4010d,744032780.6168233
93de58cb0d8fbe74b0cbb556,725156191.0587142
faa204421a94ef95b79eddf6,738959568.9581418
acdb13c4c8e2a48b0bdabd91,755788264.6357626
5271cd1cb962066407490051,915793131.9065175
933251193ded6df07c83128a,1087784856.6859527
524e00e537f841c13497cd52,466582810.661838
a9d4f256527be98066c493fa,773911401.0160851
2207c1ed62f59d6eacb3c18d,598230606.98454
97ea5dc81ba49ade4f8f580b,655246126.3188766
72488318dfb2181843f17c03,775186892.7105473
76698030899efea431dbb81f,506502795.2261222
e84888d2f22e14a5016ac789,656252352.6131791
d9398ef84ae71419cb7cc82c,706491020.334985
6d32649478d9d86d840969f6,466530423.0297918
81600c1e6b6e3ae770e40b28,915470677.0052243
68075b0ac8e779bf5e66dd3d,598230606.98454
6d7ac64b8b9f27f61fb155ec,466530423.0297918
d3bf3146ec856cc26c607d70,1079241195.3407972
d12298e0d398e9d21d2e2eed,446086720.34649146
97b69097fee8d8496a6b8c04,599149277.6071136
fa6e53a7107c0e33e3d505d1,914066993.4021144
7279c610bda9354e1c840b0e,656252352.6131791
6f3070318ab65b867b2702f0,392704749.2197674
e08aabb998103a941d24d0a9,595673124.4392478
415e1faab81016a460db7a0b,594693004.5094849
8b871cc48b99bd4190877bd3,551390888.5316235
7240bbe28e950ed75637b504,529208094.4450586
831629494c6d15d5ff6a00a1,551390888.5316235
1cccddc33bd892b44d7e4b7a,705411438.0894071
f9cc6760b1112ce5197bf399,706381963.1420574
0901e845b6c56d4761377a09,531542663.6986843
2a33fa5b25963f3dc928f668,695507760.1584638
83e9507b9ca2987a21d1b195,527839340.16670805
9381bdf491d48236e84590fa,527839340.16670805
c041a933261204155415c2d4,777094967.7835304
a1cd867286d6e82181e5d1bb,656932734.5440136
240d2474c81482baaf79b6fd,656932734.5440136
ddc1c85af165e47502447242,631371392.3487859
58f02c785ee9a506e899b967,476714974.2646146
8b353ba6823f4f800635f0cb,711648925.0856218
68cda50b602acb4efeb275a7,663370097.2725694
96cb3c08c80815907de81e73,693564181.9894474
f54dbd8f0aa752f79c581e5c,793586788.0372226
52a438d024af0d5c38627ad0,694707252.5690286
1b5db6af0a1c0f7787064020,718256675.8132235
84a7286c91f1ca3ecacdaaa2,830156411.9811355
bc6d6249873222ac7f22b73d,738959568.9581418
12501015fb631d7c10ff08fb,786631129.0089251
85b633e09a41cf22a10f28c8,788801272.4381788
7acb92246dbaaec1cc7b423f,598230606.98454
bfba8fe959dd2e44a4202943,633688059.049573
5325f16558ed6d2689bcbb46,598230606.98454
d4653d505cede3d24e258d4b,633688059.049573
5146ecaa8b7ed507c4f30785,757952081.4506114
f5b9cbae30356fb3a1d005c6,738578285.5076292
205ffcec56fd884ab24c5600,709435906.6027845
ae7ce478fb66882a2c952012,696623798.1058382
efc9ae02fd6c3f18db866cac,699696911.5322442
2221052e00c236f31e6d5a06,691656054.0427748
54673ffd4971d04493a1b1c7,693564181.9894474
b0bbdcf0916b246ca95c4721,788801272.4381788
1ef15e2b882a0da85858269e,498755120.63021463
9881fb167319b34cc23da955,792281021.1744251
9d2a195e645a9e8556683b4b,788801272.4381788
14acd96163e6b3e17177f35b,655246126.3188766
b2c5af8615b8899deb16c896,598230606.98454
4c40683e401dae89f6537ab0,598230606.98454
dd007a202a0a3d56ebc4868c,655246126.3188766
6d9c89a406cf2e755d4172c5,479514727.6702454
7387e7e385063c180f05a7cb,598230606.98454
9dfd5df5a2efca3fbf2c07c8,566291402.115038
2a9e75d221912230f98485cd,706570353.6212863
86ce27f9ca03821d13030f18,706570353.6212863
3dbf89c6e97182647bb44e69,706570353.6212863
eaa4893a313d85fcf38dbb6b,593286661.1457188
c57e1c323ddeaa7475e5189e,683664598.676571
84856812b63dfd9630fa49e7,737445829.5426066
945202a450bea48fa7f2a95c,668846948.9416449
fd689e54d5c418dc9f2425e7,913964362.5202608
eb90d9e9eb53b44b07ef9613,834436761.075409
79005399fa92d05558fd6f6f,834436761.075409
5cde51bd6de3759821216d5c,835812005.2660338
230cb38e035b85a4353220e9,694707252.5690286
a22ed42197987a8534abf76f,469781801.4859502
43a2ceffa8ed90bc1a43255f,498755120.63021463
8f2fbced5d357bcd6b1c7de9,795776120.6101292
6e895a15d402ea7fcee98156,792281021.1744251
b6a2406025f0e1fa09690c2a,498755120.63021463
f46d46ccc7fc415433e471e4,478299997.9447893
71710d25975271eb32c0c8f4,445302725.79644716
01b7bb1556b5c32df8f618cc,616671485.8925593
56e5afaecb2cac6293cde16d,502214706.2203664
70209b9024acb3e5baa769ff,643179885.062884
efb0b413b3f661b23d674b3d,766201419.3483565
251db9c4b7398902b38b4a4e,656399744.6603159
e3e7ffecb903d2daccbf8a53,544151364.9524022
a92ed9a378272ff174ce2688,448808575.9621381
40a53a3f3d49f7905966295f,719599621.1349825
bcf2c303fc03897585831351,784392423.1015314
4b0ac2ce45d7ee385ca369a2,827381673.3283889
85c7e8ac008493b34e8e0176,706491020.334985
0ff24418ecb6888dd8ec734f,1089486580.1718864
3164e0ecd246b8ed6cb6d054,934189734.7162676
5f52e316136696cdb56e65a5,614481277.3212439
5ba4bb943139d7930cb91650,793586788.0372226
ba12ab0869d66e03df12b6d2,632903576.6621132
1a111211207627bb4c840442,790101304.2896998
9d2ec1ed9eac77d534ed514c,554776018.9243841
9030f17b47b3940c2e2c4093,554776018.9243841
3b224cf6107d815a2e78996c,655319705.2137846
ab0e770ac42dcc82b472c55f,655172555.6853665
75fd66abeaf040fa76eae2e7,567777704.3817981
c31d98f67673691ece007a65,567747142.2176185
60d5f19c16554cc2d8e5940f,643179885.062884
53fd196fd0c0558ed1219329,384970114.9309617
27b06d060ecf702fc88c7956,766201419.3483565
dc014623ed69c32abce2d0f4,543256018.8712783
f1a8f09837660445961375c1,1010165184.9206867
b98a462d9782988cb54ced54,945367760.5369787
6ae4843a827b36bf189a32ff,585000510.0657835
84e4f6c6b5dec0da7f7ca0fa,495747509.55873734
b8f2b9c2e63f0091b6038ea6,498755120.63021463
e54c7ea1f012656f7fafa49c,694547640.7082675
f25f5df33f25576f805a95b5,619914729.0201393
ce9474244dc2d40f357146c0,507337567.92450166
54bc553b5b8abad0ceed4d53,554776018.9243841
e75d4ce522cf587cd66adae4,598230606.98454
b1f0b12c28c9bd2d16b3545a,532356152.0992295
412e7b9e1de3df8c3dbcf198,656326044.4992406
f52ce56f20251f018d7864e0,599216557.274948
6641ef09c0bf5f3180952b30,348488538.5795613
ada53307260fa34f3a6411f9,599216557.274948
51f0f76e2a8cf50ef3650901,460766180.65564114
da482df3d0fc97f9f8582e22,445352729.72801965
55d47b5f3d0d2dd7c2bf4034,599216557.274948
1a6714ac2350ad371d8280ae,655172555.6853665
0006c9478f4e7edc53d84916,445352729.72801965
dfa7461510c6dbe5e119d106,598163438.0186
5df95b44c73b249be0fc69e3,446036634.0029021
76bd7a0b87bfb6d2723766ec,445252727.4792886
8570a1d8156dbcc267d3b495,706570353.6212863
94116b7517a06255bf4320c2,707734859.8120646
8ba2d7afde20563e38892304,707734859.8120646
f86ab537a2f5d8c2b223574c,773911401.0160851
9d0d2774fbcb6fcc66b865b8,628695417.2639161
9086e6e757243bdda003878d,773911401.0160851
5a3625846567d06dbe4cea0a,773911401.0160851
f51a78ac4b03665561552b0a,707734859.8120646
561a262410ca91d69a58645f,773911401.0160851
08d90f931e7e0a6f43c9d0e0,773737622.1768575
f47c64c8ee69e744e654d4b9,796468881.4900962
fcc4c878af8bdbda6e1fc86d,913964362.5202608
8d9b143cd8eb71b05d32cd2f,834343071.0272385
ce6a3868227d78852fad9f62,915470677.0052243
d82f743ff414299f8c222db9,915470677.0052243
9b2c7e6cfb2d6c66e1ee8a6b,744992311.7275362
6e9009ad01cf466e8f8136e5,834343071.0272385
a4bf0c02f139c695845c9507,913964362.5202608
16cf0d7977ed97d6ae8d2cc5,1079362385.4879804
d96855b0ec427f041e7a36c3,1166348848.4315643
63613a9290bcd9e1bcf2786c,963776185.2318338
32036c1eb131e6cc4f3bad3e,493570154.9032822
ad47e82c9efcfa36ddac0a95,614481277.3212439
d5af3041d95f5e89969c9868,493570154.9032822
f2387712fa17435f56d7b102,690518003.9020257
c1c8024bb6c3635ff655843b,702060742.5011253
11e4350271e9cbb37bcb75af,565695662.2196797
d012efd4a77c5aa5e8d6e508,788801272.4381788
6240b85a47c079cd0efb077b,617192024.023762
85e332a999931ecd0e04475d,404820384.68480605
4ec02a406caf200b700f5c62,706491020.334985
f3270f2ccbcccf3046346809,773824506.7182506
bfc5aa443994e3f3f78c6105,707655395.7757219
aa09cc29ab2f2cfc79e5bc7e,696623798.1058382
6eec5b03718975e5137d5e92,638012663.2780834
6974d82e41437d61c627b16e,792281021.1744251
ae3f7f428b49e6948ebe6fff,639064178.8028637
a9a710b78e776c16eec24be6,696623798.1058382
249cf6f96144f769030d1b4d,598297783.4930171
645f3c4490ce43ed68c7df10,674420549.8778957
3413f37549869d2172b76d6e,773911401.0160851
956600c9a4ed31e588f8c593,913964362.5202608
00ba709f184e70be13e5bf9b,621126635.5705574
275c8bfdd3fec33752493861,621126635.5705574
3206523e850b5b5fbce567a3,767515579.7291161
9c9ffb3401ab6ab90fcb555e,1081141294.231536
4962650cfa3decf487ccbd0c,797087647.783856
a541b35c62878dc2c425235d,872335039.8245623
2112e589911b979db6e05a6c,738578285.5076292
c9cfeb97323bd6a0564e1903,655246126.3188766
30e1bd4619483b0e896b5229,598297783.4930171
48aa146a36aba8a0270a8a1d,913964362.5202608
678a80840673787b3aa64228,706570353.6212863
392abbc83cfacfe87c401e27,502373319.9676719
51744814dd3a7e60c0791041,707734859.8120646
c6faa5d2ac8e74c26fdaad4a,707734859.8120646
1f2c22839c470363ff41551f,834436761.075409
5438c2127072b47e3af428d8,834436761.075409
32e182242a654ac03a8f3ea8,445302725.79644716
0a45eb817938241ca988c2e3,656399744.6603159
e74d815ad652f7046ba33295,537138093.2934493
2887a0d34994d284759db20e,693564181.9894474
621c3051ef29e8da01e6bb2a,790101304.2896998
54de2275006e273686ae5fac,793586788.0372226
b0a0cc38f73c9d90bff6ad92,696623798.1058382
f4df4ad4366bd794594c111f,864357527.6030319
763206de4c26e3825b69f4c6,773911401.0160851
d5ddcb0a54416bdadb4bf57b,656326044.4992406
bf17eca5afccd9cd6299b9a4,773824506.7182506
02888257efaae858fdc7938e,706491020.334985
1f8ecf6c089ce6168b3be52f,775186892.7105473
fd7a48744bf966e417f34a51,913964362.5202608
655d6eafd78be856479767e2,773911401.0160851
27472c6c6a801eb749b9719d,707734859.8120646
18fd9bee381e7a8c29a44c4b,706570353.6212863
da5d47596a755078a2261328,655246126.3188766
737c83218f0e486ef4feba40,404820384.68480605
2390c275fccc98eb4fa33af0,598163438.0186
35616923c84423b44d1d1438,834530461.644219
22fcf0650753e2b5a2fa3786,674420549.8778957
9d8e7178912841c2a1232ad2,598230606.98454
36c2cae6de0add92f32d29f4,706649695.816078
699b68daa574a0f169436ccc,595673124.4392478
c3bd0b8277a37832f56be54b,611655367.1513996
6b3411cb8c50c1498572e681,614353647.5234416
fad4ecc419fb64b3f77971ad,598300900.1216763
4034cd9a70d18fe0c883a0fa,588930386.2981462
8f9417de118ef8486538955f,916214029.8380632
33f4f9988387bfc237d114fa,785336806.9801457
40c9f947e826f89c6ff3f898,358334717.71798015
351701c5d1b821253e2c8c42,493570154.9032822
f6b405af32c398147475dc9b,790101304.2896998
45750daec6238508791d0d4c,694625632.8486379
eb85bf9ab77f59615960fbe0,788801272.4381788
0ab6e52af85ebf23432d7698,617192024.023762
9b13a371ed4724d2e2966447,788801272.4381788
081bbc273db70f1d2cc84ed2,694707252.5690286
e113c48e4e1b53adaca275f2,694707252.5690286
4bb0666c55d174e0280482a0,693564181.9894474
ca516516b33dc09d712b3154,788801272.4381788
631e6aee6ec1f720f3c78775,496564556.3552599
c7746198cb5871bd687c2538,696623798.1058382
58a5dacf2f664512c2b00ea2,696623798.1058382
6d8998442d831addafbc878f,695926720.4948647
7d4ffe0038b3ebc149d8f4cd,640827217.2555217
55ae7bc854658aa5fa49d368,617325460.7170546
042ff73057dce4d92d383cf7,342787009.99607605
807c04729620ec60ef18598d,445986553.28297985
5dead94ad2dd86dd41448994,598230606.98454
bb90c874275456d5fe0de83d,599216557.274948
6ea5fbf037ba7e5c74d7ca39,655246126.3188766
86dd7931177df94a649a4d62,599216557.274948
58ac250fa52a1ac7ce39f70f,445302725.79644716
2861f1a224b4c879b845779f,349102083.25191766
8d06af8e439c45e0e125de91,655246126.3188766
bb2dedf6198be0f3ce2c4ffb,495904377.63933396
57d8cac189a13c180f08cd2d,445352729.72801965
db575f8a4e10a29fe81b335e,775099855.201287
e8c79fd41b001fb1da0d4fe1,707655395.7757219
b81679b32ea288e9665dee49,1081141294.231536
841482deb90d19ecb1ec8a06,786631129.0089251
214df9371aa59f68e5740212,565695662.2196797
bc52abbda9027e10b879ed50,635695592.2153419
ce8ce41a36b610be164a25de,793586788.0372226
a67412a01feb64ca6e772858,793586788.0372226
d87896f889ddfe1ba210d74d,448113946.88482755
556a39ca66e10ba3545f2234,531542663.6986843
50cb893af4ad0e21a69f05d5,654047444.1082565
3b5a5d6536a9fd24f02e8ba0,348527671.0528797
121cc20fd81d6322f56d5c53,594996302.723818
b9c893f3c3ac4dce40d0ea19,655125386.7275913
47bf8d322af3c13e8868ed0a,654047444.1082565
a4325969a50a14c948446f9e,772408901.7522848
4583a6b01449530079415768,775816336.5443585
920e2bd03c9d34e36fc38ad5,775816336.5443585
0a59b506798fb96edd7681c7,676846853.4325024
e8d2cdda77c1d885e21c7bbc,1075796125.4316614
8abe99f2b71b13dfe7d71616,1030999936.4055878
c07e98122103d1546d995f9b,917724052.0239024
29fdab43da21ed0d22c9c71d,418694433.12461287
f2ba7982bed03cac394ef87a,706491020.334985
eac89e705cfd337a99417320,507337567.92450166
40713332e88c6d3a393c8b2a,445352729.72801965
a9aad230d22f7dede73acc8c,915470677.0052243
3b7fd4008e14e394dd09a0e9,1257577829.1038666
098327587a877bd50df27551,557121424.4365902
0379b6a001e4018c34e944da,539510600.2828588
45f24dd99d362f49c0adb875,394183990.06191564
dce1dd028695bfc5a47aa6a1,539371464.3444126
cfeb702df06baadf29f12eda,411162853.982004
9ff5828e084070628ef2ad96,528084517.583073
6920e6d7fff656d66844949a,728826982.0037485
31ed69311bfbbe000f4483d4,594996302.723818
d300473e3d2ced1177c9fbd3,790069473.0215925
2cb64650b876ccbc7337a0e4,359915489.48483735
3ab2ed6d140698cfa41f2e3f,598163438.0186
9f8697b55cb665ebb054f9fd,446036634.0029021
7e844f8a24422ec3b833b4a8,425343484.3350111
55a615a3b3919798d54e885f,688614443.97354
fd26da8e62b5d1155962f0c5,401701659.5641325
ee9171c496fa78b1461acf88,773911401.0160851
d5182c47a954c964445f25d1,668922055.1000576
e064b4dd7b4e64a3e0016f0b,773824506.7182506
36753a5e31b0edb1eecb8bcc,590905482.2287785
c2ee475efec76c46efbf1b08,600156402.2934077
3baeb28cb33d048bcd6e42cf,358334717.71798015
6a6d990b9b1bea0f844d3065,786631129.0089251
e93dbc804920c0bf7bcf8cb3,691656054.0427748
b9ea1b9fc0e46ba0724cbc0c,691656054.0427748
95e98113e39820523e95adf4,691656054.0427748
942ed340950f02adf9749a36,495747509.55873734
8538a41c0e0fdcb3829364e8,694707252.5690286
804289a128775f7d1652cb43,606214064.0050013
3dec1da01706b06f5d6a9266,495747509.55873734
fe004acdfad6ac6b00911ef0,585000510.0657835
6c679d5b6a1c1b74bf483478,696623798.1058382
ba54b5ebc5d4f554bc56dec3,497934469.4815479
5b9469c3ff6b197bfe3513cd,709435906.6027845
2ca6ce8266afc6721d179335,792281021.1744251
94160aa4e5c54bb479b1d0db,295054142.7235529
eea6a2137473c3ba6708b576,404380974.0799527
9969f6f4bfb29e3a97c2fccc,598230606.98454
68006626a3321fb0de032307,466530423.0297918
2149d04442f73cfc78f93bab,656326044.4992406
01cac7d033166094ab9f87b0,655246126.3188766
15515ecdd35e9f175842a738,595459850.0555097
86f1d6fc54152004e69027a0,773824506.7182506
0bcf7987c4b0ba485c44caf9,628695417.2639161
107fffd601a2bb7a3e4a69e8,773824506.7182506
5a44636153b1d4a74d58513a,550957357.8072504
5ae08e5999ca2ba0a1e2d8a7,600089017.1003485
369e9e64898ea16b7ffefb7c,706491020.334985
192b505186d0bcadb46b7032,697771911.2716117
6dde6686bfdff12620f198d3,600940268.0763702
503a04e079773a04f2abe075,655319705.2137846
42b5ebbca90572b9cea79177,590905482.2287785
0b6f2534f862a7ef551a116c,656399744.6603159
05e06a93e9f01dd3984a85ab,532415931.4337316
c6706db3eb4f0bbb0510578a,773911401.0160851
2babb357d1d828c49bb89be0,697840284.6448389
3951171501fc51e2d830cc82,773911401.0160851
fb72b8e0457c0199e158e599,775186892.7105473
df865201353bc7b915b56ac6,412324577.73530567
8d1b3071f5396359c0b6cc62,834436761.075409
c451b61851c8ae1e6222109e,834436761.075409
e1c33552eeab60683f2f89d5,954396852.280875
1d8d51cfdf78f1361710708c,665330129.0635223
bdc8e1a1e06d387f9c7b026b,665330129.0635223
2b36d797d32013a126e15709,554776018.9243841
13b3a55d79b79ea89a73d21a,554776018.9243841
e57ad52764215c3d54740ac5,554776018.9243841
19e11b2d60326895b5e6ba01,554776018.9243841
f6e1752b9f4a0a3c8573910a,555690351.2413597
062efee92601be294d7346a1,555690351.2413597
e2c3acee51cdd03b1f211278,655172555.6853665
9390ae5c166e1a976e53e16b,499217428.6563065
db3aeb3a96304f3c255e8a22,377363066.3387171
d353be29e7ed2c35b920f7c3,645926471.4136846
893c1b081e383de73b9f2e16,773998305.071451
8302e2afc48d6eda16784da6,773737622.1768575
f1e9676bc91a76740f4e9b0e,775186892.7105473
ce86066ad78dea43089d25c1,915470677.0052243
c89ac55660cee4608bff27d5,598163438.0186
b183776d007d85bef0f6671a,655246126.3188766
e8872302ba40e4ea413689da,444991881.54964143
0afc6cbb60f34f1cf00fdfb0,656932734.5440136
a811af7cf12afb1dd9b8eb86,583158856.4498631
7947f71467036449efb99972,916214029.8380632
2ead9549bab6f1386b7a2c77,613664082.8731806
b54e8d557263624947f979cf,777094967.7835304
fabd2201750747891eb6af77,989526174.1106756
7c3f7b513bb20c918a51dec6,676846853.4325024
0dcc222d83e1bf05f2c2c090,836743148.5053407
3ee3ee47bfa21462a1fd455d,530167871.24425983
1dc3b6ea53413ece15bea33b,840434389.9058166
f44362b932a8b70ad4b99a29,598163438.0186
5372f93d988c3c917629f9f3,598163438.0186
5c25ccfc7ae77f1d85981a79,598163438.0186
4df222356df121a41adadda7,345300323.73740613
bf38bb7a2a7ea663cc8f3d57,598163438.0186
ad0025f5b240d00936c82f9b,525888133.15934765
2afa66b726ed0b1492b9e01b,707655395.7757219
a528312b77b7f84741c2bf29,629652695.9244314
1cbeccacfa11843a256b2e2e,694707252.5690286
d11eadc78d95c96f50b41a10,792281021.1744251
c918e02b3e6d80125a2db1cc,470231636.07882077
b2af005e93b0242e0f62f298,572494759.6614965
ed9703ed896c6118a3458e78,483696056.9021334
8ed11c1d4e7aa1ccf0ea0508,459793744.9983774
9717b066e135a82feb422181,544151364.9524022
294985765f4d12e51a68a451,643179885.062884
edbeef6a08dd17a941634d49,775099855.201287
26cc292628ce4aa87cd287d6,738116654.0312412
47f7065118bcd4c3878e50fc,646740907.4438994
e369c63f83c44329ddad488d,645676760.6379218
383c0948aac71636973507f4,701550346.7798778
6bd1a412c01387af8810ce57,997015733.0285754
4b92ca1cee4739104e620871,1109111284.8889534
0123237414f757b9c3809f88,840952758.9678845
6e36550a6ff6fdb2711a88c1,1353946341.148219
1b5de74aea685b506a952f4e,339585661.04250294
d85fafb4d5ec056e6db9a79b,567614617.3340913
cd097f6cd92275ec8ace1f20,685956585.9270204
ced1f52def08143f0b2b6849,790101304.2896998
89a03e25c43a555b47c53864,693564181.9894474
f8d64df401009704c152bcb6,509657750.098378
2a5aedaaad2d908122f28f22,718256675.8132235
edd0b57b90629fb00d036e34,754730375.8268481
f8731413b0d976c03b7e05ca,758578783.0005438
01abe3cfc94be46c1153c82d,793586788.0372226
aa7f5d0d2fd5474cc67cc70e,696623798.1058382
4912c91afa6e4aff6ffdc6a8,800359421.580641
9d805330fb0df9ae73003ceb,738959568.9581418
7daa9115f755a6c70411b9cc,800502643.2487332
f5896513d1cb044108d23785,1112773561.826954
3ff2a2fd905d81f0422c54b2,614481277.3212439
02ed31afcba033953c79d95d,656252352.6131791
c2164829374d5e880c1a1f31,790101304.2896998
3f6eba5c365508ac192f2b82,445302725.79644716
3289958459cd87f24089cd14,445302725.79644716
ecc3362a649cf08afef96fc0,445302725.79644716
264e00a64cecb861d2c05b1d,705038610.3440626
d5b5bbf927f763a43190fabd,793586788.0372226
2691d7125e9046e597437f2b,734821935.2515143
7cf183ed411cf82df26640e9,694469657.3248068
f81107599bc083fec4a13ca3,694469657.3248068
3c2a535f1df831771b859a86,691656054.0427748
9e871ee8a61b183aa9051b72,790101304.2896998
e066ee04cd3a597dac8ced59,359915489.48483735
2f4ed160fe2a21722e6299f8,495747509.55873734
e0ae53aa3cc9e9ba7ce65f74,533835115.4578918
78d727d0e61a7c8b1cf6fb1a,638499924.5750136
b42f936db049a74c7d24b0ef,792281021.1744251
62e9330888566f1f826e1ee7,697771911.2716117
3fcc5ff04edf753621d6cbb6,792281021.1744251
d4ae25b207949fbf0df3b404,506559671.4355972
14bc234ffb3ff7f974afc8e7,570946279.7551517
64fbc9cac3f15c0f1a16f4d7,598163438.0186
5fa1c8237da8fc7683bc10e0,655172555.6853665
7bf4beee26ba81ad0b884f9f,556144093.35658
72a47f70aa99d42320e54787,445302725.79644716
07641db461323a5cfcda4f98,446086720.34649146
3af2a1ec9efa6884a8254d28,655319705.2137846
3adca5eeda4939a5ea11444b,655319705.2137846
37d39cb7d3849a784497ed0d,655319705.2137846
b9baaab70cb83475ac3bbab4,579770101.3968787
74e178e2398895d2288e6fcb,609871203.7597463
ec15e2a131d9724b012d68ea,707655395.7757219
ee042a4b4a0bf9a1dcdf1eab,706491020.334985
35381d7a5b25317d7588ce77,706491020.334985
18ac3368b1f6d8f7171b07b3,775099855.201287
3dbb09358256bae5199e1318,584683426.2061975
4662aa1c44351dfe271e3a9d,773911401.0160851
034a30994bb2e0e446e35957,706570353.6212863
4cdbcefc434b48ba3d51a498,649903959.0251698
3d3317303679a6a5a381d0ea,865665343.1866486
68f4e3d4355bb71db0f35a65,622746096.4959424
b3c77f4a398b61d9c204f8a1,773998305.071451
3865974fbc1b412f24c47eaf,706649695.816078
84ab3ece52fe00ee50f057aa,913861743.1617364
dcdb8d97ae65daf55570c88c,835812005.2660338
7ea01fd99b389d08ca50c0a6,770792383.1736164
51df325f026f4cc5ed2e9a65,1061311390.0772706
1f11cd977996d909ffacadef,1030999936.4055878
5ae03c0e33dc7d3e0e0d54a5,708765322.3797731
da88bf5bc2a7310ff382be4c,982417041.9545618
035de58d60807ee2c272ce82,1081141294.231536
0cf82b1128ebb8d1087b640d,1044532922.3916532
bd8b005383020611b8922147,412324577.73530567
f5c79a564600bcad99c74f03,507419300.7799876
b11672f22fafd555f940a8dc,512133817.5047187
2bc88a5c4bea2bd00fd8f13c,617192024.023762
b2b99019a929584b4904b98d,790101304.2896998
678d0e011f710cefa49f6465,495747509.55873734
f7de22825945329521642f49,617192024.023762
79b5a037bea858706838a62d,594996302.723818
9f339d547d83b4ef956a3690,657933937.3943746
127e197a2f70e7ddb5dc92aa,508033483.79765564
65b8c48546af394a924decbc,526188787.7039377
cdc0c282ee62c51e3a20459a,718256675.8132235
ec824ecd0319e05d1ca6a9c7,670889050.4676174
95f27bf0d25bbcd0d1eb9cdb,696623798.1058382
ac0ee54bdc08632efc0d771d,619914729.0201393
904ad71e7d108930d69a7332,547449107.7700287
7f4e6f790de012946197e0df,657495214.1507331
473cb30713e88ecf782651fd,539737105.2542408
59a309a6af425b2028a2ad69,794931392.0327623
8a1b0f59f86e33a7aa7c2c23,785661337.312812
1e884932e57cfcab75ebbacd,858856935.7560829
8e273f1dde4801825fb19742,863322262.2587976
1f9c0f9c3c6460a323171d72,1010165184.9206867
5dba98aa20e371c3947c19b9,892236054.9062923
51516e102f8d43a07037ed29,822719198.91984
6eabd14e55ff090e8a93c727,595539916.5084746
e224f9ffc7bd70369a5e8b68,1075796125.4316614
35cb50346289f0590dd24d83,699696911.5322442
2aecb598de8c74d9d5108d8c,742297551.8905222
69c7e97037c747b93c33251b,821770379.140925
b9b95c89c988f68429822e81,694707252.5690286
fa2c5c19c86087f207c379ab,617192024.023762
9bcd34e7a974c977f65925f3,1270480469.3289163
3611c89dc71078cd0aefd2cd,594996302.723818
9ab273eca8cd5dd4b6339ca4,563211090.8200147
4347966ceb1770f758cb6e37,777653770.5222546
2a68f627f4dc8060484cdb18,1106794083.6718266
55ff644abd72eaff17d533f0,1175304387.4688053
db563e5a1cd9eb1be832bf5f,1197038506.140327
a0e9310061ff0084d63dd242,827076918.8334638
7ff62b2f8a28d60f6c4237c6,930639470.3574225
c42c59e8a08e8657ab4201f1,400002370.550353
de28370454624724128a0688,646740907.4438994
514aefd8a44ca048a8088c51,709808185.1955255
3d3a318662cbe218db0878e7,718256675.8132235
2714bcd5c0c503c3bee0e0b2,738959568.9581418
5461aeb15c7f826f0ce157e8,493570154.9032822
db352cbc2aa3066ea9b34184,696623798.1058382
22b066e6dbd0f2562a0554f1,1101746356.8401299
daf8d6d3f4ba21513341eb3e,865665343.1866486
523605d1fbb75b0c5acec5f7,785336806.9801457
c59c2a19b93ca666b7c389d4,697771911.2716117
61e57e5539c40e5ffeb77997,785336806.9801457
c1fc25faadb151c73ff254ec,582431150.5441005
63e73f1b8b385d89de1329c2,430852545.511865
80ded3bf4f2973a5ceb1ffb7,428358305.927151
e1f5f0e96e5865370423c142,731824693.6855597
3bc1d407f7e7c8e67f7dd27c,735093169.1236936
d87c489d3572187e3280965b,1164957662.638453
110d49e1d79a3534e146b300,696623798.1058382
7baf3723bac87b0b393ba52c,696623798.1058382
8e9e35321545774dc1f85776,693564181.9894474
e0d6155cb3cdac98f81d44e8,568191194.1546428
bcf775187c0f5ae1cc0e8ca6,694707252.5690286
a792122a1b292f482caf25d1,496564556.3552599
09fe153b0027697e58bd08b5,264062545.9385522
a7283f1587ffd80f4723475f,285598493.72198564
67a10f161cf7215302b6ca1b,288038260.8698172
f403b20cb52d4ad3f9469ee7,581431967.3239263
643e13f00dfe7787a19b1254,528084517.583073
0eb7c68fb7ea1e58f3e76345,633688059.049573
cabf47337c2cd619f12fe69f,697360742.3119168
55c5eeb4861e8cd71731274d,963053618.7414649
363c96b85cf07dacbb10b92e,703217816.3533679
49b59d19432dbeb8921e57b8,788801272.4381788
818ee3b0c3862d4aae6e7776,345499429.0404608
b15c662c56b19d3843737dd4,598163438.0186
03243195c467c67e67a7823e,599216557.274948
5db50c50b523f3d454e94dc9,655246126.3188766
0798af235e9926b1e7e4642d,599216557.274948
83852e78afcc4127481adccc,532415931.4337316
7fe25ebd70b89f4602bee6a2,639101432.5176673
175590951b6f8c6b8b4af9ff,415502844.1189818
d4dd48521efc020762ea141e,425527407.8692916
a681d6e9ccc7bc60eeaf7e3c,773911401.0160851
e137b5003b8c8f18892ee9d3,600156402.2934077
90dfa0d7be06e7a1dc15770e,525947186.1870996
7fb856eba0ae98a40eac3efd,773911401.0160851
9f52855eab4ca5161f1fb492,706570353.6212863
494580f4974c33d7ce0cdb28,773911401.0160851
d972dc3dfccf2a48a6384e54,775186892.7105473
7cc8772ebde8902f55e14b44,526754855.0414395
deda3ad684384ed67711ae71,526960052.29863584
b288c52e4d0fab9f579122a0,596272839.7388223
0bc16b384acd3f8263e386de,666072836.2423371
b40d1d2b7c1db9cc57c65fce,834530461.644219
c2580329ee6d7a03925725aa,825577779.3012348
7e73516d57a251061b3916e0,999923957.8058289
7749f3bcfa8339444b0a8b7e,691656054.0427748
557e40fdc93c1824b0bed769,691656054.0427748
edbb5db63dbd0452c51047a0,598163438.0186
383af3a5794a0ec3efe78b2f,598163438.0186
90ae7af091c23957b88de5e9,615008433.1775107
b1d9704dd39c6cef28ae3d17,588880420.4026808
44916ca9b874075f55949f87,649830988.2069273
0515734883eea12cdacb7aab,498755120.63021463
faf9f8aa50d936c1465e880c,792281021.1744251
f37c9693e058492ec3715de9,638012663.2780834
562c7846b05072561d96698d,709435906.6027845
4a629aaf60a113402834c042,793586788.0372226
ccc4e48073c3da10a2e2d08a,688691769.8634132
8532c64eaed74b64b4d4707c,636222511.0709767
528a96aa31409c32bc9f1f63,927674653.3845441
36fd9fc1f1d9b2e10c1c6463,691656054.0427748
91561030d87ff5bc0a497f1d,785336806.9801457
eb09010915ee68091d6675d4,693564181.9894474
56c41a58ed5b9864b68fc910,540876356.7829459
bf6005f6f71da582a6fab8c7,617192024.023762
86ee80cbe81724e6919bdb73,496564556.3552599
0caa7856aca178f826fe90c4,790101304.2896998
9e41f25cf2e77f3fbe903368,792281021.1744251
019f4a25794ef01294845b51,697771911.2716117
d6fc6059bba177ab56d85ec6,793586788.0372226
436089e2bf605d00849691e8,696623798.1058382
02a9c37b3d92a6da473c6fbc,498755120.63021463
bde81ef5ff9edabfc7e30d10,697771911.2716117
379fcab709c66fa146d3491f,793586788.0372226
28ac1562ebb5050f1492f576,700850089.5292715
e68f5a98070efada9b5538ee,506502795.2261222
80aef024b0ecebb01913504d,450728993.0437322
f45161bb79292e974dc88b5c,348488538.5795613
6de3c3d53d6aee18ccdee958,532296379.4767144
5f2f7596a284915ebdb81a35,404820384.68480605
291fc50c4ffe7935b01e5d9c,466530423.0297918
42ac33321bb1920fe2a78036,598297783.4930171
c8e00b4dcfa2d05d6a7fde26,775099855.201287
5c0e328a04f881674ae1046e,773824506.7182506
c28cb417dd28fe4d4d41d114,628695417.2639161
8e160f094a0425aca23f04ac,773824506.7182506
a8944be7383b5689b5039c87,773911401.0160851
cb7ed5960f325114bd3489c3,773911401.0160851
275d73c7dc0fda7cbecfea89,775186892.7105473
85c24df2d836cc8addd9b7b0,674420549.8778957
0fa87864632b7bbbd161f879,444921377.28827655
c7f422224808e043753683f8,913861743.1617364
c51d1eff1b6d29b4164df520,945367760.5369787
b50e8c13de383e64711193f5,614481277.3212439
1308dad458274c698b2fec72,614481277.3212439
6a1024c5da689de67bdfa274,693564181.9894474
6e426f60d25aa8a4c6f8c9e9,496564556.3552599
b80f3a46440daae51308d459,697771911.2716117
f59ed9b8ef1726f1a55a4dc3,507394537.8722685
368eddd8b6d39bcc7124a41e,557121424.4365902
391cfff759030283411dfe1a,559089335.1180109
4f140229175de685a0999773,458852688.010462
cd365053914fcde97b7ee9a8,655319705.2137846
16a05fee8dfbe78d26664c3a,684844186.4351391
c462f0736fdefd319cee232e,773824506.7182506
b419d977b283e33c0b3da86b,862724882.335193
6eb27e2a66d08a8a60567272,775186892.7105473
7486ef139d41d91423317e0e,674420549.8778957
e663064dd77e3c63ab9222af,913964362.5202608
9a6849637f1b8332ab289e27,1257577829.1038666
498de85ba30cb01e9c686081,691656054.0427748
3507f260c3c6e195fc444533,690518003.9020257
e538d52c9b2dc994491be3db,493570154.9032822
f016ba59a64f287099fc4af4,693564181.9894474
380ae516dd46442f97acfe14,788801272.4381788
c97e4d7e08db3171290e939c,693564181.9894474
f7847aaf1491103fd931aa5b,792281021.1744251
08f6bf438980d55b35ce7537,792281021.1744251
a6a06973b5a4c990d5873b7c,708268601.5114136
6e26918c69487a735a639c1c,792281021.1744251
cfbc690c55e5c2bd8dd9d89d,706570353.6212863
56fe5c13f11813b82dfb04f8,697840284.6448389
296f0158b5cc1541cfc8419e,796468881.4900962
6ed2970ed02a3e50ac984aa1,693564181.9894474
4c9f3af11fa91e729384580c,697771911.2716117
2ce779caef0637db97954912,697771911.2716117
d743892816160218a63dcd35,696623798.1058382
758efd6f99db309c67cefb12,446036634.0029021
a4146ec09d782b08e8198e11,767032426.7250503
f415c2bc1bc0fdca091285cf,1032811747.9367656
39ef4fb2a43fa3bba15a0b16,861495031.3957282
874ee4f1b9c6dfd3d2358834,1117389712.7217011
e9d514f90ebff0de1936d09c,697771911.2716117
9f15c77d67021f349714806c,721342304.0606778
a600ed86cff36e636d204f39,694707252.5690286
58f55e9bf743e2e3ad43c274,697771911.2716117
af1aeb2ba89d29973f73511c,693564181.9894474
bee721e93b8d8e7cb37dc992,694707252.5690286
bd52dc8dc5398e5ca2952473,377023630.5270511
b71095bf5e80bcefafb12d52,493742024.23641086
a7f48fbdf807da68594e9ae0,506502795.2261222
50de04936770f874e1eb86c2,507337567.92450166
2ea47ef8f02712c32613fbd1,506502795.2261222
27eaac0ebf8a5ee99d143218,655319705.2137846
ee594b6bb0751dab39055b3e,466582810.661838
eba0410242fa1e8dea90b194,656399744.6603159
a619d30d6f2e2aa3b9613c04,348488538.5795613
df58a4244134d3493f3c9f30,598364967.5448784
32dd96f4f07f67806146ec46,598163438.0186
a77ef77ffa731e8980d36b27,705411438.0894071
a2a1665a693852185673f6c1,775186892.7105473
8267eeb41ed1e68144301a3f,706491020.334985
887ba6b287a8b3ccdd5691b5,773824506.7182506
1fc94e9dec93d52e0062e07e,688614443.97354
ffd3d51ecc85abff64258e1c,706570353.6212863
3eb79541c2ce9413d2c54736,706491020.334985
fcefb2186b13c8bc39b17915,775099855.201287
d4a43654382201db5d318dca,773824506.7182506
15fbd295328ad698d3c76aec,773824506.7182506
7f5e87fbb4952caa0cb658e2,706570353.6212863
9d348aa70957592dbc56ef32,706570353.6212863
2ac1105447a71f68a50105d1,773911401.0160851
d8ba9eb448ce35ed404e68e3,913861743.1617364
21d42e80f6f818eed990bfc7,743682992.5176675
81c890b0d7cf787a091d4081,834436761.075409
518858c561af5c13c8aef9f9,799334267.6036168
01cda25ee8545b9fe19717ed,913964362.5202608
2c34c1e1655e87ada03f411a,913693349.5018109
48f9e9a87e7fc0a678460e05,834530461.644219
76ae7be5da1785c37736fdb8,1081141294.231536
3918fa99179953461fe07f2a,985442857.4103748
305080502cba05a1c165560b,597316456.4525812
5c3aaf3f75d6d3ae9b55cee6,555690351.2413597
2ab263b5d1ba72fa562d64e6,481693238.7110776
6d13129db564ad15e69fd534,775099855.201287
7de7a2a651273df62aa6a21c,775186892.7105473
59f9cc9b23cdea5bd4cc3ae9,656326044.4992406
d4436ad417941fde0aed2818,775099855.201287
80ab8d9f157c25b40f102854,706570353.6212863
06ca01d3ff86406e896b6fa6,655246126.3188766
88f36882dae9a0487383b769,555690351.2413597
da474e23f34cb63de4ef28a4,706570353.6212863
04f968f1873a655fde8702f6,529208094.4450586
1dc1a51628b8eb1bba214498,463038948.5884576
e7cb4cf600b9d931eb295c71,487127548.0547081
9052c644813d546987a72305,532273975.16291374
1e32a8825a7ea79c28e27a8d,531542663.6986843
82f34c2a6644c4cb0649c44b,621651918.9807293
95815bf7c79e4bff3f41b233,708523317.654
f64f642775ed2c9f45aff215,786631129.0089251
4cac81eebdeb45eb0e8aa5fe,785336806.9801457
c6da2874d2dfbb2ebab542bf,788801272.4381788
e7c08555cb8f5c7d0f32fdda,495747509.55873734
10b7c99bee9a4a21e1f32d50,693564181.9894474
f21625fb82740d6f4cf1c325,361503234.72999793
1c3236613cf95c84c5791bdb,498755120.63021463
b11c3a4642f7eee2e443eb32,793586788.0372226
cd08976dc2d69110375f8541,555690351.2413597
a44c7ace8ab50de7ed8e5a66,507337567.92450166
fa8f13da6d8be3bc1f05fcee,506502795.2261222
77bd7837b02bd8f2c290c9f8,348488538.5795613
11a79681fb0a3f6eedf11d1f,655246126.3188766
70c3b086af66b0c9db4b0b96,655246126.3188766
64ea18085495f759116f62c9,628695417.2639161
ebf4bda17341de806444ba83,706491020.334985
54228579fd8812c3ea160341,827381673.3283889
dae0265a0f2f79d3dc010ac8,773911401.0160851
7340afa659775cc18d83aa4a,775186892.7105473
5ba05f67a77cebe5cda31e74,775186892.7105473
33dfb510aae260ccefa4d349,825395569.0819368
82af190e32398942775056d5,773911401.0160851
a9b9263f6aafe8531f3dadca,834436761.075409
9a38e7293e9ad7d8462eeaf7,1079362385.4879804
5852773a80f7f1b929c7dabc,1274835244.9634254
52fbef3effd854b0ad0f62b1,914066993.4021144
0016e35cfd881ee2e37b49b3,583093379.7308326
380759598c614cbe10ae4bfc,835812005.2660338
fb63e870ceb7ff355299f3da,655246126.3188766
285b8cb5e9c887794ed2fd1b,655246126.3188766
f003a46a1c8e04da0052d72f,598163438.0186
a731b326a61043070c3c853b,598230606.98454
d2644b46136fd95c0fc2353d,655172555.6853665
8248697f70c21fa361840755,915470677.0052243
075b5c16441d9d67cf638386,493570154.9032822
6bb2ac0cf2369cd8fd85bc12,790101304.2896998
2c0b3d69fca6677ba9e95327,792281021.1744251
c73ffac843c155f24985e6f6,639064178.8028637
78b57a58368ab056c11bb0dc,656932734.5440136
90b25b6b913c1bf0396c149a,497934469.4815479
fa29c89363ac9cb59667a43d,656932734.5440136
eba756e88209c420d288c4be,600940268.0763702
e7081fb59ffa298320321633,793586788.0372226
db1c3ece26da7b342eb7c8a5,656932734.5440136
f9ef8fcf24d28ce11e71d758,697771911.2716117
2f854c9df6212c39091bcf28,693564181.9894474
ccc66d77e5f68779b1c016db,706320018.8893702
47d288f8f9227013424d6976,402781788.9685372
3e891afdcb568befebd66fe4,569020434.1791205
2d1f036c96e92d9c557605cb,445986553.28297985
dd9d63c612aaddbd86676c34,598297783.4930171
13cf784fb3553f75acf25a4b,445986553.28297985
57dd353ac00d0e99abdb3733,965242985.910775
ed0051ae106fd0df60a14586,760535440.8371544
0997324f14c5823413463546,1079704845.351542
e2cdca1756b1635dd1ac2b2c,696623798.1058382
7700df9486a1684157527739,785336806.9801457
e790b21630ab963a65c53df0,715801897.7605841
2bbbd9878a1e7c55bdacb330,543262399.8646994
decb25b7fdc0eb259831cc71,696623798.1058382
fdbc74fb5882051327b3caf8,713812255.4448862
39dee9b1661292cdda6c4823,638012663.2780834
354e2de1e3a81a63e7fae4bf,788801272.4381788
f80b9e8c51cd71c5be281652,405989842.51461
a96b19e82d9811d5de1ed0e6,342748522.080663
5e5ca2753a908aa1b7fe80a2,656326044.4992406
495b6e61d1b887f8b4c1bcbf,445725277.4503537
ad8ac9edabcf2d4b06ba9fc1,706570353.6212863
359f6a66a407e30b40979d2c,773824506.7182506
ad351bb6437583ec871b1739,706570353.6212863
262b1c8ce7db2b4aca2400a1,834436761.075409
6808b10f5876ca36f569a4b8,914066993.4021144
54c74b36962edcc922573792,496564556.3552599
e7fc4e6b1fdb38ffe68fb680,693564181.9894474
1c9325df5599379a73e18053,696623798.1058382
8c9bf9031bd378c1105e3f3e,691277974.4930375
be70989d473cd731f6d8e580,707655395.7757219
46136f5f078dd31170c58e64,700850089.5292715
7055f85f7749c4646577a51a,506502795.2261222
861aa922b483f9bf7884dac5,506502795.2261222
45f18e0bb676d2495a227dfb,502316913.7991742
9cca7c1e9ff65766c8dd2e29,506502795.2261222
b2b7020e66872c8d83468cec,598163438.0186
7634d7acd4197594271c84d5,554776018.9243841
11ffdf367d817b582d590db7,694707252.5690286
103687e73b0528ec29725f1e,446036634.0029021
8b5369b126b75c497b1a7b73,598230606.98454
b33c9b03cc12a253e4936cc3,706491020.334985
ab177c5d60492f2ff087708a,466530423.0297918
05bbd028f30492fc0a9f35d0,598230606.98454
2b9fd26383758104d567d474,598230606.98454
4addcabbe23020d3d0d46ac6,598230606.98454
d93ba0c32244c455e0f7baf4,598230606.98454
92b772a38d5e38bb51a3f621,688614443.97354
135ca1dc80ae4d9993ec46f5,598230606.98454
ed5192bd8038c77ed2e46f0c,532356152.0992295
3a878d44356885ea61bd882b,598230606.98454
c29c69bc6758d5976024e455,599216557.274948
dc486a3d7e9e2e608ab2a7b0,598230606.98454
1a34acf8e509659534a56b63,655246126.3188766
5716ed7d678cc2575397174d,359915489.48483735
444c68a7a6cd0b794768d5af,693564181.9894474
8a724286cf661794084aa87a,792281021.1744251
ff9c4796bc3ef18ae7bb724e,773911401.0160851
35984f749eeb84eaf938bb08,773911401.0160851
0998999f12dfdd50c597c6c1,835812005.2660338
58bc65fd2e0e4430fb353d83,742552350.3977602
fe483817d899e0044abc3787,628766014.7267265
183a8459fa248605b8b5bc1c,600156402.2934077
a1f0d61cef676fbf798b5473,591879359.9023798
d7d3cd587d291f389ba2e8d1,628766014.7267265
ff8e7294270343a00978dbc2,598297783.4930171
0996cb112fc3919564e87c37,706570353.6212863
f183e3651c485e0001e64880,796468881.4900962
e28474959994ea9c0c2eeac6,773911401.0160851
682c0a5f5f3130a61b5214d8,773911401.0160851
245663c600727f7c214063c9,697771911.2716117
dea79d1b25bb9c78d331e3e6,697771911.2716117
ba212b5f12959e34b4887315,600156402.2934077
dd4eb14b56cb00130955d021,985553514.755037
4c94103d4366bcaaee4b550f,834530461.644219
7bd9cefba3f5dab498ef926c,1215039708.3021984
1d7a2572b466070f08c6e564,694707252.5690286
a38e7af984a471331b2d758c,792281021.1744251
b6775aefafa4dcc161eaf6d5,785336806.9801457
8654295684292e74d0245238,495747509.55873734
f0ae62ce6eebc4d07415c48d,793586788.0372226
969219d7b193ac92e7a008ec,790101304.2896998
651d6af0968fc05584cb3d25,694707252.5690286
4f992c2a0526c0074bbcd875,632420586.1311411
9536c686b6ec514d92493f9b,694707252.5690286
5384587ecbf956275d86e60a,295087274.94194674
bab5690da7c42909464cb9a2,656326044.4992406
bc91072d808fe7b43e972f42,348488538.5795613
37cf2c5c1c6fb6e601d2f76e,398201290.8729565
4cdaece5d1dd4e089a99f47b,502567425.8981256
b37af80bba5adc197cb51649,457743808.3465315
552152b60bdc1ca16d2dbb71,526814005.3951209
32354bff9df0267a5e139156,692006703.3292476
fe4a6d7d7ed28b85c5816fa2,871486635.8104713
afbc7773755043a40a7f9d6f,690518003.9020257
daf2efda70c6f3cd9257d0dc,445252727.4792886
66fa7c9e82a2876216b14b1e,532296379.4767144
e34517b1563d829104e230b4,377023630.5270511
222a35842b0bc09f48e1d0cf,598163438.0186
c5a64fe5ed5901734d98a22b,598163438.0186
05db9fc492801eac98f69c7e,394996445.45723057
6e4ce81e713a571601d861a2,655172555.6853665
79fe5105ed7a7861d3c0187c,295573611.4500222
70ea911907d320da1f7f9c41,506502795.2261222
e60024d6e0b5aa52e27a3b5a,690518003.9020257
bb63f086543cde77832bd4ed,690518003.9020257
b3c2187fa96006fecc6b8ba0,448113946.88482755
9499edd83df77bd6a90560c8,448113946.88482755
a947158782fe2832cea53040,655172555.6853665
2e1608b8c646a102e27df16b,656326044.4992406
77fbf1f0c35c1025ea4803e3,656326044.4992406
f9e6a759b069e04b0cbf0182,655246126.3188766
1e158f436f2a4caedd1563a2,655246126.3188766
67af004f80b08fae38f472eb,525888133.15934765
386ee01c3f7bd8bdb91181ad,775099855.201287
36ffb5566bc35fbce9e42679,404820384.68480605
b58533a6850620b0960db713,466530423.0297918
41353584f956b9e316c6c67d,598230606.98454
b1d1bc7ea83d5c584988b95c,598230606.98454
6b1c0866e6f12f7fa8de94b2,655246126.3188766
fa4fd8380dd2620c672facc5,655246126.3188766
44394e66504a4d77587ee105,706491020.334985
d841d6a82425710e36460f64,706491020.334985
33501f96ba3b02da073d586d,446036634.0029021
831693b6fb81df1359e45db7,533166740.4544246
7192b9d32e4ad55f6af9e241,694707252.5690286
4f99b97100d003ba3a2ecd46,694707252.5690286
83d969bfc020aea27d2b829b,706491020.334985
39be6f994f2cd3d68b51126c,628695417.2639161
712f16cf2506710d7f2a2e8d,598230606.98454
7ba618fdb1fe8694eaecb64f,495904377.63933396
d8735967c942d1a7b0cff7c6,697771911.2716117
b4ef40e00d089a35d750888a,773911401.0160851
7d73a548c2a29ef2d9655e1d,445352729.72801965
63131b8d125073c7dfec72f2,834436761.075409
a65655a4f42564ac48bdffa4,697840284.6448389
033d3f8ff56907db4c453700,600156402.2934077
05e8878bcb68d03e3b656eb3,775186892.7105473
2ff0775d2c131d19804f2a2e,600156402.2934077
9957ccd807718945178bb847,834436761.075409
7bcfd82ced5d6f1ae390d388,445352729.72801965
adcc03f332b427be46f118a5,744908664.4473274
b5dd038cf35169bfd0e62eb7,825485083.9341118
35b789e1d63f8f25980d21a1,743682992.5176675
c9a215f284e095850c809425,706570353.6212863
d26efb0e1213e19c378edfbd,775186892.7105473
9990217fa4eae1d1c4ed051a,775186892.7105473
2e9390c4423db604e1c7c4ec,630761254.7843431
6faf9b6c30b176e36f2f1d32,643143081.9980755
5b83d91f4d6364d3e4be1428,697771911.2716117
0d9616f0ac8b0c2e9e0a97a3,460817921.00941336
9c9fd309cfb505b628f84fab,792281021.1744251
98b77fc0888335702d082f8b,628766014.7267265
051d68945b95562009d4029c,628766014.7267265
eb8021804e63016fd934c9b2,707734859.8120646
ed6c8c45bc8c1d160cf0d0eb,835812005.2660338
9fc8c3523883947769b2fe6c,793586788.0372226
3e9cdf767389ee551b5349a3,532415931.4337316
512effa47a1c7a5420bdcd6e,295153550.54059994
0768e70fbda0e09b88c1548a,446086720.34649146
acfa7a1cb136e4474b7efe32,706570353.6212863
a343e6ec6eadb287711d3834,544211077.4699973
a698d80ede6cf6243fd9ed99,914066993.4021144
fa5c81237a94f2f78f05977d,699696911.5322442
999c8da7dbed7412dcbafb70,711393085.2782972
c33613eff66948d1bb8ea3bc,584814744.1157959
a642351076b7706a733dc52f,577884616.208859
c69e08214cb1fbc09ced0971,405759242.4569318
48a20e676a060954308c9ecf,546792402.3237275
304ce5835e685778b1c2b6a1,705157840.6763517
c859144477dcaacbc1654a8c,694707252.5690286
98865eb2f40b8a30893cd351,705157840.6763517
68dd15c8e9b71171348ea24b,934176231.4986979
3c660885ddd7e98ba5ea26a1,1537827121.425023
c670315562766401f92913d0,360508670.069777
777a8d05edda0a335d89e90d,694707252.5690286
81f5c32a2c2d3b32329a645b,497934469.4815479
40525fc425906c9485f1ddfc,479460888.0504825
8b6efcdb553f6e936bd90f3e,655246126.3188766
94dc108f1d146641b221cb81,450650326.15492404
1034ee7a5160fecdb5e8c27c,598230606.98454
48b34600046c903f0ae4e6d1,873358936.4391243
edca31377b4f7299f8b45187,985442857.4103748
b1586cdf68f36926c3bf72a2,493570154.9032822
70b15c2a38c404e62ad05171,614481277.3212439
ce18358366157fa869bf3833,690518003.9020257
6883fb90099426e6f3922909,614481277.3212439
1b7151cf29b565b2f1caa559,691656054.0427748
f2ec3a3598c99bb8c38cd680,494383613.1782049
38026eb43ff9876cd5767ac3,690518003.9020257
9f68ff98e302ab06df4fc672,690518003.9020257
2d2ee255ed2144b9fa1fcc39,693564181.9894474
029224b78e8f358aa9c38e94,359915489.48483735
88da5851280dbe750968c565,495747509.55873734
1c67456195075a051513b28c,360508670.069777
9741ff1b895a038c32205784,788801272.4381788
75fdbee42ec89d428143066c,360508670.069777
9f27627b9e439fce085cb01c,633373266.2807194
a4a4a57cf20ad739291aafcb,657843078.468579
84a074517742e09a7eb6f320,585000510.0657835
28fd0437736c1b17c7ea1f33,568191194.1546428
beadf1de0732143f0699895d,697771911.2716117
b027f75411dce9c742c5d0f1,638499924.5750136
182077fd9c5142d503309490,697771911.2716117
b1df92683a593edc3f2b45ad,497934469.4815479
38cbcd7f88c1520fa083af9a,697771911.2716117
8ab5eda5b66a6c2becffad29,696623798.1058382
e68ceeb098f60054c19fda0e,697771911.2716117
e6ac4d158437142c15bbd4d9,792281021.1744251
a448d8246781ae78dae61619,696623798.1058382
4e878e99ad2fc34400381c3d,619914729.0201393
beaa09cb49a98e8025fd7e8a,497934469.4815479
3df855d8893dbc62eabd95c6,708268601.5114136
cbfc3ca911ca23517da8c2d0,793586788.0372226
a020e479dc5db78794a5fa77,793586788.0372226
6247fb0e5261d4225f6c9f1e,709435906.6027845
93822a34ec8dcf104e7f49c4,697771911.2716117
17d311554f40ae8b40234c31,696623798.1058382
762e044ce9371d7b8c7acb6f,697771911.2716117
2fad468e1c248f40ee3586ad,792281021.1744251
fc25df25f4151a16cf0c90f8,793586788.0372226
39c1613acc0ba4fe622c1f31,700850089.5292715
2c15a0733cdb932ba8f2225f,699696911.5322442
1db68ed64501f35c51d74c5c,797087647.783856
1d968cecf268a7f14def1af7,712565539.8649321
77c886207faa6965238b152c,408718414.4190145
86242b25bcb2dd775d25191a,598230606.98454
a8b457cf82926e25cd862af1,718256675.8132235
fec1212eae4e6369d5555d8c,773824506.7182506
8f59ec48e38092ab01c23e33,792929470.9464034
490b89e972abd7e64b5ba6c2,706491020.334985
f8f217756d32f31faa784c2f,738959568.9581418
1c2ec62e8ebba12c6146a04c,649903959.0251698
2afa1699af46ad8124f76e4e,707734859.8120646
8c1695c9a31de0f956e4ccdc,526814005.3951209
d88bba495701ae7a44eecc64,913861743.1617364
00571815d5a7f208eb3e7737,913964362.5202608
d626a635ee75c23aee2fb327,1010165184.9206867
7e3937cfe43dc906983fd321,822865525.865445
ddd8906ea4a22b782c7888bd,773824506.7182506
258abe0fc321f6b24d37ad86,445302725.79644716
f637a4885488bbd499199148,655319705.2137846
97f5e6ee143998e0b3fc97c0,583093379.7308326
be4b96920e3aa5c57baa13b3,295087274.94194674
6e7f3a0cb6246f13656fc95c,913964362.5202608
0cdcd8cd52bd1967dab88a5f,571010392.4520853
83da19e7fbbca11083090574,554776018.9243841
f0cb484eb3f6e04b5b1806ab,599216557.274948
fbf8b0f1159e89428778c847,466530423.0297918
7c316b981173919b6cae5516,707655395.7757219
d6496a3215daad9089fcd5c6,914066993.4021144
e104567c1cc70000692f502c,773824506.7182506
c4476befe0002dcd0c315993,599216557.274948
3008e821640b33a8d70beec9,632903576.6621132
9eaaf577807d86ab64fb14ae,393296946.07182884
9db120a76af04028d2f0ce68,264062545.9385522
81e1f8b1c0e3b15f2ebfd84a,691656054.0427748
9943a2530009f62cab6b466f,583004225.4584664
a8052c48a500926214eb2e1e,359915489.48483735
3335313b9060ff29782906b6,635210471.0010804
cb93bf58a01eb262cb003061,696623798.1058382
0e04f84529d92f2832ef986f,497934469.4815479
807d7f5155bd299afbb6491f,708268601.5114136
76558d67def95bc708039f05,800502643.2487332
bb19983466b1a1184ee7ea1c,697771911.2716117
34067d9b2b4e45be1e5cfa32,503165282.4325984
1c4fab7d9cf798617fa90a19,785336806.9801457
b4d610e0ecfe007c133a5ea4,691656054.0427748
ffbedc0873b99654d10188a3,358334717.71798015
ac413fd87de33153899a1d04,656252352.6131791
83349bba5fbddbfa2db5078a,788801272.4381788
0a759932f763df64a463ac18,790101304.2896998
fd9ebf37acdbb0e4bffd2fb3,445302725.79644716
f725f6ebcc3fdeed22bee385,598230606.98454
ceee9fd6e692196b960443d8,445302725.79644716
bc10eea54e4a1767881a2391,598230606.98454
4ed5718470ffa3e5b5f40bae,445302725.79644716
debd031585e9527fe00f116d,773824506.7182506
23b5f2af5d39edd25db6a522,706491020.334985
f51000446ab65417942e535d,706491020.334985
e6ed64435c659f236cf213a8,411599919.93436944
b160d30961ddd3dac16184b8,706491020.334985
0cad79296edb4b18582dd77c,696623798.1058382
7bbf8e16cc32dec423afa6b3,568191194.1546428
acf98212eb702c79f16bb058,696623798.1058382
1747dd033c2c2769974a06af,600940268.0763702
d54e80ee72354c70cb84323a,600940268.0763702
de901d3433ade456e9edcd79,600940268.0763702
3fea10126c0c651f02de7167,600940268.0763702
f823f6d95b4340e8e4dd0d57,600940268.0763702
ff6fa86afbf9da2aa8eb7991,600940268.0763702
a966f298e8d4d3d580a72d99,600940268.0763702
5b0918cab84af6fa6c464037,706570353.6212863
bb1ece5366ebb2ef9d52708d,483282095.57369584
fa926bec03068764c8545d41,611844179.9362886
3bb987adb4ff573ef09b8c12,529790300.43172777
d7fb188814d4c118ccd83989,409219628.48974735
ba511b37b4bda08d191c68da,485242512.4608246
3c2f62f464aa5c48c470bff2,696623798.1058382
3256c6c6f30aea9cc79b7283,755908100.186663
9844c3773f7a50c71f218e99,889046247.7365531
23229e392dbd8fd9d80637da,877028134.3414279
e0f47a028df2dbe9129cde7d,958287088.5453112
a12f0f00148e564ef78838c5,913173904.0063475
d3ace27450b980262ba9bf76,1069215238.1166506
0668a4a4521c783a2d817413,769445223.4783819
768f69f0241fe339b6f52fa2,725042466.129965
e78ef4d2b165a8e8781c258d,695692332.136729
631ecfa47fe167bfaaa967e5,421153984.47110254
954e3065b1e8b31a68f6d4be,785336806.9801457
e81c5c1b820636f691e5c5cc,600209371.9105477
b4c779732e827ab2fec8e8eb,764696015.9436314
b58208759ce1402501f68906,641279708.3283089
59805e5f4080246ac1d92b34,790101304.2896998
a3fd38336516b98117e328b7,792281021.1744251
c0bf06891690188e17ceeb8a,635695592.2153419
efc8ccaeb09a5e1bb0bfe011,526814005.3951209
8e604d41e0cfe9c93ad536d8,915470677.0052243
f770b66579bf2b55a714c43a,706491020.334985
4e01f07ee4b1241360de460e,913964362.5202608
dba1be42bef913f35a95735b,628766014.7267265
d839ca90c5df85e5cab54ea1,628766014.7267265
ffaca67ff9f0d7cbd5bbd295,913964362.5202608
6f17875bd3ecf00566dd5c1b,773824506.7182506
10d01825744060a7b777ee4e,598230606.98454
185b333862e7420f25622efa,655246126.3188766
7f7141f5e1a7964ac6dc688e,913964362.5202608
adae78b82caeb073d84f02ee,773911401.0160851
4c0f9275581b5572635613a1,595673124.4392478
9d6810aa1035e91b72de6a26,594693004.5094849
069798704327652a899a189d,531542663.6986843
2f34de2546f13e8a9dee1edf,644577186.8084975
8147da5e5f53a163443e8506,597316456.4525812
6834b61ee23cf04daf4fb83e,799334267.6036168
59cbc0e7dc6e6922feffab8f,656932734.5440136
7cfe5c3f5cb1bf095eb2c503,655246126.3188766
d916219daa90cd2d99edc609,598230606.98454
e78ad3483c5aa5a7a4310720,525888133.15934765
d048fdc255a5a7f474d48c0a,830156411.9811355
b76a3fe6a49dcae6e6bf5815,707655395.7757219
75fa60dfb737ad50073848f2,696623798.1058382
83c1d0e2b8826844416abd9b,635695592.2153419
8c02948b66db263420c20d3d,793586788.0372226
33ab442cf58cfaa33eefb6dd,292964526.8710396
d379dc03d78685ad14c647c0,568314713.618792
5e36efb290bb265d81706bd4,638535649.3463366
db534a5f57e92d29b9e150cf,775186892.7105473
5354a816a7da90e205448832,691656054.0427748
f0862f57dd6be5e7659c65ba,532356152.0992295
7d58eba13f418d890ef563da,539510600.2828588
c2fc3f04c3870e14b89d5fbb,758065016.7637006
15537000b6806ee84d4615bf,830156411.9811355
e82508e88e3f62fc8e67dc16,691630245.1675562
86ee57ce617b2be312a9efd6,812979617.9975592
6bcc29a0afc735bcf3621595,834436761.075409
d79e2addf7c11180be222103,913964362.5202608
adeadac88e573824f08efa21,610266204.0416958
922c37e46fe9e75e73fc1f35,598230606.98454
5d09f2d1cc5fec761ac4372d,633688059.049573
8c5aa3c826f325a9a6c6f524,633688059.049573
fd0c010fa0c4b84dc75ede86,766201419.3483565
c23150d0aaaf932579561998,643179885.062884
163405cd6248bc3e832dc93a,549090914.9257848
eed12d0c3e65e9989fc4f4bd,695614220.2280163
e6fd53315e92a55c6b67405f,703217816.3533679
7a3ec914a15b47726567af96,445302725.79644716
7f02f056d5eb4aff92b44659,532356152.0992295
2d5d9119602c228b333402a4,419891706.4636619
43fefda5a3b0781578d9f2d3,600156402.2934077
513211d9f07fd6645711ae31,463038948.5884576
c3e1e0d2618556de7df13403,598163438.0186
b4a4d705930d9afe896dff17,595511200.0027095
e44b023e39910ed29f4dde2d,655172555.6853665
4e78d095988a92642a1bd18c,598163438.0186
92507b623f039b4ef5be8870,705411438.0894071
e216fba4bffe753a527ecd4c,532356152.0992295
24a4199c17f9c56f0b3ed12f,628695417.2639161
6bbf09c3bbc3e3a000cd2afb,597316456.4525812
b3d45812baa819caa1400255,773824506.7182506
2688e4cd1fd441d1da455504,654047444.1082565
5dc1fd6ec7ec8c8af71e3b6b,834441107.7896969
f7b7e298ca8fb75e11e92999,492555518.94361967
05b71daf88eff5ae8cf5789d,655125386.7275913
e8a7ddb4e5d43d156692326c,916214029.8380632
632820af2a0477aea5ccfa1e,708523317.654
43a3fbb8218e73b956ca50fe,742552350.3977602
398c195aa41ace34a16b0d7b,775099855.201287
ef3887783a12f591198d6c27,583093379.7308326
e6653cc1c94306d4e56ba216,694707252.5690286
166c21ff83e97c6e74169d92,795776120.6101292
d0fccd2708fc7def00c72317,792281021.1744251
d66bd7e4bc7b51d23af57de2,792281021.1744251
8b47b76193159a21c3580a3f,795776120.6101292
448d159391c38e4ffcc405b4,493742024.23641086
9ce7fb3190866e6a02e01e26,466530423.0297918
c25f892c01420855f61c3dd9,401701659.5641325
2d5ccb12ebb6fc7d4ba462b0,590905482.2287785
9eb4041ed9e159ec0d890de6,445352729.72801965
c342f6492f90ccf623e8e8cf,446036634.0029021
c3a78d9bb10165d9be188394,706491020.334985
1978d8fc2031af21e98a4e9e,707734859.8120646
d6d581e852a025b61cffd6cc,773824506.7182506
ea28f68a1d1d81d29b88531d,628766014.7267265
a3cc0422a37512ae124013d8,707655395.7757219
073a3ae443f3333f0f526f7e,708523317.654
57238dca767ebf3a842c5f10,913964362.5202608
113887ac25fbff9d30fe8d35,599283844.4977504
fed1a50c562ffd7f30451adf,656252352.6131791
b1e9075645f4b374c7301346,706570353.6212863
6517c1efabdea4c1f93078b7,349102083.25191766
b966fa606a3b50d3ac7249f6,1079362385.4879804
e0ad3e9588636f454e9e484d,706570353.6212863
d7ad46cde8eca723de6510d7,773824506.7182506
447f51e37fda773ab748814b,655246126.3188766
a6b992c9bf4eb32ab3d1df4e,481539719.78443795
3a9c7ec02f3e7e419669fee2,339585661.04250294
c908280d0461c3585af94d53,765100765.1950467
b3616a055e722e3720cca48c,788801272.4381788
45a8f6d942533794501d775d,693564181.9894474
b6da1db3aa02debd11e26edc,677926061.4228096
6d12669907d7d80d0b458a93,714137563.865769
5122b2e9638d3438434fc56b,1032811747.9367656
6367a127b452cfa27043f74f,757952081.4506114
fb3d29813052141c015669c2,786631129.0089251
5fb76f2095eb1a5cacc2524d,690518003.9020257
95632ec6578a204881694dc2,582431150.5441005
846b75324c0f3cbb027387c3,788801272.4381788
940dd8311f2b49d4ec212fde,636167353.8410732
bd0261ab68cf56950ccdced9,598230606.98454
f79f0c23b5cb96b5d022582c,591812904.0505657
795cd68f9a5ef45902712524,655246126.3188766
d908973d90db91f772890c9e,348488538.5795613
d670be6c848b1e92abbf415d,348488538.5795613
87b940bd3dae37b9fdac5d4f,479514727.6702454
8a7ddcd0c452e7993bc5087b,501588018.8382192
8925e22f8511be30d50545cd,773911401.0160851
1342c307971094041c9c240b,743156735.537666
385488342bff3d3587250c84,831031617.1517028
f8e25b7d7e93c45df1b3a4c5,945367760.5369787
fa4f331f05b1488990a69ec8,1079362385.4879804
a71d187784b309d65cea0b14,1079241195.3407972
0f44b84024412099f27439a7,498755120.63021463
0ea1a5d32324d270cde1993a,790101304.2896998
b13cdf9314a34852e8db4221,495747509.55873734
75e0815e2ba7269a10d9786f,404820384.68480605
f42b6680baf774d27fdf1e48,445302725.79644716
5cde1a59393643d7ed4e909b,773824506.7182506
8736dfe0f1c6e2181b0ee31e,772269953.7848333
5859ec20de4a5036292ee947,783263833.1235869
1eee0ff52c53f04307cc3216,595831433.5742806
b455979bc938acd34a580eac,703203254.4658774
6921133528bd6fa3675ce8de,882644051.5711026
3d266736d0307404a5804073,598230606.98454
f4f6e48b618064ced466c302,487596202.56802654
dcf606270a4612aafc5f9f29,590839135.7233529
5e455623c380290e0a8e4e48,556144093.35658
ac3c9d9357fbe72959817602,609871203.7597463
f48fb9d9c42b0ebee72cfcaa,520369199.757694
dc99f2871bc05ea7e8a97d72,703203254.4658774
b5cfd5eba0b6297cefd6d3d5,861104307.7875965
0dd30227247f145bae82f96c,868615826.1322775
9f347bf53e4ca4d264a45241,684844186.4351391
81406ce289219cdab015549d,765100765.1950467
a085fab6d9b9d8c24472cfb0,1032811747.9367656
1fce0e993a57a3e3873b8d7c,1030999936.4055878
af67d51867f382dcd9cf34b0,898328509.8253634
432f082ac51bb0d39ce45b0c,982417041.9545618
b6281efabdbff697d70925e6,913861743.1617364
9215d29512b14aab6178da01,1257577829.1038666
6218a5d7267f02c576e5bf16,583158856.4498631
d66cca2c8e08c89af26e7622,775099855.201287
ad3b4ae81c322a9f91381bea,707655395.7757219
3a40bebb521445fcd32cf033,824219374.4952025
c1ca38f941200a9d666aaedc,575706450.0671164
a1da74ec074df16a1e8690b9,1135783562.059324
502154647e351af240615b98,708268601.5114136
b57cd3eb0290984f061e1053,446954936.11302304
4db632fdebc000c9e64a589b,598230606.98454
e380184391898aaa2d3dc540,728944380.066225
dca45f1c1a79ea5ebe639920,696623798.1058382
961de1cc8601447b03682e1d,655246126.3188766
60a4f09c268e61fbbe423ff1,448113946.88482755
c3191b6b40191009ae9f4b7f,963053618.7414649
478ac408d2a5c603aa23cbd5,773911401.0160851
ecdb747ee4a3ebf958252309,506559671.4355972
6c36e346957e336a33a7708d,655246126.3188766
09b18e3f3cabb7d5469a8d51,706491020.334985
f1a5856ba56e7b12cbb9459b,506502795.2261222
c378ef33f40f8be9263e517b,643070870.2869624
b45911f1875da543199e97b6,889046247.7365531
678c70903bcb6c90e3578d6f,767329077.3940027
be22ce55ba31cbf7cd285e5b,598230606.98454
2dc58e6aab9399e9677265a6,913964362.5202608
dae55582e86b1f514a4ec3bc,773911401.0160851
c119f62348e418d9ada13362,803172106.7030207
33510511ff07dc7354cca7e8,697761931.5653324
16b79a8af9d6376c73c2478e,773911401.0160851
714f90489426e80933ef31b3,599283844.4977504
6c8e1cda487c9841c8d297d4,656399744.6603159
6d9c4bf994147d8892d27f27,792023522.905567
1b300634b71b898299c54671,652892684.7056693
181caecd269e115cb5cfd75e,516432585.4646282
059516a91f938d2e8fbcca0b,614676657.9098768
c42ce8f9f62f7a315e028e3b,555502213.2282244
bc23e25cc246ced4731ce5f5,775459935.6591107
de44f54fd6b1b62f30956f5c,706491020.334985
2ef897a38b95d7b769856e78,655246126.3188766
2280b5f7c47c3b36924b84a9,546974348.7029591
16ef7eaf29eab571e229e537,930952299.4158652
48b1f800656bcae6a9e70802,656030167.6976767
b4aa025f8813a3f0b132b7e0,524741141.53489304
3c6092e8458ee81aed0db0a3,630462069.2600899
d919dc64995903c9120eb61a,743939332.4700805
ef53741b01120666a08db213,774998526.2858672
c3dc5ad23dc8cfce0671adde,743939332.4700805
a270fe47ba30ef0056ec6c4c,327375780.3768151
f550bc7ab5992a6fb48eb60a,913964362.5202608
28f980b3c741866e0db5b761,775099855.201287
c2ebd39857dbbacb99e6cc96,706570353.6212863
bb9fa21902daecf876c0467f,751272760.6443151
fea142787b18327108ee8929,649812029.4789503
a1647603f732f97a99f5ec6e,855084781.3601799
775f25d8144580541bf2746b,644672522.5914367
527a8fb085995119f846a5d1,834436761.075409
8b69bb9fd7f0f19a248f5cf3,655172555.6853665
3b14b48188fdbb0917414039,611844179.9362886
02259637b8ef1311c69d3d90,822950339.2768158
50eeed30ba674cb079689afb,598163438.0186
5fc3634e1fcc96b9215a6cd9,819693981.1305592
23cc24e23a1d74159ff78464,745166315.8296933
44551251fe345b31ed71aa5b,707284434.7416457
82ad984f02ccda30bd60da8c,786719153.7838014
5734cd4805f5c055d36ec645,707655395.7757219
fc7ecefb27bbb5c3e25e899f,405672569.21657616
5ecbd5b92092264f4e9101bd,534654305.11943454
83a8d9df3a535fd273b27c15,1045915133.8965054
d76fadda8063e44483aa024e,788155123.3103447
a15bf12a6b8749ac8f9de19c,416165436.44084454
a3f32d81f4cd99dc85a16bcb,564359418.6975248
4029115038a899d98dc93d3a,1116214643.1282997
2326bb628b4a571921eb7345,607470085.4115487
471d6fb8037049e1e4d120a7,852195370.1026559
b73945103f07da807f7a30dc,913173904.0063475
d6f4479f9226e52c93d70eca,506238767.6771561
420b03095062d9571144a276,765958060.9626926
ac0185c8f724ddd40bc0d235,599216557.274948
228280554ba149e60f81d639,752588103.6374035
8a44e15417d8e520a99454b2,422860857.993424
8978ec4c5b2f02fbc1f57820,915367888.5186328
2ab88dcecdb565b6412f5bfa,534888043.2941591
1dd6f560c804c4548561cae6,938029784.2407341
90e94b7e392f84e01a5f1551,773911401.0160851
84aa7d1c2590f37f0fd6dca1,617513130.1511908
0821fde7debf7cc445434024,445252727.4792886
b9973b07c84b99dd1018050d,553062412.1061478
169013bdcc2ef214e0163ccb,689074889.1515825
3c8eaefb3f5dd8d4c9f5386c,706491020.334985
42d91ed3f3615247f57ebecc,733013568.1759696
a7f1397df30d6521c216e331,760749351.1096398
f6c6ee12e338b1f9730b6e2c,491477935.7433411
8f4687b666256e136148c3d0,760749351.1096398
925f83e20a153a1e094bc606,967187763.5431548
cd270a11dd8257648d1f0444,772988564.5462251
ab11db71265771ed4d9de64b,377023630.5270511
ec199e33b7557dd669fe1aa4,264062545.9385522
b47fe4670c6b065a9e1db429,491477935.7433411
918947d51e52e0caf692f22f,551463456.8607726
070543b03770991d65cc337f,907050845.5855521
f45dfcffe189327cb0d303f2,751678268.2676994
d2e7484c81358d4c79f040b7,707734859.8120646
73ff3a6b0cf4f7ffb244507b,773911401.0160851
b0cdf05097df437354564bc8,397362380.6203392
33ea5de5e8f5c639a213414d,893722400.9229078
c94056bc09a4bea0e853cc41,588880420.4026808
6d5a91ae44cad7849dc4e969,780426407.2821981
b52e0738dec9d2f119c75a9c,564468998.85522306
0e35349077490a01f25e2ddb,790236076.6854086
9a5fdeb5f389590eb46e7aac,926454759.4807343
337c81be4cb14d494ca69db4,712350799.600676
ff28f1a1ea72e21acb157f08,1014282294.7869946
e83ef75473fefbf8d7e52302,429663997.93355024
6d3e508ff42615eb78862723,526814005.3951209
3b7ddf527979726fb8aa1683,523381999.1857837
7b08cade91e2be20656ee856,542599253.8514955
59cb7abb39785d5263a156c3,773911401.0160851
bc48ec7245297b4cb85dca1c,697840284.6448389
0f366a36001c0766521b9dce,578811670.9525117
6ea022e53741adac484c1798,818703018.6468823
aebd6304298f84e7d440c379,946925831.2995933
c5b333e454ed6e93ad32d96d,617243286.0338666
bcd31d201096351079cf7ce4,560876835.3420849
46cf5b18fd7bac0d3332d70a,645339464.6288629
1dcff645d389e7b687a498f2,721997186.055857
cadbfbea1d03e6538af648e5,520543883.8899514
9dc0c6ef8389978be58daa59,883888510.1927136
fdc00f6ebd155e84a387878c,536815811.6475017
99c1b39476ee8e2ebfff6ffc,773824506.7182506
8930f231a5b9d8db14e9c656,630349270.3455662
2dee15f1b082bb986f8d9513,676003041.1402912
346c734ce163296a07526a35,698990402.7151464
6079fb3769f843e99b47988a,617192024.023762
f5802200af1d28eb48466c1d,614481277.3212439
1f8068ab65469ba56a1f0c4a,614481277.3212439
1ee45a731b6f0242b6d2936d,617192024.023762
56b7a6da82134b135fb7de2d,775099855.201287
340c4d762f830197fdaf0977,742552350.3977602
1bdc0d441e63089737ac4c27,526814005.3951209
b3d82ceeac64b64142286375,533166740.4544246
947421747f33db213e6b1326,598230606.98454
bfdbb7aef98d4855d459ac94,657933937.3943746
80e88d50c151d5534a57f61c,773911401.0160851
d0f6e19e92c03b40a5aae3fa,976372023.2477207
6e2a3e49dd6434ed01eb5e71,633086465.967969
89e2d612654b3c792311faf7,693337426.8280811
29425249fed4a74ada083dc5,417371212.31408054
fe0182e1795e2b87eef4bf41,715627326.1234862
dc9cd30b760a1280e0318512,699566972.3803937
d22313a06e43b8ab8f6672fa,419113496.22478956
f91cc2e5edcbb704c293084a,979524549.6693027
dae776f643e809387148900f,1123753216.7951863
e55634fce84f78466095e730,522558175.0623851
a507a938532411f06c57ed8f,733013568.1759696
30f3b383f2d5e4709c9304b1,798772748.7486727
aaa43db51d1ddea564d1bd2e,560090799.0193101
b3e76a0a1fcacd0218c17908,413517046.00798845
e548ef7a5650696c0e968cf3,828220965.5455406
939afc1f6250d528b0be8e3a,772950633.1561066
405baee61afa4b08dc25e586,801821960.2551996
0c4781c598c06d538c5fcdf7,790101304.2896998
fc321e2d9b4e954e80805be2,792281021.1744251
dce18d258c352b7edc60c304,619914729.0201393
7b0a2bd964c04d01387d78de,788801272.4381788
43fd6b5cb01d05c9b1db0e65,696623798.1058382
cf0152b0a5e886e8291ef4a8,788801272.4381788
d05030b0eb8931161855450b,697771911.2716117
281ea3a3fab48c028721ee1d,788801272.4381788
4fcba82455866a6931590dec,794931392.0327623
ecc5e3781d5e004ceef8cf76,785336806.9801457
409cb370961c60bacbdf7416,264062545.9385522
54445913b2dc2d6ba35abc66,785336806.9801457
51a8c190ffb673d4fc27f4e1,645452837.6380347
80e7c6b194b3229e3e2b9aae,729469370.7040288
bbfc9b05caa647bd95b3c88f,617192024.023762
128cb9247755abf5f2801431,496564556.3552599
ac180e846fda5cd7f1123f6d,770187279.828318
1e7173670334937dc61243a1,793328865.3827013
c2555955d5175b31e5f783ac,719647648.4148337
d87bbd60fdb8b84a9fe23ba7,497934469.4815479
825012911321d636425cd0bb,828648318.1348534
54561e6ed5570577ea97eeeb,797783524.7088915
3a2a2df4f07902b04b809125,785782925.7358133
ea7e3ba584cc5ee45ff8ba7b,792281021.1744251
25093735f186b70beb018317,691874673.1832575
7fe1adc0a5873cbba4b021d1,1174309790.503571
461749398bbd48d69b444d7b,513939698.39733154
eb8f668912b70fd554c8c723,666584981.519159
e2f00293305c464b361b6178,419891706.4636619
02a0a38b45e1b196165b0098,785336806.9801457
0e6dc789744b678028e74d56,691656054.0427748
58954e79191c62ceb1ead100,834530461.644219
23aa0804aabdc61650b8562a,643179885.062884
ef64565957b5278185b2429e,575392767.8502916
253725ec3d7939088faf71b7,483435117.5524759
a9683df184aa8b4ad5d0cc5a,707381450.2359967
3c38153bc36b364b92548965,570839685.754333
286cdf6dfcd95ee9edf73a93,358925293.015988
df93a6e36d9f19e252fa9de3,596041910.1232125
586fde402c82c1eb5a74d634,549590265.6574185
5fd3b0299c0d52e48195fbdc,500208054.09765846
06d33fff99a62c330ef2d585,565399306.2765584
df98fd10dd8ae59956994521,479514727.6702454
361715cb422c5fcd9125d5e6,416950413.8201261
af68665ae8711d009e8810ff,599216557.274948
63f3295df28c02953241e2a0,526814005.3951209
62d338c26b44153bb075b234,813596750.9098846
41a269c661f20e443a7a25f6,766403518.3527639
c5a8695b7aeba06e46266959,702706579.4434488
17e5796a30da5eaf310d02b4,516206912.0523952
69acab4a6f82ae943850b9ae,693564181.9894474
5fc3ffb33090bf75a81aad8b,693564181.9894474
02d89daa77bb313328fe0c4e,521173952.97274894
6ad1fb94accb91bbc30449c4,507645161.5815285
a1cd215fa99b8776818d0b0b,350811482.9080474
0553a3aa7d961ada6dfcd52d,563597393.0525182
c6ecbe7b57db2db74b0d788f,742026257.266552
a4b23fbdbc7bbd45c5ebf80e,826607993.6237642
3bb15c6313ee70bf4d88f4e0,678603777.6382955
e05c52c9c8fcb792ace06b61,522990369.823511
5fc77edb0e5bec0ed8e72a60,659174942.0831232
85e15a0a63ffe482c68ec474,1025807229.0493319
859025f2f41efa521a74a00c,437193236.07888275
1672a21e6b2d8d0525df1759,508870779.24031466
7d4097722aad95158c51d24a,463227627.0848705
174fa597347f2b1d3e9016e3,688385971.2681396
3f081fb77ad08f8370569bf9,509657750.098378
74cea4c9dc0e00dbbcff8b1d,879386389.2519902
4f5de1bc90694fedd216ef40,1212806186.7888167
8fa4be9ac1ef719dda1f96bf,391150166.1744305
3db3b80a902c10004cd3a3d5,1050164797.5201192
bf02fad806fde4e3575e75c7,686878824.9871372
edd2afd07fa1305fc3126078,344306996.580894
bd5d2030639ef16370cca032,632321101.1475096
87e74ed42a2c8c97f7bdd239,847324659.6575481
d1c6037d0750bcfe47d425a5,495747509.55873734
763c9a528d0f99f34e5b0031,446086720.34649146
8b674605311d296990ec72e7,543979124.4270501
d7cc3d199e538258fcc83f75,492411394.79350454
ec6ffe86e9ece6fc03556ea5,495496199.42678463
9762ecd72557ad6728274e1d,637143120.9952788
49a2d111903c77053d44573f,567216245.2259912
d06ab7503c6deaf9cd405f66,1094660129.8959594
23e7dd821ec2601ee2c6e353,1030999936.4055878
81519727c7ad9f60d2c5f224,815579838.7794259
a4a5b6a844c14b4eca92dc49,1030999936.4055878
7e647c5e0a7d95ce87cfc8fd,937471005.2925953
7a1bca1ed03e7cd0e277fb95,498613903.7380026
03eb8da7205428e61bfb2845,510669092.86136717
82780776619be0eade3d72ef,501807301.2172525
4c03afca943c3f2484b8db6f,498613903.7380026
85d731901b48348f57932240,693564181.9894474
739de8928aab4ec77a1ecb0b,569900426.7383515
7f45d3809b08bb32a45139f8,544151364.9524022
cd14f8aa1613d754221c4735,687179112.1096215
537a9a2dd0ace0d0131722a1,707381450.2359967
2d4a781f969a4fa2a4f04a7a,642121597.5593708
e3676f99542f27c9037fca29,775459935.6591107
bb33aa4f1a7732fc8ef19039,383947862.24298644
9f11661702873852a3d65ed6,478273922.24774486
d7f22a4e6daa572583e02640,288821222.75312114
f6ce37c42fad91fce47758aa,370339176.5544853
f57cab248d2d832725d78135,572565989.1623993
9d73758bf7569cab4837e49c,697085826.0295036
322bad590ae06fb48f80c533,424008020.15557265
5a7b67d4c79ecd83b7ab66e9,798343830.7777276
8dfd846e6df9a040ae1188b7,358416653.64757407
44a587fc89d6b6489157ff49,858856935.7560829
f9ce5b7edb104d4e8407a344,594766064.0430745
73786d11f1fa714aaa9f1f90,759242662.3942318
cc72295ef156cb2d60d6b10f,939154636.1876143
c9851396352bfeb05fbd7580,1041870509.54173
b3561144c745ae3d329dfe1e,448178817.41997325
7ccaf332cf87e07b38b340d9,934189734.7162676
d63fe229354bef8b02b4a934,686878824.9871372
2e0a8235637e98dfea862909,694489373.0389056
0a1b14f320e330b405b27a6b,805739979.5464522
db41266d7b500a6daead96cc,404932314.049179
364b8b8759e3c408c4005021,690518003.9020257
73bcd7efb7a25587bb1c31ff,709435906.6027845
17060f24d81fe2661c7628c9,696623798.1058382
98318f22c00ab335d8aa23c0,775099855.201287
c926feb307c493aea729001d,461430977.67802763
58d92e8a26589e37b7123716,578915133.3721019
54d11dce9374378326f7ac62,632420586.1311411
8e79eebcff019c3362a76a26,788801272.4381788
02cb957c3db9ded3691a9004,624209591.9317579
561689dc0f267cc5011ede3a,732160073.7700255
1533da89d388196f19e2c5a3,793586788.0372226
069ddc5d1f3c855e6498ac50,521034660.3012417
d3aee2a35856634eb710efa9,655246126.3188766
4bad966abb5e8c4121ec69fc,598364967.5448784
f059e39d22124eb9e7e8e20c,769335289.2824199
3360f48c1ec30dd1c3175101,518884923.7574187
2218c6bddc994984cdc6e567,447241137.99401706
c2a9b4b389ae6f20140e21eb,657933937.3943746
d135cfa351ed6abe4ec2033b,689074889.1515825
668e5bdda1f4011578534f54,1094292783.8165495
d2aa3386ae240d7387424e07,632420586.1311411
e4f2ec7e2f4389c1efa52c0f,785336806.9801457
d4f90a6b73b1e179d3f8eb70,702060742.5011253
5738bc8873b341bf92ece0db,576525884.1700158
2906d21b1d96a1ec43bab50b,788801272.4381788
4e1bfbbd8689a95fc97fabdd,496564556.3552599
78410b0193dc989de2d24da3,788801272.4381788
fd7f194d9929a6f28ea57cf4,496564556.3552599
5e7ac1ffc0886c27471d1a54,788801272.4381788
879d9e3b4ef9063de41ddaed,593007569.9795061
4bf620c6c6d4c916bea70e81,696623798.1058382
573bf87f57db6e037aeb94b1,697771911.2716117
3ff7b739ce65f0b3066806ba,792281021.1744251
a456f85bbae3f189ff424e8f,608888340.3998603
6683685692e955a8ff172c89,727627770.8573948
82e1ae440b386c7da3a580be,907065178.533533
efd178c4aaf3fc9d05b8dbdb,438683339.8437471
55ea155410b001104518e992,434967565.4267659
32a10e550bf7095627d17da3,453095091.7255959
823124264778e5ed64d8664d,658162190.385762
fb01d990afd25ef96ed048da,1106992140.807942
df22426db407f4c660681c7f,526814005.3951209
44fab96fa2ea501e0b94548d,862072390.8043576
871204bd1b3505acfa632954,696623798.1058382
3d63320260d150d134fe8648,696623798.1058382
b8b9b90d5721a9ed5e72b328,785336806.9801457
926d12cfe05643554837664c,358334717.71798015
cfba6db03f0e38d1aa0802a7,617192024.023762
97b12012ece8a740944aa547,788801272.4381788
8de317591cefdbc375a41483,693564181.9894474
46d34fc9a8edcc199a537b30,793586788.0372226
262e3b4091dfa6b71af020ea,792281021.1744251
396761edaa353e0828949bbb,471834345.987063
8c18d3417886c150136a03ba,401281243.6786304
f053d3918234bad409410755,590993263.2293658
8f5444b81998e52ad76b3ddc,696731932.2869265
0daf89cf494e0f40a94d3e5c,708547293.2038198
dd8c289ec872be3fe3352313,644773582.6580244
f02f6c5b97b8e3cc5d5a74dd,701351487.343482
5f39cf56c4e1bd43f61ecde4,645676760.6379218
5e187b07578d582ff3d8e189,632497715.8003671
bd018b302f732baecd085ff0,784185521.7980956
674cccf4c7772d6091166aae,847707615.3455893
38e84c560b0455548ce186e4,568191194.1546428
d14173913bf5ed21e3ab50fb,532415931.4337316
cb8844cf2070d8697bcccf27,468608821.4462055
6b44648a905e7f4c0de6c855,429102525.40636575
148aedc984c7f6831c7f9601,447731224.78637505
ff9d1cf7bd90c5e47a0bba3f,340570831.39543813
9353136b0c791bec58f93ad2,690518003.9020257
de2137c70bacfd5087bc5c68,639308536.2889547
12bf6b9badebc2902cc11c62,495425775.60689086
c0706c78d5d98202dc24e46b,720704671.6359633
4394a27b21889bf78927ddf8,505021150.96906036
0ebbe9d3831727f90d677ed0,823947617.6882458
caec584b5b6998684bbc6a70,485077100.7847726
0c302f1c924f8efe0b6bb58e,669860113.4918369
e056ada7a37336bbe878f38b,767448011.9719152
905cea21c0ce1cae97fe86ab,773584914.0706811
e286b12e5aa7929334322842,693384501.7621446
6cd4e68300a8bafb9d22700d,802385102.6322289
39124b1ec419566a371af8d4,879685881.2014585
6110b5bf07cf38c437c7ca8a,1233472694.648846
6f8a22e4dd21f44bc6d383af,1115546100.8616257
71eebcb108c4828b8bd5b84a,693564181.9894474
5d61946d53efdd9bd0af140b,697771911.2716117
c0620585c12f3d9f1298696f,691656054.0427748
d27283e3c941f8fc256c3f4f,617192024.023762
2acc857ede19953734600dcd,691656054.0427748
32474481a0f8af34a4edfec9,694707252.5690286
6720db016112cd2a4a5e0358,576119681.2266064
959d0cba47f650933b9a5168,852465226.1321838
32d2c5f1707b00c93407a19a,556273940.1380816
0ffdec8eb5272d9fe4775251,563795797.4180433
c77d7a08d5b9abd4d3082fb5,580443633.7459999
a3021c7c465dfdd38cda9f9c,724392489.1311499
aa24974831a0c608635bbcea,738063638.4108925
eeca3f5c399785a1cf15b1c6,635499957.9266318
0b51fb3a65a86d7799f27264,379626463.7383909
1af16b7f14dc04f05edf71ea,617513130.1511908
e0d7e4dffa0f3dbc40c7da53,685280115.8950384
cfeb42023e2737491b3e4283,838574664.3513207
dd4e23681e00fa1cb9a679a1,563795797.4180433
153c89081fd85dcc66a02421,614842642.1403891
f25b2ce0d988bf5490fd780a,358925293.015988
8700c9b62ff5a5c3394b0bd8,705157840.6763517
a53b105919c7b46c0cc1b003,672147186.4001689
1c835128915211131bc561ab,599216557.274948
a0c6e0c6fe41e32b3bcb2b26,788801272.4381788
4eff2f2297ce85a0a3964d2c,739373460.7755891
57062f248424c47282d3da30,580920572.0727979
99e860bbf3033ee4654d393b,700197484.347021
db8912c5c5e5e49431b2c85c,721931898.8208859
3151daf55106dd159f27a8b6,533166740.4544246
3e8a4318d93b1fed4c48f48d,872750531.0366656
4c8ca73cb51a58933de61f0b,594766064.0430745
925754da6fea9c9cdc06e18e,697771911.2716117
05119815bd72ced29391ba87,696623798.1058382
aae7cca10bd7f041c8e02d23,708268601.5114136
4890edc33a555cbbac71795c,619914729.0201393
902fbbf9f5037be8759775a7,792281021.1744251
d013a0e910b1fe2e3913af7a,497934469.4815479
9c38b9798313a3091d13b340,837122939.9189254
f04d3ee8b175c8f2f30f4f39,1139686245.317587
f0f883c45e8470e74280e8ca,828925155.8400267
af820361d5f20198bacf839c,588192297.8657572
01636da0aa2bc223af023a13,503017169.2654224
cdef6e87c007bcd9b4efa9fa,933501792.817086
1d45332e2f04df18cdac590c,560876835.3420849
db3dae76fed5fdbed29862fe,618339035.6911986
f36a379e0149d4800e793001,643619005.2064384
30d2ac3ecb8150e4d4339d1a,852511702.8977882
7f78955c480d050f2c8ae3c9,690442259.5136814
cb1dcee1f4ede0877be1ad15,708300797.4204758
a32d2c51f2bd5f23bb519d12,818703018.6468823
bcac2a4cacf13a91805557c1,342752034.17845255
a21afcc258e50a538dfd43ed,416165436.44084454
7202b83b651382e2630359c3,556144093.35658
77d6855eb6a30d268e49eb1a,507419300.7799876
204ddf6ba4822d55ba80f713,406352215.85960144
e0587d29cb717f725e991ef3,726621252.8471988
c606665f3a3f70ef61fa5cf0,825930237.8083988
44412a9e16b2824c4a520a72,543256018.8712783
313abf19d78b719cce4b3188,689716012.4931561
99ad7b36c3c916393e951507,569900426.7383515
c34c2aabac06323fa180b24b,580888273.7333605
37f39916813a58b844e17833,753475186.8704473
6ab7f97fb9880e48fab16a1a,518061542.392408
0e6c74a0056ee94b10bfa86a,717074857.0375106
7fdbc3fed9c9607e6d01e958,551143773.9089714
01018b9796a105be650ec802,717402545.8655246
16ede6f8833a93677d05a131,463784629.1038859
0a53b0b7c365879a6d2cce39,708300797.4204758
a293de027279019418c070b5,453487430.84828836
973ab56a202e039f5ef37353,565289545.5186249
3e18c851788fa8724ca8b7cb,472752816.8377647
0a4b0a004c894654663bdcdb,763758586.0499483
55d4b530b881abfce2d03e56,716904141.6493789
405bc08707001684d19f6edd,509434042.998665
dffa1057472b06bfc0fa7a66,1050529124.7615905
d061615fcc6355d79665f9a6,552281735.6169143
6cd96d73fc58b1502bc6ead8,786858293.7029514
db78a3ce9c6f6a7f4ecc6853,609871203.7597463
1498ce1c1bbe2e89b84a4a45,806019509.9828061
3035d7ea4b71d204b588dccf,691422744.0235459
2b8e9560dd58d880dbe77c61,761925207.0666844
e8948741a987cbb3759b7a44,754187310.2138736
20718780218eac9668776956,608834528.4086121
c0a9e3f5c57cfbb4aa9b2357,782921558.3971729
5e9e9339fe1c3a06470cf7c6,511681380.22955537
f852e0f3fb8563ea6918164f,1011922522.8532604
e38b4072ff8b856487864f31,986750914.8572242
8cfa1121fc87d9483ec63611,926523282.6495146
1a805101f78cbb783e6f919d,557307531.611736
98502628de3c4fd3905000a7,677413335.9611173
ff7ebaf86962fd0ab6ff41f3,567893530.855339
69442123283ab024a911506e,846683815.5418719
ce6e91b53465250effacca98,909090579.4056363
5d42f42059617a5ca7ff3a32,675242892.1385739
01edceb6c5afc2af1e129e86,400334118.5853091
fdad0c86eb89fe93633c8571,394183990.06191564
831725656d9df81b63c0ae38,673328373.6922013
d1f8eacef9bb4d300d086837,1009488624.3654419
3b6d88f864f6c1759f957c73,1270324633.3386955
5a38f908d8d75c5810280e12,463828597.57115465
c7c835349181bd3f0d964eca,1316691150.002836
edd4d560363f7575aee42d39,979286103.8020619
8f3924eb214f5194d21499b2,642121597.5593708
466c542d7825d36d18a86486,604000801.3669407
0b71d334a6db66cf6f1a8eb1,742668014.3777041
7a91cfb02df63e4396b15aeb,481914000.08417624
6140125d2a94efe499a6941d,492411394.79350454
080df3efe1fe81f97e74c4c9,389476488.2660914
e148c2b109eecef0175b3c5d,522840231.5067934
40aaf6665b489033ba0e55b5,926454759.4807343
05498e49d0b875ae6aaddd83,531894906.22057503
397d0f6319465fd7fea6f710,951552885.5065352
7e6d8c4742b38854d819696b,924605067.30404
9a8d13d56d677379ebf9a347,882523683.5042851
06bbc353bf62fda3b3786fd0,520892795.4350664
09fd7896d5445f422892b196,532415931.4337316
57c63e412f3fceedd3a7e698,655246126.3188766
32cb6246cd94f962f780a1fa,493570154.9032822
b0f9bfd521802b0d2586300b,696623798.1058382
2a99204f0a53c4a4d0a2393f,638012663.2780834
7651626df0e2e3119b801466,696623798.1058382
59e48259a076518d929f5db8,478299997.9447893
e7b721ed96269bb195906bae,286547643.1655546
61c3c304eb8a06b5a483efd9,785520770.972105
3c26b2954be250bfe239db68,378874641.31148475
0df87025a6351b435958ce95,876036104.6115718
df82719238ea0e102c282c09,702399507.0470774
57c74f7b9bc5e33cc823439f,733612940.5062082
4195a9d13c0a526d7cc959f8,568191194.1546428
0d00fdc440d7612434a6b91f,497934469.4815479
0c91369119a06c40623afbb4,495747509.55873734
5a6b30b4d33e068d421bc2a1,788801272.4381788
f4beded3c5ed9fd6cd5177c0,693564181.9894474
95e561c7292d64305a2cf4f9,792281021.1744251
67138978493b84ff42daad45,445352729.72801965
7da10de45c866c7d066d2586,534888043.2941591
3c3cc027fb179e91a46f11f4,445302725.79644716
df3ada98307fc85428022d00,446086720.34649146
e029c89d59f2caf4af4bd908,584641106.692058
105d05ab3d5334b976e448e5,656326044.4992406
253fe7aef58ea97fefef922a,526754855.0414395
43e11f10650837933261fa7e,632450094.4537364
b111b17ae1fc17e3491b7a5b,548619750.660784
63e1ff737ea11ec607ecee08,773911401.0160851
ae703276c49b6a6a9c39770f,913964362.5202608
799bc0f95ef9a23fc16bb1d4,1152419696.8881388
bb9fe73a8742dec9b2e79135,1074266832.1227648
a9b3d963a14c2c7435f30fbf,1014282294.7869946
7a48bc2c3f4aad08dc7fd5a8,690518003.9020257
7621f476bc8040270958de6e,788801272.4381788
c49644baf8dc51d3f76d7e7c,619028526.795782
8c107da7487ed0cd409f4daa,785336806.9801457
1bc8874a13914055c2759a35,632420586.1311411
fcfd6f08490be39064aae41c,690518003.9020257
23178c72b063ecbaaa04b37a,495747509.55873734
10bf1c2d1124f6d8f8b9497b,788801272.4381788
c29b30cc5db2ffc273e4cb14,635210471.0010804
f7d11c2601959921f536f804,697771911.2716117
acbb07a2c7a0e39c0102b3a1,792281021.1744251
844e127aa7802cdf75db074c,419891706.4636619
e2d88f49873bbcc5476f4ff5,498755120.63021463
42aa1e6f6b8220a63fe165b2,792281021.1744251
ab1c43d6fc4f08e315e322d7,640827217.2555217
9299c976b1afe4d2c0bf351e,700850089.5292715
cd62ad28163c8df131a8f2fb,655246126.3188766
e5e06913ec3c851340d7c91a,598230606.98454
d9b46a34e48e04b5a3e026cc,575392767.8502916
782a6028457ec55d4fd5189e,569900426.7383515
11a905e4e01e7d15d35cbb82,544151364.9524022
3b3e423e248b23090a2897ee,493379753.62662065
5915093d458d4b6589e86f59,529273108.99249536
3d162a854aa05447e2cae0c0,712350799.600676
662a3e343a7e207ecc09d6b7,609871203.7597463
289db1292d4ee40a1ed6e518,642121597.5593708
d43d2bda7b6e4d5177c0d032,717402545.8655246
b57ebf09cc691bcf009ef115,916984336.6461102
21f5bac85d5eec57acf501ef,780426407.2821981
2fa288389b3031d595973793,719060739.9058578
c900d19cade1443983274ac4,976165143.8699028
67bd5b20df7f2a9cf4e04358,598230606.98454
e111bda6d24089dac82907ad,377645007.22304225
7910ac9782a1a315f68799c4,655246126.3188766
ee786b818284cb382c755e9d,707734859.8120646
f9b0a27bd3619ae88ffe5455,599283844.4977504
ad1c32cf75ffbcfc842e3959,295573611.4500222
5648633b1f92de1ddaa7e7ab,508133304.75804085
1ba481abe0d3890c42884d97,598230606.98454
ce60e2ce2a420052e67564d2,785336806.9801457
87e1b1170c163689d60bcd09,637485003.4633657
bb4c7900162be66534d17541,896641056.0979797
68340674853f0ea101e32b46,419891706.4636619
d10f89691119d4a4a2c1e650,1456419749.7226522
d414907e75a1c105ad2b74d1,405672569.21657616
c9b6d3bce20b7f528fff8123,487417557.82555336
be1695a7b8d3dc68c9887abc,788801272.4381788
debd60afab03fd1552719270,788801272.4381788
de060e07dfb0a5494c5550a3,360508670.069777
3d6815fb68ce959cb95e225e,694707252.5690286
d93f6d8fe212ee3c0f7cca95,693564181.9894474
1ac702e7c265717b34419fe7,701942035.8360517
a157596804522e03efabce48,788801272.4381788
069c529aaef7d7e0774c4a66,788801272.4381788
0669fb98aed75d79f8decb7f,788801272.4381788
7057326ac489bcc17d580883,694707252.5690286
e3d6fe5d97bf4fe851aee9d3,701942035.8360517
f80b20e0649dcf1c16003255,565695662.2196797
364256d0881131148655e006,696623798.1058382
0f9c26956bfe983c8c7fc227,1154319012.1714976
9756b47e9dd47f99dbb23115,543262399.8646994
27d413eab7b562b984c5a682,696623798.1058382
ad17072ff24e0fc0e61963b4,697771911.2716117
473a59415b6214218a15e363,697771911.2716117
ef72df5586ad0cbe59e36e07,697771911.2716117
9129b78a741bf5e24df5379d,693564181.9894474
964734d3430de94d22c927cc,446036634.0029021
530b25326f39c347a35a8caa,445302725.79644716
482f57e65a3f4c6792775a05,486793912.2913525
738e86beb569a7bf51fbe199,424972680.95872176
c5788cd5507c577b7b585ffa,376008439.14394933
be164f9025f346390b986668,562938160.168932
ea2efa1a857332559120b823,569900426.7383515
f3dd24a17ea51b7a2b0f037e,653973782.8543906
7aa8d04246d3e84e5ac470bc,733612940.5062082
6361330195fa7cdc6d5c603b,709323453.8122616
6820ee22d6fafc9c030cb286,1007478094.644119
472601b5b5719855ae3528af,870195135.0349725
3ce2c7f1ee7569e1b916cddc,525552655.9767939
afb03f7cea99023ecea7610a,495747509.55873734
404364fe956884368e2f8300,640026866.8791273
c658639b590415bc6ea44119,560090799.0193101
42f1a529f5ff3a6371dccea5,598575272.8024366
e2e4641b20d81a90033a536a,569211450.1747439
253b34c2c5ce15cbd8b5826d,686878824.9871372
86ff8f274b698e7757ced1af,685810504.2863959
c4aef1d92cf264c548ef1f2f,410348576.04234105
e8603da6012c2116a70176b7,759829649.2650614
52b52aced4853a3e3d7fa058,503918194.38808143
7d9a9c3b4442efdb53c24448,656326044.4992406
a7bacd6f783756c9e7cdc068,544008782.3995824
68a00651ead62911f850cacd,491477935.7433411
1e7e26077db3bca2821a9b45,575392767.8502916
8aa21f48a83be25f924f85c7,600079146.1714447
48107a1dd2a3b027637f250a,570839685.754333
6bbb24fd1b9df3df4e939fc3,544151364.9524022
aa45f8fda8801c3b4923f4b6,643179885.062884
ce164af02f76ab3a68b0f980,775099855.201287
c32249c7c0819b1a29fd611b,614413873.5631424
f8d4ec209ad5fa5ba4a68e56,650882991.6659317
cc03087e0f18d59c521b6ce2,707381450.2359967
fa631a714774fc22ca15ec10,714137563.865769
c310efec13e312442f7e1a01,743939332.4700805
534466a857d28dcc598e3a49,976165143.8699028
4a81bdc14b5bcc4c84f5ce4b,494930997.8105353
79ac12d8436c07b620190b9c,576507070.8595045
f69962045e9aea6b8200888c,566282948.2152277
9752758072e096fce6f7f4cf,558627944.0996362
56fc1855dc6375dee0506133,612059359.3740634
2fc19f73fb877ed8b88a5250,322039838.5415217
63a25d279fc5a9e8fc1dfae3,493570154.9032822
71978c139faf2a251db6ff5e,285598493.72198564
f4dc67569fd340be3dc592d5,483221238.56036985
0b829c23806ff01a0c84e9a9,790101304.2896998
a23ff4d1b2e24f537a75242e,790101304.2896998
3a103803cf9cf0451582d89f,419679033.576715
eff8b3fe996b6d7db10b0263,621411959.1567317
9d53330b44c300e396cdb402,696731932.2869265
301b5da33d32c0632b16e8a8,793586788.0372226
357e653c4bea02df1b08c62a,786815396.193916
9af17837ac2bbe7c8ba16e0f,690518003.9020257
246576e24f66d495fe0d509b,790101304.2896998
cb70f4993947b640317a07b9,693564181.9894474
949292b23ece12b655122038,453647176.46525043
4bdff22689954e5b1e575d30,677344472.293416
7c69d43fe2488db51e6c8da3,499856990.31087047
6f543782174a964402b64de4,651537910.368019
a59e7f0e0596ea6633781335,701500579.03192
767ae7de1818d645a33749e2,713204134.9719529
e667133c29f90c8fbf30ede7,445815791.85025656
3fcacd1cf9770a2724a5fb01,707381450.2359967
601193433c99337fe806b158,688385971.2681396
42c282041583e6e2090b50f2,837492839.5695738
3bc80c56871193dd782696d3,456620113.29818803
bee9de3e2817bdd591c02897,705157840.6763517
0f761aab549e7f6bc025ab0f,792281021.1744251
3b9971f91bbe4b8dcc704ba0,697771911.2716117
8f428b58a5189effe993ca4b,348692344.2033136
0af466463f2cf50d61315da4,641345309.788827
1a486877c62f2aced41a2ca0,775186892.7105473
c9fdc3f80534b32f1a75f530,706043460.774849
97419310c7e696dc8ca61f7e,815819968.1341157
49d9cb2bcc98d69222b03165,839098536.622312
99fa9611d644cf325e20e603,1213507950.8554244
976d317efade1dd77ef3687c,505999106.7512338
b9bd63208716e4e0f2dedceb,547723437.2424567
834263730047f308d71d4d8c,588133695.6734021
d6bf8bfc752bf4580e99794f,647839312.5435556
58bc2b0acdb0702732894fa9,495827982.69112587
c3b8b774037044a2524913a6,608505080.9644821
eb339d562b72b3bf51073cc1,553199993.5747532
c8244d916b0110b1acbd38ac,619461823.2341772
65bb6acd9be0f8d95fbc722f,590604016.0521652
5644b84ee2edcf7267b2189c,566016667.5442669
22eb737351bd0958d3e60efe,716565850.2339432
0e2a5d040f6361adb9927388,715498396.3475401
be9f5ade682aa1fced79b068,672051595.9209629
8445e5cf42307960535a3b11,716583202.9464438
1b002164d34a71bd06e0445b,702812307.5949287
c80f897787541816ad63bc17,677843304.1673124
673c72783eb4f9a02c511b83,947869386.6968192
3b29177e99201cf4eaae612a,837419481.3088452
91c5967cc1acb3f108d6e0f1,421513211.1825972
334b5b9fc68a18387ae59ebf,409576027.7029282
c9d096d4353b8eb843e793d1,677344472.293416
92cade7b5347d1c00a48a1fc,945367760.5369787
1d4bbb5b756033b4be28643a,775459935.6591107
e1eb183eb261b6de96e20a56,716913085.6314757
7ea8da3b1481993b14bed9d4,514561773.7389196
78bb43910ad6ed105610d9dd,645658558.1764151
32c1f617f2b1f537ef703712,776360457.76325
a7e6d3c76bb5507e00ccb501,598230606.98454
6c75d7867807d942c975079f,728944380.066225
e9182661e36239f091259232,397456838.5130333
c926ee21c2bd9da7da193514,405778304.2431081
27bcae7ffb9f79b8f59fe1c3,487036743.1487907
6cda1a7622d5577c0056ba40,745019869.2395924
67c945ee31cf1fa0a874e4a6,529412125.6467428
5a8638c17d14ec4f6d447b8c,690518003.9020257
82bef17c2a4db1f6dc6eaf01,693564181.9894474
09dcdf0b8b37c1d537b9fcf8,694707252.5690286
2cc9f2411f98d0fd41511211,605152566.0526431
aa1eaa63043c5c29ab6a1323,788801272.4381788
35b03ab66c19ba2049ddb9a4,634417135.5654653
90470cdcdd2b813b39f28ab3,697771911.2716117
ba187eee3858263fa664812a,361503234.72999793
c06a1d212fed896b6ee4e1c5,639064178.8028637
8a8c8f5aa68c4e530d62776d,568191194.1546428
662a221bbbd961c285069c49,696623798.1058382
ee796b35e39c7beb6aee2b49,793586788.0372226
53de17a986d62a44d7897200,568191194.1546428
68925fb9f8f0c84fa0ffa9fb,792281021.1744251
6a6d4f8251ff961609019ddf,459863605.55646795
3477646f548971044f8f0494,341966398.7454032
c82434222f4129168fa82e5b,607301265.6733114
4c00508300f40d74c79f2596,517468452.8579164
27bebaf73dff207d7f6829e2,694024180.6570274
d0ba7b90f6ba3392a165b46a,978087835.2744478
61974f593c799e5d5090c067,342575200.90943396
c08b016afc6a07105d7703a2,584472793.8541204
011c2017b63235bf0ed3f241,557121424.4365902
7f73a8e83d41ea252ad61197,572597205.7029148
0c25a552c34e114a1780739a,410111466.27306134
21e96ca8dbe2f12b55723335,535300758.31997406
30f6404e8034dbd513aa8a30,380318645.45772743
f2fce80439462bb9231d7fba,493646060.7014921
40d5384e2e8f8fef2032928a,527056005.09801453
95f17e64d2222c904a7d42cc,537247669.2959421
59374f70d5e7da97e3b8b35f,976165143.8699028
ba30cf03fbfb0e36e5d415bf,927981659.523118
c2424b4861f2ef50f8876c0c,691556467.9162109
e7def7d0999433ad6d3ea412,933501792.817086
7f1a4e79fa92196101baa7eb,913964362.5202608
37e0fe114a3c7406daa57443,707655395.7757219
897c0578bdc8d59843bcbe38,445252727.4792886
7e554b821e6955ab259a25f3,691656054.0427748
23b0d67dc2a0ae6e5ebc9eee,691656054.0427748
d43f045d046fbc8f5ecf465e,597443560.3190398
498d632cf0868a8e641cecb2,493570154.9032822
6b9bba3c6afa1f999a9429bd,494383613.1782049
12db154d9d29cafa574ad387,474520274.3579886
61779f1bec05260cf10a0d2b,597443560.3190398
986defbe9082519824ebc882,790101304.2896998
f72992cff50931d2e19b3ccd,694707252.5690286
0e2d6e5882fd3b4eeb9ef286,617192024.023762
9702737c9e4ecb12d0f9ea5c,790101304.2896998
c36cf907ee28017eb1b40674,533835115.4578918
a7ad9c8b5bae531abf68f8d0,694707252.5690286
6f3dd53b0935c9593a301bdc,533835115.4578918
11f8f836e5626605ee4b41c6,912956883.0010992
16fe92ffdb7e1aeefcde80f4,604334877.7292683
c1eace64bd2c9f6bea289c4b,697771911.2716117
fc2ac43013ba8ab17da28041,793586788.0372226
5e6b54654c98c2517c2e31d7,792281021.1744251
f0e8b39d2e4644dade9d8954,793586788.0372226
22796587bee45b8f64ee6e44,697771911.2716117
dc8c76f5b3977f90839918b0,697771911.2716117
27663c0e271e26dfdbf4d289,697771911.2716117
2fc96ec5fb2c8dec0a5b09ab,792281021.1744251
49d42ab711abd95fb5947c0d,793586788.0372226
b8984fe54819f5fcc43860fd,421744033.1344972
8d3f4ec0c37443eb3f953584,854363581.0813229
001dbdd202e9908ee42713a8,764963877.4423625
fc5f41aad1b4bdcbd8298037,641567807.7892315
34926bd7f9880e277e75a447,638973767.3484031
00eb120ba4410ed8efa24a8e,788801272.4381788
eb0c6a8231b38b2a1e1f789a,635695592.2153419
0f059b39ca45bbbcb996fa45,793586788.0372226
06a5364639452a9d663a2dbc,710677146.5284597
cd19dcd4aff76caaa1cffe54,424989799.2882749
7272c3521b7083038ff0a690,702399507.0470774
a480b654e1b8b7134091e613,1208941004.2852125
ba24834c9fb0e87c4ea7d1a0,721997186.055857
ac46e3eb688cb1cb17da2545,982417041.9545618
3053732169b2260529f90133,591408334.6137402
ab0c047373b5d1810fe42bd9,593878639.5106044
698383c101fb784f8e1b1ee6,500931519.30156237
1b09c89b546d0058cb09c1a9,740671903.5113894
64edef308b6a9805f0846cbc,824306652.5722709
995a5799d9a1a7e4dfe4fe34,1189799082.0597837
d4f1fcd4c20dec55e977720a,975826606.3218199
21264b5a73fd27b85a4e2654,432888988.4351589
d464858ed94a1a74948f479a,697954039.72645545
dc420bf2dd1759b7f281cfa6,1049387566.910372
0a268e25a5f3a0bfd8898a40,312350208.93310994
a3460f00d48816ef66e3acc3,589367327.532069
9559637fc2bdf96defd2438d,1041078015.6313927
421db6a58670e53f563eb9ad,694707252.5690286
7b6322fd5810990820167a23,478234172.7854785
17fbebdfe6bc0618ecdd247c,830156411.9811355
00f2621035b1969d53f03fca,905097795.6454865
e97c998a6a0709605432ccb1,546762592.5953343
39e306be57a992bcc75e089a,395405528.0643275
55d0225b44a81e82eea3efcf,828220965.5455406
c7c5ee499c712082931032a4,1172457187.8950047
f15f48d4cf4f85a3cd68dfa3,785336806.9801457
01db5867a69f8ea7849d69e8,887049938.6512976
7c29fc3861c9f074e3a89449,696623798.1058382
5ae2fec22f535ec2490174c5,264062545.9385522
a6731fb85da65ce14468341e,500981628.01387167
4e327acca2e033c3fb305c5d,608193331.2311697
37b8e8a194e4f2fed7ddcd96,478442019.2780983
a8dc954142c54e570bccdca5,551143773.9089714
b427d767b071c3e5ac2a078c,418276286.31197685
a9407f510e67bdb27ad59b46,656399744.6603159
ba7120c89c8de0e57e30646d,505017416.9294226
4f5bc448658287ffb3d49b75,746435126.1813915
758d9f47824eb74d1b486024,878974012.6158532
84fb7e582456d7409f27cd2a,913964362.5202608
0a6ade3bea1768aab76680ed,1160792856.3808565
f6e74a4b1e026352e5759b2e,669860113.4918369
639b98d0798b5670e7bb2569,949983281.3610163
32ecec7d5c47d02969368779,555752750.8196411
cac82fdc4d960947bbc590c8,486486624.8680185
c2b880a6bc90cdef9dac52ca,597851630.0129786
dd8eff6162c32ecbc6972509,580004635.679637
6e2f79cf68ac0ba2b1a6b0c4,895246581.3717086
a904fab9fa4f41a11f673fd9,759242662.3942318
bf11c5dfcb321e020601e9ba,878263627.2275984
488cdcddd0938ad0205ab8f0,1253585251.9147644
b92929668e884453d3a0d633,691656054.0427748
09eeb116cb0944a28742d282,788801272.4381788
c16e9d9444f85bdfade710a0,694707252.5690286
c15cecbbe717e72f09a84271,694707252.5690286
0bbd23df46a4ea4e4734b680,788801272.4381788
de28e62bd01870dfceb5d78b,496564556.3552599
92c4faf0ba1fbac44db6d1c8,497934469.4815479
91892eac5e9565b12b2a99f7,497934469.4815479
ba72421716765ef6aad9b4cd,797087647.783856
a99df3a2cd4f2346c6e903dc,285598493.72198564
59a3b1a44c35ed4936cf7843,655246126.3188766
cd74b689350ef612ddf1b96a,599149277.6071136
5664cfe452394ff9376bcc8b,492287945.80938876
d4c6dda51fa949743a46e835,493379753.62662065
b7f47484bbd8113c62cc8c1f,448178817.41997325
d4dfddb6564c9f46b26e7aab,439861397.12306035
aab240140aa4b6602234d88e,478133480.66833615
29671ce02e285f69afeb3fc2,773911401.0160851
5cd742ea274b4a8832114080,711001026.1740239
c876ed979c9127674000b740,667426531.809503
45269f56121b796d0392e2da,1098540915.6181016
e981d4fb3a33f372ac26901d,1284977038.6971424
2f13a428281ffc425f2c2e38,484513962.2410473
407e4196114b64578beac143,582777870.3389689
342027b17940a0cc5cdbf8d9,871576365.3308032
dad2bbb0fe138e426000a33e,695448752.0501238
e77da26aa7ecdab5505fab60,655319705.2137846
8fddeb4ca696706f6cbe573b,667195065.9115189
fe368a7d2e09fe88b1b972e4,496356167.417603
6fcea2c6b9e39576e10581ea,655246126.3188766
91d35b9421c4982b54dd520a,567365025.4960068
eecc82010ce9803ebea6dc75,690518003.9020257
b957548768ef014088a61b5a,614481277.3212439
5790e4cf8102dba35e184ca1,502429732.47013074
cbab68c32d78424452249d9d,773911401.0160851
4e0b293ec3d5eda7d9fcf8b6,790101304.2896998
1f8742e662666147955c9872,693564181.9894474
aad38b9f22ccf36b0fba4e7c,617192024.023762
44e9224b9735235fc7271672,402077528.796708
b61e9e4f3a2e894932b58ed6,478187171.2308756
2b36d2ed79caaccd687f2ab0,358925293.015988
7bdd64032a4f011bd4fe7df6,785336806.9801457
0890a0d20f33b9af2bfe488b,579873075.8131794
ea7c9e327eab66ca286f6726,614576798.4053568
98510008e150296ca9d27d0f,693564181.9894474
41abd8a2cbca609cf868f227,752588103.6374035
83196bef0e5dc6c981bc57a9,793586788.0372226
20289e986c1959f0c83a6a4b,613197071.8549671
fb39ca089d05381b3a7ba847,404869164.3840635
d2da963bf6c2f6fe724be23c,801768355.0390127
670f7dfbe2eba87e55176257,707918690.6267499
469b33a6f153ec334b6123d7,389262033.59319276
c38ce4f3763795c61efee6f3,508303535.06947154
8553a05c2b30be81c64a6295,837202394.0704435
d8b3a1d0cffc913ebd05b931,834534251.3112876
f0fb8232343d235741a20586,837202394.0704435
887d749eeaaae288b2818b86,706491020.334985
126f4d890004b8035a7de091,773911401.0160851
7d157359b413e107f5f9cfd6,636257368.2026639
65010e340fa495d060e32f7d,495747509.55873734
8164023f628f550f322aad61,551398130.3726915
8c2423c14aefa13d255fa77b,527056005.09801453
e9772a54bc6638c723dcebdc,574283602.4399723
171149ef76fe0a2074c5bf69,715984054.1074148
96448fa0eb077563a2d168ca,392261796.7982595
3bf1bea2a835d7fd11e47ce8,422860857.993424
2f4b0b1b81c792f43f4ccd5c,422860857.993424
086540702ba0876c0c05c5d5,792023522.905567
57d17db2cc5ce1aa889f1f50,775542829.8020065
3b6cedd9966332f0722208cf,410348576.04234105
351a3e1b62cd51d46913a8eb,913964362.5202608
33b702ced6de5f7ab8b29e7a,518713608.9141444
e0e6852c6d6393d6d3719131,885222601.6855934
bf5e687721e030639ec81416,599216557.274948
314479aa7b73ef6ef44e1c89,598297783.4930171
822896f609e7761b58e7f6e7,544151364.9524022
5b6f21752f3744ec6e529d74,707381450.2359967
5d91dd63b6aef851e0c78389,569900426.7383515
0a369278a1ef6f5e9d79e2e3,598040818.9460546
7523e95fc2afaf31bcf30979,815433919.5798333
cb9de5719b978a78c71db699,642121597.5593708
af8c90983a23ee15c72b8e22,1141799498.7877371
e35d8f589e6b1909f5e4132b,789540175.32669
ecaa5e38ff6cddc14942eb7a,925323391.72323
d2eeec3fb1ee4d686758534e,803664320.7921388
e97d03ef9638c8e1d270ed2a,405046163.57509077
cbd78f55af1db4d89b53b496,477486970.841263
1b2fa2ee5927660313569617,837492839.5695738
f7f00e13da4910d724aba4f6,475780585.7031737
9a6b77dc2c414f0baa11effc,502583348.3760438
bd4d0b8799fa5999c5d2ee3c,933501792.817086
bd6b68abb113370c35786557,1296398127.0288475
4da8ef54252a92d9cc62c174,758264393.1334345
38d6c2a9beac610279bc110f,362764191.1981156
32e6518755191bef743b28f6,930329640.3541306
4fd8d01a5c3abb90ad70cbe6,694469657.3248068
5d9f8f380a6434096a0cd906,445252727.4792886
724c854b1a991f060701d005,348488538.5795613
1bd78ecec17b584e827dd0f9,507337567.92450166
7e6f68184d84e09cc9ebc09f,554776018.9243841
c0174ef555bfdd648acf4346,518710796.33904886
6463505a740324c7aa869d79,753828452.176371
f239b7fe0de40d208c01c45d,656326044.4992406
bd98add659faedc1820f96a0,445302725.79644716
ad662354d28a9b2d65f537f7,788801272.4381788
8e8852450fd5556f748c98cf,656326044.4992406
8fd5b95f5808b4676043de35,599216557.274948
73a23c9d154fec88d396d2a8,775099855.201287
374ca1a16b8eba42b35374ac,599216557.274948
ff058f978e97c389e7a31f6b,598230606.98454
9d7f2c004fd359136a662c9c,599216557.274948
2cc0129b386acf9cdfa4eeb3,598230606.98454
c139bf6b72a93a73155e1f5b,377065967.2627789
0c017cf9740cb67d530267d0,532356152.0992295
44ff213b9cfb3604b7e4b66f,502373319.9676719
a09c957598e6cde56cdba03c,550252976.0789679
c846d5698bb295697186555d,656399744.6603159
a84cafc064a35cc0ad698009,377729825.0076689
ecda0d714f52da919223a520,706570353.6212863
b9398d6bec5cc44fa39b8bdc,628766014.7267265
79d230806fbfe96368b83dbf,1079362385.4879804
a28b1d82d3f7dbf8746d5742,700731057.6728107
a6555836840c7dd496ba9094,598297783.4930171
83ce7c2d2823f888f2e06ea8,775186892.7105473
631f4c509de8dd64f1c400db,793586788.0372226
2afd31619c21dc537e4797ca,773911401.0160851
0be57099d9c3ad8a16984861,649903959.0251698
ff29f12bbd7ac4b860909966,775186892.7105473
d955edf16ddb9d3f59501a9f,987066976.3706896
96298da2f44ca873f345867b,479179606.6869753
e6396355c1249c6290906b78,775186892.7105473
39f9f736d802b166ed688224,775186892.7105473
38a0fcb41f0dbe8b0ef7af8f,707734859.8120646
79b955adf84fb2c52381921a,598297783.4930171
e335b8464a61ea0781f7928d,913964362.5202608
71a929d79a6cccbce6ac5d79,688691769.8634132
41454361857cf70c44e1f5ac,532415931.4337316
a16ca6293e2ee2969f3334c5,712565539.8649321
4083248d3d2f2bbf9589b971,707814332.77158
de630da5e1c9e27bfd94efcb,835905860.263758
f2a4f5010f3da37e27505ece,544151364.9524022
53647abd1d1b10c9226eac73,691656054.0427748
e51873d6421addab3b539dd4,614481277.3212439
be8fbefb8e06fe169237d4bd,516576930.3764759
257c889187ad5de900a430c9,617192024.023762
3198c4acc62c1a2276bf15de,686010285.0289565
b22350d505b87dffaae3a5e2,824261172.7253418
49ad389014995f0187edf726,599216557.274948
025d96090a8e5bd6f786e9b6,655172555.6853665
4a7156189e1f06b0fe87a7fc,554776018.9243841
e91425bd357561183b935d27,554776018.9243841
c9d996f458794961d9957c1d,554776018.9243841
084de965e32a2a65bd3aff5f,554776018.9243841
880bd21afee7038459b5847e,775099855.201287
2dba091723891d8907905a74,792281021.1744251
a39f9fd2f143b8ce1f7e1277,554776018.9243841
37050aba3553f3869d59f809,696623798.1058382
35a39cf33d16f8f5ff75fd6c,655172555.6853665
7c463a59e7d2f2b4bbd07e12,554776018.9243841
035d955df5a765531d1d0d07,788801272.4381788
be706475abdfd64aabfe45fb,554776018.9243841
bf41b26c090dbf0a19252e43,619914729.0201393
21aa860fd839233ed8b82653,526754855.0414395
b870c8bd8f95426a7e1f9c88,554776018.9243841
c5a5676bdb1698f8c38cdcd5,549917677.0171751
3487768de3a13b7ee3df0254,694489373.0389056
dda7a886135a1fd8106d04b8,815540593.7472883
ee102e9d0791ee82ee4da2e8,540876356.7829459
1d4891dc27e0050efcc6c403,617192024.023762
dc1fa8fcd0ffb8872d434dbf,525888133.15934765
2a5f727304ad67d1cd269361,655319705.2137846
2b10af4fcbef695b327b7d0b,834436761.075409
516881e914708f6ea6062ad1,655319705.2137846
5a428139d5ce6bbd9505945c,792281021.1744251
38dbf1b9c5963e9c3d008340,792281021.1744251
02c6e8c7f36a2c68851600c6,694707252.5690286
d2684e676cae87d75dea5ea0,694707252.5690286
027947dd01dc991ffefc5082,494383613.1782049
0af13e27cfe9b8f237a9949c,543262399.8646994
32421841f7eeda76160d7959,690518003.9020257
96ad0e75433cc18f20ed83f5,696623798.1058382
b387b5eebf501a620f352504,793586788.0372226
8ed95f9bf057114664ea441c,690518003.9020257
114318a8e5822ece53ad897c,493570154.9032822
3bdd7be0b5e18d266189d991,617192024.023762
0d2c4bbd8a4dbeb6337b5c14,418047515.32961035
a98637742a212e332cb5d1f0,418047515.32961035
acbec9114912932b9cbaf0a3,695614220.2280163
fd81506b0a00fab1ff680b64,575392767.8502916
49e531941384af389b0aff59,377065967.2627789
8f221efe392ba42b519e5f57,707381450.2359967
1f33395df1e4f6a185c507cb,483435117.5524759
fa823373d2e7fc9443ebb6ff,728944380.066225
0a6966f19bc2c303886ca82c,570839685.754333
15d9a0353ad54798ef95e0d3,773911401.0160851
0d95d756b838d3a319277424,446086720.34649146
d644b23e4bce0e6e50ab9356,773911401.0160851
6dbc77ad8c5c1e39f72cd2f6,775186892.7105473
2fb5206d246ee7ab22fb8143,643179885.062884
f1582fc47e7b8c0eb0cc9949,696623798.1058382
8d7dd9de4e919fec5916862e,854249660.2342411
0b67da6d74bb3998c80893f4,577476062.6735704
736d25efc9e570379d32c089,736849229.2798429
4615a8a7af9d7cefc7fe4c4a,944078009.6700178
8b753628bd37b9759dad06ea,493049271.2439248
5c7c83526b72ced12a08e573,603606186.8677199
9baa578a930a94f761119fdb,427217879.7685234
8fe1a07cbe9b8f3498cf74b0,464581766.54640794
67a7cfe6e95aa5200c064717,539510600.2828588
b7e3b0c90c0d3bfe5befec54,583821766.1226317
e6a547b2c0d126c9b6800515,820327617.4541862
b08f88ef973c9d1c3a86695d,645452837.6380347
5933c18b8cb17cc6e4ae91cf,776780327.594162
64a24372d58a2cf535c3aac0,782852542.316276
e6f9288cdadc5851d29fabff,938612667.1362295
71ba2f992908a5f91f832406,663011983.6005193
3af4b54bb5ee5fcff80f1e53,470676456.3381679
40d3f1f00de86e74e0304bd1,599283844.4977504
3b758c26283c2f11251bfb89,922773954.639281
70cb6337c8c3f5225fa80026,773998305.071451
0dd510aaba8036e8fd9d667a,941988003.7517433
ef6ac2a5102d7be910a3e4c8,434878612.2416071
24c32572ca6161a603a7d0d0,440777515.39210415
c7be09a810b9e54d2dfba4b2,599971783.207649
01a5a230e8a808d844e64397,977111026.7037023
5ade8e9c79288d511ce1fd79,706179024.3651081
7cf50019422bc9569a985736,903081290.4630901
d4716e228067a7bb0f30aa30,645676760.6379218
cb79e02041eddcfa9225346a,686062897.675059
b059afb753452ba358fb432e,1130166050.8186257
fd9f78fb2d2f4d01e462bcea,850676398.276856
6337f924f515625e7fa638a4,616020880.8813753
3adcc2c662c8c7c9db5f0982,674079277.6931261
6b7aff233052b9bcb6b9448a,982310671.2237917
cc51811e23409f4d77995768,476977107.6214421
e3cd7b6dc0495d5109086407,711164600.6873357
e63f468e1d9f86530d47ba4c,345692008.1011713
8bad8a7faae115ac9007b13a,686169670.5422353
d563312854016e9115d034aa,776515719.943672
57c7684f8cd8d78909711b53,355286895.3230916
76b8190137ba3daa55db33a6,479115104.2321522
2bcc6a15181273b2fad05e3b,666087737.92139
b998aeafe2cc93bbd96dd9fd,349062886.28394955
eb77734d12df7528af57c674,349062886.28394955
e8df85384a1f51c31015ba08,790101304.2896998
b0a03d567e287bf4cbd7bec3,563211090.8200147
dc8bc7cb687a3a42b7e7d5fb,793586788.0372226
147de03212e554abbf3fc3b7,786631129.0089251
c09b8c236316b87a92a620b2,419891706.4636619
f5006b435fc92111d55c0603,418047515.32961035
ed70b749e030cc8715c0eba5,790069473.0215925
2a9bbd878f3f45745d76f059,792281021.1744251
503f33d11f75b6b5102ba4ad,423618303.8217595
41479709513815cf5fc1eac9,555796394.4659147
0181972aeb6bf451012a47c6,696623798.1058382
0b35c4a3f20cc0eb751acbac,494383613.1782049
e5de98822287c2caf8b209da,552343605.3320789
f3d82ce1c6fac06e4997f7ba,786631129.0089251
8e17d7d78e7acffdcb04d982,533027110.14706224
f1e7a0c7804083963b5b6de6,557678373.4090827
918dbe66979d16b147bd3322,655319705.2137846
35dedbaace193598c9c438a7,387598806.1360631
e67fa931031bed13c711ad00,507249020.9957261
eb2bbf82cb615e3227305b55,522032905.36382884
e8d83f7dcb876d5d05ae3e98,599216557.274948
2be93bf5132bb788bf045c28,520543883.8899514
ac2b1b560e8bc4fa1deb6f87,674420549.8778957
674ea6932fa9e6b7581479dc,551019225.9082575
4893b21db2d6aa4417e1cd1d,769593549.5089781
2dbef742d0c59d21ad7392e3,923177369.5146009
fc16776abc877decb82a5954,910363029.7509915
6f84d405f419590075610c5e,785336806.9801457
52cec2691ff635031fce9507,416211424.0005493
830b1a2d33f7754b9acfdd82,785336806.9801457
fa908c8dd43fcbe9f721c0d5,792281021.1744251
90c3b93badfe7231410e95bf,792281021.1744251
60a495b86d6eff1e345ecb06,497934469.4815479
0468cf58f40372acb9d5fefa,696623798.1058382
c523380518164e1e317cf1b8,767691723.8846581
142cf530f13cbccc3cc9d0a6,711393085.2782972
e0432ecc0c1fb2b00b5435af,445302725.79644716
3af3a702988bfa0599727982,668005413.1891341
99fad8a7877c57c0af05b318,529273108.99249536
b57250de388b7172a39dae8f,773824506.7182506
42fa0158217c9cb820f2a06b,656064644.2068864
8fd452d3f5f1dbb3b65f5274,773911401.0160851
27881ecd655786b093349ab0,773911401.0160851
38029a1aa22c0a5beb065edb,773911401.0160851
6750be41e08a725705256b0c,831874611.8553158
90bf218565cd67ed83240033,915475531.5871723
c6a089a9bb326c22e3f3aaa7,835718160.8062884
ede08c77d6090e0900654eff,1048690112.7622426
2f7784465c1c69c8f786a0a9,1173963074.2525845
5943151d9a76010179f6c297,554776018.9243841
82a3742862a06803242b703d,599216557.274948
b815204eed4398e600b366ad,773911401.0160851
11c4dba68fb47eb9c49df169,446036634.0029021
4ae7dd50c6b743bd47340f20,773824506.7182506
d81a040e22d541a74122f3c3,292964526.8710396
34c84d0a410920c303ba69f8,575527108.752046
6b0828221f9cdf5cf39e7c15,418570053.64912355
c50d5b4e75f165eeeb2eba97,694707252.5690286
572488a9a75f64434dca5dc5,495747509.55873734
0e67ae9abf1e2b2f66a91a28,694707252.5690286
cb00154afcad81df60ee58f6,635695592.2153419
75801c34fb510d824a7d8366,408243167.2569009
98f2d7810641693c44096ada,590993263.2293658
1fb4c88bbf995f77f2f29b7e,696632907.2607577
0abc98f7ea1e477c6fe3425c,740671903.5113894
b3401023d3097815687d1160,696623798.1058382
f1ef14babbc4123c5157eb9e,609871203.7597463
ecf47573fe1ff641f6914d0a,1147256325.5493534
0ddd21dcfe89f72e2246ed79,633462885.2934976
402f18888d480f5af146daab,691656054.0427748
61b3bd442f6fc8838e2f45af,599512535.7789006
c4eccc400db2dc9627c9879f,788801272.4381788
ab38b4fae64ab90a55b5a403,599647465.5456487
7f4cdc01f9086bcee46d1d6c,792281021.1744251
1be9d865ac8d01f0378bc148,1013048249.9979326
f2f43244cda8e2f5219f3db8,533835115.4578918
89ca905d858c7731313c82e1,697771911.2716117
5bbd0476c27c53e2bcaf9462,697771911.2716117
7e177acdec9c0fe684d8fe44,709435906.6027845
b764bb8ae8ba0d736bf54f5a,493570154.9032822
75f6d6beb64d846d965fa9ef,793586788.0372226
b5293710d0cd75f95de001f6,265941849.78585452
8b8ec04a78d3826b2c8a5754,598836955.7073681
e35579e8b9b24dcccf93abba,507419300.7799876
db5e320f51680100f1ec06f9,389445639.0563525
59be3c447844f31267366cbe,434967565.4267659
0f3b424c398a8e8b53162c37,656276021.3974689
57f4a3f6fe2e41ad97116002,545891106.0379254
1c6038b67a40f0749a72e6cd,629487797.0423532
e5da0e3919341762d5beed25,652678635.6412194
40efc0dc313284d3b57492f9,615806047.8853962
601da8fc375ba0b3df3b38bc,974657831.3239158
61a12496ac1e6f39c5ac5d3b,1089864549.078583
8635edb61b1dda6f4742cac7,1114925629.916545
ce12b48120daa5704a4c81e2,313551964.68439907
acf4d60dad7953065b59ced3,776998724.7656487
56e3e7d822e13838ab9f85b0,642221684.8613499
7ea2c18341f69f21b523906c,705662571.745769
dd2396a42097b2e8bce52a72,738959568.9581418
41f99600339a7afc8e386e6e,622561239.7580879
b2d160f54ce5f98f46818e4d,892703045.8576299
00dd36caffef00fcde85b235,789234423.840551
471bd64a0576aa67f494eb98,853095389.3749491
79e307acac5f42f2696b0436,1074266832.1227648
e65a4eec62e2a5bbfaad5565,696623798.1058382
4845ca0d30483b36bfa55061,696623798.1058382
6784e116d96e03911e2a07f7,532296379.4767144
4184fd9a546823ff1fea0b74,655246126.3188766
616a5485bc7721ecfcc21c70,411486831.6867325
6ff3186df9d15b65dae5bd17,417125528.1095378
886706f32695891af743f986,639740336.122064
daeb02020f23715e663b4a38,569900426.7383515
93fa1c8ebb75b77dea76ab99,707381450.2359967
ab25a6737b3ee0c4e9cf4ae6,530157024.2590807
c5641447732d3d1269965ffb,963053618.7414649
86b290218a62d0c51b099a08,905097795.6454865
d7b82133acf54bd3eac338c1,1186963954.984149
10fbecd8de540f1fe4c57b7d,412209951.60192424
137baf1609138c6ca2715c7c,391939862.96937215
f5534949a53bef05de31b07e,499385012.29379904
466d4240af2cfd09a31cf3ff,593007569.9795061
7478693f3e7e8963e95be8bb,376463561.75648516
6e537e91af0de67558bc1ee2,693564181.9894474
f5b0b51ed49be034c290efd2,788801272.4381788
a4885ce6808ffdb878c41f97,523701930.1094268
a14506a4800c27223fc34728,688835915.5261834
e8e97b7919856f9cbb9ad02f,773911401.0160851
e16685dae2bd3b0a4803ec9a,792329766.7128365
044b8431b186eb022cf6fc24,459770731.57679844
60de8c37c9eb96efc432451e,733366754.6535019
59b88e154c07bb7c0ddb4e8f,697771911.2716117
71590ac868415f3a185dc15c,792281021.1744251
6388b4cfd09e2b1219268cb2,790101304.2896998
f865cd15368fefd8c9d6aabf,697771911.2716117
ffd916080b1019827491de0b,642121597.5593708
6b8ce573bc2ee68ace26a67f,569900426.7383515
7ce704ef5752dd496a61d857,707381450.2359967
6b1a1afa055c15908a855e9e,593286661.1457188
2a9338f62c99dbad25aec5d3,706649695.816078
c2282da3ece2dca6e8a3bca5,706570353.6212863
5e6324cfe41c3676c7d0a5da,742768053.8362404
f1a4afc2e543ce4260f1d781,915084471.0072898
5d17daf3e98cf433267d978f,1448859044.4056382
d5f41dd3258aa346367d7725,513879344.34868944
da35c757f211ecaab20aeb3d,525947186.1870996
8d9cd237c737f6e62092a08e,915470677.0052243
9dd98816533e4ca8516a5474,985442857.4103748
27d14f352b2983177e836e3c,775186892.7105473
3dd4fa53bc59e5852f9fee98,985553514.755037
3ca74495aa9adbd533ccfb96,773911401.0160851
dc93d8ca60d60a118f61390b,598230606.98454
dd7b4c374bbbcc60bb090fe8,785336806.9801457
f925a05397ca6163230f7ad1,639064178.8028637
66a59937c54eff29ab14b474,662407956.7358758
077db8e0877b924d1b57ab1e,478133480.66833615
aebc3c6079c1a80f8b2f1c7d,792281021.1744251
ae41a566826a10d5a6768d36,498755120.63021463
489fca3e6dc044412d00cca1,706570353.6212863
fc2f58cc289d29fffe8a5fe0,788801272.4381788
59519bb6d5d299ee0b767224,707655395.7757219
19921a97a52bed6c6b8f4135,696623798.1058382
ae08b7f31e69fd930ef4c832,697771911.2716117
1b67fbd144a4a3ef40bd9824,785336806.9801457
9e142165bbde850d4379a49d,526814005.3951209
d3e971e2e224a20530ee295c,619914729.0201393
a672cd6c8c284e14913222d8,647741095.0507327
93086ab3e32aa9599708382a,816450609.7848413
63773145b1a896df26504b0d,533922868.45599407
17707d66753c1eb0aca28926,500981628.01387167
6a2d4d9a257fdfb2ead837a1,486793912.2913525
f9158cf51f5e9f644349a774,426154378.16809344
c09c39339b5bbd48f349a430,594766064.0430745
d470d84f5d8299c52fa24499,534007939.07270706
9d028997ff036c154c3fda0b,793586788.0372226
40ce7321869b706210eda9da,598230606.98454
3fc826461ec4648e4f7877da,558226036.1419687
0e7dbec40eab1b3e5c6bc665,765621608.0642906
81b3256980dd7d7f49030c78,1041870509.54173
fed2e1459e9ccc06943a05d1,946727242.6450411
c535169307e21e5df7ec88e6,690518003.9020257
d78d84e4e42f145e02e423c9,785336806.9801457
3e523ee3a6c2d89436539792,785336806.9801457
5f2df52db15d2e0ebd327a36,496564556.3552599
1c1ff56435675288e78c4735,696469081.4401207
ec4226205a38a45d97f35828,788801272.4381788
3214488a8fa9cf8b3dae877a,709435906.6027845
4a4fe76c58f5735ce6b018aa,792281021.1744251
ff3696c808d4835d6c7cc9e3,693564181.9894474
1aee9081ac4a04490eb3f0e9,790101304.2896998
8dd954e7312e6e6a07d6d4db,636257368.2026639
daa52a91f1fee77f75550246,565695662.2196797
a4ad34eb244e48afe23a780d,579873075.8131794
0b4b741487c001323f508d5d,785336806.9801457
cb383b7a746ed55b21a8b245,793586788.0372226
4b092d4d5885cc224f6775e9,377065967.2627789
ba12305002d24055c159ed34,292964526.8710396
bd74d43d99a240ef4190ecfd,481647723.0615746
4957e0b129c5caf47b026c58,583093379.7308326
eb270972f0f69f1671a0a740,611360657.7059231
d51d3ef396efd4760c979de4,497793484.9474611
ac65d147ee69785195ef7da1,786719153.7838014
53ab42a93b6deb152951f82f,773911401.0160851
5826567e12ee3192785e36f3,854516466.6149253
ab64918f2b2b4646e87297c2,809648256.6865172
88b0d688281db2ef0a782921,754187310.2138736
dcceb6a2073faf9f89f3431d,791026068.1515983
73bf75d5762e3dd30fca7b3a,835812005.2660338
a45ba5d63cd1971de19c25db,899901103.1201386
8467eedcf9a48fee0d72d95f,913861743.1617364
6184f12f3a903658f3319290,599971783.207649
92ab018394a5398b832d0b97,675185792.6694638
e8e215437d023387c4a55515,426171722.8190189
7b8a6949d55b5bb27c3c6839,750286218.7466053
33f1a7739cb556a78af083de,726377413.2652481
39c6bd862f908b7e8088f0dd,788801272.4381788
ae556ff5f318b73d3b29142d,617192024.023762
e2fed68e0b614e65c05200b7,696623798.1058382
c62a4288a4a0336b1436132e,638012663.2780834
f23b32fa4894b6d59f73c151,792281021.1744251
4ac4fbcacef08524ccbf3623,285598493.72198564
5b5bb8156b98eb51a58e73bd,487335184.30502146
53fbed4f9680917f0615ae7e,446036634.0029021
730b528617c2841eea5addaf,624059274.8436594
13d08f7e14471fcf517c204a,371086436.75050485
da273cee807e254fc9aabb9d,657807131.849564
b8f7bd85b61951ce83d7f57b,1228390888.7472992
4954ce465ba712543bdf34fb,462216665.9044475
b7483c951d2c19de665f07b6,377023630.5270511
913cdfdd62e35472522d0a6a,570149697.7311978
be28b90a71e2922437f25110,560531938.7957277
b71857f1cc385219f114035c,545862950.0030048
a72041a40ca87928c695b2f8,569180542.056277
65a626faaed9d9e3b172415d,570149697.7311978
229bcf400e309619268dda31,569180542.056277
367bc4fef78a9800f8616d02,569180542.056277
dc0ac888f1e87924e3994b4e,523170481.54727596
6996e88c10a94d9ee7d05357,439367839.89670885
cb8fbae1b4141461127c97da,769593549.5089781
d2de34876a7a6914c2dc479e,856873890.8596946
c666974c4303d43b87714c62,497572107.6343465
e8491a7994738d098a7aede1,878263627.2275984
9a6440e5318b2de28b180a2a,804801662.9251342
9ebe11eba1a88fcb24fcd141,560925616.3252324
78b0f0bd0494fba0293eb0c3,625391822.8730663
047b0ded64dcae203a3015eb,689376136.3412063
7b95396ef4d0e97de8fb4986,1001761421.5954819
08f1c136d5a456c0215ebea4,694489373.0389056
0880b703bf2064f59f2bf20f,795517486.4033554
cfc069bd55e152e40b3a1391,796550685.5552146
0a00771ee714a2f3f96c31a3,559912417.6708573
06acca3d0ef4685dc055ffa5,385604588.3132713
f802b026db4bf9d68cf00b16,286547643.1655546
4aebacb9ecd0a117307c7841,933501792.817086
81ccb7e0255eee6274f5d930,1141053534.0937605
cd17bb739ac79f80d6f651a8,1283208232.3368566
917829a0aba571cbe794838d,597651002.9449452
5b83b73ec31031582aabc527,418570053.64912355
5e18ac352e3f3119f5f9197a,858286113.9249681
b7eb15346797508f47ae094f,717161799.8975408
5ac98c971b9293bc6a8a6aae,814237884.5741676
e196b7cdeab1468d5d4e07c5,1055908448.2686639
0ea201bfd515584bbf72f902,915298122.0642468
d2e6ab3b3106f36f2c3fc119,478273922.24774486
59db28ba77489750903261d5,677360309.8060029
b348c76e55613f53c8bbc94b,804765886.6414022
a1e38854d6725e9c48c128b1,382520245.04739296
b86c526fed01211fdbb62815,794555751.899645
1d2b83d973547da8c168f743,492783286.1188585
0fe3dbfdf25d4b013b842b51,605744167.917824
71a20a4daea6d31de942b2ce,1011940382.8288596
35352b370a31d01748616b01,974657831.3239158
27942219389ecffbce2e1d9e,885024159.6013862
62fbacd4e172983a2a998daf,792281021.1744251
00c1165df93a4cfe679f54e2,788801272.4381788
207f669778ed0db0e619ed40,565695662.2196797
5ca0586ab7d20dce5e9ca8a0,716961194.7032164
cc27435df779f16e6a62b0c2,792281021.1744251
7a94d3d31471ae313659aeae,696623798.1058382
efebd19fc5a2ab30f2ccedcf,785336806.9801457
8037e40c0c8b20ab6e0d4b78,408270719.3087118
5ae3359bfe2a704de00e8801,599216557.274948
a5587c93c012375dee920f71,598297783.4930171
ee7f7d547af56773a4b0afaa,784833914.0830075
9ed988dd6739eb7ad7aa5a06,757408091.4777986
26c08d7331ae19e1934a22da,786719153.7838014
767024c66d3a88bb18407b6d,824592624.2307832
6afa85ee6594d1c8296f04b2,617192024.023762
551ca6ad1ecfc7ac21f8ef0d,728944380.066225
1f79204a8f62c29b0a1b29d5,499385012.29379904
3dc0fa238745fbc31ba88853,380432976.7823807
4bc3f597867c6844e9b47fc9,416165436.44084454
53973c17ea7e89fbee5e6cf4,314868756.05837053
05397b2087e5cf381809f169,590403042.9404005
584990ea9718bb5598495061,374810109.8016194
2e7c6a89d2cf2d835839f5f1,669853119.7246633
5c02d79c59fb636ca4cbe86e,555891562.438179
114436e00c03b44096823522,781975051.6399004
60caee98c3cc8526d16d7f44,557307531.611736
8207612808b5947f2802d2a6,833434556.251435
31a73382ae20331521bf2e6f,509434042.998665
c58947cd4f238cfdc0007bf7,1334689594.7292254
a7ee02ad2a4fa122799a2dfa,948520310.6364679
c77a63e92b9f727034913d8f,585439426.5010517
56c6bf831d3c6737e3844969,601564636.7590864
73ec6f4da3c277958cd2c228,1050529124.7615905
7dcd1916c0485e0b80f9eeb4,916984336.6461102
cafa94c4a56c23ec73ee9071,989805429.9224106
d5ccfaaaa739b2bb2b3d46f7,437690930.06142706
e6d2e862f58445084b2980bb,1499556782.064236
62f96ed5c1e5f28117949a23,485483065.7569986
20d8980a4fa8e094b7a5f00c,485483065.7569986
0172678cb0737e21a317eda4,435101356.2452664
6254ee88812e303bdedb8767,982076336.2259562
a812ed43db71868625b351bb,911464937.9991202
2bd1c70db60a44d4400847ca,995041216.3400259
b057dd8a9c2082d1a78cba88,339585661.04250294
2fb149a70fa14ac05582ae69,583381879.6868439
47e282cb12ae01243d713178,499385012.29379904
ae47cf27964393fd56a52d7e,724561618.0212777
21642991a20d6b0d17dea2bb,687178369.1633649
43b10ad2660d7552ab6c3b10,695448752.0501238
64e5093d6bae57e8b4298123,748878473.4436824
9d8d3e6fb432174770c74e71,749031244.4172848
9f2498c12d7b41c213bec0ff,388674370.47138596
6461c0a03ad3ecf2f8112759,628173874.3468958
09b15382686c42fd89b24285,986389516.1218963
da846b08fe2205d2e2a3dc71,497934469.4815479
2a89ac6511416d0920f1b9a2,757046953.5512174
3e9083411c44213130b2ece8,655172555.6853665
0f0df5694eb388d843e1f17c,599149277.6071136
ee6a288e644183bb191a6526,377645007.22304225
8f570610ef199a3ecc49a0a5,707655395.7757219
3115e2391cc3a078b5e6066f,674344826.3518566
c7e45098251c687efe670815,599216557.274948
8a3b7f5a8da339fe19e8f138,656326044.4992406
2f801cf48edb712627196b2c,598230606.98454
a147a8c29757c5d0c592d347,446036634.0029021
86b0aa633bb16582bab5640f,598230606.98454
c9620e3e2dce92bf95c57c6d,707655395.7757219
b746e4a5c9d04cf4dbf887da,656326044.4992406
915842a8a03914c08a6607c3,348527671.0528797
e9e6e054c1d09a22b7efa20a,598230606.98454
4b6fb9b705d80ff350bd620e,446036634.0029021
9a51784f33b0cdfce8312163,495904377.63933396
176c9a90fcbceb91569fa3e2,775186892.7105473
c97e70a767a3661c4869bf86,550314765.0835474
a6bdb6221b88a24c9f8381b0,583158856.4498631
0a1e6a95a0f9598150c121ce,915470677.0052243
37d12acc69d0e3e92420e62d,706570353.6212863
d433ad6c3cdbd707e6839082,655319705.2137846
36bec92975612d091a3c78b1,655319705.2137846
3eb97ecf8069775b9104af85,775186892.7105473
9aeed339b2d916cc89f38bc3,707734859.8120646
f404deec9ec16a8460397815,599283844.4977504
8a0114372706f30bf6867a2e,655319705.2137846
681e772045fbee930fcc9ff3,1081141294.231536
0816f29a68aa35abd5978e7c,706570353.6212863
670fe8f7b8ebe006885b2777,707734859.8120646
d36dd340e5875df6cba999ad,775186892.7105473
8ae869c5033c248f881ac313,930130367.2738646
294b04da3eaabadd55da9c20,834530461.644219
17b360d57782208f5afdfe4b,775273939.9934205
88ed5ebb575d026f8d440c60,433336274.2968847
e611a37562f88ebe07bb28d3,451544577.14179885
e685650979374c571dea2ec1,509041603.4369544
10d47d2c73f0ccbc97979bcd,560531938.7957277
fe96a7d758a874b1f0c42145,489647315.59812397
a7634531887e969c9c5469d8,428212123.1959266
42f38b1b2dc077c88a746c1e,557307531.611736
25e832098d9e6e7c2f9afe2c,642978746.0839002
b7dc47c641b46ca99fb83a0e,800160939.6731385
0391d158ab104c5cdba31872,757408091.4777986
a3c4d0ba7b85b9a6370e131a,971214684.0164312
27721beb237824844adbc289,845258114.4664258
6e807e25b64bf0de81f51c12,1113617721.1467104
d2637d64e4022075c8f539e1,871950304.1308427
faedbe92e3296977872a4aeb,1099945277.5705485
5bbc190cdc5ff3296801ac0a,534888043.2941591
9b0abbbbfe0bc85686304ad6,786631129.0089251
f8263893418eb0752dae48f3,349062886.28394955
1e73d6064abab2cccdb6610c,348488538.5795613
c0155096575af5fc8db843cf,287044213.10988677
9c7f7b0ebe440f60d3bd478e,349062886.28394955
25187d9f4cfe89a525ef2493,348488538.5795613
85815a09bde2a30e296f65bf,348488538.5795613
fd45b984efcdb0b434033fd9,633462885.2934976
5dac2d2027b6c81c1b7ee3a4,348488538.5795613
7df538c0c831520e6d36e39f,394996445.45723057
14b81320fc31c7a513242171,348488538.5795613
8026e480ba395cfe1e09cec6,349062886.28394955
80bbc51dd90d131d091521a0,703217816.3533679
ae6ac510d3e46a50ef24896e,349062886.28394955
06b90d41ad3ce1d0d389fea9,790101304.2896998
8d911c1a195567dae3cad99e,452324908.5944428
2876aa9ef0b44e43084393fa,348527671.0528797
76556774906f9e12b319c232,349102083.25191766
9662cce3c4b92d1c99849899,747798789.198897
de3d078e5d524d8a7b65841c,701942035.8360517
547c8638128424b89d602f50,778279304.711551
c8a3dc3654c53cf66953de0e,693564181.9894474
21c8b93e50ac884e63514f10,810830128.8683811
49a0715897795017ee0de843,376437266.6420169
5d646ababb10f51c141e0d8a,706570353.6212863
da598f8a82b1ad1b02961cd1,738959568.9581418
84d8f7109615519f2ab0a48c,706570353.6212863
0d027b81f8391d73fe0046aa,792281021.1744251
079bc331430e94ee76f8097e,696623798.1058382
61055e6eb1910507640ce6b4,635401623.5964104
3f6effb8881ea683838437be,752946371.2102703
92c8d6ee8496b91821d7ba3e,706570353.6212863
78a08f21f7d7c51ff4d5b8ac,775186892.7105473
f7ee7282cb9edc77740f392b,775186892.7105473
694b0a500f1619c4ac4c85fb,896641150.9345423
13d43933e04c3c7a9e5071cd,700850089.5292715
5abb555cb9d65db8e6c28201,492836000.6115605
ee8103b958673c589b9cb27b,861104307.7875965
5b3a467a3b0feb8ed81be1b7,1051583219.6755191
e570a5157e02d440a78ca008,722176769.9469799
70298b5e8fbd66aee975ff14,709435906.6027845
2b552d7b1a1488dfd618b120,358334717.71798015
f4ea9c80fe71a1bd0b692475,619914729.0201393
e6a9d5c9a82ba73e76817a81,709435906.6027845
9b58b5c993540ec3ab1e4a0c,785336806.9801457
00858277a3cf4f31b8e3f738,693564181.9894474
d937ac866f671e4a0c090879,705038610.3440626
7d02b3479cb2d89d55bd4fe7,788801272.4381788
bf79649b531e876c5f03883b,565695662.2196797
66a2ec5aac8969b2be538c1c,788801272.4381788
7637c251618135e082a9e2b8,700850089.5292715
e8c9070ca596f88bc2e0868a,617192024.023762
64adcb2941e9553ee394caee,384459802.21560246
0bc8475715e42b752649b4e6,565818639.1784728
956ad3b1dcbe8f236efe2d2b,532950375.43294597
dc81900a751b64dedcb4ac39,546974348.7029591
02e52d3895522d9be85c4544,535535474.62371236
49d6752dd196e7dd583baf44,479460888.0504825
8364aa431b2e267e41efabc2,534888043.2941591
1b59d33f9000d2e1aad46239,411509266.1232797
74a791baebeffcb7e7b917d0,609871203.7597463
0a3911a1a9284f2ff81689e6,479213953.70277905
6276bb8ceb13d174b8e405f0,395711182.7487731
d573d2caf8c67aa32bbe592b,415708651.14293486
57cafce17dc4de3bf8a9ba90,826580734.5400491
1dc9e5c684c831b204d21585,775099855.201287
48df432642971a97d3d4bd45,526814005.3951209
4902ccbe8456d3f0a29e5059,566354992.1064757
3a810dc80d3a63f8cf106717,704532785.9484218
c9859204696f3440cdb541c3,698937264.6773096
349fa9cfa15d8f8bdcbe863a,1075854778.292592
d0bdb51c8020a37fe8344650,893722400.9229078
7b037e6e5d110999e51b79c9,802367789.3490927
f677c51266f5ada9e23f20eb,322210280.34308684
1b85d69a0f8ce1d6ac4d4475,559717901.4961498
4570a3ca0571c70657b4a1c6,545096792.6537982
de32ca7785b71dbcc76a50a1,741525093.0205578
4e3cce6b581e74879c2dbc4f,421234218.250035
09c4d4b5d1c0118d877d5734,693384501.7621446
b9809baae395914981a9296f,561681849.2621659
fa56058283c975be76d7c990,644390590.5696445
7b32938ebf0b1b167a3d2d20,680178608.0847085
bb38c1c17612ce593e5ae7bd,294224140.9476668
bf0485c2e267d06b9b1d90c6,744903682.5248883
0357d0ee6e0646113ea543cf,708087758.3368684
ddf5182c482fca7d881fcba4,862801463.2905388
47e6a61fd652a3dd37556ddf,531708693.58423835
a9054883a22542257c7e778f,292964526.8710396
d7c70d831e88d552da09ff29,864057765.3344307
d4d138bbc80a0b29ed28a4d6,557678373.4090827
dc9119767bf4f21fcccdcc69,720882338.4058015
e8caed8cd754b0e3d43e6954,626205292.2883239
033307467830cb865a785e3e,694707252.5690286
5498b3e3ca091bb81be87166,619914729.0201393
bcaded180edb36336c2f5b96,793586788.0372226
ee4377ff95580b93e80ae08c,697771911.2716117
c25e1e289cac1bbbee489122,792281021.1744251
7e41d90a838048eda035fb27,705038610.3440626
f418efb887a15127cf2563b1,452151414.334603
93b27fa67eae8cdfcb846772,619914729.0201393
6a42271a0b03bf9a856d1acf,552811169.233214
2af9e271765438a47fa7e7a9,395405528.0643275
11429e0923f804d7dc5d27b6,982417041.9545618
c218434cb0b05ebcef935e5b,655246126.3188766
a98e4f4db7afb8a6c9f69400,692042167.7005701
3c35c8993bb937164ae4a880,790800546.4447842
c23a1372c81ba03e6dabb0df,572203607.5371748
cb332695a296899d1c798426,717015528.9546164
2ace3da2fc4e0c022f7a8755,784211899.8288147
14f1bf9aa68aee1ac094097c,831874611.8553158
649a2784beb9b821d36179af,656252352.6131791
6bbb8f89bae38eff88c89c46,446036634.0029021
1905b860a8d463c3048b4e46,529412125.6467428
3ec50faceb434f716d73613c,1233472694.648846
99543a17b33ab955d03adfef,831784541.0334619
edbafba81b92efa9b1400987,799855412.2539096
9b3846c7abf642e0a6220e7a,488292466.54759437
691c35e98d0d5780aa82aa06,605120059.0347742
395fbdeb9f0c0586a2b20edc,548270991.1368177
4803a3aedb6c20eb194469c1,584528427.0902917
bf95acc88b60a3d531fbd42e,473191126.21809596
b936e36ecacd7cbc3498cee4,510497722.51177734
293c8a0a4a358fe7554a4ae1,785336806.9801457
5a72e2a62121158efe59069d,690518003.9020257
605276b332b5e5984b83ea8d,360508670.069777
d3de7e975a9215d04567e467,495747509.55873734
44b623f7fca1a306560172ac,617192024.023762
9a6a8802cbf3549870c55031,496564556.3552599
f43c684b789900c58c8b5fd4,495747509.55873734
dd7ec9d7dfad5364dd303f49,636257368.2026639
506f2b1ff3e4e7e43a5596f2,655246126.3188766
090d371309090bf83b6fe0f1,706491020.334985
886be9a1881866ab1f300533,465455194.101546
ef34f331871e8ca6573981e1,450650300.1796924
53bbf1d3345eabc2a8b7f5ff,707207098.5878665
5bb87c8d49ba8ae67a659b52,696623798.1058382
21dd47ac3c4e1d6bd0ed2485,619914729.0201393
f59686ef2740247394547078,792281021.1744251
8fac177c5a8b4faa21b33138,362099032.0949339
b2bc172a3ab25b8caef50189,792281021.1744251
a10055de743532d7b7bd29a0,607799615.2259113
c344e3be381326a1b6cb5989,651537910.368019
3fa4ef366575bc72ca5a0582,714137563.865769
e9205b722e624eba0fd36145,1225672271.800744
e75699a7693c678786ced75c,600223795.0532825
23208132621583ce4a46de77,914272289.7409984
558d9e4b57fbe6c7e0a09a95,852135977.9795585
1a6ecf722b2eed8cdc19ba20,788801272.4381788
11734add51785f1ddb999c5e,693564181.9894474
82c9ce0d018c1d620b7a6689,635210471.0010804
80d95b058cb11ec829b5ec96,693564181.9894474
cd89201cfe3fa19a4eb14bf1,619914729.0201393
d0a5f33f0689445e22db6626,498755120.63021463
c7c99ae9259b34bf9b8ba799,445302725.79644716
73806685dec82cf637f19384,445302725.79644716
83007c444fa52b34482ed55e,572856993.142
e08561df5747246d74136dc4,416950413.8201261
5b0219cdbb8ed527aec91659,828163647.0599295
119805b72aeb50f05d3a5bd9,883888510.1927136
fd20cc372715855081e24eae,816122257.8742232
e4a021b625f4ffbed391c6e7,834436761.075409
902d4fc2c44ae5ca2703426e,696623798.1058382
71aacbd62d72d3eb29a744dc,698990402.7151464
7290697f96d8e2101089984a,617192024.023762
314153750510e92ddcecf33c,733013568.1759696
9d576cf721ad30ab1a4fd554,381347070.3081709
50160783a9a0503df5a38dee,597662314.0959197
0f4abd70b68453d3500eebb5,352269897.62574756
42cde300d741cb134a529031,432775403.2509078
1e9cb258a0b7e08244d7fcb1,677926061.4228096
febc9a1b054671445d756cec,580181337.6649617
39351adf139f820864dfe8f4,853477093.4220716
b4fac45659e67d4e91fe65ff,292964526.8710396
fbe555f6bd0edc1bc950d9ea,849652738.650067
67308f6bb80d2a203e306104,418988494.13816065
799cb909791d43a1eb305eaf,788801272.4381788
4354c1b6b27a87c451ddaf36,495747509.55873734
0b937a3ea4864896b744108e,359034393.87482834
b96d8b77fb5ba71ebce2fb26,496564556.3552599
f4b1645da3f4286e39f2fe4a,642121597.5593708
a2d1de4211aff373009809ec,543256018.8712783
50b619ba3e0b2a4c6512bc97,569900426.7383515
3d57abd322b0077efa1091df,775099855.201287
652793275729ff3b69e86072,694707252.5690286
1e2270f9f49aaf3be01dab49,969280381.894677
99970db787f55a4d1963942e,393296946.07182884
801d821fd6ab7ee01b62a800,588985798.6038315
2abd46909a251b8ebbd37133,598230606.98454
20a783884d6bcf1aa5697772,598163438.0186
2fc38ab2689eb24f63e32efc,773911401.0160851
1f592cc4ed728909040f953d,785336806.9801457
d1dca15e36fcc5ec14dfd870,785336806.9801457
54f7aab6b91b48272a81fb47,785336806.9801457
b6d84e7d569d8d0f0d0c9066,788801272.4381788
54d10cb2a44179fd4d726f1b,790101304.2896998
341c307eedfce3f735f4a63f,693564181.9894474
1e057cf20757627d1b006141,498396016.82650197
798bf22408ef6814759da1f5,689376136.3412063
9ef3691cdc2bcece41b47e78,792281021.1744251
fd5793113661540ee34b8cb8,792281021.1744251
9c4ce4e9f12764544cc8bded,619914729.0201393
542b5322e59a3273e10dcda9,792281021.1744251
af578bfec5d84cc2f4ffb8bd,661925504.3841321
a310528e34207b5dd813df8f,642121597.5593708
ecf5c9bd618e3976ceb5697f,986839940.6046717
d342a1ae299065045a957767,1197017379.3240898
f5dcdfdcc8f414cb7a38309f,656064644.2068864
4090c1b86074c8e769cc72fd,495939341.11835027
7ef2d4777310765d0c8121af,757330618.2722559
39222ab30001b3cf45b7de65,666584981.519159
91a73bedc30e0c2acd95d6eb,532036295.34000504
d1e6d6900eebd9ace65d6c36,656858748.3380184
592c9c45c07388359f663219,538729818.2427723
738111512f5e5052927468d9,793586788.0372226
0db51d4771623f5fc1026d74,446036634.0029021
82c9556e19072558cbe3a7ff,433945636.6761062
c1e51ab95336a51885b4c672,656326044.4992406
0eda675541a035b1f620ccc8,775186892.7105473
cf379b41b70374ac4cf82dc4,526814005.3951209
d90c961aa01e51d63e50a2de,773824506.7182506
990379c9f9f210206c6f1916,1079483589.243843
f8189811dc639d760937df95,528277670.15669847
3d1deb639d94b292552a123c,690518003.9020257
43041a793a13a4171f22e492,694707252.5690286
052d00805b2602cac76fed4d,705157840.6763517
c76207e622cf8a208910707a,632420586.1311411
ebe33bde2abbecd6d1fb0cfc,693564181.9894474
2e23ee2beaf5293f57a5c504,533922868.45599407
abbd422c412c2d57f5df62ba,443899819.80692476
648217f4d8b5e0e65dea066c,699314523.6489342
52e7657a539be5f36f48bed8,923765522.3928595
3a276f0df8c12422e14107c5,843807830.4596955
dc537b5973d2b94acf6f23df,845551354.6872958
0a41279a5ea9b92bf8cb79c0,825395569.0819368
80ed77aff62d4c57ede6ba94,605330888.5338714
1fbc660f780245bd72015f07,788801272.4381788
df1f513009808ebd46ec0847,694707252.5690286
58708fd9e83147daf1a80c48,506502795.2261222
52b699f9900d81ae85ddc7d6,575392767.8502916
98c5b154ec80083bf6f51835,642121597.5593708
588400f7829874f9de919e39,544151364.9524022
46a2a88ef09b2aab932ea02a,656326044.4992406
31474c62a8f39e250fb2882b,753828452.176371
b40873d316de1c295f2a97ec,690518003.9020257
bf4b8b23cd87377169684e98,788801272.4381788
a34b3b037805f2ec489a95fc,694707252.5690286
963985c57392ed0423d74caf,617192024.023762
a93a37e4cc75c069e14ffa00,708268601.5114136
071f284d07719a3517c55567,697771911.2716117
5d030db414b00948ec10d18f,414733365.52437294
6e57de8c4ec2e42832cd4b09,722100453.22009
d9ee40ccf461ce3e9ebb815c,664495151.9473946
ee13d186a24af238d06e0c2b,719013908.9651858
f27397321c007765244e56e3,918721072.623081
959397711c3f452486ae591c,950170120.5086248
a41222195e5c7d7987dc3c7e,382771230.26304823
ad14cc63c36789bfc1bac0ef,364195550.32391274
79ea72e7b03cfd4fdb5219b3,450165536.5077045
cf68e05962a41395844e9c80,693564181.9894474
4a20d03d09fb9d0ee5565ec9,488086822.04375017
734c9446d0674b8d6545bfef,753475186.8704473
d9706de7190ae64c83e65769,690442259.5136814
b778282fc4b9c43055629e44,754187310.2138736
a4d4d6480b56d6198c0120d4,732596231.1291288
7557a9bc12cf0f2901c00264,898167785.6744071
41376f69b086937257387f1d,728381329.8564233
2910f3631d1db77e4b61f8b5,571508733.0976248
3a8a506c99ede47ae2257e87,604969837.3489939
25d89911e830697217d460f5,594243466.6283287
365a227184022e99f1d2a816,660785697.6027341
c6e34cb4e79a729a5df4183a,756091826.6085715
c5c3f06bbf812593d1b95a40,795527711.3053159
acd6ad0081960c0f17b144dc,767448011.9719152
344a104d2210954497a5a388,732770099.9759482
c0109086d0f49aac6c3f3f18,561231502.653316
c42c99f5da3248e7bcc73fa7,770835675.2024174
8e1e9ae57400052cbbaed9dc,1255651299.2362256
8cdd55d191f206b0841e56eb,788801272.4381788
c1e0b47866cf4a0120e4b3d6,559579131.6441674
45a033d121ca5afef24161ba,526188787.7039377
bc834280fb45fb308d957640,506756219.86438525
9ddc14c8e7fe7ffb078e0019,825581446.3709059
7d66238672def6f73c25247a,590981096.2973856
2c12cbaa1f14553c1d41b958,418570053.64912355
196969a98960a68088266261,575392767.8502916
a5a3cab55661982b7d30bc78,584854752.7848142
6464d5cc161ac659dd963897,431283264.6908295
e9f44786cf982100af0984e4,743039952.9631126
6302e608d8f37e63f4e5cc27,417637594.27661234
ab614a5008d68aebe34aa201,727627770.8573948
06bfbccfb3ec0b1f65f4b351,792372964.8676909
f7f46ac9158f0a1edd01709e,777543244.2475028
6e233ae6294318baaeebb59b,913742273.8847692
bf6e713a689f574b532edd4c,783263833.1235869
a7e97bdf2d4f2f62f9889c3b,603813676.6447747
784822ba0060eac9358cce22,332801959.3393308
13c51ea93d19df6c273a1502,496620661.0306934
176e00102fb65cba56279287,504279451.132403
52e5904902e4d75ad87afde7,521860667.76710993
728ce22c8db9bd0abe3f20a8,708266515.6139143
e8bf121ec117e383c843bc51,1456764517.3898814
878ff8ef3c862929bbb19ebc,657933937.3943746
ed80ba018de35d5d76d50db4,938029784.2407341
9267fcc93ae3b6df8c12d9fb,521608395.0855391
babe27dc477f5e1b7e438422,686010285.0289565
a4173461aa676e09227559fc,434967565.4267659
f0b2a0602bb5a83f0827ac75,701897893.4455836
2da346c00d6fc39268f12b82,717074857.0375106
9ec5fbf8767dd0d2744a79b4,634419718.1350695
c85e9bd6e20ee2a883d0a7d9,347023578.7136228
191cb509fd44e580ee32486f,788801272.4381788
053d37bf1d988505b5e91809,693564181.9894474
4d3a66e028dc8f3e9ad9e9cf,622649445.0636604
c75b265c0eb946ce77e32ce7,728944380.066225
d233eb8af3ef7e325f6c8f9f,419701914.655586
7f7f5313341b3ca499968716,633428181.2565519
4fa51848638f4437a3e31682,755908100.186663
9090236db3ef719edf72a330,1045184940.7866502
4dacc190eae91b059dacbb00,944603401.6416186
ccd2f6ec8e9841f1068b7c76,577974717.0822197
a354cdbaff42acd1a0b5d82d,616808671.6485366
da8d3092ed0e085a83a7d67a,696623798.1058382
1181e18553eafcf5edf6fa05,773737622.1768575
5b146f1914acf2ae78360fec,788801272.4381788
a0fa0aca2f6c2ae65a98ccbc,709435906.6027845
038bb35043651579f443c481,696623798.1058382
430c46358b85ad4a741c7187,295573611.4500222
4becfb041b0439429f2cffb4,691656054.0427748
feb87029d5a2e8125e165bef,429061848.78478473
61ffbbc24b30698ab8f735c0,505802168.3603709
0e3067f71dfb9dc2e03bba59,509657750.098378
b8ec643c66478da376153333,505893229.2716132
c8bccdccc9186136a332e995,789073453.1037102
0f4765c8929a87746217e957,930610699.4622236
68c145df0ef91fb4d14d001b,405715022.64483976
e5b92a0c67c506ca6e92315a,553199993.5747532
a482103965890c922a66eedf,585384512.958931
1d917f9f5a3cd44cc4dc8d2e,524062276.7561153
4cc968db25c2cf03991c0041,552109376.6847312
91ba0c5b21b52734d1e244f0,629731444.6712327
d6a8f4abcb02142c6dd15b30,461440243.82921827
0587e7e1f03af8ea6c46290e,445588802.4388053
61e1e0c49f3aafee6ec9179d,704800995.1735767
797da4e993a993ef80277108,716565850.2339432
b8acc8e72f2c498fede3fefb,702812307.5949287
ef2ae24039bf2cff1caa4340,579430884.3268292
cfb8d15c6b0c0e6ee4b92109,713257006.0913934
05aecff6fd8d866c6c157a9a,626072881.8442467
b2e37eb7cde5cf4290649ad3,790986554.6462333
b7ecbd35179a7658f3c11b41,868610183.5681871
699095150a7f3f32c40454fe,1112497119.644419
989a4fc1590097414d7c3fa3,431037704.1453145
b6853999c45e21646a0d1b20,292964526.8710396
6ddb6863958ded0d72fcc6a9,440903985.3425929
f6fc3807b54d8c69459c4f64,529273108.99249536
6528ca87df8bb477f4b6b8c7,568713857.2124994
7bba885503ea7716ffea503c,565289545.5186249
846e6f1ba1c94966314345d8,697781035.4394271
04e6a79dd3e4d8d17c8b5387,873012819.7022072
4d60db10157fd0b5eab9a23f,752194409.6356704
0d7d434afcc5e93050e0b86d,855084781.3601799
bb9ffa04d913d06846d082a7,744478084.5458404
80abc4c356813c1e4ead1e1e,691656054.0427748
df8979b26c9971dd7c3500d8,793586788.0372226
6ea18874ea84b5b4840f9b85,568191194.1546428
aa75ed5781e6e8584143daa4,697771911.2716117
c8c8d083c9b9600059a8b8d1,460766180.65564114
5c8f3b7ccb4340263c255d00,599149277.6071136
79b943894c4dd68bfd8cde7f,626422537.8551843
64f36d32a3a64853227fa69b,1084603631.5532863
d7080c3742cd9d72e9d0ae48,521173952.97274894
8333d32b98625a2742cfabd6,755908100.186663
bddcc7fb72bb973f84b864dd,789681460.9264959
5a80dd0f68dc2cf9fb1b0c03,543084061.7503047
5d82060575bdb7be33e63ecb,802428849.0082614
de416f239b27327e0f78b862,849250121.9813737
816f93a2e035e4fcf61ee4c9,792281021.1744251
aca1776ef24acabe172d573f,792281021.1744251
af32aa018cdfd081a81bbc80,690518003.9020257
7d133cde943d189c9abbb6e4,785336806.9801457
80035ad5b3b4a948469800bb,696623798.1058382
95bdebef7fdc2ac0e9541c51,780426407.2821981
d038e5695b32bdc6fff1f72d,788801272.4381788
2979f2d91d649a8c14f5453c,693564181.9894474
a0be286778d94153d3b22ccb,700850089.5292715
57e8ea351ecd1ff0825b1324,765100765.1950467
c84f96cf4570158c3832c3f3,685678326.008773
93ab279de0b7b414ce758153,753194641.4062489
2018131ad3f6e5aa8f4be704,982226843.9046398
eb055771816b45213df3ff3b,491477935.7433411
8e3700ec731701361d7bb7c9,493249834.02745605
422e994aaca85628ff759004,616671485.8925593
569e2cad5c18a5f393f80a8d,733366754.6535019
7b4ca3a8d09968e48c185260,705463612.2798243
12785f791e04b3a49547fbc6,900596628.7219789
02ea72128a99862e9537718e,655319705.2137846
fd77ee8ca0551b5b614b40e1,773911401.0160851
ffbf6a54fb00029ba24dd3ad,445302725.79644716
a295b12b773127f15e83e174,499385012.29379904
90f0cf22cf9c8fcc290e495d,483696056.9021334
220d466e3737f1f2a8ed06ae,339585661.04250294
235c56f4afd6d87f1b3e199b,403755291.7427584
eb0f3b14782c9a484408c606,772988564.5462251
4188712d431ba996cd59fbe5,493049271.2439248
3dfd7e954d6f7f40af60bc9d,482154529.8580239
00e80be4feb1e8593b7713fe,561594961.995876
eabdd1bad2bc4351ba4a2635,755908100.186663
850342685ececa472945f7ed,616020880.8813753
ecc4d05489c5ffc8164d5469,380432976.7823807
2406d47133763272a965ef51,414028390.6793868
b9430e8c145c2a0d7efab2a4,545860026.6564724
4f8dfb8de411b8a05c55dbbb,720770678.15064
574b6bef16abb21fd67db401,557182393.5453333
e7ef0d61e27de15f10b0d643,755908100.186663
647ec3f486cedf045cdd3b68,548937578.9864478
69d83d8492db7ade6c37c3de,553956101.0036372
6c07175274fba6a0dc467cbe,645384681.9829249
a5a71962df1b8bc45bf5547e,654148026.4971311
ff61abc1e7843e20b1bf8656,443602159.96387315
540c4d7a79864885d73cca95,430051136.7957289
17d0f69ae2c4f1aaa1aca9c7,527948566.220857
80de6a9303eedbfd1c69601f,703941846.9827062
7cf573f273b14a6cfafa3ec8,559767197.7371855
eb9ab213defc2de5d878653f,577922388.813908
69f7ab8608b5328f106b42e5,755908100.186663
9daaca90887e5144c35daeff,437630293.9857134
2bd08c0964ef4a95295db843,729826698.2168663
34f0542a538cee9f3624d897,434878612.2416071
847a7fbd4425fd2fbc4b3edf,1197247187.8619676
22428154baf95870f1d83fdc,587927741.2553625
18e89f083fdbce3da0a82a4a,811461448.859115
63674e7ddf6f2b4d7c6d5c1b,405110637.0499164
0e97f66cf4208c1a57d1fb17,409424168.915363
a90f7cd68b662c87d9fc2d5e,622463916.509695
2086639384041f3a9b519140,732770099.9759482
d38353aaffa4af168518c6c5,669560403.8049519
d994f3919c3c8fe0ebd538ad,768409471.7368599
ea9d6dc517c77ff8bffd596b,818419089.5245599
ff83788b9f8db0297f6c0148,970546052.1039542
9d9564415e52518c2817f66f,426620721.1431864
9362189c5d784741c9b0f8e7,728353500.8414607
ffb510bd3f847f4ede255fbb,510373312.900395
7d3e4ead63a869bae978027e,785033916.796437
5dc404d1c214abd2d45b2a0a,935300148.1832614
64335f6d4c1a7514377be77d,583627607.2808133
b81801f02a73feb1db7f5e83,876307360.8896126
b5d6fe84ee7c6a703891112d,867239851.5292281
af0502ae1fe341c2ce1b5325,548937578.9864478
ec43b2789c9cc266a8e0d1f6,476328446.59407115
7ff8b0b5ab4fd12f3be399ce,596272839.7388223
d5c8073e3ceefbfbb547eee3,666072836.2423371
66379c5752189c150954b4f0,419679033.576715
6a3f9046cfdbf4eefca3ca69,526960052.29863584
b549a72c938d767ed504bd83,748703928.8265266
f48e503ebd3908838c1f2ae6,505141200.6667997
e58ba64bfa5280630bfcfa97,683077880.6235449
07edd16680605925192efcf1,677926061.4228096
70b821bc1c7dd846a8be343c,419113496.22478956
d84d7edc4a4896c4a8722328,502312219.90558684
6d592a69209ef3356e656c44,508791420.25072443
ca9b2ef10b512905af6be620,735609445.9720659
bbf16146922556095f53b5ea,776179237.8651866
86e80098f5a3e7dbd635838d,705806526.6889851
dad46c20f9f7d834e522fdd1,760749351.1096398
e2dcb036931bf4b2aa030036,844674151.4158692
aa7a25411bc0f9f93dcc40df,393945142.99400026
e192181121fe58a8bf94aecf,492783286.1188585
5aa715bbe2b178ad0c9e4b08,781712636.4284809
43b5b5a9a1615eba48ab8b66,416165436.44084454
dc91e3fe1b190fd8cf2584c9,551143773.9089714
1014341bbcd2fd5775631f78,588848316.1427941
7f2e9d302a6ed1770db9f7cf,509434042.998665
73f4074e5e09e52e0e03598f,702399507.0470774
0460eacc73398bb95f0518e2,1048906985.577845
5a44be6fad8878eb2c394ca9,793586788.0372226
936cdcce007bce08a72112b7,543262399.8646994
8334a4cc7db8ed5c0071fe95,540876356.7829459
e3e9d1d073b129c697c1e9e9,716961194.7032164
dd9a60c3d502ca3cc98d9b73,697771911.2716117
949184accb5878f82fd5c10f,786631129.0089251
bbc675f7edfa0425c78c15ea,693564181.9894474
7436750d73f2e56b4f29e98f,665330129.0635223
cf81103f31f74edfe0453de8,790101304.2896998
620e467297aed5c47e22735a,354180972.50409186
41037a3f8625082544979179,573067077.2105358
6a2db40e5f210a31b2f7119e,598163438.0186
0083ef74db679d22463a1afe,655246126.3188766
b19be1ad7f60717a943ff0f7,404865842.7735225
0906b6a88fb1eb0d7bfb6bb5,409040805.55619365
f82adf71d17c261b41a5231a,602874549.3537799
bdda694c42c52ba4803d482f,585801243.179897
80f633154b6f94b8fa24f213,494358795.0385046
f69aa18a64d8b8494fd9fe3f,408023663.9484713
3146f3ec9b237fa0944cec7b,561801222.4801421
5db3d671b5aa03dc33f258dc,406191176.3191956
d5239537894ce7f2a9cb5a49,502373319.9676719
bc28e66374356a4fcf9b62d7,518884923.7574187
3697e556be961a16a621f3e5,445986553.28297985
bb6f66493fbafa76d70b0a34,655319705.2137846
e78a4111d943044a9a32ed80,773911401.0160851
044e2daf937c0d8373f2e914,706649695.816078
77668d4325802de9d63609a9,707734859.8120646
a85ba83751915d8d5d1a0e09,691277974.4930375
429460d5f5c5381e945cf449,811326926.3946494
a53dc5c58f7384729ba37a21,661354634.9813346
a4dba76865fbd14aa19c0286,913861743.1617364
7573c18a79e5e3ee0610d7cc,700652380.0190802
f13f72c1cb469db92b25c2fb,1125214922.6229994
45dd7eee4488e88d71d46783,1295338085.798382
dd4fd04b9fd80818bd543f9d,790101304.2896998
500a3c5953f89b431184fead,788801272.4381788
d2e737461b916ba78030c76f,790101304.2896998
e1e69b5a90431b8a44265487,561801222.4801421
49cc8164d94a2afe8b750af4,496269347.4904216
e9b054016b281140d2566d88,727486924.3763937
32161228e9c502d2c21beaa3,523017828.54754686
9017accdd4fe3229fc45280b,342575200.90943396
17fed4a312a9b773f64861d3,403904565.54243004
8632f5681d04d9c934675409,1117608414.52432
8356123e4d10a479a12e98bb,520369199.757694
70463649ffbda5fdf3c10ec8,634955534.0325474
1414ec3cdd3f6ab772fc7584,569900426.7383515
937708417ef2642b7d05abad,899639966.4677124
afbe90d764c1821cdb26e38a,438683339.8437471
14331a3db021936067b15890,543238907.4939682
793efc460dd25b67c644e92f,631813066.1355864
0a9e4dd0eec86037a36fe769,698937264.6773096
e5168779de76d99010e37c7c,786096340.9089885
016dd08801ad1a1e7f6e695b,919156520.6433218
ce509ce153f452ff8a997538,786999099.3889219
66d8ce8e6aad18a4963275fc,678164333.6415274
8398e3b96d1311c7264f6603,924605067.30404
e9081115ab418ef1031326c3,504834590.71100676
5c8240a1ebf6138f81dac715,769739635.4386479
18cb1adb2078fef29a613a96,490495269.67866206
4167fdc804227ed43224a32c,950507729.6565143
b5d0ae257748ea92c47d8fc2,353741185.84173775
1d17f0ff708e6f0b93a990ec,736362859.232221
764f506bb2aa1ac4de918a71,581956921.3192475
7a861f1e3af4dbbf55b2c301,431345998.3694315
1562a23a312478d7a05a33dd,575392767.8502916
0a040fd24e23a77f0c58495c,696623798.1058382
7f0f5931fe148f6187ebf512,785336806.9801457
9fcdcb2be94744d00e734a3a,923200510.0292362
f181f74e96a93820a23bc0a0,495747509.55873734
5193b43c32a2bfb3aac6b2af,775186892.7105473
6cc7718e834ba47a429d6874,532950375.43294597
b8d06f4ce0d6e71ba0fddc26,601658488.7286941
30a30e4ab286fd822c68ab5a,694469657.3248068
f99bdff027d28ceca0caacd1,790069473.0215925
f46f5e911c6c595efb5b7ab5,791371595.0081198
a7f0c831d82505044f370b1a,506502795.2261222
17069e9f4ba45c93738b109a,507394537.8722685
dd5c910c2a3d63b8fa92096f,555690351.2413597
a33329c9ed11ee8b87aad6b4,506502795.2261222
925b457b5df270a68b84753b,377645007.22304225
d206aafc71e8aec2afc3f8ee,506502795.2261222
f8232717e74332384075dde8,377645007.22304225
f60d9f0751a14efe41be383b,295573611.4500222
13adc7946bd4e6e3e4416e52,377645007.22304225
230cdc90e6c825d391d5025d,507394537.8722685
e98cb170e4383546988c6829,555690351.2413597
5bc46671989de2534553ae49,554776018.9243841
3b98c8e46cf8477a1968244f,554776018.9243841
f9f5fa4ad495197a5c9b492c,377023630.5270511
0bd42f8ee9d36dae4cf35886,286084788.28142285
567ca46ac91cc53e3b479547,429663997.93355024
f0ebddf2bd5aac661e4945ce,529566495.35165286
eee841bc785b1824b6419a73,655246126.3188766
004776514ad269b380581066,599149277.6071136
bd3edc7854cffd6b6debfb98,656399744.6603159
0b42bbe66e438fa81a2ff77a,598297783.4930171
a33bfa6cf99e26bd9c49f8d8,598230606.98454
8b45db8a4f2c0f772c8d44cf,348488538.5795613
262b5b0bb408d7cf53073832,446036634.0029021
5844c83fecdf7e09b188c2f0,598230606.98454
9cc3c05f0e81b8f6454b80ea,446036634.0029021
07c46b493733d74c4f384b79,655246126.3188766
932ce2fe93b8e1ec0e7bbc8f,404820384.68480605
559fabe06aaee537322d0af8,445252727.4792886
f4da2c8dd901cca9cdd51025,598230606.98454
84eb4861db0816bc8722f379,598230606.98454
d0dc69570223bce949a4c17e,532415931.4337316
abc2ff9d0e7848169fca170f,401656556.7479706
3e3880088f0df7c447e27840,598163438.0186
3580dcbd0a6d7d6d3546dad6,655172555.6853665
f123231ff18912a3dfd7cae7,445986553.28297985
78a7eac41dd672cd1863e3b4,656399744.6603159
97def72de478566ad58020a3,655246126.3188766
e3e2e3080cc309d34014e8fd,598230606.98454
71be583d473084bc0608d066,656399744.6603159
ac6a4c672dfbe20f5bafbd89,598230606.98454
f4fc081a112f5ee1b3a09e70,656326044.4992406
d8add8f5e0aa562a63c894d7,655172555.6853665
88ab887e18e38d0b8315286e,655246126.3188766
07c8af84608e6c9206ad6961,598230606.98454
2b352d996677e67156391e25,508133304.75804085
ced624c6debaa01c732e9f60,655319705.2137846
ef92f63b46f27ccd2151a21c,599283844.4977504
f4022026c279a9b77a894ee2,598230606.98454
e2e2218086e6ef5377c01b68,655246126.3188766
4af83eb7718f5823ae69fe47,655246126.3188766
ee98e745afca6de4550fe570,598230606.98454
bd1fda425d792fb0de7b4499,598230606.98454
86b2d3ad1dacb372734f810e,598163438.0186
98abd5139cc3ea136faf7c8c,655246126.3188766
4582ec985de48290c5f1f5e1,590839135.7233529
312a6b2a57dc6947f95213a5,349102083.25191766
86a47522586da2884181f128,599283844.4977504
b41edc115f6b439caf392941,445252727.4792886
fac682b61b813044a3e3ad01,655246126.3188766
63f4e57fb2cc22659e80d6fc,349141284.621394
4310c7a552b20afd46f930d9,655246126.3188766
4f18341de355d2cf57a03983,445986553.28297985
a418dbb6d04e505c133c6c1c,655393292.3710089
afce1d7c5576dc49c80bdabf,598297783.4930171
5ec12159380f4d1a85e8b0ef,446036634.0029021
78d10967c36cbf346bd58f63,590905482.2287785
f995364cc33c431b3c93db45,656326044.4992406
99b31d0b5d5ab75a2653b1a1,446036634.0029021
42d42ad031a2c62be9b5cdca,598230606.98454
73d09646de4e0ab46feaceba,445986553.28297985
bef4759bfc25c7d44a8112af,598230606.98454
c038742e427830aef3ac1c17,445986553.28297985
e96a7f5424558193663ef6f4,656326044.4992406
1af243eb63d893b1251f44dd,599283844.4977504
a083fd17c5e7c9d33540b922,599149277.6071136
549024cda1c093c9f8bc2ea3,445986553.28297985
164cf5fb9a759f2e4be67b6e,655172555.6853665
65ff6cef76efb4c83ac0611e,489647315.59812397
784b1db005d39c2f57666efb,533183368.69004625
a2f06081983f748fcd74652d,471004917.79258996
66e4f010db2febff23b4a4f5,523170481.54727596
9702cf3039b86f97c003e20c,706491020.334985
48de5d43e88caea594ccd27c,775099855.201287
6732c28a236aa1ccc0cb2c86,775099855.201287
8a1d1f70adbdeb233ed3ec3a,707734859.8120646
c775d4f60fea55d5511da4d4,707734859.8120646
1f4109e1a4b47a9b11c2c019,688614443.97354
31ef69bed8e54b5e1fb245aa,706491020.334985
882907ccf178b23a02ce262e,478079796.13413846
2868ac4225657a13f6149e6e,706570353.6212863
cf6f0a3cc030024f4e9ad06d,706491020.334985
0a1cdd0d5c3c8b973ab1a98c,773998305.071451
0d099b1e1a314dfd9aee5293,526814005.3951209
898d1eb301c92ab6603e0b81,526814005.3951209
9fdf7d85fc65849cda3afda7,706491020.334985
f5ee97750fd4e04eafa9d1d7,707734859.8120646
ef9cf29f71434be184a4ebd9,599954269.4112873
e4559824c3390efd6282960a,551081100.9565551
f8dc73052c66ab334cb7be14,707734859.8120646
2e992370de3eed4ec1271589,707734859.8120646
e2bbe9221780d01a265e2ef4,649903959.0251698
b65a2a140ad5fc6e3e26b6e3,412278282.1844
3dea0748459a295fcbd2f0b6,525947186.1870996
7a1cb1f751cd36bdb6412ba2,706570353.6212863
1381c0399ebbf19db3a11820,412278282.1844
479b2c9c12602551bbd0212a,526814005.3951209
d463fae95232d30e0f78f93f,412278282.1844
d0df2748d371d98d76408d66,478133480.66833615
9551dc6098b721dd495e5c57,773998305.071451
fa736ec3f2f066cba4328908,628766014.7267265
37fc4ce5dfff7faba6bebf8c,706570353.6212863
f336d60e41c8bfee91d58728,600089017.1003485
65e1a61d984712e76829c821,773911401.0160851
65eaf65f8dccb8e49a93b753,707734859.8120646
36eb8139a5ca1b8459eb52c1,715116202.1788509
c357cc3d2f4b45ca3e1250d2,641567807.7892315
4b75f2b374e8674e8b55eceb,768069425.8100575
9c20784acde0823e9479be2f,772895933.3323114
0f2aa0d9fdcfe894caa8fddc,835999725.80065
23374ef76774d4f95f022473,913964362.5202608
4224e69acf9fb071d4cab498,835905860.263758
a41d05f2ae3e022c16088bd0,913964362.5202608
9b30c679d7da9169580773a1,834530461.644219
2795cdb2f4d568a782dcfc3f,913964362.5202608
5399af7ea98c97b5906efe1d,825485083.9341118
5e93ed2a9b36625c4450b5bd,708765322.3797731
d04d42ff91707e3957b4a29c,813414060.8774248
f32ea78bc5ea15d700d3c118,576320978.7470208
8ce2d6e505ad1da079f34a8d,834436761.075409
014799b9ef7d5244fb6640ff,915573477.034137
f50a72cfa82f3742189b7fc0,915470677.0052243
8876b38f90f5571639b7d879,834436761.075409
239a2dd25f604c730136c720,913964362.5202608
db297b6ab332cbbba338e7a0,622150321.0516593
5aaed76349fc95f6c12ced7b,915470677.0052243
10c94f25ce3f7532bf4f3152,915162346.1672419
d0ac1f63c75987c92038bd30,708765322.3797731
db5ea791b33be91840a6d045,853477093.4220716
8627562772d9d63bac507fcd,692242996.4599077
b1ecdceb6ac00b6b047c241b,817068164.4866052
f499c1513abf0b05aa1f460e,1081141294.231536
0d8b0ca08838d1dac052d51c,734739429.8949436
c54a573c9aef013dfa2abeff,987066976.3706896
f02865ea64b156bf4cf4cfa4,1079241195.3407972
087b564ba475edbea431d4e4,734821935.2515143
2d3236cf646f19a25932676a,987066976.3706896
68b547621c25c7418cfdf5dc,792281021.1744251
097a1a08a389439cc2c760f8,329115159.1087209
e9c905ff64c7e2f8c21b0a9c,343740554.75769585
464039bbcabc650d659f6683,612885979.8843513
93c24fa31fa780d28ecbc318,525552655.9767939
a73206cd21136b209f25c7cc,474520274.3579886
852a11f12646f0a1121824c2,426903273.86552393
61953f4c9bac7cac5ddda5d9,939154636.1876143
5a5377f2d087b7bb183783bb,678057175.0036923
0a85c354c48921e0ca202d15,1047181115.1317002
12f9d50fad58e4e40a187d98,833777631.327971
45ac018012e7dd91d41a5876,467681169.09231704
28f905e91295a47d106a3214,946727242.6450411
395e3718423aeac3d40494a7,693564181.9894474
1fd7e9b1e717578f751c21c7,639064178.8028637
e8bdc4a088a6b99a538a6f0a,493570154.9032822
45b894a8b028be29ed137f1e,1173963074.2525845
f5c866d489889ab2f124799c,792281021.1744251
3d0de71d822da8a999bb6222,649812029.4789503
ecd0b4bfd66fe04c278dd4ae,599216557.274948
9a61bfe6ba2b8364a92e5a97,789234423.840551
e8b8d0c4cb87efc13344bcd2,810900381.2126008
1f39ea319382fb0e41ead713,916984336.6461102
d61700c4ecc128290bc42d3f,313348843.7368646
d87cbdc4896e0e0160999520,419581015.6232767
d1281c9f037ea5c4fa683b84,469406731.53811026
310e768d2e8836432f8b3e97,518884923.7574187
c5498cdddd7856e99d21f52b,553312865.687018
d3169d4a467cb7eac41849ff,644679760.603582
2eeb4b0d7afa57b63778b69f,1077327688.531605
7b3621124731bcd2e543562c,725156191.0587142
5703b4ab6e77d88f751bc6e7,688010877.3580195
2c567face144ca714454abf2,981367987.8446597
7169b5a3b9a796162de685cf,1087784856.6859527
fd19e1b2e61f5efde879f6dd,666072836.2423371
55f0e95dc857256aec65ec1a,1114925629.916545
ab03c034e2a420f395ca094a,565818639.1784728
ee3c0c7fe3fe73ad0449870c,1820017111.2335982
e59afca092e0ddaf60c9419c,612117800.1181005
99e48a46a1a599471d3260e0,379516826.00483537
419398139a3aa2ca2be3f941,533690281.8511063
54c33befb89cc873771c3be6,926804425.6108875
cb29bd3ae3d5da88c99d3db5,684203668.6171864
24258361a4ba8f772a83ba7c,792513496.8323935
539c12d2fe8cbf950b75a0fd,409470143.9721936
7b81996f3abd287b50adf8da,926045175.424557
0d9e73c14529fa3f1ec8a56f,694707252.5690286
dd178fd542fc716e32b4136a,543256018.8712783
9aad22f3d25e46538e1558fb,775186892.7105473
93df4118ec3536b312822d90,913861743.1617364
7c6319c04025c4ed6aa3f051,694707252.5690286
98e04fd660ca1276d1510a72,706320018.8893702
4a8eaccbde5a4a6747818d29,693564181.9894474
9f6ae3eaafbdfd8d5c0e64c8,792281021.1744251
5929c81cfde8ae068a8b822c,792281021.1744251
b94ea2b8b847a47140d04008,792281021.1744251
ac1b644a8d2ec042ca91f89c,790101304.2896998
8df9256029f526ca313202b7,790101304.2896998
e029511780468f4cfbd10d3e,617192024.023762
0878fd8b66aeb22f6af2d7af,690518003.9020257
76258b7b7e8778cd60d3435a,693564181.9894474
d64a2ad3297e2fad8ce66197,488996188.9431479
8af6bb75c85a2789156b3696,348488538.5795613
40db880aba8951909e6e4ef6,656399744.6603159
c9e20cadac540faa59d9aa3f,416165436.44084454
7d5459e48101349c75d43aec,656064644.2068864
fb0664d59b6333ae1861f343,807067928.2631377
bc6b57600fa9edfe13fb3118,772988564.5462251
d309cdb5688ff7bdbb682d17,706884984.7980874
d17ba799e68d7775f2104b3a,790101304.2896998
2baa6afba131b74487c94d74,636257368.2026639
0b7c8732558fc04f4fc51ec1,788801272.4381788
0d8cda2859d9903f6202af54,518710796.33904886
0f2913c5aa681a2bd45a5484,712452590.9957801
de6010c57fe78d975be38c2b,636590064.5603635
54b474bc7cb126bfe8e6c144,769606952.0519923
b1dea7d384760535b770311a,598230606.98454
9e90e02c8ed3ad137e4c3abc,497934469.4815479
b59711a5971a3b482db4d9f7,655319705.2137846
2c37a1280b18e095b43e19f5,707814332.77158
fcd7c10d81aff25d9233214d,558413428.5371652
c3b8bbc492a7d7bdd63da22f,728699760.8891746
42aaf6521fdf1dc9bc50f88e,503411661.3919614
3c268e9119b8027f78f91954,627391303.0156852
c8d5a0e9614dcf96a500206f,422023413.0129831
6c778557da9b5d99f90b1238,776737979.5101546
4514844d15690b7331fdb6cb,626835380.2803545
d8e981acf77bb46a9dbd3109,707734859.8120646
b940ba03ea60d4cdc5d2d429,486996685.38475746
4fab4e66ead1948498d2a4dd,555690351.2413597
a5620899d410af623a3ff4a9,987177816.0909104
f45e3be8500d7bd91cc8855a,506502795.2261222
4b82eef445edeae7a55fd019,599216557.274948
29881785ae39aec014c4982c,688691769.8634132
0d9f91cbcc9339146bf75bba,599149277.6071136
b839e76df5d73e7d53691707,775186892.7105473
7ac96f16bdc50ee7619f3548,773911401.0160851
a102a0a268840439c2c8f4c6,468608821.4462055
e1132006785632e4ec5deb02,608226490.189482
a041ed3fc0b60fc4ce3cf847,720833707.4356561
84b758716f47bb0f4e4a2bed,577457218.3566399
84394774ab45e0c8b733bed2,438683339.8437471
2c1c91f2bb4d9dae38a44360,477486970.841263
8ba9304ea7b8d2b071bb0699,556303884.6930171
9a76cc7c650230c670e703e7,728811543.1517277
9b0833992397c6e50b54715f,585712812.7180928
6f192e6a537c1509521e1e8a,691630245.1675562
d1668e2d35a939ed126a3f8e,747741247.7479204
a17807447696896bb61ef8ab,912867624.2089672
d043d368d2584ae95ad3672c,835812005.2660338
7f2e3f2eb5abf86b56897250,706570353.6212863
fdb1cffa6b7346fde667d72c,506502795.2261222
58a3a9f44bc7846ae26413e5,598230606.98454
af230af0c73a5f2b72787c1b,915470677.0052243
3cd5562115870363ed5d7558,773824506.7182506
cb9d8fe7c18dba6827836403,628766014.7267265
742fd57dd463c1b5cb79f63e,525947186.1870996
0d30768d188b6bb53d599ea1,835812005.2660338
c455b8a15dbfff94c2909f37,599283844.4977504
8541eec88f0dd8229b4fb041,583027910.3634923
54aad3aa4a166d2d50df48cb,915470677.0052243
eb9a59d4e85a3f124e866f47,742552350.3977602
d65946f9c27e417e6bc60057,377645007.22304225
dfbb0ed74ed85bd186f40ccc,404774931.70009875
84b05da6a859ff5384f37ee7,404865842.7735225
e2da7c1bb33be76b86b9a07a,478133480.66833615
456243bb3fab3e74df21b5a0,478133480.66833615
a947c2ea296f1da3d10b0a06,404865842.7735225
3929df6d73b3ba01bc018476,348527671.0528797
ce44699aeddaeb77f23c9b9c,913964362.5202608
3cd3537b5f9475657060cae8,1079362385.4879804
4520ceed2e5fe3458850a805,913964362.5202608
00dea98fbfbfeae74c513bb6,915470677.0052243
16da41b1128c039ff8f83919,532415931.4337316
111d509185303ed970d710c7,1163906861.5090322
83ad1ce7ef6d70842ec986f2,598096276.5943462
74f8ffe35e8d3bc9be725d7a,507337567.92450166
f5e7ab7c2edf566fa22501b9,915367888.5186328
2e1f3fb2323fa16150f8bc88,598230606.98454
f8bf37a8f81a310e299385a5,599216557.274948
7b71229680a50bc26677a427,598297783.4930171
1f7daef9ba898c4d8ac1c81b,598230606.98454
415b68c7a5cfb073676c443b,598163438.0186
856559e93205dd1561d8ada3,707655395.7757219
6d534e4baa1740d7839664eb,599216557.274948
9ea78159ad117bd9c0b04291,525947186.1870996
38faca2d6e338d328428f986,598163438.0186
fcc6c3c10bb52776accaf06f,706491020.334985
9120f0e5a6f505a2553bfd58,837028948.2682434
583a8d8c5d7fa63125f62155,706570353.6212863
3d04304c8644c81114c36f98,655246126.3188766
21fcb5c7e497f0580b820379,773911401.0160851
6542b39cc8d2d13dc828772d,773824506.7182506
091f6342ad934f4e7f84045d,1081141294.231536
fe8305e287f6a8e7899c9459,655246126.3188766
d4492ffc4aaa4ca9c4dd2357,773911401.0160851
319b9accf9980ef2ef81099b,775099855.201287
fa84c07cc90e2a2058b57c9e,655172555.6853665
c4749eb8f59cca469236df01,445986553.28297985
b8a5928cf1f7e704e9933bed,566354992.1064757
c2ffdd10fe424afa1b09f31d,570946279.7551517
f221dd5d745def063eeb7258,775099855.201287
319ba1ec06c9b6ca6990f4c1,913964362.5202608
29e7796eabea247af4e8a0f7,655246126.3188766
ddbca69ad74877086c4110e6,775186892.7105473
c858f0f3f5594e7bb0f3b6a4,915470677.0052243
88ae3f4a8ef76675c66e925f,915470677.0052243
27e0810a702796d97878c34c,446086720.34649146
7450139ad1b39b2a380472fa,913964362.5202608
35ae7661d8191507cf9e7cdf,472075402.9391207
93b8ea95ca1c1ff3881d91d2,598163438.0186
8e4709859d50a75dd08b03e5,525947186.1870996
7026113e0cd7b2d17f8a3459,525947186.1870996
9af956dd8d83bc715592b97a,377687413.734399
df10ecb67d79e645f77a90a6,668846948.9416449
14feeb619f409386e6eaeda5,445302725.79644716
1a6b9a6d92ec5e905ac97cce,600089017.1003485
057585ba19d6144408d4e2da,598163438.0186
72699647b590d11ed9b2f2e8,413614903.80636716
cbc99d6202cd3a31e1c14a16,453769690.2677149
ce1d63bc4411a615b816a76c,765956319.662951
04f0fd25e2456759753bd2bc,694352989.9894211
8c0154eb5be437746213aec8,847324659.6575481
e23017438478050a655f6d67,737558405.5381407
8f0b6d6dd914911c7e90d302,858332908.0478401
4b38595746dcb78fbb459781,534468476.04532254
95aebb36dc0b4ea86db49492,1011940382.8288596
f900f7a9c5e2ea51689e8992,819797744.633495
3fa0d9e247f28968a5bf8476,439367839.89670885
1240f50cf2d8ef1d8713e671,495425775.60689086
14a55e5887af840860b41ddf,418570053.64912355
3ffefb3f453c54585fa6ef22,776737979.5101546
c3b357d17afd631df02dc39a,800502643.2487332
a15aced0fffc97e219f99545,467006896.8201671
cf707785919dbb92cfc7b5f6,988069062.2880007
70ebbf6a402f0f707b893979,598836955.7073681
aefb3cb6ad2de9ffa90b9534,532018906.3616173
b2809471a0164e3d41b8fa60,1014282294.7869946
6d11001f164d81734a82ec1d,428334952.9238868
ad71acd782a4fce4d9af04be,556446983.9475968
ca86f53a857c23b15eef428a,744555336.008707
580452a616b4f5170eb628d0,711102093.6006258
7dc609a3c7a3ab1f9a3146e6,594766064.0430745
e8fc9a1fd4b39f946b914398,420128444.4535787
0d3bc6532812ea618d154bdc,1007478094.644119
1ee436f045a0662037f9d2cf,595167526.6217426
8697b1d337145af0ef8e4619,1026959664.5874711
9a08127164a0bb61cefb3680,406191176.3191956
e08e1f260e5c3231c49e5a96,453536538.5224011
b96502e30fecdfae7796f1d6,529412125.6467428
a0b178016cd26a1d2072e7fc,483282095.57369584
5e3d7da3cfe55ad1fe609579,648278848.4093508
30f77637dd52e728efaddd6d,774266752.44903
2202c5c9a16b771d1e242c18,818703018.6468823
3dc8277f29d0a2406fa25ce1,598979306.5681034
a0f86ac00934b57d85b44dde,731350944.5006351
9168a08b1fac4c5448626ff0,712211662.5687637
cec8daf847f52cb2845a9f58,877322915.0968028
ab7559b75b340275587e50b7,1152419696.8881388
a392f7f9ace844d712ab2b4a,846642218.4135264
dd21c6799a32ce6ef27f5281,627800497.5968388
275ec6bd936600c7eceac599,871576365.3308032
978195f1745ab7e3d69e1f50,858286113.9249681
0e3f82238c54e85ca4229977,633876219.6672499
bc168cfefe964762cdf8755b,745715489.9849211
d22d5776b6305308c9e774d7,683717344.5341564
94d3fe901550dd4ba77ffbaf,800502643.2487332
63717ed97f95e32b2ca321f3,727536768.5274215
a7df0496d6ce217fadfad10d,784185521.7980956
51a696388218fc2e412f8806,720198923.5132126
a918c218ff761315988c6335,786999099.3889219
d3609eabe59175fcb4441ac2,1055908448.2686639
8af2e264b801b3e155e52be8,1018794669.6211622
76e4ebad138d50c690f0aec1,353578926.23305595
9a9553eb431458a3e30fc672,612455834.7253422
117f37774a78d65f9e68f906,561981262.8580495
0c8b133effcdbcd49d52add5,688401234.1871428
5e8b2528c1c0a5c12a476919,792329766.7128365
38d6842c2807d54f386bdb5c,797640789.530999
55f747145222c070fdd50175,784833914.0830075
ca7d715827b39c417e5b75ad,699706060.8716478
b219848e66fb065d4d2441bc,804598707.8329339
a04d3f4eb8810a346fd29ab5,858286113.9249681
0b06da0ceff947975cf8951e,964640837.7569927
3f35c44229ba13940d8a705d,971454453.4123272
8bdebb8914fbcaad625b1764,493338099.45185256
f4635193372f669612744011,928187127.5024734
611a369172eb6e3e2e4bdbfb,909649635.3760295
6689af92cae5d7c9c3e2f215,845591395.5978507
e382002b0685aabb01891743,614413873.5631424
edbb6dd10f8c9e7596368225,694707252.5690286
89b0592a715c9e135967f947,619914729.0201393
a67c6f6400a176e0a07d6772,792281021.1744251
5c6e6dae74e39d33621c7119,792281021.1744251
0e1c100d8e57de8296363d6f,495747509.55873734
e2e639b53456889ab5350ba0,563211090.8200147
93acd9176ff299221e0d2152,696623798.1058382
cb482d76b3b4904c595f2dc1,495747509.55873734
a0e15809e0a284fde27b16ee,699696911.5322442
9a958690c3947f5a8f05cc80,696623798.1058382
889bd77c8271961a6e4925ea,638012663.2780834
dc082fe46a714afd43b9dc19,790101304.2896998
99f8eedcdc31cc0ff6fda7a6,496564556.3552599
dfa744f733abef97d82dbb32,638499924.5750136
d50b80d68eb3b928e4bb4317,599149277.6071136
a58acad50184e66794d8d704,526814005.3951209
52871480f7bdf5ac3d785630,706570353.6212863
8b083d7ac086f52fd2942a82,775099855.201287
301ce25214ddb4b5144373ef,915470677.0052243
6d76a22793aa9b571da64572,834436761.075409
d7c48db0385bdbf7ecb7088f,1128319144.7682698
874e2c6f3e9f90db80d243d0,433057160.15938103
249667af8d0835c9830e2b37,570118614.62258
75d3c9e0da9a24f4849f2078,536183689.6075907
9e45b127ea0303f973bac9d1,352456957.60761374
daa0be53e7a1d7ff76f32955,722891346.7843025
bf7463534babd284da6ca671,376008439.14394933
0283890ab76b10547b27e634,470654755.3893918
5fd213a5236154ae5206c372,1215191158.24714
317e95fad7d399673719537e,631992469.8501896
fb14ddcaa459b49a3b30eb3a,842464864.9978378
4cb5e4aa83c476a5b71d77ce,829998630.1261917
f54d358d26af89636906f686,925279462.5879396
f002603a6990ec405d82cc47,926804425.6108875
e3b7dc4e8990f3cd436bf738,554696030.5431557
97c799300453ab511bd06361,657524946.6789786
3c1ee7e502c6bfb20873b47c,597730503.4679704
cf7741583fc5315ba70b70f1,793052184.1809067
36a0a1f0432c954604825b6e,604209606.2137018
9836bf9b64f27104c7863b79,595028742.17454
68a3f9ac977f56cd39a6a1b9,992591245.5067837
b676ed2d0af6807cc2b28ac8,922516568.7880859
430112bf4fa9324f0149a879,466699339.85970813
fa00e05d83ee890a38c3a686,619686242.1428643
7d503f126b5863fa0626d4bb,614576798.4053568
ec03a01c961659f2cfd9c973,632665002.130047
6a112af84d5a81f3d16dfc32,1035768480.0351148
4c5d3dd8802acb9ee22ab912,640347300.3336333
d029158b36963961fdcc3974,683442631.908155
c2071e85fbffa3d2c2168319,450016068.39931
60a04215bee81d26f20cf0c3,621536644.4011972
6d4a961e099de1939adc6496,736105161.1180595
2383b8bc2cd3d307caba34ba,598540551.6399719
d9357452fcd193b6c5284bc8,1041601185.9061272
863f8f2aeda01a9fea1cb3e0,869121212.9044665
d1a6132098a4bd640321c7d3,495857405.46903086
6edd2530070918074c8e7d07,655991117.6339215
1cfe7df5431f3dc6a9289551,956129353.2570398
c617d1f15d294f0b0aea8ed8,574850386.4353243
bbdd78a7ed332e679c8e526b,347113653.86887556
45969f25857aa7263927b400,701387985.968298
cdacddfdb6ce41a3eb752496,361161171.6122385
3f87d08afecc4aba03587848,1030282909.3010966
f21d2c0802e3858d493c1984,918448228.0958045
660f3f9ed9a72d8875a9efcd,656857049.9384824
04e29dbe2175919265c82463,776884264.4980117
e4082fa99f92fc7a89092fff,685923149.053229
05402dd344c77623fa053ffa,690931726.8406683
c5f7f0323f554a7419f78359,635663298.1654603
501193fb57014ffbd7bf218f,585556829.276615
0922cc27581d9058e55a2239,553807522.7539881
4dcaaac494053749f30875fa,752337389.0149087
506763d35b04358fb0e967ff,616462070.2265999
8c40078231bf7af2f3a06457,418106030.98201716
53e14e867f8b02c6043ae02a,333174258.62391156
2364014bfd851a68a824d1da,728062926.4452566
f788ac4a8b2a6dc11c458c90,697514727.9565634
093c849ad2bea8292c4d15f9,1027315941.4142976
71a8b68f38fccf71a229df76,536598168.0223316
ebacfa0a8e569ab603cccd11,329115159.1087209
c963faee3ac527dfab08f61c,676003041.1402912
ce3deac5963eeb96826c14f1,476038972.8953513
5607cef08511dbbf3288a5bd,548937578.9864478
8a9e6d0839f9fabad2fc3214,640347300.3336333
ff03a8cc833d067d439b9903,625324252.5154917
d3e119e8fa4d96abaa8c43c2,675728548.2373322
25b893f6073bd66258a9cf03,655787803.5039383
0d70ceba3aea278cb4a2082a,822607608.9961709
07f9017eb4b8c169eb9de536,976470422.9586227
7cad62cfb4fc3ad9acb09f1f,553956101.0036372
41d174db6f695472063ceef3,529537524.91447
4ecf579a5d5e70d3b4314ef7,775358959.9294508
41df29e27c0bbb52aa8ffe49,532638798.60807514
cd77cb445eb0f72df89b9fb7,577362255.9270227
65766c8572b629744f00b45c,647412785.3528284
946eb4523f76bb23d0348309,692226844.3282299
453202a234f5b370ae9e586f,607613316.963325
4e1b5798dcbed1842f260b17,693337426.8280811
f1cb3c0b97ae1c6819fb86e0,1110992316.3071651
24a89527a6744456750baf54,480628237.2949894
a281d59b685eda4978e0c84c,703196369.6642071
6cc9d912370da36c38ac2cbc,770662587.005634
10563c278e7ce8eb2066d398,678879735.1907301
a1b0b8d18cd78b7cd555dd55,980201568.1381696
3cf9282136fad24af0f7ebb1,728413474.8974273
077659c14c3cebbe192f8247,879587110.6098099
c372834e8e7a4279f861aa4c,495861647.49658716
29daf0d5008fa9e3f0f30132,445102830.58933234
08e1ad8d1f0be0287a395ef6,493559983.92749774
19c07fc2b01a0edec4784e64,711181822.6005124
c2b5216a8050ea0fe4008f59,763004203.5783842
29cc054742b256e6fbc6da1c,708159079.9670606
755a3e09dba04bb6ba6c9851,705962585.2656884
c98157c582392cb895071f28,658818445.3769281
84f47e531a916b7f7dc1f1b3,590985743.4758444
231688922448e4d64622120e,563867316.5736759
9c7c68df14c238ce0b497dd2,691600873.8227252
d5e29042106130114cf3694c,540100184.975614
08d4fa42a34c74c94db5080b,784802898.8199838
e89fbcbd4d3414e30c30fc29,640347300.3336333
22af7bb676cb4c9ffe014506,406429319.5673535
b20d6ca58e91ae70b6e0a1a5,840996256.684015
5c372bd1e01f3243256e27ca,409470143.9721936
1242d7e61857ba8ad285b6f4,881838209.6590054
196ac46f656726bcb8087ba9,645206563.855697
ae513b65e06b69e1ff2ad8ec,397341040.41576475
bb26b45df6a70b6414958912,393802774.3043003
9425283b41165156aacfd43b,537622877.0544757
689b510fa99bda54284cfe7e,550459399.2945222
c57d333e383039db0fcd2620,733003551.6987816
86e98ed0bd2565b661b81ef4,709723352.2773331
0e694269bbff1e45395190d6,964611731.5147862
6511180e3128e083bbbb6940,806128065.1921154
59b271bf9e2d29ed35352f5e,399717528.4971332
a4c324b1353d2f7ea3ae9727,399717528.4971332
193ff8d291a9f163a4f3301b,525267227.30024725
8ee4a7cef562d388b8444c29,376578486.0819632
53bdf5c3cd800459acca551c,368212758.7575702
35ef99962cd5984ca87bd326,517020995.98687917
dc33d5ffcd2aa2b7d56d2ad3,610585093.3147281
05c47739fa4c4f00285a2c48,854658519.8257076
a51d415712d8d6c8add7009b,738956374.493473
71493c81121558b8ba18c1c8,393802774.3043003
853a14b680761098d4bf6136,697771911.2716117
c9d5c08973c493f3acdef892,691656054.0427748
7dcbeb0aef2e2cac0d73315a,353578926.23305595
ae5a4da0000f79f12142e2a7,538242264.0934469
1f6050fd5261a2d21d5a178e,292964526.8710396
e3f39c6e4a41fbdc4bc30e0f,612455834.7253422
9d157878dbb41c14b52a956f,491477935.7433411
e1fdbdecc84b991f582a2e00,573415653.4722128
3a26efe201689493724ba464,529412125.6467428
6670cde3fbc11c263c6c3163,609871203.7597463
780ae52ac9eae675f6fdb312,461666479.6684045
24f22d76b86498d5c3563288,609591169.3946419
fda25a0b6b9f62f92e3ea6b8,651678254.5909164
678ba0c80536dd27e385b31f,405110637.0499164
ba0d0663943a118228fd12bf,426288071.994389
81ba4b47e9222c15c4102992,565289545.5186249
d9ec26c1c3e1811e38f070b2,556144093.35658
aa850af0c6203104e6ed02fa,541645265.9089211
c697ec00214cad882d5e9812,423122353.58513474
4b193d78ea6e3740bf37b36a,423122353.58513474
08c61259a756e617d976e8b8,647795329.7420328
c1c1dc8df6996a94ef3c7d33,414318232.0604063
3fdfa23ac43d1df0503ccf1e,645020825.9036808
bd4526ea5b404df442892788,423103873.00578314
1062419f9cf94418ba88b6b8,476977107.6214421
1102f91444b8e1abb636f1bc,761925207.0666844
b96b4bf38bdbd61d4dd0bde5,797640789.530999
45ee2db87e9ca0a1a9faf050,691422744.0235459
556cb23459a9007127b3ad46,782921558.3971729
a613b18945052b4576595c4c,753475186.8704473
fce385656705a8f4389cbb6a,784833914.0830075
bdac560af3e155db33d13d57,699706060.8716478
fedc2418db2353b7c97a260d,856873890.8596946
4565bcc95c54bf0c8d376eb0,804598707.8329339
5fc559104e0ba1112ce00f5d,825930237.8083988
74fdeb4c56b29662f13aa8ca,812664083.0184582
fbaf74ce4c2c6e88950d3fdb,754187310.2138736
5de0f045039122af0052c544,800502643.2487332
e18337bbdfb106a3f1739960,717074857.0375106
e1b9ae3e0ce3da16f18e1079,791026068.1515983
a57435d71ccc5f032baee302,679122606.5567702
fc5e8e45dd0a338ab5835428,705883320.2192457
918bec54bd7587daafff66e9,671711059.0690107
86137b9624049333f7e0315a,631921510.1229751
0fca6767d8f442da1f8bc6d2,492957267.0355279
3ea5478270517f299b20bd06,634716363.2007942
dfff73eccd591bb26453eec5,615084302.1084311
e2dad5c148ecc797018439b3,656969792.4591047
b5a62d480bc544f891fd8521,758331176.03281
cb09a84a1d7b929607d01ee5,670891285.5862253
af067a8546e1177eefe24916,688304582.6141279
d6f9abcb58befa3d05373a72,768592969.62266
ec2f16aabd36fd9ee2203276,945563880.8403718
dcafab7adc7b763bb934496b,650567710.9514394
ede43dcb1715b959ba34a37d,671967638.124676
40dd67aeb6e9979211c9345d,691273263.5129391
31f630c44db4be5360a57640,738959568.9581418
ee8651631861c1b94283a953,963053618.7414649
b7d245742eef110adc91b5fa,628435129.290852
ffc49242bb0edf3e22076501,915084471.0072898
5c5963c17bafef1a1bfd5e03,899639966.4677124
6c589b7e6a3cfad34e98bd87,767750763.8200971
71ab3644da08b8cb0a0b34b3,773417506.9073222
aa668782ae5d0c16e57193fe,960564897.5041007
46673c69814a0b3f25818dee,1027215611.7583636
b2a417a8d2440f9124fd2ee8,844980491.1046358
3e0ccd899ad73579898fe73c,945111610.9077473
e6f2c7d7317fd433e26878e4,982463887.6091927
2d91b3a8c62b890fd246183c,1021133112.4834994
fa653848d69ce620a41a73ac,973055517.9337296
3b6c94e3e3684eac73b3e7f6,1173963074.2525845
a6a07d35b3834bc6f81beb6d,762182879.067095
a39617b7adfeb6ae7d5ee5f0,1208607106.3689187
95e5e774dac6f0159e8afc0d,608558210.9103662
995362e3fea8e54538ac135c,593391704.1014956
42525c57e13abbfafe9bb395,992793616.6056889
1ae6fd60628e7d186a5e0174,529558789.89534515
082293a465231208059c5d53,529558789.89534515
732615f6d1526ec9bd519eda,562213159.6424537
99e9c4f8fd7fb7929da10a20,413654580.33746296
1a75e436fc23e7f48e639b9c,555547847.454174
54cdeb67ca9ea56205e4e533,822051528.06589365
c412ab869616d6576cbb8309,411575223.47002196
b17840ce59c9d9619b46534d,596017895.9731655
a14f071d8e5c338d9ebed23c,416165436.44084454
84d8504f0e860b0760c3592d,617990400.5868037
a3d03a25f84f4d50d2a308b0,575392767.8502916
bcdcce01d86d648c4502d42f,493559983.92749774
33379968a83c8a90c23e77dc,537622877.0544757
ecc36a3a4610829ee3f88993,399717528.4971332
f4eca80958b7a22922b0efa1,397341040.41576475
3b4ce006ef95420847da20b9,393802774.3043003
4fb644a95cc04f7bc6cda786,376578486.0819632
f8fad48343ee5134dbae918f,376578486.0819632
6e8e08e09da8dc598b8a8b2b,399717528.4971332
56ff1f7e81fda0c8491c354d,397341040.41576475
444f102b4d54503044154ff5,393802774.3043003
e0eae2174807cc7ada38c726,466699339.85970813
afde90f91b01b0282bb94335,598540551.6399719
1d35c364daa0f021ef263c60,347113653.86887556
8c47395a28f8177923d7b75b,476836743.8946515
98c98982020ba42198aeb45d,640347300.3336333
ff424474d2d10a2c2a1c1892,361161171.6122385
971a322e9087b67650689ea0,918448228.0958045
45a7517c4d29f5bc7787dedf,621536644.4011972
74a51274abc8358d628ecfe4,640347300.3336333
11dc32d92ac579720303c019,696475654.1478721
4c25d939eb3ec218403dc4ce,619686242.1428643
55597a7b8637f24198415ed8,709723352.2773331
eb7173223a27076d16b87f33,585556829.276615
709d17b62bc95253601f243c,683442631.908155
fdcf0e439ae8b2ff5730680d,690931726.8406683
2524e62e917e8a1aec5c9c26,532638798.60807514
ba601c13d20602c988d57246,640347300.3336333
397a7d1cfb809e34797f2bb4,697514727.9565634
b54d3ce25f3f03cf3fa0127f,333174258.62391156
d51bcf03d649839ca803c357,433317347.6073905
e9fac47a0f02f27abc96d568,854658519.8257076
a52bd93aa6b0d965914f1101,655991117.6339215
16601a92574531c1fd57a359,610585093.3147281
0e64230b70f4a227b444115e,776884264.4980117
ba2118c330e19baf4f3ecf94,829998630.1261917
055e29f236bb61603d4ce9eb,980201568.1381696
7c5c0f2d9a0e355069fe1c64,675728548.2373322
e781547cf6f8cb4ec0742b5c,728413474.8974273
8caab74ced535ec5e75acdfd,368212758.7575702
9d64345229b60ad1853d94ce,517020995.98687917
d128186867f91603af4fa481,615153371.1519632
f8fb6d1b0dafc28920393dab,625324252.5154917
33b92225cef255b0e4b4edf9,583067666.5082077
7eb78d4dea434674a230caa6,678879735.1907301
833bd3c8ef9d4da2f304a94a,822607608.9961709
331f0957d55d7f03df7fdc4b,881838209.6590054
cee124f4b9031f59c4fbef47,838301835.0529906
8a9663cb622a55f2a1a8e3b4,691600873.8227252
25d4a0ec9301ba5d53deb780,574850386.4353243
38d4b1837c595b6d9a23e994,752337389.0149087
a21923caba05da05449d60f6,656857049.9384824
63cff4b5ebb2b6528ad34cd6,631992469.8501896
948c392520e1cb3a030ce86c,728062926.4452566
b2e7fd7bcd93309664cd225e,738956374.493473
9d6be7123f2c6e610971374e,1041601185.9061272
3676e34e4824101f3fd9aa2c,616462070.2265999
f849ad486e84a82190675b89,550459399.2945222
2fb8b2990751692b8ef1ab6e,635663298.1654603
5155f70c7f8978e487e71479,701387985.968298
4f076c220dad47bd9bf248a6,733003551.6987816
480041bbef3a540df2a36ea2,625819067.9924215
4ca66e564ed478d06c471357,450016068.39931
454e4126257189bcce9b681b,1233472694.648846
10ce9c7a0a58aad19778e5f2,1035768480.0351148
dfe8e2542755d41d920e28b8,360508670.069777
5115b0da9c95559dcee9e58d,987177816.0909104
8a0053376ffdc75d0bdde77a,913964362.5202608
5688288ee38f1a69894ac77a,746082402.6722026
1fe514ada76363511cc79105,772950633.1561066
885a312d9a5bfa8a8db5279a,483435117.5524759
c716d4dfb5a3c2e1120bd84f,570839685.754333
689aafdc12fd1610c2393a6c,707381450.2359967
c0c4ecc8d3aefc53c4c06a38,830384572.4378228
30091c32a5046d563597bbf4,571490459.8855078
2e58c9b6fbe9c57c83bc0aed,747539449.9158391
3f7c5d8304fc650bf97247ee,635019805.9657387
56334a9db3ccc24faf138edf,633243314.2522234
6d0680692396c07afc1a260c,694266609.6981275
9e07dd563b6ff4572f5d9031,730145761.1303606
1278c9fd86258bcb435e7127,690442259.5136814
acf0f98cd8f8c8ce06f30ab9,1154319012.1714976
5e3785bd517f4faa2bcf43d6,939891169.9129303
cfc61dd41ee5f5dcb76bacfc,577962587.02314
2f171883b97d9c02b90f93a9,316903097.69420415
46aa67b5e0abe39dae442d76,316903097.69420415
50cb49d65d04a5d166f96e3c,438052705.4975185
06c1673c4a7444e7aa80abb7,272538329.84511197
53881f29c7a6bef0ab537466,315194113.2909467
2b028932adc74c961170a4ce,521196625.7089396
f3a1bbe01d265470a2d7332a,404282796.34336066
b42d5b5b38686929eadd56d9,436604538.1789548
bafc63f23f097c24d36c76fd,593314593.714135
f164514211012e3a1686b148,369525619.9014474
82b90288bffe8c1c0b5a1259,413471575.6989079
2fe64bad1bc8a43fedfe0700,458016132.6938582
da5b958667b31f4f9a1d84a9,464680825.01748776
b3bc9a04a3ebc1b911326735,700835108.579391
9ff3acb07666d53f00d1f1db,633271261.4946245
13a44ce5066ce00846b59ae3,718823666.5158337
bb45c98dbab56e5abe20ac0d,687383496.9157622
f88bade1cb7ee0fa643f31ad,506083629.7930139
e9ab6916a79b4d5182d33bf5,687383496.9157622
144162ecfcba71bf09048dae,647765646.4068084
19466034c2ce19c24a179fe6,536085597.42826694
3787f6da3e961c0e10d30e6d,822259055.5806915
908330b0d2651093c0bb6719,567331559.8549767
66b7baef9c6c3c7ad24636e1,667370116.7291491
69cb0f3d422c2c78373c2e0c,656134739.3983266
1e866483995b30ec7f79d9e8,540538018.9954832
866f2a55f42cf30c4105631b,540538018.9954832
fede7e1a7a6f23338af6f40e,822259055.5806915
7447156f2967391975d335f0,536085597.42826694
08451af5a81fd6a63c4012cd,505386471.56481713
f63608198bfcc858abe1ab0a,538810345.7609074
e9a0dff7ae48bd3fa2ecfcfc,553134090.9776789
cc97f62e2fb9d3e31ef1c00f,681335936.6913375
ed40f198ace8a4405cce7a1a,731097461.4986005
bf17b59bf2ac2d06894bd786,874595648.2733988
e118b149654cca1c0b3a58a2,1017525121.4970075
7f9bdd2157f6c3d488c77ddf,856627251.4045959
9350225547486ad75c0b5ab3,891814938.1586835
d1166776fca47427c77fa8e1,814420134.5527567
f719b387fac4f688b57dc646,969572460.2672687
6ce8991a39ec7b9883f85000,969572460.2672687
353743db4334fee80ac08d0b,762713142.6150327
372a3934e8179422b5cf5729,706114432.0812957
81516aa72c98ded9223db098,955416500.0265259
9e80db4c35139bbb18775644,1042433593.6125478
12ed2c22a923c840ef616a3c,1022265998.1596149
7bc57b136bcec053cbd073f3,884162164.5884688
77a06084509952c6cfe8f501,328553641.27951336
73578b4214e2eca83b1e70ac,792281021.1744251
527e571030a7d8fbbf1a41c4,792281021.1744251
961baf163a07179bceba67a2,792281021.1744251
76b41682fa6953a3b20d3f27,792281021.1744251
cceb25e83ecf22252aa92d2e,792281021.1744251
210ff5d4404ee8578a5ecf9f,793586788.0372226
398274b1c46fd88151420c6e,473831023.9536318
5b328b80dd844db2e946302b,397362380.6203392
4195fdfe50e42e9981fa2f4f,569211450.1747439
2d4031f171f965d7dbce0ef6,662377422.7809232
fc1b713d5605b0030421d5a2,781975051.6399004
cf6092df1f22a7c4b8ff9d50,526754855.0414395
8dbdd7c8971a514eb7cb4d3f,775186892.7105473
c197faa8bdbd51c075a6d3bc,715192002.6960467
1985a2a5c3b2b0c7eca22afe,764385323.998914
92a1a8b617b6d2c3669167a6,695705298.5701568
2a330fdcebb247d6a6fdea23,775099855.201287
c3dd975d0aed59a65a784e47,740592030.1196856
608a2339d558a6cea9478756,777182229.3279605
c0ccf6d535d1316e37e1024e,834530461.644219
229a7640d41a8b8d6d2f8f83,915470677.0052243
e3950ce025371da2b4ad9db6,813322731.2451522
a7e41393473834db30f2c1da,568258006.9935338
7dcd1597e11f83093cbfd7a5,780495117.6849587
71235a69058912dec1d355a0,998435223.1049926
349602317da0e456d88fe24f,1030412942.5388606
ddccad3e5a4eaf791ce3a7c9,693564181.9894474
776d7d1326576f07762ab3c7,642121597.5593708
1b88c06bb3c1bc2bb39d1b86,696623798.1058382
1c5c4f4c731545aa3388c554,693564181.9894474
aaa67089a753d255215c15be,613388912.2362686
d6d5717a4b7e2edaef162b6a,564468998.85522306
0ba20e953e8e76add161cd6c,416165436.44084454
13c39860029403ea94b5439a,1026959664.5874711
d5436eeef04e1a8e51a38912,377210599.7415579
21f00ad1214253dd5bb97817,1182888596.1085806
5a3119efc021fd0f102ab958,459364536.31557554
331c515e7f0dbb4460810999,444855631.09393287
9e360588b18cb15aec3b6609,498559468.1719311
a7cc7d2ceedf4d69664dc734,459364536.31557554
4e78cffaea2008f3919ba0ae,450650326.15492404
452e0518f7164287e47e6354,613315277.9141743
74286242739391c4eaecefbe,505529303.4341761
df06b65985649c7107b794a4,546551855.5330887
b6a21387674a509514fa5518,796666067.691433
6752fcf8f1af18d61124e32c,731029533.439025
a7e40088cf53acfc65f4b3f5,1115546100.8616257
61b9307a25be3119effbd0d2,555690351.2413597
3061729865dd2d68858600b1,507394537.8722685
ad38d5660b6f1eef23b76039,377645007.22304225
1d493f3954b15e84c41afc82,507337567.92450166
57744cb947a923584fc6bcc4,377687413.734399
16f60cac352cc0d668d226d0,295573611.4500222
accf7bdeeff29ec7a209c509,506502795.2261222
a694b9ab05641a6325764e63,655246126.3188766
bdeddd3f84cb0ffdd1fc27bd,656252352.6131791
de9ab30042562789601833f6,445252727.4792886
1a95522f43288e32addff2ba,404820384.68480605
3cc722d5c764ac261611c2b0,479460888.0504825
aba85a8a7ea2def1fdd18587,479622425.0477285
b272c1025cf5c1e1df47042c,599216557.274948
5c449356b8b2d7e0928cce59,655319705.2137846
a56d3b5bc13c9849cf676750,656399744.6603159
942c934c0d41ab822d60c795,599149277.6071136
b0fe09d086490092f1690fc2,598230606.98454
7abc8a11d3d6c905de3f567e,446036634.0029021
16716773b2a43df0332622bb,445352729.72801965
98fdd3fc6c9447d0f05eb1c0,590905482.2287785
a59f39373ee368259b441de6,412976673.85213643
cb778195c5d61a7c4185424c,719357259.7357924
c0277899d5f185cc78fc4a79,773824506.7182506
44effc9574c74ea4ad98ede4,697840284.6448389
e2d00e4fd93a02ea81895355,707734859.8120646
ab405cd390c0681c3c67836e,525947186.1870996
86db204f7ef6e0e0e6687246,707734859.8120646
97b791fd94b2339ba115a75a,775099855.201287
3897d9b5fe3a0cfaed7c18a6,478079796.13413846
ce206b82f2de3793156baadd,706491020.334985
2c924b9d45667f7168bae6ee,706491020.334985
358eb586d9649d20dca9bfcd,773911401.0160851
71b1fe15c5bffb750c99f648,706491020.334985
eca500b92ff96f10ccd45e54,773824506.7182506
7b63445c5e1ce95bd12c31ee,706570353.6212863
97d64459dfb368b1f6067ab2,707734859.8120646
1b09874d5a3e4c9e0d544198,707734859.8120646
54fb79bb019bfd10e5481ec9,674420549.8778957
b3b63d292523ce0a925b871c,706570353.6212863
09759befd8899fc1e359935f,707734859.8120646
62e0110b1c8dda16cc7da89c,707734859.8120646
d98ba43504fb49a4f0bd9c05,773911401.0160851
48815b454dfb64fe60e2cde4,595248695.4297941
40a65310ce666e80a9611d4c,740671903.5113894
a8c5674b5d110d99a1e097af,825485083.9341118
ee9e7dcede0ffc20442b4407,650735904.5007542
9e858250fcb7320b65bed9c7,915470677.0052243
bc76b078832a3a81b6d637f8,835905860.263758
b06d3ee14ccf3d46fe2431fb,835718160.8062884
87332a7e03cb851342667b98,835812005.2660338
faa37a79a1d72e4b8b0c80a6,835812005.2660338
0821109831351eb2501e362b,913964362.5202608
8d01d6561223272181235c69,835905860.263758
a0f1c94cd34fcba92f59a59a,835999725.80065
f6a5c88d1bca87c1e89d8084,915470677.0052243
55118881731616058c929b1a,915573477.034137
bed1fbafde11c156b655e04f,668846948.9416449
819d2a7c3330480b7217577d,913964362.5202608
e1967b56ab8ecd035bf39534,835718160.8062884
08d0615cff29645ee70e20e9,834530461.644219
2e8af16a155fe18c8c6730a2,834436761.075409
882e8e77fa1a71288f6b61cf,1081141294.231536
7930bb0822caea5f6451bfa6,985442857.4103748
993a18ae04d78d374f854262,867800966.2815312
e5527bb25c85988e00da339d,1165694210.7830355
07bd45129563bd2fd974deeb,406383685.93242365
83727953ecffc17bed632d94,409470143.9721936
2e2d3f42f4f8369733b3bcb9,600209371.9105477
3b23a71bf40e800a66bdeab2,359914543.0647735
894f346e0ad39c57fc0f369f,856225824.5198562
d1fcd31555048d043cf084be,536159228.78003085
8d48f73816b248d1166a09db,720567323.4712188
32d5a20c542a8194a6aae965,569900426.7383515
53870de54350a8cd7c13f014,617990400.5868037
31cdb68dc6476128c4bb2f5c,773584914.0706811
4be6d93d8ae1375156444f05,518061542.392408
33a7f6aebc3e2d480d287199,767448011.9719152
e1e188d3f9940f9dad98488c,756091826.6085715
76167f6ca3d2c404104b77fd,626072881.8442467
9297c340db8a74e10dbba148,509434042.998665
0e001ee8f27e1a2fffaa0225,1050529124.7615905
ae3868ac8c44128b8a955829,651537910.368019
bcbd20cfc50e2f032b174b56,416165436.44084454
253560c855216bd9eb102595,551143773.9089714
c9c769e7ccc99016f61269d0,569149511.7835569
7c07ba1982289ca3abcbece3,654765356.1958349
c5c024d11b3ebb2cd088bf6a,908182677.8475978
f0a8fb06fcdf8997bcdcb03d,582175355.7900819
806f9ab2a016e774689ce2b9,313348843.7368646
4491bda913188aad3c66ef20,693337426.8280811
0c37c0d27631960f9e0fda1d,699566972.3803937
b50b45bda0905a116f238c1d,594243466.6283287
f0f8e755058d48542b9cc4e3,716216592.2622476
b3005057f48c1794b7974f4f,604969837.3489939
e1e5b0bd721a67318a3848ed,477559362.99275714
d96155b72c02bfa04f7ea98f,527232933.94189394
3825ce5030d951ef0fc2f7c5,405715022.64483976
99587dcb4237fe90acb15b5e,417371212.31408054
452ae373210337b8008ea2a3,1255651299.2362256
09ae7df5577582ce7e7b0aa7,828925155.8400267
b98967876009fab4290736f1,704800995.1735767
24a4a43ae4c687bda1066227,873012819.7022072
c509f2036a11b7132c633d2a,680565666.2934424
bda914dbacd42b2b7c6c5179,512336611.62192607
5a681060eeb2fc8f1b3261da,569020434.1791205
016bb199b12846ccb0b03191,780426407.2821981
ba94676bc0385678ce3780a3,590152870.6006005
b2183e5bca67574df7d5985b,415119141.0308119
baae43ea29f7e419bbecf998,506238767.6771561
ff1a7adf260e637bf316812f,371687335.8320265
8e56b5dbc4cf628ac12e5bef,1135783562.059324
c8941b8d7626f7b33628158f,1020070419.7170677
d504ed869ece1b1d6e724452,375263781.94995236
1acb5576ccae1f0534f614df,580023563.1271231
ff228869121d053ca7bbe431,812708389.808863
ee4dea05e93581750d613c59,611448100.5418015
5d507cdfb7c233cf96dc6a83,597070374.736299
faae4324336f1211ce4c7809,642625182.585875
9a8e471c8f4488c3799483ba,502214706.2203664
d040e15e50d655f4d19bff54,484493241.57005894
efc7e89ddf3de559154d8e0c,951823014.6497703
e91598736dbb7319952f0dfc,724431983.3168256
4046ebeeb7ab85affcfe337c,938905096.3886814
d12059af22bc7d6ff170430f,1109111284.8889534
99d39d72083d7485e8944a3e,493646060.7014921
b9ab2dcd8d1855e4bdd540c4,780155752.6250024
97106114a8d353ffebbd07b7,754586954.6381302
d5c950db90c92be5fe753189,746546345.4612631
119833a13f3f7df22d2b270a,525376291.0006447
b2078743e33e1acc49c2d2ca,736861983.640542
fb9371f86ca6f4e62ae374c3,472181286.1002904
6a39a747417143f0cd24f3bd,979577953.7631005
7bc0c9e2760e4b1488522768,841545686.9602658
3898683e5d24bab9eea24d30,642978746.0839002
be0e466ca7d6942282c8626d,746918646.4875954
2d65980024ded46854c25260,927239499.7013503
87aa28825a5b8ffbac5f2e2f,649812029.4789503
918b0d900ead8267aab4cdf7,588188019.2461762
0c85506b301862fb58b467cb,572463548.7060782
4bd031478b15017efd41b2bf,953121150.0400615
48bee96c1f65b8e283d67483,512921878.4394511
7618cb8d215425c931f47886,426154378.16809344
a7a219e7cd18f3c4b83649e0,554255003.1357965
9d3f5b59b9735da05588b3d5,492836000.6115605
6ac5f5f52cfeed2f0ac9d018,575056040.9738016
d885902c923752eab7b619e5,530523980.58873916
b183e2562cc4816244ce0e1e,672051595.9209629
88622b66e6c47cc62c3824c1,607470085.4115487
01230eede2a4a74ec4ee5105,689716012.4931561
060451a9e3e0416ff41d253d,531708693.58423835
3ca0e7723afebbf53e390297,730474603.8987185
e2ecbfaacf11ed16fd71abcd,543256018.8712783
1f0d83013ea5e4c3f4beb583,642121597.5593708
450c4eff7e37a271fc24ce3b,585384512.958931
a70d331be751cdc3bd0aab29,286571910.86483085
41ac76d4fa450fe0c377a0e5,285598493.72198564
2ef8a530db816223dcf474a1,575392767.8502916
d09c1af87ddad4ad11b82626,553312865.687018
35b1cd8020e7efbb9ba5adde,775358959.9294508
6714f846f2fa3527641ad96c,725156191.0587142
4cd5338bcf246ebf263baa35,426880000.18690294
0878a639ab8e6b6e69a3df41,802385102.6322289
f4c118396d781c140d8c9b08,547723437.2424567
27151512d4b592014137ac1f,831549569.3528252
8e5123f5ef1da66571ccb600,1152419696.8881388
c491a13a87fa1ef595b35826,767448011.9719152
52d6c4bcb442eebdab338116,1087784856.6859527
e23d93ade25e73614d7bcd77,1077327688.531605
43059ceabe98412315566838,1553008832.9247813
93b7fc7c4f07a7f117e687a4,694469657.3248068
09caddf25db3ac8e1a98565b,791371595.0081198
e3034ebf243b024cbef83cc9,496799846.57762015
63cc884a9c5c888de176461a,791371595.0081198
069fb1f8d0f06ac2fee87314,583191537.3331789
059aaea3859c4b9662ab4df8,506502795.2261222
148b157ece514d99be0a7f93,295573611.4500222
9c4f397c093dde7de5d485cb,554900619.7319924
e28d8dac5c1c75d295a9eb3f,506502795.2261222
a804849802cc0820d25f955b,506502795.2261222
fc43df7f26644fa464ecb090,554776018.9243841
608b26adceba64d9ebc5486d,506502795.2261222
be8bbf40db0dde8ed4cf338c,506502795.2261222
d255f73d4066fe559065266f,507337567.92450166
c552cfa8e6b8c8be2c963ae8,405989842.51461
5ee020d4adc767b3b16fffdb,377023630.5270511
2a01945c2ce528c02b391c61,555690351.2413597
dd7ee555ce0b2d58dbd8a9ea,377023630.5270511
a732aefa7ea4715325e9e80e,555752750.8196411
c6faa40acaccc1603c29df96,554776018.9243841
fd8caba10cd4d1df27605358,507337567.92450166
788c49c17df556bce0abf6ce,529566495.35165286
2d0d803cdbeaec6e2626eebb,599216557.274948
0872074f7bd512dbd4609c85,446036634.0029021
3f97341f90b11e6a7a7f7c2c,655172555.6853665
2bfa301ea435f929e6c0d1ba,583027910.3634923
1d029020622a600aad4c2991,656399744.6603159
8a100bd7f5da66664a2680e8,598163438.0186
1441a28c376a20c90d72cfac,599149277.6071136
495eeef459e80680720a0ec8,345339098.1997186
df81d07cc6e8fb0a01c0f404,583158856.4498631
e23ae41983b9f112f05bb703,599216557.274948
a2ba273b099221390bee92a9,599149277.6071136
63dfd58a5c43cc7c0a468209,349062886.28394955
27aa789e29e52ef8d78b9bf5,656399744.6603159
fbd613ac06b6bf20d76822db,599216557.274948
2a805135d8030b614d9df9aa,655246126.3188766
22c9b57a67cbef0920d09174,404820384.68480605
fb76da6072bea5801e407990,434612023.69066566
9050b1061469970ce28742a7,349180490.3928678
96f5db1dd0f36d1087172fcf,656326044.4992406
38cccc333e2c38bd608e1880,656399744.6603159
efede59a47d17737f90f4bcb,655319705.2137846
bca5301e6460eb859b7ef34a,532356152.0992295
a23a13e43f3e08ab82c6ef82,404820384.68480605
8437a42a8e7ebca46eb088cd,599149277.6071136
6e3cbc252c449fd4b758b97b,445352729.72801965
6cc6b0672aaccb8909f3a751,599216557.274948
c60c2efec3c12959d86fe3c8,599216557.274948
d0e45d520227ef8a1f53ba28,598230606.98454
e45293f1e6ceb2fe79f6e0d5,599283844.4977504
4202dc3f8255586e1ccfff46,591812904.0505657
1d04d5450762d664fcfab674,655319705.2137846
a3f969063f78dbd95e6ee795,599216557.274948
2e3fc1d628f6727880d3d4e6,445352729.72801965
22ea31eadbd3a54216443137,349062886.28394955
6490a1eff73727bf62458b0c,656326044.4992406
49721aafec7123f6ff4d8010,655319705.2137846
bce608b4629b6c8512ea2fde,598297783.4930171
a7ba3ccc4831ae7e539f0cfa,434660827.141968
959b2293af0ee4f7c9fea7c0,599216557.274948
bbbf74a3abf9cd8718384a65,446036634.0029021
680a71ef7ec15bd919c06320,656326044.4992406
0bcdef6d56052acd2afad93d,544528756.9025797
1bb885a07f57936b919629b9,445302725.79644716
8a222af682e2d7796643ccf7,598230606.98454
3370a48ec22302456c41ded9,446036634.0029021
46fb04e7578da5741f6da4b8,460766180.65564114
e9da7f2549d914aab6a30e10,599149277.6071136
10d0506d84d778da572ec635,656252352.6131791
966e8fc9af08e76f8b276245,445302725.79644716
0da2a849e0f83b17b006e50b,656252352.6131791
f7101a05db93cbefd6a3b31f,348488538.5795613
b74fd7f7db38ec233c6ad71f,404820384.68480605
0d63e52a47fa884e36f10810,599216557.274948
77fa49bcb52539888d481ab1,598230606.98454
6f412fbb33519fdd31e741c4,599149277.6071136
6615da422a3864d415b28fe9,598163438.0186
f258fdece395f0c4f4da6a96,655172555.6853665
c54c645c340f59dd5f47bea4,404865842.7735225
bdd287e9de82903f210878d6,598230606.98454
e110abe74ba0ad062c9b575f,598230606.98454
47e5ea8cb7f5ab6703803690,655246126.3188766
e71c6f7437c633e2d9da643e,599216557.274948
783161faf2e3501c38c0aaaa,446036634.0029021
5fc3de15eb0cd87be5ed2e6f,599283844.4977504
4066155e224520530ce985eb,508133304.75804085
7745863791b5cc6d49f84c8b,348605949.1828029
aa7551be1b8d6278d38fbb00,655246126.3188766
d654c9bbda61c4c0ee1ae2cc,599149277.6071136
d224080523a2bf2e81698d15,446186909.9071818
5f8d0a2ab1f9136de446528a,656473453.0973245
405fec98d5a3c8981173311c,598163438.0186
2a9e77fd00aaaf773d130914,446036634.0029021
279b76adc4bc9f8dd86759b1,583093379.7308326
f815ec1a63e980717c9c3290,598230606.98454
a8fc825e34bd9bd56ec5331f,599216557.274948
248ed6abe6e528dedde951a3,466478041.2797968
2bce6544d58b6970192a1838,599149277.6071136
352a76b301243d22d1b31f79,599149277.6071136
bb9991da696d6e1f13a32d0f,404820384.68480605
8e88e6cc55ca769e472aadfe,599216557.274948
339ca7bc687766f517ab3274,404774931.70009875
93375efb2e74f4913d21d94f,598163438.0186
17d7e6d321bb7394546e6b7b,599149277.6071136
0f601f5ee798174ea9d52caf,598163438.0186
8ec8cac469f2448654312aaf,625681880.1572993
affb62139f02e524692ebc5b,526814005.3951209
c01199a4b2fbf0f6cbdf2a65,707814332.77158
4d1f49443787c874ba19f968,775186892.7105473
035c61042b7dbc7ef888d1a7,773911401.0160851
0fc7d98f75bc1c0b782a328e,773911401.0160851
b1924a5697dfe829b5b8ad76,478133480.66833615
d0100c18dba3c334327b29e1,706491020.334985
add1a20e8bba47aad2edec69,775186892.7105473
fe8a78de9ba7b59a112e0046,526814005.3951209
b319d049a3a8e4a095940106,707655395.7757219
303dc73dc1130de9aa2f70f3,707655395.7757219
e471b2ef30c388893119a010,775099855.201287
9309d812688d0d2bdd33d830,707814332.77158
fdb192e57e3e48f70a492b87,707734859.8120646
c514c9a35632e5a9c0476a31,707655395.7757219
3bee8a9981a1e9e13a05cafd,707655395.7757219
9c942287410db3d0739e182e,525947186.1870996
f59b9c03bcd4e0e06d23fb47,707734859.8120646
4c11f4ebc622483532c24a06,706491020.334985
1f53612f7029a21e2e9f74e1,707734859.8120646
1f4b6eaf52fb940e666c1c93,707734859.8120646
dc65f0bafddf39c6c4b2c9f2,525947186.1870996
344823ba2777540ffa2a8fbc,688691769.8634132
8cef9b18f20e9c5a32e7ccc9,775099855.201287
413d6e4fb772beff60f73e2b,775186892.7105473
15d3ae51558bfeef80b9e97b,706649695.816078
b81c26f2ea6b66c8315d1146,773911401.0160851
c3786f81345d39fd8b353da3,775099855.201287
6c568d2287dcf12b2aacd388,773824506.7182506
e6482f3b6184515453d16bf2,649830988.2069273
32c7b848ef60432d98f415c5,707734859.8120646
1689c3e3982382e27a4ae074,707734859.8120646
3d0cc51b7a2392f3be3b1666,707655395.7757219
1dbec7879e793ba9685741b4,706570353.6212863
82ff2a63a863c089ea90bb5d,707734859.8120646
3d9856c3ee0a4b5a833c69ab,412324577.73530567
6f293451319bae38c71b8266,707655395.7757219
dfc817b569fd71d2dd47e980,775186892.7105473
c34d46d83e76f54d53cadcb2,707655395.7757219
e08ed8c82d05dc3cad8cd2c1,775099855.201287
e21f2a8d9c641e45d442686a,773911401.0160851
f1793973b462cdbffb1ad648,775186892.7105473
b15bcd6248958d98867ea585,707734859.8120646
e640424f3b7d1db403c36ba0,773824506.7182506
658c0b009a09339a3f312145,707734859.8120646
f01fa45466e2730f935a4128,707655395.7757219
b4d69c7bc93efb3790eb1422,773911401.0160851
c2242a77d30c0abbed667ce4,773911401.0160851
39542105a7c46ded0cc373a7,775186892.7105473
13f42390057bd294cd787822,706570353.6212863
183d99d88d1e7d995180918c,526754855.0414395
60dd7dc49139e7816dd8b143,707734859.8120646
6d2ec752890a2f1c4094044d,773824506.7182506
0e776964ba3733f3ac18a7a0,775186892.7105473
92369f73435d1ac3fa95f185,707655395.7757219
8db285eda04ca37b86dc9724,775186892.7105473
a7b14faa46e7b73ee4e95ee6,707734859.8120646
010e676743f6afc01fd0838b,773824506.7182506
987199d3a23c08ca887b301d,706570353.6212863
4fd8643e1c43ce9a0c18a19e,707734859.8120646
4d0985935e1432b3916d45be,707655395.7757219
4623317e8c9044e314ccc4e8,707734859.8120646
ef8430c4d15e5887b8103bc3,773824506.7182506
cd6ecb0f77acd93cc1c9038e,773911401.0160851
b0962bfdb6a2c79a0ca84e48,526814005.3951209
7bf592c5c34bfe6a5df3dd40,707734859.8120646
9337becb0628955b47e45b98,773824506.7182506
9ed0bcdb62b2223d716d40d3,707734859.8120646
4255eae670033d9c9e9a6e3c,706570353.6212863
c5346c37454ac2b13b92240e,775186892.7105473
94fd4bb5f41087921ca12b58,525888133.15934765
ded674ba9c7b76cda404bac6,628836620.1170648
ce25e9fd3bce9b75050aef5d,775186892.7105473
4e7d3cbe3c62123fa7e2d969,775099855.201287
dcf5b42ecb23800a458562e9,773911401.0160851
0d53bfcecf0397ca27e5f78c,706570353.6212863
f4ecb15ef992a677e8b4fee7,487204437.345974
46eeb8f186f86f7859274d4d,775186892.7105473
b5a7d4288dc7a7868678b9e4,775186892.7105473
34f99327fe595ba6e32d89a1,707734859.8120646
9a53016fdce3d3b5c2baf3fa,775099855.201287
26be10d0ce8b763e9b457e76,674344826.3518566
2e111ff939191cc6df2c59bd,706570353.6212863
ddcce0b9776593e3ef3ce21b,707734859.8120646
937c0b6350beb0f51e53ff8c,526814005.3951209
f50941445773dd62e87e0416,775099855.201287
93a1aefcc4ccafe4866bfc76,600156402.2934077
70c0a72b31dbc1b97c102c13,773824506.7182506
8aa9e1e89993aa49c5c3eced,628836620.1170648
2a5ecebe40fc09b45d6ee5fc,412370878.48482966
5f798656baebb094a3c83793,915470677.0052243
596b6f435f76058493a16cd6,834436761.075409
1c510a71734e955f75187106,835812005.2660338
07de14db9dcc2d4f9eac0dd2,915470677.0052243
29503210dfd57bfef8f16802,622220183.5525548
89575a90c7b9b960c8f4e052,835812005.2660338
bb5a6045d18e19613325dffd,835812005.2660338
f984d34c8f27e3cdb7c2a44a,835812005.2660338
90822d4e3a369948cdc4d998,622150321.0516593
5b9a21a42d5f50ed4b10581c,835905860.263758
1be01d052c6a65c5ed286bf4,834436761.075409
b73d317e1e8ddc3d5d0743ef,835999725.80065
bcd302e3b5342ecd8cc056bd,913964362.5202608
eb8956f0c4a885619bf1ff79,835718160.8062884
d5b950c5510c19ccb926e7c8,835812005.2660338
1e37ea0918a00bcfaded3453,668846948.9416449
1d55f4694f3e000ee3ce47b3,708765322.3797731
cdc3e114698984145df842c7,835905860.263758
9c611e246a612ac6906abe8e,915470677.0052243
c0c820463dfec602a6118ed6,834436761.075409
6302d4fff078a118c3211794,813231411.8673118
c98807fc596bb2f505b4da9b,915470677.0052243
cdde8657b5a215915a04126d,915470677.0052243
3b2fa7905fd8fcb3e11ebcf2,834436761.075409
59764968800501c68631aea3,835905860.263758
9eab02171cb5f15963670172,915470677.0052243
61f84e5a07f37865c31d4a07,915470677.0052243
1494f223c9d3ffba26e42738,813322731.2451522
ba137cbd10757ad20e5991c4,835718160.8062884
d2fb81a477ef3690cb11c93f,914066993.4021144
ec4f7794cb756b995d5d207f,835812005.2660338
ea4add08aa912717cd42f9f7,913964362.5202608
f11d7627e2f18c9a75595501,913964362.5202608
8095589d5e1a55a76281e13b,915470677.0052243
f5add08cb615eb18b3153bf2,915470677.0052243
1894346a27970572aa703cd2,835812005.2660338
805a491334f865f06ff42329,825485083.9341118
062d5544f5c96db90fa3a526,915470677.0052243
332201e2583141f3a02dcca4,913861743.1617364
4baf1bfced8e85013eca94b9,834436761.075409
8bc002e1f02beb4d83a6f6ae,742552350.3977602
adebafcf3eb0d34ae31718ef,915470677.0052243
60b5b0aa0c1319557cd0cc85,1116626769.4609444
3393fece8a6ed311ad865e66,789975336.792538
df4a1968046eed5326119599,987177816.0909104
b044b9a587b2c6ca00447177,960507870.2933632
005ab848b35907e42aa0f4f2,1081141294.231536
140a0002732574ecc516e9a8,1081141294.231536
bd850d1ccfc4b21a72f3ec44,987177816.0909104
c6dc8c201ce38ff2ea49cd68,987177816.0909104
572ae40f693551547e13a196,985442857.4103748
b39d1b2637dd8e307c8ba13f,985553514.755037
2ad02d6d56b95ff3382b53b6,987177816.0909104
5201393754f4a5f2a476ef0e,867800966.2815312
72a66bc6d15390eb05a5c688,943311076.3352642
1f1f3e47f3593e4b2824e628,498755120.63021463
bb7e14611ea6b5e4abb5b89c,693564181.9894474
b82f8abc8001cd6731c4ef45,617192024.023762
6228854021e72af611d2e59a,790101304.2896998
6d21e1de9c880bfbb17350cd,696623798.1058382
7cfa0c98191ef9b7c45f0520,435101356.2452664
a739d80c3fb6b166a2c2182b,446210387.49189484
36f85981124e858c157f83df,603182554.5971943
3d6d51ca99f2747d6b92dd19,656956117.9789045
092b7b5bafe25bf485de37a4,702399507.0470774
f2e0163fa07f89820739dfcf,807341054.8429196
ba47346e7a53412e78363ac4,567490583.5411721
f86e80b2a831572b85b04e55,483564889.4639519
199a6f7df516a685f086dfa2,507337567.92450166
81f6d6790aca5e9270c3d1a1,377687413.734399
74f099ca0d949c8042569d51,349062886.28394955
4df3717406f9852284576caa,446086720.34649146
5246f7d8023a4c178af6d10c,598230606.98454
69d9908e13bf7c8ac4c30531,348488538.5795613
e336d9d892441c7ad886a98d,445452754.43691266
f82e1c70884ee1285e1bc491,349102083.25191766
0ffbcf7d58378c85b4103c7a,656252352.6131791
3679e1844a35c0c87fffefeb,466530423.0297918
955a15a734e56eb287555307,349102083.25191766
722f262a44b2bb6fc05ec35a,446036634.0029021
48c346042d9cb826a3714466,349062886.28394955
bc4b7bbf5df92f476b6be103,349141284.621394
667685f89a61aa2ad5c9ac7d,403851269.30853236
8be5fca8f4339712c6f3e29e,478187171.2308756
09a5fd22f920267b464e2a00,706570353.6212863
f6d2d31af94a6a73912dd9f5,706570353.6212863
0e9a5ea81f6d91038d8711d9,707814332.77158
8b2d8edfa6788ddc0c7b3eba,706570353.6212863
2f48a73bfcc91272161afd39,775099855.201287
a78417c74b8c99279912e427,707814332.77158
4d69f7c7e0e837879abbdf78,411692363.8769442
926a7b18e48cdbf6ac3b396b,487204437.345974
a06733f7b3ba964c20ae2698,707734859.8120646
02d598a32d864c289e3ba6b0,706570353.6212863
3977cf1326ff502251f78f66,706491020.334985
c3cdfd0733404ec885eb3edd,649830988.2069273
a28bb09e30bca82627e595c2,688691769.8634132
0a2f8c8ca6094e6626d4e8b1,707734859.8120646
ac9baabfd96d58e376149a7e,605217337.4883331
700a052900adbfa149dd5b6c,915470677.0052243
4b30968cdae59b4ef3298f19,835812005.2660338
c673d94552bc3e451672939f,835812005.2660338
75392e8381e1c891377fcb29,835718160.8062884
a55d7074220aa6a750297c08,834343071.0272385
81eea19e7c12d65d21e23648,915470677.0052243
69df7bc1d82d9723c70eca70,834343071.0272385
815cfcc4d26738f74cbb67ae,622290053.8984523
5ea150753f8d07c71af45cd9,835812005.2660338
f851b02d18e74610a900bf14,898167785.6744071
76b9af8036e38d5d30ac4c7a,1047181115.1317002
4ec5ab39cae4afc3b0e69438,792281021.1744251
c74020c85c9fcb2a2cb3ac74,790101304.2896998
6d6ad5e3ebaba1c11dec0f16,638499924.5750136
acbe4eb98668ff4967a8cb86,697771911.2716117
16a40e3dbfbb9c703e04028e,694707252.5690286
ee5fa0932e098cba28d950b1,699696911.5322442
5f9fa56b99677a489a9966bf,693564181.9894474
4045e30cced205e8c5b2373c,512301785.63617164
eb2c7a973d4d6ce8e6ae87a0,858286113.9249681
99c69eeb96e1016a7e53b33f,750915809.5002271
aa7f56d05ed29183b825d61d,575392767.8502916
4630a9af58fb79c0008e5fa1,579932480.7813323
ac003932eba3a174c5b998ee,481293407.7401655
56a7470ed14454665aaef75a,1173963074.2525845
a4e4f56336e07304cb946b1c,782921558.3971729
00ce045307538da1b0bb7972,609871203.7597463
cad720be1395e2ab5869807c,488292466.54759437
344be03236aed65e74b14a2f,397341040.41576475
58a86bf535b4c16b50dfca06,322210280.34308684
d52c3915fd7d2ef8c92a22fe,376578486.0819632
8a4b7e86a90a296e10a49ea3,540100184.975614
e1717a317481b0765a7a6a0d,571508733.0976248
97fc10f5ce4a6fd7357381a6,397341040.41576475
428f4bc76d4cd315ba8f89e9,406926500.2331507
4d882ac2b82569f74aa08824,379516826.00483537
948ba87dfd7993460c967cb4,393802774.3043003
1bee6a5aed5417181a3db77f,537622877.0544757
63cdd73026431f5566fe246e,495861647.49658716
013e2a07f94a99323b64d370,877019924.3455707
ff56b24cf15289dc6d14800f,686169670.5422353
7bdb94165857bcd37206cf18,433336274.2968847
1d1e29d9601aa0eddb4d6c2c,604000801.3669407
a8c9489973c54b93737dfe20,629731444.6712327
254892c6b84c59ff5ac4f354,460680990.53942543
c6e9772058edb2268434d7cf,654827961.9125199
916a413537580440c4ac6028,585686960.2400447
bab8e472424cd57faab87ff2,479115104.2321522
eae5eecfa2fe828afbc94b0a,553199993.5747532
da26059a2cf36e02b8702320,487036743.1487907
e18fecb7e40bbcaf26c863cb,714312406.5052398
a55906464634558b94d9298e,480628237.2949894
3032ae39e739fe46e9e198e5,649875129.5215635
663e062b85f16c2419f8456b,551398130.3726915
aad0e527c4bf6283f76b5bed,647839312.5435556
32fbc0f1934f7325a404a2eb,709723352.2773331
07d1137c1f0aaecbbad32f7b,664495151.9473946
3058b792e3f6781e438a2e9b,711164600.6873357
33d6b1bbab4524c3aa03756c,495827982.69112587
c75d43b8089321e359e14264,683717344.5341564
29ea1796aede16cab8a50497,355286895.3230916
bed21c41b31a3bf2095aa273,529537524.91447
ec232a7ee3aeac713516614b,692226844.3282299
bb7c68c2652c7e124d88631c,553956101.0036372
697b6c6f7666391fc689cfb9,705883320.2192457
d912e45dda1a3a628fdf50d6,711181822.6005124
96fa88a07329d3988b6b41b3,711164600.6873357
66019487c37339e9354ca999,607613316.963325
fd2dcbcb8a31e97f31d22a53,703196369.6642071
1a309175498997e1b8f0aae7,964611731.5147862
e83119808dd08ca090f5ed85,552109376.6847312
1a26960e24de046588ca7837,608505080.9644821
379c4fce87557848548b0944,409470143.9721936
b2d7355eb2aa975900776275,717571697.7009159
3b05e06aa0bc40b9db16416e,406429319.5673535
4a5405b1e181f5b10fec35a6,566016667.5442669
aff22625564f00844ea2610b,445588802.4388053
b40addfc0da42b0e530503f0,485077100.7847726
9200d647b6ce9aea67ff8ac7,550459399.2945222
3057660e38fb757dbc8bd898,590985743.4758444
799be2171dae4763df530e4d,708087758.3368684
819265a930d32a97533d132d,776515719.943672
9ba689b29d0696fb7ebc44d5,1018794669.6211622
0f7e28b6efb9d550ba28a1e0,590604016.0521652
57551742fefae23bb32571f4,666087737.92139
9569a50febeb4163e28c192c,733003551.6987816
1d03efada56f8a70bdae6aea,561231502.653316
bfa56d6230b858591743473e,716565850.2339432
ca54914a1cf1028b9c8b681f,512577182.6741716
54304b6117b797791d266cc0,693337426.8280811
166ae8e3d0704209d6715240,684203668.6171864
b56659e70367566a4ddb81b2,800502643.2487332
2641f220611056a1f5616dae,784802898.8199838
08a82bb9fbe4b7abb50cece1,663011983.6005193
b40a9888ec0379fbf85516a3,926804425.6108875
d35462df6c686296a3c7bb23,612117800.1181005
db244703ce223e6acacbe85d,708159079.9670606
a90df94f959030227fa015b0,579430884.3268292
d97d462ac4f5d9cbbf04e9ca,742668014.3777041
7fe6ac57e87b8126ac4f8530,879685881.2014585
69c28dce8eeaa86605143419,928187127.5024734
2bd6682ad8343b69fae1a59e,862801463.2905388
2e6fb29cbc1ccc3d97c92c72,744903682.5248883
9eabba4531191127ee91621b,795527711.3053159
d0c411218ffa7c3ebc10783e,715498396.3475401
0c61a011d7fe0227be2b3575,705962585.2656884
2c47c3ef9e139d8c4513a090,715627326.1234862
f6503aab62a68ca16eba3fec,1110992316.3071651
e7dc05756684b070b36d681f,792513496.8323935
17484950b143d0395907ae6d,588133695.6734021
3d997123b33373024bd2cbe1,763004203.5783842
ddba305c2a3ad29db24a0658,790986554.6462333
b65efc402cfddc0aed4e1d76,660785697.6027341
4a7ecb05c9886bc35f6b9160,645603055.9248879
b4e14604b888c994b64f94ba,702812307.5949287
ab37764e5f4e00097eac947a,800160939.6731385
764da64c41700da5ee80b8c7,619461823.2341772
8a84a073b855e37a12327357,745019869.2395924
5a6878f8a47f1fa2fc1d600d,1139686245.317587
505f3d545ce83d0c848f828d,1112497119.644419
6687a2299f38c15598d11eef,947869386.6968192
533134592237b2748915eed8,837419481.3088452
daae80933675e767b50bdd17,868610183.5681871
945f85a061dc4e95e779e27e,999430780.0185515
62dc69d80cd6ea9fb7fe52db,706476756.3336142
153436858070f7e724f0cbc1,770835675.2024174
7f9875a5336a32d73df2402c,871950304.1308427
ac11141115d391be44e6426c,588192297.8657572
f8243b7b679dfe8303180d73,1233472694.648846
1376106ebc19c929df27bb62,677843304.1673124
f591597c9a1ddd9852eb3cfd,877019924.3455707
a748841236a7a7fb33138845,438683339.8437471
6ef43ab43841696400d91859,569020434.1791205
601310d800d88f0d387235e4,973055517.9337296
db81ec58863dcc5d12839883,562522373.062842
68d35dadc6d0dea61bf4b513,404869164.3840635
ba9be0b67571b1e9242664e1,677926061.4228096
1690af2e30b05da545f1576f,933178051.0710752
fc72ebf9381496067101da61,537539346.7856104
3a2e95f5eddda4df84b2e2b3,532127438.0515784
a660d5809085b4823e287a5e,568713857.2124994
799301c01a3e7fc2af5a14a9,800877872.573929
824cad597aae34d7d59ac939,596238443.9634645
23cfc154896b93bce4356ae6,405142447.99687356
a9b96d2a23ed155043085e87,856494055.7748661
f5d529ff6a35fa78ab14de21,601331898.5853658
9b337cb1451a8fb078dc9a07,668108793.2600229
cd1fc7362660bce494b5117a,473110239.69488055
26454cbe44a07cd0df12ca07,796427430.9787567
cc5563550bebb29c83ae3054,799855412.2539096
109bb36f29b223a81dbfa340,808316062.3001693
31081c78ce92e1d8dbb315b9,702938951.3914922
502aca1a1097438b32eb362e,1100508667.4638054
4c90ce573f1d61d11294d05c,878263627.2275984
87f1e9ca16a7ea48de04fa73,954877060.1838287
224f6e839dcbd91491f3f1ac,404130043.9331614
8ee7d2e0692e49bf9d308b4b,675728548.2373322
a3ff6a1fe37a1bb736b1100d,615153371.1519632
97d49e61c1ef55451e52c8e7,625324252.5154917
b6514cdb1e2cf37e3ff8090e,1197247187.8619676
