property_id,price
d56159653f5d2abc5ed5acd7,1085140451.5656502
45550aa81c0151f1fd9fd8fe,871780265.5837027
735deef3382aa15930482f3e,669161447.4157087
0dd49fa8bb7be52b851c6dc9,743747743.5353953
7d3220a91e78f8bc2924d1cd,783958728.203022
d3054072b2175deec2c1f8dc,328490069.44386375
b7574b06d593fca4eac59815,323850667.9311995
79e822115c5c1a4531366001,488793733.2659543
d3ed5316a463d38c1bd321d0,1081806585.9787135
2f1880c9b8f7ac2715e1236d,895020519.5651168
dcca1c7f109175760ff531c6,440741307.5387268
dfc4f3facf91bbd93ee0fa4d,465435523.5280738
30e134a6cbe61d7954d0f56b,389457077.1048536
385fee7bd9ad7722d45dd034,577349511.0980209
87199c236bf22903d1aafdd0,591624598.6692779
19e19ad0cd6b5e84d8aa970e,574549612.4838449
907f968e78d748fde69dd44f,622745711.2348821
be094e5db0f784e3aa013aae,385353516.0503165
7ab96f83915bc84f8c03c1bd,406673469.7213725
07f4aa9b9ff5b0b05d31e6c0,1073926470.5579865
e9be8cd37abed8ab510ba1f5,1039840165.4056754
5f6ad58df27b562db077b5ce,743648393.7956764
ee96d947484aaace40f9b77f,975437966.8169488
15c4aef8401208054697b81e,1009995840.927556
22d6cb11333f2839b8112b89,1557418595.0025487
288c09c33907dadbae495c11,1683098428.6952305
f71d2bca0c5fe2720a1544c4,917232310.6180047
451744cf3ce55a98db8a3562,828933991.494721
fba9ae05a6a8a9e0c6268a9f,599730968.6597427
1338e58f7dcebf5a1ea59388,753379417.2087078
a817e8da0ada143ac87277ee,442197146.43866867
46d8bb3e9a0ca584d3c7a317,696277273.116237
b2506aa9463aebf01e1e00ca,436541470.0142137
7ec025b9b6e6f33bf65af41b,596405464.3524162
2ff531e27672ecd2362eed55,1056632238.2730155
9b3cf0d1b91b9c6a2a887647,591358855.744264
7db5291ce4602d9b2b266872,370125630.0174561
65d5918e826c33bb950fc008,563950623.5374923
395c34e4b8f52cbdb0522459,970457793.0430557
855f4b67d2bd6d18fd03d8e7,898729396.8286217
9ff06409b37e5b5dece4604a,669003520.7316962
0508cd7bd2c77ebb6fea1e56,581847171.1785607
b45fff2e718e54772d46a3fd,656546166.5427545
cf4d2297b73dbc357d21e31b,545614637.532367
0ada7044c5b29925abc90879,675884793.7746118
6305f02255274ab5fb6bd39c,630126516.1818805
d9a94194ae1350512beff3e6,1092177238.5361843
e3896296cb80d50d9ad3f903,1037882887.9460584
6514f355887c64136edb5595,792209026.9988534
f03400cc18e12903b3ffbe5a,803010231.9841866
4e134600155a64783b3f8c3e,1052747132.0974683
d63ebc63c82fbf66d8b6ffd3,796432490.9235511
1bd64811bd59706844230198,909848413.9624693
a83921284639eedd4a511cb6,727532148.4708852
a2f3f7a1cd573e2a33f52e2d,862193202.5252826
47344a66471fa51f61c64652,836708366.7606466
78fd849c9429091347d7e5c9,745750713.7383573
c3daf2abea55af99c9579319,689384920.9767563
52864916eb1984abca41ec66,840360696.9897944
c62494a9d7aede44f2f84023,1094884437.880198
a2b576643f7a032371587e5e,1443978665.1168013
e53bc68f0e97ccead24f3e56,651793785.4645271
fd82c710aad91bc90af490fe,920643291.9866538
d436abc2ee37ba3dd561e940,650702709.943521
216a598114a403676011cb51,972453536.8674605
ea230d5eccd2b687888173bb,744465944.2176191
18bd0dd7580f2a7cb19a90b9,491045170.2409612
b143c8ca6d334f6a73c3f2a0,286349085.35839754
ab388cb4fa511968783bafee,432772273.27565736
6a4f08cd04d558a56af732d9,513832389.986915
7216c895aa047c4f405c4941,606990199.6069491
a493488dcd906dc74cf8a604,835335365.6511506
7844b0b2bc65dced90a355c6,551802161.8346684
c1976383069b6b82ab29d092,614492278.9954985
e5cfd99e2308b7b73581dbdc,426833606.59364104
c18c2ea88f4ac53970b53d2c,740234465.1954876
842c9f0e4edf1e5a672ce15e,915138526.6104666
7dd1e46dcbddc6bf5ef694de,651155552.6044202
6cc4f32b39180bd1ec7e117b,613231780.8585279
79e643789a85dc4ffad49a25,771847336.8612934
b3402a9173d289d6db78e09d,1071445112.0618742
a446507813234e358db8b573,491727015.8473771
c8ef57ddfb35061d1876f94e,721396086.2692575
360be0df2c003005e3db080e,1349750531.1650305
9ab245a4c91877cb7a8661ce,1240454024.4579592
a57a34c7486e7a40e8deb316,962543780.5706213
ceba7d0f56f6cb03538962fb,733082804.3971152
d5475993f9db58c3e4baf7a3,869806535.2329669
d37a1dda09e30da13ff5bfc3,727966045.212738
68a8b8d077a8232723bf37e9,743648393.7956764
e1eea7716ca6490b7640717a,727229501.7307289
4ae6d75b10848d259ecba576,1022621392.7702041
17afbce5c0b56732abbea936,630206834.1621325
84a2673eccd3cf3bd7fd3eb0,840360696.9897944
f2f4e6cbafe527b155707f01,1352381095.2428749
de2e3a592cda5b76c9573c5c,878774674.3901107
fac651cf404a58f24dc7d286,1703614714.0276642
e6f312a0877af26b69855a3d,1669289653.8338275
333a643c623a9bc75f3a40f2,1217969801.220982
64593641e470908ef23b46cb,890585400.5829335
ce9f2f0071be658ae75ca6f9,1486893943.5008888
9ab385e399a4673732b6a799,685811799.1272416
3429c774b736cefc051e2c55,669374909.0736208
a51ad0372758b2bbfe73f8fd,837396828.1247957
8c801a266256e3fbabe7e3d2,525838445.03154385
ca2f81b8fb6fda20aefb0ccb,633649962.292452
3c1b1f86087f9b99380e387c,1015808607.8409319
b0cad5d612954b8cab18101c,974899643.8838903
7eb991f4c69215377e4dac8f,1196498995.8294146
0d130b8bea4321300396fa34,1162449335.623803
8dfa059401e1dca80ae65ae1,1020527070.863133
3e3f264cd0ac7a65ed2349a2,1001926261.688594
112dce80bf512f3f24391d23,630622699.9720132
ff25ded6333278149f8fb68f,726141573.7748468
d555b82c192794e87e9d536f,786222038.5394921
a787382d96ef9fce8f27bc70,1192577417.911609
8c3aa295f7bcfd9a43eb2037,1196719876.3136044
13ac95652fb3cf6c43dafc66,538619160.9826142
42fc6a80b882c32f6264ac10,516352199.2259798
1e9c53e09220d689a0210ab9,421569502.3626787
3348706086aa3db5c92259c3,481907726.48134726
66d402a9b7d05f29282ddb00,865991113.2070665
cf88be51d6f31c10e5868ff7,395060000.09784323
30b3f38716be209a894b0942,507324132.1367137
0a5908a92d0ba3e36f54b1f3,384311235.3053118
dd206b6ea2d7f6555109ea39,632887664.203487
c641febd8bc2ece3e4d2d8b6,687111783.2835395
c11fdc02a288af0572a2bca1,780862315.882603
35dc60a65969b264ab283d6d,641416727.9510863
d9cb0f637cd4feaaaf8a21c0,605831774.5207585
7e8dfae9a5f1faf8afa706f7,507790391.4792835
a280fe7610c254b935c9dcfc,660490996.6969563
85524880fdc4e4daf90e96fd,604729037.5266424
f361109d06f6609c16724b39,563950623.5374923
3f6b2f0c0876c21755369cb6,630126516.1818805
de26819064a290ce78d8fcc1,682250019.7360805
91be1260a84ab7fa3521c495,1224126624.6780605
18c8dc4549d38c918af2972e,639630559.1088039
782b0fb8641849c2c34291e6,415530496.7601458
54933f8b33a4fd6f031ed5be,1073108113.2797052
953176c9a901b4f61c030432,1039968708.8867595
357e2add3d68167a4f3ce15e,819691193.2313458
90332d50e91925eb9b614bef,1082588132.2852564
11723d1d472bf1a3fdd8b72c,1170029582.164021
01f8b6799e2910f7769db175,633070602.4463573
a0d5001f7dd42d7f0c91d2a9,451294817.0593942
d4439c35bcb88e1490916c67,515293619.54893833
4a73dad0ff8a5262e8b07c4b,831552690.1244195
3dd8085a65f24b497ea59557,1242478004.3978336
39ef085809bc80e32e7b6af6,1272639976.6463282
b98ee16e8fd7d1c75a9da13c,1155105386.8393788
16deb26bf740fa61e258f545,1005404009.0956187
732a3bd457d7798e1fd892f6,648237618.3319485
1376058cb128a1c7729cd2e9,1009025230.913252
cac7e7c3e13af91bdc7107e8,819330755.571249
9f3dfa6e1422f6aeac527c61,532591405.5158689
4dd3d1288ccb66ee4fb9c097,1177912779.8458521
15fb97d6a43731d61e95d004,945424591.7701626
dac29573163315edf99e0e7a,604996427.878932
b93f2864087d41c3c92d43c3,725792477.1265453
cd4656aed92f5c0a0b6b7c0c,725792477.1265453
556210496090b42ac10cf1b8,1443978665.1168013
762979729fb21e56a32ed14e,1443978665.1168013
ea935b76abe664d5e2c4736f,563950623.5374923
40e9ef1e7c6749b7a8d04ea9,645769913.115707
058265732a484ac8d5497f5c,540705055.0424006
6f52ea8340cdd283f9a79720,875866078.5510638
cafe7c1ee67458e05c84d5fb,630126516.1818805
3f45ed2f08a2b03b738fbb5e,399765770.1948632
f203b18854b75c4564d7a17d,723213157.1841825
d5333f639d11bc3ab073ed72,941612500.7462343
c14f644116669a160446a945,563623786.3352114
de585856ff546e00a5a4672e,555921598.9998308
7a80663cae7c191b5d025fa0,900427013.2180142
71f80198e68fbba902650b1a,645526068.2774725
f3523e0626df8cea803ead0f,527651094.3052073
619abd5f978b1573761be86d,636457013.6877259
17a2323b855e93533a9f09f2,615011379.2513562
38e8630f2c05ea38e2257c21,718003226.280975
1e3798d739f85ee0e5a314ca,414550192.92303693
46d0544f411bbfb6b452858c,666120256.5554374
605e7a71eecb13b23ffca0c1,625118411.2410983
7515b37b7ae7c62f3dafbe7d,624676645.8381687
28be121ada9c9303be802474,677397822.5220584
331d54f8a1bd3dabce73d6d9,956467414.6814181
22d167639ccaace593dffa31,686608927.9306943
36cd68fc3ffab79fcaa340ab,581554816.956283
db924733e88c361cdfab874a,795582356.7131013
64eea2e9a13a8edfe8ac7027,713825898.5812382
97fe6eeed892111bfa20255b,747332024.3593758
b54e6757829ac95e2076d954,858293388.024962
dd59b8122458557041903207,596547230.7679905
b35c58fc1c05a77433025318,1049195328.0152127
c41964afa164d8b75f8dbe92,718139328.1317478
96b3ea80cce599b68f96f86e,696180880.2806895
a4bc87ad4f1ad97c0a63d843,696604933.1300431
16e62269e6aa2ea052d05f71,643958944.7486621
518b37b51f824fa0fb5075d3,1019826822.4330304
e083d83369cbc93fb94842a1,673488814.4510341
57deff02895d5286eda10d89,1046553543.9835364
7ed35835fbe694bc237abe38,691003811.373549
b48efa9ddf36e85164354f26,988689878.2779101
5910c9b29a1025bada93a5e1,692720756.7914274
10a650e8cb5425c97f08f68a,680417253.7712972
9e0feca2ec3043ae6f840631,1004366944.7870058
35ce37bbecac6b164fa21e6c,682751236.4538813
c4955010d066e013812a85ea,1007080959.9584422
d5a83c31bec18d1c3eb9af7d,684926104.1464629
70217bd08583854329722821,689536451.2782923
28e748e7aa0a447731e06706,731423046.527765
27929c0a3e0fd2d6d2969e03,623888324.2758287
5c5ea0d8bae75e0a5c88414f,976242046.4574841
2233f50cf7b04791cf1ddeaa,715441986.9512174
bf430621f17dcaf17fb91ac7,765833351.3310332
d8dc9de06461e0220bc55906,574695161.3341451
d988975f8c4e6ee8fd8dc1e1,740319972.992337
bab884e0f99df269805e83a4,718980886.1271225
8fa9b20af1508af7a01e2267,722913306.8968445
b6f195d44ddbe10b78b97191,693639596.1018897
2ab0eeac4a228d5769fb4365,591779192.1749775
347a4deda03bfdde6d1c163d,922676007.2488005
17230f18b30b94606fea047d,473111374.430434
eab4ae491bbbe7b8ab107229,960577907.8188976
07c753474a847bf2bccd55b7,754082770.403565
b7ce05400f0261743073e072,624110295.8968873
4a33d213841d2af537aa967a,689203502.9332973
04eb0b590ce7483c615b043b,696365686.088942
a01a51af09a3dc387a18b58c,431244244.39846414
270b930a9e22d5016ffa4019,1338340781.4720864
5ed1320fe84a518e267ff537,1117344164.8253846
f04b574dc221473cfd616e22,574424669.1376532
6f7e390aa6135019dc5a828f,684060881.8650501
776d4a19fb3852fe6dcd3ddb,556191711.0315363
b7f164b79658952248866c34,733377957.9946394
aafeff5826516e363471e439,383660509.43277836
eba6a2b80a17a846ae560ece,357066762.5943409
90e62f8656ae504bf6175e0d,526829576.0107123
dc4331d09a1e36baaa6bde53,572947515.3494177
372d67ccb9d251e290891f0a,280723648.7930546
a7801c67a0ddd71c50ba38d3,406673469.7213725
e4d6b81f169cab8ea0244d75,528811616.15470654
cd5c6655243a4be0912bc92a,962543780.5706213
f7a7281a19733251134364fc,765402096.9170692
a716ec25a219961fbe90f367,1352381095.2428749
8bd45966c16d4eafb49ee2a2,1244002345.8141565
baabbdaa5e8f69fc90d303c1,950431716.0240152
8bed46960db1b2a7954ffbcb,1457381655.3719106
dbc123f9502159d660f375ca,1598569887.7079723
a4683facc81ccda10e9ae388,1486893943.5008888
3a576586fa1aac85c2ffb75b,1256525292.611034
b1fb98d0ba25b21c6647d423,1002113546.1318681
97fa4be3ed93c37c048f507c,410478116.87385976
cf184cc576effe39c0f857b8,502643487.0823114
784f67fcb2d009d352740ed1,507928803.6911106
f4d6ce332121f814aa663fca,794076124.6970965
c87ae84ef029febca1e633e8,587548755.9894959
e876c6fd9c161861fb92ad5a,1020091241.0252192
9047c4764f2c6b1a10b87e99,1019393451.9040315
234c94e9a248ae57bb5a0771,797637772.7891041
a49c2976ca4f24f3a6b622e3,464786580.7112207
ffc171cf73514bed077339a6,587377880.2707505
fba83f5feea2522888377066,577809471.847051
1a593800d5785ecc36c25ead,1030956783.0491086
ab157c9601861dc387a91b82,855143132.2665191
f87f8003f15b0fbc12609514,670302797.0137429
f44d035ea2b15b2c69d4da50,706736911.3945758
fc815b59cce7934f816f0502,925201776.4324489
32915b77ca68000ba9eed6d8,582143366.6971055
cb083fa7ff634f424a351840,666967606.7185848
4f3c7b9bc78f882f858b3d3a,457061303.9608121
53d33316e237830ad463a26b,583094345.3264728
f5d852e25d51377686c43bc8,575699389.53452
64731b6eaf4fd2bb6c155013,1087574253.8343267
dad7e45e4706ab2564ef9cf1,409282646.38021624
255914e9b13ad94efa6ed365,942565162.9469031
5a8950a64b4aea4ac13dad45,770172608.536679
70f51b4abf26651111305b1b,933894269.7674469
8919ca18fff7571002e440ec,1228652514.2065756
f776a4e0c8c82b3d29756b34,1443978665.1168013
7ea4af39a7e577ffbd600f0d,686424413.8229322
45fc0d46c7a4df7ff6976fce,770010503.4349605
7cdcecc706fc7c79cce45b20,942535274.7601589
3503f56e09e639be4762ff2d,692242928.6003014
f70ac0d227db6f5333aa821e,762722034.6732826
20db610da64f80afc1621b12,403319589.6883921
c80ef212c870e2f20ed2234a,677671228.0233601
7dc68d5cac1b7fcdab35586e,493252898.2495554
a478fb93a131fee4119bb9f9,949353587.3490983
7749b2b534213ec7b536372b,564242930.190816
43e59f5312e304fc21c1e052,881939846.7507321
82a7920524816f3db7f5a4ca,867961804.9869126
1a7e331d9ff88ae5efafa8ea,1234118054.97769
a57350d4c79a415137281cb7,328145200.98474586
f3a6132006d54d0e22a17e84,688163294.3692542
14caab87a129f51b2b70508e,687943860.1432106
ba2423d79744d763aa3744f8,1129667776.8697135
1caac10c1121a795a172889b,927182363.1813041
40768729f2697b87ed6519d1,684468244.6828955
843234d3c6c20bb60a17fbee,791311936.6869681
cd2e4dff930a1c7a1a569992,993499225.8246726
5a6eab133b7e95155f6a9012,548214619.2232224
5bba6c40aeb129c433d2c58e,1022850867.1388164
ad3c644b506498127c7beef1,686263559.2660699
a379656c49f4cb1cfc5b3f03,1014705326.9874873
998c1a6ace613d8a7468ba5c,1052747132.0974683
dd610d7ece83bb02dcd7a22f,650097688.0628253
539467d04a2b3e78c592b11b,532113764.49704504
e40fe4ac43cabe82c03dda59,603130945.2826576
5561eab714583013b422e7d4,551802161.8346684
d9110b2b5b1c02766da9e24e,653475235.4896181
c72cf05b93b9c290c063b08b,718862903.2129548
d71cc157c0c43935989009f5,751326615.2410535
4199eaa19ddf8ac436bb2ba3,1071445112.0618742
d23d12bd86def2657038a481,765402096.9170692
ca438e13d8aa6285858da0aa,840360696.9897944
a173eb804f4bcf6bfe889417,1352381095.2428749
9b3677d498c2ccf69c756ec7,1443978665.1168013
f8c787390e4c6d2e99fc7c3d,978004405.4284248
a188aa896d1b4520ccd6b65f,591960967.55936
9fa39c9eb4b10a20dda6c3c2,950502800.9739822
7bc9022fa1eadbd9ab39acd9,932540633.3329992
46f0731f62232b32eb733dc3,670186028.6778953
b6767d1e329ff5e28c42f632,630521883.9617494
abde4b06769fcb1d5577fa7f,837396828.1247957
1496d159d31717ce254f67a7,638350000.5826578
1470749d0d2551a93827e441,587400897.3259578
3ac517f74dbf8cdc8feadfe8,778381711.4834836
fc6616c62030a53d2aa46b12,815626615.9588323
8497f34947cb4c0ff18a0eaa,724141655.6525183
3b2936127f5a4684a1d3de22,596476175.1398579
dab58562904cd13a93d913e1,591708259.9194524
69d1e47b6bdc57512f1838a5,644327598.8514957
23c7f9a0534a4ae6a24e38a6,726536932.051741
640e9fe41fb79ecba89d8951,1209567500.4557316
31f6a25d56f3bb36386d07ae,998017909.6166526
bfb30ae71cdca27f5a5494c6,961249595.1269987
baacf0dbd690644d74f3a929,622668661.1170582
cdcb874d2e62220d12230632,735814514.4899235
1421bdbd9cf7572b799b732c,1378694737.2063375
ee9e5adab1455d38edfcaa6e,980818506.3560225
1fae43a9450fae02919962b9,757836552.5586585
5f9ee280509afd55d24f39b7,653788650.2001126
82902f2082dd405ab538ff58,577874629.0260887
eae52c81f779a61f57cb5b58,673552211.3988113
4ec0aee1b202642d2739068b,1017115092.0981734
f4c6c3210a3c2eb935c6d5bb,1183807610.540758
14a14706d405569501327924,337601472.7747112
146a5a4f3d111dc7b955ce42,1078099657.1338248
99bdce7cdea643b0442976f5,692812748.7918099
733c7cdfd50db77066a67140,513636742.1531542
de328410e22767c66d919423,980251430.3919171
d0116b53467b3081664fb268,790032767.8430334
dc722ea5c4d62773f9fb6bbc,541850061.1024269
e84605e3aadd50b064c8eac3,1148060151.534495
31a3719e57ab1425e7267fad,1033698683.2466059
34993717af3f861b9735df6e,735714669.6705481
543822711986a454cfd764e3,981110714.603929
5bbc4ff9cc3ddacb39469e27,836932612.0249108
d7ced905983af0800c19b7fe,1050858983.1299723
02d5bac2567ee9e19041ad42,1218401183.181954
f4897a8a0a911a2acfb8e8c7,1352381095.2428749
4ba19ab08d1fe7f72d0dd37a,875860889.0532291
b7c07f8afe037d55bddb8e41,571047084.5798372
40b20b5a3a986802d64f7675,477134781.12650645
01fb5931cb55f5308382818e,1138104260.2554107
7cd0c7174b957df1f004fc88,933505656.729931
ca13bacbf6dc8d1b09fe4c67,1008895207.1550374
0ed0dc77661be57aab63bc83,684378758.9374431
d03558acc19951a882bd568b,557219676.657235
b8cca0d70fb46f3a31473e98,913618307.7710178
f665a58fa8eda69547c1a159,1011194610.4311652
8aa5ae4637ba83e672cd3ab9,669158379.1376188
a6da1996f66e545041d920d6,840007231.9359577
b828609eff041a68fa243a12,1040899212.4356363
3f39a260b81dd7de1dff2b31,880372089.5939405
40fd167916ff071afdc44792,1272023405.4887002
6ca31945172976c3a11732c6,1142009120.210104
1437d1f1601d26a3dca7594f,774285288.5793504
ebab054e5f256bf4e382002a,1443978665.1168013
0838d0df248d723da4e25ea9,990372789.8194634
7a134e45b9ebe710c6c6efe6,643425981.158739
6e9c7f27d6b89c5f9696fae6,432772273.27565736
bd12c705950c46e679c34bf6,1457381655.3719106
fa2c1092f17ce021964f8953,765957259.9234791
e3202b635974f7a3367c0ff9,1071445112.0618742
49bdf0f970af03d83a57dcff,1050858983.1299723
91af29fa680d8033188ffc39,1065481084.997379
cb626b981c0997d254388e76,532113764.49704504
155a8e4186d1626fdda4d0ee,1071540441.7257437
d337476c2cfa780518523a6b,694018301.6253135
7c3ea8523ece273991a190da,704691273.1824746
674c02227165e1c7189c54e4,1380443403.6219664
17056748001fd65cb961b384,1252792099.4359307
f56bca5bebfc765162c8cae0,1245891251.921583
5f4b0ec9c7452b888b33c3e8,942517776.4297236
13dbc077e552640736267a49,415983130.7305686
cb645955c851790e83e696a7,967148065.5655826
649cca8c83352caf7442f20a,707701783.81111
fc8836e71725949c5f3fa7f7,1557418595.0025487
4f431d80287051ca323f2c08,561125584.4978116
42defcc69fa22e4c858f3c24,1105705796.3765204
291a2f9022933c9d81311e81,1143986866.8653543
d48a061a2040d851937413aa,1213912170.290211
55d2ad80322427ee3426dceb,1166192076.0645466
8c41bfacbc1a6ab831b26fa8,1033060570.8210282
c7214222fefdd8d2ad7f8f8f,760170964.9257622
b3d9a095c9c73004643c9e78,1169483304.2516534
d49aeae19e13909e75dda2b6,1097948899.8213074
dd10dcc52d2549df85f2a8ec,778717665.1755013
6732b448d2e4f32679f235ad,976083752.5125636
f08a5c2992cfee4c0910f68c,1120525230.6896334
e3a62f080c25f404ca995e06,1167956806.1106453
7634d584c3042533942e2dc0,741648867.3600941
ae58dee872922a9c678dbfcc,1028066111.5142075
5ec01e911785dbd5b49b166c,625255508.6801165
9bc12d9c9ad95064412c3413,746160155.1151699
7acdaa0cee1ee62e15f4490b,691942465.7703979
d76d5b14d0acc5295b8057e2,691077640.9381458
32f3364ac1fabdd13db1cfe5,302279461.9225337
8cab957b322f1aba06bae4ad,548605213.1852775
e3dc8b417819e9afe3fc7d0d,534975445.5661791
c71fbecd8f7310c201adbf40,684214255.1474252
54c9bffcdc46819f67e4b3d1,676592315.6940607
4d94a2295f612b96264a0db8,735714669.6705481
874f4a836cb74be301e068cd,929242831.5168235
a18925f908acda4171bfbe36,991558779.0457338
a587c7419568288d68c46feb,1000941960.5710201
19994da77ce4f2db3efe6660,611155259.378164
9c4dece6127f1f3f3bc1e0f7,640076490.8844798
09c28a830f8093802384071c,727284368.1506582
5766f7cfab59c920081e3046,640076490.8844798
964b7d9de17c1ce396fb83fd,519908020.08877337
44f77a86369d6607753adc09,670180007.9451977
7f25471be85adf0baeb8ebbc,566937002.4970541
6859481703fb0cb34c1e564d,482084451.3121673
7ba0c14dce0cb09ef5735d9f,665163174.7525566
62cd6a29e98a5b7a5ad38050,674815111.374993
9c6d7e6260e4fe83d43706d4,606317239.3140285
5dbcb55dbba823dc31b041f6,1001926261.688594
85abc5c0353c5b678f087824,632501207.9897711
56dd1bc39664f8e9f316851b,742827988.2822983
b23341faa7307d9d6009c6d8,630516375.5002857
2af941adae2e8dfd66542055,598343176.1678668
268f887f25d416dcd3c0c9c2,817710076.8648022
9ddc7272fe43f07035d3da63,1681102053.0046039
4002635ca8b087877ad22d5b,1034979261.5690836
b515b1caa608ff42574e5a06,549873456.0725335
710542343cece039a279dbee,850762702.0227505
187a143dbd6d4bd81d6d9c32,559477249.6306918
26db92c003c8e67d92d88aaf,1003791737.0709676
641ac8f4f60ae2b9cf6add93,595013396.6698917
784714647351cb6745c867b1,850762702.0227505
5fcf1e2ab4edf13ec844decf,686424413.8229322
2575d932e98c421bbb38b267,1172950015.8105903
af9d2f5f62bf74a7fa9c74f4,1022483892.5204402
4db8d529af9f718e6d81a85d,532113764.49704504
9a3368605e5f563e29182f3b,1024562235.5995462
5ff696d8369101b6dc60e2ed,605445460.6078565
95ade3ab8dc04237acd6441a,343692243.5056146
607ed21e896eb5ffb50d5ead,535164021.4886181
40d9a852bbed67a6036c6d8b,595513153.9020914
97badba651a94721af5df3f0,751326615.2410535
b2f089146c30929c4836f0fb,640393199.7463142
936307e2f478c3ff7b9652e3,658568609.3358818
b6d5cb459999de084965e993,1020470859.9812226
aeb66f808982c6308d891f55,988085920.6717402
cf8418c60f4e54dfa09b1e6e,964166486.9774303
1dcf71e8fbfef2c6534576df,743648393.7956764
c78b16f05ef58855da0d4f2f,526471817.3831243
19ecf1fc86396ada203c2a19,720965091.1807854
985fc7ab5aabf1831ce3d298,736424227.2420758
8aaeae6bcfcee5ad928ce28d,698519561.2299378
1a93cae134c79a43b13ce656,1071445112.0618742
ffad647e8ee35eaea6378fb6,765397807.6279039
c21a3eaa136ef8a912ce7b74,1076856352.5234053
fabe0f299a4e4bc6f51d54b9,625905874.1017623
5af99278b1091dca9b0b0332,707701783.81111
3f0c845deec1c24472a35efd,1406390467.6205337
c10f25fd39dd36287a6cde73,1557418595.0025487
f37d31c512866b575780c4b7,1486893943.5008888
5d34f871e5a5cb3a655a0b13,561125584.4978116
95bb852a958d7b16fd676e3c,976083752.5125636
24857a7a80d5f13a52eeb054,607139597.4860994
f9796e9d13fe1becef435e54,957080336.472905
1c2739878e452a340a4e8972,1318617468.069265
698f3f1929a2dbbc69865b65,703551461.2894593
bc230105784ca8640e499ca2,880372089.5939405
622fdba953206a65224f2c82,585019046.7793804
6765fc17d98c08142d3d7757,657362949.8376707
6f35fcba4ffd6a58bce85892,644742716.9455101
d8654c08e95b39e3b4891cd9,762378294.4224921
33305df46dc2186c7e3f727e,1245891251.921583
0cec193a20d720af010383b1,990372789.8194634
734efe04fa6b326ae1d072e8,524466977.1409941
69190139558b2ef3eface18d,552411954.2281501
bb084299ad23f245d7cc5b69,643859746.0918325
d4c7b3372d70b898b167b92a,765397807.6279039
4a119b1bbf04b4bd6051c5b1,962543780.5706213
f844345b6224bc76bc3c6f91,412570847.2109896
052505ca8210e5e651fc0b63,908274279.2268442
5731cdf8cac0b8371d786c90,1011194610.4311652
594d8d78af90086bf8cdf09c,813697632.9025629
fcaddcc78938f3a234dd2d3f,481362663.4299518
1574958978c9b5d23d9521b5,775148096.8277853
55902baa0ece72e2e8c869d6,1150637384.7721868
46161effff173111bb6c3a32,992001955.4692237
b3fcd9cbfd485e4e1da6c89c,793972251.69944
213ddc1761cd6b018349786a,921400722.7354238
be3b1df5f008636e14bec3fe,1096044959.06045
dd27922be5b6f730f8b4e058,334489174.8033561
cd2aeb1b2649ef421102def7,737157210.8591708
a226b4af016a772dc7e39ac8,568579044.869242
dcef5b332fd31d0ed8d754f3,675010927.9565436
481492907baba4574d4a6f35,1071445112.0618742
10e5e54ab66b58b3f41ec381,1102898227.543632
d48866a153ea0fd23a858cd6,566243150.3871562
d273a2075d28e343a657d9de,1105986768.5498452
90a711f776d53cf654614649,1027597190.7718198
f87c76eb5071c5b309e3ac3a,486367025.11181355
74df03749e60c216a3e1292f,407780813.9021913
03a84af05df0f577e09d60c1,583952071.4541761
78682041182f01ee4db04e8e,1457381655.3719106
25c76b5a1da0c2d8158b3732,729908981.8652409
af8f09175265e1546200ff86,540838244.0212743
c8d4ffb290aa9cea002e8d67,415521146.3791054
cb89ad8156c3428ac80a4db3,595348381.020067
7602cb1e6fef087d8ee81aac,944225407.4151458
00c75d59ed4777481a50cbd3,772565215.6446103
fd36cffb856c2a14982a5fa9,694652508.7946581
06ccfa37fa6b011ac38422de,543788067.4890386
257b533b6a66b40d0f097c55,684229998.2097011
736eef4bb36681acbcc3c41b,586675660.7652013
e1a4437b17f7bec650d8cd97,945120014.143023
ecabfcb8ce9bb47ec3089c7e,945120014.143023
a5a46af0c9fb5c0a03855660,615342309.0979234
920b50f4355cd2674ceee068,754038227.0626197
410e5af026805ec8088f2e71,738281333.3159697
efa0c01632d13ab59f629ab1,524189238.57694364
5965d19a68a8414b0419bc68,619181815.5945582
64955a117f2d9264eb59fa82,849987634.4410843
8cd46b5c9cbd056d3712f155,703551461.2894593
65f736c3fee3d14c31a57d1f,663375448.1089122
66e9c614882d58c022de7a2c,1011194610.4311652
8c787c1e6161b18601e6d7de,641965659.003597
29a115ba5b198689fce5f93b,447230599.64523226
de8ee990e70c8e5ad167dc89,897424496.1570075
0b65098a19c2fc1caa6577ed,1071445112.0618742
70ea0403b722a1dae1ff9b18,765397807.6279039
5c77e242474e477513b60ad8,625396574.6199435
1655a92b20740a11a5889519,621168920.3820553
1709b1446b20b21482dd2d36,840360696.9897944
e5dba7fa0cfb81488b0c331e,549550744.1526085
d09dc3a3270073e5f1cb353c,962543780.5706213
368e740cb71b9175fe5b7b6a,1245891251.921583
b8a8ad4c0215077d3e5aa472,879017526.0972185
1f4a78e094987ce29f054fb8,722539134.5727583
aae3a99ac764b8e9bfc562cf,1009352179.5997803
a63ecc5539e8725af4128cb5,1027471809.7908264
a29e18f37ded2e901181d7d2,788900300.6344478
14ead7469d05e5eacce6a575,798432730.4808716
1cbf39c44f6b0fdbf9554845,755699145.230949
9012294b64280c565a88a1d8,864513435.181708
dc0e9ce44b9932c6e48a9390,794014437.3867139
a4f272acb4b3b4f5fc72e99d,903745866.1204516
b0a7295da89516be1c44512e,1118859075.9484444
b638b937d4f62949b9eb9fce,720566725.5560827
cadd4a6e1075b57f7b74c63e,995279286.5922326
a88f4eeeeac5ccd1ba9b8a4e,985570034.9465126
29616bf14b5f1cd42786a91d,898401389.2271205
f03f97ca55e9a43928c18237,770659512.1118398
5fb9bd3aee2e1320dcbea448,538155657.0990155
34bcfc2f0cefad790922879e,639630559.1088039
8c9849cf3d20991e5126420b,867322618.8041296
ca7b9296080c9fc9fb232782,1212977989.0092204
63a5989d0dad994a6af7734c,645526068.2774725
7d25023ecf668945c87e0666,941612500.7462343
fde3d4a4a819b1fa40530238,810253839.404474
e3338ac993873aca45755dc8,900427013.2180142
bfeab1b12dd82efa96efac31,563623786.3352114
2d564574f0191164ff1d068b,527651094.3052073
5529d858e9c9e3e92ce8a95a,662478224.1464375
2755af908b841e9024718b3d,500507440.3057938
623df36ea9610ed5c58dbd8b,620648919.0952725
77924a3c7880310a4822e5a7,555921598.9998308
24fd0b7f75feda5db89a4127,502303313.23659223
c2b9a3b2747f32d26c8219fe,636457013.6877259
3c3c7861a9727bedf5e3cb29,802464950.6341625
822ba8fd3c7392bda84461a4,718003226.280975
4625168852b335b223a05bb3,873460223.0046748
b732ff1637ec53286e890865,666120256.5554374
706bddaf0b87e4f076247450,884488662.5938312
917218fe1425d2c222da1ed3,615011379.2513562
7ac0428c4b7197ca14f3b86a,686608927.9306943
e828e83be8651bc2e07641e2,656617600.3825381
4d069f925100b6cad0b657b8,581554816.956283
a50640d13126880a423521e8,956467414.6814181
45e92799de1a5334c3d2d72f,414550192.92303693
93ca9e75cbeaceee69b4f0e4,795582356.7131013
8fc4070ce12262679c381515,713825898.5812382
63182bbbd5f94cea67de2d8b,765833351.3310332
6e163c3a0e30e7bf1e909661,747332024.3593758
3cd016f68705e73b819cf74b,696180880.2806895
3da41d55a2b9f78c2b10c75d,680417253.7712972
0eb8f10c9d5ded1b09f60baf,689536451.2782923
330c37fb5065311564fd35a2,643958944.7486621
b849cef46f19e13d3fc9d5c5,692720756.7914274
7bc034984b19479f29886cc9,693348605.0150038
5cae4522fa829a1614739b64,1004366944.7870058
bf6bd06201e60a4c98c8623d,635434771.781223
549ebb2f616d50ca778e92cb,1174573750.6792068
448ad6cf4b43298a39c7b5e6,574695161.3341451
e9a37a1a4150461126dbb6e9,724508714.7877995
1d4c50978603ef41377af057,596547230.7679905
bb71a24bc5ea4051d84ecacd,1019826822.4330304
286ab2411118455780314355,684926104.1464629
045108344bf09b01b597e7ce,673488814.4510341
d714e15ab5c2d5a2503bffcb,910708053.6924545
60823c81f0b98e8a57192a9b,691003811.373549
dfa988a524343181a0d3ead5,696604933.1300431
fe8bcbd17b16ad023a202843,988689878.2779101
69fe76202cd89637a15de1d4,731423046.527765
e7cf67cbc08fa04be9f0a3d4,682751236.4538813
670583e7a2ec6e337429fbf9,1007080959.9584422
796935018bf2b241646a2dae,718139328.1317478
5f5856dd16c0e5131835e650,623888324.2758287
ea2e380226005bb55c724ce1,1046553543.9835364
f40defb11ff73ba4e3db7611,1120760112.3972976
a4b2dd2771f49951c027eef2,1049195328.0152127
a949ede7227c8f8587715029,740319972.992337
83f402857435d4fadb27fa36,718980886.1271225
36ab522893b5f01caea4cd0d,722913306.8968445
8e4875b7ecd0898571f0b1ae,640575624.0803561
7ef3f8bfd0368696369ac957,710218767.602361
73ec13a5687c542137eb9a41,575103609.4964998
6334eb4a37d102ee00c6e2a1,590769557.5716072
fab91f0b03598c943fa425dd,916739201.502037
c57c3c7edd591e16c0b7c1f6,917770127.1232646
03aea1b6ff072f117ec733af,669844093.4140255
91b57e8d6c41b7afe949bcba,573204446.048333
ebbc5fdad817b304af3585c4,563157100.7919204
0232a50c9afca03cbf4277c8,808380700.6337885
05b12b1916e51a804419c654,664699304.7867141
95c9cee9b36fd1d68f647aa5,855105847.318845
3d31144a77cb51647f3deb02,1017325034.7704276
ea87e3259c2b0d6263d39a2f,668148043.4117911
61f634438de4a10a861f42c0,927461008.7266151
c3ca43d0474dea2f2dfb9791,580385711.8647732
a13a3638569b89ddf1260470,557717496.9208968
124959d1429de095473bf5a0,974163133.2565619
4d85bbc09ae56cd85a8f87c6,911382899.3704689
2c13f29a8b9ac9b464e3a582,649845441.6354729
70215712bdd8ae7585520550,513671857.19124883
3352469ca509e8ca652fad1a,678989991.2840791
893caa7433c200e0d43e9f27,1056215830.4626756
767cb14f03c909c595c2a731,661396350.2830483
11433baf7716402e8c58bd33,972866562.7749307
e07ca567b0678126a1aec803,710562391.2188271
b2286067a73bc0049328b55b,625037861.709708
c85d56080167254c7bc19303,902872796.7041295
5b9ef8d6defdaf13dccc5ae9,565255108.5279284
f7972b1936c6d9e95d3f632b,546653610.6034073
defd03ae7d0c0a44baf80abd,757975141.6317227
6fffb7958a58a73b0e16f2b2,1002094244.8986697
5d86a1db39e324770ae58efa,422293129.84586596
c56163e390d9e5a7a76e77be,626578058.6361625
fd5ba2795eb7b5fe338d6b4e,863745349.7976576
24d6d85cd0e2dc3deb2db896,957569356.7805945
feea3a2bd9f643219de51c46,605821006.913931
055d7c66464d7e327711b497,1045583520.8872156
046aaa4162cd410e92b216d0,601805522.2271692
b6bf2760cfa26cb28fc989fa,700938426.813464
3a6262eed8967d695182e435,635679521.0534384
cf3665f24927de548639ee4d,650244990.8850322
4c243fc50d5511a1288bdc0f,673085513.3075155
d753227b5c685e93b378baea,674763038.8800465
149e49c22fa0eb163a36c932,1025047553.5313027
8baa01b8c6d29c82a6108cb8,658799706.1739548
2d437a09b860d9d46644ea23,396400752.2203192
66bd80fd26836fd426be5733,580373613.5314727
a30e69524af9c1bddbc5de34,618606102.7847656
fcc96840d952d32a7300366c,691175271.958823
659bccaa707b94f303610225,632422000.5052451
df1c66d8dfb9520c6818a32b,575905732.0141563
dd1dacc0c90022e5b40849bf,567744279.1914537
1a06bfdfaa9d9ac754ad07bb,549305097.4386444
a0ecc8ce0592a40959bd755f,638622963.1645589
739c2b9be0941e4c126d2f3a,991652855.8664929
d723eb2516802250027312b4,804108565.6802651
04cc75f46642efb1192f1875,613050308.7954472
9f37bcaa95fb0044aeef6075,589500643.597799
7be8abb5d23794ac47ceda32,575740244.6749146
c06c737cc0cef7fafa3fc4c5,576632221.702785
48e71c45f41778f8dca24cf5,616494751.8517092
b41f7c1cb9cfbd188f8e0233,1024849683.3621029
32ce96d8adc8e549b90b4a8b,1042053556.7189739
c6bb4ca5a0c839d38dd8ce19,1172950015.8105903
1d91edf33a141fa2181abc4b,682842461.9112005
aba4e24dcc6998e5020731c8,1042053556.7189739
00af33cff3ff7c6927306df4,579190676.2648507
6d2328def08bae481705e20c,706192151.4479675
7815163b8e4a54843d121dc1,718777766.6169914
c9f92088dbdc0d81412968dd,775730565.4102948
8e1bd01ce4b7910d42f59be4,731853435.9513015
5fd89a857727753eae6632f3,671709334.764437
332e395d4ce62523a2e3208e,404079939.69272566
4fc89ee51cb0e1b9d6459819,917172273.7687224
2571fe181b6ab939eac19d2d,735031471.0938188
af98a0e223a825cbab78ae49,562826923.6860178
ae187fea3c46c3fbee7e6e8f,924277352.7280737
c681519ec1ee1a28f6a3607b,988015295.8226372
bebcca3e75e747b5a01f5485,737441502.2739397
0842a0730545c623043b1d8e,1082813958.383038
973afa2d67c20297aa108bda,632181686.7158357
64a9f0bf04f1c890cc6e31eb,996299263.6434364
9e92b27f554068b7dfb640cd,673787767.4812846
57b7aff18c444fa3c577b079,697737447.6698521
6b23f191d2ccbebf9166926c,741234427.3040861
b80c961aeb98d24d968c71d3,1169625917.931538
064c1cd5e94efdf8c7262fec,645811239.0943618
723078b6cbdf02c88286c596,1089876749.2073846
e239ff5eaaebb287beaf76fa,995299334.7107147
b3b30d8b869eaad2382c5447,1190761800.9360185
3f295e6c14e23cff1468bf82,797501131.4467498
be78bb0e06d5768ac1908247,531789581.0500146
4daf52564456895ca7f4429c,513697142.9741337
c832701653f1e7f01913660f,896104307.0678694
82433a009defc21498037127,761845159.1184154
b53d3d578b1d7d9e00c8a00d,699739429.4596313
36fab4c38cdd91de650e6abd,936738394.0953418
bed932e11a599f7cd4bfa31a,791171279.0403385
1d9addd835c9fe8665e01500,658130334.3921276
d8216aa4e029c0d3d646efbc,865619346.6444664
c1b0ddd3c104ec4482d5025b,540155105.143164
bd0f754b0fd9b7af284419b2,1115382228.2664945
01e907d7672006fa2bba8b0f,851495639.9895502
7ad046b20064565644ebfaca,613162621.8216046
1ac2b23683ba89e9175d1b99,649193159.3456075
ab4c55e78eb83d80c153f50e,569370591.8712001
2ad54bda875fcf8c6b675bf5,619666576.3398142
07e76c765d1137cdd7c2ff53,528522355.9986368
5531b9663c5a37a2bdd97e9a,1139980094.0497704
c740655aea4eab7066446c42,569932788.8502848
3b6c37e7e6ff1c03ee4fe995,1159833302.3043606
1b5d3ddc71634099fa1f04a8,755463597.0594759
1ad916edbe6fd38f40289a04,585069805.5904832
a1368aa4d3ae850bbfd90bca,1301471006.0712466
0f728f676325ece6a001b4d5,593458911.8952417
0f98c4e431100aa87e6fa6af,695378403.9197352
91a08474a18644c43224c62b,641613187.3175223
185dd9366a6dd1e820880917,626380082.8002181
e364018f4d994cd15d4af374,970582052.3818568
77348acef84ef77f6a076268,703809219.788945
7f8f506137780f4cf12e73b6,618377736.9248555
809082a38e6fc3faa66845b9,906892837.0075794
2072a783a44474cd0dd10d7d,1006442564.4025401
b71905255273cbb0af1290a9,711715386.587868
c7d5f021595b58c507f47d3b,1117506830.588744
65ba1feafecd7efdcf214ed2,1010214918.5079731
72eb64cd02ad2a54b65083eb,1195002212.37584
35d79b2ac92083bc439124ac,667577852.8830756
2f7d36523df4a5eee3edbe05,963555091.4857321
b0d20a04106ebb87e2cdea37,1153805406.3503182
43650eb8b70dfa256ca64979,686424413.8229322
311fa1bf3c405f9bed13b38a,660490996.6969563
d12dc721a59af021e8ac68e5,660490996.6969563
36f9a0ea831710344f468bba,660490996.6969563
1eacbf36422a54f1327fa291,660490996.6969563
9567966987eb1d3117677cc5,577600443.2417308
e5bc85e227ed7dabfccbd005,660490996.6969563
d1f39f86c82916524273bada,524440041.0684427
deeb837c2c6bcbd01930431d,696078793.6843789
57aa22792684debb8d4079dc,670302797.0137429
5b0530f544da162b9a8ff772,594330438.1593186
b7d66c5f1ad06dfcae5b33ff,641965659.003597
bc353a421fc579770e432176,582143366.6971055
45ae1e929b0fc88718151191,566098861.5213184
b04449c499843cf46ccb695e,783688131.9502236
e4d89c9d33a0f2659df21185,610753650.9085652
b2a7a8ccbbec39b63e4cd028,513697142.9741337
3be69554b1cb31ed5732a836,640020788.8162215
de7f584df6103e8bf95f4a37,543073380.1521797
0f4de499e5bd2c57fcc75013,563950623.5374923
b4fd0aa09f993bbfb1fa8abf,640076490.8844798
88a83e58eaf136a82ab1fe37,597215716.4292388
379429ee3675d1adbf816cc5,631895580.3243542
c6084b85c8d95e0ededc25d1,1052747132.0974683
8eae4346936f8c6c67be81ba,565223788.9686427
a13fc9e9b4e47340a5d53bcb,841707935.0817345
7b8a4d701066372dfbdffbec,622683322.1335057
a62a6094ffed3ea7a54fee73,688117905.4252815
bf0ad098fbccd3548d834ff1,640076490.8844798
0a231779f131c36d8e6910f4,662662457.5648388
51ba7338f5900d8ef12206fe,837396828.1247957
81b14dbf863114fdddb38579,613040965.6547884
adaa406ec9ac311e9f9c0bbe,1050811957.0520446
4cb11f32806c0e07b4251984,465639886.53339374
3fee486268a1451a7b9fff7c,648394613.9421873
5666f3c36f0ce4eab2c39299,649323691.1359216
8a8dff62516671aee2250cb0,1002034838.8850485
ee4fc6a146e888e993a4412a,1007860453.4001926
5a16b30f4d580352710e92f1,963574127.8841417
424bb491c71e913e900db76f,763297888.9740208
100bdfc998bbde3d00548bdb,1097899351.3659945
d793efed9a723e77ca8272f8,1132279279.7578404
725c029b7c5807a4b0ba2bc9,639630559.1088039
b6d3345346f43dba053ceccc,981110714.603929
888bc3c4ceaa108e048ad28d,1100741850.6760123
267e000c89d3416e551462c2,986768674.6030385
0ab4a4b8adda35f634812221,1024849683.3621029
823ed628bddea9b56792d108,630126516.1818805
a189bd7e4eecdd18ebc7d353,1130388949.5341547
da16828139a19aa11bd94ffe,903745866.1204516
874102a58234cc7888902d42,707222061.4884742
789e5d19fa507823cc4c5296,675194189.359249
174bcb77be3b7e408e61d7e1,931562841.4964392
31a1492e589f317a58a79df7,653788650.2001126
0825f2ca4baf5b34231ecfd2,1093461695.4246545
ebc96ea800887a647422b8fe,1067680800.4972914
969b956eb7769b6f509d3ee6,933505656.729931
6ef9135481d8fc882a1a735f,789881277.6199175
5f501c4532ade3f412359a1c,592307688.9609209
c6d075772255b1efa52317ac,1038342508.9471098
535bdffc5b79d62aa6179c48,1218401183.181954
e95653d504208e8da19fdd03,903745866.1204516
e4e529e778dbc89f854252f1,679343472.7728796
ec5866fcdb9afffad2d7f5c6,1105743677.957492
814694a725a50c306d774342,1014549529.015643
1cd6531d8539468cd5f4b315,1057196316.4217756
0c3e734afaa6b7c370754082,963574127.8841417
f80eace37237614562f942aa,648371032.606172
3aee70815bcf6effcf0e5fdf,639630559.1088039
ea21ddfa37d60737492509cf,643259651.1787053
67c78ce1b8a64f36ddf90cf6,990372789.8194634
fd2efcb61008dc9d11756381,1378694737.2063375
f51658b9fea670bd943d6db7,831552690.1244195
b83b0a53ead29faf9dffc0fe,1137606567.3482757
c1329245f57c5d9019105382,890655352.8476696
98665b825fb3a06b914d39cf,1252361551.9983802
24e90a7d9a2bd0c30a4f661e,765402096.9170692
6e64677f8d730e1f9ca240d2,720670403.8774811
a742819d8e4cf8fdfda6e094,1233691222.3288698
ed75d1c40109eeb51fd636f1,727311803.6772738
cfc2ab56604b4e3734d7cbbe,840360696.9897944
ed5622c308bfd10602e939ca,966667101.7740889
5f537d233678443192d22642,1158196143.279932
aaa79ce67339dc53b4f41dd2,1148060151.534495
5f467c6c80023b0174823d85,786368180.8536159
46fcc0d53b263beae95b8eb9,1170029582.164021
2bd47c19e5d29a3157fb8465,1443978665.1168013
9c9c2f05352c92c02d080e96,1381893364.1514738
cf8fb8db6f74c236cad0cfcd,1417354879.7058468
f42a53a05dc90e617e0e4c38,386828480.3327128
bd612d494e2f21051556ebe7,994719750.1526079
ed1c8ac25a3db5120c92525f,567202730.9668756
2c30c2736472590fe45277c3,642690126.4686645
bbe2c06e6f90c4234a7781ab,633093821.3220131
b527813993b7bf4a10c05683,864123662.5608063
2f610d2242d583654337d468,1681102053.0046039
dc25c9240c67effcf655b02d,667382796.0363495
c35f5ef73168d03cba1b1f4f,522570478.671071
e88009be52bf5803ba3665d3,640871555.650767
12a63d4fcb56c1d690e1bbb1,844058651.6309456
1d58ad85a82f7731e0f198dc,1365312492.0042188
a2fdc7da13d098cfeba13b76,521646136.80187815
1969ba34b72e61337246cb5b,431959234.79902744
8be43cd8653accbb8fe8a270,720451566.5990276
10092cf2f8afb3658ae475ac,603407937.7088053
0fd313e5a0f02df07eb6b104,406673469.7213725
9b5f013e795f5fa610d03238,630622699.9720132
b1ec4b8badc955f9f4fe2131,561125584.4978116
e491adef93281c097ab08dea,535164021.4886181
9a65fe451b30c59beb3d62ef,882621453.0960013
0d3245463127143a8a52014b,1039840165.4056754
a0e3198470f97f6a169044b3,1001926261.688594
33e4901b6e72593513a02207,614616441.6839083
f45234a3f0aceb12341be024,726500349.9760491
a71d53ec4fd0d64f8c06da2c,976083752.5125636
f1b30c4ea99f19a81d12f73b,1557418595.0025487
a52e2c893f85b49e2499cbab,777184223.9816897
b2fd7ee866066f3ae0dfb3c0,915425619.0958551
5acc9d767e3117bed0fd8464,765397807.6279039
0449a82dd1667c8c564904f8,799429834.4270126
a0a8d63b5f43b87c0c7e1fb1,843058896.7622241
03de77e22e987fc3fed4eb78,718271574.9468721
3fed1dd17fcfbd2b86e73143,531789581.0500146
04fe204d03bd1c9876242ccd,1108720671.4734592
32bdf33933c29b1cbf89539c,653788650.2001126
3f6c05c97778fbdc86304bf4,1045368650.0282208
478e13e8c1cb5bc80f1080e0,703551461.2894593
3128a4896665d38feb72b456,765397807.6279039
fba6203abad5f4b3b721f29e,602130461.259385
b25f461b3d48d833a73316a9,1148060151.534495
1282e129e1a355b161621dd8,777007481.4396766
293320b55fad21ea3f4a5899,321687100.52325845
de2f5db1cd1024a9734871c3,375555140.4475442
200897b1f8bcd7c116a85306,412083725.8747842
7023f5a68e1ce9cfd23fd021,455080475.89200145
13faa4142e9d60412abb4184,415819485.2388403
d74d0241fe5222f5c5b67222,862980401.17763
0e51111c47813a0b0dd51b64,636682525.8999048
25e3793214088669aaaa4ca5,1041647421.4759418
43d7b77a99e86e8bd21a19ff,1097200491.0281956
38b87cf007043b76670207d8,1334218642.880966
8fedbf13ebb7cd3475fa3074,1312089200.4208026
4be510fa977b93e34a789f26,631895580.3243542
8f165174bc07c28f9fddeee3,1258814345.8272066
7ff6f389e364e67c4238df8a,553685501.0340298
2c91099736f3158f7f09778f,508521504.45609695
7bb1bc81e6eb3b4390440165,704869943.2892405
74e43ea3081841278c76cda6,599549628.6879141
9b948f070b94c18e00a857a7,639272790.8701419
99340b6cf8f818392d501e9e,1303523224.745844
b27088c3ccd93e7d8d5571c2,812468641.2451415
4b45cba0d601f29c2b7db97a,658519641.965752
362212de783981c9ddb767bb,525511807.66284084
5aa78a2bc8ec5e2be315fbcc,1294536242.825397
92fecc04105a999a622ba3cd,570024619.1167035
5098115b26f2473c812b70ed,740251930.8584129
e9860f6b4c3e6699e62f6c31,670617106.1100293
71273ae563da6bbc66aa87af,625029598.7057849
6c6e7af42a6ddf62b04c35fe,517944637.3122543
484922bbe02cb218ced0e779,452010156.77656585
76745c2648b66151008f6399,714416116.8057121
2100201e0851e80488371b67,515497648.79810685
5885faa4aac834118c5e4351,1093305352.88728
f340405bd7f2c4bf524c50d9,1124412040.0070074
1951c1c8855fed5db8031e5c,1049306400.5076959
7dd96ddad0fa88f5c5978e39,1040268169.2513446
db7535339826028d0fb3355a,601856256.2592263
4317746d5b88142780e6897c,1133000446.8187253
5796e37eb1a995db5cc06eea,552957745.0406841
817915cc3582112fb5541a49,1175204438.562144
ba524c4e2f13109ce814ea38,1007142424.6401299
c2439ab65fe194d1d60eaa07,1240755618.5068135
92e4dcc5911b42e7f70311d7,669532465.3262188
6bf86a580c8b510b7447071a,973735220.5141435
975482a692bb98df98b2f243,588399637.354152
336888717766096b24215b26,1032617444.3983788
ad79f4fa23a28cc84487517a,1171443526.3479698
d925c1d4dcb68990c7204b33,1181977506.0722258
f4658aee77fa0e35a71da7f1,692381147.6275979
210d58091ea74bb902915250,660997878.0810746
186d4731b3af01bbe4d08b23,666123690.8268585
b760fde2d4df27a168ce0e80,1229761345.327577
2e653d2567a47067df169d97,1024382607.8673548
8b63358f3cdf8df0eb1f43e2,969637720.7311505
c09d691e4c7d7b8c8f6a8370,1204707501.4173665
4502e2809bb5bd47b2781212,960140118.261903
d03101c7f823dd7d17e49a83,869271355.3262042
f5dbd7dcf63b08f711561e58,1042087010.104041
9855712ed7be7e865656de13,623758003.7594643
5a6397b85f45fba27dd9311f,760416072.7556554
4d1b0315b5aaf21bac150d96,1047932543.7062402
32c7a2d032ee21f8bbc6eccf,825133490.9792014
beae197df95b84881128790d,1012634451.344678
0cf7a6d43221664a060ef681,649491892.7645268
c431fd6dbad57351a497fae8,564648904.8029974
b1f8fdc8e3e25517ab80c065,565149863.537058
7b346d5a5f5ec7165d1f8644,560519918.2148869
947ba86487536d611f548142,1364391098.577957
8398ba3b03595704b5897704,525868283.04081553
3f895518a7fccca44e534578,535164021.4886181
232e859fc353dbff75c97cf8,726500349.9760491
b234ef225690d57e7c2af4c0,1001926261.688594
393e2e7ea1f20eb6b4148d60,632501207.9897711
668db5244c4d5b5c76b0b395,817710076.8648022
646de9441934226c2ffeff77,765397807.6279039
de53880a3299626eb6c2cdf9,1557418595.0025487
07f10df13b244dc33b464582,707701783.81111
e4aa393309860fd5e30f49d9,1681102053.0046039
8c714badfcdef8ccc73df9cb,1683098428.6952305
0f8ded86be8d3543a5069b6f,1012146471.7080595
3e9d73530ff24d3f4a543091,783556416.7193277
076ceb408227ab2563a663d0,509823756.760438
e0ae474a5307ef4057da4994,469168943.1522993
d41fc79d800458b1691bbb87,1122160530.866177
dc8262e1493ed593103acfa6,657795278.2981805
bd6c24498bf413b6c5adf81a,701363451.8398881
885c77c839d705ca7d04d383,762709311.889525
b8896656cf6f5dd7c33ae46c,632647528.6163772
34a9e3ca94ac06347d879942,1050858983.1299723
ca3b5cd3505049f1471c47e8,617391843.8799412
8c05c66be6008af7f6dcc10b,1165160581.402331
565fb93190cd34ac8b01f01b,1165160581.402331
6c8119e00b901efd2dd40f0b,996764788.2554696
34c92caf68dd0cec9fc383ef,1301395336.7314575
68939c438c34e79a317a4f3b,1200076870.2439
dfaba547699e319462abfd6d,698987130.544669
dd1d2e305d37d9dde55393b0,1089975670.5870414
c32df77def9978a84f8ba7f1,777184223.9816897
62103a85a8ddcfbf5e40e284,1039840165.4056754
93bcdd2a8ee1d5b61d00d58a,817710076.8648022
9700892d7133ff2c0d1763e7,1245891251.921583
fca6d7455056792cd61e2ddf,480525242.5836352
4e84c5953b493be7ca96103a,649652513.1600219
42fc4101da60fdb41f41f0a4,1183571866.3415163
12d40725335f83e2fb9b937a,626659724.3920952
2b9681901b216f2174af0089,691712447.5936834
9ab74e81283becc00a779172,421185472.4450305
8f378dc1215f9213f187c02c,563063360.8443568
4a3a6698b5490216e8f8e6f5,1993221245.0171196
0dd795526c080e8efdf8eb0e,807113159.5051911
3e7217f628a1d0fc9bc47071,1057196316.4217756
157195fb2358bf2d5051c439,676166500.988189
37063e689732880621e4e733,1295789692.3698964
3bc68bc2d6a2b81f9e3b9a50,1168461445.9377794
ce21f368495d385fbd98de73,626011182.8156418
1a6af7fd6a5b0602052c4c27,717317987.0116663
e38259adbfd953bf085a69b6,762750767.9323453
0cb6801c9b57e874102ca349,685098034.2614534
79f1a5bc0be914956d632658,683653258.4389007
f571f85be35a72b2ac358d27,783248061.108364
163bec92a997aa8263f5a909,907278684.5787367
9ce3000cd80aeec2c5188e8e,508964045.1245273
6a6178c4cae2e92a08b0dd0d,640871555.650767
d52cd6eee468311666218625,588801165.3108516
8eccd2a6352c33d8c7abcea7,1054042477.9040259
53d3e32b1dc782308e352a33,1205972219.2592707
be26f0523e5cb13846539384,710194022.0291834
ad7739088e8febc68abb42e5,968794153.4289075
add4f9dd26fa34829aa25eaf,851305684.2513993
17005d6ec889a947397ab980,358793184.4494739
3fb3a581a9a74146dcf9b71f,621884719.6560925
51c4a8b438bb0d97f712af31,680287006.055492
0aa1332c56bf357f492da2c0,422480031.63554406
6cc06c89c226a062fc46795a,441296643.0180462
682b38de3539b2a584446922,377184845.2545527
1cfe9cba4c2015e7b58f05a0,666192323.1575664
17d34f9cb105ca5010191142,1018000950.9679844
1fc0faf46f3b533f2cae2c06,1107135004.568618
12f9e1f78c630defe302f781,819219570.8737243
87bd6ee6f17d2bd5b61b0ddf,1230297853.4106061
fd4ce3ddaf79d1b97043ce0b,1457381655.3719106
97aacb0847561f45a5540f21,669158379.1376188
a6dac56445613d70e49647e5,819742928.7647061
8b1acd29eb268fd684036180,666143948.1738472
656c13ca7a1974df58e1b826,1417354879.7058468
56f72c2d672b7bc3c264f7fd,769874038.2817086
3771c66b9ecd6db0b201d4c4,595873936.2672715
45e2395bee937c187e3486e2,943820845.1425219
7c6880b05c212c66b8961b71,689881735.9525524
e0ae8d2a51c771aef5f245e9,668060171.9302865
3573093e56e95a982a41879c,1046069551.0639437
0920b2df9df4f0e509a7efb5,558585074.9847428
43600371d44fbbc81f6b6fa3,415703154.0744409
2684f67bcc89c8a5b95e5592,750436071.6413298
ca463fbe3e5cacc152aa70a6,595873936.2672715
0935e87627068206f6d9c0c4,731470143.7611817
10afe23f1f58f96422c97934,408351118.6673427
f3c8cf1fbbd6cced1fba0930,530470751.605802
abfda926d174a8da1d946e27,797576967.3522699
fc9fb2f209a4b5e66f89712b,632501207.9897711
15d10635d71919d0c9663fde,616529787.8586129
79733fdf8881b0d25412abcd,1004488770.6584903
7254c91fc9b51e76c6fd2a99,1131349399.9485385
b732021729ecf88d6297b48c,879368125.1016117
edf4e11d1f1aa6f8080c3156,1119809897.8231418
0706ce398b2bd64913e68d39,700458963.3721758
ea4a797b3d73d1b2cba9d651,1269756394.1187127
6c598362e322971968739673,444221184.088596
130a119701171ed3c439c527,694430615.8183852
849c918d78991c57f32f2031,727513008.1064001
036fc9e01b2b1e3ef4574372,1053901708.6619846
e4ee1a81aa121aa5f55e20f3,851784062.1857135
de926223fe4296d96466c685,1206800213.7887707
340ae520163a220061bd7f28,711342327.9084287
11e36a3effeb0119b8bded5b,653788650.2001126
2492a7a74edb57f784f6361c,635926759.2752639
1900e7808046a5fe89d8e440,790032767.8430334
fba35c04cfb7b6db50cbb57b,1044654945.6158321
daff79365fd94d1d3a2bbbd3,580104976.5874796
51230c899cea0054bb74cc44,627967030.8020519
5e04875f99a5e4476c0b4186,745885787.1791432
542db19bc6b9a1366715dd7e,733333650.725082
a117f625c794b7d52ec67cd4,936184314.0533856
4c59acda820b7b75823fa277,593740585.757915
f040a167241599987e7b0967,599427859.4510114
4a016eba4744dd01954f137f,329909139.00304615
0d995f0ad226dd21bc96ff6b,627079324.6136111
3d44c742b1aa4c022a968ea2,380106416.3059809
e47aa2541fb576b9915fd625,575928408.1773113
61fe9ea90c8a777971db8384,786501296.6150848
4a611bd82c9216a3771ca7b6,1058424867.9797775
0cc5caa9b48a835c92da7653,839386919.8503957
9a7f24ba55c92696d377bcb8,983814601.1429597
32366fe92222b329e3d03b29,806042470.5329531
aa26461420614755c2a52db2,464489078.9937203
53a447ad5e011909080c0ecb,1681102053.0046039
9d790c8c474c9de2afeb00a2,546153119.5695254
dbf200ef5f1e15211e2fc6d3,733928321.6025786
b96c9e2591a4cdf9c4e0c09d,722677087.5780314
78eb6f51d94a61a967da24f4,1009297508.0240619
fb338e93dda9159476b8382c,368839031.79128945
72536bfda19f78d370d95f26,1125272996.4075775
7c581e2b9daf20131803eed3,715449890.4062061
50cb0ad562ab5ef4e06f84ed,644392914.7404972
a24901956dac4ee0e4b0c91f,835579468.976734
c1b386f478152f9be1f546ea,621556418.7810606
1f34129d15f992a3b62d4b21,323625558.3923803
299117d35bcdd48afa4c2eb0,851902752.2064092
4ff6c53c0bcfd1d24bac7ad5,464489078.9937203
2e52008bd11000eb776bd80a,1687394251.7173212
56b78bb57b2d1f064c47891f,968767062.6296988
ef64a8989a6444cc529dd1cb,720140316.8975822
078f7c6532204fe046b13d14,752070184.0707531
28c0649dd8b294574a876e95,1082885637.6435175
6b9b9d28723c7ad176a9306e,780252725.3905089
a640228932682c0c04538ac3,792266813.9668541
b19efe9cbc26d61daff5ae90,547177276.2280904
dc69d70e4d2713fcdfd93dd9,633157408.293949
358e85ba765ddde3ac31be33,406673469.7213725
5e6b2661bb7ba0ce4776d483,469168943.1522993
0b6dcb5c1952dcea931e2c20,638697281.8757156
cde84d2435eb1d0d4ffe2a43,632501207.9897711
bac550d41b2cbdc6a110ec7c,717225735.5349817
78fbb49efe7dc0d8e144ad83,1012459090.8967541
606affed5c707249158c4b49,924817309.9863356
d44778d36fc789f8b8c745b4,888785238.0050504
27ee3504d1df34ee8ae5dbb2,713911838.8355262
60bae7a45a084f117eda823d,759269671.22783
98aee6a36f208227a992f9b6,1602561289.861029
388a6dbda422f886e503e685,1681102053.0046039
2869a2d2689af65497775b1a,1345028856.31857
19993833220392781bc15279,1544849964.081254
f0efda3f7fb18af1b44d6aa5,1039840165.4056754
cb915d1ef92dff803c5cceae,1486893943.5008888
4bf02d040efe5358d4a5940a,1112076283.4838722
1382140d8fb634851d4d210e,1397507522.2602863
b8ea07763f2e1a3d635eb23c,420426353.59701467
8ec00d454698c119085cbee7,716660281.7965994
30d5185ca2ac2fcda2bcb79c,608251843.5624204
d0ea7bcd8cef8588ca50c778,825848730.31883955
fe6c19c6f54606a611d412c8,366586151.7315511
f22ae3d17c92427f5227cbf7,453924777.1777559
92b3b7d8dac6b2f6d5fcfd9a,890038978.1435317
8c44d216517f5c59e2611aac,509508530.3916239
b85fa4bc59149a7a25447537,476100170.8202614
99f10097f39b32a478877340,614147522.2065197
44f8d5ab70828e06198579f3,1165160581.402331
1f674965c913f9fe282d07cd,387704855.8736844
60e768892afb284b0e5042bb,805595480.9880868
8a6d013451e46411d35c2b6a,815547289.5266569
6f953b9964d60f6a74c81226,518161280.2487772
05076b448cfbf9dede72904a,970874595.964113
47051c25acf866250b5d3ec4,836432851.5000582
0952c73b02dd5432aebdf2c1,491398943.8436868
cc3ef2f4fd5568aea96c257e,708906976.8168641
834fe4a1e9e4efeefb5aba08,571236456.1917684
104cd052884247b14d697673,615653903.2530243
8bf61f106e60d6be03799de7,1018860533.2358836
c13e387f56342f88c993f0a2,779440048.3018407
ae664789baac0c47d13c3c19,713618233.6119472
ecd1e3003c5d74a3c7cbdb11,695841668.5068487
561cf254aba002fdef8258ff,871795651.9414089
98799228c26c9e4899bed65e,652938959.0610149
03025756be203027ab75aaae,793402119.0501113
8997555e7bea06f7b90ce821,747818267.794308
e91a3f962129068a3a76d209,733544527.3074968
4bd0a354d75759510ab6bb46,725386055.1377163
f6c1705a83c039f7a7d46255,688465232.8959332
0c4afcff5f5a90cb79807682,697135694.3904908
d3222a7545e302bf10894658,933368533.8611796
03463535ae93b8b123eaba8b,960589900.3481268
360e5cc9ee1282e5a6ea17dc,680069602.6083723
07f24808e42c9e11a7c20232,1001604460.2117348
b80d0456fba49a40fd774e5d,1047516407.4139694
f865411c20924c43a080794a,966306961.8882028
c578eb2dffe903475aecbffa,578086887.8406605
d639498fabe1db1236656593,628912780.3345948
e6e3bcae6ba114caf108049f,639927916.4634523
7dd9760286606c45e6a15926,637763343.6791431
2c5f07a9402cc93f4c683759,699564714.4366496
e3295e732bcf306a2d338387,544263260.9276122
240ccc45a242f80f817b04d9,953371917.5814892
a7ff59863f8719590146e71c,672265642.6363839
e6477c2014ad081d22f12b9d,524596327.1205433
807687fdb46614d9aa139b20,549646447.9041718
317d8f9d18599b346639a4d1,616130504.6847616
b85acd44e18ab485d3ac543e,410712054.2403444
e61476e47d7e7be706d23fee,729974649.618425
270a97e07eec2be02cd89a86,751486225.4768025
4c9dc4494a3428435457f575,390004646.8808745
26e58d0b13e7f7f5a54585d2,1007863817.974265
166e1e60acca831bfad07736,1047295756.5245987
aa25d9f8737f142b8cfa970b,725266789.3388648
44cdcca08e1e66a1496fac6a,681708588.7930439
d75b7730e8c291ed41d7caf1,1040318274.7221466
6d1534800bf0ce97197efb6f,711916823.6845187
8b13054b3318289aac1f13db,393250228.94738936
c6cb6ccd3f5876c9b9e29685,539976642.2918164
0356797c1683d002bcd94899,1129422205.5482323
558cb38bcb8de04588bdfa30,640745359.9416728
0685f2225b939147c8482e6f,323850667.9311995
cf1ba56710023ede80a8381e,1171585354.1304228
2d4bd56e71f90e6fb387a2b4,1725802967.5537672
b96b8e1d636f0c10c63e5c6e,670096360.8634837
534be635a841fe21c7a702f2,719387171.8692014
dd5b4eb5d20b8b9c813ba52b,771375854.9209077
46941e09b153ec19f86c0c2a,1382511776.171369
9f06ad3793ede2ba7f39de43,996759855.5722898
b3df8c66475021fc04f107a6,905687989.0542406
468df200fa490e667bfaa31d,824016588.85466
8130ab67c5e0d96a9a67fb12,648878216.9216942
f7ea437311c0d217b0d572b2,585879428.0270749
ca0b59b35225b44447967ef8,405015699.0340587
90961073d9887bc1023315a0,393767246.14345825
a1421c30fb33a249bcd54394,388845548.3365112
c87d9677bed80b0fe06308b7,314192249.3979934
d331a4d58875a393080fdc48,381381833.5333209
2f3281ef06475d2114fbf9a7,483830612.5182864
487ede1f7f155194b69c531a,531135798.9852982
04308f869d7c992ed3ea646a,606058863.1077323
912471caea3c71e3f9f70877,551802161.8346684
1baabd705f72393167dba5c8,671307088.819781
aa4c66791884ea2a8357924a,603130945.2826576
1ce08c19161bd0545eef8a16,594330438.1593186
01eb0a2c1033c30830161321,910198007.260941
b2759de47d28e8cc05c94e36,613373718.3128241
bcdea05b890394a10d24601c,571678549.5205269
db9f66f68aa772fe29e37edc,615407350.514061
bd094081331ab259b1076261,617467401.869757
81e7c8c1894e0c3a9315ff27,435922062.69509757
7cc9cdd32c209a62908a18ad,552578253.1925907
1e18024ab7d931bc7ab5873f,718879014.2312266
baa146a6537e8630180fdd35,830881737.8326946
8b788f742021f2438ffbf528,353578669.67624384
66d41314804d77ea0f440695,832415479.5316273
72dec1e6e65f6117e10a2473,549044446.5254556
4066da904062a0041a809b02,609236167.1683916
b7570bfc5ddc7caaf610908d,552578253.1925907
f6c6eb3fac9658c4951c4222,599447059.0498155
5fe25ab9cf4ea071cd6287dd,552576666.8699801
0ef36d33e6c378c946b8a65e,598461640.0765326
991a94dd1e99de493672da14,598461640.0765326
798d87a368f073efafead25b,598461640.0765326
9e8cbeb53820394a460f0879,589665446.6519576
7b5582907bf47bb9e873a513,620520892.9570724
0f21ea53a480e4363b8d7aa9,1040899212.4356363
ee667413d1cc49427ad448f9,591708259.9194524
12bb70a95996dc6e286086ed,583187909.8978347
9e9e3655ffa5921889cd8ae1,1204032358.4998004
f2bfe55b6188070fc5c3f59e,745509105.9680372
1f00fb18ad48b32c666fd319,612012260.4317448
86f15ce6ea8e97837e6b9383,893685851.8956758
7002d00c9acf8b8a4a5865b6,1258313841.1777785
3e85deb0237521f1a7a8fa84,765402096.9170692
1bf77cd1c4037f4d2ed28036,892279511.0590065
ce8e1e2e4a79fa55a8547457,1352381095.2428749
73a8efbc036911954c07b91c,840360696.9897944
9a2051367d6dcbd90a4d60e0,733947430.5755682
3804d5b313b742228ef0f1d8,1137606567.3482757
fd7b741b96080ca5b964cac4,894571127.9655428
c4cf9ab3776289a412684892,664290570.3432243
1c51566c7dedd4a46503131d,966909351.5161123
62259b400be228a30a655a59,1465779632.081637
e5092b4a94f1c231a0c47680,1443978665.1168013
6f435cb10e5728ef45be9f29,1253343373.7184908
04a071d777e60627223e28d4,398012246.6312481
1117078fa37ed101e9120923,812860062.0106485
d56fda10944b088d9cbe1162,393767246.14345825
e01c49250329331a442615d6,456378765.48293555
30ab0bbf876dfa515b266c9f,481932292.82321817
6aaefcb58913bb3f49954b2d,1081397077.5694196
629a6122db92e378f0eab96e,768725017.3061321
a8549fa4bb56a2bcc0e15b11,314793916.76544666
34291b30d129222905ffdaba,640020788.8162215
cd5658fc146ae4b5d78fb565,567928740.4119596
ce14bec246191176c16c4e27,848940518.7787472
46529f0455fd35b2f4a489d0,564202465.6643202
52b3823c59546a6ff3de4d09,371870834.37669647
959b7ea50d93bf1c36e35005,895512980.3596681
5c6edbdf110bca5a66a51585,314793916.76544666
d4f6cc3cc6e923cd37d0fbb7,402789087.5277433
2865962bdff8929888a51341,1002034838.8850485
105bcd15e02d39f70ec2ecb7,557987591.0885429
b2357bf117ecb5b9082871ca,371870834.37669647
273cb73a7bdec0d291e845f1,393767246.14345825
1f4cd62152d4940990ac6a9d,414097365.92861784
a13ff325f90eb49363f59052,788943731.5002056
40871d7ade3e592560d0b3e3,631895580.3243542
ad2081cd75928b8f5e506944,1169187785.258796
1508ebe40f90f90a68f6dd69,393767246.14345825
d3cda82d1fa53a7ca1b46a33,894077564.8699708
dc20d46be2470d85ad9e7e45,757720187.828419
0a7fb26822c2ca556f62a257,567928740.4119596
40a1cefb3cbb7e2972e30d97,464283637.9399801
4c3a2b3e3d5999f747ae0d53,784312381.8388224
a8870552db951bc4e76e7f9a,521754340.12321407
cc48e66185c23195cf958612,694932810.2694579
09d4b5b5c2f97ff88215708d,766998643.7503321
a59320023948e2d915c07306,558383386.901226
a74214a0d4d40b898ee2be88,504864216.43631613
dd9f28d722d43112651786e6,799644174.6994597
275360e29bf3309e09ec41d9,455987804.92208624
1e21ee2ab4ef88194cc85166,710218767.602361
268c1e17bc17dd646d1885cb,531104074.90913236
33e22ea4154e8f71062dba8b,628831482.6454171
5b5db88fa09ecd8f4b9cef6a,762293428.8729935
c41dfc0b917edb6e6ef7b1c8,645241088.0543927
3ba6b07e752fa580f630eb8f,1206041236.8793523
fa6db64bd7cd8b0f1c0e2453,1196035551.3762293
2422ffac7337b402339dc550,1146363034.3098516
dd6d47e2626e2bf24f842f21,733448837.4643074
bb433dc1bd769d684d8b3352,1242478004.3978336
812ad0d57e4291da184bfae5,435922062.69509757
51a0a1a680770b625579e25b,1681102053.0046039
a91fd5b9b1a791a6af59b70d,792826432.7199417
094da6ca19427f1a943105f6,868704004.6981815
7af0a604d1901925aa179436,809017869.35482
890df90091e14d1c3a1b30e8,425290466.6798714
aac17b54a68bd216e2bd1d45,440025365.1334632
fce26c7fbf0bc93937ea5198,581400638.4976324
b4245f075bc41aa29b55d324,722996097.9523563
bb70d80b0c6ad3022160c8af,446023980.96121466
ac85c8f7605ceff58dcb55cb,352004177.71882844
520415ebcdd1a4059d18e2fc,686433201.281733
81547b223494084af3e15bf3,655934435.0172253
a0f1496a0b4a7cd8b850f010,869672834.3132622
436fd4dce2ff0f71232f4b6c,383360272.0076371
3923f0e655615aa6b52721b8,732763806.0751066
afe03b938be9cf14e98d4a0b,614310534.0028806
0f1c472b94feffc41f1caa44,625044930.5181594
5b76ae185e6b41243777cb4a,510701161.49863523
d70b133f81d6f1c9d93e2ed5,526512677.9464733
865459f5342a0102d255fa07,518833920.184959
fea5eb95dfad452d6786b042,356046833.16499037
415622d0f7adb1a9f7009a63,366492807.2613545
543edc342ad39b149501aaeb,422840261.94684917
89e1d01cb5bfdf567faca443,764024353.0685124
e86b99e5dac8ed0d8296e950,506586100.02968085
2c85b19f02bb3768c10d14fc,641482097.7211661
c17a3139c360750a6de5950a,562873314.7721037
cf76e6077d47a14abaf0cfb3,401266955.58471733
82ad4b3d5a215f17e745d77e,925742455.3560266
dbb4260c89524c78de7433be,540633922.0475742
5b312ebdf71ab7971f9fd2d6,555537600.1499261
b3413352f0280412f53562e0,401233442.53469676
28fc5f188c5e11717cdb4a98,425574615.4749569
c4d7a906b747428aabd368cf,644722227.2296792
a4dec2ce375ab5e4bffa5966,709626526.1024997
546d570784c7ab8746bba80e,627079324.6136111
cca9a08bc4a91f317b851f11,1196719876.3136044
bf43226ba66a3e2033d32fe0,744949277.610386
c2717194de73e1a1d8dce40f,363034114.5907513
acfc06021a7a81313d85f62b,464707608.0912179
2d531a26f8b1a8afa511e3dd,556787905.8246024
4a8acae29064919c68fc8600,594976630.2234417
691b030abfe1190802349715,395180887.4829199
a302ef23e1d0d6a273274cd0,472186435.7077397
a742f415d6c57e8493762c57,663403032.1031885
4672d1c9c3b04fcc87a0ae9b,994433509.0446085
371a0ee537001f7a9d58465a,690895403.1323946
ca5eecb01282d4a84017bd50,695070270.7774403
40eefaf8c26b8b4736308bf7,623272811.503637
a7ff08f7e09b19c1546453fa,673817202.3326393
07a6da2c9c4833ee4cbe8625,603846927.0544229
b2d32589626abfc81e44cf70,674227633.1742296
aeb68eb7eecc4aecd5529717,670468229.6801298
3c0b438c7a4fcbfaff9f678e,651854082.1930548
c37b357d57918c3a651a5760,662923967.5678651
b65c0544e9deed76615a3138,660818963.9609461
3a8b7b9048c82797fb01a8a1,658559956.6741651
7549cbd5c8003204c85ce1a5,770025568.0815189
21b4c1ad11bb1feac4d02308,972103290.9994619
b972611aaf1b68340de16545,707927271.3353559
eb3356f3856526dc140be7f4,658016325.56897
93ba409ab36d3e10eaae18c1,775880261.808244
5717732a654405ba208c0f5f,903059738.2384846
aebb556fa6c9275a9b5c543c,1445277799.2464788
fc72e535900c592d6053b806,1015491635.3615581
04d77c8ade9a55fddd28b00c,630361643.5947099
028adaf559a05c8882893767,671075909.3011634
95781f187bd3fffa3d1b19f5,723325199.1413392
cc2c78d41e3fe29de0b4ec4c,987066545.2325418
f78886545677e19e472fd0c4,577384121.6858829
3dcdbb92628e6a200adf48e8,1946261587.6199322
4993d1487d78cd9ae2c23619,1207594549.4475138
a8a2c61f2b994411af5d9bde,1162449335.623803
57fd11f829e31e198326ac98,1192577417.911609
59b9a5730cc8a41bb7a1d16a,987482972.4899924
85b8a65f1b00f78e67622bfb,779450667.7741368
971c610e55f133a1d1e6c2b2,838283064.8488398
0f9867abe3ea0b9c5363982c,794543692.6260626
086521dbe18727963538aa7b,712995153.3794445
bda3c74ea6f73407a3c0a17e,653360455.9309204
257c765ac81bcf773473039b,362658515.8883694
80d2415c0460088d69574285,1393400279.853596
1554f8aa4c8fbe17e9e82d0e,710672574.3795534
00f6a62599f25ac506113149,667127845.8809011
ae26e4726c16cb2f6a6d3f2e,779934891.8002307
8018df1613094a9e4606c875,698594049.3464414
eae4a1cce7c039c644f01c6a,777388948.695928
b07cd6c30350efc5de211a8e,1883479363.5212634
5a2624a08494481388f6daff,1201334558.479785
b8eb177e22c63e84738e7788,670516578.5888679
ca02c904cf5eb96ad20705ca,581783736.5686728
8e6dfdcc28f830f2696de9cf,833136942.9957126
99fdac6a2ddb1136f7117f0a,534467522.0252409
22e9f1b4b5e887cb5f0dbfd1,476932639.5363449
d89f812c7edfeb3121bf639a,1005207164.161156
19957244dabc3f727733527d,527401160.85302407
ad1322132f3b533b4aced580,521540092.27686125
40c2ea5f89f5b77cc09d1455,797637772.7891041
140c4de69883df9f3fb3a538,354891654.05675477
5529091bcc05ba5cb2156b15,737462758.2607576
55c5e58ec636586755df3dee,627644387.5052906
6049fb02c166ec9b4471a7c6,704222975.8350716
758b4df32244a51b2271a891,630209154.4053829
2ed1ae5e6fa77e447af230fb,801841619.6959963
527a1c27e038e45d2d1fcd9f,560067407.556576
1d0c3ba50087cf01637de6c0,590233915.2396075
d0804da971548399183ecb85,1165160581.402331
46a7d0f520dd1e78c0cbce0f,1165160581.402331
57e5120d0b71ec6a67746a59,759000270.2440698
b5292c1e1683d40be46bc2de,860448294.4673781
01e9c7531cf3c63c04b9189f,637932858.2365348
06e91b526821a6ad1372fc44,403782322.2262013
34bca71dc9c74a2072f11e9f,994412497.0660009
22385ae2b3e7640e8c40411b,680457829.1378698
6e4adafdd872a2837921276f,407085411.8782558
8cd3031963c612efd0049f8d,616908325.8175315
43b2fb09efd1593a94b61b4c,638522336.6127948
74448f56811e9562536eff6d,796773566.2437546
44f0e088fee626993778e7fb,651714226.9101422
6e6f7fa167c0f617f50c86cb,990648370.2026591
83da5fb4c15e3daf727a3cc6,723722453.7300673
b45c8a6224ae2656b4189526,674906937.0836719
0d926a0b5ef567c627a7eb0a,1266224289.9028938
c73a1177d787a5ed72b8a9a7,932806989.4696345
75c1083db5c940e626c02f53,390366628.31969005
b925c9218f5132c6c81f3a18,389457077.1048536
9a091c59b3cb4c730372b34b,464878655.6721524
bcc704b2e178dd20497e073e,406673469.7213725
6f65de020f663622146b89aa,488351672.6936478
9f3680d00c86707fba024dac,837034378.5332772
18d5cc463455fdb4d443a6f2,554064540.9397126
f1d76d78f9266d9552bb86f2,652146788.3033874
74dbd25d407e51337f883659,998732928.7518922
88ff73eb829a6ec5bfcc0222,898114799.2547077
ed5559fbfaba86299e87ed89,652813357.92941
5d97aad3e83e26b551c3399a,836350705.0187303
2258ec00dec6a2b85f439135,836350705.0187303
6c94fd185169e708a08d3535,639465687.5123296
ddaa88a11432ca21d3eca774,537400059.6042392
2749b5cfd2728ebdf124a0a3,600354312.1125702
a7546a6c6194506dffd65360,1024372704.9479781
6de7bfc5e8149ebc40ec0e4b,661485490.0787433
6f83f14861e13af92a2b8cf9,550035761.9291289
d71d0c8357f09fe2f77bedde,682427745.37409
90b28f5125a0b8a0e3b10580,633093821.3220131
940e08f8fc66ac29f6d76687,766059600.1043288
41d2864e1f73e29f222c61e0,729648861.6838105
f7399e57df358ae7adc9e08f,710158394.5742283
1679719f26e7c650f24eee6d,864123662.5608063
0803ef3270948a30b3fee2f0,621073188.41463
4a3defc2b7d2cd751c9c970e,834970517.035117
8bd2490f83568ba653cb74f6,1151954654.778097
b4ffd0a2cdcadfb962578199,862663817.9965079
7e5064603267b61520d8f83b,506813106.69883007
88964e1202647db0519a8a00,809676561.7488809
f3d94d0616744b87ff139533,680792825.3003503
60704a08df293592e4cb5719,486768817.6645534
347d5081f7bd36c8edc1f352,1183351442.8326068
41d3afc1118758b5314db48e,709541653.063752
80a1dc97797c41b61f46ec6a,625668229.8715942
c0ff8812c1e8eeab07c698a1,583585152.2221568
a9a4a765b1daec2f3ed59a80,578339950.5120617
33258f995a375ca192ca4d3c,863297741.8704271
80b6c823bad5b4c0fff46657,940392256.7016493
719055eed27f361071cb9eca,1094347947.7462974
9a354d8c526efc5bcce59dca,632005667.2574158
9850d970fe9fd9bae89f09ad,1281642842.104214
f2c87b07466aad7328b7e0b0,606406560.5747906
27ca0c2320c520342717355d,481518259.9173329
e958bd2b19db118c31f893cd,481518259.9173329
46dcddfc78444011abd29870,887673050.1325191
061d3fd39da1b4b1397054c1,641568739.5910505
3d1a8884a9687e53e5fb0bb7,571642835.0569268
1c0236d4bc291372483a9151,628363541.3144344
c1420f278d45b85c56f415fa,733648982.2871735
ce6fc507df0105c68c29214c,413773379.506087
e4f26a73bad4e41c375dd897,883559851.6631554
719190aff81379902beb6497,834139032.1745709
da627dae6941b59d1eb98e35,684718276.013741
2189d3297ea703e50ec34d96,785014722.1721363
c7205874bee601a7b01a0cd3,979830633.685318
a22bc19d0d83b13a53630b7b,642098346.9024945
8acebaa9fd7e917d7e3b391b,968033878.4201006
4e104916ab915cf3c0bef846,689291864.1813959
b0df95e9fc94d9aeebc960df,638044112.9351393
ab419cd48b81038c5a30c721,557321940.1978359
5b9bae6f556700e099fedf08,1121762649.5375476
989360149d9cc6088391db4d,736715288.9112598
bad7560aac04600e1ec1a9ce,575624899.1269996
08d9f04bc4ebdc74e9d80b16,977958182.5827516
f4311c45516bafcfe8864c70,925301660.8380959
c84e1db639ee43ad83f930c3,968767062.6296988
f778fa43c92344cfbd700432,681142262.5277681
2019bd32dbd09fa285a388f7,818255760.9012814
4db834146c4e73b515d510ce,750653156.4187653
9f9f2548425519863e2cd6b6,579515658.8263379
6c3bb7e1696df587990161b1,596881980.852354
82f08aadf1eeaf2058b50592,735957780.6097128
753e74e4dbefeccf3e6b27fb,579204016.6424264
a26149f589edb9a903782a3f,722996289.4908612
bd264728a0464376e22b6bee,563950623.5374923
2d5564a502635dce2d46ef8e,772588013.34027
05bcc7d7db8d352216a4af59,649222638.7736994
4794d9994512f01a4bbb6c48,630292578.6715462
64a4528640fe492865ebc0dd,1087988729.887094
f655ec98cd42b0bf2d7cfbfe,938673150.5849543
b09de5f1e028d4fafeb8a22b,630126516.1818805
4c79f17573007a39bb2b4b7b,694736433.7345859
824894236c20b081af2c9868,778907403.0947833
107e76f0c913e19217662faf,884185460.4744446
d5e2bbb69ba3876b93af2d3c,1360882336.981138
a2905faba4c1177603e6cd5b,1097278008.3741996
d13e3d432783206eecb0e192,1202859305.2654397
6fecee4b1e5f50c0b27dbba4,1549741780.812529
57891292fbd530872cbe68b2,977665355.7919264
d0d6a1b5c60ad420ebf2ab8f,984886931.9687946
711736da4f0e8282fc8c9e69,1127445626.353138
f32a3b542efba398907ec912,605251498.2082549
299a94a02e887c6ab1de59c7,472814824.094145
ad844bdb1150508a4c6d57b8,1089667184.1493857
78c17e6ceb87f7587364c873,531208788.77084625
22e8713e2051c88cdafe2364,668076282.992844
79c5085c14068e492e402a26,911793739.4620928
205e9d987013859f391b27b5,1472990819.9170718
36aa7d0cbfe40adf3c86a134,737839755.4619428
d54d787189cc8f014ae58aaa,953357492.2033726
fe2f1459eb0a380dc31e3a4e,1118610565.1925364
ad663952ff2ba1953efdc460,1096192854.8548615
b7320c35e90f33fbb1c28813,701855784.4843166
8f90134b8e68948cb18fced1,544143365.4864008
2dfeb06300828182d4109c43,730561561.9292129
3f5a0cbba1433e9b6588dd73,619043280.6538969
f952c40e24c9df4ab2d62017,674100524.0492965
462c7546b358b00e617ce012,865747940.5123482
e0df3391aeb8d3f4b00f418b,678347663.1771654
1e48878318d35476c3e87520,1085705380.0539598
e3903705d5a48c6d9f828ab9,592112542.9585427
9e590ad7d22105456bebc767,1114243949.2306526
d0fe3d393eee5c0cea5bb6e2,1123677100.5691147
57b3791f2c5acffb0097f7c4,713913623.7110267
e11f9a5cf9d6ab0ffddd6096,1217866884.8394103
9a3920f803b087c29b487cec,586038122.5449253
6cc0fe8ddc318f1bbad360c5,986417258.0118829
3e0c656b64d39ab38201a112,521752192.1383643
cd55abdb54bd56d54b11fad2,986417258.0118829
7cd39eb8de56700519d8f287,596895823.2564682
d762007a4ea5de370738e875,666192323.1575664
f4fc67d9b9c6078003f9af35,818571057.6749268
dc0a4632d7378c25be351760,707701783.81111
530a3bae5a13291c69bb8474,627915298.2189966
32b678be83da2a07b37f3012,414982182.9325651
349768047d470d2fa6ff1930,817710076.8648022
e017c3311e2fdeb50a686547,939344222.6802565
bd0329ddd50f2dc4dafebd26,1020091241.0252192
f6252e878aef5f8a641c3d6e,637416841.2614456
45ae8ffacfd00fb4a4f53d0f,834275707.2007551
d186e369ed884150e71906da,1381527201.5085475
7b9e6b7eb3a5db0443193fbd,701011681.2946359
1ddeeae13139b7c9ada353a3,538995666.5564407
a1ae6f9f5d02548c89b23904,733448837.4643074
dc298d37c5235e15b4cd68a3,816153730.1699085
f640753edfd8fb1a995f1de1,567425389.2278378
69a1f439de0f06e1143a0006,644058606.947255
98f253233bfcd16533e2a448,939344222.6802565
ece6f8c652d4227370ef0fcf,834689751.2032226
599506739a6544839bd97b81,664290570.3432243
a12f49f4ac3c5bb0dc7d8d20,546478842.3454262
9da00f8ff8e19d26c1342274,967295411.1968396
cf5213877dfb4df98f0dc10f,610231237.6271845
84c7006b5a63add890a224e8,881758428.444589
88aed38ca59c09e1a6202672,666313169.5101979
e6bda9370c80a5f7e5cb6b07,897376116.8184186
3b54ab53b6e3453e333a0939,559061949.9935826
e72ff7414cceec6b162df345,796092501.6519231
f2d4c1faeb7694370bc65ec2,541843530.4791496
e1ffd027cce28c44c0d2f80c,848611788.8761241
5c5039602efa36222e64108a,879043267.0974283
b50f2c871166ee1009416be6,632683033.5164883
5e7e36116dbc08932f5fcbf0,996036560.4183183
325ce336d3df17a078db5166,578479577.7933352
a26e967b288a1eb6d8e71d46,589374660.1940806
139331d23d9e3c40cf083a7d,721818313.6748567
1704b2d5f4a33401fb153608,617509575.9169495
ee70354146295365bf241d9c,575928408.1773113
fbb0a76f05908c118f7a3df6,480300327.58094776
2aeb794adc9892354aff7240,536263934.39539945
b0a32581cbb586f9710dc3e2,893681564.7628161
ad7f3aae29fa1e7ec900b563,994719750.1526079
1695225258263bd2f463b21e,752450553.5433903
f72fb486fae49fc1de1fdcfd,1102347741.0717916
6b8f7074aed7ae7e6cfbb090,1295702046.1218884
619dab52b321ab297a604185,1354617830.7476368
b5bb9af24f9de68e91a1df76,1681102053.0046039
ac3d21f51637207d3e031c2d,630126516.1818805
2aac28d03c2110d871b5f274,653642367.519866
9ef498b11563827597c82947,828762223.447118
4f2ca698ff03df0c6386e48f,551802161.8346684
606df4826416ea0f146ddf99,517810727.09168375
9ff08a6ca1c63480c563442c,974884807.0618892
ec27554aa1c62314f4d46fc8,540478599.3274373
762374e94f17a8783a66d598,563950623.5374923
83ca3a41ca4b5337107c197e,741577014.440427
c166a9293fa27e910e1fa9c1,692029454.9279041
57f8a1e37c4ffb1b8cbd342a,593609038.5643748
393d99ca47315ae98fe9e7c8,1336929805.9297564
9bef4aacc63605f2b2b62292,478788354.4308444
a266efa4e41df357ac4edda4,1233778060.6286166
adfdb0eda9aa97f0d3005c4d,1062478283.868316
f05aee3e433cb036653b4375,994657290.0599439
2dfd1808bb95170a088deac6,678854204.9740474
dadf0a00434e8ceefb3e26af,1324637775.5353627
4336ff9b2dc1d97ac8f9694a,386101637.55713725
eb14a5813f860bb74740da2b,359693070.30077606
3d580d0df1bf9dd124c282c9,711342327.9084287
49bb5311607e4c7600caa03b,670302797.0137429
78a39ae05ac53535ba0fad2c,826393463.8326079
936e18fcf06ca3c46eda7c8c,619187691.5175649
23f12add67accdc9ed40f59f,344471843.71322554
eb1b9e15dcb88964f79e6a4a,582143366.6971055
e2b7f984616fff25e3dd6a3f,1050858983.1299723
b8e2b98548a234a245d7935c,758349096.7592406
79382c56606e701e44d55033,1245891251.921583
983874e637a1a5782f31089f,676678837.3102131
3da9de8f610e5c40401a5b78,716132153.4607232
cd69a049dd8a3822e228ebaf,680417253.7712972
604f1b5149f770a8f370fc75,408616399.2779389
0d24fc1c5deb78eb1a0caa51,744029445.2747175
583af1118e60e46c347ec593,1067928031.649121
13b181b46359620191e6e4c1,314066646.7458765
50d8333064f0560cbe549f89,564154040.143821
d9000c1afed253d05de7819b,464891600.2569899
792ac070d1a314f585f09987,612760269.5387342
3e874c25176a3abb336b31ac,671025697.4927882
419ce7158ed62eb6897cf09e,477409605.0680215
b6b87c05c4238be76d94da2b,353025925.97652143
980d809e549333b475477bf9,686280784.6363258
a7df3d344010d5bb7dc70bf0,545730758.4452481
3d474c6a88ceb86e00f68b3a,530479657.46597576
be4bdb73add69f12f7aa6d06,522840204.3047915
fa5234ddf23dd0d9cbd3cac2,685415654.5236287
91a08f81b621333ac58c3845,693813415.1030006
702aaf395bc78986a008d70a,879158386.7642443
86b0c9c1277e9143ee765b43,506585709.81773216
9c2c22e70cffe6836f554f24,893008367.2927374
31f56b841b122b35615bae2c,505138606.40630317
41227dc9c9948a5f0688e426,643137627.5545411
781989d4b732f961f91bc3e4,652613648.2078227
cfed0221146f4d83d641e1aa,525379742.6781993
8ec491780efb2c27df8dc08b,907304858.1615869
8a5866428508658b4a2a4cb4,562268816.3585131
156dc81d6e14a71716aebcab,693290942.6523867
c24be8293c8f4080562ec0fa,547242686.1177455
7fa11c05ed1c123c1a457b1f,892085765.5790454
a63c36f6e7e7ce7c7e7fe457,681663864.2170349
f9bca38d3e08176649504e74,932843202.4780431
3d389130627ca7bade643f47,709255189.4469928
70314b0bd995a4b03c771ae7,452521178.6362316
a3c3c9fc04cf2e2a051a12e6,604412852.5922654
4cbe75a162b076c4c454dfe9,541078038.8974671
0c62d4d501a426cc8fde0c36,912651644.6468619
533363375cf2cbc50d86773c,767739963.9020691
21d0f28d5f30a64352e60ac4,643123885.3463641
471b5135fced50f7cb4197e2,974801239.1866493
1c7586fd8a1a38bbda9c92cb,656342398.2937436
a0f28aaedd12f3d0eee8c6ea,636053508.9242826
8923182b6dcc9f2d8be1ab53,576632221.702785
67f694b29bfa494bd9d9cf44,899861940.850568
b721a5846527d5338322c9d6,856908973.6029906
ed09fe201c9ab02a91779dcd,980117927.189547
f49045b312d12268eefedcba,643405192.9977953
22ae194316f34d482bdf404b,547242686.1177455
4f450ba5de4766e5ecb8a4a5,615822858.3444592
235a2209cde8f8b0276c845a,547431324.4647913
f563f0899884de7f9bdab405,903454544.9356738
5b462279f602c5b67ada82ee,884565220.7018073
fa4af69aa064a4306cb110d0,855600648.9641978
a70d32ccaa78ae9417aa7e4f,632582662.9793967
77c9e5e3a6d965ede708cda6,767295614.2928486
5637f3d3278ea049333afff4,604108684.7977781
1b1c220eb91c9448b520b76a,866214337.2846503
f4a6ec71ad7790df9578324f,913867068.4626862
217e1715fdd5db76ce93cfe2,881377816.248984
2cfa1397c901b4e940d9f673,530311250.3807626
44672de0d6d9d0cb3b4ae938,590570494.7157469
1c50477e5b3a67f3d8fec62c,746143169.0610367
0a2a67e8b310471b115c60bf,695222964.4267672
06220a42e68510eccb4d790d,819934437.9147255
611a3e1d63c6ce5ff8779243,770439101.9545408
1284d7ed08122731aa7c0461,391110495.51973784
d44eebc871d1fa6981c32ccb,988082248.5606307
43272151f217feab78190393,688209372.5363203
6bff92260afd556a98d3e3a5,1052369739.9566764
00586a92b53f4a8f9f6b3022,719019032.6115226
745e7f6a83b55196f231466f,651981288.078986
9c558e10e5bbf230f16968f6,1175409992.8997734
1b425a31cbb73b713f291e19,1063045073.2784865
076ccba20dac8bfcf184b8a8,684840930.9190792
c8fd8b729f4ac6270aff9c9d,1142542015.3009167
52f026e670e9851b08c70542,1042053556.7189739
00304df33a3c9a7e396ddd3a,738321992.3021041
ee27eba49457286b5ab76172,726867968.7806144
97b57932e5e20416bad6919e,1244312384.8887343
e570c5f58a20fda42bfb535b,688728214.0835443
79acb227b5ea365414982957,1060645420.0596697
d24258de8d2ca10186660a1c,786511747.2748567
8a8c202c069c20696c2de85a,653854417.5280648
40f301afabee5be092ba20ad,698624430.062707
afa842858299a6ebee166e31,721210195.1247077
7641dcf512a05ca754930bed,666365920.185043
8c9b472c55d4b99e44041de5,1036910712.9945576
88b98c026b7650192034535f,865376076.0001738
9bdb1bc52a9ddfe92e6a948b,784422864.8049692
4abef5720fd889512ecff70a,677870959.8201727
58b139bc16fa2731e4b76f28,702881262.7554424
9ad9ac8728cfc2387285c24f,713818512.4747213
75fd5603c4de9678627f81d9,1068649973.8928925
9f4a25a5550f016ef2370229,1172477724.4221501
d4f4d0ed36ac9affd71f302f,627463799.7667577
51bf7bc1c19fcd42e71f2463,884257070.3571392
49ce19caa1325233d0de331e,1121238134.6740348
5aa1667bc8db26bac1c72f5f,642354898.6446147
b43b36ea4f81bbfd4dc4d781,996319802.1174825
2a623b33f3cc1f54620b5233,846600653.3788604
8745eefb9e2761ff7eef558f,1056033336.1573097
0e49eaa5cde9375b1f026820,796506432.9887915
f5acbf43add5776430d8d4a9,729218463.0333768
ca50f7143937a99accef865f,1019819856.8653437
0e1bc8ba1953ec8c28e53b9e,627994727.8836293
980bafcd065c8e3d6cece127,920746172.2787112
c81133d5a58d7e8eebb10c8c,1148396823.0844471
09656004f0a7f544580958fb,1005595033.2229247
edd342f84fc90478e344ea1f,553737367.4189101
76974826c758eec5c255c5da,778098380.6268629
63b09e45c1b7dca181491030,727229501.7307289
89952b237fda041b09f0efa1,933505656.729931
219164e1d9b14cabb9bbb8ab,660569129.0838408
ac8aa244c21a9b86de4ed599,1020571337.0969075
92ba222e2dd63a4453a30637,729657510.3335619
bfaf8b7796c8c57bb5997be7,768931049.916479
dd5a565f854eaef90976c5fc,794445977.6785616
f8ccd21343b112d8f9e7123c,963900050.6982046
a90991f865ac81cdb3de201f,765040872.6945462
fc57fa9bbc16d1b8106c2c70,1177522011.4319088
9ee3218bc61636cf0d7f8107,707975659.4055355
c00592c7c0c3a863a1bab9c3,786447647.0559113
f0aa18bf86a36daeb59946e8,1115051650.379158
e186499af986f1959f729b9b,832857139.8484262
18420ed4661539a2d72ff400,1032440439.578335
957731b9940c9131d92a22fa,1054553944.5743097
9172caeeaf6498737fa0c6dd,696955140.9237845
c798ea36d2e4a8119723eae7,946991217.4167522
eb963f082209fc077aa72bc9,1126420266.7079928
07b7ba964a8e30dc16d66443,900105235.5259484
7fe364ae771a7689d2fa5584,869278498.4489119
c59e06a2ed37fd750cf39976,1526788906.7688036
ce03d8ae43a426e074ed35f5,1438388229.210381
b76c45ccae25a06dd5fc432e,983743791.4573206
f855725acc115bbbf03bacec,1280269527.6361582
b0b0db3bbe07839bc2b600fe,1470920804.650444
cfc8dcf337e020b875ef1572,1182672834.7710686
390107256faa08574d7231d2,778532161.7321892
fb10f3b45e865b4626f65ddf,764637261.6075131
75f167e2273fbecb2c81ac0e,913410110.8366997
a7b15424d7c025d885636a72,799429834.4270126
f9c11e980254045d7478f273,1124757420.9075048
e0b13f6dc213d05133252d15,1202859305.2654397
c12f362b9060344ad044cfb7,817471530.3842682
f872f224d2af413cd104f24d,880925760.1172694
092045750c36a8945c526a12,570366854.8771325
5ef33cf17d4b45277edf35a1,828161717.4218428
fc64387d7c3c91a6e6e876ab,636644843.1132926
c1168159d4e2fffdd5662757,743013424.5455909
cb604e3a56cc847189462004,1061285804.1794535
9e95710c61a4706e21cf70b3,816433713.2434934
ab37f67a3afa274e719ecbd8,742002861.2535725
970cb360eb64128037be7e23,707415213.9342599
e42fc32db529e088f15cec8b,1206041236.8793523
8925028d6e7a6cfce9967779,531200418.5573392
759e76e38d84a4188dff5446,738277311.4055427
83a376df2024c4c9fbf2a0ca,491960600.19199115
a8bb80d99280e332084b3950,737779097.8933964
c16ab4a11cf67a39fec6f049,919964118.6262234
9cd1127b1bc10db6b8ce5d4b,1486893943.5008888
ddfa979b1d7cdea1d7dd0a86,479553680.3649468
d78f7a1592c0779093150ddc,1001784707.4290789
97ce3e0ef38ad12f7fa8c4d0,389457077.1048536
5c789f2834a1a69aede6316c,587128120.2186743
c29ec380fc7295a9a770a74b,406673469.7213725
5987f6171a2bcb37062ccc94,726500349.9760491
1e91de6194769980800b4de8,725779021.0250727
0a0f206f04bfb10c137388d3,1095203237.735609
34dd15023216e187daaf5a07,707701783.81111
33d2d1db291a13affdc209bf,655152675.5809066
6fa5e5160d7c2bed824bc0d0,576262938.2240167
8c04aa7506b8c80c1bac23f5,869200077.5639302
e5d445e39104d9ee6b244822,720889649.4420437
2ca6b3016a89139ec7590f9a,1082459346.7616167
e567e9e5862b13f0085505d4,423577228.30498374
edd1c4fdbef4e6beafbd39b8,664216106.9374497
039a9029c4341b1528ca6b46,420981554.2972982
fa1533051ea4145f7f710ed9,678688549.4819561
9c99a85c5dd878568582dd9f,583579601.3363858
9ec426691c80918203394ee1,504661494.46214205
66f58d9d1e1eb7e81cab24a2,1114874526.3809078
0d0f8ce05ebe99dd3bb7b23b,1050707723.7177464
6a65986cecddc5c47fbddb9e,1032050386.1783881
a82fc744f537ddc6fbd16883,699506168.5869361
d4c40178c19d6cb2fcc88e48,557182826.970737
4034cb3cb77e9cb39cc98fc5,660593908.2737831
41ae9d3d280d4eebe510606a,837396828.1247957
4aaf6763c105ddf2a6eddbfe,503662695.63933927
633a7038a23ffaf4b3f7896d,639630559.1088039
2a531aa9576c5f91891cc8a9,953508832.2861533
85d58cf85a179e167428ffa5,1203349017.0131586
42f05e5d4862d653efda75c0,1249904309.3720787
256a46a6d45d168169f63aab,617533899.4206104
4b0fba692104472b36c38c3d,1231871896.0947034
253c85b226a15d0ec2fbbff4,1010057616.563744
b0bb2299d5f456f800993a11,753831516.482155
47fe78f6299f757b231be10e,898014514.1869311
4d09ece928ffac7e7d270bd8,471642323.0057954
fc762d2d172737cabbdfcc75,715873609.5115267
2809252a96f47776d12021af,677088307.5067515
29eb473852b36dcfbda0c702,705844443.0758458
231c050bebe12f568ef92afc,426238228.0698743
acaf9e18bbc7295633d92e01,713529215.9384972
860435300909449c0443c10e,743444227.0089586
f967ad5e086f485c27f09990,961249595.1269987
678927546243e932b48d6058,1184373033.2261913
c537ea2620b8c3a3f013c0b9,1256081255.7811189
10037227b2a24d9a72ced322,801099832.6725504
1b4b3662ca18e731acc18928,1366708270.7209487
e6717956eeaadb3e95840256,1019393451.9040315
ccc4457f68fcc1a416e3acf3,970476416.4540673
94d91969cc4b9aa1e856d801,653854551.3788776
2cc821cd7b5fa82b27308f87,497687280.9384778
f05b3779581ac0015f29571f,671736598.6981254
dfe09a5f848e8e819c361ac9,535164021.4886181
ba87ed2a657b0b042a05460e,698089654.5954905
f967aa89a4440cc1c44bdc54,453615707.3300356
81fc8d666c8735e1095d0d4a,836881462.4039054
fd8b9540f1e9da778d566d25,389636543.5985424
70baafa9789d2fcf1bc212bb,1101008793.6106873
4911f8879e5bc9c27ac13bb1,607885269.8264306
ce53f3477814fdea2889cd2c,434716106.1271036
62f022e19ce6608919eab5f9,460462225.6567489
55657bb933aa2ea3083e0b90,501263794.375991
808dd470aed6064f02aa5103,455123731.3369572
39bc028f3b42d9ea48808ad0,536584941.5126563
c0c01ecbb9189d77098659b8,479809541.7267765
57c68d470f6248d00b6719e4,864123662.5608063
26c66cf2f43bea00e6387326,1015110635.440754
b5f0dfbd34392f6855bb4b52,628531807.0313603
25202264e18928158b89278b,631055095.34472
e93abbb49b24717d3a0767e8,677782718.6162385
906e1f2e1bc5cd51a55b0266,633093821.3220131
eef1d35ffd08dd161a36a2d1,1552809944.0618207
35e0cac576415a4e61acec80,1472990819.9170718
53ebe061b85f046ed12ee9c5,835585810.2365788
059d77736dc72013de7767f1,614550919.586917
17d7986a62e0b066e4e5530e,543544922.5089196
8236c798dbffb3db51d5d744,513625356.0274056
587e67078115103d184970be,343692243.5056146
7569fb4aaa9a52d6a525e3b0,348245773.58030546
db122cadb7a9c33f420fe246,349393551.47475135
e852246b7661d30dd2e1f0ab,347673299.35181427
f04eb16931448e87aec205fd,738884946.4208839
90e858d3740d4aec0fa21c12,880352203.50463
65647ca6e47eb2b9ba20058d,1017436960.6492764
d0792d22549d1b3f63baf3ad,398465268.17357814
76c4045b5dad9a8226e9244a,621186560.6215817
fac4f0bee67523194fd4312f,528689813.6158774
ba89ed56d156579ce288dbcc,601449647.3859979
adce397b6d1473b9b6d02865,957047526.0417138
f1a924badef699637ea8fcc2,734477225.6538768
3bdce823d3b96e8f0170d96d,669721996.1970502
439004dc23f97a878ebf371a,590728082.3716879
192e05cd731950f91fef1d83,1285173679.9462237
5110c49047db23ac3aa4ace4,783937896.1902015
f4f7bd9d03eecf35e9f37619,763319754.3331349
141dfd80a005f7b32bf70375,788302546.3222816
08513fe1cddb2cad74874a59,428102744.7784833
6b23aa3ca5edd20134811cea,403319589.6883921
0fcab263453a9f196468e552,701840921.3408239
127e08fa99afcaa339eff684,505148697.1206354
d2c46ef63db73ba3cb7e32a1,646218658.3074447
7c50c93bc9e8846345892c12,933505656.729931
63698398738ebc7ccebac817,633438504.4489102
417e974a3f0d97e502e49800,1056110595.2400098
6483f2fcdfbd26c621a527fb,1111435689.5834913
3b739666f401ca6b2135652c,951660917.5404159
1b750e6e2e92e8222482cb46,686614290.6508548
dd34882ac55c57480663f7ec,864123662.5608063
026c6384ceba017c5f2cd66e,622327630.7971443
3f4272a3a4b14ce152fc3abb,796830614.3772418
5cccf025fcc0a7d9ea01b170,576857041.6840354
c8d179013c5bb6379693ef03,609193174.6523699
8c258d10ce32150f5fe5b712,1154331407.4241989
eeb6fa8f820ec63aa0aaa303,633093821.3220131
ec8b305ddc2bc211a8a05d0c,740595082.5029377
5a84e6d2ab8db0fc60775d03,663601522.6709995
015d17895f32e2a8b616ca1b,969081846.8312017
6fa35f1af6d51d341a3165ae,846207038.4064064
17821a9cb766b0f3ecf24e83,718381170.2879183
23141c17df584746755dc508,562539328.8554515
00076c8f390d5dcccc133309,697585792.1457585
25488b1c8fedde6250b413ba,566907071.8218582
5ba6b4953759b45cb83512c7,888131609.24574
8ea02baab0c59eac6584f62d,1067061333.7977483
b5c34f90096fc88b8ca758f2,1472990819.9170718
35bc25d0f9de2ed4f714fc8c,1073751922.9820158
8b0e1911b8ab8028409dc9fe,927107412.7122158
2ba1672e49c023258d262d1d,1040162144.8234946
2d778563921376962d126cbb,929378159.9898624
bfe7c873b2fbad871327994a,1051252573.7176725
72d0f19409c85dbe32cf6ec4,826687979.2124561
d406baf5cc9b4473ae9b8426,417877955.2825015
070912b7e5fb205918c1f4a3,543896749.5770154
659abd72d12756ba0670f466,549044446.5254556
7a464b948b65544159cd0db0,785416506.474585
e89774d061d50c83b409a071,371102189.6747795
fd6b2efe5da2c35058333bbf,601072341.1520704
4577c1623c8407e95e893e63,597616776.0175276
21adc839dec9e8efb128abf1,575928408.1773113
aa843a050ebe8e4b3a04e9ef,946572254.4188432
0252fcaf7bcde09274d34be5,817710076.8648022
46d77c92811f0c87d2d4907d,1106937245.5869465
a8c662f906075eedb098ae5d,642346867.8047148
b8b46931b93b7750e0d1ada3,636765931.3302644
efde559422ec1dcc55abc686,780862315.882603
339bc881458ca34bdcb771da,987320021.77023
d7ad6527cae719481f849927,1074369684.9148822
df3abaff81c430b4ba85d4a3,888334190.7660389
bfd2f20a7bfb0d865d7f7193,1681102053.0046039
fa3ee96e6b6ffdfd00aa335e,1233215451.046185
163228979751798ded8c3fcb,583776824.1136949
3578144f12e13e98e8cb2480,653465158.7387637
7136cad475a0480044707984,901911751.6237205
93f5694b4854068f42ffe55b,1062253310.6125172
51608bf64739db05c47a3bc8,696456307.7999545
6a01b6d09d516d67f4a2fb43,704080981.2426316
5f26f33bd89fa7563ac6873f,417495653.09708035
aba54b001154ad881dfeea6c,332091279.18628454
b2eb63e5da917ce649a72142,641965659.003597
1427aec89ee9564b95e93cd4,478574133.1784767
a0087db5e9e2cdd6073021a7,791537924.8395814
4396f94f7f3c403c43d3ede9,591111518.8998672
aa703cc78a1ce659901e711b,916251135.8920087
0dd1bb83f0f18af30da139f4,961361098.8689924
37efd3e2a5b6567957c62081,574968355.5214634
ea47ad6335e74dea06228b16,864022156.9510728
8a975117ab302b77ac057823,772859314.3316021
ca5949c4bcf0b63e5d1be784,463767430.99348426
e9f3f41366d5d784c2928937,927209210.8797021
7a9c505db21b777203d34bf6,858995575.1837037
238cf9f99c4b01777a97f82d,516928495.6215544
385fcde12021f4bbae6ac2fa,695348890.3273133
d9eaec557a7a6674565db1ac,688440783.8888663
30b0c440c0bc8c6005855ff8,659607077.4155382
09feba43c0b8f3560fe09be8,981110714.603929
2547bcc87b618d3d7e22dc21,630937945.4810879
1240a616080d6ba5459335a5,1228776539.0330522
7cbc8fca4f84908ed4e7192a,903745866.1204516
151a16e94d538a7a6d658ee0,844325204.0822244
a8ecaa9120c6da21229cf145,975847921.2098671
3ca34fa833e6ba10cb4b1944,1005032598.2990398
dca2e851b82c512f01611ade,1215344110.5820174
3747996611a842c452865a9c,709898000.2941005
3528df61a44a9895248336c9,836427598.8796128
398a67970cee5dc873d71bbc,1040263311.9024469
1ba2c2eedb352ef9bb59c638,872776519.0464534
f6f4a467f40bace72ecff598,1272023405.4887002
b2af9047dbf58867ed0c42af,866787132.3145102
012b8d616667a6dcece0dfaf,932804463.767444
0b117f10e699f10f97a7e7c6,840360696.9897944
8d5192b6208902ddf4804839,1289944318.8184526
b86cad78da7bf06b5ac39f99,1143013743.419449
4cc8c95dee29e43463a8dfd9,650471547.1146389
76846ed8b7ab36821b848f2f,972048822.3227177
5428bf7f37a94ce9fb2dd435,789824690.3622392
b22c39c3df7d8e32cec2ba43,554193587.7551743
44f5380847c175a42becfcdb,1575141985.7400181
fae53fba5d405b2e6a3abf01,248145996.13308674
3b52bd5eee5ef8e3871dcb3d,1637242691.414324
21eef7da02b0f2a2fd987135,571267400.6477478
1dd6b0ade195edae38a4a20a,695750934.0894145
f359afc7bb50cf6a61ac63d6,603414174.2453171
b0de107a8cfad95f09876eb2,1072836702.3535564
2e8c76f4ed59cd3924f7136d,863006782.7008063
06a2efde5244f7d653ddfb8e,766291373.0976928
f72e2f6cfbd32d97bbff3ac5,667651275.501511
9705748d2bb061678a80826c,1125111908.0805366
9620068cef0622c404e15960,990736878.6547544
cf2e8824527989d3cd29c058,1063953509.0785254
6e606a7c8bc632ba0ba37184,584101228.96696806
63fa384ea296390350f23d7f,972312263.3182236
4d3f5e7ecf4d361d7eb55f5e,541378752.7190498
e31a209077a3e47712588730,836272965.1185495
5f18524e839c2987594a11a9,933854504.0419806
def06f49a0b8230ab613db94,681853066.8115026
faa72370e4c7718964930805,681853066.8115026
983503bb75d84c410d1c5d3e,968736988.3806987
30f381306494ebaa760b990c,567509934.1762836
5e72dbafa642e4f416e6f01a,787167414.8006403
3d5ece38670c1c96df4cfff8,567509934.1762836
1bd6861d451d128c8bdb72e4,679979069.191495
072a6f084d31a5a4be4060dc,1075917434.193443
4d8deb43d663fb079262708f,997660127.3574517
f00b8eac1812a500d7a732ff,747722903.3628632
77a62d5e2c89da24f66a2118,728053225.0381486
961886897eda4b0ce54d1d82,1183532713.6829782
6f6c83ff891e43b7c84728e0,1023464545.1421738
ca8c85e8100f64416146368e,752771353.8335638
24297f4a3e14c24c941e7720,1162352764.1972704
98d7f0935f021acf313630a5,955201665.0214969
a362533eea6c235049bf3359,716512007.7875016
2ddda0ae748b38a6258f660c,1410765331.5698757
b18107a422b9eb6da9fb692f,870708809.4028401
11cd643195dbe5dd4567b62a,845330663.4945569
c9ee7f0666429c0c15c37499,295422385.19528997
c386d1ac4fa8dcec4cbf9788,861738061.295594
21e0bc9789139640ea33ed09,1065034826.7717087
cacb91ac1b835d62422b8a8e,1050357318.1821806
bc41e69def6bc7490800c4a4,368504402.85247386
7a13669d2d7ed2e50b80b4d8,618136480.1051466
08dbbd8d672fd09463c061a5,634594659.3937905
cb93b0d5e9a26628b0462b14,579425531.7602158
d6a43f209f810455fa41dfd6,580936633.9574989
ed5dfe95f82f4c087af07045,687937652.9809403
02060d2f56e979a61427f806,716453958.7088401
88ffa9f0bc3f6c9f2e589a75,1338088954.4881852
b48093abeaa178d1f7fbd83b,651226812.4659723
b42734770dacb7e580a6d742,770025568.0815189
d3aa845e96d22f31a3656aa1,528163262.6720638
becc3ae7a71d597bcb16d261,623272811.503637
8dcfc24742ba669335a2d65f,690895403.1323946
45e2411d38589a2d85774c5f,662923967.5678651
9761b0f43949eb5307472ba2,1015491635.3615581
e07035cb49625760c7da85d1,391015253.39932805
f88bb9c5a471504c13d3616c,625044930.5181594
4bb5265c6e63449e5fbaa270,698594049.3464414
ac73b8700744cb7835f328cd,707927271.3353559
a632ececd6a023aae8a7b730,559861375.9193382
858288683063dea9d5c57420,536547886.749754
d04f549fdf8f34bab19a171c,614310534.0028806
6ed5fa8f114431d158d35f43,401266955.58471733
f849dfccaa8163d24ed935e2,667127845.8809011
bfde6e7200fc27e6e6f1497e,987066545.2325418
59c11d3de7153d2605cc2273,660818963.9609461
33ddf4e1ed8c864e9db16887,577384121.6858829
00f5ba660a4fcf6ddb96220a,709626526.1024997
a13004b87c6d7e7bf6b75730,723325199.1413392
eebc02ff14b6d270746ca055,695070270.7774403
65ba6e178f3565a84c6ff973,670468229.6801298
a57f40f00f80abc7450aaf9b,658559956.6741651
df37b916acdce817865197ae,651854082.1930548
b5c074ee2e2538aeca099fc4,779934891.8002307
004c9da9ef1b3b5e309e475a,653451383.7227658
c5b47ac5c4b7476d50bd56ec,603846927.0544229
778ec765417db9ee48d697de,644722227.2296792
b287339babba162e290d0fb0,562873314.7721037
4d35e00e86a9d508d82ea90a,518833920.184959
0dc2a023fb6c5e0b92d86ae2,633130035.3005979
5787d7c671378e596edfb58c,674227633.1742296
8595b5517cb3f1ff8094d67c,925742455.3560266
f4d53276bdb5899c6f059c67,671075909.3011634
9562ef63320854bc6f94b5a4,534975445.5661791
c04e72fb6244d9a9b28322b8,1010498544.8828315
3d141576443a97b0202c9672,1013045800.4773505
7caa4bad394586a46dfad854,669237019.4384794
8420bb74fadc0c8853cda025,394792690.61948836
b274adb68a37458cc5181fe2,761856112.9741231
8561bc940a91f029147430f1,726500349.9760491
258a968e403e747af5693a3a,1146337103.3532755
0de34892fee879f449facb19,672748722.6732225
9634cfebe7e6b095f0065ee7,864965068.4421088
1f3544c9f47bc00fcdf59d74,480786952.16734445
e3077f6e47d130106e7165c9,1017000674.1672058
f0ce47907c3c30b6b5e990b1,971826216.2693204
1432cf7de2beb14fc7603ae7,1269486425.9614663
60f0df18cb4324ce5f4bf650,893685851.8956758
7c1dc421f5a689aea5babe4c,725341797.3843536
020dfae44183c65b708727c7,539039338.1107731
92a9c07259efc617e7d58f9c,674894903.2785734
18531c57f6dca78763d360bf,617329294.4849722
dacd62440872b6e94ea56fab,734082108.7359911
b607bd072e8293d6594f3829,1105581153.0634978
eb86c1da60250e5559fc3cfe,653306917.7647526
fae649fc7256b9a3ec036583,658516788.974
b7fa81aa571906a93e9b6cba,798131726.8091636
0823be832fff81b3f1291859,452164039.3451399
fca3a0fe5db369235960d285,526004492.67340726
496fd5c93b2a578d970ed55f,527717645.17106414
9c63c6c27c74c03f071385e2,865953282.1966267
6ebe90f7140b738b3696f086,482710875.1729694
7110d6374f3fc282e4f4bdb0,678688549.4819561
d33994c75d98941acffeeb90,1022110943.7012472
b8e8d84450f5e0bc8a721c94,732873370.6181585
cba57e3b393b3e392c7431fb,1050629312.7543465
fc2ceba651bc629e7f690849,731745030.841785
857761b5fc5c7d101cb765b6,684721187.276165
55f67dd7302b68477e803399,670640056.2976546
19f538269846412f3e150a4a,1126876539.231032
75e0fa8e5c83c49d3a0dea48,1031008341.9441601
fcdbfb9e15352cf210cce7cd,796275679.7641853
c2b91ce4b1bc8c576a0ce1c8,791066562.5284652
73eaff92528288fdbcd61e2a,1430476818.5854707
f6544a1c169aafe6c8142907,834940154.70342
cba9aead5bad82b31da51e6e,750644713.6710335
b239bdcbfae846bf74791728,776960701.4160941
3b823e81c5378ee3c977e863,804816784.1906245
1b4db5fcd1f92d3aadd5c28f,871732525.1872357
b50a6b85399ea2c6b5c33405,910198007.260941
1e6176a558f301d81bb050f8,878774674.3901107
8bcc1b035ea93a5192256b37,743207529.2043879
71a3f0980cdfea0ebb869935,548372585.0061731
8cd0345dfac13ab380240b0d,804816784.1906245
e66b2c71519ef8756db69b97,671936463.0336028
c843044c1fb30819300448d9,549312435.3228416
4ae10e7fec364242c88e511b,575699389.53452
c9e92b994e48df83dcf9976b,1277983591.9132204
27f41f09ccf8d182c79cd48a,1327741141.8295586
d8a7c0b01bb545c414e12a23,1466912194.867493
f3e2fddf1dbb400788a5517d,998417357.826508
89a066b7d6a31dd066fa0d32,938673150.5849543
c245bfa6587eeb55227c8a4d,895801740.6120021
500d7c5346ca11ba934e7ca5,876375066.1836042
536fa59adc007df763949045,952296583.3224572
223813dc0188fc229b63e8f3,1380443403.6219664
7c972ecb7b90537b1da0deba,602608946.9536839
98d8411005ac05d77cb12516,1087988729.887094
d12c08cf48be75014a149873,1069915317.017155
955544a0bc2eff312e965c2e,1225161275.9769297
20488db7a62f765ac8da0a2c,802411174.6467907
3f370094239ab6fc817e9ec0,977665355.7919264
ff54bb34225682d25c551178,1069915317.017155
d0c7294b2184d0b4d0e2fa07,977665355.7919264
104e960974eee31e7e0eac6b,816242347.159872
0d477acd9c95e9ec63839a53,642917546.958546
6d255e0026d70dd44229a2f7,1187514727.6891797
926cdc0242544bbc850520ff,477802338.30660886
e75a05dc0018f29517948ea1,461973992.9845649
dc40c56571cbee9c2b7770f0,983209632.1585493
2f76a2b53e091df35a125b13,601856256.2592263
a4a49182c79c72854732594a,548057709.3962276
50287f73d47b4cc4c2e1840f,780460834.8019298
5efca36c25884a2822bb7a81,419998512.2437206
4347bf26ecd61ebc7a16b4a3,710846550.1158227
7c979648ab3729b2c0cd2106,1018811950.3782275
f40acdcf5cb9925c09c9df7a,759471754.2152643
6ff3eaf8b5a2f16efddde1cc,649352110.4295663
d35596846155e74d1a637d7c,1044532685.089886
a389a1ca097a820fd9af9d15,733448837.4643074
ef450748c440c4958e5db54d,979493337.4613008
02779b92b2f9bafde0c75c11,685817627.9293877
77e5e0b64140fa00b0227a3b,573490064.2033672
eb55b0778607da932c3b311f,979493337.4613008
9fa391febd5d0a8e4c6ecb8f,309025731.94248116
6270356f1cc3dff186d0ff4e,660193535.2937881
ea7d5c601c3f8c86ca8f15e1,1004860415.2198708
072efeafd082025bbc5a25e5,1015583860.2588885
d8bb6151d30573c7595ee7c0,513697142.9741337
f26c43f2304c8c694c818a9b,671307088.819781
14ea4a7c57d830eba13638b1,699739429.4596313
c1ac42dad98d2f23dcbf140d,745488551.7471942
aa6af44635b5d51da4b02059,710846550.1158227
291a4ea1a695347e1901bd4b,1025457530.7140176
024d2e34a561efaf4811c17a,1024849683.3621029
e5a40a555d11d4429b9675c3,670748631.1797677
3a10398b72905bd710ffe9e1,633093821.3220131
340d1313fc2dc8e5b6918262,864123662.5608063
699bf5460c63a4d0e4542ade,1253772600.425257
e98bb3a89bcec8650e33e730,852480069.8483825
5de86bddd492f76596b17a0d,1173858826.7262745
95dae083200a9e43a5aaf210,923061378.4319346
23fe512fcb21a0b84781a318,446854488.9059904
a9dd62f527cb0dbfa51aeb7f,671261701.296419
8964dbb5b0cbfe509613a63f,1210344184.2649608
f75009356c700f7da7106cc7,649717026.010783
6f502f363fb55811478e3b88,552698272.246632
a48f29071cf207b27ddb03da,620815264.1892054
b46bbf66cc82a4345c5da177,749874601.8402132
a460aea3370926825b0dbc13,975437966.8169488
7a21a8d99a85171334695004,716308612.382451
279f6f594d3f8ca8e8a5e2d5,1557418595.0025487
bc3c509022e3f6104cba5203,1152869857.296285
654d2a3a0e02065560ba2484,540384494.1349763
02a2ebb6eca5772e3526d78b,677990287.24135
d4646b7f4dbebf9785963cfc,754351380.5380179
68fabddb27fc928b57efcfea,973178830.2534964
53688de79b052b3185fa9435,713154092.0574422
bb962a9e3861b06ae1daf833,667158279.747942
d80c5f0b8ba55e7cf105d282,661508903.5071294
ed88c773fa9ae8bb29645fbf,587507760.8076338
0c3af9e0e9c80a68acebd041,578840450.1740022
0faec12daf0493a512b2fa0c,1783375448.0032785
1807debb0a0b590b9ba4ebcc,672191685.7785155
20a2a0dfc963fb8a355e704b,895646225.4100114
a2c033f497e62ea10ff8ba3d,1051137188.4084891
985e40843a30150e6892e4f9,692341823.9698789
2ba0807f8cbdac389424ae04,912893792.5108902
9a565e7220cbc3d5d340e8d7,1125368571.2164445
33598222854631e92fb72baa,1163228081.9465024
03fb5bfbc1895115a04e8116,956857517.0094914
5045ba9a65b4bce4fd305f82,672109545.8066744
277f6440854cb0c98728e685,653549434.7076336
12c7037cfa63de49e984a789,587427969.6163095
ed9976e922a774cafb601f5e,567433402.6200427
ccc70d1d8e4411331730bd7d,440441621.5720707
30d38a7bab2eaaef1ff6be0d,704822141.5906724
31a6c440ca9eb29acc0f1086,1184353374.4776924
7a82ce4b2dcd2b43485f5047,864920656.3383268
a74be48ad396ae4aa33ffed6,850135218.1631186
4ea46b833575642ecb2ed1cf,389457077.1048536
b780a0ec18c61b0760df9433,896670372.4520068
b83a5c303a2b079585b9b94f,500635377.04876316
a3c45875c0834b144f834798,427984767.094526
c3ae3f44bbae215f7f2fad9b,411534941.96096325
5d54a0a596d49d9f85f1b5e8,838661510.3313965
355d1fb69bcb4e8e8ed9ba1a,633093821.3220131
cd791a46ed616911ae7d4fbd,864123662.5608063
d2d2f335839ed35571b19bb1,820372433.4562432
0823b0dc92805ab05d3f8650,1611004708.6634457
f92f4d135119fa88994929ec,1364659489.4156058
401f0de98764e9fdd4055406,621791544.2524756
68a7d01e50462f7506f8c8d7,629028992.4342103
e4434407771070783b97c014,1139818456.8057444
7e1153d411af129357ae5c10,864141341.7602133
f409c701e200046f574f4e06,524518087.257089
30a8b9c197bc42f088d0b873,638720397.9708548
d5abd56b5a8ab8c2f61a07f3,602608183.8957329
805a27aeafb3ca91cac56d14,727855936.7377971
1ee04111d277e8758f740139,513170495.51105136
b9de7d7b9a8ef7c64e5f6bdf,593631653.4576366
5a12a15af3c0585d81ba8f5a,556851570.3927696
abb63383766a9853c1091c5a,791904737.5920353
1f95c205d5094c674f6e45a5,1107720751.4629414
4911a6285f548dd30c8061e3,870129894.6013972
0b9730cff49bcaeb4d703c06,724299359.4924049
f033750cb9db15e886b156ce,1123126678.0393724
fc7e93bffb7fbbdebebfaa2c,930373626.5491208
4f500afb7f7bb42189820a18,817951309.8112679
3921d7b508fa1591d40802d4,516108845.50129205
caddb9dce27a7e8012478da5,732618022.2732991
4eeafa126ac5f301cf60f9ff,557987591.0885429
59afb00a84b4f2a9ffbf71c6,750270644.3037503
7baa3608aad1fbf357d789a6,750064070.4599601
a5b8869e9cd3d0cc32a0b298,1151891135.0822458
d084dce4ab9c4008ffa3bbc4,898114799.2547077
e3ff13537ffb7172336ab5c0,782589414.4555557
1bc2ae31ed1970ba52b1ff60,1568926661.416781
eac7136b26bccb3c5d2b6202,700314109.2240603
073fccba71b28afd815be434,625076893.6924008
9b1c23d616e9407fff6553d6,492614532.7583259
4122eca7b73c1347a7814a70,972312263.3182236
cece8267e60c2461d6c409a2,1215535089.6444907
ba4e89128058d5564987dfc5,492614532.7583259
69843aedb25a928097a22a89,737533276.5109617
a45863121bdec787e119b14c,329124402.2424367
02e8811bff38125bcf8e1a6d,704080981.2426316
d709a76487a49bf257489c0b,320596644.51823604
46c42803286c800351fe633b,858599637.657651
2ae3ae7f794d558ec119287d,832415479.5316273
76991a35e9c1b69e1616659d,662057062.4745793
3de5d35f742cb4eb68d5f314,637948295.0941161
a53c748935206f61751dec1f,559169798.3229767
ddaf8a1e5e6922cc3dee5caa,576009819.2988157
841fed959f036a03697868e8,658120624.8147023
ebe1b5c9471f3441a388f7ac,696926562.4939728
f0f9bedbcb57383511805d17,777966498.1184448
f9402b785deedebd3ddbce6e,666097658.2468065
d1f92e6b18faf07ab70ca1ae,819063083.5685865
6e794276348acc39751eaf47,981968569.9779342
4b04e0296820d04421db5219,592072534.5336558
ea0ca17e989ec57a480aa464,1071445112.0618742
cc6fcb8ea6556f676c13a76e,992405227.9421806
2778de5e56ad7ece898249e9,1025549226.3123962
9f0bdae4f8609ec93588de3c,841625177.6581202
90dcc3f9428a4e7cc396a15b,787286150.0082958
2d7bf0032580e6b6dd1ce36b,633093821.3220131
c45d86d17d1d0519b455b7d4,1001307808.0121958
4c7e7cfb286d82aa96356fb5,1378694737.2063375
edc204c3e18368e0a9eab593,1574111084.171823
e789e801fb5d4501b5d64e2d,840360696.9897944
3997c10ceccd2f8c8e43cda0,1352381095.2428749
580d8eee8dc4b7d43cb193c7,765402096.9170692
c823e3fcfbf0c43bf2d82586,1134318280.3389153
30677852542c78698083d4f3,1311464564.8402689
8fc78c514a2f1cdbc5ae6e1b,1443978665.1168013
73c618d704a2e1ac2bc41954,791709081.7418166
4ba85374c1d1f1d3f4632ca1,337636054.5000742
9a471715e4c4865b822a6b77,485022106.62315434
4e9f1e21c855f1166428fbdd,513956374.7446321
f11137d27a5d7fa57f94e97f,895592503.2580354
5fe5f3c5919c0ebd57ec8e36,452430472.0427116
e40742774df7d2b614f32de6,456648450.50523245
24b28522c72f7fc359f2a718,786754824.9928313
26ff1e1f4a6f6bda702fdabe,721659783.4457377
9e617d1fd8a4f33d7b66098a,1687763169.8019361
3b4e889562e4078f8f369172,663575451.4911184
3a50d40f15b1cf5bfb338092,390501491.0548707
cb2188cb8e534973ea3411a5,711342327.9084287
fa57f96bc6affd285d10c4f9,278907430.32402414
c0ea6c76eb977d83c163fd7a,511006573.44851565
367cd12d7f4aa93124047eb9,582143366.6971055
54952b5f463c64c605576601,374845231.43651146
57eaaaf24cf82d885f0f1dff,670302797.0137429
f2ba4a7a0765c3ce737b5c81,846174483.6856127
5282c3c48495dc31359e70c6,508582763.7926523
552b01d72edb192663998c4b,643425981.158739
5f3a1ab21669ad9234d4dc63,962543780.5706213
68f431548c330f84c46174f6,903745866.1204516
048051ce9bf8f6a48e9451fd,1170920549.759891
fa4028ad48fb2082d167989d,688694501.8105934
5b1902dd7768f5144ae7704c,1050858983.1299723
be0a8f4be774eeaa42fe460d,765397807.6279039
16263617308958055850aef9,1039840165.4056754
729f5fab1578f8cae4fca8f9,991500233.1699835
bddb9388922dd56737d8847b,927861625.5133829
9847a4ab995b7b1c30196704,1261945101.0323997
d19937a773269962c7f9e8a3,1245891251.921583
b3c8714dcaf5322475ce2c60,1131425097.5921218
875126e5776dabde40e29b09,803630001.4493866
3a36f59d7c0e6c4eb85ca0cd,1154655793.74686
630f00e15cbd7826475d1509,976083752.5125636
434782c3d1dc2b9ce7bcbbd9,707701783.81111
a470bd174fc7587dc1449c89,1557418595.0025487
99c6f87ac92cc323c8caa005,1465779632.081637
ac9ae945fe25a46184057606,1475564849.7172303
15d910dd93e0aec22ccc2083,1486893943.5008888
6e1a9c8457d3ac6a57598052,982320234.2331588
14e179618d1a44c5c55e23e6,531586345.8388302
2b8b979cf1952fcedc63ca9e,446023980.96121466
7cfc3061c0b2f3bd48375ab9,810602078.0761622
7200e3ba2013876cdbbde972,720965091.1807854
9ddc1924043ee8361201b39d,1051137993.8241311
f22d6cc8c9611a7c23fa8969,1057009852.3942764
b7c0a0a4f5c5b986a70ff249,619417529.2828875
adf176b63ea23e08d252b5ea,739296543.4623964
77069fb9fac6b61aa6a89ae3,865106479.7324839
7f0f27f6d30c743acb3e867f,1011803460.6188291
7e299fd8c2d53ff1cf95aee3,1064869600.4620637
f309733881a4f89d9c8a8958,879368125.1016117
0f937643c067371018c8deee,1025342858.483417
8e35609c1265ddf59e1c015c,620609946.5503541
c1ba606f32ce0337cbccc2b1,740981910.7560726
15f02dd18da12f4d7b0ac2ab,622395559.3239042
bcbe8ed608f233d5ed7362c1,1053469154.7576858
14611fccccfa2a6499b2acef,656342398.2937436
b10b428245022d55db248b72,434638501.88590014
13e6c5cde1004803fed93cfc,475448004.7347292
ba31c38eada33f680d44627a,789265902.4604502
3786daeec4a4fb40ef07d8e5,1038342508.9471098
7736ac030d8b587f44f7898b,888789720.6351763
98f89d21e5dbe53f8704e745,888467114.0163312
981fcb79db3881259eb303bb,487344724.20855004
08bb88dabf0070f72a801a4b,878771176.9110478
32d56542ab5486bdaf4466fc,780522875.8361744
c0f911fe7ee2113ec59cb5f8,664945198.1168187
3adadd50e603746e5e4fc082,735427648.6979051
d117e9672b3ea0435e7a894d,487344724.20855004
020473766363019ee40d6685,947112729.9931052
b04d16faf40ee02eda59a9af,487344724.20855004
bd6f3819a1c0e551598fb9c7,430471708.0654645
5520cf373444931ed8630635,593871610.1610012
40355fef059659469e16e3ec,500712667.2677116
deb844a2812586991b3022f4,703969249.5483127
ac0b895f523b53b4abd013dd,744880813.403659
ac208e250f5ae3e5e1008351,554596719.9045963
0064cd1c55914cc8370a096f,519608968.7373758
165fab7a9f8dd404cf4e9d9a,575172917.7031791
df3eca0f59974a812b4ea9b4,1012623631.1263019
1b7c062b606d0560e850a2e6,462264973.2519313
87ddb3a17b601cf7c61e8c07,650278343.8051006
837cb6389640f3919bc73e9b,1111248063.2368724
77bab76414ecb20888cef7a1,887031000.0997679
a9268ef5b7133cf6ed1a376a,853387559.3988712
cf7cbedea50333cd2dfb0e30,699739429.4596313
b0cfed2d25a5d78c96d39d20,626641846.0081723
ec0c283eeb8db461c20af1d6,1022508937.7397121
27c3b7ba2991e7bc0c9fc322,826393463.8326079
0332c7ec0d3e547ec6d61664,1172754743.6970673
e58b92216ee6438a921ee0d4,752407211.1086693
f7959842378c94c9f620f561,930032099.3706951
cd0236af88ded6bc15b49eb2,888789720.6351763
d40e0c2222c0debe89735e88,930032099.3706951
2bc9bbe0f0216ed9d865a85a,602346178.2359488
e9bbc31499ca187c6a492175,635999576.1799077
f2409d037bc8b3e63ca69fd7,917779077.202488
5ad71b7cfd356a75021174ab,594615161.9646894
67dec8c47ad4de9605d56db7,582053324.3016595
c6d679cc07ce4373197748a8,1261967173.0341964
a36ff3637b7d2b1c52999ea8,715934583.6154232
3a384d68b7ddab45e01b6e99,935179483.6429168
42d34ca2252acaf6e777d23b,1435783306.0832202
c4b2a42a8908cc35e649fb16,756175376.953791
18c38418824075acaad8f960,627813224.2777963
85bb6775065df76bda33f738,679343472.7728796
14cee0bdd9dd5537b96d0786,706655584.6403795
ab332133aca64315672a7192,777039751.8546996
d53b60b0f2c65918153ca2e5,629987956.5971944
ed1f81648083d4d2726710ac,680737234.4003093
b6692a933facd74b4b11569e,478512966.82152283
90e00fc58569167c00fae7d0,748847849.2045349
8a514fffdec277cd46c7cc71,929812513.2715642
7f0b4b5851c77d78805320c5,512244533.6325873
fed1a608e3c0f2b79cd02ebb,817769780.4684838
075a5474294e25da55373a09,394609328.0904494
8826b9e008064cea38855d35,555085166.6796556
660eb3b40b2bcd07df8f5c3f,420426353.59701467
d55cdfba22aae78b6fab5491,383360272.0076371
ea6e83dbade169818975e5b3,570105332.442213
dcac44d3f8024c6ea1632432,452612440.1603291
2772adb268cffadfb2917c2f,546020233.9394448
3192bb7190b9130c4e67be4e,923443424.8596011
9d892f73b02f001c2f715607,570372389.9900702
c27d72aa1fc5d37f4cc105eb,978896531.1109493
6c0ac32bc8a66844197c5fb4,927748366.8495014
52338f4f7c8af6c649106a96,601856256.2592263
356815b8ffc300fe03073b7a,710483465.3199798
22c780d56cb97fc34f29e9cb,390773025.5371732
806907598158861a6958388c,623665337.1599668
449cddc4dc3ef1e93b7f7c26,586675660.7652013
b225270821758e45cdead76d,555128714.508194
e07bc486c6f5541e4788f83b,588801165.3108516
970c0d4928a9292748c0fd00,943621685.2994217
f73f720abdfe4b5adfa2bcda,540602453.5844946
48d3b0ef6e5f999bb90fbfc1,661572445.1898862
b3ec2f8af6e9adce047536b8,778888673.0870593
0e1c66f843e06f14d7264864,636527601.2048683
91c4f018fc7939d150593935,855449201.9343917
102434eee07ed18268857a9d,761268158.583101
a4c70eae507d630c2f285eb5,1094429133.6883752
45abee1de734dc32936d0b1d,724508714.7877995
82bdf442e186baa829e06da1,638522336.6127948
019cd320e02a64ba3ba9a37d,713996744.6535698
ba1b3c8ac8afafef56233c84,800527604.0779259
3c3a0f57e030472879f454d8,1030271541.4427568
d520e90e7d0c44a6b8852e5b,617280654.0640125
38328747d2e1e0e568c05523,594965354.8388786
659e9ad0f593b644071cd850,688453752.8694375
3e6645f2cd377ba17ae2e46e,394685321.01633155
307eb683db84db535106c445,649598050.096819
26c8961848e3a77d98049638,705101215.9593639
52373e15e9dc1ad371a0c090,536802219.8703707
e5b2a446c12222efc187e02e,642141182.8343799
156f706d1d30de19f7e369ea,777177372.6350535
aa94d2ad36bc0e91bf561be5,849025278.417319
8ab41842b8e41b89d8670ecb,517236314.6075609
b19ab02a8e22f3e88a26031b,710846550.1158227
a6b1ca7a4e91c4c0f4366984,743436819.4476355
a277d5e8216fdc3d7c93eb2b,694949752.8142838
f939b7271c4d399a5e647f8f,757916765.610502
941392f9a135909273422dec,734903945.9585538
e07d8e9e38e309958288a516,671682922.8286356
258f10f742fcc835d53063cf,779881755.5971426
fb672b4cb1b66f2022f36a40,733921472.379488
ce9dbb6d009cbdbe654edcfc,882389597.9844385
22e524f1fab17d5b8616d741,1372306400.3371093
7f0d874df9235245f47b04c3,928698154.4861121
27a8a052b815998c771a1f55,1372306400.3371093
b80593fba07e21f8bdbc352e,1502423950.2719843
d18d990404e7fd07424f5a77,659177243.8370029
033599f7e7ecd8d9c8cfba46,1051252573.7176725
51cf2fa527c3db62914169b7,680792825.3003503
2b2fa2ed0055a19859e78446,714286650.1061884
a8e1adbf076dd737c079129c,1233591740.3977153
adf948af7b24f9b6f29610cd,571339501.6767259
23473bcde48f634641769e22,420450236.76514924
c90486bba327ede32dec60a6,716733924.1469783
d254d88ea0989a609b71fb72,535164021.4886181
2373c595d24a7b862b518ec5,958871786.241247
ec401de1c0ab2dbc149da048,748403676.3339095
17c0a8fd3a2c8b5b18d61e4b,763272897.6698802
1a1016e7a96da2237b391be5,565690811.9101497
c5b40b510bf7f121c93a2332,823918523.3910902
aca37e216a27b4dd5337df99,921188739.2404891
96f59167d17d1c99f31be997,748922568.2185239
062b36cb4a87cec372f9f91d,702154761.04624
0466a7e06b152c1860d44334,678606121.2414228
f44726680d0c594a2d430bbb,841333520.9133276
8aac8946e7ae5725971c5557,837661915.753227
e1aa6c46135f4d1aa1b7a1f4,781423617.3885858
fdbe5801070756d1744211cc,984379284.3573519
6ec4c88b8d3a16148e2e7348,984008491.7599776
57c87ce038e4e523b4ec189b,670232488.5989403
9bd500fb24eebd53d8262b62,937762617.1357958
85a86e01443aba593f95dae4,701148188.0976464
13e2ec0a12c8a48a753b85ef,399082709.6416662
b93dc01af5f49e6dcfb7a547,491006069.3042578
71a42155184509caba01a1dc,442589275.511696
25fb1c0c4aace859265de172,724508714.7877995
6f63e4f866bda86d5c993c8d,636053508.9242826
72bc42a5c73e7b1f9d54c835,836432851.5000582
c06f36b42021a1512cb6e3bb,433288422.7587756
f1a7fa5dc1996591ff97a34e,547431324.4647913
6128a8deb1f0bfbbf0d67769,832940341.2449063
b5254c6c29b4f6984d328216,451156448.93881774
6cb19c3e491a60bb2c166669,513697142.9741337
dda4ee9f3811c29e2b261a5c,617280654.0640125
7a564ce9a4ed3d2b8fbb1103,724508714.7877995
63b982fab95cd17211a4a58d,552241280.9340937
5272c50f1d8fded01f7fb0e0,549145303.4777502
02b47e60ab77588aff6cb433,893008367.2927374
ddcc7f7a087aa5f4797a8a5d,482710875.1729694
77a887ca508d924ad5203194,771514604.7382922
b57ab7afef2b8aee016ce6a0,995685701.0662323
640a801d503d85835eb65a42,1024849683.3621029
767ff947b16b2271f516c28d,738767181.8311641
1dbb46a250f504e9c8673bed,695248587.269351
fd6e9c9ed7679485dfd0b022,696038241.8892472
7dc4f9de14c2924b229ca0a3,920746172.2787112
3064379f468404110d594c87,1036910712.9945576
6005ebd6442c62f8becdd2f5,964945021.3950976
b62e960eebdf95c2eaaaf9f3,1070692769.8279235
7b0258f1aaee97661c34de64,815761092.2347144
91e2f9f7d4ed776d38a3274f,658568609.3358818
d505277049a254f960e114ef,971208332.2505437
32040dd7b8edfbe331773288,973864529.5692722
70e427235490d7d9c9239676,1166786972.8527205
1a2aa38b8e18fd7ed5be77ff,745216665.7232097
4883f7ce7086ba9c8ddd4315,998853238.7460339
4116cde03803e63a3e87e847,1020571337.0969075
d6de5d741702387dc3f4481f,936537249.6012224
2346533f4712f3bbd036d85b,1022110943.7012472
f6a12c0f02fcff1be042ed0e,731745030.841785
eba3cb8156e0115bd7dfb525,1237214918.2173717
ff27ae490bf03513b6bb386f,1202859305.2654397
e87779bf2f8af86fc4ae9583,314192249.3979934
4a809b3987cff0290c1df8fc,430085442.3667735
8f4241a17d1211687bf232c4,536214093.9664303
bd8c1ff6f9919ec6f1dccda9,702124258.1702232
081e008e772c6a79b809a87b,891233803.2297935
0eff08cf4bc42dd442a70231,901450575.2269938
b4e084d14962cc58d4089955,994719750.1526079
d02c3b5ac6fa0ed6db06e490,1001926261.688594
e8abf103cbe9fecbdd758516,994719750.1526079
05308c4f3d0e0887e4a68a92,763423874.480217
256a6ba3ff423a899229f154,532418993.050025
097314d920292b46eab5dbc1,695749499.0677172
4ce0fcf14266d144c82f8d4b,469462287.0089148
548791b5faf236b1c03b7523,708931062.5181336
40ef1682158d0c3cd07f484b,1125795274.1827404
7b473504c85e9cb576f951e2,690060627.2881378
730c7382d76a07904f559b28,639465687.5123296
e05598d3c49f409b937ff2a1,586020318.3186054
844dc89fe6588acccf0c7536,593263062.8590533
ad1492590bf61d2cc83b493c,818453014.8678547
88fce3ad9b8a965dc11336cf,613610295.9043229
b76d853ea415967415ace0d7,638238768.2504522
c12c81b3eb12bb329466e88a,1298679554.024601
4e27458d179a469435d02ff4,789311263.4818074
8d15b4bb1447eba7a680ef47,324442302.22225016
482c7150c7555cb35558398c,943957613.3282119
e5d6be06fd53d317c8e5c7c0,623088045.54152
f798e7105aa8aa66750a2c85,981141760.5098555
eb24e0a0ebfbe16eba466280,1062169351.4213587
618dede0dbd48df4fe610af1,1008642745.0677083
6fd936b82bcfd3cd2451bdfa,807642209.677412
adbb5c4ba7be2903799a51b2,1015310569.7075826
3a99197868ce338c738a3b20,630937945.4810879
d4c45f35f214fc226ec85b36,979249426.112637
c3140ab2134de662162af508,376479132.7210074
0fe23ccd8e42605f4d9f78a7,245992945.6273296
8816e8101ddc4e704053e23c,832415479.5316273
64ecb100d7882ddec6bafbcb,847293018.1866165
9151a8c65e1f01ce591c595d,619453866.5589556
c8a40314be3014c2a218f5bd,1006655348.1216063
29bd4cbe11f44759e07487fd,637725994.6570326
72ddab9ba5f24941e4dbed6b,1034792180.0650129
1f18df9ee1b19359816ed13c,695290047.3640531
fb82175fad61a81e9b665fd3,1094682978.4903173
dee2e190c4e2539124ac3ee1,684926104.1464629
0cc2f3a49dd703e7554ba638,742305432.6200225
ece0394e38b152e6c1571324,1465779632.081637
e14328c988a27176e9fc63af,825104926.6121073
a91664b9f15f9d6f262e7b2e,1143444887.9890168
d54270fd6b09b38a978cd7b9,834062364.3542566
40c74dec061500aaa78f78b7,676880877.5919946
cbf6faf7b47b43b2a77b3654,926825623.8593102
52fa1eb3cc7cc2f77ff98764,642372900.4369998
bae512bdd3b04405c519bf4a,757225739.5873023
e7fbff0a25cde72a38e7c7bb,1146343484.0482368
d3f297fadece964afe5f1cc4,1015110635.440754
2679ba671751ff16e76f1807,706999622.9102749
8059e45ca26bfefbb18d8e40,1039841934.488802
9e7ee8e17b1e76965e96ef95,1062129973.4234687
9039bc918a76e486041842d0,729147046.0588441
1d7912750a5e345f7edcdcbf,451682855.0412482
4fe0482ad622080f55a0460f,631605485.4421281
953fd7541735fa8d9a342642,1120465462.9237044
0b3021c156324d1e7974ce3b,1030428789.921146
b0a8e4b4ef6678e6b43865e2,674877867.4419794
bb47fda808b52f30364a4d6f,591111518.8998672
d846dbe691d0ee3ac5c3bec6,1104743844.6175172
21932b5a5fa65d237ddb6293,591111518.8998672
07481a101afc1d5db45245df,782431113.1463357
d99c00c516cf57b6fd9e877b,550841031.1173677
6dbb494acdc64c03742fa730,767534986.4213995
35f69c7a9870ac62735d7639,548750504.1384543
2721f5495ef5dde16fd29cf4,1182715795.3511624
0c068dbfdafa3429c71189af,1140923611.4110446
f3293c4064d71f9322ca97b2,824365978.7294929
5eb268b95d7b6006b064f9af,703551461.2894593
e13a1c06ccbf814945dbc768,1017652849.9986236
935a1e8c7e62ca9d3bff398e,639630559.1088039
f0c7ecd3b2261873d3664748,1011194610.4311652
d2f20425e236285124eaebad,589010266.9989252
05926b977b5df59857194ec1,546186427.9624388
f548ef815603ec44f4629a60,1250699466.0414534
6cd147720319f60ed2599361,784422864.8049692
6302477fe8172d08f3b4815f,571311342.7365767
b0af9b1e84a1886489d46b91,837396828.1247957
5f3a2a31f6d1838e0a9531fd,1135023280.1561608
96786aff35713dc21f6bfe5f,933505656.729931
68de232e27aa83405b4a19b9,1305913690.1584857
8d252e9b0912f09703110b81,566243150.3871562
f4e646df504728ee1e6ad0d8,559664623.7322819
e89cf4cc82c5283f3db6f5f6,781868769.2506365
1bc2c099466f9a989266be0d,421054154.5528429
bef2008b362c4af1fc3be566,620648919.0952725
7988f76ba063d25a4f467730,786730632.5841827
391a98a344e894c6397d62f3,406580185.7096598
5ab0b8b0d6d93c4654b5cc14,824039292.6310011
305d6abea2f3e496e3b6fcf4,1115398499.6543963
f512fde4fa3f1f7fe885de83,696632875.7136464
c7b6e7a287602275f7854ef0,1120760112.3972976
3d11a16b008c26fe43deca03,912893792.5108902
ac7f21d22d013874c362d440,623441624.6077497
c933750eeb53302db0245782,575624899.1269996
766a8ff17723a5c34324576b,680417253.7712972
802fe3175a2059f12d7edb99,1092089433.4782321
508bfd077c80b6cdfc5a10e1,1075442284.1294584
ddf8733adb641e15837bd728,691175271.958823
17914fbe0c3634dae8ce9d71,977719090.2907059
09e4397bf9794fe24d87d07c,640680180.1553856
302918a3460b98acb64fafdd,572865883.1548938
a7e57a8be8fc8d8a844cf9f0,406321351.471014
7b50b071f4d795c9b5ad7531,846717102.2743121
91a7bcd95c0c960e4cc22d91,602346178.2359488
5d4a23137173c0e2288ec418,625435046.6320229
751ba0c00d4fae1078c02fb9,622395559.3239042
e6bc998ad1d87c5be3559ab1,815502390.963681
53aa9cd32e2a6aa346d3d789,815502390.963681
06f22f7a8e4e78f45ae81638,837863619.2302288
2105c17a4e2f97183e24aa4b,702351443.0432404
ec13a869c212c39b6ba21b57,755394188.9848281
0b49dedfb53ec812962e31e7,722505009.1406205
69e6fbd4d3816c4cc37b265a,898114799.2547077
ad46f8bd482500f3bb935737,788930058.1354105
368f7a70a62962bf31ec9583,1349750531.1650305
07412230b931192771072334,984851959.058479
e63d334d9ae8b672dc7b7d5c,1349750531.1650305
3e1c2c5b0831edf78f7b7082,984851959.058479
226277c02e8532922a1c769d,762163175.8607484
7902ada9116a1cf7458933cc,1244002345.8141565
b21f6e217d6733230a8eb7b7,1108830755.9923456
09ac622c303bce9ad5514442,653381940.1452905
ea63bca8e3a77fe88d88fafc,448473648.3379675
a3c7c54fa12d5b57dd997210,494661162.70086455
cdadb2607807935a0a5597e1,624962147.4946251
8d041784b65d33c76e5245a4,1096828048.0986586
e6807209b634455bad257998,696723567.1485991
b1e3f1efb232cb0976506cc2,881757416.1159607
dea95d98e8bff87b905f9172,1218533861.4415045
44b6382d9195ceb3f12d4939,923572583.4785177
41f33deb9990562def18c917,581653871.9166751
0a61250b2c208d42a3077bde,791709081.7418166
c714b30713eb7877ed3cd92a,531135798.9852982
bf120b883bfaf7641eda65a9,657354629.1166885
90b34ed38e0f18988f11d77c,873868318.7636783
feade1f4b3b06fdc12ec213f,731745030.841785
00bff9be2d524083e3b3149d,763423874.480217
f1e38e53ddb8a9d5b641d934,884911617.7816725
49dbaf0bcca86f32f86e641e,1166813882.0752258
18539b6cb6884f753e0ac18f,1003298567.8290659
7586a79a0151387a1c0cd85a,768771467.6026844
d533a334c2ad9d510865fe54,616768471.1087848
95f7bbdcfb59b4cdb41b0394,696180880.2806895
4a2ae08359e1ecd39b43afbc,705075762.5077184
e8cf39cada5b7755f60306d1,831446242.1313809
0489a476b376f7f6efbc193b,464947553.96800214
7b31b5e53015f8116fedb0c6,1087082369.1164708
4c0892a39011cc6a37fc1145,669937072.2222843
92d7d4fa9fd09075bec14a3c,1041855535.8600297
5e5ea93675900efebecaa19a,508589866.39051086
084de1226de9a6f4a6075c2d,630801342.5456964
54f16cb9563346e15b019102,423320325.70881706
512a6de80962ab797ed2bf72,826532685.7953861
871befe27fa79fc1e1813b19,1611211820.326079
4e0b1df5e05ac505c701f519,561170410.7149258
37227e66adec69299f853e51,754082770.403565
0a0e3ee960f60d04ffd6bc0a,591740400.3930998
82b15a5da307865c7045dd56,761167623.1473836
44d596fa36e3992208292ade,887733939.3726236
3569024b3ae4865240973e6d,495654807.16319674
31d3215c8345d48ce9734c65,561615718.2257879
147e7f5381d3c951fc446376,590202160.8806982
77deea164a3a622df41249f5,651903193.1714398
3cdee5304896e4cb9604ebe3,1034395898.7466577
f5418917530b72c9fea14f66,575624899.1269996
ffcbce226963f10da8c53fd7,657668504.7896711
2fffe55a1584619bd7c489f6,680417253.7712972
3920eb3f72b96fcb58ef778a,405015699.0340587
d10bdbfbd411ae625dc80611,439537985.1776574
d61ac80c0d4737c3529f4a2e,504622860.41131896
f8948886cb4cb018eca25d19,545193620.2742599
da5bf7f1c7b2f4ad670e2382,848439621.2571347
f406c9c3c92e9b31310a50ec,784014504.6443994
171b560236ce760573a990fb,1567284861.8684592
4d852bd93332172bfb081aff,1567284861.8684592
2e1f7569d134a931098a2ede,674030914.5268531
6d8d2ba62c52445d78f687ed,1052747132.0974683
65ae1a893abdc2eaa63d9271,1510453187.991748
c9c51c39725d7df94822fb20,606974494.010489
56ddb54e50deaf650a25e82c,567930579.4463122
aeb330dede55fb66654901fa,765402096.9170692
4f4e3350c429c6afc0bb0094,707222061.4884742
39377d0d271da03ad85c7bd1,670302797.0137429
bda2fcbba2b412981e708054,840360696.9897944
eb89d0b7914010148e6bb597,694648680.2632815
513d0ddf1ce44ca671675fe1,1071445112.0618742
14cd5f188cf6d2433240b5cd,582143366.6971055
dbbe0b6f5eb07a5f9ec873a2,551802161.8346684
f9acdd3fa50068bc0180d008,905688588.0807747
4a85c36fb854e922936b57fa,536905103.9019352
937876bdc44c3b8fe063a9aa,625049302.8026578
001399d3861c5792ccb8b515,1352381095.2428749
f28514aa4d6ffa36104411c7,630516375.5002857
3b185e3e31f7f5e6a1b3193c,818753069.1432639
f4c7cc4a249ae7037aa0b35e,728777629.3771292
b74a02ef5cc838952bb9afd4,663337855.030011
75f5aff9fa70208ddd843779,571832587.6721065
b7273cac93fb7a0034039600,1127140609.886625
b73bcc0cbfa173c9fa404369,998732928.7518922
3c4c18326318a7207b589dbd,342571380.7439167
29a230f7dde5753e65b661dd,1027371704.1852657
c083a5c64c4d6952accd7bdc,692076038.9328526
1cf29f882ee8b458b8f27091,741029337.3938208
94c15574aacdc5c3cf5a406b,693664633.6556019
661f7eaf134a5b142843368c,778858355.2684826
14a5bf235097782f468fbf23,539468283.1922653
d2d46c70dc048c92c8e4f09e,766059600.1043288
f6faf74c3f4e02a6b333b7af,1020298581.2870613
6dfa362ff7a0d55693793db3,685418902.2167208
b070e3747bcf22ed67509efc,637047456.8885573
7333f19416625d6f4244fe02,743648393.7956764
3c86651d9bbfbb335f15b544,688748277.3545381
9d8affa93ce4dc7c1a21b3a3,975437966.8169488
eb8cc67810d95d1b102410b7,1039840165.4056754
047f94605add5f6f84fc3f90,722996097.9523563
56ba332c82c36f07ba6bd271,1188181546.644592
5814a1dd61362ded4f1d8d8d,1683098428.6952305
141ac7bbe9637f9e5142135c,1486893943.5008888
08db0ce5cd15db2404ff3d28,784819304.0771177
c38677ed0876b7996f596336,499524769.32787955
daa4d7da8d7df8efc1adc9d1,529197205.8191631
f15c6403c6d4e3676a607780,742010139.2677841
4d0cf77f8cfcada2265ac585,586224653.5483441
4caab3951bd6cb6dc71ac8a0,618756261.1097221
7cb64b94877a9361f20027cd,581507704.9159585
3f438d6202cfd4527bd8f983,601449647.3859979
b7763beef728bc2021ebb841,584847557.8270812
4cea8ea969dcc433fcb59d96,1030041617.4067428
24fadbd1dec637edb728baa3,958643001.9248424
63cf422266e7c39a6c895b3e,777125558.2153312
dbaa5d47ff63125584bf7ac0,755434178.548065
da12ac932dd8a2fabade4bdd,825110948.9736779
f35538e95b4a567f9b834034,953208904.3269595
6ee1e976768b68cbc8008950,830833331.7663081
a910019b3d18da92b4c6862f,692912330.9557525
a09413ca0b723170c26652a3,640906506.6661235
2b451da55be3683c33e4de31,1126694931.617592
561840990333852ace562b82,577424040.361658
b6695af1ce28eb50d7a2c25d,1349430077.8423276
9327563b40f2a0f888c68f28,1396129510.301368
3438e5d77044f21743e56edc,708427859.2544519
63cde4fad1be942dc5ee695d,399654403.7260607
8e712705b7de6e791c8735de,630622699.9720132
85de01c0aa787152c77c6180,439365452.18004173
c9b0673becdedeede0209697,398022921.42155623
15ee6357e02b76367682d6bd,1001926261.688594
5f284a75ec8e9c72abc76695,938598061.9927545
37e696957da15625da71146e,743733006.3626093
96a478c359fea0014fde607d,911350771.9722241
1a61721fb7306d55dd77b6ba,911350771.9722241
a7577260fa10bf408f1997d8,732086263.3987758
b3f8ffa761119a5441a44ad4,1229077942.0425763
a5c85b445f503a56e0e2a924,1548730030.7415493
5aac1a1d5da10b76ba4b690c,1205447554.7894328
1420543e2eb5f38e4d38ba81,1681102053.0046039
a530e3ff6d7bc1abe333245d,807642209.677412
aa9988248c7dedb016d8b6ae,1043061263.3237494
fe8ab5495cae81b5478026a4,815761092.2347144
b463c62e3c21e339e7acb52f,694648680.2632815
00a5133e7373eae3f0be8f2e,615822858.3444592
38b424cb0e54f0f7f2745781,653788650.2001126
c43530f324a3ac90f53a8849,979249426.112637
abf93b2418fcdac14293c9a7,547431324.4647913
9b1be976725ddd512cd222a8,1050858983.1299723
9b7f17ddae12105d47fad7eb,720566725.5560827
3caab5e89722761d5ab2498a,656342398.2937436
a2f40c8227b466249d6cb659,790032767.8430334
e6a5007ffb7c1321d4fc21a8,635105071.3677405
0d50b435188b7830a6949026,541350760.9052967
d4bee60a74c2e2235f507ec0,689536451.2782923
b474103c4b637ca25b5d89e8,651955621.4847852
ce6ddb82d2ece3b8d58fcc63,466312447.4583799
28403f16831effcb75471738,464990798.24466884
03f518e2e5861002772345fd,464891600.2569899
011a6d0f12ba108ef15076b4,330359663.0103338
93ac0b004ca60ea56cc2bb9f,682516934.1415728
1b70fbd3e46da8c47c3eed61,544395848.9355221
cb40d6ea6a1eab77a60c1ba3,706440391.9513457
87c73db5d50e8ec3a22e6ccc,775177608.0055437
9aea45bade274e4ed91ec301,617467401.869757
43c22bfa9a14df7b0126c12e,486998569.2511426
6d848e54ee68e6d8f23b3b1a,565223788.9686427
e5cd7a2aed48057b0dc8d970,571678549.5205269
bc4b94c892fea57ebae3eeb6,651098562.0330328
e7bb12e99318573a6e6ce1cf,755801448.2520914
4b52ebb0f0a8878def4170c9,968794153.4289075
3e85b447edd3b23b5a0d3b79,732461764.9904768
15005fe7eb24aa25b9e3cee7,617391843.8799412
22e00f8057294350ddf4d42a,1037376549.1707451
ddf2583bd65f02abf7ce3280,814817584.5614367
704e5657734af93d19a0e5fa,760361159.6797545
cc1a11362066152d21d4cc60,584973525.6881444
12062de068acd322b610fcf1,1052747132.0974683
e9804af0513b2f68daf182b3,588313897.9924375
f13d8f4b2e3114d71e5ed941,911850363.6166656
11bccaef3431fc17953eb81c,1075917434.193443
ef2b9c11f884cc5f31c26f60,878696764.073403
25986c851e13c92ede6c6d6b,1191017732.3315983
37e28ed39a51956880d211af,1430476818.5854707
9530217ea0b5d2395adfcc9d,1472990819.9170718
d8607e3261ef1546eb0c30f0,1027370786.3507391
22a025ad47ba22ea9fd1a094,1023672921.0074683
1c88ddc21f3e8e4ca633621d,384586850.8474087
e45ba581daff88707ad842a9,735383715.8839144
d7e97cc158c6c54b02fe635c,843334649.2955387
04bb7cdebb8b66e783058248,583062381.6012428
d60cf6dcb7b4b40077536604,1022110943.7012472
85ceb648cee9f6f3d221254c,735956130.520349
f58528d3ddce3bc6c71bfce9,818085670.4899013
c269765ece36cd93058efab9,584475293.0889568
919bdfeb16dd0bf67787d53e,482710875.1729694
ed8eacb8746dbcc3c2ef3aa9,841707935.0817345
15ec532ec6fb73074b9b12c9,613040965.6547884
58a724e8a0e05140b07539b6,731745030.841785
2b7a5be93795a65d29970b02,720670403.8774811
6dde9af12b6597425160a47a,1129540543.5429542
f0ec99c13c61e89310ca9b8a,625922644.5365703
65c83da72c07b8e74bf581f5,976718914.5496223
3ecdb7a7d178b48361340ea9,1107696977.638224
af22669e3ed10470623fd8eb,702716170.5618584
748c981380925e1247b9e64e,1119809897.8231418
78ab6cb1f62a7e781d4c4d0a,488963394.0207928
e80ba06329760362c7685ca5,605881523.2835574
3cecc0cc43ef46670a8e69bd,649266870.7301053
527e4b1b06637b5362c8f17d,874526918.5442332
cf9eb2cd0f20b13cc8816bbc,633351292.3791374
4b3a6baf8196a59bac8c08c0,544457743.1063122
9bb9864a6bcff25b17477717,614435024.568238
4f7d630c921cff500705ee5a,633256433.2985251
7b7c0544ece4aa383fd5b4ce,779603521.9233199
191094739043620c72aad2a0,1002293130.5548619
a20435d582c7646db231e7d2,786754824.9928313
1555743ec7e2f38904852860,763272897.6698802
1c7452cfc46652a60b7a4f05,786608697.3903204
97439d5a82f970e7f50d51b9,873612289.1922656
7667cd57d0bec809417c9b11,635914264.8519142
103f6eaf04b44c4013acf097,1404626025.1979425
e6ef433629e193042bd30f4d,1055105051.2891505
2ee7f959d069c9ca223115cc,954127752.8499739
b46625b69fba1afc154471e0,840242343.9787248
5cc0700421954934cd8dc445,728209360.209409
066f1b68f7c053a196662fe0,637858405.6195292
645e1c7b799a489887086a1d,1011194610.4311652
f426c41d6d8bc99f359f480c,410227535.36614186
d1be4eae680cb16d0c842606,1250699466.0414534
57a5f4f83a474ae156f207ee,703551461.2894593
53eab0ecc3ff098d55666699,1354154551.7815938
54022fa49ecd9cf290aefc89,1148609969.6693697
545db4962e6294cc5ed07727,1050858983.1299723
8e17bc9f09099ba3138c232a,1046466219.1517301
3b4b303bbeece313f92cb85e,731381647.4079541
d0119d7bb15452c473ed28ba,622122256.8928882
1a36f98c62f5126c8064314c,643425981.158739
96a77e8e42d676b0da3fa572,669158379.1376188
d7d6f668e3e40d957163276f,921316445.40815
5b908b8abd8dd0862440c172,649942695.5010394
81716dd4aedf72a6a14392e4,503156540.45861304
47d252717c4bcae3e1ff19e4,1165160581.402331
4f0b2f7e4d787a108a4d2537,1003951019.1681356
90a43053efa1d292af692a87,628771518.0942602
c3df4b9fdaa4dcb13723b5f1,720350942.40257
4b905620f76873355d317dc1,720557088.3026103
ea16314310144a10c81da9c7,372822543.8409485
0e5db1a36a521a5d2912b238,627784274.5258962
c53c58dd7b26902f67c3becd,927041998.0127181
6c17875f20f58b1fb211c18f,1151875050.4101048
200020552855ed39d1af999a,643875489.4446282
b44b862cbd855d46954eca5c,692622124.5320306
ce47299ee877638c4729f60a,682448429.4397333
3a28bf9841e6a9d3f1bc293a,719403587.3339273
3a488b9e24d9b8fc7c222e20,413410719.4754611
5469c33200ffa87952b356d0,377493364.99769074
b57174dd86ed451448dc501b,717220374.2337804
ebe09efa32acf6d680341840,1040282596.5081562
33f7d5aa494288cc90d60456,1294893618.9291224
de9a32ec454c2696cf75eb0d,953274022.8367386
df4400c44a166c851ff46eab,761974286.6617932
5dcc8f6a6854a864dcd27a87,870440235.2358606
bc08ce9f24533cd644ef08b8,489250351.98302495
2935cc0e053bf558a8b73054,870440235.2358606
f08001f2590d7b734467c58b,511529892.731846
5a9892659590355b91442979,802191405.6060762
ea34dfefac91681864c2bfe1,914120533.4417516
ee3b5d47d05a80c07751f7a1,1130388949.5341547
448ad01af4c5cfba3feeab26,1130388949.5341547
bcf43ae0b4b15ae168abca97,872193080.493697
8ccd326e4f515bf7e817a14a,692469341.6820399
94535dcf38c9c6461a73db02,578533612.8734573
9b3557302e940d4da341cdab,589682134.3670355
edf8c961862a4ff8e1e44f1a,974847519.1858723
6e508fb72f189a4fa91bde58,851744092.4406905
7d0a4771afb00cf9a38ccb81,1681102053.0046039
8c32b6b31d1a1d5736c4df61,1230631339.0188198
da782fc0c8a79e3e250f0f67,412361602.04953426
c86e643b7f7b57b4482020ef,571103473.7741613
4632f1e8fc93e268ddeba07b,732140422.3567308
2cd372392fda500e6526695b,611483612.8740519
a05ef49ad8b2d6c466ac7412,1305124439.3022785
9f50ed2b7e40847ffd877f4b,1117403219.8805482
c00083aa30ba7d953361674f,402482829.7238292
50857161c59b991304f5c55c,678489603.8858382
3676f63aa0ab23ca7cd344b7,589637689.6441845
3710ec95af4702c45f165279,617391843.8799412
16db516a238934a730ced1e8,645700257.2024118
d450dd622183c7cc43a20d70,709237746.6375048
ba84fbef80c8a82895ec599d,1107255476.2123713
ee85a12b8f764bc15164dc7a,607948144.272305
0038a3b703f4ec779bbcfe6b,824208184.5449083
aa643acab634ee591a2a43ce,632501207.9897711
d6438814f4ff3853bf6cdb13,864123662.5608063
a37522af63bbed2f4d10900e,1681102053.0046039
0b715ccd3b3e01444b855857,431707314.2816018
fbdb9caee4455e99259cf921,678597982.5677955
b3c02569b8fb721934f51c52,568671320.8942891
c07e2ef0bed4be12e41c783e,670642166.5141202
1b4e4016cb766bfadea42f73,432772273.27565736
ecf4e968c925cf8322f8a0bd,532113764.49704504
6cc0e6bfd30ed93fca2bb217,528421894.3280487
3e7f514983daa92e49a7c87a,388471057.04342115
97a22807207cdfb341d5c50c,335234328.145579
3f9e95762d2f2056e9716039,521548616.55186296
255c5b92d71a00c3a73b9aa8,480423890.8211022
58d24ab99d74ae4c449c90ba,684840930.9190792
51d1df6e1f28c40dc9074b74,1582509915.6924922
16261339c3a99635717fcda8,1125078072.9411888
1475cdbbac4aa486266e439f,815843963.0816916
2a9974fe07b1e4427e386e06,594330438.1593186
cf76689ebaa20c70d9db4d51,1071445112.0618742
f9379319f992cbadc43b9189,741029761.6521348
62313cfe4272d263173e1ea9,685642492.4110217
b2c62bb0cf8d210dc4635653,1137606567.3482757
5d2fd288d33283826210cb90,1472990819.9170718
3454ab4ad567d2d22d990fec,682608184.8919308
58be66aeab226c35330d57d5,696505955.630702
315ea6fbd6b3261cae7fb900,675221612.7949263
6930d8e260fafaa5c317dc82,687883264.616922
0fa99fd0e8cebb71a3bb0871,359433448.24696225
fba946e4ceea37176170835b,665786134.0701255
b53d4d8d0bd4a0ae84fbc22e,498598588.24388206
8bb1a2ecc997779d1addf12c,451191591.3524277
6dd97377cbc262b07ea2eb99,494877848.5930806
5c50853824c890a5a7f0cd70,840817434.9611131
4c3865a97f5877090e7a9649,972650442.069231
a3cb2a035f98276076f2d848,382658497.6976932
40d04ff9c405cccfc82ed5a5,566114690.3523909
22caf82aae904c79057fcb3b,589957556.0808761
eaf87358d89af17c3e004c21,976712948.5751865
9ab5ef2c5650c4bd05248990,432772273.27565736
d96e3063ce77ab1235e2ba26,561972323.0662684
665d62a8019b27bf5ce6e6b4,529840112.1938085
56234f11aae98489ae00a8d3,780356123.2652159
76a5158e1a5c1f9fae8ee882,549203809.9570383
d974970034de145d469d09c5,587731583.4508157
7b5db1e4f4f47b4bf7c827ee,655517344.2002708
73ff6ce99ba5dd8cfab0faed,563950623.5374923
e1cecc8f17883ba6e2723826,545614637.532367
857870b1412b84f0f19ed751,641965659.003597
d89dff35fa1944191aa9ed98,651238906.9880056
86b89233e0176e034ae3cb7b,709778697.5694379
dd3d529f3745159d9e7746b2,935501018.1902211
af10ec1529a63d0bc10b056d,721932654.947598
a2645174e4e15c49331f576a,1073741295.6718819
311dcf366691c44243b7b89c,717642422.0971797
4cbc74a93e33f7b4812e1a7c,484576161.0627922
6e0140e1d667cecd155c6e23,637474237.3668218
dba6308e2358f30b7ec33f59,777475091.2012724
761ba98d35074faee3594dbc,812644103.276364
b961220d34be930fada80887,723213157.1841825
c9c3973bb37b5c688a7c0157,733821303.94018
79a0bffec81b17d606a606f5,1073741295.6718819
135f6f92c4ec95847e8840eb,412573373.81271774
05858b1e4445f56f22e1f4bb,916249994.7231094
623b7d96c0fa09e50148aa7b,911850363.6166656
e61e5d3288f02b904d3b1e38,1069915317.017155
0d173e7afc8f8babbef6ae97,1069550905.3371229
7635a792e5002ab99ceef583,539805062.0509924
4da93e7126354a474d435a4a,1045168107.881763
a4c71322f79dbbbedab3191a,895572282.0067785
57ef53ecf8b709ddc05aceec,630126516.1818805
65c3e09ee6f1ef0500ca4316,1233846653.2417667
74d0b6e87c2045f95fd493c4,1038048660.772875
4a3d0390e005fa5b4c9403f4,1126336483.2660387
a3aac701ae444b6d91b7bb0f,666141111.3348156
4afa3a1b63c076123e7a5279,1201047004.951399
c97adfa6f5ad3e3db6b80edd,1101446648.4652724
58cdc29143b85386c76bedbd,1156126306.6115994
1f81176d8a0c61a7177c6c2b,1130551472.8816888
1c2e69465c75fb3af2d57351,1132034765.0843098
7a10ffd970cc822108ce7cf0,1157633020.2298613
3bfccc757ef82ff2774f2db9,1437510578.7640588
3c753ecb3a4f8ce43077a6c1,1325197279.397062
100e9e2623cb0fc52fb08813,1024351170.1498492
90a269d52e47c1705f9b6cf0,1443978665.1168013
34f4df9fce2ec05633d0cbd1,724014694.190251
1e4fd826fc8693b17f6efc3b,869742597.041306
efd9d848677015f13688453b,545964056.9995134
07cd866c871333283ecb2d23,947972690.3482139
76a307d6b36b8a51115e91b2,659715140.984933
080969c751cb94822aeeb755,478888560.5518568
1e37fb708b70b6b5e8fb5cd2,610292510.5172771
4e47d2c8ccf9929ad9c84544,597040038.5214444
3c877a0fbe08cda958ff8f46,791904737.5920353
ae59a0d6441697841d86cfcb,567665159.1653259
2fdb80ee4f9a35663e92b3b2,619826537.9588555
3a513410a390c75fc14b0b3b,565055209.9475466
0616401503f2ebc05af7ce4f,906049187.5182112
98b973c8597d5805f87dd074,576256634.8136666
7063abb555d919d5300af3aa,760191285.1205792
88c4b21ecffe12cb6c408a6c,658568609.3358818
75a4421cced1111492d00298,711342327.9084287
0482cd89d767b3b7de976c3a,608149503.8645878
bda9e5d8048acbbe5a9d49ea,506705389.5087647
2152ed6b2b2eaf16ec272cb6,607279492.8437353
9bf2e0c1bc82010e92da2540,924817309.9863356
110af3c21ecdf156898c7c0d,1001926261.688594
2790ead3eba9370f00024472,632501207.9897711
9b06c7cebd33cd26cd6cc089,1681102053.0046039
fbb89795386c14f5088fccdc,817710076.8648022
e8a3d9d6134ae8d631791e52,1397507522.2602863
5c535b7d92e34c0fe4b66891,698597576.7707702
d88544e4e85add30aa795ce6,593857878.2618473
01b78983d268b52137e5ac1b,678028312.0516174
25414034e50ca33fcdcda4cf,609021508.5581927
2212e0125cb7f75390020951,607939468.1268835
a4d5ea1b907e98be72b5c49b,738116683.8896947
2df90c0a3e2b9138fe276a75,785342952.7594308
c520b7e8de3796450ce49a30,582625913.0495814
35114fa32397272437e67a54,630622699.9720132
bb5726ac16b4ade709151159,795431565.3724371
b4dc6733589bb35444b74c55,678431377.2549927
3b0b0bb06d95c5ea1aed2d95,572976344.7681162
fb7bd85c05cd74d945d22de0,729090589.802893
6396667677a878ff61e1b536,484944932.6373789
47b5804ba1a998c3e7544092,847476632.6308684
ad4d91ed26c1fd5702b94064,806042470.5329531
2b802261b8bd839aa0b04b16,817710076.8648022
0bf9fe130da23aea7142bb7a,673724446.246958
90511f2411d4a37a7224b995,990372789.8194634
1355fdce5b97bb36da15734e,1171262477.0001204
775a6affce535c5a19ea5f30,648371032.606172
e36d70d72c2758d7fef242df,857891036.7341408
2fde05df6a3aa9f57385e6a7,629029404.7426629
5e0100ae728e347eedce5b14,1250699466.0414534
a636ffa140f80412f003734d,820755893.1489911
74746d24b9bd86e23338bcd9,703551461.2894593
99c539fecb3bc233288ff905,957047526.0417138
44760087930212643641eeb4,1457381655.3719106
2c5d940b5ef2276f1fac1ca5,1011194610.4311652
b26f22f1fd5a991ecd1e07f8,840161081.8468653
1ffafa78622c45ea4127ce82,1132279279.7578404
32a555016892e7a74d231545,669158379.1376188
8d06037db08d0754bb67da4f,637858405.6195292
80255211d99c72e343b32798,1366708270.7209487
070062cd1c769f3be9255af1,1457381655.3719106
0451f65828e628c2220df77f,731381647.4079541
d96f6225db81dbf3d1a0e9bd,493104395.1074114
b1527eec2e6709dc51e03f9e,903745866.1204516
5464fe43eded098294d634ba,990372789.8194634
ea37ad89fbe4159940586718,647953550.4171112
4057a676e7012fd37af9c3b1,477802338.30660886
51273a81121232e7f30cfd1e,590719929.2877368
3cfd9ba5c6993718c0c532ff,605881854.5879925
8567e677b30c410df80004c9,940345847.9972894
7a34bcd9f86f5036b526c3f4,605491785.205137
3dda25226646e1e91f4c948d,605491785.205137
a2529027db6b525e365e7be0,578991401.5754678
c6115d5e908e04e67915a581,653013752.0507008
8d0ae601094562744c8dba4f,566578197.2343923
55209683056fe2f9faef7fc8,538842104.4238775
e840095310907e82a159d683,605491785.205137
278fcdbf16e3064ba42c6785,747012212.5445774
74af10afa02e7724eeeef108,749850518.8289444
b763f71e8a5bdeecf0f3f0e5,565949227.1593599
5472d536d1b6b731537bb67e,1231228216.803488
995ba6d1fd63d5160fb18e71,989284520.9130436
f424ca724e7df1c37ed78aa9,707908684.6615666
c2aa451b62293042b7244fff,1210344184.2649608
d4ca9506161d3f4bb3ca57fa,518648320.90315455
799862427c1f335eadedf4e8,473025659.2021625
1f3b3bd08063993c23586c93,508141167.2855391
817422f4c278ff27a22b05d7,606887446.0148423
db9798a3f9ac287754f3ae01,705788822.4941077
7ead45d1f505649429904307,610948346.1852311
ac7ab254166442188c6c5c25,564086774.2830127
67250a8950aebdbc67f7fbfa,1077405067.914139
641f4319c315cbb74872b8ac,449199329.72414
710b0541a025b1b6a5a80c41,462087120.39994615
a10f459124248ef30f290cad,639380986.2973338
1aac53220223d0d823e70d0f,706467681.8995767
9d0ae0c4dc11d8c6d94e545e,725118400.8536566
be685d2954b8c7337ec94942,919467311.6181055
e43151473292e4e98f121f63,533023856.03736687
e04fab3d74d14be3b8dd2c8c,583680958.1708107
c77509a6eb6665bb8eb07d95,692528610.3560474
9753470e033b35407a2eca2d,625042629.5168872
825f57ad0527d4abf41cffc9,1026755152.3683479
0d8074979d302868c2534262,1054633530.4366789
15a3e60c7a5d55243057d7df,674174014.5667598
6de06f867a28393a9e95c7d4,309443121.41132534
4d418d0079828e244dbaff5a,674415938.1184713
2de93fc191360ae22b0402dd,603564869.0972309
86792949f2e6a347208cbffd,564311651.2279973
6d8a0768adedcc1070d28390,1064381217.9447607
459963742bbaadbd9db97723,722996097.9523563
235b10cad7233d579a966948,584907781.9697016
4443407341bec8b7b0af40b4,817710076.8648022
d7047492f4c53a0cdbde60e5,939344222.6802565
5541cbe23acd6ffd4aa0d939,797079166.5836012
1d0853f825cc0aec6f5544cb,781111538.0402453
f016623361c6ccc5163e79d5,1020091241.0252192
d280fed64d1c23ac9d79ce20,918303720.4582307
7e86f11cd63ff6c8a3c12fe2,926559965.539758
9d7f161ee660b1bcb54574b1,1486893943.5008888
a0722c5527c6d3cd5cac9477,1461963668.4162633
278a2cd98528eb1341a6b685,625190989.334525
b755f88ff3907bbe2a417e07,722247198.2393953
2bb55b0a92d62454867bb158,860883829.2824258
960c9349b6ef9b747ebe5829,1408087383.720307
2c8352c418097f82a50d9bbf,894624226.6270312
47d7ba800f164f397fcafa9d,537510360.7827413
610061a0e67aea7d222f08cf,1561996458.1925356
a33de2559b5f56d1b3cfce08,812362468.0015817
f020fef57e9069e4dea2d71f,1533700387.1213746
883f095dd3f7e972d7dd3c2b,651066639.2970865
b0b784bfe2d3c1b3b1320613,662820122.0683631
1ea66dd4a72d93f5967be730,982425687.1902865
90b04117887941ac898a67a8,461942511.1584193
022357a3d48ea87d58ffb46e,508742974.296746
292224fa68b0303a90063801,835709880.9781914
6cf924390dd3ed4454403887,513671857.19124883
555a293dbc104e00f182fe34,636640324.4712715
e13ef02a57d35f71a4fe6121,615078812.3487183
c82929467d22589ec62c0475,794442846.0283993
18a74c9a49ad381aee5e02de,665163174.7525566
da40d46cb91d9e59fe12e6ba,830531872.2602452
6320f26d77fcd56675db6b97,779070863.0913302
3307731f3bc518012912f1b3,861143533.0062301
ba94572d1e050bb92522f112,380000549.9686109
6e0d6bcb01e99fc4959d3f7f,536899692.7900022
dc3cbbb2fa00043d02958219,1076169331.1328135
495aa774f4db66db6df30e93,519388632.9581634
6ba298925ffad32daae55385,513697142.9741337
8df5099d856c7f9de43990ab,665431789.9840001
93c5c5d9d1e99824178be9ff,815428734.9131258
ffbce3ccf241890ec95104e4,611545283.3709452
2c03c38782e365e68b32d6bf,733173108.180214
7734421098413f27fae86fef,595526951.8010697
2b50969f1faab80655bb9104,617090649.2134768
025a98586386211b1519f9be,569336799.3379152
6013b8c04f7b9fbc74ef1ec4,542109092.3393252
11075db1cf9899c8640e1b90,881583492.7960272
61ba09084039a467410aeadb,821278639.7429085
eb2880c2433c4b2500fd40ef,437474102.16111404
f7f8607535159c82dbfc6c14,451435365.5262802
35c7a7c0ace36f4b95423c4c,426522201.17395246
c71123c31d02408cdaa74daa,613040965.6547884
dd8aa138623604829d56ac2c,536899692.7900022
cb94eee5ecfc75d0fd5ba6e5,840817434.9611131
ae6bfb4eb4770f2266e3b961,707056314.4511726
573ea1962372999346590c0f,869680653.2501451
9f7204b4bb3ffb8591e3164d,1126876539.231032
a4410bebf9843297fe32d63c,579190676.2648507
2afd9dd680803e3c12d5242b,697108989.9670491
a7618c242fd918ed894304b5,650568008.033964
5ebc5cc2c1488f681cd119f2,792257628.9303446
cd53a991573ecb5c53f47986,1043601692.0840942
75ecbc0c0e8e76bb8d734f60,850668952.7786511
47c2934aaa5934c68dcb9e51,642563364.3828523
386ad1ba1cada9649f3415c0,686047244.9117924
9ca0839c9c294674e86eb691,1148609969.6693697
bdbaafd11259af6300321a89,651050960.2154717
2e41ceccc918145dbe7de0be,589679523.6025457
11df35a3fbcef34e47747e38,588243065.2001739
b0bcb64f2f2ba69cc712e0ae,626641846.0081723
bce0a4447db2d54d36661011,633819538.5165857
ef7ba10407cd74590ea3fff3,775013421.9446293
a743dc3903eaf3576046ef3d,667321095.3647078
b3d072ebd7908688d908d350,1217126980.8555136
a48abdedbe3d132276dbe403,1024849683.3621029
c6b7e739125907c86a8997d3,759965821.6007683
813d9415d9abca46ad4d92f0,1121765171.6857924
c631f8920a2fd1160f6b15cc,639119439.7107383
16194707d4e85fe332411bd4,699739429.4596313
31e241881acaceb02ef915d2,966668735.5606312
a3f1214ea44063ad10956fca,802299100.5071824
ab086fddcb949e3dc0ed9b5d,803351462.7013533
ec4df02b32d90c019125d108,705848281.403191
09eb808ca3859318d6328db8,566146126.3385283
f520fd12dd3ed32ba78d357b,874752806.2042824
0a2f7379cd1bed7d2d2d5a01,1070505262.1230425
30652905d3eacda34ff61a9e,975580288.1410022
0509650d34981639b9c64a22,776196233.8040776
77cd6b199ee485314bc74626,679066547.9545324
10c836c2e566dfe9edcf3d8e,1259109863.9231148
e109ccb29c02c9b35b789c90,1158748172.834038
2d60a221b478264cab9816f7,834940154.70342
d34c48ffe935cec3358b2247,1008023814.3729857
9cbed1ed72b444c22d8c1614,712794999.5416125
735c3aff4c151dbc32f9a76b,1127944065.1227882
a4b6ceedaf89cff74a292ab5,798855155.115719
052957f95b6e7b41bc625009,795116071.8153683
33a61cda27fadacce0d1aa7b,1002673904.5328151
6c3bc8c58ce67b8bb9f5894f,889173782.755647
1988513503246248b80c7f17,1218609205.1782737
57c29184563b31f5f752c5c1,1236302923.0722945
bc6a7d4ceee8bbff9ac5eda8,830319053.560872
f1b7ae24195b4414e6d6a001,1359867744.3448932
e7b3ec90b47c9e6009ca8a75,1075286246.9444187
39b62c6fca161b80bc6726c4,1090350596.565716
55163359d7cd910861059389,924053408.418696
df35908d6ae2847dfc73cf9f,1034979261.5690836
ac822dd448e04e9f8dd1721d,1049331680.5843067
7e86148f53beefced6e0f3e4,609584337.8938164
6eff15cd6372aeaab2e665d8,387637600.86278707
0a1af9bb571b90233856289a,634616014.4432937
b3cc5930a3cb26e35a45e09a,699597530.9519525
0c12f73305bc7d72bdbd9789,730052565.2528244
ac048209de77cae737d60545,486316282.3887991
9239fafbffc066dff0811302,295422385.19528997
8e0ba427ea909cb7943929b0,755085458.4370009
b3c99f30b16fa80cdb4f213c,721031076.5369059
d1dc16c82942902c668a5c9b,1037741368.739025
5cfc9e48ab90da0f4e98a7ae,712019332.242495
9abad9f79352ed42d1a9f099,571686147.5680821
dedeafb60b4a39950e7a984d,571686147.5680821
74cca5cd08c4bbf5d0404d74,748629877.9645351
b6aa1cb0187c4a1715517fca,571686147.5680821
e22bad460ec1bc991f14bfbc,549769083.0138731
594d46a91315527995cbd807,685082350.6701479
2c0b4c8269cbe25a4e85e049,583186185.4587926
1014d3a98e886e1a7358e29f,627310219.6749778
73d6bb3d6ae08921a6117f5d,694952154.1785507
de3b619a7c80549db6ab16af,515565217.41748154
da34d6cd832009e428d2b467,492988559.26049095
104722434c2deed04a901aa0,557766923.2572987
cee66eef685e4764b9553a02,563950623.5374923
58b40969f1b73182cb6d30db,563950623.5374923
964e9c3f87176e761484543e,605696469.3288903
19487167081a9b0dd09d7975,1095820848.3323858
7d8e345c9b16d0fd69f848ea,832529582.1071593
7d4ba999100c8e694fd820cf,1263369655.736817
c6b157e7a6ca08d04ec4de4f,525578601.96125615
84ec2d5245cfa146dab05065,811126512.4037085
c844a386941b86a3d4c0312a,657156502.1793178
0648aae13097ac649fe714b9,1091180561.1534405
34f220a8ee1f24bcc5790364,468268554.9439694
d12eda0ba04f846d73cd7acf,1004721793.5649772
c12904320223ddd043f39c63,589637689.6441845
8bce0097d22b34a804b502bb,488960632.6717665
ec1171cac1eee089be6f427d,552960858.3946738
5d85d77a06d0f0324d15d162,1001926261.688594
0349908483ce628a0a5fc164,1012459090.8967541
d74da3bb780515b1273d741c,817710076.8648022
64cb8fc8412c9247a5c243ce,1397507522.2602863
3a53919313bd750f2b1af906,1102454381.9724646
91d265ffaa6b407e9747b15b,713911838.8355262
1db1d1b76e09197dd915a8f1,2179462761.313572
6645a3080e5d10779672d139,1111148813.8610651
3ff6e77706eae698f86eec29,618276687.7230961
4670d21fa84e40184f03d5de,418671703.88372684
ee8bad3fdc93f7fb79c9cbd8,1278743228.8335261
b624f0438025478c9f66fec2,875589712.3155233
37dba4927e327d3a4a0c1d36,650424384.5522254
8d16b1bdea35630a3b09b192,580059562.7503744
d54a4c353cebf18d452be515,925849443.0903068
c402811ade75f5e3dee73ac3,1033698683.2466059
dd926903e87d691a0f15dba3,1176991857.754341
cb01687abe09df6838e1b224,627324346.1253915
6ad3e1a47d1055b55d14e091,976808469.3510597
b8d50a94e8166e471fd8282b,1167424046.3994355
a77d82703468f2f9e8f2ea0e,776913838.5106874
5d2be469f69f31090769efe3,656004587.6273987
c4e8559ee733a551649a5dcf,1389372576.720517
5996fc90f923d6e8527097ae,968400020.5318934
32d5772adbcc785ecbc2c55f,1026530462.3380708
5f088237d263c37e78264bba,733728968.895066
799afa0396b9f268f239db51,440945287.282214
bd23b1463f0936d2ced5fc67,716402402.0170751
8f35a5d800d98481d7a8b6a4,665113591.1297096
371b5ecf08973fc6e6849d14,689881735.9525524
fa70a55dd0e2053a1b566de1,428387949.91200376
584364cece0bc4d17f0e7fac,316631001.8407009
cd968f8973a267790a38f2f2,590833653.6342071
c46b122728ef4c9ae8be444f,816255903.3372009
4056182cbd8c12cd87ad9e84,1002016909.3336415
6ac747618b6ca674e86cd275,483815600.7702063
afb02897c700dbac941ba8b1,723973110.2403172
198cd3f4e9be65b83f01ceea,622416829.6429163
c92bdf97d7f0a9a12c024406,583568691.8737017
e00e5934d1941490834c3145,1338344354.4911125
5b139fdb19ff722a846d71f0,817710076.8648022
8b554961129384797391d1ae,751623378.926935
854e27be18fb8f24fd433eb7,806042470.5329531
241d9f8599ce6cadac1d6609,954119669.2062346
b85b37ae83ef95baa03752f9,901571648.7500609
5b3ba9e56e24e08e1f81e220,559461554.9570794
58c6518f9d2d0526d31e7566,569954244.2708088
38a1e2050dcab9b4c70c5e83,651560547.2949893
da94e4a5fdebe3ae7bb1adcc,1240025061.2007983
49fb2771ea6c1e8950cc9a57,1258982082.4393516
f2b67c40a560af8729bc6072,789225137.8884017
13fc2dd1cd32d9cfa457a5b1,734470948.8176115
b6ebc3b8408793f5058cbb90,1093740734.362715
75ce506dcb994b10497e6816,624151546.500852
6dbfb281abaa9a6956c080d7,327059066.3413493
af67a68803a18663e4b03eb1,445645285.077176
a9c212f77a048ddc33ecebba,568053030.8173711
df89fa06e32e90b0b6c2014e,603076854.2182966
f20a7f264a8285a75dacdc1d,974888295.708666
61a363a73f3c93aa1775c4ff,966510044.4168532
d8c1f7303b205fbaba2890b9,558596365.410721
70962daad7cd15ee8af564fa,847047065.8250867
087caf4bce7b0a3fe3c47dc6,1040162144.8234946
5d2200b04fde91f830478aa4,472814824.094145
821eabfeef3dcc622fbcbfc4,459420966.90172136
3d722d960b860b4bee79ae2f,717696178.3530865
4d3d887d2236c2f897f3bbd4,516073425.7569698
7fcbcd9e274b75a157cf5d5e,730597615.8230207
88ea2d2d7cb6d641df3ad76d,1178861451.5300272
c06088db17767866b7f4ba7d,1001926261.688594
e4a9626b1107b9397d0067aa,660456989.2014065
82abb1fb693f34877bf1327e,1258617253.4152727
3279efb86571efde18eeebef,867618377.5497468
afca7b219d52b22522abd00c,671261701.296419
7712f963ee37e91abb7342e7,648352698.8758101
2a2f455525c8e0bd709db91a,662477132.7863367
833ded72a8cc9c0d606a7a74,673595349.766468
f3bf0be37be6292ba0a8736b,1044477143.3808421
c06c8b6425e3a7c2d7481e42,493352885.5240597
27d4f17375f76219b446c092,340891543.6201721
9b7de95ec90da0dc8cff7011,856213780.6550183
8fdc9f203c3de5d486de7ba0,432772273.27565736
ebf2d540aff82f1aadf95f9b,677712516.8332949
51c48d17e774d6cd84f4c355,617467401.869757
5c1d1ee26cbde5b766cb4ca1,1052747132.0974683
2d26b8360f1da9a677670fcd,594330438.1593186
ce1b06502cb0c5d9846cff9a,454710985.84404075
3186cd0a3125adf3b25587aa,723213157.1841825
f839de5370a225ff993f5b2e,786031345.6190999
2900dcf3f944a7fcb33aff36,472563020.8154917
3f54091296f773f5a1bb240b,993587341.6083456
499f6f4997474415f0bd596f,1077498568.5161638
110539d2ac34e5180e3fd95b,859729086.105955
dccbc668caff517f649cadbb,848365869.7338787
823c9c7abf2d00140766a2bb,1444572980.351246
94af5eccfe170cbe7d428184,676907895.2786329
dd21457e18f07d7a927c0104,580475801.0612767
5219cb469fff40cd9606bad9,660490996.6969563
5a83bd697db5076016c0671e,517717932.1121592
2a1edfd6cf74573521ed74a1,521410519.31837213
40aad45bb7a980c9c5e1884e,630126516.1818805
a315b497dd8e80464bf0480b,704948889.7425026
7095d576a0b963eb340d8fdf,563950623.5374923
9d6288cfead77d622f5f5b95,797136660.2206935
4caf356c110a50c6c94f3eab,902766907.6618605
23101b0002252f3d4b3e1d5e,866955559.298436
8d1f7b0cfde7e496e7bfe972,818288451.10541594
28e572584fea1555e2a517ed,584142001.3711723
6666ab486afcbc162fb560c6,1352486982.5980113
b0978c973ec3291e950185c1,1193806418.8895314
d6cfd3ddca2a59f0b6999d77,851902752.2064092
a77f5c03a98636d90f50e11a,1061673549.6922272
e6387696767d20cfa4918ca9,571562416.4119054
1dc0fe5bcea9d08874871326,528421894.3280487
ccdf0abddccb1a670f31c2f2,668375311.4991069
3ba769d65f02217656e0f5b5,855143132.2665191
628b3b56449724e7d945351b,874539297.5659162
b47713520859d58efa95bb06,1073741295.6718819
e6c6625db90e519f9dcf1b23,506976670.0753101
3e1a1b2a518d3ca2fe3950b4,513697142.9741337
24849579dc9ba7fef1b24396,670302797.0137429
6103571d9525ded3c09668c6,552081306.2031596
a678e89692df9b14da9f19b2,523690389.0956504
47bed52dee0d311ae0016b08,591510598.2872416
36c0d26b83e575a500a6c30c,545359607.9277053
34447730b60ad12f4775894d,1352381095.2428749
aec1778ae3b5e60cac280b79,1024849683.3621029
d95f38f5d1293c74ac52e823,1352381095.2428749
5dedb7b64b6ad0b514de2bfb,763297888.9740208
60c71a98253b5550d773a529,571562416.4119054
099ee1a7c91105ef46b5e7e8,818693212.2603704
b56533bb19eefcb244e69470,1170431857.5542886
62f46b8989bee43db86ff589,543091927.6322691
4d485ae48974213b1594c905,840360696.9897944
c627c6287efaeb6fd9049312,641965659.003597
976945e68af6a66f6fb0850d,582143366.6971055
93e443a5b3864d52765e6484,720670403.8774811
6ef9ce7a53ba3bd892e21f1b,662259933.9866102
6f3041147f930cd6cd4fae05,464786580.7112207
3917b95a3d05a5e58c117f68,494936646.7022324
d61ccfd4239026feb484cc93,379834507.7869455
b443781523fa0b5be4ad7739,938211319.3154886
6f0fcd78c473e4e04fd411c8,737823906.41496
7f134c92e20aa9c6f084edc1,574872694.1182796
75075631f0fd84fb0ff49417,679624966.9651997
eae4243c274735d616c6b9bb,1342410176.868728
25d233d2779009affadf5e91,781017022.4372244
1990717d8c7aa8e732bb1165,997464616.4450922
71b99de83d83dd970b00f07f,1304834160.5443628
243ab5db6e47f3536d04d312,814908037.302171
61cb98125f43429f7f93c898,817710076.8648022
6ed772640e5a311cbfd17c31,820433468.6867862
d9f0b4c92bdc9476f50638ed,630622699.9720132
796eb5ae3ca5b63c9fbb240a,780862315.882603
e6f3eee9f5048005f24f0943,806042470.5329531
291ff191bb029742387a72a3,767817795.1618557
829bde7f8716daf76f65ffab,766059600.1043288
110a2f124bad0f9381edce7d,722983418.632244
76b719681617ff7f28d33df3,1124014650.7118678
eaa6d58e226904e9993b3493,743268630.5908753
af3e3a83257eb507b96b2a1f,1067928031.649121
43969367322e86c68b51c2fa,408616399.2779389
50fe589dea73e764b7735938,430351164.01125437
13c9960a03a1c446aa5515cd,671307088.819781
e7834f52ebad3d3cd00d069b,469012358.43343234
fae37ecd6046e53ea121b1c6,612640637.0585866
8a0d2f8860a90322d6c3b61f,631661002.4525008
008c7a02d158f3b17ee8e015,601910712.7972761
3ea6e8da2cb0bf83872dfd8c,874717070.3204179
9b184e58842bcb14dd42103b,581802381.3787462
43eeb2567c61bfbb059fcd4e,717824999.2090604
ac7f6087e19c2d3502368fac,583197782.5692512
73494d52196ef9838b1be34a,1278743228.8335261
112d996c4c0662bd13af3ea0,639630559.1088039
8c3a02c9ca043cf0f322ba84,650194439.5849152
a757ba01a02acbdee50462b6,1244312384.8887343
64e3401f22d18b573ff0504a,636255688.6428356
acd7394afcee30e084844c63,607117821.5967114
35255f80583ffbd504250554,855721674.2484779
370a0d0da794efd58cab251d,900125923.3338567
cdb5f8327360c750469cee74,966668735.5606312
dbffe8f46b3d9da2e57c97fc,1111148813.8610651
25b1ada57fd1e5c88d939c71,1077659159.3221416
05f79195e285c126125d258c,1052386457.6464008
62c017eac96743cfbb61e86b,829708354.0268717
3ca7f183cc0b303e5d455309,819453730.0343522
a3dbd504524f980ac5325150,1193257840.0241609
5703df84eef7ca9bec5bde45,875589712.3155233
513aa9c91c245ee4be31507c,940898232.8534268
d41d07d1aa700278cb81ff30,991109338.6564597
207e39d9cc4402edd48864d5,686402453.7201269
7134b03f54b10f282ac34fcd,772949017.5349848
6d860c215908949c4ba1c536,358950110.8688972
f35f884365b1bf6fb303d7b5,634546101.1754432
4f480aae78aa068901ee9468,645634091.8254774
39a12600317b58457f68b5b8,527523805.8887165
5f0c7a6b4f46203648a0bacc,543856158.2745214
d01f6c0b2b338289e9fe3768,535924460.00509745
613ad83abcebf6598f0079ab,781216120.6430622
effc32659ff9bf30faffb3db,729729829.3029834
73fbb3e6b22b957ba6b7557c,590771839.5934017
6c8c5e22025ca4f450a428c3,677234409.810337
d6e333e793f75c2ab34fb127,581414525.0236936
b82e52830b51e823ac7187fe,414484805.49029326
35ed4187f732a1ea68dce712,1151221929.3262064
0c5067ff99e15fcf99792cbf,1151221929.3262064
0ad01fb039a198262ec59b72,956236680.3496715
906014f0ee3f3f4f0576d4da,414450188.51068443
13477d8ef90576ca84258984,439593166.7478228
3083a7ab1deb092f7aca6a54,665959564.3981303
a92ae34df90cbf8af7695ed0,913529199.5345892
82d22ca21e31222068e1ecba,713653698.1077412
11727589f7c66554e9114407,717966087.103947
9982169d6f3e9ca61dacfed5,643803598.6966084
2de0ad9bf15232d6056285fe,696012936.4200616
eb6e6060b78676d13d6bda48,623737819.9791045
6f37300b1fefaaf746f53907,702028448.6981813
7698775967b96e3e7bf66e6c,696436886.9726206
863e5cf88a808b8ca96907ff,692553647.6369994
77b5c9a5f534a5b80cc16d09,673326344.732614
ade0c9cf1f9106e342c69bd1,684760875.3425223
6fb45859693c703fd9c812c8,682586532.306229
45badd183bb1a4c630174f3a,574556524.1971418
f66bad2cd4b09ac29f540f63,680253112.66419
fa3017d74586eb4c3b5b7db9,795390433.6422179
f09bb33b65b5ebb8fffc3a21,1004124655.366293
600dc823c42aa64f60fc3ab9,731246600.9894496
c1d9119fa7ae7d44362f18ce,1241762545.9908288
a1305fd943ae63715529209e,1048942224.3765886
8d81b4681ad0055c274e7da4,765648604.7899214
cbb10e7618b1385cf922e815,988451370.7293335
b09111ea69c4be8ae120ddc3,693181344.4010091
099f07f9ec4ff6d835337f86,747151741.0035746
c70f6bd5ca138bacfdf8b5cf,1019580803.5339446
a6c86ab7381f6c43fdd61a01,596403322.1261133
58c2b87098ad454b1fadb13a,675282704.965301
6afff7782d129021eebee968,1095894656.975936
ad92f3ea52673dee0a56902a,1199208915.1918602
3e040e87b89a043564f0d0a2,718807442.0852736
49d020d2056717c2108b0927,805626173.3584515
a4ca465294c114b1065bfead,721605939.9610928
ca9520c7b8432b0521b2e8dc,655791355.6614709
4d20f253940a4492b4f6a9f0,720315652.1459942
09b61cf8ff3ff09ac892d073,616118605.5464078
86e81141e429bd81d7f0e73d,753736036.7831827
b9826d7a6132b16df1bf58e1,721232774.5075773
a90c60e05e29b77963a11246,508964045.1245273
6e9984a3c3daf63fce5cd3d6,990918047.5191716
a9eafeeab4ba51d3644f4052,574772233.287736
f74eed3a7dad1bd8d92854d0,743353916.4505434
5b377636fe30946fff973f3d,879716369.363386
5bf6c1862c0bc967da2cc484,1012459090.8967541
cd5111edd2fe80f56db29531,670557662.7900467
c76c4695ed005277a59451f4,577551339.1042976
7dab6cd1002a8521e5825bcc,844528934.8277019
5b57258272dfd1babb29e7fb,760135088.7971629
f68b7dfd0579838324895097,1205737448.825775
812646c7de863919cae5edff,1075236432.578657
0da10eb6093728074b34fb75,1087541859.4951458
c64346c8b0ba32a55292e66a,939344222.6802565
ad6317cbcbb8bc27b0774fca,1020091241.0252192
9f43c80d2fa31a09592b030b,1008023814.3729857
5b84f5de073000ad4d4b1a04,1397507522.2602863
d94d18cbc812d560c1e38ffb,1201192967.6610718
ab3110b5dc8ce81471f69c16,931913431.3635918
138a1990291ba31024455eb3,869798670.8701581
646bb3de5a1cfe4bfb7a7ea7,997945612.1126143
d8fde541f142e6a7f0b28099,740714003.8162999
ef61986cca74fe8585b1b287,596921821.0473847
e1d8eacecd35515eb19f9135,1349721050.1750276
8346d64ed6211083fd420ede,752564171.8130225
4340fcb9c80733260565c24b,685350243.4562409
ff5a27ffe7de039e65170f9e,648878216.9216942
ce407c1e25333d7c7eba1b0a,824208184.5449083
f927027bc766ae6c111fb685,380377788.6495722
3f9a3edf25152433969f98e9,651563850.6662388
987476ca395533347581b2df,831271584.3913753
17d0e3208fdf10c77e95bdf4,661285482.5656767
b485036419de03f5bad01f35,680977546.2341882
d3f7847147c88352bd3b9707,694981314.3127011
aabaec5accad3f545f864a3d,613014744.8606937
400a103762ad652e81c8d3c6,921187760.5680839
acf15357c1a919b6ee78f676,1472990819.9170718
8d983b9ca65f19ff3d69985f,1330485425.7957723
b9a80a4d84eb918792324dcd,690863985.0811491
223b3c04803ae7b855f9fd10,861478448.0087024
e5c8f2d536c3f931eff2d70c,680780865.926185
f976ec33e004b2d4d32c2eb2,699781751.5132631
cb00e44cea76a92e9c44e793,750049891.4571673
0e6dcbf136294f2a99410052,951120040.145948
102de0a5ee4f19454b922b96,726764129.1333013
cb1c8ab11838d9f0a1197e25,1221248212.1635537
2e2f1072d8db7372b2c2419d,592045316.8356972
8c4cc779f5034e9c10b2e698,441765703.9180985
85734fd69714897264ce2214,648492954.7994663
5694c1f689779fb5ca95686f,866421008.364407
f3bb60434cb36fcdfe218478,548467646.4366225
cf8bbd3528d3e7e2b8f50c29,740556306.7073818
7db1c8214f229d865da455cc,739563191.7063421
f3478cf008a7ad268a434ba3,635237282.0912522
5440ee15bccc4eaf827fefa8,701142005.2655512
78e85ca7c532a77700bfae6d,721508658.3071911
eb5e382e1372c4e94f467673,729804050.3860255
5a11cc89d3b01eb87535ff1b,984008491.7599776
d0f5cebc2059ca89aae30c76,603130945.2826576
883371e374936fdd74d09fe8,873607109.2692144
9ab4e5f8cf2b807603329cdd,712613768.5724488
c37c7859956931d77cd5c9a8,1031540849.8894709
730804efcdd755786bf734ff,519908020.08877337
9d021f3fcbe5f82fa1c1fd94,724936089.1303242
975ea2f56001edae07f28fca,452164039.3451399
8fea95d0a70b1ea918803f58,821278639.7429085
4718488d664194a3c0c5b446,687050322.4645312
1b87ffa033dcbf4e2805dbb8,617090649.2134768
1a77ac51e03c77ad280be447,617467401.869757
228d165257ef052ad50433c7,733173108.180214
513a83ac5bfe27c5b813ce4d,539875314.0927726
73bde441e18a9548c034372d,674815111.374993
26301269301b6f96862af599,551802161.8346684
7b30dbf2f6d835ea0c14b392,567930579.4463122
254de3f3fc52b8cb62141baa,595526951.8010697
f566603aacc78da47a283804,861143533.0062301
990c8d65ca11a97a1d34c5e5,717824999.2090604
a9878134c12696d8199a1ff3,789138547.9661168
58185ef7646efa724e904f5b,722468744.5007521
37d5b8f329ed1ec29d4bc035,591319588.3619577
e6f948282e81570fd03e4df2,805409351.5226401
8b801b4cc1d254d0277fba5f,650568008.033964
33a334a16c4547b9d7842c3d,651050960.2154717
1ad9e105d9da875001111075,1131548751.6849368
08ad96681afa49c74721daad,921318444.4198496
beb73d27906bea7a7d880791,869680653.2501451
bda5b2e5a87a4905a30f3b8a,639119439.7107383
5cf70a67ec25288657d6fff4,667321095.3647078
baeb4e9d612bffb63ae3564a,1121765171.6857924
1902f509aa05287ba42f546c,661528826.9026392
c0cf9517f20ae81c79ceb0ed,1093461695.4246545
2ca8b22013c529b412ad764b,642563364.3828523
b38816ece917027a179663d4,745216665.7232097
c89167e42af0d42c88e8573a,797898952.1709228
09254c66d93cbbf2675b775e,775013421.9446293
89f8ccb0c1e2136adf87a10e,901150103.0444413
cff851746578050bdfd46090,830319053.560872
d53ddfac67129aebbe054024,798855155.115719
53b5ffa0cf0dd12e4eeb6a2a,1127944065.1227882
62db5fd2a4eb831d281ba8ba,1259109863.9231148
59b5fe8d4f5ae272dbaa5ba0,1352381095.2428749
3c1b7a0a306e16e8c22d78c9,889173782.755647
5219c3cae1c92b52551a8571,890990153.0814344
de6aef9a5e47a614b75ee576,785277235.6276155
d168181ef0dcb853171cdbb4,1367398791.7249477
6c8e27967ec63e6dec4bd6ac,924053408.418696
8544bc14286a51e60ffee7b0,1364391098.577957
ed48916725be6970cd2f273a,388205490.5130902
9ff3268cd15cf039ab958413,473571915.2564284
16cc5c280124618cd5d00027,421050774.4329829
ac028c1580f6e4da4ccedf0c,863455255.590631
673f2b913006ee8b33e75b5e,1068555331.9124016
191f96722301456877893b22,681474188.8182886
a7d8e636db44cf5d3ceb67cd,691593185.5304099
1310e9cafc0b9fc21c212f73,729983745.2622666
1bbbe4e1eb264f5c69467e50,620698597.7474787
283c1142d027be336a7bfacd,406673469.7213725
4d09c2354c67243c968dbbcb,834573771.4847429
db3edc43e89840a65749cd94,612489335.62604
0274166db611aabe4e946a83,526060593.55335224
8153b36347669087e363801f,667068940.0954
e04473aa943812de1d662058,1192634577.8562758
7742e8923a4b832e3d94f3c7,561125584.4978116
536b5a8aea016aaa90fe744a,864314457.0855982
d2c02052de9c97c531a4453f,728437126.1343365
48378a6148532f71abcc2f98,769265561.8585347
fb0dbfeedbab00cdc7eb93ee,667721287.9584374
699412bfdab1157487c81725,892639816.3422039
a63c26369cfbabfc9c2603b6,1039840165.4056754
34e5602cb58501859e32dc9f,726429564.6976857
da83b03a6c9d405f55714b0c,1286094406.764609
d938d682332fa9e5c4986024,707701783.81111
e9e39766e2c96bc783d580a9,1557418595.0025487
fce89a9ffaba32f9f7c5895d,1448518539.1127064
2d6aaefe0f50db8acde6fd1b,1683098428.6952305
1710873f951e7f695fca3568,733918291.2085412
0ce068461fb3bf34eee000bc,748314665.8072428
b5606ddf3a4e60e2a0e0d6a8,986417258.0118829
2c2e56e3e5210c111c7de708,729768865.0504249
94118bd8c3da3f14f9c7836f,526060593.55335224
d20a5b3eb857e1f4b548066e,928571160.4210757
ad37e23456bd4d90010f7784,688097752.9300067
c5602c608080e2546dea5463,393299714.2419176
e3bd8bd5884a55fc1a151687,566875253.6341897
aa31e5995379bc38dd40b8f3,650060744.136593
fe8a10fb4031669a9b21c919,976083752.5125636
08eaca41f26eb387b67bf30d,1548730030.7415493
23ef4d57d130e4130205f30d,647335483.1232585
d6f1594affb8db7a865e3452,569326526.0328965
abd9cf3c36309d590e58c2a7,591153920.762594
1c177af5bb41e26ac0135b4a,997202066.7744089
a05da8df13eb4b121d536912,618043714.9901175
5a5a581ad5540fc82cd3c2ed,588432543.3949482
b50ff8bfc0b4c4b165c5ccf7,786754824.9928313
2abbf26e80643dfc1b75edcb,1026755152.3683479
ec903c33a379d8d2cc04ab36,948550736.6464186
c062d873af3b7cb98ccbeec9,1357590950.974176
927de0269795dbe0566a0326,1077440316.7236793
ee703dca75c4dfd5d035c9a1,1141673002.964042
b8a42b02c50438c2ad7598a1,615920497.0564222
f7216fd19f41ca5ea66a9169,615920497.0564222
f487761a658a4247563faa38,555927845.2561152
caf878b42daeee3c7de336e9,799431922.1155571
29d0dd2d4b120dd54c34b13c,1022631313.2535005
1cfc7d60ce613536d23b093d,972091130.593465
c6c7409bbf52c86461aa1dd7,644883846.4442512
312ef52e0250429a5ecb3b27,1108826796.148472
48299e52748ecff3b69f7a90,595350842.2613746
a02f6ef1f148659297d46b33,950289324.0619162
67f664c8f9250a22c10b4f67,561125584.4978116
4977af03eebca1aa266289e2,636381577.3767513
39af71aaea23b5c1e987de32,535164021.4886181
d69b019e6d54faa1cb044d39,817710076.8648022
024e94e72ae88464621539eb,707701783.81111
b980c778ecb2709696265c10,1557418595.0025487
8780134f8b40f0fec4d1b661,976083752.5125636
107f29b67164ad6861cb7059,1486893943.5008888
c8958d280d0cf2d8a0b481f3,800754290.7884414
1f8f74ce8831d5532f330925,962543780.5706213
7be46b6dd9891ab771fc4be4,638393165.3020738
4f4f7d2b14079ddf8754d6ad,990372789.8194634
5921ce922675f6517f8f0007,1457381655.3719106
49f0323d28ef0610248c87c0,691453493.3066478
3ef167ca6c4ac77f6968d17d,669158379.1376188
8d2f9968ec8aece8d1a20137,1018669131.4052075
4bad47078442f3416b2c1ff4,397947725.166335
5e1cc2905f7a701f895123d8,781423617.3885858
a8633d3336d097920bc8a9b3,1050858983.1299723
72fe83366bf13a53937b7034,1011194610.4311652
ce78e1dbbf0f7aee98e244df,643425981.158739
11be39d287e5a8bdbecb5994,765397807.6279039
40a561bf79fa7a08155e1183,715718935.8681213
3dbafa8cd5225e261ec9b6ef,464891600.2569899
68cd88b657b59f5671f59e04,430180581.8762337
6a2ce95a8be0654f193592e5,565290320.580917
4e613cde51f9760d3c051562,731381647.4079541
1b69d2c7fa8f802c4af1369b,669158379.1376188
f126c4b36c00d0ca11c21a2d,880049808.2136396
e6a7e6b41e6c6bbdc16e1e14,990372789.8194634
5a69ebde2e113923ddbcd18d,1087504293.614728
72f0540aab38ebaaf9a389f6,637858405.6195292
75b5bb7b5ff8ebcc863fbdcc,962543780.5706213
096912698fd9a59d94935478,703551461.2894593
f0ad965090221d2349e90d5c,903745866.1204516
1c224347a1445ae01184e0a2,1457381655.3719106
0ee7273686a0a92fbf48a383,1250699466.0414534
e2094d28cacad3e2a711c5ca,366586151.7315511
f50e0ea2c3831235704b8c72,736508172.180678
1e64759f297a66524eb07b7e,812698624.9933145
7636a187e29abcbd8fad6244,546020233.9394448
9b858a70a031475e422e375f,745669694.9592241
56c2e8e14f9c6c9a9f046a08,591111518.8998672
1bd7b990be19afa5acc78bc0,439829863.0773617
8b36b7364e4a4c80a6e50bed,734903945.9585538
d348d38769937c8f350297bb,882389597.9844385
f4350916cbddd5a544c6ae46,441869091.98869187
237bce11f35d32ff029498a3,951821452.615166
faf92fbca9baf8cce4a00063,638742903.0430577
812c9b5407424f956d308b06,1340459147.6190412
9fd4adb5c63fba5a11661b23,445312170.1632715
168f81689afa1f055d8bf7c8,741876550.7521886
2a9bbffb1b98c49d79bae509,667495260.6240164
b95ecad591e5c69fdad8763d,438711035.3105597
dc51caa89a74da37ae644ff8,438711035.3105597
d97895a836e6ea22ff3265d8,430258212.8791123
de754bceba2d206a9cb4f116,685728090.7688706
036177aff84b1901e0f18759,603130945.2826576
8a6cb559a488d6ce1b641585,1058189442.8873422
74c4f233c7f385be73168e0f,582143366.6971055
27a6f3e8f9649ccce7680f0a,892025461.9403377
711045fc099712aae3fe4d14,617467401.869757
01e033f5bd502c4ad398ece7,670302797.0137429
a99261116e0158109b3e3bc3,396919700.6051978
2d8d64261ba659302da4a481,567930579.4463122
9adaadeeaf6a403e1c8754bf,855143132.2665191
2ab24b9c5349427998338d21,769017609.3827271
09ce36a03c52d6721bc5276b,610506454.4725482
80b37d5ebdb325edef39258f,784422864.8049692
78a080fc98669c0cd9153904,1220737832.0904856
2d14ad8ab9573c406e203ed4,617671077.4454517
145f33a8350a080231306bd1,707222061.4884742
b0aaae3a435fde30c4c02fac,765402096.9170692
b3f5af523b5d6d938693ebfe,840360696.9897944
25d62e6b1a1a52cd8080354f,814503514.1660205
5a06a8b33611251b62d77e72,869062933.2427008
e93a9b257ecd815c860d0b82,822865694.7510868
610f192d22864016cc2df1c9,1067346930.5388684
4e665d479b3bf2e25cd463a2,675464656.9862895
343be18b0f77260f32ec05d2,603613297.1070038
33dbec39ef8c0667e4c3f039,698697697.076975
b24fb90a2aa5d9d0c7e1541b,625813421.8659444
b56a3a017449fc4ce417009e,516647048.104406
e0dd5e6879d824a95c3c1773,661831381.886971
156a20e2bf9e48b9a360f9c4,565468993.2060057
d5583fa23ed97a3b9413e910,624982476.5864015
4e6f695bcd4d3c0d8497c1fd,1322962429.7398412
da7a511a5f470d99ab2bc4a6,818555108.5963002
22a6058ffe790c98a8922258,755856267.3554015
0c19c54de06d1c139df99ab0,739125053.2767746
48e687093fb26d29cda9ad6e,516885411.6490225
3ad3c519ced4b63ddbfdb0a1,345106864.96429104
0b221ebf810f632568c1e2c9,425583342.07519627
7930f32456e796e40fbf78ed,633093821.3220131
f084bfc530f4039f6631537b,796908548.0052987
f9793063f561dc76c0b49a9d,770172608.536679
4d2ec23fff8eb502a9d93353,1166804185.8104181
a6f570e11883e74654898d75,946648194.9841529
cdf11b53a23fcf9b6032cc8d,834850785.8642973
6f968f62a6fa4dc255397bf7,1210156991.5655913
d692ba46b098c6658799ea8f,718248232.9973546
774a4b48d34052a978b1180f,993499225.8246726
acea4c7aa1185baaf6d3b60f,620815264.1892054
07ce6f95a7719abc9a204b6d,1071729807.9010084
b371665aece480b8c1602773,1344649029.4679706
5edc37d9746cbef8352f0fa4,667986607.203441
26617e1fb3b4f0e4a70e1b0e,886770526.8247393
b1a13541b37964b8b85f4669,877753661.2685146
94213637892f5fe643cbe8ca,882096697.1071254
742acc26686d04596ba60a34,709382104.1944737
acb1d16ce30aee0a39f01f09,726375905.359521
e0d837e6d5d74fe91d39d23c,1053763200.8285793
29028322a6d692edc5ca713f,713798333.9356154
03d54a6e80d48c96a7f6a1fa,683210045.7198219
8616b310e335f539ab1109dc,806042470.5329531
6c21f6a3513869f93b32e9ec,1417539818.8254204
10084cfff54a17bcda6f19d3,1071538157.1284531
169c742419c0d4335d09fb45,737239417.6191423
0f06896d7502890175cbc4a0,731764846.8498253
7d2e3464d5f2f79ac29e6c0c,758517093.1403261
de9053a55630670ee8e59c9d,645642565.8222505
8d54b9bd24cd9da341cc942a,1050622764.093694
95570bee1792641c7c12e4ef,1113126979.4277058
6d0c5546a498fafba15f2e17,394721462.6965414
ed43b0ac46067bf886457c01,659958844.0339518
8890eca19a9e1cdc9e0f0541,795086668.8673966
760a5dbccf4eb4ccc2622b77,959199160.5674908
20fe2d7fb3910ef786cff965,611729932.4680815
602abdc140c40112afc1dc98,448391689.4564344
b7f906741cae6861bd5fb922,432772273.27565736
4d45fbe5a5d39188b5eccbfe,944342870.4329062
08f74ad7f06f2c409903ddf9,768862748.7420958
7be186f4eeff5c0efd58e424,998474753.3021054
3d1a767dc286fe1cb86ed9f6,1052747132.0974683
2ec9f5265334241fc594976f,864123662.5608063
d737b8b7b39e99f7d877b7ed,751326615.2410535
8fc50169e6ec98a3f4229ffd,905991279.1944602
942133ad6b84f9d08e1d4e7d,717642422.0971797
c965b03014d21473b27072f8,981141760.5098555
f1c8da86597a427e24dcd557,805409351.5226401
8ed5e7770d03c43ed19abf42,708858458.7861974
68ea36e3f441cb6da8d36198,1682299698.7796175
c97715bec6032974060480d6,1071445112.0618742
e6eb47d050702ed49ef5c49f,1141362336.588817
5a82fa348f3b97e74cdd3a61,673136225.4460709
cd05166ab9bf3128c23fb8c7,1082466862.164736
cbe4318f63d73fea6238079b,1218240664.6421661
efcc8d268982e95fe2fdb311,1397507522.2602863
c45d7f326a2f279760d1a4ae,742578271.1942251
7c5ce0e65cb26773edc9ddef,1191017732.3315983
357fda0abf79ec95f73e3584,641832942.2391658
a1e8f0c7cfbfecfd1549b0b5,775827897.6816955
3f208f32cc24d8ce1506ed90,619130429.1133481
87ca8a2b3251a38d45730f5c,553893002.0863745
728961e03bfa6e3242f06d8a,616962761.4848089
b9f9dd0d368df912e6e0ce70,899706143.1861883
429b049255a7edf227a980a1,558888631.7741674
a6259664a05091ef92129c7c,638094367.9413589
674c915c52b27df2c06b8bd3,767925121.4475527
f8be64dc83c5923983fbb770,662472619.2869983
445fa7f5e8e9d7f12e8991d4,999273567.7891557
0842816a5ef4f24435c8df22,737967558.5574102
40558b62d83e4362efe1fe26,331668371.2985034
bc474096496b98177e40f590,952305525.4598635
2b55989b2253416428ece917,952305525.4598635
7158e3a6d456211d4533e246,484753618.6476319
d4fac54e137f5d27ce5f457a,805576572.6137654
faee80ca0efce20e731823bb,794573506.1135048
8ec09555f5a47f96a8683699,1178086905.1413698
2d7a48a6b9fff20ded24f86d,582659788.9364887
514b09016ef85b9ddc4fafb2,785306645.7684587
a1c975ab16effc6f97935e16,738589780.7767066
e803e3806630c6579f004610,847090491.7728467
26526235b34fa5b7349df00a,432052525.60467196
ba762cf12cc038e5c43bc6f5,680457829.1378698
45aa335dae223bccb31ff7cc,721495738.9824408
1dd3d7e197075859c1ff5b23,974884807.0618892
2db9b3463f85dfa87347d6e3,1074994772.6916857
f72cc14d79ce15491a96ddfe,1064913720.7123007
4e25bad08182b79f5ba9639b,914931325.4675776
e724a1db86d8d0c6334041b6,981344417.0401977
8fa53bd51f5d54be50b3fa29,380819014.24901855
fb7048ba61e9e6b1de829bdf,677032447.7770237
4bf70f19da0bddec9241d310,583990177.3565817
13c7f3592bd432c7cd0a42ab,676380185.5163258
cb64b363295d36b9b0fde3cc,649777778.406404
bdc17ea3f30318b11df30508,1065043119.5518874
cb7f62ac4c1afbb4256601f0,628984420.605336
5d6c275d9d3326e738c875c8,710555820.989015
9865836c04a9582688f50496,429958254.8527839
55a615b65a28b64d46ec63e4,654381723.208157
dcc9e2c9c1151bd9f93f44b8,716311226.9060742
1a2c0e46bc18bf3224450064,815176708.6625702
3de8187003cbf6c4813bee45,482830338.0142387
d62663a447beaec69808f85a,455431861.8070792
1ae17f134221d5d9ee69ebd9,623324640.5972021
35e55d060b1c4239a85c0ebb,403164653.81194526
45917f1bac415feac7e41124,532155266.75737953
ed44705c17c414af8442b6ae,649480230.1543571
6f01f2c67343ebb8ec717a5b,553928362.3484224
8f2218126da9580268661c70,985196590.998707
5b36bc6e78872d2ca6d3d1f9,611895030.0689529
c5c7631ddb5b485d0e992f7b,540635129.6619052
43c88f1874dc7f91c899df36,830246718.2678127
dc544c90e6ee38346a6002bd,876668098.2299359
02990998f3621fc5a3d0ee63,643744338.2330645
dbab5ea45ae910567c97fbb0,979400810.289004
bbf80c409ab3a6784028eb6f,456827488.38212043
40e56beaf4a7f28f8108b132,456827488.38212043
e857db57a89e165eade00770,558610966.2868282
41fc4ca2b3f48508d840bbb1,591422830.8886421
08c1db1e620e975c4d476b2c,521069862.0725642
8a1d93bbc83f4728657317d1,677953954.0840304
6be0ddd4180b5eb92908da05,319759447.0159923
ff1498465e4db86f4f652e87,490213989.56578547
6410d336f6e61c4a81403c61,875719960.077943
169cdb07bd175b4325fd28fb,400644884.7322333
546b56fbf616a6dfd1ad9d88,1090395029.8869705
666af58bb684c2d8e7574e86,888195691.0112728
9fe75dbfd537f9ebc6653f18,973390411.2400234
ef961c130fa3b9015b103154,1014792517.1791588
035ea0f13f2ca01c902d5388,553586086.8222368
7800f742ee14c4b4142f8b58,713029159.0536054
0c621256c4d7ca81045fcde2,749407586.2674339
50db9d168354ea3d75a03a6f,1123056408.9977922
7bcd1fe7a140b6eeb4df2aae,661622179.1664258
49a4cebdb22fc2d72bd1aa78,534672587.29432523
69ae1f2868fe714ad8e2f114,326648720.21788985
ca4f4a66d83f2043a7dca261,365386208.9931262
c0ef32a7a294e5891505bf35,365386208.9931262
5ad6f4091b77715b7f74587c,614726365.3726141
331e915e2a66fb70380282d6,790573243.1784748
3a00543fb00cbc044a5b3527,405107609.4300142
81df59c6d8be19568d16ea3e,477801216.30922705
88a4da0d72977b0c56b31061,1099224058.5683482
3ff9e75c6de41de517d1c4a4,340022188.6832251
147f80fbae69dd577ff19950,740261360.9810101
78beee9b7fab8600d420fd27,750356026.6247174
c3733b88ebafc0a05f5bdc99,590098391.2899741
568509a7aba60f8fe2d0cd5a,517429661.03596914
f6d3f7e963c9aa1783b3adab,1023946401.5191075
ffcf6794a400aba909383b41,922366151.4532982
fa0aa00078cc178de0cc7d96,658077185.7789149
eec51f949083f39691e37e15,748928558.8279837
26f3d5bc3adcd1396747a414,1472990819.9170718
cb9e058f82b10cf80990beea,875788607.8621742
22a0f3315f7600e5120db131,537288592.9217727
bf6845aac15fde9b89a7208b,711839370.1117656
6e3cbbbd3f4d0578144cf021,985576656.3778605
98a0289e513d5ba036b24252,459482871.6061699
597d3f78e2f413acabf825c0,581820771.6370882
43a91a731e86b9a0784f717d,616470972.7702264
f34ff57e272cd08056e6a243,573462675.0273497
6f68b289516faa0b7ef36a34,419696955.3814743
8bd8a7e19b6d3b8bcabb84d9,596921821.0473847
74b64bd536ebbcd7c30ef8fd,866428262.0370543
f968e756cbe6504fa0f32458,1242939573.3058794
e99d9dcb9880cbfd219b4297,1021432252.0908554
4c9e6812520f4aea4ce435ae,762448742.8645852
78419be95416d2991ade8be1,530388981.75072217
d417ff438d2a418b1f9e50b6,554940746.2485119
3ac77ed776aa4630c7293240,786754824.9928313
95173735a8f6e554f083c065,1254843392.897404
83da39bc1a2eeb75e2825c22,635315182.8030896
4bf89c9e50c5417ed669c481,1009083300.9162538
f90fd39477c8da38e33ba0fb,991060305.375384
b45bb2d0d137de6984d4e1ec,466055510.4515347
bb812343bd6cd66e9cf9a9ba,387956877.70708334
e299f614cd8ae525fc8fd0e6,945576995.8155123
521e9326a2003c7b56fc4365,802130412.3982449
dd59ac4f6706a1399360bd14,817710076.8648022
d6c6e7f923ce2cffba8ff9df,806042470.5329531
df07a34d0ee2f78f115c45cb,727237082.059535
db6061f876f890071f7ed957,782589414.4555557
b31601cf48b268f3b4107564,733448837.4643074
3a9b2ef74c59e96a6b107357,446918104.2949069
d600310e19c926cda14ac923,939344222.6802565
183f2cf1a1c7eb9700b6e72a,1397507522.2602863
42556b1bae874a5c09777873,1020091241.0252192
57c1ed738536d177d66fc52c,1681102053.0046039
26cdd114566b7cc63cd96fb8,1012459090.8967541
0f679cc583a47b30ea132bbb,632501207.9897711
32ea7e13e8d9391aa9b7ab9e,406673469.7213725
0a482968c7cdf212401d72b7,998853238.7460339
85e4ee2583c51592d68ef5d9,469168943.1522993
f4ce15aaa352d707b68cf773,720965091.1807854
7d383abbb6ac49c6599ffb0c,1026755152.3683479
6c67b1b0991a1d79251855c3,1002113546.1318681
9e52ce2cb6f6b7e2a152dd54,607139597.4860994
bdeed3a7395cdb9b175273a6,1039840165.4056754
423ddbfe2f575e6bcb22e7b8,805579896.5034035
3247399a31df838ec5fe58c5,1082379546.3305564
bd57e5cd29d935cb26006835,788930058.1354105
bf00f36c4dbb273d7ba4b7dd,619942976.2787842
48b9efef82faf72bcbdf66b2,639630559.1088039
d2526a3e39ea01f87c99d073,962543780.5706213
651d5cd65f80c4938deb7da4,762870417.9778215
0be7803a34b11d89133beaf4,1195037223.1474435
a54b0b282edbd217e9509287,1173329365.8361404
550c5061428d09afa0c409f3,684437752.1879344
7538c609fdd115c9dac551f4,700388999.7178864
d7e3cdd3ac239a5c318f2e9b,1163999805.5266805
9bb193ea939c5308a738fcef,803702637.0487173
33425419e1a8e854418c5180,383933611.3678624
fedf2e30e390f5cf74b27e97,512615374.840367
024c5c787d005adbe770b9bf,530065335.45250064
13f681a090b36edf38a4abd0,586740929.6270264
442c6bda79f63bae28674b1e,739913653.9830683
47e0c773f65485ab7c78d49f,685245433.2398595
9e30b310c820d0426f504d90,484753618.6476319
8cdfda9067e0934a8ebe0894,630317043.6845688
0a8aaa78f68d43e3b1bf6c51,905305803.650068
1101f533fd18cae5d32c1cbe,932697746.4645857
9f6af9ac2404a8d55f24286b,637939937.6950971
75060f295e0aba8e1224f766,592900832.3787498
f0e68102ff84f49d90fe38f4,477080859.2989283
3c45bf3e3e31e7804ac91704,600024041.5862734
f908e1de4c4be0d77411a998,646101797.574992
ca643c04044fabc6fc566d12,1080709578.249088
8aa76df8fea21a42fb6229ff,815569247.4523251
c214d2383936dafbe0652c51,639630559.1088039
993898470c6676ce46ede92d,880545103.4917401
18f6240cad6e92f9151099c5,989547730.974218
1e63fac2629793fdcb793f1e,805576572.6137654
e0137390f0186c98f4e91263,892974721.2096475
e35f95823a486c52b0f4c2b6,556042227.7865474
ede10672118071a215ae09fc,872193080.493697
fcf46edf6d612ff1f5ed6134,713975326.6194413
df4be33c0931aa86231b7a2e,1081918753.3666015
53fdb16ec08e794dba9a10ea,698624430.062707
74c24c5e142e5267456b24a7,788930058.1354105
f1bc08407f40396c094e0499,1003839526.6773583
496ce19c015093e97144d375,505996823.2921596
a183a1c009abf7251fd725a1,876159934.1743199
6bdd97526b1a9cf10853df1b,748795007.6033747
f083a8f187e2227696695ee1,838661510.3313965
2621e068043a5019aeed6c8c,820798040.0164871
3b43e7acfab46651b099b1ed,1166804185.8104181
6565b3281cc2d632febbb6dc,1103116377.1636474
09e47ad8508e7cfee83c6d68,834275707.2007551
88b02e7b20ce6db956afcdd2,1186836979.1450722
bfc41facefe9428865e4c29f,1158453920.4746997
569bb17b961fbdadf7106d56,1353282875.456493
2314e3ffc7242a429e00207c,840584864.3005182
4bc1e2cf5e5ffcbe1020df08,1053032747.0176598
949c4a5382aff4750b4dff83,1367398791.7249477
a63b4a22614d334b4a61ea16,940675300.5544521
734fbae84cebd50aaf71c48d,1081321566.3898523
f92935374a7ef86314223c5b,1383326635.2803414
6cc8e22f11d382206273af23,1049711315.5536387
701768887155444b77c4f446,417877955.2825015
13c86cdff4dd32a9f8b9adcf,887395576.8769091
8002e2cd1b70ddcae88ebc4b,1215594041.3894045
d0d77497c8a7d567f01d3afe,714337529.4899391
95a7b01cd60cd10e7364a600,613192047.4956372
d1e38d7cbd32567c874e194b,648690906.097594
e674ba41f9657ac8f30d4f7c,1187493313.3666716
6bb760d54e5b0f54d9612a8a,637858405.6195292
9e3bbcdba89c647e4ce53182,880147320.1119453
72927abf4bcd53d6907aeeda,731381647.4079541
aebaae467e5f01db3afe69ff,642567292.5363923
3ad457c8855ab8921a7974c7,1011194610.4311652
1f3d3fbcb686ada1a96e01e4,478574133.1784767
0775d831f68b88ca59eb871d,1040263311.9024469
5fa3b0993cb43d3c72c30093,639630559.1088039
bef19d0084cfc9f6fa37ddd0,930616953.0447361
85a856b4d0dfb1fae861f513,669158379.1376188
07fa1ad76017843232107517,1457381655.3719106
4049086139009c35dfebb3ab,463767430.99348426
655120f80a39c19221623311,652175605.9335064
71dca93007d6ba45fa40eaad,990372789.8194634
9f41ce015f02d67e193c41f5,481518259.9173329
9017bd24d173b2fcf564b32b,1250699466.0414534
e5ef29d41082025c42f7c921,961361098.8689924
5c60d7880850970facc54bb8,1161228795.3256986
f51fce25d8376d48fbe73a43,648648500.1166724
9dc7b0a394309d8b76d0bb7c,680922947.7041637
a12ac99bf63b547fd9180a79,504632914.07974666
378d846a7af35e0c3efe53a9,1061810568.6077807
0872198056be7edd5eff220c,1156699000.1844473
efddad1eec775ce61d3b7b64,885479090.3220528
70c19d59c6b9e194b6bc09fe,921400722.7354238
b0d3d98076883f346cee8d04,1219764251.931134
c7694e92a97bb66794e62fbc,728018666.4713249
7b4fcc72822460a428c19282,806333681.1366616
a6baf4631223d9b24de8b590,439537985.1776574
a6f616d63d134f14ced205d1,898756065.4665091
50c123baa5783185ddbe29c6,651686506.6386207
24756921525595f1684929ba,521654901.63698417
caf9c761d21329c993a0bdf3,1218482767.5931604
193d70ead1ff1043845e7671,628082174.4956182
62ea31859e01c2f4d4e97baa,1001761672.9264652
272b5b5c28e46c6f5ad95c22,660391733.3911868
552ab0964056c1d1d1b7398c,947318726.5862373
23799891583435710f66303a,741654250.5118915
34896afec0b639648c527483,1163101686.780123
eaf53eeb911ecbae638409e5,428275464.31980854
b1fdade0fbf0470060fc2708,502427225.376955
8a20478528e97700dcc84abb,382658497.6976932
702525f05b47353c95b0905e,638743022.4085522
b84c837c5a1fd0f1ebc5f8a6,526835960.7469936
ee2d16316e6f4f2388494c7f,661972531.5042939
ea4af07bef4ed93e81ded95c,1253293305.3507938
1a71d0d3503f9eff28acef6f,945221687.399906
1fe392004a09aeeaa6e8bce7,1038815969.7569295
46d4b0cdc81137aa56f516df,1114362104.596486
4d666967b74ccdf5b04e9787,515227477.2234759
fcf79745f8cd716d3ff9d27b,505298738.24040645
aa8a19a2fd3e2cfeb3b7dbd9,512400041.32655877
f055602beb49dd6040641c9a,750663732.396609
7b1377c8d81755bb9b501064,491296495.3553529
17d0418e4a439e9de8006f5f,980251430.3919171
48f1c6e343a4724ed865533b,1085305879.996153
353207faab3dcf10feaac8ee,898229600.911085
ff188e88378c8e2abed8119e,755638381.1556817
424b41f5e01ea2e2ccd3ca48,691238885.6518046
608cf4f46a188cf84f853c72,469037447.19290733
f9e7582dd99d36bfada56249,1115051650.379158
d52f04fb69bed41ffb10fce8,739282486.0184855
ea84b58f733c8e491db98a52,915425619.0958551
68699eb9653684fdd3fc79b0,1050858983.1299723
31f52502e89beb1b2e0dc3d3,777184223.9816897
fd41747287a480d5c4dcb56d,1245891251.921583
b7afdbc1b57b52e6fb03accf,1395590600.3074362
48b270a493af4fa28dab9211,652662305.723762
2a787b39e84958ca6b7001d0,678377700.9369891
e439c77c0d871996bf06bf88,630126516.1818805
91b8b9db5372a2c3a5c30c58,591522866.2551129
038272b33c075765464761e8,813319791.965531
fe8e45caf7605fb91d6bc5f7,712149519.3013233
d354a2581dcb183c0cd70540,928093921.7615784
9421ce9f204f373a50357fce,629230012.225707
56bd3b61805077405af098a9,1082162117.746306
0a606d19ae362a58922b172e,638794598.60953
ededebb1a544fb3246d3e131,548280851.768573
6b6c365359d20be719ce815a,958241551.782169
b8b22c1afac62b05ad389dc5,485215848.86579365
3e3717eda8ec9a68c9d83027,537158039.8714379
03be8ec62dae56680beb2cf3,904181947.5584197
fe6c8cd2e792d62a4c324da5,756660884.1386263
f9c133f7a12f2b8c1b2beedc,1096598406.4467173
4ec47b8100d224499ec608e8,1009294509.0138886
143ca16847cc47d4a4c01ac0,591111518.8998672
22127243f7ba3a68c3fc33bf,750313870.5101467
835eff7679889fcff6795d8a,997810778.0014743
4ed3eb724d4e57a7b35ddf5c,1076785720.2890651
4d743a1250f7d91e2782708e,616674615.9368719
9f5cf735a842860e7ac753cf,667555729.3616209
e54a8b735724b2af56c7a36e,571987372.250143
3b39471f854357b7e5d2853f,1052986128.2993028
91bd11b5a8e0c0124be78f46,393168766.3266003
6121943254877ee48716c4e1,427178926.35734224
3f4c2c98a5a6cb78d7d26327,481156250.448216
2b6d63d6b072901effbc8e1e,864123662.5608063
7e4b240c601e37977faffeb0,864123662.5608063
ac29d71a80307cab65f29ff4,768753502.7206957
70c77552b1bb67a2a71c2ee1,1472990819.9170718
54a09a85767156b072c808c8,764077183.4264119
244210fb4bcc0a04f2cdff95,1298195296.1338537
9a2b53c1c7151a8b26a71edc,462264973.2519313
918c48a512fd6ff22fdce5d3,676103209.6789694
effe4219e6cb56e5ab70ff6b,888467114.0163312
936e6d2192f28a2b40939a4d,993526963.8627958
ad9a1b23979f0edd2ee19f38,1026137256.4616914
8a8e4996e24142eb413c0d12,1103116377.1636474
31c69cf4d197f97ac594a896,1129153715.880179
143f07eb2a8f0a9e26fc4c56,720719482.2421604
e5fd3cdc6a19653275c7f4a8,757999003.998683
5c7efb015b8ff7f108c99723,820198785.3591135
394718d9d069a126e13be804,752407211.1086693
56f30ea777f5493139f22384,1435783306.0832202
37d5a902f1036cf3d80c275b,666883759.3889296
3f418a8bcc7adfa87e0f67dd,959510623.5833735
051416c05445860d5b4095e6,635180207.2853165
887761f34ce0996bb05ac48a,1206743063.1124284
e02fa06a8de8a603e417d5ad,504798140.77037954
6f5929e67fb8da068b91096c,981110714.603929
291479f573955e063f2d8bda,1218401183.181954
e60850405ccec092b8fb5d02,639876904.1754088
464864b367e16547fe319229,653788650.2001126
4c14547b7e02e75204ca9f4a,935654268.3490968
6183257f16bce94113879745,515855894.12160325
46c34a4e5987c20eb1f5ff99,711342327.9084287
3f39b25dedb96409dc9d1947,1148060151.534495
e7a85e64ee07971696f555f2,790032767.8430334
33043b254b9085fc82ee1f7f,356062133.86255985
bd2759d469829bb8926dbe09,818288451.10541594
affae17b6cc59bdaa30e29c2,848704613.8853062
e611d41aaf38a58acaa0bf23,681775542.9156681
0de426088a306321990cf60e,490621739.27355283
685982808b30597cc013e2c7,571215086.285215
4cfd1be6a93641b110fcaf67,320297013.67990494
68fb3b3cc3e5b13440eb014b,1496367508.5669813
532bf5813d7e70958f71a480,1228013909.3963275
06ee1d8f3ea326a0e3a9791d,727987739.5890869
1862e0c4d8e89fd2302ab376,2552093260.6400614
f3dea3d678d959aaf6b2849f,1276857830.9786036
2478e48a3c6bedd57c13c72c,1163695803.776431
efa36c7738fc14a11cc352eb,763519188.3905411
2f6dfe9443645d6629eeccb9,567097576.8211596
bc7e867cad6f221dc44754b2,714104287.6480697
e4f2fecf58a038d7b18f7160,972680083.1925137
a7620d5599ec354541c8af13,1406390467.6205337
484cde8e47fbf62a339c8219,955079832.452444
5fcd9836a3ea537fe86d457d,636792128.4620957
1b288024824312c8b1681bd9,600664845.2068976
44e4574527acc86977f5bc41,698490451.9572394
8b716bc4d6d833f9bff3e729,677068655.2287014
0ab85344c5fe6ccb0edb6313,1000420560.7099047
03ad99f1799f2a20c8cc0a50,717651257.5903422
6db318f828d464be421eb572,1023412824.0853903
c3e648317c360c76b94bf541,724578112.9794483
19cb65620d2330624252d01c,369169447.09341925
dba9fa9642ebc97ccd765db6,486459367.9506592
1d2467e5f991b935d676e906,452427997.9150651
4091a115125eb4a67f494620,693048931.2284495
d197410ebc0e3b9937464923,461566427.49506783
722699e593085cdd72102baf,509296975.55014664
c059affd0c19f6d4d76f37c2,535088870.7763316
855dcebac302ec5760f67121,657032150.809999
f433278518a80c3301f26cfa,699739429.4596313
66a45b0aaf5f696d35f5cebb,581653157.7811401
0152ffa8757aaaf417e9f997,1435319638.5325437
55b72f6c7163a9b0b3b0b262,396400752.2203192
c8346a875be8391145a2f9aa,345801079.71096236
11c86230e62bd2c9ba44131f,1062048996.7498778
c4b97a459e2c6d13710fa273,457648479.4669998
8bcebf3cdc54d4ec99ba0d88,712264658.589138
ad159116d166e45b70329bd5,900363182.9433805
6f060a8ee8d6d15f46289759,650890902.7587183
ab5f089f9d2ac1bf52222ec5,575324680.4730716
f4fc2da675d6a2583054fc56,461348501.90786743
89eed91bf5148b5645408222,915642564.2970601
0761d0b7c6e319a75b06d420,521152719.3013983
ce84187750fa7aadd141b5fb,692572207.2358465
ad77298955813089bce818a2,986176797.4638673
3abe8f334f0f20f8006ca5d6,725231416.3511642
36445c32822146606f75dfdb,1069601675.0882113
f9798cc6285c9fb3ed7cb668,700948894.4500161
59dd396f70b8458772307895,888933086.519772
83e91710343450cb0812a6e4,920887581.425267
1e7a931100be734988955242,1372280847.5414908
bedc5ab20edc896f814c3f06,688637746.9678597
f884247fa6414f384480bf38,664776148.3290738
f34a38cdec7eb598e55fa41e,1105616704.7301471
106ad411e13ea21ad68e5f59,1192577417.911609
a87c585acf2a147e381005f5,514003422.0565362
ad755859e7b6afbc021fcf6d,1173088442.8996353
8015080cf97316a08453a9fb,1166482403.1395915
f56d8f5cfaca0691c6ffbe00,673647538.2247033
8ad016d414e2d2be053d7612,687278080.9503083
8b91a957eca1985938860c28,1046781039.9609494
20bce83e2b75fc535a148dc8,824099146.5442439
5724ecee1b12e888d538c1fe,690425618.7094254
1e90d068f3c86c6f691649ff,1222995129.4589953
0fd954262ee740999c31d407,385333412.87487143
a6d7b144058ebc326b9803bb,672401928.0796899
a81abab882910584371c7b66,598600197.8133271
9e41c4b41cbdc2553d80e362,1210037618.739361
b6fcc49ad3656cbd3f4c2ea6,706044453.1561129
9a296eb9b63ffbdf2a07cd0d,835579468.976734
3fbc0746bd620a0baabbd859,826655683.73101
3043d0b025fac4ed90b448e6,699804259.6481786
219555efc5b4291791143252,500705064.9421845
a00863c7c53b2c059ce22dfb,487240365.0523937
28b838c94d10823ceed62e0e,630522324.2339864
7e64ab35f5e336d5bd2e1b51,1296260145.6289365
52f24ab479fad35c8bb5a8f6,1231228216.803488
0d1ef14606c58310cae371f2,578418100.0096633
a465a567a4f60ac534505bdd,1350988239.7562141
8694b149f7c0deadf820f0e4,1001628855.0545245
16d6b756f5ebcacf221918b8,1077939202.316053
7d132190218425df1857b8b8,1040006989.6904899
7c7a3f51a58dfd1588d7c088,428503483.4108816
64d1c45a2968b0fbf0eeacaa,746395578.6294562
4fdc382b65441412fef509ad,1175177758.0673213
04ece9352b3810031f3f9a90,1041554170.8981336
8b5b351e07a26c25cf51e176,441485419.3832145
f923bfcb8cdb543c23bafd52,626105123.0250585
a15a12446d2e5993a0a6c423,831303773.1044072
ab3e1642655f7e705cb047a9,626105123.0250585
b62fc917b3e8ddd64bb81018,655334334.7576182
835842cdc8ea0a2206c2b46e,1002019114.0296972
02ce5bc5d5d286a4cc0928f6,1049548120.0714419
d8e51f7b40bf1887ac007163,835335365.6511506
90f320e94aa429856e37bb35,594044069.7847959
967a7676754d6f9aa3e14473,572846166.1879777
9251f3dafa0e747b6e78f295,915138526.6104666
17b5e8357e17b516d947ebe3,733082804.3971152
f943cfd29effc9c048b8e106,632244808.7703093
41719542347401b04dfbaa59,677644627.9272733
bd6ad9a9ab28aaef9b4955c8,915845883.2070918
bbff88040e5b20e874cfad9a,1022621392.7702041
3d6a9a4f2336a46eb62e6a47,1314198451.8599446
493367258be5d63dc8db97d1,1314198451.8599446
67cf2149b4c214da77694088,843058896.7622241
8d2e85825e95f6941445cace,780252725.3905089
01afa737bcfa6b1ab530eb09,1221252447.0454881
25813f7204a2e796170c4836,707622296.5066627
3cb1773d90dc240c4ffed5c4,1077440316.7236793
6c81a0b90366db9f514362b4,1105530087.8250432
44c8131b88accb3b46b79ba5,582659788.9364887
ff185be4fdbe3790c72d00cb,439552791.91237193
851f50292e30b0a464c0804d,498286396.89288515
6fc2a4f29e3b896bce631ee0,630622699.9720132
cabc4fd04b60a66bdbe2cf9a,1001926261.688594
61e9c2375626a18bc9920c5d,636911259.5994179
396c8060d9767b4debf2a54c,1005396819.4019232
92ba019bd942fa33ab742924,655861549.6553211
ff71037ec8e5a91aad6f0686,442628524.168633
d162a90b37622c1dc6550690,472996467.8145808
e1490f0730f8fdc36993027c,497539456.2367217
5a066d6bb65d28c2094051f6,913608396.7372408
9c7bcf000cb37f48d9f15422,824352906.9786568
528a6345df87dd0db33bf822,725858750.5601742
579ee47bc31f5408314bca28,660741116.4793627
eb61a13df1c8d8d0efc4db3a,623091268.1672562
b649d315ff3c97c4e8e9db73,301857696.62814295
d8dd26eb78ff22272358e302,895378406.4951811
6ae2221c504027acfb7368e8,597842056.2044731
3ce908c9b70f349158f7d04a,994719750.1526079
7cf74cbec871e465ec2f6a61,994719750.1526079
02e9b077d6cece81387fda35,1067806440.224027
865ed399cc344e0638e45128,989802800.7921308
d9ed55fb72efda67f5144330,898755513.9815228
9fdbab0b428f19e7e8dc35b0,817270164.9537442
c061b886b7136a1b00c8ea2d,891731695.495199
fd0f6c0b5234ec1f6c7d1fd8,952534299.9574394
9df90c0644948ea5539939eb,731024189.5061427
547661e79bf0c62cb8de63d1,990462860.7577143
68963f5f3657cb64276e3beb,758229672.3807783
cab0a460167bb64c037cf25d,383660509.43277836
31977cd5d4c09eff149e74ea,723606518.1295619
23264fdd1059460e079e5810,734562073.2589637
4769743185eaeb0e4158e0e0,702933845.4188831
780c809c52509bb4855a4efc,701700656.5985324
f64d4e029592761bee698958,508742974.296746
be364e85b988ef8627ece74e,389804051.81751925
c73c38b652e9418f06f89b67,405015699.0340587
213032fd36fa1a6342570158,674082551.5923172
d519a8de5fdd1a84ca1baac3,665431789.9840001
df91a494d5d244f20dab0eb0,532113764.49704504
9be92b361ffd3ea2c69be23b,830531872.2602452
cad16b2ea432d926d961109a,543385467.4600483
56b22bd973f94a4bfaaf6b33,794442846.0283993
84114798ccd01ae3dc97cb27,493782393.02240986
fe2bf1f402addaf17a213030,779070863.0913302
e01c1b69abb6a4c1c69c77d7,1052747132.0974683
24671f63cd061228ec0b5b9b,526471817.3831243
f54c16df774e70d49355cf4c,426522201.17395246
5537b994e85c2688fe555d5c,592340590.8214399
1e5919cbe4373aa261d672d7,432772273.27565736
cc125d0f70d6d0819d6d90ee,636640324.4712715
51f94ebbd6d2533862a1fdbf,601049531.2692949
fe409f9ea8d18c9d9ba4d02e,536899692.7900022
753b47e2a3b9fcdf9d7fd9fa,542109092.3393252
6bdb3153f267395eefbf588c,615078812.3487183
9bde9f216ecb90814670e87f,779070863.0913302
7f5280804c59f56fba3d6201,535164021.4886181
ceaf16e097500022498950ff,380000549.9686109
aef06b27b0a080b5ee539b6b,569336799.3379152
abc668bf93ec7d1951c65cf6,536899692.7900022
56822f406646f93fb39d9e60,451435365.5262802
2690ba8b22a95cb837cb87b6,398712776.9386694
180172e4eee8ba756207b3a8,571678549.5205269
c11cd2e00942ffe56db5ae88,594330438.1593186
75a287d87aaf6ffe7b6db546,602292924.1953368
08f35bfbfe1bd663c40d9e54,881583492.7960272
c2bbdb2e5d0191071e6db37b,561125584.4978116
b129a508d1d98a1b6dd2f61f,1076169331.1328135
335626f385c28e8370c207cb,437474102.16111404
898ed7299f0c7b8a99e4877b,835709880.9781914
a98022fc80dd6ff27de693f9,519388632.9581634
a59f1631e721d231eab4d146,1071445112.0618742
98c9c866109bedd605ab7dbd,697108989.9670491
cc9743189c3671adbb1be49b,966668735.5606312
e22b8126863c9ca8fb04df9f,1043601692.0840942
247715511199c5b680088b56,669158379.1376188
6e51ca1a9c2bba9fa0cbe5db,1059324718.0529791
ba8d6800443dcf95bf9c1037,633819538.5165857
5ec6e033b9dcb454c57050c3,792257628.9303446
156ecfd8ca6004281b191db7,1332451612.3591924
edc3879a1102740f2f96227a,1070505262.1230425
c02ce25a3334860d3bad53e8,566146126.3385283
d041129f83f1f13fd7b35e4b,1217126980.8555136
6946fb4c877f35e9215ef4be,756619499.2129694
ff2897a56a0fd08996d19424,686047244.9117924
e1b64df8e809ba220c9722aa,1120084696.8315737
c13263f9c8628bdef086106b,874752806.2042824
e2b8d1aba0c583984aab25bd,786754824.9928313
3786baf40b31a20f3bf3aa80,588243065.2001739
bcf12785c25f6e600eee8fc0,589679523.6025457
f85d09bb2ea40bd4b68465da,915425619.0958551
1f40dff9a973064aa4737eea,705848281.403191
79beab95c6857412ebbbdedd,777184223.9816897
5ed8cd2cf2c6dd5b5241d6ac,1050858983.1299723
ca8dacc29a57d39640e3e59c,1126876539.231032
723655990d58df33d55009b5,1148609969.6693697
79a675215fed2e293b27f43d,759965821.6007683
57999ba0ed9089739a1f4de1,850668952.7786511
00cea81b78d6007eb405d5b3,803351462.7013533
c00facb3e4cbb27c47a621db,1557418595.0025487
d1481d9d2bc9d1a3811f2faa,795116071.8153683
26313750bd29b2c59a81b58e,1075286246.9444187
2bbbe93b615c46483056bfe6,1236302923.0722945
0f8fa0a074b743c92f0fc56f,1218609205.1782737
b925f9ef733930be26417458,1158748172.834038
0183b38955437e8d0128a013,834940154.70342
1c9f65b631d2f2856bc97079,1140146601.5216758
c11d82cd360eae99c04009b1,1245891251.921583
4a80ffd8e908a3291a32fb6d,1359867744.3448932
1a0134583a5854d5aa9cdb9f,1002673904.5328151
5f5346deedcb7cf5dcd1e9be,712794999.5416125
f17c8b14e56a76ea84a45fd6,1090350596.565716
b8ff548543842246ad439703,1457381655.3719106
53462704cfc47d32492b4847,1049331680.5843067
25f925538316d3cdda8218c4,950431716.0240152
ffe653c61bf13df43fa22190,665688741.2782114
228d98c82021e2325263c7d2,480954393.94205135
f32a7d08d176bf9177dbcab1,644984372.894701
f2c86c1edac4eec6c01ec11d,648044853.8989713
06e350e3c733e5a0afb613cb,601033873.502773
e2544529df4efb7e90afcd21,518594690.2209957
a639ec3b943cf90cb28bc1b3,681642248.4517298
a1320186028a726935bc1cc5,882122274.4527366
97337d2f347a50e0ef518516,402482829.7238292
8f619dd7fcf5e1a17af301c4,1135842449.2855034
72569ddc5828fc702b2fc773,913771154.0536638
ec674ba8cd16c2264d270901,1320405926.3960612
2b05f001ed1a84425a45d0ac,578479577.7933352
0a7758f69ddd8fb27a839661,606887446.0148423
e3ec7a8fba3e1ea07a135dfc,590788300.6360458
4163b665043ed27d7bf26c00,503179589.0075017
69f7b81b70ea61f304ccd36d,564086774.2830127
ff61104cbeb37f077c565fd1,545193620.2742599
883ee78c03efdb4bdc57796b,650097688.0628253
fafaa5dcf66d22bff322c72e,483680023.3920329
eaf0f2b00b6994a9ba8c5ed0,562005724.3084697
9b1590945c0c7f7b0704d287,708578819.306913
766d34ea891f3af53f1391ba,1057756269.177519
b8680f925773229571014e61,434293466.7103252
2fcab31c752b699af5e8ce8b,1234470096.059528
96d14697ed6847ee757d113f,735140916.7099257
ded79c11c30167a9d8accf77,968767062.6296988
ac50dfe70b599ae93ddee4fe,932740426.0252254
3fc7a0f9c30978f24d688fb7,643161561.023157
083f05fe52ab15e8d481ad41,898114799.2547077
075be16d8d9ed6831d139b2e,591900742.5304327
ffce0b151f293cad0a6f770f,1280366587.8714359
5997da918101ff14bddf20eb,556042227.7865474
e102f1d841d7cdb596d50624,383933611.3678624
a2c3da753f0116aa5842d4ec,864123662.5608063
43228eaa1230dc0f7f1473df,506629104.8514798
4349d6bfd5a518fcb231cb3f,719109929.089933
c6c978051fdc655d21a370ab,729455481.6160856
f4cdf3ff86fe70fae3e59f4c,613038281.3442448
ac154aaafe98dae45bf9782e,1150147805.8938413
01f6c99999c154461765f4c4,697869664.5752372
d7d30819fc6ad6e7e41453c1,876982559.6830515
383b3198861942064a63184a,646053757.3783787
3a2f110334251e97abe3583f,430085442.3667735
9b9db425b698a4931173b5a4,620879111.4096386
3b51828a1e891f3a52a4653c,789138547.9661168
c94dc49efe0a350bb522a56a,1025256801.9058573
39e4765ae5c8284e1f3f618b,1026762546.0678629
04b28e63fbba92daf83865ba,816568878.0012792
b9643a26731cf2a9a243ef33,1356482773.8134584
19e03fc1a7ca4b0761eb9ef3,665006537.8312198
c0224f0cee5a388014db4f55,1527772143.7205248
c4074029fba935dafd82eba8,354022617.3748602
0a8d749a2336d8f66a4f19ef,652169661.344922
e84da6ce78339d50a72cd87d,366581493.8713064
e9830411c3092327f4e66a99,618819364.7011721
17d51fdfe8fd16185bf5feb4,709867266.9949214
f07126d58455b20f547c4380,704703746.0598928
8fe7db56d501b9c11461f62b,756483630.0856647
1ae2058fbe26f384be45df4d,804235170.618817
e74a31e6edd4459d4e215c5a,633070406.4120194
c91945dcab0bf200c3ef321e,868122229.0037755
933018604a8d5a9020aac221,963574127.8841417
876ebdaa0bc953890e323843,659039183.9239731
4fd907c202de4f06cade3b3b,1156236968.6500652
e40f616637f6187024b34086,667606987.9817197
f9038f7e24e0a29bd9f3e24d,1151349765.641423
b27fc4e7f6042d70a7651038,696201150.195319
e68b18b57fbc5fd6cbb477e1,627507125.0789573
326a82671272d893ce699476,761270622.5526482
d2655e69f5dbd09ddb9268e7,972118680.0735912
440cd2efd45c019c7151902d,755184696.0900238
e5099db945e4f04aa3f0bfeb,997417849.3002039
3477d85a434f66df58fbc094,1332801242.9888813
56991f74ed430ed942b2d6d6,1217344038.8429587
7ac1b85bd87929705b7a86ca,1129518485.4838386
0e1fbbe248919eb71e53ea75,721031076.5369059
75c16273d3a593752446c27b,788633825.1009967
7e74469fe0b030254756296d,1029116084.742889
35fca2d53ed17ea7637c528a,1086919395.2915068
963cc728f3bc207a7ad74ec4,974847519.1858723
fa9dec2129f7218b4c4d4b35,679654887.8236351
1d0a6bf40e609fc74a319310,696945736.5414786
b9551c416341fb167049d4ce,655775261.7588536
89131a0af2db172538723b08,1098680753.1195276
3e66557e876a876c259c40a0,630622699.9720132
078144699729ee0c46f36123,978313317.0963671
fd15189b99da46b098a949e6,714325853.4472947
d69209d7a26bd306bde5a37d,825488067.8725806
89690c80b7adcb8a8afe531a,679770304.9321424
0e0d19168609ac1d75253edc,580304852.0412399
6cd0aca2bc40d83473a39885,944577982.0154814
6ea0d50e822913d0f444d89e,646492172.2907434
39579c195f288da8d77f5ce9,718228089.0860972
bc54f5dc4e9ce267ea592813,715754561.3235133
1d43fd3f7fb4e24a0b7c9ec3,1011413983.2807549
2566d8588566312ffa4fde42,693263122.5507746
8d27746cd9d2532fe9cfc408,392953135.61092126
95b822f76b4d3d6ceb0c5077,718879014.2312266
eba86391ca00fb217ed1f774,607305552.1160593
b9a0575867a59dc5dcbb9cce,533522944.10979116
0845e73ae95dbd4aec3f1f43,579036805.473984
419a2f823e87ab67b1311bee,1007861156.1900206
552217c633d2562cdcaa81bb,691645917.5760771
4fd7984773d2872e51574ffd,707473045.7005805
a87ed2154a2351cf26f0027d,895043222.4667897
a2522c9d3edb7e7a23a42b74,1294934015.8906898
357e58ef96c53f39e267b80c,1472990819.9170718
cf0ca58262feb1f8b0dc7b68,971384772.7707126
1cb79aba890b35f9d2a400f6,1617160400.1645741
d5c79ef12f43e2bc19e22fdc,768076315.6469078
776e1192349cb7cf1579056a,888349664.5251597
7de63633c7666484bd098e2b,916023395.1428924
ca1b1c17572f776fc1059691,570414822.4246695
53e94de217ec45ad576fd83b,807720946.5958525
ed5c3d2952d2575b1bb757ee,1129971155.062558
bdfa334bc331e3e547f7568f,898114799.2547077
9c6a01e3c7ef87d27185e9f3,864286605.9990113
05d9818d3f9f2a5c358d3911,1249512129.4879675
f6c990e406b3756ee39b3b30,689610455.2518892
19ace6cdfbd8bed6e99c86d9,649845441.6354729
6a04f8684e083eb6319b5272,552316446.0484312
179bf83034539c8a391e0310,806876990.1951541
a42081eac6834da0560ea4ef,1035820500.1084552
784fa9e78f7cfeca4133e8ed,1079449956.273187
978edd828fc71300e6723e06,1279476503.886916
61d6969334fc63611c810e2b,725419667.3828151
4d592a67596afbca92d26bcb,709837523.7756997
50f8068603edac10c87411ec,558444839.902572
9965f598c5b95b3cfaac50ad,947634405.7495961
66cf83769d16a4d659edba6d,751116962.3182414
9c2c2b01934d1d519e651786,792330466.8381389
2b4913f28d07628bf2d3ed92,1064913720.7123007
9baf7967c49fa209de8dda95,683914332.30719
7a0f887a9426270ff3c24e36,879833860.2972795
c1034173dda31d20c4efbed1,763423874.480217
c4a3d64de5e401a86395a919,464473826.95374787
c4cef41167a5e8354a61feb4,701136334.8009347
f52226b24ca3d5b04b7cfcde,1001926261.688594
36d5003f0b5ec7f80e89262d,864110932.2311171
641600a4cbb13b35dc7913e8,884879599.7360047
c31c4bd09d8cfba562ed2b41,1146363034.3098516
0df96c81adcd6fbc2f7141c3,815936093.221084
4499adb2aa3aee94d1f1a1b3,1157524204.2493978
4ec06163d39f96baebe11bd3,658291311.3073424
692cc1c9949d35ae11412fd6,362222125.5637779
f1da5388b772159ec90c3210,1171526788.500571
e7ae63f81f8fad37bb9c1b32,1277417391.651144
d39797a12d9a4aaf15ac11e6,635237282.0912522
efc5412fb02ba9d8f604e493,731969945.1432267
bee2e008ee41f8a711fb8d29,638773172.3173168
80279a7533c44bbae477ea4b,1134565108.4215114
edc43e57b2905405a13f8f3f,283891760.6876164
751795587d1396e0daa25783,856213780.6550183
6d90801ea8cbc12f9e2131a3,893663764.4763813
71fe067a5ae994180f530686,893663764.4763813
2e99240e23b0542f1cc75026,564848711.9598501
fd6112c82d5808311b08e29f,818602081.4350408
0ac639a7c5ec115b3df8111b,852659239.5478654
af0cfebd54f32b9b92c5fdf3,893663764.4763813
b0015b31facc48a49f1313ef,500712667.2677116
2347f69ec1ce4a3fb6989eb7,645668393.2623091
209bf65e11bd7053d9658824,705389486.4791036
41877a677d1856bf609515fe,945106867.9782659
cf60297d9d9bf1268f35ad95,1148510908.0470338
a33800eaaf178e01558ee926,1249904309.3720787
69e663ffb4935aecb875854c,983128179.4629635
595415e95e075b70c39d5c5d,778302371.295938
719679261d84d6b93035143d,1126206071.4841805
9f149071cf61295815e3f875,866787132.3145102
3d24d985b95a3e200a734bc2,1266335698.902894
bbe705b86c6ed4da775b68f0,512180295.78075
e1d875468eea7b2eecbb49c7,990372789.8194634
0802b7e10706252dab8db909,669158379.1376188
2f412384597554f3dab07985,731381647.4079541
da8b5c8a320821ab8ca00a80,643425981.158739
0f10d20cff5664f9564bc88f,1457381655.3719106
ab8699d3c685fa834d7ccb3f,637858405.6195292
85956152686438c48c52e018,976998562.0615772
ed9c4f4e06183b15b877f077,713826931.1544411
12e32a758e15fbeefa255207,738465155.6694708
22cfdfbff44541dba9091753,684403848.0565726
314a1e163d0b77b0f384da29,449154313.34951025
23959a0f6e27c8c2b4a7f436,1102397354.463252
6ab5a87a537d2ce326c867c1,629314279.3539704
d9ebae84cb53d29bbd8a466e,471420744.972899
9511afb73b656135daaceb43,1034650299.039401
9231ec89e58a3daf459c5b43,1463106953.3366718
8d97cda83fc7353a86c9393a,1266085589.7742016
3b380c563ed2505b7630feaa,1268075708.3911602
6e5ca223128fa2de422b4009,626777191.9199181
ee30ab004ac5270daf59758e,663718512.6702719
d6fee4f680569a54f4267215,1127225801.2044792
db3b84e5b3a9097392a57319,931825389.7036175
cef379fa831f936cad745dbc,526828969.7460556
4db8d32011163bc4fe01d02e,824239837.1568861
f842221d74340270e757fd41,1142956229.0550866
f6173e36f95ad05b8e94321b,1164087873.2455418
5960f14f2a81075fa66568f8,764229345.0762049
cdeba97450c735185e486eab,915782533.7560507
f9a802cbc802d49a087cf23e,1433445792.497072
6a9ef848f22fecb9569098c2,947413571.7749001
f3986309e4fc4cde2b5feed9,1071976115.3736418
6c3435048735371c36dd3892,1108301434.039886
f019dfbfa7fbbddec988fb25,1355938695.5597296
4526cb4a2b8238dcc4e496e3,1460230264.0741613
95561bd325f60967cb6653dc,1243724056.9379117
9f3e09a3461bce2fee7e1c40,1514050834.1254513
1034b1af0331daddad70f3a5,497951345.82187676
3ee9cfee7b0acd482672ed47,776417373.6885854
adb51a572f3198367e3760ef,715532395.937343
5c802e198dc0906016741026,567425389.2278378
671603ba1f755be5d7219a01,600670419.2196752
001d77bfb387bdf0b53e9e83,1038753095.2245973
fd9fda1abfcdd1066a177e14,656315771.9449992
e1e78f3432ea2dff6b69c6c0,442296470.4938385
378e6374da00b72bcd7920df,862035272.6844729
54ec4fd8f49c897c644ce83a,1057009852.3942764
a67ef3a182aa268bc4d9ea14,666106127.4487482
8100a4b0288d5d9d9dc86d2f,421267296.5923885
699ac8957d9b4eb7fcfbcc40,1494334571.8060741
7b35a3e9f3e67fa1974f5c25,1050017001.5744251
6e5383a7f9a68147c2788565,959841955.1824521
fca1c40a338288036b1eb25c,1204032358.4998004
237da4784755f090c89f07be,656234345.6232575
21a7c5d6ea818dfb25077e13,651576671.2974573
0cf7dd52e117832b4698b310,709910936.833862
677c8056695a5a539dcfa3d0,647695930.5219793
e4b85269ca413066323f66e0,1053833292.3802953
9019f1dd02ede61479b62406,466813098.9122769
958f3e102c6ecf5f6386a004,607584463.0228913
b05c741bc5013a7a6abd31d6,607584463.0228913
2c58f2cbd00035febac060e1,699823059.6145257
89d36acc5f617a6a97e02f23,872877760.9351704
2fba6801eb9a7bce7ed2c081,680004660.9590111
45ccde79aee811756030903d,857766074.8782494
5bdb5174517b8faa23df9587,1289944318.8184526
36a11817b32bc24eda6ec8eb,478574133.1784767
f1319a9332946bd68db250c2,559825965.2159988
39f70d6b68b22668a0631f37,816433713.2434934
3958d0cb732f3d623764be54,778332101.5722737
f67028acda5ecaa4c8781ba6,645368695.0425807
76f50ce5f30cb96d48a69357,537158039.8714379
9e5efd4741a57b9af54e9265,636453381.0555781
8c45ac143f5cc43e9249c17b,1284827357.6017509
2a66eb4d2a205bc4474c0afa,863297741.8704271
85cf1ee98e1a85ff4619e27c,816459848.0713831
84c2ab0573d3cbffa0be90f4,990372789.8194634
48976c41de22ddaea3f8c296,550094029.8426741
001c03f6103d35389825b62e,658568609.3358818
ceab390b6906d5cbe65fc402,760950280.9869828
79f989fd66108a2c38a9764e,765397807.6279039
cc385eff95aa00310eb22111,684819560.0769744
ed764bed1d05cb1e9a4e67f8,920826229.6463982
857c5dae475eadef41c25603,991350088.3096431
7148b0d9e2e1e92d41633230,1008769502.984766
7f3e02524981fc7e40eccfdc,406673469.7213725
ccc625df8f51248e3dc93214,647805456.0365248
b38776cf09ec8e90fceeec84,761586337.0692166
48ebc3d79e01061c926066ba,389457077.1048536
9580bf8358095abb15a10c36,332513766.3415816
d26d35e33a0cf88f735a9322,625904648.6449485
b4c2a0a1a63d35a9a08a6e15,618337033.3794754
1bf1913f806bd4b461233551,354200992.96650416
34d1394dbb483e55d1cc2da5,437681090.83062226
7bef2da7f3c160e94fe91ead,503898823.86578625
528014ff6b7cdbfc174f4fcb,665142297.5501188
bf1dae54bab00fcd3e8c9ce2,543962360.6801783
f270dfd9ef449a02b6d7ae2e,686548896.7944988
31d6f089626c4fd08536fac0,521152719.3013983
259f4f7fd5d851be70d63633,382094484.2179248
6b74ef5c8ab1df614bfba866,786754824.9928313
7ee7fba3a30e0e7c2ed3043c,763516215.3256818
b24bd44eefc3ccf053939dfd,620815264.1892054
0545fc14aece3f37864ced2d,622745711.2348821
e07eb36210e90ef0419fa0d0,1090792184.5329547
3991b04509fa61b36a8f7d2a,1026755152.3683479
387af5fb4b4a7f5c3fdcce57,607139597.4860994
6852e8bbadc1a9f4fbcd695d,752450553.5433903
8c3373f9c0372b87ef021512,1136848929.9638033
6123a0dd128e45216f832e3d,884815156.4544226
0913364c688d7375d0f7af5d,532113764.49704504
8831ae77efac99a6c58ce05d,639630559.1088039
b6283a5714e0b977110318ea,641965659.003597
d2d8f5356f77507f8839280c,1069915317.017155
f36bb15462fb29f80b127458,1352381095.2428749
7abf9cd6b26e2e2bb6d91e5c,1198826796.0060258
1a5f6f7e8b7af9d48644f1e0,717895170.342168
8e2a5f8431996ae0db65d0be,956360521.9437693
29535d858fa3a11792697820,765402096.9170692
8e4df02eee6cab9bd1011987,551802161.8346684
5a4039f0ca12767138ae585f,942857117.3867211
d84248b3ce8ff6f5fa480a83,900427013.2180142
5838e86b74020a5bead56161,555921598.9998308
02091877f01c926c350b013b,636457013.6877259
df298574e35dda90fb568023,527651094.3052073
d8b83253855448caa81f7780,941612500.7462343
1163ab2c0bc8c998e121b922,563623786.3352114
14f9ab54432e5f54a50be4a5,477378228.7807146
f4e0fa1172c1d4b70b6c4d73,638703314.7892848
4345863fe83682f6091d8a77,581554816.956283
6c5bbbfa3a1515e5cdec9ae1,786730632.5841827
742da63af109164c21dd57af,666120256.5554374
fdc28a68bf8a5bc86288b4c7,1061494963.1129578
0f4b077de4ba5f5db6fb0065,667936590.629062
320ff6c0320674fd278f6fc7,718003226.280975
6acf9cef08906fe569c38572,1000447098.9028504
853febf898a1dba351d6f917,615011379.2513562
8ae41ff6a828f175a9f628b2,498644048.79578984
56ae6108c1b53c649da2f6ba,677397822.5220584
aa990d4e5f1a0fc4f0bb29aa,956467414.6814181
cb8b826e929f4f8a8e3687bd,624676645.8381687
b85a7389bab2e651f05369da,414550192.92303693
1fe929afafa91bee53df4e86,685988513.8913018
02e89c055b7692dab024defc,500308245.38298255
66bc6e56bcac9bfc4a7341d8,795582356.7131013
63cee15dc4a6808616a2c2e6,596547230.7679905
9a889078a0225c013570609f,525324571.2337865
3548fa5ad26ba2ea999380a0,585504205.9004893
d9d8aeafa748f8f1ff2fca22,696604933.1300431
9e2c21d635fc25f7790cafa9,515565217.41748154
f99adfe85d32b0a66f4d483a,689536451.2782923
eb64fd330053a41ce5be4a7e,522591205.80690676
ea8d704272b2cd066a7e7867,692720756.7914274
e7c92ef9784a92c8b7fca693,1049195328.0152127
a9b83e18ae78d307d1b39b15,691003811.373549
ab8d6823d905f1f0ccf4a75c,1002395986.3406843
8447ca83d928dc34c2e7f9fa,547348741.5049298
5bd24b842a67601630036d0c,733448837.4643074
38d5b9319bc16bae99fe73b9,623888324.2758287
e1558509b120809eface5b87,680417253.7712972
4b8d7217da1b1f225f254914,704177053.0923266
09e0c3a1b90d46c361007323,522591205.80690676
d090a9e520ef74848bb060a6,747332024.3593758
07284e4caec09fbbb16adf2f,1004366944.7870058
f8bb20be599b79cbe29f36cb,1046553543.9835364
07dd30f04c5953f325df9aad,673488814.4510341
622872d345b4b0d9c1b9302f,684926104.1464629
fc9151dd6f8850502c747bab,674205685.641959
0fdd03a2dfb18e323d96f468,1019826822.4330304
ad7cfe29b56c915dd016897c,682751236.4538813
f40a182d82c489f55c64ab7b,718980886.1271225
fb06aae0e711d628b16eb910,740319972.992337
7dabee85f750266dce02399e,722913306.8968445
ebcab2f8506c64a461591d1c,622143092.2939935
340f96c7de105aec5b7a28b9,683194711.093207
be1c6023731fb633c4f41f96,582164757.701174
d6b051fbaa13e3d92a798521,1066796141.3754933
bd04c8b6b5e381cd5f881379,496803897.2575009
2ca47f5c36ea5d1cf00dbd2f,414112541.7559288
3f2c18ea5d8e9a25adca4c42,956317346.6086565
5bd59dbebb0d6fa71efa4c66,635521676.6922022
bdac2f1c4b306a7742f60ab9,1111216707.6581964
a0e26a9d56cfb3b7228e5d75,660196763.7977767
933740e21e9b61721b2c6053,655775261.7588536
a3b9c1a3b81f17e6b22b6152,695704966.0982783
445e241d8bfaceb149609d6a,565777276.0177176
937f0b37f566f65a1871615d,597556997.8502294
9a76a405640f670c6355630a,584154814.3167162
7a0f351e8562fb7aafe6e714,550193610.0035498
4c5b79f3656501fce2e2178d,650358307.0354555
201053b106a0b89a0a47e2cc,885466497.2343053
724a5f9542f86cc43334d3e6,465214577.6637983
afaadd87a196e04b934e0b1a,438964410.45340544
a46cfad2458ac7ca4134818c,713794305.4345479
f640eb21bdbb9369acc4e863,437474102.16111404
8b3350aaa66b9fa1c682c15d,857828320.0510013
1340b0805cb34eb9a982190f,603130945.2826576
055d5ab6b22d4d0ac325fe73,551802161.8346684
faed63c1287896e97987c4c9,931582822.1364841
a094be8af52cf76977fa5083,992036173.0173181
feb3384733ed8feeedf9ce8b,992036173.0173181
eec4d59429b1d1bb75b4d686,553375805.1289897
3e9754a961d2cf348c9ff7af,815428734.9131258
8f8a92abd28c8990534e847d,970076176.4411182
256491790d0a2d5e1ebdc2e2,583451319.3398759
ede7995bc4e7e672fda4fa5a,989083580.2958688
9e8a11484838eed1f4673a32,729825671.720708
8aad5795547ade3c804c0ef0,636352170.660137
4ec4683fcf928d9fb33eb7b9,768817800.5992533
ee18825bcf4065d29287b54e,1084628517.88892
485cd615660dda11586f797c,797354019.0398127
8b450ea6c21fe0b5157529a4,935179483.6429168
0d45e78397d4bc0d363be47e,872776519.0464534
bfa4cb65827c4ebb91478e53,1233276807.7388403
deb2c93acfaf6994bb3c0608,698826233.1041034
571e1a8c252cd67ee0475974,1126876539.231032
04e337d3c692f3429d47aef4,772168706.1510217
cd2913f013727119158b98c0,1076247806.821454
ba63594585c484bbd20ed3a1,600824956.5580015
beb7b99cf12926d8714d1c5d,976244893.4827439
0fbc9e52ccf1b7ea8136cbbe,953222460.1518418
f36031f3a3f77a3fcad337aa,1132602346.9642422
7738f18d533d0f0379e3a06d,763640822.864559
20c3cc21b44eb37d0b359c1a,834940154.70342
78257e76c16db549022fbf2c,840360696.9897944
4baceaad0b0081bdaa37473c,765402096.9170692
6bbf67d88846e94a63014eee,1191017732.3315983
edb259013ceb62ad9b23eee3,1352381095.2428749
ecfe155a407ad2c2f74522e8,842340996.7636461
6906a20be4962df7725dda7c,1472990819.9170718
5d86b884df3627d93f206952,924053408.418696
cac3eb4606346268cea48e32,950431716.0240152
e7439820086f8d1cb13d7c9b,600976519.3701363
b940561f2d48444e139eaf71,383086197.3039913
4433060d0fa95ae1382f2de1,604782702.5535282
27dd503d4fbf4d5f5d850d4d,720654452.4845335
42a73bad238f2d3f5e376044,750294473.7956305
2b53b13cd912f353cf9c4757,845409955.0570555
4cb59b46927df31150830d5e,498864139.6386436
2f3d01cbf0ee0b985386418d,563906959.4974655
d12e6de49fcca906c3586994,482706618.0516988
8f541a839df1ae79d563427f,463707489.6215454
ae5ff2b5eb4f9ac44fef666c,693664633.6556019
ca77a424800783bb9c5c0450,737779184.9110714
c0ec1e7ae2c6c3c2f2ae34b8,647785460.6754398
2372f7c0499de8aa2e5ffa06,1056274267.1631109
46de3fbec5bc6c0e256e7751,462233917.69021624
4d8b338266822739bc9c8fc9,794557815.9782099
86d46a3fd9d7bbcac3319829,733168824.8882134
b13fce1462ed87e57ddec917,848326103.9961882
625caf4f4f56f3f6bfd3f786,464015873.3044369
2214e2c62cf8d2d14f11d47c,630260816.6992606
cee8fedd5685633435d77a06,1093364983.0122766
061386497cc2dede3ea70b1e,563950623.5374923
3ce50f34a7974ec17178a79f,766330134.7721615
855ce1721230ba103fc0ae84,375600937.7214354
ff3b85eb538fb9a7dd03f459,356642497.7557125
111bf82100a6fab0c9ded743,973434582.4643146
8877941794810464749ba5d5,630126516.1818805
1122a042822658cb504dc147,973434582.4643146
d7d924ec35768a3e6bd39b20,526384495.73337805
27cf45528b4266162f7c9029,537028169.5360912
916f946082d03023ffad6f2a,644453479.9103322
68181ef118970fdb1d83f030,920826229.6463982
2f0bbbbb466fae3fe5c4f614,1050811957.0520446
17c8b228fa2591e3a234d55c,690641373.8337525
e5d9afdaf318dbe749bf9950,690641373.8337525
ce2cce355f493a75ab59b242,601856256.2592263
b6825cfa2fde9b42fcf04c59,685661185.315733
6fb3e33e16eb81331d389ad7,515565217.41748154
e29d9a401a246c00f5eb2413,710846550.1158227
fdf103976a39cc12f5effaa2,710846550.1158227
d1526bc5e5446680841a9cd7,671682922.8286356
a96cb9d988f5dc99bf5df4ea,671682922.8286356
760125efabf13246774a9f16,579493865.866247
229607e2faf76efeeadcdfce,614117674.689474
f14b11d270282b317d9cbadc,653788650.2001126
8a41638edfc5183469b6c43f,852599146.9871179
ba249dc7eae0609f20ccf234,768575534.5860405
0dfc7d77d3dca86a221fe62b,1245891251.921583
ed7f61ea4c9095bd4aca258a,582136348.0429643
d2ce77db7cade7f2c6189002,641965659.003597
9d18c354e8939c9f18598f22,701186458.9866327
b95689add02915dab555d9f7,883734836.0493964
1c35d9468cdc55670d48db84,1071445112.0618742
caa4aecacff2beded2e76beb,589500643.597799
017487de3455d9f642a7fadc,768706319.6108252
8ed9c13717d2bb274a81e460,840360696.9897944
c2eeb1cf0549df1359ef4dcb,332091279.18628454
3a413637f3108ddf7bd53bcc,711342327.9084287
145a241c80430b1e4ddebcfe,844255005.4287741
c954618c48b70cb00efb49fe,891300733.2921655
fda6cee77fbfbce6ec0eabdd,591708259.9194524
b92c9c464e23f8b987290769,539875314.0927726
d81b170177769c0121b8935a,687646649.8729482
7a832790d068e1e85182b5a5,554378251.8490423
462ced9cfb28550c160e5664,1011194610.4311652
edd9a278b86b1c56e237a0f3,587707784.0007685
fe9b6a82fcc3266ddcb3e36b,1050858983.1299723
fa74fbeb90bdaf8eb26f8329,703551461.2894593
a70b6661eda6ef616e19dded,500712667.2677116
cbcf4d76223673724b0f9811,705409149.1982764
ba16ae6ca55dc3c0d5480944,1066625792.0754385
3c840c206546c20b3e53d4fa,982883518.1983125
c61076b24927a46ef506322c,1019708624.2192948
2e797c8302fb7ada13ef2d4c,902022527.7775049
3c9e3b97db788dcd10acf0e1,744029445.2747175
28db5acb7b224d44e3d7ce80,648837807.4919677
c7aad87d39537083a5620757,958644873.8140503
099721566fdd0a32546fedbd,1008968524.1127836
bc67f29c8679adf31353bec6,788296642.9074074
eb40a304997a6e66c550b704,751612215.5812358
3882da646752a82db088c614,694348999.9111323
68c319925551b9484778bb65,660355982.5935603
711b570ff195fb77229deb35,703176452.7727736
e7a2e8e1c22a52f78ffd1b19,836691361.5538594
814d93fc94b4de6d3a860bcb,709983690.851836
817da44fa842fe304b93c199,414097365.92861784
5cb29f5aaad14b6c33813580,438964410.45340544
8a1105028a1a1b83c5080abb,271017374.21518415
82b69c38d041325a4bb2fbce,293869613.61590236
a57d01ed5a9641ad64f7f032,603130945.2826576
90186e67d802be6d12eb3696,634868457.5376769
f781bb1ed340e08b23258ceb,526004492.67340726
db05818b6de8d77c1c3fd053,526471817.3831243
f4ed8924f5d1a3e6374715aa,720965091.1807854
d792d1eec60822752c8d52f1,735916420.9243196
47a3c63f65a9794384c655dc,551802161.8346684
ebacf31727972e81d0a0d904,617280654.0640125
a759e4c03e49c419c8f0cd2d,724508714.7877995
0648a4bd7ca088f4b3834401,1026755152.3683479
b25734bf3ca94e775f467e85,511670590.17156297
65a8795e7a5b88acd7a469c4,648961853.218319
b799aa1dd2de813ccad401e8,908280784.9376569
c01440b8ff0d80e7bbad715c,871732525.1872357
a20cd5193779526b43612ebe,579279901.8680363
0cddda1c211fcdce819d5f8f,707975659.4055355
69bcce6b58fc3702580d3234,819970106.8522918
ac7c0c806b57e4942d9ead3e,922314818.7965049
aa9e131fe4e7982a374bbb84,717895170.342168
290725d6b15062397597b954,666365920.185043
5f0fa37b7c5cf77e0508abd2,1050098021.2987843
c76f482d2a8f8db5eb79ae89,1306388011.2386181
f651cc17b051c962e4124795,642909777.1998779
250d84aac8add089061d3204,1280269527.6361582
d3f9cf66c1c05f55325b894a,1352381095.2428749
7198cf5aae5d0d5ba2e43b96,840360696.9897944
766c7906cf0493736436fdea,1331567585.1513338
78f670c0d7a26c0323281ffa,678632180.8328007
ec0eb8d68807f52b681f138e,806050942.8731686
446138cfd3749c0b6715b0c3,1096305724.7275329
64b4837e4550ce39f2f85342,747600337.1736957
1103c663f6b5ed0309a767b2,671388247.7047095
b9a573a3f2cedd87c7dc6477,903603618.1853366
de54862f5b7b8ff345c6b297,577703336.0343606
16b3311b337c0cb9312ddba1,603130945.2826576
a1c2003dfcdce97d21f9cd15,551802161.8346684
262688a95a32f10fa070a887,631759641.4670063
8e374b19fb87640c56243088,511670590.17156297
4032d6a6a13399797a794ab7,735916420.9243196
99f1712af0fe96f67d11037b,913867068.4626862
bcc584e6a08822158e2a1454,612600755.4686375
ad14f4403926de76de2604c6,469168943.1522993
01f855427cbe3eb51b38288f,607139597.4860994
4673ef4fa28aabb0fe61043b,406673469.7213725
f4cf541f02d99ea1851b9f12,648818331.5930663
bfe19954cd4680149c682587,530178190.9281466
fed8f3bf4a2d7a426901706c,701466813.1251264
480aa7fe286f4aa31f56d4b9,765397807.6279039
1e9850a50070dd51861a5e63,751326615.2410535
e26dcf5836f5bb53553cc413,743648393.7956764
c7ac975025713f368bdb0af8,1039840165.4056754
73fd5bc0aee47d89a160f5d1,976262666.7116258
5bb9dac6e0e9409e89aa6cee,751531549.1907871
9b15aa6c85804621f5c42566,840360696.9897944
199fe72cad28e4554e359ff1,765402096.9170692
b28ba88f3665a2f26c2f8e47,1352381095.2428749
453ef603a66a34f17ae22227,807848649.6706836
d8f4955ed4fc363d6d9ea897,710374515.9244139
f2eca7e3226f625807f7d6be,1406390467.6205337
361ccd7f37ada9c07ffcf71c,697616580.1387765
e7d1ee027da436cbaa122f48,1443978665.1168013
554ec896fe4f9d8f2e8eabe0,1203956861.8787918
ba79c72aa8bbb0517c899b59,1050159994.7184285
69dd957e78fcdd4d8e874acb,565281947.3085991
df91a3c7f364df5e6831f2de,1140301795.5543017
77866048ba7b69532d0a18cc,712945347.088552
a792bde8819aebc5b2d73a6a,1040068751.722983
6293e4a72b5c84782bcdbf78,712500712.7360592
bcee01a5d6a36f48d99a5e4b,790135353.5900854
c58b56f1202d1cdffdda3021,897217941.8895369
ed3275b560f020baeb9ce3c0,570618198.9365189
2a872557ba401f4c95e0ad2e,633093821.3220131
6b8c1c7c855656b0e56f0bb6,864123662.5608063
d6297cc548b16bff11eea51a,898114799.2547077
dadce7c7a446a6a177821b73,1031426035.5989693
f5d9d8082e7652e97973e0e4,1430476818.5854707
2ef9126614eeef828f797e66,1277961953.0671675
c70439fc435337f1e8fd2f5e,1242060503.817178
79631cac54b1e71c1022da12,1671922947.0623798
6fca3b70ba2c68d9e0d2540f,449190099.2988251
5b29d453bd368190e0e356c2,731616202.0281478
25995099875f0ee622ebc31d,780862315.882603
34bd7be0761ab3d43da7a81c,565301266.8924363
b8e15d182ac0c74fba332b8b,654830467.251905
901e3b835718ccae27c8831b,561125584.4978116
e1c7a101e5d518583f9a2a7b,1012459090.8967541
02f6ffcfcdd3dbba94dd7b33,976083752.5125636
2162e09e137eb5f4a1f32b16,831628712.761354
5eb815f9023e6eb97786233f,1557418595.0025487
d2ab14487e0ecf640a785277,707701783.81111
437167a9db41b677da7d5a7d,535164021.4886181
c3f889c41c1effea85bcc706,512512253.0824722
155da5ad9ad19d57a7632cd0,749018259.6331403
43d1fb0646562c3f1dd6fefa,653200343.0029801
8eb66c4b057dd4b07b5fbca5,1052569849.9926445
f9718594fa52500c16e3cd71,837104105.727897
d9c46d54ba6df0d21ed4ca49,603777716.4060456
d3f688e0deaff6648f2925b6,408616399.2779389
093a92c6846c924f88ba8750,713911838.8355262
9b1223cd8c9d7b348d6a5c94,1112076283.4838722
8209afd76e36d8b5c4f7a991,490133208.54820794
29fd909e7cef62de53430e1a,799953955.6263626
76df3d616d8bc1de789bd83b,530628246.5431394
8aa5d44a72b2a6851d14ef86,766023637.3513026
eb4e1b72abce1d184dd4d5e4,659623091.5290489
2ba24fd47c2ef8520bccf6eb,426546883.0962672
1c9e38cd216595b33e283134,1116071947.8202035
2fc150cf6ea4141106bb8ac4,305573990.2067195
8dd46fd8ff592358e4c3e7e5,752863082.4014963
d5e001b2f1dad3962cfff9aa,845604355.0623027
6e73e42a0d2ef8d6e403112b,574843153.6986632
2537dfc786054c61eb3a80b5,815502390.963681
19c77db46d23e0c07a06a8b2,674082551.5923172
e6424086fe1cf2a2931f4847,815502390.963681
66526276a7e8da597683e8c9,1038089043.5457207
cedd20027ebbf47baaa0dbff,1038089043.5457207
ac7c323295addefb43c62acc,963819834.4307075
a8e74eb5eb523143cb291cea,1090673635.8599236
ad393e9070779969b496fa72,730990743.266743
64d9dff81c79a16579cef2f4,1349750531.1650305
ea91281d5eaf6b8f436d47f6,1349750531.1650305
06e59cc783be86bd145a56c6,1064983630.9499981
7458171e4db497a4cc1365fb,941048346.5933845
12d73fb8f4ca87b19ca46231,963819834.4307075
5e935d4a03c6abc86ac5adfa,1072597370.5591125
2754b4e12a7604efe8e03f5b,822919588.6734195
9ea7a0d65493cb5487ed2084,730648261.1233808
7845cf57552577b059dd13ae,559664623.7322819
6e710984bbf2662a9cc7bc4c,406673469.7213725
47720fb9e2586dced75db114,589637689.6441845
cbd48f3342e63a84173a8dfd,469168943.1522993
cb83c138aefeadb184d2c7e0,404045066.2337026
397d4e490eb2db8a1b18051b,567425389.2278378
4f65732875c007d3c1102140,619222321.6856076
1f8ad363a0539a6f2455c3fc,612864115.7610592
9535ab027f9f2a9a8fdc21fd,506554184.96906924
248993a27da888a6e3ffefe4,535164021.4886181
cd07b4553b6d3863a9e444e8,1080125603.499947
f53fe605b0a2857cf3facf73,658568609.3358818
ae48e30b60ec254bf0dc89ac,949796389.7755023
2a0e902f3c07cc9696000177,543008335.5078586
d57535248bb34f65ae678a39,617391843.8799412
9949cbc958bbc0114404960a,708213672.3566676
841c57617a075690ce412083,711730361.5432059
9fc4385ea76cabf741d38789,446606013.21349686
0367da7dc5374f1957a1b7f6,726500349.9760491
7703f868650a8252e954e457,743648393.7956764
4cb9319ff5adaa62386b713b,633093821.3220131
dbb30f9d010677de2aee1b71,832415479.5316273
0b54c51a787fe58bdf677658,1022110943.7012472
5234aeb6d817b8ad876e50fe,606317239.3140285
77359d0d34ba4c9d825e46ed,488960632.6717665
b84795015be5077f942f5170,552960858.3946738
75f5290d61164d42b39d9d51,526471817.3831243
b46d50c84edaa7feba938671,633093821.3220131
be8c05b72ee7867fdcb05455,1001926261.688594
356712646865d98127b92a57,632501207.9897711
ab765acf8b87daf1673b3a97,583062381.6012428
3a2cacbd3b4f9a23514b1433,835155412.5861591
3c6d485d7b01ddd6147746c2,598335577.0385518
054cd21c3b12f165bd520313,924817309.9863356
e114160e3ffe6a703eb42440,564648904.8029974
a38b2d75349c56ce04f02a94,835336694.4377412
71fdd2b1214b9371ef149c1c,1205255454.7540834
10970057efd092c98037498d,666590699.9027789
7543d0e85e6328ebc8283d75,390501491.0548707
db1cfd89dad114c11ab2d409,1012459090.8967541
760f24a443eb01721c6ffea3,879661068.8635197
a1508f30ba87423e7393b4fd,1245891251.921583
5814dc311aa87b24e26aceb3,675194189.359249
f26c2bb4d5787541e9c36463,880925760.1172694
cf07a5af6ee98d735bde14bd,649089720.1636031
8b716c3dca89b7caa7db1aad,824039292.6310011
df89e7dea6c313b0cc262249,365880633.79444
3e2c1d2cba8755ffad9cff27,950362530.8896642
6771a8c70428fec0f21d51a1,707701783.81111
d8171d498291341094daaa39,1542799696.1944363
3d43dd23536f843c2c5bd268,1171536393.3175917
785dea91d94ab384bbd6ce3e,1026755152.3683479
6c316d2bb84fff36bb01f14c,1557418595.0025487
08ba99aa6a8ee752209de6ae,583187909.8978347
d177236e8c725d4405025916,1102454381.9724646
9a6b537a7319b3446977919d,1435676644.8365264
e2e7b03feffb21bad63eca2d,859976706.344541
f2fa898e1bcccbdb92dd91e9,750713524.0458555
2c340ee014e39ad0fd1309d8,1306703235.0435286
7ee83e5d70855ed21455b6d5,1486893943.5008888
fdd4b5fcf9ebadf96545038c,1039840165.4056754
512b4ad817c387bed877b7d1,1681102053.0046039
3ba644c7be754c21e3cc48ee,731745030.841785
cb38dc837baf3e0531c6c115,654331579.9494271
5e931fda1e62fe41ff0f2ba2,654715729.6518142
0ce9a7d4b0682dbbca68e070,575202957.704701
8d114cef336100a8d8c81ce1,817710076.8648022
ebc3a6574ebc530ef715ea7e,961249595.1269987
4c2b14bfeacd87b878cbcc92,561125584.4978116
577b17cb350bd2a646725b6d,976083752.5125636
0dbe463995c605bcdffb133b,591319588.3619577
88f3f39ea06fb882c69bbd10,482710875.1729694
e54567ced41a40938b85485b,607139597.4860994
cb6d29f005078d4d4efc2d04,1046776737.6530824
1d0919344e52b315441aeafb,608763733.9808463
62c39ad30e9a26d8cf3593b4,1131644723.59696
a02bf67aecbac445a12da958,1397507522.2602863
06baade01a74972cc4a419ec,601049531.2692949
3943b64f9550a575f15d6d29,1229077942.0425763
b62d64605362afc574ea5b0b,1027661588.4285878
0ef45eb4356e2f0331ad2457,1465779632.081637
6700ad4d4d7f70def59a5d59,830061548.9665394
19ad2fa7e170c67870ee58f7,1015420138.633422
919c1e281329379c4d130416,1408087383.720307
8a451ef547efb90a8fcfa6c8,908366748.2680708
5c208e5c37aad07602f7cd7f,939247421.1926981
164fb89266e40a2530400599,408616399.2779389
5fc0f0c4fa019b6f1b2a016d,674438817.0921831
3b16ff50ec7fa717efbd62ab,761974286.6617932
30e6d4e1c53e9e81ff66df43,666590699.9027789
cdae3bf05372c13649a2adc8,390501491.0548707
170a69c11cf4f855ed015bed,1161178061.3882596
e14b31f8a454e47c383cae94,737462758.2607576
14a8134a56af1b328321cad4,809276867.476883
ea8cc21bf7d48979bcae1458,661260899.7607796
c287dbff188e95f833ab21f0,614530159.4143925
2cd0b2d7561919f0223608d5,406673469.7213725
1acc5749203f964fa8b2092a,357841834.6393268
9543c16bd5eea47111e6b266,552960858.3946738
d415dc486936995f8b3704e3,488960632.6717665
ab946dfa5b9d7214a3756978,1026755152.3683479
803711fede531ad1621a6823,607139597.4860994
f83f29f28978d7dd76cf5942,561125584.4978116
4bf284e6ba81bcaa21a437fd,601049531.2692949
d8ed50fbd5ed46d36b3d2dba,788379899.6778275
b40128f5e17574a5d3da9a32,788747537.8013542
506d4cc6613a07c313a12de4,886889292.3070735
558b7d06789a1c8e488c38d2,604757853.2544639
38410183814a757520143737,765397807.6279039
560a750cb6f8683ccac4563b,962543780.5706213
48740edcbe275bed3c82efed,732551808.7298436
50b2bb276e598c9cfdb42b0b,669158379.1376188
302adfed183564312f9e3087,1039840165.4056754
063e53d45e5e7945f1f10fc2,750713524.0458555
6e2c39fbeb5392e6aee9b644,1168390281.2733443
8d6c523d4100ab0c83a31fed,871999369.5410154
6d6aaf30227f16b2be29e79c,1245891251.921583
e73e5e75cb18f52dd7239361,707701783.81111
dd625806063f76dcf53582d5,976083752.5125636
a4b16572b8bb786561baa3c9,1557418595.0025487
9446f801f30e8b2997fbd72a,1382116562.9862814
941569c4352c3a2e32c908c3,1457381655.3719106
8b4c54125d9165554e4123a3,1173870486.2385235
d50f33fe5acdaf5caf1c6ac5,424445321.6291588
46ff039321805b51870c64f2,1192634577.8562758
1ac6c220eb690db798a3d4d5,692469341.6820399
faf872c4bca132b52dec368c,806042470.5329531
d92232d77f7a124e7ff13ee9,817710076.8648022
f9a136d7944cb7768b598a88,927068210.7073096
e03610db09ed7315cfcd64c9,630676264.6556226
8c51f1b43f15b70d2a294918,433947650.9301503
21d141a84af5f0e2ade9b0b8,837396828.1247957
55c7cbf5e572d2342d0d7071,643259651.1787053
54c0e5e6d368ec51f6e75c1e,1088402516.8473938
434ff40bff8fad0962ec07e4,781391238.3552947
0a199d5741b5a6213b39b793,732461764.9904768
9931470b50580f51e1a4fac7,511181496.5608441
89498fdf642e770ea75be7d8,986768674.6030385
aba39002de605f9ff34bd542,640454394.1264963
0c1c0ba7d75dc4090b7183f5,1084620160.2821274
2ac425aa592565b44b25cdc3,818502445.5539043
c0cdcb5f860e3a974c401861,710066811.5922812
4ec741bc6ab20515070cf1ee,647974003.8044463
3d4c48167a8de8cb0e4956f6,933505656.729931
f5741fdd9f509d3bb02e35bc,730204562.8349371
c1d0c0846ec652774ed5474b,770418744.7308496
ed2c02ddcf0e54789d9d2675,779047046.216518
0e05eba6eed4e55e89dc5f14,869741265.3878671
b29e5a75740c8439aefc9321,726943938.7879891
218445f989b2da5eff4029f4,997464616.4450922
0c7da0c2613129bc322b1da5,865886336.7656275
a41210034abe19957b317d1b,1192946270.488929
0cb4217cde38e09571fa73ba,1440738618.37502
9df0663317db1cf4121a222d,692365691.0065196
62be98264dbfd418ba21cfac,1378694737.2063375
939ce1536f15c0e6bf203dd4,1206092053.030921
d9028df78f9b14a720dbaa8c,1206092053.030921
b05f4b5fae2f2faaddb377fb,705503016.6560795
65ac61968819927b8fd9b990,661954220.1779879
1e83b53963792d7445e19d27,752167724.2940061
72eb1af691a950fbb7e8d635,524859161.3634905
94fecb92077ffe3a72aedec4,506060120.3126862
f660a48b0eb17e98dd77c0bc,556838877.4496009
27fe3fc3838695ce34c5d287,403143067.0387571
9ff4b1fc1970cd5c102cb755,1249335426.2720792
b54940561992090411749db3,614491338.7851983
d4990842f549d8139fa94c87,663911938.1247381
f6013cab49ef9188aaf87972,696604933.1300431
cc2e8713dd087d3b842d2f11,392374294.6276954
fb8aa6b6c5d2499d404f3f73,550607613.9791073
6a8b9fd89b745a52703715ab,689087671.1264883
4721d06c49413558bda1fb68,584132690.0814517
0100b3a412accebf6a3aa4b1,587414975.137466
215e8852679b9cb6c4029ce3,759917487.8008547
0afec1b2e7060b99dbe41a10,505067587.8787723
4ff17c9b88aeeff105b8301c,661852250.1081337
6eee8548b87c9349ce90ac2b,491881213.4481015
9b264d26a196a76951308cca,900363182.9433805
945fad7539481410e8bb60e5,630676264.6556226
f727924f0f35ec9fb58d0c31,322288546.8019411
c7876dc81e250503076f43f2,666789278.407828
e4f3e425e9f6e393999d7a08,524661484.0761074
cee1833e8964355b9aabbce2,613040965.6547884
9a1819c45b01c341647a2410,808748754.1504568
ce95aab452311a0cc27e0c7b,513697142.9741337
e6eff72b7c5b0fc2677af2ad,587707784.0007685
3b368c10d243f6bc9c027061,309896501.531462
510c03bfb80d92d180803887,486056611.7887295
664934c8e209352d2c79c971,670642166.5141202
689ba3a92dd7c12f1965031c,591549198.33331
93d4c413d2a1ac59f1b46830,480550791.21634674
08b09c586530266c14e611f9,586455862.9450555
7157dafd306fa99e4c2ad233,556034280.2863516
74e15493f395fdd312d50cc8,399407300.4248017
c34c94e7129f84267a5e4fd7,624343018.6383162
fc0572d7185e132770c3bad7,973434582.4643146
5c1bd88edef0a4146c871fcc,636255688.6428356
a28a31f7d0e3fc6298606078,615274369.8932642
f388112376e68ccb2290074b,723213157.1841825
05d1c33ea8c89ded7391ea92,722728692.7993913
dfd84193c81ca8430fd27ad0,973434582.4643146
8b89813a4ae5f9209f854be1,1022578046.74812
d7b9566ffb28c753bea96f0e,704691273.1824746
8062b4109c12a95dd62bd43e,632634679.2172482
6d305d6f3e3c2a53515d5f6d,1219764251.931134
ff143fed55f12a0105f9f88d,632634679.2172482
0fd9a2a99c44c9e5565fc17b,1054405872.231921
7f85c59323701ee0e75abb92,838831616.0291448
19baa03dc4143a83920a7d2a,1021835092.1033212
bc23ec33573f28442b36f60b,615690796.0192213
9957e5492f63fa295772246b,694736433.7345859
62e376b22a4cf0d84b7f6bff,985160010.6252698
0867853879129bfb46dae700,1024849683.3621029
92c5129009b7e377fa004a93,767782471.0339742
6b9d38e0b9a3e28e3e695be1,781166959.7779781
b6da2728ee41d035da57c822,1467334927.7654512
adf5879151c7236f5e055e1f,878774674.3901107
bb31607d0bc3ee4a37fc912d,733947430.5755682
3ef8fee6a5cf42827d8bf562,1162702306.778753
e6016afcc032d20fc9d6f2be,1097981137.2222052
f3962b552d34eb8bf38b4763,1021193037.674425
bce7369d51094d3a9d3495e6,1217969801.220982
55bfd350162592f2571e3a0d,939509695.6590241
3f226452520ee8f04e306bb9,1189373233.4522278
b16fda9be5edaf4cbcf07122,781166959.7779781
e6f5ae869a5b7a30e8f0fd0d,1187127151.9581406
ab0babf6941ef43c35acb951,1205922145.9251735
3bed16373c8ae820187e3d5a,790032767.8430334
bc1335d419a1c0f6e6860470,1443978665.1168013
98575cb25b358dde32ad042a,1201192967.6610718
fb50f2f13a30fccc3903577e,1020324147.6152638
7a608479334951a3afdc655a,1052671884.8367414
9cb40496518bb99a7a00a2ea,1277983591.9132204
a69ded1c20e05bd6b3a90028,673595349.111187
71d422db0c0c638e448142bc,1051376970.872784
fad033a3c81708df7b6ee73d,704489242.2791079
99fae85157be04554b236007,502899386.60187376
dcd314dabc7d162cfc29c81d,673609437.8016932
1c65d5172e53b4c7f1c4d6a9,668652901.3996103
cb6d4db44c789fcfe8236b40,809077216.5530462
ee2c509989c7155bb472c5b0,651115943.36776
73b60c9053ff8193c2dd2823,1049295255.6221832
2a487cfffeb12837a5586a41,519578689.7590236
c9d285946ffc4c4b3ee95da8,1144844712.5464675
6a21be8a7a429eacb1de8c1d,680225802.8649248
2a7fc28219bee48a2368e730,765317314.2983866
5b169f28ea1dc473ddf11580,389457077.1048536
58b3ab31de2f9fdb0da0dc8d,561125584.4978116
2054c61f0162a18c6fa2291e,406673469.7213725
39940234a26e7264b464450b,708183675.5692805
550157aa4dae5fafc5d795b4,877184480.9659822
ca87bd8401c0c7bbc4b3f286,1053901708.6619846
a8fdb6fb681aeae4d5c22f9a,1196719876.3136044
998c864a446f06d114f42fa2,1099999678.1707335
bc57535516748048e38d4a2d,760267660.9272807
ddd55d8001b809f304883ce4,673303498.2983776
b9fecb3e6a507ba17764c303,368504402.85247386
4bd30aa3e2b4aa077ae27490,662523902.1153632
d7ee2851bb69088f851970e9,842504596.9144679
40eb0c78da8b51b53548d914,1051077794.920046
1097d9a61690cc58a4b91e62,784819304.0771177
6aebff5b1fb3a438c2c7969f,770659512.1118398
af672710affcd7e44eee9ba3,737533276.5109617
fbe3b74f9e11c829d4dc69d3,1020324147.6152638
6b7219005737d8660d134ace,1372066672.7969775
042bd2cfb2d33467149ece1e,714751109.9681028
d5999beafbdc8acc8a6ad809,659673830.3245432
4ba65b1fb8d8ab0a914b0b8c,588069547.4305217
230864c9c9c5959f9f0d36ee,893397144.0071739
8520fdd4f5fec0ba861ca9ac,513625356.0274056
447dd594fdadb1b12ab32e6c,797637772.7891041
3d405df6e5dd012419f43ba6,903591758.3417776
e120c33346ead011ab7789ce,575699389.53452
505740f7746e0154932dbdc0,407934273.8031688
e9a427f23e80fa59d9d517c0,366586151.7315511
97388d009acd9e5ad49e7c4f,432772273.27565736
a100f050c34e438070ff487a,641965659.003597
96d14a1d29b7abc2cad573cd,717210771.484074
f69e25355ce3887bb1078fef,674497148.5487742
86276ef138e0babab9863276,429805664.68880117
344f3bcc1acdba48c12f8441,872287586.4930869
f3dbdb2b69017cfa026ee18b,868348043.2827262
ba32f2964e8b68ff5555fc34,1101654939.5448658
fb7154b2dfd2a48c13ef70cc,628449007.0447887
089dc5de66c6c4132734b9c0,707536059.8431313
5c2ba5028fd94a6b9859de70,617280654.0640125
e8544410d811163a13c6a326,511670590.17156297
74d8df07206df08e8f3dc232,1069915317.017155
6fb4126e3ff41b8052fd0657,450476675.35359377
ba35cce2e715bda1684c937b,840360696.9897944
d7997b9126bef50985bab347,446772959.60568506
da3aafeb2d0105f8e09c051f,647549929.7994492
5daf1136686fc538db40afad,629114389.5674585
88f632cc304cd769e2d4be27,710737339.6137152
c5dc941305b5fb59e66479ba,711301348.774092
ec422df56b811a0aa42d8bbc,711301348.774092
bc8bd1feaa8fca4c52e130f6,505229707.8536177
60c116411ab3cca49f7f49f1,542939783.8866665
75ae43992df8ef41eaf9d98a,480384163.03617734
87ee5c7c49ced4ec99f44d5f,1203418244.0487287
918f56ffe325f21522cc60d3,459518101.38537776
dae09210f48e5bbe0d31c728,612187319.5526961
c1ae2af40e1ea9da6380b8ee,866045209.7918578
e7b717278f7c95cbfceba80b,600037616.8910457
387f18b1f01b1aae536752e5,631676347.4548911
c036fb38fbd2d1b59ed5b7f7,715158796.8450086
76c510c0ad11fa67f0e9a4de,687707832.2341946
ff46d9f7dd86b8bff7cc305c,752504853.6784974
23d95cbbc056b4456b94c97d,921386009.2034124
fc65a77fbdd07fb490ad870e,1037933488.1862622
8f0a61533b6a01badf43b6ed,1132279279.7578404
c26990b034ee83450a4517b1,1077771430.8462176
53ffa19a09c447f3759f86f3,643958944.7486621
86d80d3757377df6f2b8a0b3,687382181.6005719
c757b3960436c23dfaed4f2d,1072104457.5420083
fd1431e595693fac0406151d,532900962.53437895
42b6cf2a5225dc62342d3a20,669717340.4910964
6f8a0e8f1bce0243ea50213c,662647270.5518801
02277f636716264116015dde,437279636.4596206
b72459ea34fa22d1fd012dc5,801199666.028948
cf4ebcab3fe4d12e1a20146a,1048444862.5110433
ae2c10850b4a8ffca934cc72,1364041406.6261053
0e22a41ec27869c8f83f9be9,1074205391.885667
22a43024821ad081e654c5be,1029253355.9235984
2054c223fcd48a48f67d02fd,447578405.6775893
9af6ac77a9aa0c6da3cdaeb0,406673469.7213725
6601706d2133f96aecfcbfbb,603130945.2826576
ce011b7462e9be36184a2984,554263829.3743191
f759f71e444c16a59187a067,724879039.65398
84cfb0342a0bf2c6777de39d,538450487.5201231
760fd4c893a56a4586030772,617467401.869757
fc174b19baedc11f78b647d2,1050858983.1299723
aff9e510eba008f3ba5c1847,1064013224.4777352
a5a4c0f268548993b61d65c6,887198561.2915584
6cfb8a07fc1100569413b33a,669158379.1376188
94301e20cb91669986c4b34f,556191711.0315363
52c1ab7484e412ccbf5d57a5,710249707.90052
2538cfce1c108ebfb1056c8d,815389493.4581132
d57541684e5c00bd9354cc35,575202957.704701
123106a60208725514f3a343,551802161.8346684
7f2a2959f5ae816761be658c,1252578231.172815
fd5758238e7ec91e415779f7,773155084.7122884
e3197263bf47b3d37f027e11,777184223.9816897
8e5661e79f4fc282abac1f37,1004873825.5577375
cdfc387f8246a1bb3110d724,915425619.0958551
c53f3bdfe8159bae98ab005d,1191017732.3315983
200ea08f57fa23013d0e661a,1245891251.921583
603c736378e07570fb985ab0,1113957213.8104475
cc019e30685c91634d2fd4f4,840360696.9897944
b0d394d6c9b8967250854c66,1269221575.3318517
f7a79e1211fc72e06a3a82b6,1457381655.3719106
8a1ea9d91b3d8a66c6341243,698268357.352955
22903633f8c4d91158f65c58,527043398.25550336
bb67d95fc94532b1fbe80ba6,700338047.8841254
a8e696037f8747f562ec98fe,370681356.7647032
72e4fa00e8aab44cf210251f,829698267.3318945
d70948f87875325380885803,1403394982.198681
a0e53cdd1132bd19b8ba0c54,650918874.1183815
882eb7115cd5b8b09fca0e47,999963598.6504625
529d6599d8a64c63566a11e9,543987387.5923508
e26eafffe4ca3c22b7f4a272,1166012934.968035
4e4abc111c07656e5bbdb0ee,710200139.7586513
46e7860100b0c09a6a475b9e,748272229.0685968
7bfbcfd0fb8f5b6d553c2d0d,811010084.4472685
5fedc401fc32ecc4d9ba7e89,601373143.0819013
aee8b22ecf19495fc5894a08,811010084.4472685
313e17c442fa3040065b7489,646516790.2931333
26206185deb023a344eb2e99,1091046081.0395253
4a9e2358d64df916e2cfa213,922458510.3730335
2f6515defc3b21d82e0ca4dc,462264973.2519313
a9b18720f68c7002dc71c3af,403123583.14613557
af911ba38d5376a8aa53fcef,925573192.7342463
025b094e1ea7248f4aba72f0,331211024.61024636
f81aa0f575dbbacdbdc681f9,599356505.7706181
848067a69d18a171e7fa34f2,623637990.016354
e22ca3f1c8073e246079d57f,564519811.7283196
11444a88bb3b230b4feb5b58,658800241.9210707
7a9264f3a12de839a42c1783,613373718.3128241
6d825b439d8622ab90245049,607125789.6547323
d2d317f2990465269ef58c41,765040872.6945462
2860e4435c857cc8a661ec97,1042986655.7160345
39c70622597e64c4821d0731,1222344767.1215022
2d6f5bc20de99dd0bd4e34bc,633093821.3220131
37ac1ae3a7e2a3319eafbb58,1005032598.2990398
fe6fb32f623a9e3d5586a8d3,864123662.5608063
501531d637608f7098ba6242,745056799.4734678
69f59487924240bac2e75bd4,898114799.2547077
358e1287e24c3c4fb353315b,1011645570.2018945
55e307c88e2a943acd64a9a5,880259696.5121868
19105db21495d546e6792a25,642909777.1998779
375419559910484b17782b47,1255464292.7915585
c9d254244e315974cdf5d921,1430476818.5854707
adeb9a6ac3d357bd96c019ea,757620109.7637377
b08e0cfc5bdf5bdf5068ebdd,1021311956.3207161
8da2439f391c6db92b9260f5,720719482.2421604
d0751cb5e704e28e03514fb7,886524928.7218969
9051c6d14018b4894b560e2f,771399163.7320727
54c3eff286c62f05ebe2ba57,592641881.6856469
975ee5aeee84593bbeb331b1,485123752.93298775
5102f4786cc032e24781c7ab,1161061888.668979
cfcd97bfad6e013aeb57a2a8,722883900.7059253
f304bc9e9edfc24eeeb720d5,725419667.3828151
bd05a6f6ebf924adf92e5577,945221687.399906
a7b459470ef58ef3bed7437b,557926601.0793554
37e009a57645b845b1673b8b,566845983.317356
b70082fdca35092802f8745f,386698897.29880464
8a69b9d7461107db6d16d1a9,708183675.5692805
adf055978a7a8e9bbd88e741,615808467.266378
6c02bbf7f6b087a1f0c8a47a,622052924.0460495
d91017d9c530e058ace2e017,675526951.3393762
89016540f8b3fb727d863bec,941048346.5933845
506b653545eebba4c8821588,1496367508.5669813
01fe5add1e7df4b15dd73bc9,629814398.5775107
4911d01ea0a4505d5db5bb2d,570501798.1612893
68bda8b092d5a53a35dfaf07,1635656211.9063382
70bec150e1d8ac537cfd90e2,1227554709.153502
0e21abdf04b36e5f6a1fc337,1380088902.1858
f53efb47de2bca5912ad7517,947499749.7221745
82d6244acae149ed9ed88e8e,652206899.004001
755a4fb96ff2b2276836f49b,635605628.543504
f15ae83fbc4e4ee3f646b4c9,577420080.1913955
eac458ffc1da75fa1a4ab384,757364216.3019949
6f7bc7fd41ed908494d8e098,754600212.0899172
12d1678bc86ccdcc8ad756be,1257551027.7208228
6e07d31b81f3fc9b9de8e1a8,1464184971.0941832
6c618bfe55cac120a4f1e08b,464489078.9937203
22958cc4622a0050d1aead77,779352933.4410946
c7c3da1f12d872a3726736f5,630622699.9720132
ce30c2c7cda56a69005300d4,467610134.91592014
7a26e5936765b409b7b73cf2,1001926261.688594
8d5a73b1d27a66b3f72fa662,633093821.3220131
3b8302dabc47048245acc09f,806042470.5329531
909182c92bbc39b00536ce6b,467544085.78392076
963da21c3c571d7bbc36f1b6,688748277.3545381
a73504d5982fef268f5ff589,701352760.2515433
50563038c05963223b459beb,751843940.70569
b9a0058c58cabd619e226178,828703896.5741273
0037d98f6ac46a86e36def45,760243494.95819
38117bca778373247df86e14,583990177.3565817
4eeb8b5347526d721092a7be,740707090.5651761
0b6cd71df4dde546e665f865,740707090.5651761
bd066d5d19d41c06b904d51c,737248665.8701798
f10e210fc04e3fb073568323,740707090.5651761
9f504cc4e6b170155d38c687,740707090.5651761
3e4c1e6435ea1a9c3150aed0,583990177.3565817
052c93502aa794e0574db9e9,740707090.5651761
343f45e7d178eb780a9a9818,583990177.3565817
c0c4fa199f0ad751930cf78d,737811566.0027301
5d86154fc1769d4dccac1269,735496216.436919
e1fb88779e55aef2b66f2c10,760243494.95819
c26af6fdd00a85a17b823d92,740707090.5651761
be3ee4457a26c6b6ad4237d7,712264658.589138
9bdc79dd02cdf39f92e8c869,760243494.95819
1d4bafec52ec7575161bcbe0,687162566.4494038
0f15a78ce3ff90b6894fe3c7,847079708.5412062
afa5698724bea14940667231,637858405.6195292
4d8e365b35a6b8ebe6d7a15f,791056453.9105667
6ff848f65f2507e58cfaa231,526725522.0831833
e13947242fe19bc3925919f8,593091357.4336092
c02caec41084656408c2696e,841707935.0817345
d6fd079beb9f759fa4c6886f,432772273.27565736
d14f7f939468e641c43abfe4,626955061.3344727
8f6076f8ed13e87862d82255,644688603.903191
8d5e662ba25a71727f1eac77,942565162.9469031
bd2f9648ee9ebc1fdbfa53b3,613040965.6547884
da8f986b6ee6f594780f4a91,942565162.9469031
af7131ea57639ce5aa1e102f,942565162.9469031
30e10a03626eeaf8bc2c380e,1033698683.2466059
6caf180e36fe18078703db02,632149631.8899956
a40861d6573e4539ee3c23e5,794806464.9219835
d5f905cebe05262cfc44bb11,765397807.6279039
809800b56b7b29399986115f,661118317.4349483
6b2d7f88f15cbf7d998986da,962543780.5706213
a0ede3a514cede68b721d994,647667661.2397827
179d467dacdf674a66c7310c,668375311.4991069
97f9cfef1e35be84ceea2a46,1046466219.1517301
b7e01962fda2102f1402a444,731381647.4079541
6665e5bc4774d04321d1ba9f,705762864.0131198
6c09a3ccddc797f77d63f1bc,1069915317.017155
97986583e1c988373765eab5,1011194610.4311652
56807890f8587cd75893aec9,703551461.2894593
0f2fb3cf22613a339c88f7e4,623215100.0297071
a967a4f0b1dd36d7264cb408,1078429002.2396803
08ead1ac0b9b30c2a72db17f,1250699466.0414534
1b989360ec91f5da55806bc4,1189800759.0706754
b289cd856f9d15493d31ef6f,1124090266.8515296
88668347361a227b6dbba15e,890655352.8476696
ec3f1679451b9c0037f89386,1027264887.782941
9cd01a5cba1674559752f5c4,1358474232.73336
2bd96c7fe678945fcaf9662f,873803822.4897637
9f118569fb8b084f0615fa22,647786229.7908862
033521a46dae036839ad6c90,347152637.30692995
bc1ee1f8ffe1ac88f08e2459,852659239.5478654
c62886167530efe1f84086ba,573878723.2684813
d58f191c74d26bc1fb02cfe2,575928408.1773113
981b55d5c38361caaddaddad,671109773.9231106
ef26c0f1cd9e3203ad16558f,643501199.5684853
74cd885ec200a0c21fa9e03c,634435336.6258757
fcfa51e5eec6829b9f4f2c59,524081190.0383285
c3bbe8c09f5e58281dddd412,632501207.9897711
8f36d25584407d9e3c326e71,722996097.9523563
51f4aec91124a9a96f4c5372,629278978.6572953
b7becde9261820feb7cd926e,596629243.9525969
65070c554133f2b4143fe051,720785483.646673
c2a2ddb94f60de25378aecee,669890259.6860275
5ec3abf721e13b0d55829bba,864123662.5608063
502aff943d74cd4cbb976dcc,707701783.81111
11e6e5ee92c97e31d34db891,1107809982.6483455
b1589aa1f58f6dffa93a3a61,1681102053.0046039
783ecf989538582ad008fd95,1486893943.5008888
1770bd5b0a07a6aa785e0caa,799063237.7919331
53715a484e20d6152c76fdab,1212789019.6757739
ef73428a38c201019267afb1,639331717.9473679
932a93e3ee2093d7f806fef8,857179643.9320112
00e9afbd1d27062a7bd40a3c,1195634604.389738
a11a82cec7f8a243e2f90539,692469341.6820399
e4a70600296b0bde6c28fb19,806042470.5329531
0a1b1a3d68b04cdcb2d757cb,939344222.6802565
7c06a2f06cb4226f9043578c,729491336.3938316
5e113e1e878da12e312cf875,1020091241.0252192
a72f5204153b7c92f52d871a,817710076.8648022
fc17f35d300be9680971f95b,946111444.6531843
13ab6a062601d40843de37b8,803137249.2980136
22abc78ce812c519511f8a4c,1006105552.0484773
faee4c33e892029b79b63742,1002082965.3036343
c8d39eef5a5422e0da4172cd,832146213.6244552
b13683c625c97c23333269eb,503043455.93630445
00e7c5894c739852052f566a,811195859.9890518
2703313a3e5a6fef2157928c,837396828.1247957
8dd453e986d05c6c1dd104d2,541959437.9372039
22b34331d7ca2ea642d29946,641214488.1524776
23187388f9d6e2bffb88b9ed,1129153715.880179
6b49a668de0edbe7f8110740,1104308715.4954536
ef0e5b23069a9fe377b77ccf,1119144647.5546637
c37348f8247ade33ac513855,652340135.1534221
1d19edc1e0d907e5ab0899e5,760872722.5762149
c73ee8d419b96c6e7c53f95d,758452649.7055635
6251cda3676ecbdb6555c526,652938959.0610149
d12d6ea066b67c3db9b2dfb5,1378694737.2063375
8ba4e8e071e458a13efd179a,727091000.0462838
9b8d798a2c455a960ee74503,628995988.7777098
d663ca1a0d29b4cbc5cae9ce,937075853.5231317
dc3b8d97b11cc2af4cfbcc79,1142267933.1393626
7d50144c4b2ead9b7b9f594c,970368261.2030078
ff9cb7bc0b972d4515ea3837,406673469.7213725
267e46cb9eaec6c7009348b6,564585937.3193136
1769a8ec5ec94aedc397b4ae,545693958.5596192
dadd9ddd29102f529caa3bbe,523147621.30297226
251903f4b947b337e0134415,551802161.8346684
e1b753c283bb9c6d4e438bec,1026755152.3683479
16fb51fd3d35db53eebbe5b8,1090792184.5329547
8f543f9c31af1eb17ef1e353,622745711.2348821
20c3cb2d4fa486b23eb81bc2,1064266742.1624184
6fb9e9ac6d44d3a286f317ae,734954084.9888712
15b57b0ad8794d64a2784ce6,743648393.7956764
d9ce31250d4ae25c3b850124,786754824.9928313
f90efcbfcafe544674c02586,632244808.7703093
05a98feedbd3f422bf063112,702733307.9281187
ea359d571ad0c986f826d31e,998732928.7518922
b02f1997e6e6f97dc808b8cf,788437008.1172496
307acb7b4044cfa5680e4227,1081806585.9787135
ddce386b0ad3199ca09aac93,752450553.5433903
9e28972500d8ca3fb3b76fd9,1039840165.4056754
687b1dd576eb7d06a08c3439,722996097.9523563
23b2b5b9f5bf3e1208f5f80d,835031533.7144351
dddaba511b6a18f49b41c1af,840360696.9897944
874e3e3ec6f67c160807628d,888467114.0163312
67ade5109553a9d784886a46,1352381095.2428749
6879f05563a9f0748088cc65,765402096.9170692
dce05cf86b42124fc93d41da,1331567585.1513338
1ea5db844a6d3a926480351b,692469341.6820399
4e9acf6e9f80f65178766740,806042470.5329531
a35450284f8dc27e0ed717f0,1253023523.4705157
069499abc4e393fe540777b4,483586023.23379904
cd10d6e28fd7ce92518ea31a,866399923.3330709
3edc0e70e7cf6a21be2f0d53,406673469.7213725
2e2ff1e620063f416a387058,561125584.4978116
1ffdc10c53bb83d3be84c327,620041747.5791441
3c95dcc4bc3788b4cd5602d5,741571709.7809327
aa592f388454d575e0006206,834573771.4847429
f7e5bf5b0f6157ed1f604d37,389457077.1048536
513c6ea5a3c2c560c409eaa8,1356101643.4965339
7cf15f80838e8edf4f9cdead,1331490800.178189
49737c7682eff2513869b3f7,839386919.8503957
4e8cdb49a2bdf68ad8d12625,633093821.3220131
86af11931b004aad3fd27b88,632501207.9897711
90921c9fce21986dd23bc645,830881737.8326946
d79d71be963d418a4c9dec68,939344222.6802565
c27b2b735106bd5a77a15616,864123662.5608063
b6129a71f8e320aee8abd0c4,864123662.5608063
26922ebaf11e35a7a320d30b,1020091241.0252192
23f859b889afe2639ad55a21,672592370.8454366
ddf47d32045769c0596826db,1406390467.6205337
1d0c635770f2e51aed4c8664,1681102053.0046039
e6144e15d5cafcfe87c07c9a,587163238.6906481
a7c7923f9a4d004eab43413b,1158297606.3979452
42b3b56289972176c20c4990,495048352.63791853
b63f49396431089dd646837f,549642924.4955809
e0b041a39e732783f98bde56,1016716202.7879955
409eb9b8f2ba87ca299a7f6d,501475544.0121672
1a46c13974f3634ca6dcb51e,791499719.9124377
4b068c79664179605b145a15,1215201501.427958
afeba13fa3f81249549cd2eb,490249486.2421123
3a3ce11d981d0893ec732e22,632501207.9897711
ed68664efdb7377c33f4010d,872899199.4442313
93de58cb0d8fbe74b0cbb556,781319738.6675618
faa204421a94ef95b79eddf6,864123662.5608063
acdb13c4c8e2a48b0bdabd91,834689751.2032226
5271cd1cb962066407490051,888387947.1455891
933251193ded6df07c83128a,1275711892.6700509
524e00e537f841c13497cd52,484505455.383762
a9d4f256527be98066c493fa,933505656.729931
2207c1ed62f59d6eacb3c18d,563950623.5374923
97ea5dc81ba49ade4f8f580b,865433132.7610525
72488318dfb2181843f17c03,1179929084.526272
76698030899efea431dbb81f,536905103.9019352
e84888d2f22e14a5016ac789,785032043.060974
d9398ef84ae71419cb7cc82c,630126516.1818805
6d32649478d9d86d840969f6,480972311.80479056
81600c1e6b6e3ae770e40b28,1079512474.114324
68075b0ac8e779bf5e66dd3d,532407861.7278756
6d7ac64b8b9f27f61fb155ec,542974687.5804483
d3bf3146ec856cc26c607d70,1361650150.6557271
d12298e0d398e9d21d2e2eed,550668279.246839
97b69097fee8d8496a6b8c04,608497963.3370047
fa6e53a7107c0e33e3d505d1,1378694737.2063375
7279c610bda9354e1c840b0e,785032043.060974
6f3070318ab65b867b2702f0,383360272.0076371
e08aabb998103a941d24d0a9,485814949.9137134
415e1faab81016a460db7a0b,526336006.666741
8b871cc48b99bd4190877bd3,760243494.95819
7240bbe28e950ed75637b504,562507812.6353956
831629494c6d15d5ff6a00a1,760243494.95819
1cccddc33bd892b44d7e4b7a,733539915.6002091
f9cc6760b1112ce5197bf399,657249800.5411998
0901e845b6c56d4761377a09,569818837.5521195
2a33fa5b25963f3dc928f668,697240130.9847467
83e9507b9ca2987a21d1b195,674124789.3321586
9381bdf491d48236e84590fa,604695105.9767262
c041a933261204155415c2d4,1138824288.6491156
a1cd867286d6e82181e5d1bb,942565162.9469031
240d2474c81482baaf79b6fd,942565162.9469031
ddc1c85af165e47502447242,628224000.6993153
58f02c785ee9a506e899b967,542460036.4128678
8b353ba6823f4f800635f0cb,761119599.6479284
68cda50b602acb4efeb275a7,1031858363.6409582
96cb3c08c80815907de81e73,669864859.1712328
f54dbd8f0aa752f79c581e5c,947533841.0276232
52a438d024af0d5c38627ad0,705364464.6628295
1b5db6af0a1c0f7787064020,633093821.3220131
84a7286c91f1ca3ecacdaaa2,1001926261.688594
bc6d6249873222ac7f22b73d,864123662.5608063
12501015fb631d7c10ff08fb,1087425515.2760198
85b633e09a41cf22a10f28c8,1062478283.868316
7acb92246dbaaec1cc7b423f,637894825.6259047
bfba8fe959dd2e44a4202943,994719750.1526079
5325f16558ed6d2689bcbb46,589131901.460978
d4653d505cede3d24e258d4b,994719750.1526079
5146ecaa8b7ed507c4f30785,817710076.8648022
f5b9cbae30356fb3a1d005c6,807961902.8843015
205ffcec56fd884ab24c5600,744979630.6479752
ae7ce478fb66882a2c952012,658887193.1951783
efc9ae02fd6c3f18db866cac,717830387.2212489
2221052e00c236f31e6d5a06,681405930.1457291
54673ffd4971d04493a1b1c7,811718807.1830732
b0bbdcf0916b246ca95c4721,967242306.0611941
1ef15e2b882a0da85858269e,733377957.9946394
9881fb167319b34cc23da955,1173696664.2601955
9d2a195e645a9e8556683b4b,1009965263.9123542
14acd96163e6b3e17177f35b,861664889.3167405
b2c5af8615b8899deb16c896,623575303.1778921
4c40683e401dae89f6537ab0,608221675.4647214
dd007a202a0a3d56ebc4868c,952206130.165255
6d9c89a406cf2e755d4172c5,574438044.7930835
7387e7e385063c180f05a7cb,611350849.038615
9dfd5df5a2efca3fbf2c07c8,798498048.7648722
2a9e75d221912230f98485cd,677451384.2393746
86ce27f9ca03821d13030f18,853979044.5035545
3dbf89c6e97182647bb44e69,705141926.0603975
eaa4893a313d85fcf38dbb6b,659053750.6552826
c57e1c323ddeaa7475e5189e,757593929.6143622
84856812b63dfd9630fa49e7,847959424.4831934
945202a450bea48fa7f2a95c,740855086.7355007
fd689e54d5c418dc9f2425e7,1145797808.5947096
eb90d9e9eb53b44b07ef9613,812943026.6868727
79005399fa92d05558fd6f6f,833624582.658592
5cde51bd6de3759821216d5c,855938629.621024
230cb38e035b85a4353220e9,785669489.3247617
a22ed42197987a8534abf76f,514093285.852263
43a2ceffa8ed90bc1a43255f,587279796.6339465
8f2fbced5d357bcd6b1c7de9,993099290.3227549
6e895a15d402ea7fcee98156,1149655648.6705253
b6a2406025f0e1fa09690c2a,587279796.6339465
f46d46ccc7fc415433e471e4,652478989.746113
71710d25975271eb32c0c8f4,553286937.1637577
01b7bb1556b5c32df8f618cc,777270206.4288442
56e5afaecb2cac6293cde16d,465574620.0241285
70209b9024acb3e5baa769ff,1026755152.3683479
efb0b413b3f661b23d674b3d,1158297606.3979452
251db9c4b7398902b38b4a4e,830927371.4744717
e3e7ffecb903d2daccbf8a53,721031076.5369059
a92ed9a378272ff174ce2688,506696294.781788
40a53a3f3d49f7905966295f,1051659812.9186687
bcf2c303fc03897585831351,1004272725.8382078
4b0ac2ce45d7ee385ca369a2,1078786144.370912
85c7e8ac008493b34e8e0176,637849885.9121183
0ff24418ecb6888dd8ec734f,1682299698.7796175
3164e0ecd246b8ed6cb6d054,1293938705.346807
5f52e316136696cdb56e65a5,457225433.86234134
5ba4bb943139d7930cb91650,1185713845.2038026
ba12ab0869d66e03df12b6d2,515389572.4257347
1a111211207627bb4c840442,1123056408.9977922
9d2ec1ed9eac77d534ed514c,740707090.5651761
9030f17b47b3940c2e2c4093,740707090.5651761
3b224cf6107d815a2e78996c,995442368.176738
ab0e770ac42dcc82b472c55f,847079708.5412062
75fd66abeaf040fa76eae2e7,622745711.2348821
c31d98f67673691ece007a65,797576967.3522699
60d5f19c16554cc2d8e5940f,1026755152.3683479
53fd196fd0c0558ed1219329,435392957.19658715
27b06d060ecf702fc88c7956,1090792184.5329547
dc014623ed69c32abce2d0f4,543962360.6801783
f1a8f09837660445961375c1,1101708011.2820961
b98a462d9782988cb54ced54,1472990819.9170718
6ae4843a827b36bf189a32ff,629840833.5652374
84e4f6c6b5dec0da7f7ca0fa,637755366.0430313
b8f2b9c2e63f0091b6038ea6,606544774.1813854
e54c7ea1f012656f7fafa49c,672073995.6177422
f25f5df33f25576f805a95b5,723985589.6041871
ce9474244dc2d40f357146c0,505067587.8787723
54bc553b5b8abad0ceed4d53,759917487.8008547
e75d4ce522cf587cd66adae4,666789278.407828
b1f0b12c28c9bd2d16b3545a,480550791.21634674
412e7b9e1de3df8c3dbcf198,900363182.9433805
f52ce56f20251f018d7864e0,586455862.9450555
6641ef09c0bf5f3180952b30,431231116.0778523
ada53307260fa34f3a6411f9,665404839.7318726
51f0f76e2a8cf50ef3650901,524661484.0761074
da482df3d0fc97f9f8582e22,486474323.2133097
55d47b5f3d0d2dd7c2bf4034,592363835.9499506
1a6714ac2350ad371d8280ae,843467784.2632082
0006c9478f4e7edc53d84916,495278306.8590827
dfa7461510c6dbe5e119d106,670642166.5141202
5df95b44c73b249be0fc69e3,574698977.1852857
76bd7a0b87bfb6d2723766ec,555666390.1811768
8570a1d8156dbcc267d3b495,694736433.7345859
94116b7517a06255bf4320c2,654295774.6721644
8ba2d7afde20563e38892304,632634679.2172482
f86ab537a2f5d8c2b223574c,973434582.4643146
9d0d2774fbcb6fcc66b865b8,636255688.6428356
9086e6e757243bdda003878d,928628976.2511141
5a3625846567d06dbe4cea0a,1219764251.931134
f51a78ac4b03665561552b0a,767782471.0339742
561a262410ca91d69a58645f,1015865631.7396854
08d90f931e7e0a6f43c9d0e0,1220575554.5581193
f47c64c8ee69e744e654d4b9,939509695.6590241
fcc4c878af8bdbda6e1fc86d,1189373233.4522278
8d9b143cd8eb71b05d32cd2f,781166959.7779781
ce6a3868227d78852fad9f62,1217969801.220982
d82f743ff414299f8c222db9,1162702306.778753
9b2c7e6cfb2d6c66e1ee8a6b,733947430.5755682
6e9009ad01cf466e8f8136e5,781166959.7779781
a4bf0c02f139c695845c9507,1187127151.9581406
16cf0d7977ed97d6ae8d2cc5,1201192967.6610718
d96855b0ec427f041e7a36c3,1052671884.8367414
63613a9290bcd9e1bcf2786c,1345772250.3933754
32036c1eb131e6cc4f3bad3e,521057424.12248397
ad47e82c9efcfa36ddac0a95,479762397.41000634
d5af3041d95f5e89969c9868,616375117.4595271
f2387712fa17435f56d7b102,537063877.4664915
c1c8024bb6c3635ff655843b,531740441.98807675
11e4350271e9cbb37bcb75af,592472447.2644349
d012efd4a77c5aa5e8d6e508,1086798807.2506757
6240b85a47c079cd0efb077b,659777882.9877332
85e332a999931ecd0e04475d,416702872.3864383
4ec02a406caf200b700f5c62,623914032.0108128
f3270f2ccbcccf3046346809,941796022.4311639
bfc5aa443994e3f3f78c6105,639630559.1088039
aa09cc29ab2f2cfc79e5bc7e,796370335.7889811
6eec5b03718975e5137d5e92,724663432.4703906
6974d82e41437d61c627b16e,1043120893.4511801
ae3f7f428b49e6948ebe6fff,668461416.3846439
a9a710b78e776c16eec24be6,689291864.1813959
249cf6f96144f769030d1b4d,585467125.8601207
645f3c4490ce43ed68c7df10,788930058.1354105
3413f37549869d2172b76d6e,872193080.493697
956600c9a4ed31e588f8c593,1221252447.0454881
00ba709f184e70be13e5bf9b,704322329.4228421
275c8bfdd3fec33752493861,742070549.8356878
3206523e850b5b5fbce567a3,937049094.7623544
9c9ffb3401ab6ab90fcb555e,1381893364.1514738
4962650cfa3decf487ccbd0c,1091046081.0395253
a541b35c62878dc2c425235d,924053408.418696
2112e589911b979db6e05a6c,874172223.453532
c9cfeb97323bd6a0564e1903,903715622.9126444
30e1bd4619483b0e896b5229,551802161.8346684
48aa146a36aba8a0270a8a1d,1352381095.2428749
678a80840673787b3aa64228,727880051.4388833
392abbc83cfacfe87c401e27,491392140.47874385
51744814dd3a7e60c0791041,683713615.3374287
c6faa5d2ac8e74c26fdaad4a,613062486.5537843
1f2c22839c470363ff41551f,840360696.9897944
5438c2127072b47e3af428d8,765402096.9170692
32e182242a654ac03a8f3ea8,463767430.99348426
0a45eb817938241ca988c2e3,1118407662.8552253
e74d815ad652f7046ba33295,680366323.6445608
2887a0d34994d284759db20e,681142262.5277681
621c3051ef29e8da01e6bb2a,884376488.4446496
54de2275006e273686ae5fac,1067042535.7875655
b0a0cc38f73c9d90bff6ad92,694648876.4084951
f4df4ad4366bd794594c111f,1163410882.7516694
763206de4c26e3825b69f4c6,1028170793.0884613
d5ddcb0a54416bdadb4bf57b,810074399.4621255
bf17eca5afccd9cd6299b9a4,996036560.4183183
02888257efaae858fdc7938e,663978593.4001222
1f8ecf6c089ce6168b3be52f,1097483364.7190382
fd7a48744bf966e417f34a51,1196491331.3736684
655d6eafd78be856479767e2,953354428.0579736
27472c6c6a801eb749b9719d,695565404.8529341
18fd9bee381e7a8c29a44c4b,685672672.5555979
da5d47596a755078a2261328,848611788.8761241
737c83218f0e486ef4feba40,412304017.62738377
2390c275fccc98eb4fa33af0,470768331.86661196
35616923c84423b44d1d1438,931974794.5138937
22fcf0650753e2b5a2fa3786,832227247.4774692
9d8e7178912841c2a1232ad2,563063360.8443568
36c2cae6de0add92f32d29f4,806965667.3156422
699b68daa574a0f169436ccc,576870254.5101023
c3bd0b8277a37832f56be54b,604173383.5271158
6b3411cb8c50c1498572e681,666487025.1562524
fad4ecc419fb64b3f77971ad,735460750.7614967
4034cd9a70d18fe0c883a0fa,462689194.8516148
8f9417de118ef8486538955f,1162766712.8317368
33f4f9988387bfc237d114fa,1010486787.2567891
40c9f947e826f89c6ff3f898,307132999.2118869
351701c5d1b821253e2c8c42,476943533.64177
f6b405af32c398147475dc9b,930617886.522597
45750daec6238508791d0d4c,602473280.5078014
eb85bf9ab77f59615960fbe0,1046865395.3421054
0ab6e52af85ebf23432d7698,611235475.6710628
9b13a371ed4724d2e2966447,1006142098.7158304
081bbc273db70f1d2cc84ed2,653724719.9326407
e113c48e4e1b53adaca275f2,656055549.125682
4bb0666c55d174e0280482a0,722148451.6361859
ca516516b33dc09d712b3154,1006142098.7158304
631e6aee6ec1f720f3c78775,529783259.5556673
c7746198cb5871bd687c2538,732484195.3748162
58a5dacf2f664512c2b00ea2,759680295.6874067
6d8998442d831addafbc878f,720316653.1105205
7d4ffe0038b3ebc149d8f4cd,657100834.1402633
55ae7bc854658aa5fa49d368,674308245.1734877
042ff73057dce4d92d383cf7,348032307.96440464
807c04729620ec60ef18598d,407904031.6693135
5dead94ad2dd86dd41448994,670302797.0137429
bb90c874275456d5fe0de83d,582143366.6971055
6ea5fbf037ba7e5c74d7ca39,846397657.3978206
86dd7931177df94a649a4d62,592229815.2376462
58ac250fa52a1ac7ce39f70f,537462635.7757759
2861f1a224b4c879b845779f,404333710.13200086
8d06af8e439c45e0e125de91,875596324.1001664
bb2dedf6198be0f3ce2c4ffb,814571134.3729573
57d8cac189a13c180f08cd2d,545193620.2742599
db575f8a4e10a29fe81b335e,962543780.5706213
e8c79fd41b001fb1da0d4fe1,669158379.1376188
b81679b32ea288e9665dee49,1457381655.3719106
841482deb90d19ecb1ec8a06,709720389.7013415
214df9371aa59f68e5740212,811823064.3835517
bc52abbda9027e10b879ed50,669955051.1405069
ce8ce41a36b610be164a25de,1073531789.3946275
a67412a01feb64ca6e772858,1166192076.0645466
d87896f889ddfe1ba210d74d,342240940.51118094
556a39ca66e10ba3545f2234,601130692.421696
50cb893af4ad0e21a69f05d5,849893360.4039161
3b5a5d6536a9fd24f02e8ba0,387670049.42285156
121cc20fd81d6322f56d5c53,708183675.5692805
b9c893f3c3ac4dce40d0ea19,780510291.0242686
47bf8d322af3c13e8868ed0a,849893360.4039161
a4325969a50a14c948446f9e,1012434277.0839078
4583a6b01449530079415768,1133942896.3626058
920e2bd03c9d34e36fc38ad5,1133942896.3626058
0a59b506798fb96edd7681c7,826232042.7703981
e8d2cdda77c1d885e21c7bbc,1380088902.1858
8abe99f2b71b13dfe7d71616,1331567585.1513338
c07e98122103d1546d995f9b,1188399533.1440787
29fdab43da21ed0d22c9c71d,458788225.27667373
f2ba7982bed03cac394ef87a,697742589.0244321
eac89e705cfd337a99417320,481643662.7076938
40713332e88c6d3a393c8b2a,633099749.9430128
a9aad230d22f7dede73acc8c,1169115699.4170117
3b7fd4008e14e394dd09a0e9,1681102053.0046039
098327587a877bd50df27551,575928408.1773113
0379b6a001e4018c34e944da,763423874.480217
45f24dd99d362f49c0adb875,350159966.1833048
dce1dd028695bfc5a47aa6a1,499845886.51137567
cfeb702df06baadf29f12eda,429725714.57649827
9ff5828e084070628ef2ad96,630622699.9720132
6920e6d7fff656d66844949a,806042470.5329531
31ed69311bfbbe000f4483d4,699416150.8655332
d300473e3d2ced1177c9fbd3,711987781.669148
2cb64650b876ccbc7337a0e4,402348559.2883573
3ab2ed6d140698cfa41f2e3f,651307998.7770756
9f8697b55cb665ebb054f9fd,511229318.25279814
7e844f8a24422ec3b833b4a8,424385464.7750735
55a615a3b3919798d54e885f,855741414.1708138
fd26da8e62b5d1155962f0c5,513697142.9741337
ee9171c496fa78b1461acf88,1073786678.359546
d5182c47a954c964445f25d1,892298230.9755871
e064b4dd7b4e64a3e0016f0b,1024849683.3621029
36753a5e31b0edb1eecb8bcc,613040965.6547884
c2ee475efec76c46efbf1b08,875249925.6921166
3baeb28cb33d048bcd6e42cf,403818440.9191283
6a6d990b9b1bea0f844d3065,1133561270.468303
e93dbc804920c0bf7bcf8cb3,670108643.6738998
b9ea1b9fc0e46ba0724cbc0c,548101515.9767762
95e98113e39820523e95adf4,696736867.0742029
942ed340950f02adf9749a36,551143677.8562282
8538a41c0e0fdcb3829364e8,572342478.4814533
804289a128775f7d1652cb43,1118574115.7890837
3dec1da01706b06f5d6a9266,578464697.2763939
fe004acdfad6ac6b00911ef0,623888324.2758287
6c679d5b6a1c1b74bf483478,713825898.5812382
ba54b5ebc5d4f554bc56dec3,574695161.3341451
5b9469c3ff6b197bfe3513cd,731969945.1432267
2ca6ce8266afc6721d179335,1146363034.3098516
94160aa4e5c54bb479b1d0db,441695165.0988293
eea6a2137473c3ba6708b576,355539171.79949945
9969f6f4bfb29e3a97c2fccc,605062064.8994433
68006626a3321fb0de032307,446987355.286121
2149d04442f73cfc78f93bab,856876221.5322008
01cac7d033166094ab9f87b0,807810579.193779
15515ecdd35e9f175842a738,832415479.5316273
86f1d6fc54152004e69027a0,1101492291.178147
0bcf7987c4b0ba485c44caf9,657497146.0105793
107fffd601a2bb7a3e4a69e8,1042053556.7189739
5a44636153b1d4a74d58513a,553737367.4189101
5ae08e5999ca2ba0a1e2d8a7,1093435192.6793902
369e9e64898ea16b7ffefb7c,765542342.7574195
192b505186d0bcadb46b7032,691109485.8566909
6dde6686bfdff12620f198d3,638522336.6127948
503a04e079773a04f2abe075,984901270.3379982
42b5ebbca90572b9cea79177,613040965.6547884
0b6f2534f862a7ef551a116c,976361884.4596711
05e06a93e9f01dd3984a85ab,547177276.2280904
c6706db3eb4f0bbb0510578a,919772982.414154
2babb357d1d828c49bb89be0,820198785.3591135
3951171501fc51e2d830cc82,1198202134.972563
fb72b8e0457c0199e158e599,1214522270.2719395
df865201353bc7b915b56ac6,526701467.99139196
8d1b3071f5396359c0b6cc62,819458245.1998599
c451b61851c8ae1e6222109e,849466334.9652535
e1c33552eeab60683f2f89d5,1465779632.081637
1d8d51cfdf78f1361710708c,842905328.7275133
bdc8e1a1e06d387f9c7b026b,842905328.7275133
2b36d797d32013a126e15709,740707090.5651761
13b3a55d79b79ea89a73d21a,737811566.0027301
e57ad52764215c3d54740ac5,740707090.5651761
19e11b2d60326895b5e6ba01,740707090.5651761
f6e1752b9f4a0a3c8573910a,735496216.436919
062efee92601be294d7346a1,737248665.8701798
e2c3acee51cdd03b1f211278,845951960.5448614
9390ae5c166e1a976e53e16b,477080859.2989283
db3aeb3a96304f3c255e8a22,482710875.1729694
d353be29e7ed2c35b920f7c3,743158118.6540518
893c1b081e383de73b9f2e16,1005395915.6865991
8302e2afc48d6eda16784da6,1076720637.622552
f1e9676bc91a76740f4e9b0e,952956919.109562
ce86066ad78dea43089d25c1,1128543077.3001363
c89ac55660cee4608bff27d5,563542813.164881
b183776d007d85bef0f6671a,1053350589.2400532
e8872302ba40e4ea413689da,613798285.4983653
0afc6cbb60f34f1cf00fdfb0,982332671.6733737
a811af7cf12afb1dd9b8eb86,800754290.7884414
7947f71467036449efb99972,1158196143.279932
2ead9549bab6f1386b7a2c77,918886134.5050664
b54e8d557263624947f979cf,1077181480.3789918
fabd2201750747891eb6af77,1043974232.9190862
7c3f7b513bb20c918a51dec6,776761399.2008616
0dcc222d83e1bf05f2c2c090,908260681.9420793
3ee3ee47bfa21462a1fd455d,730514436.2456644
1dc3b6ea53413ece15bea33b,944112896.0471729
f44362b932a8b70ad4b99a29,779734375.3959746
5372f93d988c3c917629f9f3,615211071.9039934
5c25ccfc7ae77f1d85981a79,690639082.2496475
4df222356df121a41adadda7,492988559.26049095
bf38bb7a2a7ea663cc8f3d57,615211071.9039934
ad0025f5b240d00936c82f9b,682250019.7360805
2afa66b726ed0b1492b9e01b,805430961.6308141
a528312b77b7f84741c2bf29,676166500.988189
1cbeccacfa11843a256b2e2e,808921008.5674273
d11eadc78d95c96f50b41a10,1088327868.3040023
c918e02b3e6d80125a2db1cc,640154548.8361117
b2af005e93b0242e0f62f298,606571955.0223324
ed9703ed896c6118a3458e78,470723989.6238608
8ed11c1d4e7aa1ccf0ea0508,521467927.0891692
9717b066e135a82feb422181,721031076.5369059
294985765f4d12e51a68a451,1026755152.3683479
edbeef6a08dd17a941634d49,976908183.1179076
26cc292628ce4aa87cd287d6,786358857.5632626
47f7065118bcd4c3878e50fc,666192323.1575664
e369c63f83c44329ddad488d,672426595.9855472
383c0948aac71636973507f4,939715398.8794146
6bd1a412c01387af8810ce57,1327868636.7996948
4b92ca1cee4739104e620871,1386151220.8887234
0123237414f757b9c3809f88,1303661935.575306
6e36550a6ff6fdb2711a88c1,1259800580.0037012
1b5de74aea685b506a952f4e,291207855.2963135
d85fafb4d5ec056e6db9a79b,559212727.0596135
cd097f6cd92275ec8ace1f20,872898512.7869314
ced1f52def08143f0b2b6849,1096598406.4467173
89a03e25c43a555b47c53864,761251675.0725939
f8d64df401009704c152bcb6,494661162.70086455
2a5aedaaad2d908122f28f22,633093821.3220131
edd0b57b90629fb00d036e34,809796771.104648
f8731413b0d976c03b7e05ca,1293149598.2084208
01abe3cfc94be46c1153c82d,981835104.478198
aa7f5d0d2fd5474cc67cc70e,706432374.8710154
4912c91afa6e4aff6ffdc6a8,912005998.2644551
9d805330fb0df9ae73003ceb,864123662.5608063
7daa9115f755a6c70411b9cc,898114799.2547077
f5896513d1cb044108d23785,1541943167.9496067
3ff2a2fd905d81f0422c54b2,655077108.2819722
02ed31afcba033953c79d95d,916023395.1428924
c2164829374d5e880c1a1f31,1123056408.9977922
3f6eba5c365508ac192f2b82,554378251.8490423
3289958459cd87f24089cd14,512400041.32655877
ecc3362a649cf08afef96fc0,561170410.7149258
264e00a64cecb861d2c05b1d,1061414844.358118
d5b5bbf927f763a43190fabd,984397806.3355364
2691d7125e9046e597437f2b,835897398.528701
7cf183ed411cf82df26640e9,679439141.975103
f81107599bc083fec4a13ca3,640613277.7069439
3c2a535f1df831771b859a86,678134555.1312863
9e871ee8a61b183aa9051b72,1069676570.2392882
e066ee04cd3a597dac8ced59,415886007.3521459
2f4ed160fe2a21722e6299f8,666590699.9027789
e0ae53aa3cc9e9ba7ce65f74,721481539.0699294
78d727d0e61a7c8b1cf6fb1a,702484073.4245743
b42f936db049a74c7d24b0ef,1262096670.386234
62e9330888566f1f826e1ee7,695377586.3667912
3fcc5ff04edf753621d6cbb6,1136960878.9472618
d4ae25b207949fbf0df3b404,445915563.2071744
14bc234ffb3ff7f974afc8e7,683060235.0628765
64fbc9cac3f15c0f1a16f4d7,623637990.016354
5fa1c8237da8fc7683bc10e0,735383715.8839144
7bf4beee26ba81ad0b884f9f,535164021.4886181
72a47f70aa99d42320e54787,527849037.3034766
07641db461323a5cfcda4f98,537198411.7370348
3af2a1ec9efa6884a8254d28,906663602.4389491
3adca5eeda4939a5ea11444b,874363011.1772048
37d39cb7d3849a784497ed0d,873557119.5415964
b9baaab70cb83475ac3bbab4,722468744.5007521
74e178e2398895d2288e6fcb,561125584.4978116
ec15e2a131d9724b012d68ea,669158379.1376188
ee042a4b4a0bf9a1dcdf1eab,681853066.8115026
35381d7a5b25317d7588ce77,744197078.8957497
18ac3368b1f6d8f7171b07b3,962543780.5706213
3dbb09358256bae5199e1318,897965081.0943031
4662aa1c44351dfe271e3a9d,972525782.2046546
034a30994bb2e0e446e35957,765397807.6279039
4cdbcefc434b48ba3d51a498,1171714174.6907308
3d3317303679a6a5a381d0ea,1192577417.911609
68f4e3d4355bb71db0f35a65,906934566.8933451
b3c77f4a398b61d9c204f8a1,920887581.425267
3865974fbc1b412f24c47eaf,779111185.8602234
84ab3ece52fe00ee50f057aa,1215948451.2073061
dcdb8d97ae65daf55570c88c,801366059.3724166
7ea01fd99b389d08ca50c0a6,707701783.81111
51df325f026f4cc5ed2e9a65,1557418595.0025487
1f11cd977996d909ffacadef,1331567585.1513338
5ae03c0e33dc7d3e0e0d54a5,772083816.1607555
da88bf5bc2a7310ff382be4c,976083752.5125636
035de58d60807ee2c272ce82,1457381655.3719106
0cf82b1128ebb8d1087b640d,1002113546.1318681
bd8b005383020611b8922147,473541819.8457403
f5c79a564600bcad99c74f03,394643212.41561574
b11672f22fafd555f940a8dc,585283582.2460669
2bc88a5c4bea2bd00fd8f13c,716722317.1487333
b2b99019a929584b4904b98d,1221078020.3153706
678d0e011f710cefa49f6465,550116440.5257187
f7de22825945329521642f49,634968089.595448
79b5a037bea858706838a62d,708183675.5692805
9f339d547d83b4ef956a3690,922454352.0860548
127e197a2f70e7ddb5dc92aa,442070571.6842468
65b8c48546af394a924decbc,498976131.6913512
cdc0c282ee62c51e3a20459a,633093821.3220131
ec824ecd0319e05d1ca6a9c7,645418545.2790331
95f27bf0d25bbcd0d1eb9cdb,690233523.9180559
ac0ee54bdc08632efc0d771d,620815264.1892054
904ad71e7d108930d69a7332,789138547.9661168
7f4e6f790de012946197e0df,692469341.6820399
473cb30713e88ecf782651fd,451694769.6695158
59a309a6af425b2028a2ad69,755373878.6428525
8a1b0f59f86e33a7aa7c2c23,1136447745.28227
1e884932e57cfcab75ebbacd,1162170106.7455614
8e273f1dde4801825fb19742,781386444.1470867
1f9c0f9c3c6460a323171d72,1274498521.5009966
5dba98aa20e371c3947c19b9,1061195758.2471619
51516e102f8d43a07037ed29,914802172.6673768
6eabd14e55ff090e8a93c727,758404878.4826627
e224f9ffc7bd70369a5e8b68,1380088902.1858
35cb50346289f0590dd24d83,927182363.1813041
2aecb598de8c74d9d5108d8c,938412196.134768
69c7e97037c747b93c33251b,1196719876.3136044
b9b95c89c988f68429822e81,616529787.8586129
fa2c5c19c86087f207c379ab,681878207.8543671
9bcd34e7a974c977f65925f3,1713165544.0107672
3611c89dc71078cd0aefd2cd,708183675.5692805
9ab273eca8cd5dd4b6339ca4,637676127.5071678
4347966ceb1770f758cb6e37,941048346.5933845
2a68f627f4dc8060484cdb18,1144070849.3853493
55ff644abd72eaff17d533f0,1469039861.9497917
db563e5a1cd9eb1be832bf5f,1580923598.0985355
a0e9310061ff0084d63dd242,1051457623.5553844
7ff62b2f8a28d60f6c4237c6,1249562055.155186
c42c59e8a08e8657ab4201f1,484879976.13567865
de28370454624724128a0688,666192323.1575664
514aefd8a44ca048a8088c51,777724693.5272999
3d3a318662cbe218db0878e7,633093821.3220131
2714bcd5c0c503c3bee0e0b2,864123662.5608063
5461aeb15c7f826f0ce157e8,606355730.5037978
db352cbc2aa3066ea9b34184,732791076.2119321
22b066e6dbd0f2562a0554f1,1162449335.623803
daf8d6d3f4ba21513341eb3e,1192577417.911609
523605d1fbb75b0c5acec5f7,932275934.942898
c59c2a19b93ca666b7c389d4,688474508.7472976
61e57e5539c40e5ffeb77997,932275934.942898
c1fc25faadb151c73ff254ec,601302983.6464299
63e73f1b8b385d89de1329c2,491012200.35652846
80ded3bf4f2973a5ceb1ffb7,552036929.6898369
e1f5f0e96e5865370423c142,701458768.3834165
3bc1d407f7e7c8e67f7dd27c,780862315.882603
d87c489d3572187e3280965b,1497986185.8529968
110d49e1d79a3534e146b300,764738674.4007084
7baf3723bac87b0b393ba52c,768483328.4014082
8e9e35321545774dc1f85776,766424985.404423
e0d6155cb3cdac98f81d44e8,747230012.7881043
bcf775187c0f5ae1cc0e8ca6,610842938.9089986
a792122a1b292f482caf25d1,531984892.93171066
09fe153b0027697e58bd08b5,259086995.76254126
a7283f1587ffd80f4723475f,347152637.30692995
67a10f161cf7215302b6ca1b,367109258.7787345
f403b20cb52d4ad3f9469ee7,865077093.9356709
643e13f00dfe7787a19b1254,630622699.9720132
0eb7c68fb7ea1e58f3e76345,994719750.1526079
cabf47337c2cd619f12fe69f,771024443.7564346
55c5eeb4861e8cd71731274d,939643531.1148643
363c96b85cf07dacbb10b92e,717095582.9810559
49b59d19432dbeb8921e57b8,1148139236.613318
818ee3b0c3862d4aae6e7776,337636054.5000742
b15c662c56b19d3843737dd4,594038981.509747
03243195c467c67e67a7823e,540838244.0212743
5db50c50b523f3d454e94dc9,916251135.8920087
0798af235e9926b1e7e4642d,611976422.0139725
83852e78afcc4127481adccc,547177276.2280904
7fe25ebd70b89f4602bee6a2,914120533.4417516
175590951b6f8c6b8b4af9ff,483815600.7702063
d4dd48521efc020762ea141e,513832389.986915
a681d6e9ccc7bc60eeaf7e3c,1040263311.9024469
e137b5003b8c8f18892ee9d3,872776519.0464534
90dfa0d7be06e7a1dc15770e,713818512.4747213
7fb856eba0ae98a40eac3efd,933505656.729931
9f52855eab4ca5161f1fb492,802299100.5071824
494580f4974c33d7ce0cdb28,1110175541.956966
d972dc3dfccf2a48a6384e54,1156083780.6790085
7cc8772ebde8902f55e14b44,668982641.4686652
deda3ad684384ed67711ae71,596596197.2174181
b288c52e4d0fab9f579122a0,746169473.0351278
0bc16b384acd3f8263e386de,785243147.4521242
b40d1d2b7c1db9cc57c65fce,890655352.8476696
c2580329ee6d7a03925725aa,847679070.9475058
7e73516d57a251061b3916e0,1114806645.8015156
7749f3bcfa8339444b0a8b7e,503780152.6000026
557e40fdc93c1824b0bed769,503780152.6000026
edbb5db63dbd0452c51047a0,671936463.0336028
383af3a5794a0ec3efe78b2f,673151106.909939
90ae7af091c23957b88de5e9,881230714.4801112
b1d9704dd39c6cef28ae3d17,614539623.8021128
44916ca9b874075f55949f87,808912008.8682407
0515734883eea12cdacb7aab,613578321.5793033
faf9f8aa50d936c1465e880c,1127321636.7031562
f37c9693e058492ec3715de9,691541528.8963662
562c7846b05072561d96698d,722861660.7216736
4a629aaf60a113402834c042,1120271044.8453925
ccc4e48073c3da10a2e2d08a,876375066.1836042
8532c64eaed74b64b4d4707c,648949273.5258892
528a96aa31409c32bc9f1f63,879321094.1790107
36fd9fc1f1d9b2e10c1c6463,472905830.29531443
91561030d87ff5bc0a497f1d,782365100.0114753
eb09010915ee68091d6675d4,615147137.6693703
56c41a58ed5b9864b68fc910,486768817.6645534
bf6005f6f71da582a6fab8c7,635868945.7841257
86ee80cbe81724e6919bdb73,578723014.8332444
0caa7856aca178f826fe90c4,933098213.7656336
9e41f25cf2e77f3fbe903368,1135842449.2855034
019f4a25794ef01294845b51,635372817.0085007
d6fc6059bba177ab56d85ec6,1064197773.4019054
436089e2bf605d00849691e8,752359978.7065518
02a9c37b3d92a6da473c6fbc,613318624.744339
bde81ef5ff9edabfc7e30d10,807422321.7921007
379fcab709c66fa146d3491f,966938358.1836464
28ac1562ebb5050f1492f576,720607718.1643908
e68f5a98070efada9b5538ee,554230146.0012602
80aef024b0ecebb01913504d,466721004.6054098
f45161bb79292e974dc88b5c,432772273.27565736
6de3c3d53d6aee18ccdee958,566280366.1021793
5f2f7596a284915ebdb81a35,392866192.67752254
291fc50c4ffe7935b01e5d9c,437474102.16111404
42ac33321bb1920fe2a78036,567509934.1762836
c8e00b4dcfa2d05d6a7fde26,1046750421.5598929
5c0e328a04f881674ae1046e,956360521.9437693
c28cb417dd28fe4d4d41d114,622788564.9421424
8e160f094a0425aca23f04ac,1108874133.6445544
a8944be7383b5689b5039c87,1115051650.379158
cb7ed5960f325114bd3489c3,994903000.0182899
275d73c7dc0fda7cbecfea89,926087937.1744796
85c24df2d836cc8addd9b7b0,752650812.5100293
0fa87864632b7bbbd161f879,581653157.7811401
c7f422224808e043753683f8,1457266387.6767652
c51d1eff1b6d29b4164df520,1472990819.9170718
b50e8c13de383e64711193f5,465435523.5280738
1308dad458274c698b2fec72,465435523.5280738
6a1024c5da689de67bdfa274,716157464.238939
6e426f60d25aa8a4c6f8c9e9,570065324.7158638
b80f3a46440daae51308d459,802832165.3513677
f59ed9b8ef1726f1a55a4dc3,451831902.0343842
368eddd8b6d39bcc7124a41e,575928408.1773113
391cfff759030283411dfe1a,533798229.60087824
4f140229175de685a0999773,482348957.8968785
cd365053914fcde97b7ee9a8,924956461.3587688
16a05fee8dfbe78d26664c3a,632501207.9897711
c462f0736fdefd319cee232e,1125616993.1766527
b419d977b283e33c0b3da86b,1030561756.5598023
6eb27e2a66d08a8a60567272,1277408475.9092786
7486ef139d41d91423317e0e,787962330.1640229
e663064dd77e3c63ab9222af,1160247517.2834058
9a6849637f1b8332ab289e27,1681102053.0046039
498de85ba30cb01e9c686081,769053922.9098417
3507f260c3c6e195fc444533,728810888.3392037
e538d52c9b2dc994491be3db,376720437.7544592
f016ba59a64f287099fc4af4,611483612.8740519
380ae516dd46442f97acfe14,1126079152.7286046
c97e4d7e08db3171290e939c,804108565.6802651
f7847aaf1491103fd931aa5b,1012953542.807603
08f6bf438980d55b35ce7537,1012953542.807603
a6a06973b5a4c990d5873b7c,702838090.1894603
6e26918c69487a735a639c1c,1153373242.1778672
cfbc690c55e5c2bd8dd9d89d,736082950.5749894
56fe5c13f11813b82dfb04f8,820198785.3591135
296f0158b5cc1541cfc8419e,892279511.0590065
6ed2970ed02a3e50ac984aa1,767933297.7597806
4c9f3af11fa91e729384580c,706044453.1561129
2ce779caef0637db97954912,633759422.054045
d743892816160218a63dcd35,724633992.3857319
758efd6f99db309c67cefb12,558939164.3324485
a4146ec09d782b08e8198e11,881837542.0208493
f415c2bc1bc0fdca091285cf,1372195089.2935123
39ef4fb2a43fa3bba15a0b16,960382042.5486927
874ee4f1b9c6dfd3d2358834,1190656849.3708434
e9d514f90ebff0de1936d09c,703639827.12086
9f15c77d67021f349714806c,498652526.2877075
a600ed86cff36e636d204f39,656715196.8799088
58f55e9bf743e2e3ad43c274,587714366.594461
af1aeb2ba89d29973f73511c,697782938.2696242
bee721e93b8d8e7cb37dc992,694379837.6035501
bd52dc8dc5398e5ca2952473,473116078.4915678
b71095bf5e80bcefafb12d52,682505428.9122906
a7f48fbdf807da68594e9ae0,629248922.8905141
50de04936770f874e1eb86c2,574456669.1748339
2ea47ef8f02712c32613fbd1,665500417.2591299
27eaac0ebf8a5ee99d143218,922260399.6098319
ee594b6bb0751dab39055b3e,505298738.24040645
eba0410242fa1e8dea90b194,991022013.070959
a619d30d6f2e2aa3b9613c04,432772273.27565736
df58a4244134d3493f3c9f30,637858405.6195292
32dd96f4f07f67806146ec46,756350775.7518927
a77ef77ffa731e8980d36b27,715811423.6322808
a2a1665a693852185673f6c1,1046466219.1517301
8267eeb41ed1e68144301a3f,765040872.6945462
887ba6b287a8b3ccdd5691b5,990372789.8194634
1fc94e9dec93d52e0062e07e,972048822.3227177
ffd3d51ecc85abff64258e1c,648371032.606172
3eb79541c2ce9413d2c54736,653788650.2001126
fcefb2186b13c8bc39b17915,962543780.5706213
d4a43654382201db5d318dca,1249904309.3720787
15fbd295328ad698d3c76aec,1108626692.5847235
7f5e87fbb4952caa0cb658e2,731381647.4079541
9d348aa70957592dbc56ef32,765397807.6279039
2ac1105447a71f68a50105d1,981110714.603929
d8ba9eb448ce35ed404e68e3,1223207067.772002
21d42e80f6f818eed990bfc7,791944695.3666999
81c890b0d7cf787a091d4081,792331547.11188
518858c561af5c13c8aef9f9,997464616.4450922
01cda25ee8545b9fe19717ed,1148060151.534495
2c34c1e1655e87ada03f411a,1165160581.402331
48f9e9a87e7fc0a678460e05,889407883.9751214
76ae7be5da1785c37736fdb8,1457381655.3719106
3918fa99179953461fe07f2a,1075310401.7057688
305080502cba05a1c165560b,740870157.3274028
5c3aaf3f75d6d3ae9b55cee6,711342327.9084287
2ab263b5d1ba72fa562d64e6,790032767.8430334
6d13129db564ad15e69fd534,962543780.5706213
7de7a2a651273df62aa6a21c,1046466219.1517301
59f9cc9b23cdea5bd4cc3ae9,1075571533.4669883
d4436ad417941fde0aed2818,962543780.5706213
80ab8d9f157c25b40f102854,765397807.6279039
06ca01d3ff86406e896b6fa6,1033698683.2466059
88f36882dae9a0487383b769,711342327.9084287
da474e23f34cb63de4ef28a4,765397807.6279039
04f968f1873a655fde8702f6,417725682.1009066
1dc1a51628b8eb1bba214498,607443404.0957967
e7cb4cf600b9d931eb295c71,517582787.6703494
9052c644813d546987a72305,547397759.9585682
1e32a8825a7ea79c28e27a8d,516653208.3929959
82f34c2a6644c4cb0649c44b,732826155.3126369
95815bf7c79e4bff3f41b233,776998840.2635992
f64f642775ed2c9f45aff215,973256879.1032499
4cac81eebdeb45eb0e8aa5fe,990286493.0967338
c6da2874d2dfbb2ebab542bf,1172708137.8169215
e7c08555cb8f5c7d0f32fdda,598600197.8133271
10b7c99bee9a4a21e1f32d50,703359458.6153189
f21625fb82740d6f4cf1c325,456413873.5145308
1c3236613cf95c84c5791bdb,648176162.619227
b11c3a4642f7eee2e443eb32,1107314468.675049
cd08976dc2d69110375f8541,698339149.1377203
a44c7ace8ab50de7ed8e5a66,388845548.3365112
fa8f13da6d8be3bc1f05fcee,426511556.4774562
77bd7837b02bd8f2c290c9f8,323850667.9311995
11a79681fb0a3f6eedf11d1f,870440235.2358606
70c3b086af66b0c9db4b0b96,870440235.2358606
64ea18085495f759116f62c9,735637869.6935431
ebf4bda17341de806444ba83,751326615.2410535
54228579fd8812c3ea160341,1078786144.370912
dae0265a0f2f79d3dc010ac8,1130388949.5341547
7340afa659775cc18d83aa4a,915750196.2233502
5ba05f67a77cebe5cda31e74,997666311.4258949
33dfb510aae260ccefa4d349,1153219632.960292
82af190e32398942775056d5,1130388949.5341547
a9b9263f6aafe8531f3dadca,786333922.8583524
9a38e7293e9ad7d8462eeaf7,1443978665.1168013
5852773a80f7f1b929c7dabc,1658586421.947839
52fbef3effd854b0ad0f62b1,1378694737.2063375
0016e35cfd881ee2e37b49b3,837396828.1247957
380759598c614cbe10ae4bfc,793144730.6463418
fb63e870ceb7ff355299f3da,907242828.9873245
285b8cb5e9c887794ed2fd1b,868492253.0117679
f003a46a1c8e04da0052d72f,578577111.4810904
a731b326a61043070c3c853b,610660802.4341012
d2644b46136fd95c0fc2353d,903454544.9356738
8248697f70c21fa361840755,1265520642.5532029
075b5c16441d9d67cf638386,612218749.5469688
6bb2ac0cf2369cd8fd85bc12,949499147.4225038
2c0b3d69fca6677ba9e95327,921709224.6835983
c73ffac843c155f24985e6f6,685877673.0423551
78b57a58368ab056c11bb0dc,1030271541.4427568
90b25b6b913c1bf0396c149a,635616266.7832934
fa29c89363ac9cb59667a43d,1030271541.4427568
eba756e88209c420d288c4be,638522336.6127948
e7081fb59ffa298320321633,981997871.5790948
db1c3ece26da7b342eb7c8a5,1030271541.4427568
f9ef8fcf24d28ce11e71d758,735858108.0521488
2f854c9df6212c39091bcf28,724882597.7433863
ccc66d77e5f68779b1c016db,774640250.3678242
47d288f8f9227013424d6976,439953540.8699157
3e891afdcb568befebd66fe4,639331717.9473679
2d1f036c96e92d9c557605cb,692727035.2274138
dd9d63c612aaddbd86676c34,610472638.4078388
13cf784fb3553f75acf25a4b,692727035.2274138
57dd353ac00d0e99abdb3733,1585362323.1036975
ed0051ae106fd0df60a14586,822793629.0833651
0997324f14c5823413463546,1442057303.8853874
e2cdca1756b1635dd1ac2b2c,759269671.22783
7700df9486a1684157527739,968908590.0029023
e790b21630ab963a65c53df0,630852367.2324102
2bbbd9878a1e7c55bdacb330,585325857.0026909
decb25b7fdc0eb259831cc71,753637354.9059894
fdbc74fb5882051327b3caf8,717317987.0116663
39dee9b1661292cdda6c4823,740019290.6918864
354e2de1e3a81a63e7fae4bf,1063512835.8337098
f80b9e8c51cd71c5be281652,375146399.3494852
a96b19e82d9811d5de1ed0e6,387732926.71081203
5e5ca2753a908aa1b7fe80a2,851571697.6062628
495b6e61d1b887f8b4c1bcbf,546020233.9394448
ad8ac9edabcf2d4b06ba9fc1,708050842.8454934
359f6a66a407e30b40979d2c,1011280933.0240024
ad351bb6437583ec871b1739,711606275.3451626
262b1c8ce7db2b4aca2400a1,869524569.8490578
6808b10f5876ca36f569a4b8,1210010148.3469715
54c74b36962edcc922573792,636354775.9321709
e7fc4e6b1fdb38ffe68fb680,765150291.4960357
1c9325df5599379a73e18053,847619450.095494
8c9bf9031bd378c1105e3f3e,942783869.739642
be70989d473cd731f6d8e580,685548803.9889029
46136f5f078dd31170c58e64,807747694.0340651
7055f85f7749c4646577a51a,441286527.28015536
861aa922b483f9bf7884dac5,437667577.4010131
45f18e0bb676d2495a227dfb,407098461.46150297
9cca7c1e9ff65766c8dd2e29,363540179.54306483
b2b7020e66872c8d83468cec,503987618.9518304
7634d7acd4197594271c84d5,661111608.7547036
11ffdf367d817b582d590db7,603300178.4948541
103687e73b0528ec29725f1e,584555294.4233228
8b5369b126b75c497b1a7b73,643648903.6855552
b33c9b03cc12a253e4936cc3,652062548.8216504
ab177c5d60492f2ff087708a,452521178.6362316
05bbd028f30492fc0a9f35d0,643648903.6855552
2b9fd26383758104d567d474,643648903.6855552
4addcabbe23020d3d0d46ac6,643648903.6855552
d93ba0c32244c455e0f7baf4,643648903.6855552
92b772a38d5e38bb51a3f621,1048251280.7532731
135ca1dc80ae4d9993ec46f5,665011309.9046433
ed5192bd8038c77ed2e46f0c,622815592.1457204
3a878d44356885ea61bd882b,643648903.6855552
c29c69bc6758d5976024e455,617467401.869757
dc486a3d7e9e2e608ab2a7b0,643648903.6855552
1a34acf8e509659534a56b63,953823866.5988728
5716ed7d678cc2575397174d,407008947.7767282
444c68a7a6cd0b794768d5af,698457257.751418
8a724286cf661794084aa87a,1053546144.2971396
ff9c4796bc3ef18ae7bb724e,933505656.729931
35984f749eeb84eaf938bb08,961773219.830879
0998999f12dfdd50c597c6c1,814490468.386772
58bc65fd2e0e4430fb353d83,635235341.6772085
fe483817d899e0044abc3787,676968296.0313301
183a8459fa248605b8b5bc1c,840443969.6545659
a1f0d61cef676fbf798b5473,700128088.2557132
d7d3cd587d291f389ba2e8d1,591708259.9194524
ff8e7294270343a00978dbc2,671783224.3237088
0996cb112fc3919564e87c37,653371519.8404703
f183e3651c485e0001e64880,937685404.149778
e28474959994ea9c0c2eeac6,1094808917.1415007
682c0a5f5f3130a61b5214d8,1048562577.6002117
245663c600727f7c214063c9,656827491.645839
dea79d1b25bb9c78d331e3e6,546381854.1917241
ba212b5f12959e34b4887315,798947507.7704409
dd4eb14b56cb00130955d021,1065639924.7577696
4c94103d4366bcaaee4b550f,800595021.7687078
7bd9cefba3f5dab498ef926c,1308701075.8342507
1d7a2572b466070f08c6e564,707884076.1131516
a38e7af984a471331b2d758c,1063469371.957402
b6775aefafa4dcc161eaf6d5,1018482708.0975083
8654295684292e74d0245238,662487225.8110485
f0ae62ce6eebc4d07415c48d,1141917926.7377899
969219d7b193ac92e7a008ec,914379107.2645807
651d6af0968fc05584cb3d25,692323824.4405534
4f992c2a0526c0074bbcd875,484039397.3218686
9536c686b6ec514d92493f9b,659322762.2486863
5384587ecbf956275d86e60a,383308607.5322775
bab5690da7c42909464cb9a2,884755718.0169542
bc91072d808fe7b43e972f42,360547426.54829544
37cf2c5c1c6fb6e601d2f76e,400282218.56887436
4cdaece5d1dd4e089a99f47b,517884781.1066478
b37af80bba5adc197cb51649,501283648.29410017
552152b60bdc1ca16d2dbb71,665753488.3548677
32354bff9df0267a5e139156,778864163.8499968
fe4a6d7d7ed28b85c5816fa2,1143013743.419449
afbc7773755043a40a7f9d6f,743254523.792785
daf2efda70c6f3cd9257d0dc,640017127.5984608
66fa7c9e82a2876216b14b1e,683125779.9392029
e34517b1563d829104e230b4,383564644.8597726
222a35842b0bc09f48e1d0cf,721232774.5075773
c5a64fe5ed5901734d98a22b,615822858.3444592
05db9fc492801eac98f69c7e,467974496.76811975
6e4ce81e713a571601d861a2,735383715.8839144
79fe5105ed7a7861d3c0187c,342895471.2896429
70ea911907d320da1f7f9c41,579948979.322565
e60024d6e0b5aa52e27a3b5a,662478224.1464375
bb63f086543cde77832bd4ed,662478224.1464375
b3c2187fa96006fecc6b8ba0,366586151.7315511
9499edd83df77bd6a90560c8,366586151.7315511
a947158782fe2832cea53040,1017820914.8906876
2e1608b8c646a102e27df16b,772859314.3316021
77fbf1f0c35c1025ea4803e3,864022156.9510728
f9e6a759b069e04b0cbf0182,961361098.8689924
1e158f436f2a4caedd1563a2,916251135.8920087
67af004f80b08fae38f472eb,607584463.0228913
386ee01c3f7bd8bdb91181ad,1215344110.5820174
36ffb5566bc35fbce9e42679,478574133.1784767
b58533a6850620b0960db713,543385467.4600483
41353584f956b9e316c6c67d,666789278.407828
b1d1bc7ea83d5c584988b95c,574968355.5214634
6b1c0866e6f12f7fa8de94b2,889434664.3340341
fa4fd8380dd2620c672facc5,894740775.2581602
44394e66504a4d77587ee105,709898000.2941005
d841d6a82425710e36460f64,723203297.5545124
33501f96ba3b02da073d586d,516928495.6215544
831693b6fb81df1359e45db7,569740400.4135776
7192b9d32e4ad55f6af9e241,635241667.0814775
4f99b97100d003ba3a2ecd46,634590996.220411
83d969bfc020aea27d2b829b,714743898.715795
39be6f994f2cd3d68b51126c,626756950.2262338
712f16cf2506710d7f2a2e8d,660105500.2942989
7ba618fdb1fe8694eaecb64f,814571134.3729573
d8735967c942d1a7b0cff7c6,733448837.4643074
b4ef40e00d089a35d750888a,1040263311.9024469
7d73a548c2a29ef2d9655e1d,536178516.10316217
63131b8d125073c7dfec72f2,987926717.5928324
a65655a4f42564ac48bdffa4,844325204.0822244
033d3f8ff56907db4c453700,872776519.0464534
05e8878bcb68d03e3b656eb3,975847921.2098671
2ff0775d2c131d19804f2a2e,1005032598.2990398
9957ccd807718945178bb847,838858019.5189295
7bcfd82ced5d6f1ae390d388,545193620.2742599
adcc03f332b427be46f118a5,709202102.8486502
b5dd038cf35169bfd0e62eb7,932804463.767444
35b789e1d63f8f25980d21a1,791944695.3666999
c9a215f284e095850c809425,707638988.8857762
d26efb0e1213e19c378edfbd,903173750.7755678
9990217fa4eae1d1c4ed051a,1228776539.0330522
2e9390c4423db604e1c7c4ec,624811760.3553036
6faf9b6c30b176e36f2f1d32,884257070.3571392
5b83d91f4d6364d3e4be1428,647228202.0364343
0d9616f0ac8b0c2e9e0a97a3,567021891.9802164
9c9fd309cfb505b628f84fab,1190949917.7297935
98b77fc0888335702d082f8b,679474680.9912951
051d68945b95562009d4029c,679474680.9912951
eb8021804e63016fd934c9b2,696987535.658463
ed6c8c45bc8c1d160cf0d0eb,808644920.846293
9fc8c3523883947769b2fe6c,1193476664.5820901
3e9cdf767389ee551b5349a3,547177276.2280904
512effa47a1c7a5420bdcd6e,333512563.3206851
0768e70fbda0e09b88c1548a,509409698.0696523
acfa7a1cb136e4474b7efe32,690707811.4559699
a343e6ec6eadb287711d3834,752920940.2257937
a698d80ede6cf6243fd9ed99,1221849700.9199693
fa5c81237a94f2f78f05977d,735325299.2179265
999c8da7dbed7412dcbafb70,886677476.7743369
c33613eff66948d1bb8ea3bc,725571728.3120619
a642351076b7706a733dc52f,688440783.8888663
c69e08214cb1fbc09ced0971,417103031.83199286
48a20e676a060954308c9ecf,528348372.07767814
304ce5835e685778b1c2b6a1,814830626.8136638
c859144477dcaacbc1654a8c,742620247.7994702
98865eb2f40b8a30893cd351,784358784.5395564
68dd15c8e9b71171348ea24b,1618326802.2678883
3c660885ddd7e98ba5ea26a1,1652250969.2210202
c670315562766401f92913d0,360223470.4084944
777a8d05edda0a335d89e90d,710226416.3601419
81f5c32a2c2d3b32329a645b,560588502.8553834
40525fc425906c9485f1ddfc,531792746.4027614
8b6efcdb553f6e936bd90f3e,848776998.9233636
94dc108f1d146641b221cb81,494372619.8762976
1034ee7a5160fecdb5e8c27c,649010155.3479351
48b34600046c903f0ae4e6d1,1196193116.4135334
edca31377b4f7299f8b45187,1071590796.5109817
b1586cdf68f36926c3bf72a2,406823645.95954245
70b15c2a38c404e62ad05171,406927622.0215876
ce18358366157fa869bf3833,848027143.0107499
6883fb90099426e6f3922909,559664623.7322819
1b7151cf29b565b2f1caa559,857492486.920404
f2ec3a3598c99bb8c38cd680,446781250.8195829
38026eb43ff9876cd5767ac3,470769036.78324133
9f68ff98e302ab06df4fc672,567433402.6200427
2d2ee255ed2144b9fa1fcc39,644722227.2296792
029224b78e8f358aa9c38e94,414550192.92303693
88da5851280dbe750968c565,676678837.3102131
1c67456195075a051513b28c,440441621.5720707
9741ff1b895a038c32205784,956857517.0094914
75fdbee42ec89d428143066c,445337947.64612275
9f27627b9e439fce085cb01c,824039292.6310011
a4a4a57cf20ad739291aafcb,748584637.7896956
84a074517742e09a7eb6f320,587427969.6163095
28fd0437736c1b17c7ea1f33,912893792.5108902
beadf1de0732143f0699895d,654730714.2953867
b027f75411dce9c742c5d0f1,895646225.4100114
182077fd9c5142d503309490,695290047.3640531
b1df92683a593edc3f2b45ad,632044606.3342836
38cbcd7f88c1520fa083af9a,692720756.7914274
8ab5eda5b66a6c2becffad29,696632875.7136464
e68ceeb098f60054c19fda0e,692341823.9698789
e6ac4d158437142c15bbd4d9,1163228081.9465024
a448d8246781ae78dae61619,672109545.8066744
4e878e99ad2fc34400381c3d,653549434.7076336
beaa09cb49a98e8025fd7e8a,575624899.1269996
3df855d8893dbc62eabd95c6,710561874.0407526
cbfc3ca911ca23517da8c2d0,1098141713.3535452
a020e479dc5db78794a5fa77,1139305714.510932
6247fb0e5261d4225f6c9f1e,871624252.0743005
93822a34ec8dcf104e7f49c4,704822141.5906724
17d311554f40ae8b40234c31,680417253.7712972
762e044ce9371d7b8c7acb6f,864920656.3383268
2fad468e1c248f40ee3586ad,1125368571.2164445
fc25df25f4151a16cf0c90f8,970177715.8217351
39c1613acc0ba4fe622c1f31,752434266.4113657
2c15a0733cdb932ba8f2225f,817587244.4521726
1db68ed64501f35c51d74c5c,1059421058.9123883
1d968cecf268a7f14def1af7,1051137188.4084891
77c886207faa6965238b152c,469168943.1522993
86242b25bcb2dd775d25191a,541378752.7190498
a8b457cf82926e25cd862af1,633093821.3220131
fec1212eae4e6369d5555d8c,1179716610.5488718
8f59ec48e38092ab01c23e33,1022110943.7012472
490b89e972abd7e64b5ba6c2,709898000.2941005
f8f217756d32f31faa784c2f,864123662.5608063
1c2ec62e8ebba12c6146a04c,790677916.8103888
2afa1699af46ad8124f76e4e,703943234.042777
8c1695c9a31de0f956e4ccdc,660874262.5280837
d88bba495701ae7a44eecc64,1289891368.2860973
00571815d5a7f208eb3e7737,1430476818.5854707
d626a635ee75c23aee2fb327,1274498521.5009966
7e3937cfe43dc906983fd321,850407399.1686044
ddd8906ea4a22b782c7888bd,1002491157.6684552
258abe0fc321f6b24d37ad86,500712667.2677116
f637a4885488bbd499199148,1003248998.9099741
97f5e6ee143998e0b3fc97c0,837396828.1247957
be4b96920e3aa5c57baa13b3,283891760.6876164
6e7f3a0cb6246f13656fc95c,1222524894.4060283
0cdcd8cd52bd1967dab88a5f,607260163.9477426
83da19e7fbbca11083090574,701186458.9866327
f0cb484eb3f6e04b5b1806ab,695370924.9893379
fbf8b0f1159e89428778c847,515682216.2861264
7c316b981173919b6cae5516,656103571.8452152
d6496a3215daad9089fcd5c6,1378694737.2063375
e104567c1cc70000692f502c,1058975069.4941659
c4476befe0002dcd0c315993,584695927.2807862
3008e821640b33a8d70beec9,728392656.6088109
9eaaf577807d86ab64fb14ae,481761564.36840963
9db120a76af04028d2f0ce68,245992945.6273296
81e1f8b1c0e3b15f2ebfd84a,555253333.7729671
9943a2530009f62cab6b466f,715633014.8722577
a8052c48a500926214eb2e1e,414550192.92303693
3335313b9060ff29782906b6,618180917.3545098
cb93bf58a01eb262cb003061,696632875.7136464
0e04f84529d92f2832ef986f,502795291.37682676
807d7f5155bd299afbb6491f,710561874.0407526
76558d67def95bc708039f05,961249595.1269987
bb19983466b1a1184ee7ea1c,733448837.4643074
34067d9b2b4e45be1e5cfa32,568532189.970566
1c4fab7d9cf798617fa90a19,782365100.0114753
b4d610e0ecfe007c133a5ea4,655054861.3119669
ffbedc0873b99654d10188a3,390021486.94488394
ac413fd87de33153899a1d04,893663764.4763813
83349bba5fbddbfa2db5078a,983128404.4347466
0a759932f763df64a463ac18,892373464.3658929
fd9ebf37acdbb0e4bffd2fb3,588198502.9863086
f725f6ebcc3fdeed22bee385,526741017.7965442
ceee9fd6e692196b960443d8,588198502.9863086
bc10eea54e4a1767881a2391,718963912.7697127
4ed5718470ffa3e5b5f40bae,588198502.9863086
debd031585e9527fe00f116d,1157805078.5227811
23b5f2af5d39edd25db6a522,869707950.3116286
f51000446ab65417942e535d,602916739.3687689
e6ed64435c659f236cf213a8,523242035.6217082
b160d30961ddd3dac16184b8,603132449.6307639
0cad79296edb4b18582dd77c,804234370.2427357
7bbf8e16cc32dec423afa6b3,912893792.5108902
acf98212eb702c79f16bb058,674057242.9843136
1747dd033c2c2769974a06af,724508714.7877995
d54e80ee72354c70cb84323a,724508714.7877995
de901d3433ade456e9edcd79,724508714.7877995
3fea10126c0c651f02de7167,724508714.7877995
f823f6d95b4340e8e4dd0d57,724508714.7877995
ff6fa86afbf9da2aa8eb7991,724508714.7877995
a966f298e8d4d3d580a72d99,724508714.7877995
5b0918cab84af6fa6c464037,703551461.2894593
bb1ece5366ebb2ef9d52708d,344994916.2061534
fa926bec03068764c8545d41,784138653.273996
3bb987adb4ff573ef09b8c12,599950979.59386
d7fb188814d4c118ccd83989,433896622.80328435
ba511b37b4bda08d191c68da,506554184.96906924
3c2f62f464aa5c48c470bff2,668951447.042383
3256c6c6f30aea9cc79b7283,896731873.6387259
9844c3773f7a50c71f218e99,968703490.9354593
23229e392dbd8fd9d80637da,890329079.7085186
e0f47a028df2dbe9129cde7d,1036834518.8609673
a12f0f00148e564ef78838c5,1098830301.7193174
d3ace27450b980262ba9bf76,1655789791.8508382
0668a4a4521c783a2d817413,745291275.3725823
768f69f0241fe339b6f52fa2,779591460.2038212
e78ef4d2b165a8e8781c258d,577980696.4798509
631ecfa47fe167bfaaa967e5,474247981.32147944
954e3065b1e8b31a68f6d4be,1166384498.6674366
e81c5c1b820636f691e5c5cc,635102786.1777551
b4c779732e827ab2fec8e8eb,1029044126.0006969
b58208759ce1402501f68906,813197765.9989324
59805e5f4080246ac1d92b34,997702449.1889429
a3fd38336516b98117e328b7,1261893191.8050263
c0bf06891690188e17ceeb8a,683780774.4976925
efc8ccaeb09a5e1bb0bfe011,658488261.0749456
8e604d41e0cfe9c93ad536d8,1228871927.5832863
f770b66579bf2b55a714c43a,696415231.0090022
4e01f07ee4b1241360de460e,1210765969.0379312
dba1be42bef913f35a95735b,651630996.1568316
d839ca90c5df85e5cab54ea1,639876904.1754088
ffaca67ff9f0d7cbd5bbd295,1332494572.2642343
6f17875bd3ecf00566dd5c1b,1046932306.1374729
10d01825744060a7b777ee4e,559554983.7465259
185b333862e7420f25622efa,1124275878.0906098
7f7141f5e1a7964ac6dc688e,1215594041.3894045
adae78b82caeb073d84f02ee,1009121723.2699864
4c0f9275581b5572635613a1,550328108.8520269
9d6810aa1035e91b72de6a26,520688988.41453
069798704327652a899a189d,568231710.4800427
2f34de2546f13e8a9dee1edf,606579094.2307043
8147da5e5f53a163443e8506,648394613.9421873
6834b61ee23cf04daf4fb83e,997464616.4450922
59cbc0e7dc6e6922feffab8f,737279890.1743662
7cfe5c3f5cb1bf095eb2c503,986675732.638728
d916219daa90cd2d99edc609,676103209.6789694
e78ad3483c5aa5a7a4310720,703224690.3260235
d048fdc255a5a7f474d48c0a,1001926261.688594
b76a3fe6a49dcae6e6bf5815,680222504.3114831
75fa60dfb737ad50073848f2,708208811.4920025
83c1d0e2b8826844416abd9b,667499738.1389246
8c02948b66db263420c20d3d,1088452707.701299
33ab442cf58cfaa33eefb6dd,285958228.24815714
d379dc03d78685ad14c647c0,722116412.1433936
5e36efb290bb265d81706bd4,524949733.96932435
db534a5f57e92d29b9e150cf,1011966652.5268675
5354a816a7da90e205448832,605061177.3076088
f0862f57dd6be5e7659c65ba,530470751.605802
7d58eba13f418d890ef563da,763423874.480217
c2fc3f04c3870e14b89d5fbb,633354860.4390137
15537000b6806ee84d4615bf,1001926261.688594
e82508e88e3f62fc8e67dc16,918922908.0256592
86ee57ce617b2be312a9efd6,785277235.6276155
6bcc29a0afc735bcf3621595,796836035.56178
d79e2addf7c11180be222103,1362903836.9104085
adeadac88e573824f08efa21,905029749.526969
922c37e46fe9e75e73fc1f35,590822610.7883974
5d09f2d1cc5fec761ac4372d,994719750.1526079
8c5aa3c826f325a9a6c6f524,994719750.1526079
fd0c010fa0c4b84dc75ede86,1090792184.5329547
c23150d0aaaf932579561998,1026755152.3683479
163405cd6248bc3e832dc93a,607139597.4860994
eed12d0c3e65e9989fc4f4bd,690410374.6795504
e6fd53315e92a55c6b67405f,717095582.9810559
7a3ec914a15b47726567af96,755358000.4018368
7f02f056d5eb4aff92b44659,535387756.5234145
2d5d9119602c228b333402a4,376934419.37256473
43fefda5a3b0781578d9f2d3,731687755.88075
513211d9f07fd6645711ae31,607443404.0957967
c3e1e0d2618556de7df13403,652791555.6794187
b4a4d705930d9afe896dff17,575813136.8261386
e44b023e39910ed29f4dde2d,1082006310.2833757
4e78d095988a92642a1bd18c,593618660.0254977
92507b623f039b4ef5be8870,730011330.0251929
e216fba4bffe753a527ecd4c,627626789.8927206
24a4199c17f9c56f0b3ed12f,674116276.0864447
6bbf09c3bbc3e3a000cd2afb,605491785.205137
b3d45812baa819caa1400255,969067347.5209856
2688e4cd1fd441d1da455504,878468839.2264233
5dc1fd6ec7ec8c8af71e3b6b,767269792.048306
f7b7e298ca8fb75e11e92999,661701490.575091
05b71daf88eff5ae8cf5789d,903882615.6307244
e8a7ddb4e5d43d156692326c,1259220138.3515823
632820af2a0477aea5ccfa1e,747699290.1755247
43a3fbb8218e73b956ca50fe,847410929.6030339
398c195aa41ace34a16b0d7b,1218421285.3572164
ef3887783a12f591198d6c27,842278717.693786
e6653cc1c94306d4e56ba216,617455883.9639574
166c21ff83e97c6e74169d92,1181443080.6246855
d0fccd2708fc7def00c72317,1080010782.2402961
d66bd7e4bc7b51d23af57de2,1125078072.9411888
8b47b76193159a21c3580a3f,1159177901.947611
448d159391c38e4ffcc405b4,687883264.616922
9ce7fb3190866e6a02e01e26,554126357.3941205
c25f892c01420855f61c3dd9,513697142.9741337
2d5ccb12ebb6fc7d4ba462b0,613040965.6547884
9eb4041ed9e159ec0d890de6,513846374.96020967
c342f6492f90ccf623e8e8cf,640629067.718529
c3a78d9bb10165d9be188394,771186105.9890463
1978d8fc2031af21e98a4e9e,699739429.4596313
d6d581e852a025b61cffd6cc,1024849683.3621029
ea28f68a1d1d81d29b88531d,618276687.7230961
a3cc0422a37512ae124013d8,639630559.1088039
073a3ae443f3333f0f526f7e,694949752.8142838
57238dca767ebf3a842c5f10,1183825339.072291
113887ac25fbff9d30fe8d35,684855008.1026351
fed1a50c562ffd7f30451adf,880372089.5939405
b1e9075645f4b374c7301346,643425981.158739
6517c1efabdea4c1f93078b7,420285817.533451
b966fa606a3b50d3ac7249f6,1491535320.1642494
e0ad3e9588636f454e9e484d,751839045.1582735
d7ad46cde8eca723de6510d7,1050858983.1299723
447f51e37fda773ab748814b,951137819.4746122
a6b992c9bf4eb32ab3d1df4e,589637689.6441845
3a9c7ec02f3e7e419669fee2,406673469.7213725
c908280d0461c3585af94d53,1012459090.8967541
b3616a055e722e3720cca48c,986896708.8153298
45a8f6d942533794501d775d,761974286.6617932
b6da1db3aa02debd11e26edc,617391843.8799412
6d12669907d7d80d0b458a93,680977546.2341882
5122b2e9638d3438434fc56b,1397507522.2602863
6367a127b452cfa27043f74f,817710076.8648022
fb3d29813052141c015669c2,959786439.0904588
5fb76f2095eb1a5cacc2524d,536844906.8687426
95632ec6578a204881694dc2,551661085.2605919
846b75324c0f3cbb027387c3,954358531.9305309
940dd8311f2b49d4ec212fde,674353109.9064101
bd0261ab68cf56950ccdced9,606058863.1077323
f79f0c23b5cb96b5d022582c,723356682.4546
795cd68f9a5ef45902712524,858816113.738018
d908973d90db91f772890c9e,320380762.2914314
d670be6c848b1e92abbf415d,432772273.27565736
87b940bd3dae37b9fdac5d4f,550923300.087295
8a7ddcd0c452e7993bc5087b,446606013.21349686
8925e22f8511be30d50545cd,973434582.4643146
1342c307971094041c9c240b,727343642.573854
385488342bff3d3587250c84,1039310526.9851547
f8e25b7d7e93c45df1b3a4c5,1472990819.9170718
fa4f331f05b1488990a69ec8,1443978665.1168013
a71d187784b309d65cea0b14,1633079177.4995315
0f44b84024412099f27439a7,524726863.9136186
0ea1a5d32324d270cde1993a,969025471.5661962
b13cdf9314a34852e8db4221,678094385.7798179
75e0815e2ba7269a10d9786f,425748837.6016368
f42b6680baf774d27fdf1e48,681537662.4110258
5cde1a59393643d7ed4e909b,988870330.9438156
8736dfe0f1c6e2181b0ee31e,845781710.1596032
5859ec20de4a5036292ee947,977555711.5381447
1eee0ff52c53f04307cc3216,838661510.3313965
b455979bc938acd34a580eac,1094605638.9279022
6921133528bd6fa3675ce8de,945763332.968254
3d266736d0307404a5804073,574747289.3388423
f4f6e48b618064ced466c302,529558988.7629823
dcf606270a4612aafc5f9f29,633019931.802126
5e455623c380290e0a8e4e48,535164021.4886181
ac3c9d9357fbe72959817602,561125584.4978116
f48fb9d9c42b0ebee72cfcaa,526471817.3831243
dc99f2871bc05ea7e8a97d72,1094605638.9279022
b5cfd5eba0b6297cefd6d3d5,939344222.6802565
0dd30227247f145bae82f96c,1020091241.0252192
9f347bf53e4ca4d264a45241,632501207.9897711
81406ce289219cdab015549d,1012459090.8967541
a085fab6d9b9d8c24472cfb0,1397507522.2602863
1fce0e993a57a3e3873b8d7c,1331567585.1513338
af67d51867f382dcd9cf34b0,1244002345.8141565
432f082ac51bb0d39ce45b0c,976083752.5125636
b6281efabdbff697d70925e6,1361584076.6296387
9215d29512b14aab6178da01,1681102053.0046039
6218a5d7267f02c576e5bf16,948455817.5079291
d66cca2c8e08c89af26e7622,962543780.5706213
ad3b4ae81c322a9f91381bea,603777716.4060456
3a40bebb521445fcd32cf033,912759363.2286016
c1ca38f941200a9d666aaedc,591319588.3619577
a1da74ec074df16a1e8690b9,1387940880.3170507
502154647e351af240615b98,717219600.7362443
b57cd3eb0290984f061e1053,617280654.0640125
4db632fdebc000c9e64a589b,660105500.2942989
e380184391898aaa2d3dc540,786594110.3555479
dca45f1c1a79ea5ebe639920,818861543.3342923
961de1cc8601447b03682e1d,967865899.7892406
60a4f09c268e61fbbe423ff1,366586151.7315511
c3191b6b40191009ae9f4b7f,939643531.1148643
478ac408d2a5c603aa23cbd5,1167220889.8977377
ecdb747ee4a3ebf958252309,445915563.2071744
6c36e346957e336a33a7708d,970151453.4478307
09b18e3f3cabb7d5469a8d51,908247273.4406358
f1a5856ba56e7b12cbb9459b,536905103.9019352
c378ef33f40f8be9263e517b,815761092.2347144
b45911f1875da543199e97b6,901571648.7500609
678c70903bcb6c90e3578d6f,1189908116.1607738
be22ce55ba31cbf7cd285e5b,667993543.3521752
2dc58e6aab9399e9677265a6,1283186432.5554857
dae55582e86b1f514a4ec3bc,1043061263.3237494
c119f62348e418d9ada13362,825650894.7928162
33510511ff07dc7354cca7e8,703230827.4097533
16b79a8af9d6376c73c2478e,1147193666.8086414
714f90489426e80933ef31b3,549145303.4777502
6c8e1cda487c9841c8d297d4,910198007.260941
6d9c4bf994147d8892d27f27,947224756.4332886
1b300634b71b898299c54671,755410192.787868
181caecd269e115cb5cfd75e,596921821.0473847
059516a91f938d2e8fbcca0b,696790126.7446799
c42ce8f9f62f7a315e028e3b,539096124.1838695
bc23e25cc246ced4731ce5f5,792872835.6235284
de44f54fd6b1b62f30956f5c,727229501.7307289
2ef897a38b95d7b769856e78,892085765.5790454
2280b5f7c47c3b36924b84a9,703347072.2193289
16ef7eaf29eab571e229e537,1489921380.5106273
48b1f800656bcae6a9e70802,596864193.900411
b4aa025f8813a3f0b132b7e0,583930447.8349496
3c6092e8458ee81aed0db0a3,830100463.2978175
d919dc64995903c9120eb61a,708840163.378186
ef53741b01120666a08db213,974888295.708666
c3dc5ad23dc8cfce0671adde,671701515.9091886
a270fe47ba30ef0056ec6c4c,354200992.96650416
f550bc7ab5992a6fb48eb60a,1202859305.2654397
28f980b3c741866e0db5b761,920746172.2787112
c2ebd39857dbbacb99e6cc96,698624430.062707
bb9fa21902daecf876c0467f,905261286.5494739
fea142787b18327108ee8929,751929762.4762676
a1647603f732f97a99f5ec6e,1196566021.4089987
775f25d8144580541bf2746b,717535935.1217347
527a8fb085995119f846a5d1,799429834.4270126
8b69bb9fd7f0f19a248f5cf3,893008367.2927374
3b14b48188fdbb0917414039,784138653.273996
02259637b8ef1311c69d3d90,1083343029.2197227
50eeed30ba674cb079689afb,530311250.3807626
5fc3634e1fcc96b9215a6cd9,1079649144.1100972
23cc24e23a1d74159ff78464,826555833.269046
44551251fe345b31ed71aa5b,744029445.2747175
82ad984f02ccda30bd60da8c,799862130.172961
5734cd4805f5c055d36ec645,684840930.9190792
fc7ecefb27bbb5c3e25e899f,409646921.98178595
5ecbd5b92092264f4e9101bd,672521409.471155
83a8d9df3a535fd273b27c15,1184506888.996634
d76fadda8063e44483aa024e,796474473.4458979
a15bf12a6b8749ac8f9de19c,431664999.7945461
a3f32d81f4cd99dc85a16bcb,639337581.637201
4029115038a899d98dc93d3a,1254843392.897404
2326bb628b4a571921eb7345,886805684.0832716
471d6fb8037049e1e4d120a7,926971847.8427855
b73945103f07da807f7a30dc,1098830301.7193174
d6f4479f9226e52c93d70eca,548920856.5706534
420b03095062d9571144a276,1132477845.5830715
ac0185c8f724ddd40bc0d235,547431324.4647913
228280554ba149e60f81d639,790796687.9918257
8a44e15417d8e520a99454b2,516108845.50129205
8978ec4c5b2f02fbc1f57820,1280269527.6361582
2ab88dcecdb565b6412f5bfa,763650464.9720854
1dd6f560c804c4548561cae6,1202971866.0812106
90e94b7e392f84e01a5f1551,1020571337.0969075
84aa7d1c2590f37f0fd6dca1,495866644.9029556
0821fde7debf7cc445434024,636053508.9242826
b9973b07c84b99dd1018050d,486224263.61944836
169013bdcc2ef214e0163ccb,671387238.0592849
3c8eaefb3f5dd8d4c9f5386c,765040872.6945462
42d91ed3f3615247f57ebecc,1013659199.1133939
a7f1397df30d6521c216e331,1101911485.915499
f6c6ee12e338b1f9730b6e2c,427984767.094526
8f4687b666256e136148c3d0,1045398165.7284404
925f83e20a153a1e094bc606,1157370816.3742914
cd270a11dd8257648d1f0444,706769149.2492815
ab11db71265771ed4d9de64b,464891600.2569899
ec199e33b7557dd669fe1aa4,305897878.8374827
b47fe4670c6b065a9e1db429,558248641.0022023
918947d51e52e0caf692f22f,566907071.8218582
070543b03770991d65cc337f,1123402525.7190766
f45dfcffe189327cb0d303f2,1055697269.2615837
d2e7484c81358d4c79f040b7,696955140.9237845
73ff3a6b0cf4f7ffb244507b,1115051650.379158
b0cdf05097df437354564bc8,475378725.1595215
33ea5de5e8f5c639a213414d,1083723296.053886
c94056bc09a4bea0e853cc41,666684388.8806388
6d5a91ae44cad7849dc4e969,807604162.1853281
b52e0738dec9d2f119c75a9c,731470143.7611817
0e35349077490a01f25e2ddb,1168417935.2302465
9a5fdeb5f389590eb46e7aac,955419836.4546864
337c81be4cb14d494ca69db4,798917463.4113922
ff28f1a1ea72e21acb157f08,1077330469.0243807
e83ef75473fefbf8d7e52302,389129235.3641605
6d3e508ff42615eb78862723,666365920.185043
3b7ddf527979726fb8aa1683,510740736.99148595
7b08cade91e2be20656ee856,681444343.0410329
59cb7abb39785d5263a156c3,1063045073.2784865
bc48ec7245297b4cb85dca1c,707975659.4055355
0f366a36001c0766521b9dce,687937652.9809403
6ea022e53741adac484c1798,999631331.8726685
aebd6304298f84e7d440c379,1572165318.8658755
c5b333e454ed6e93ad32d96d,826500595.9844805
bcd31d201096351079cf7ce4,515213720.69886386
46cf5b18fd7bac0d3332d70a,954119669.2062346
1dcff645d389e7b687a498f2,939770921.7755544
cadbfbea1d03e6538af648e5,571546343.6692104
9dc0c6ef8389978be58daa59,945526982.0955946
fdc00f6ebd155e84a387878c,473214810.0647038
99c1b39476ee8e2ebfff6ffc,1036910712.9945576
8930f231a5b9d8db14e9c656,727881584.6504726
2dee15f1b082bb986f8d9513,744970604.7206666
346c734ce163296a07526a35,738767181.8311641
6079fb3769f843e99b47988a,633431527.5476182
f5802200af1d28eb48466c1d,606422405.4981654
1f8068ab65469ba56a1f0c4a,606422405.4981654
1ee45a731b6f0242b6d2936d,633431527.5476182
56b7a6da82134b135fb7de2d,995685701.0662323
340c4d762f830197fdaf0977,789933240.7591265
1bdc0d441e63089737ac4c27,576585181.9670501
b3d82ceeac64b64142286375,583373701.8621361
947421747f33db213e6b1326,610424226.6418028
bfdbb7aef98d4855d459ac94,922454352.0860548
80e88d50c151d5534a57f61c,1050629312.7543465
d0f6e19e92c03b40a5aae3fa,1422247112.3724577
6e2a3e49dd6434ed01eb5e71,783088160.7650225
89e2d612654b3c792311faf7,642656299.7130369
29425249fed4a74ada083dc5,495599688.2465916
fe0182e1795e2b87eef4bf41,835220156.2156184
dc9cd30b760a1280e0318512,714092166.6557142
d22313a06e43b8ab8f6672fa,519238594.96297234
f91cc2e5edcbb704c293084a,1042417482.0386727
dae776f643e809387148900f,1400954129.5734353
e55634fce84f78466095e730,556150323.3266865
a507a938532411f06c57ed8f,1101351661.3898165
30f3b383f2d5e4709c9304b1,744673639.7249606
aaa43db51d1ddea564d1bd2e,572403302.0453418
b3e76a0a1fcacd0218c17908,581586077.2306422
e548ef7a5650696c0e968cf3,856054695.1386982
939afc1f6250d528b0be8e3a,941887240.1538075
405baee61afa4b08dc25e586,1013694634.4324727
0c4781c598c06d538c5fcdf7,918478613.2930778
fc321e2d9b4e954e80805be2,994447551.0394678
dce18d258c352b7edc60c304,620815264.1892054
7b0a2bd964c04d01387d78de,1051376970.872784
43fd6b5cb01d05c9b1db0e65,809077216.5530462
cf0152b0a5e886e8291ef4a8,1254095464.4837995
d05030b0eb8931161855450b,679092759.072602
281ea3a3fab48c028721ee1d,1034470292.082691
4fcba82455866a6931590dec,755373878.6428525
ecc5e3781d5e004ceef8cf76,1271299176.4603295
409cb370961c60bacbdf7416,305897878.8374827
54445913b2dc2d6ba35abc66,1078611971.207429
51a8c190ffb673d4fc27f4e1,793249076.873302
80e7c6b194b3229e3e2b9aae,866882920.3035624
bbfc9b05caa647bd95b3c88f,595294303.027759
128cb9247755abf5f2801431,583061523.6872263
ac180e846fda5cd7f1123f6d,815303925.0933204
1e7173670334937dc61243a1,1212148256.3236294
c2555955d5175b31e5f783ac,843975087.4123683
d87bbd60fdb8b84a9fe23ba7,550326813.956828
825012911321d636425cd0bb,1542044782.1274045
54561e6ed5570577ea97eeeb,957606332.1931295
3a2a2df4f07902b04b809125,726125381.4717432
ea7e3ba584cc5ee45ff8ba7b,1146363034.3098516
25093735f186b70beb018317,876687178.6554037
7fe1adc0a5873cbba4b021d1,1261300349.1903956
461749398bbd48d69b444d7b,582582031.7653602
eb8f668912b70fd554c8c723,704960525.6397303
e2f00293305c464b361b6178,474453224.9642504
02a0a38b45e1b196165b0098,1176748993.2652698
0e6dc789744b678028e74d56,647549929.7994492
58954e79191c62ceb1ead100,821235843.6389601
23aa0804aabdc61650b8562a,996072925.462386
ef64565957b5278185b2429e,552095286.5331953
253725ec3d7939088faf71b7,494949828.32592225
a9683df184aa8b4ad5d0cc5a,776030469.5337112
3c38153bc36b364b92548965,816947984.5964813
286cdf6dfcd95ee9edf73a93,358160380.9447264
df93a6e36d9f19e252fa9de3,930491462.7399
586fde402c82c1eb5a74d634,505333709.90041804
5fd3b0299c0d52e48195fbdc,461401757.07958084
06d33fff99a62c330ef2d585,572144283.4237103
df98fd10dd8ae59956994521,567089219.6294874
361715cb422c5fcd9125d5e6,505471355.65307355
af68665ae8711d009e8810ff,697913737.1785368
63f3295df28c02953241e2a0,596844956.1075943
62d338c26b44153bb075b234,1283426739.2090874
41a269c661f20e443a7a25f6,976009531.477921
c5a8695b7aeba06e46266959,618056092.9501877
17e5796a30da5eaf310d02b4,534883283.5152019
69acab4a6f82ae943850b9ae,577689977.2412664
5fc3ffb33090bf75a81aad8b,630644892.787781
02d89daa77bb313328fe0c4e,509279133.45938057
6ad1fb94accb91bbc30449c4,740346492.1571523
a1cd215fa99b8776818d0b0b,383538153.15892005
0553a3aa7d961ada6dfcd52d,531826292.48039687
c6ecbe7b57db2db74b0d788f,998021039.2733504
a4b23fbdbc7bbd45c5ebf80e,872438663.7401179
3bb15c6313ee70bf4d88f4e0,614477029.2451649
e05c52c9c8fcb792ace06b61,685681001.137787
5fc77edb0e5bec0ed8e72a60,802114055.3985701
85e15a0a63ffe482c68ec474,1406230192.1255734
859025f2f41efa521a74a00c,652892623.4229898
1672a21e6b2d8d0525df1759,452280187.44651496
7d4097722aad95158c51d24a,655870202.6748842
174fa597347f2b1d3e9016e3,764721496.796455
3f081fb77ad08f8370569bf9,500722581.8117522
74cea4c9dc0e00dbbcff8b1d,1145462132.7200863
4f5de1bc90694fedd216ef40,1422217642.1643023
8fa4be9ac1ef719dda1f96bf,470449313.43926907
3db3b80a902c10004cd3a3d5,1362960655.929686
bf02fad806fde4e3575e75c7,935429567.0765526
edd2afd07fa1305fc3126078,480902327.80587846
bd5d2030639ef16370cca032,673971722.1053544
87e74ed42a2c8c97f7bdd239,1129609486.9324691
d1c6037d0750bcfe47d425a5,567514175.3857213
763c9a528d0f99f34e5b0031,448499167.4731481
8b674605311d296990ec72e7,496376669.80411166
d7cc3d199e538258fcc83f75,532601450.32054526
ec6ffe86e9ece6fc03556ea5,534792466.45903593
9762ecd72557ad6728274e1d,932198419.8319979
49a2d111903c77053d44573f,537024820.6602033
d06ab7503c6deaf9cd405f66,1580016899.6290472
23e7dd821ec2601ee2c6e353,1520343282.310072
81519727c7ad9f60d2c5f224,1120606601.457502
a4a5b6a844c14b4eca92dc49,1382196799.5121136
7e647c5e0a7d95ce87cfc8fd,1106586041.965576
7a1bca1ed03e7cd0e277fb95,460019046.71461785
03eb8da7205428e61bfb2845,582619205.2017814
82780776619be0eade3d72ef,432392704.0849446
4c03afca943c3f2484b8db6f,460019046.71461785
85d731901b48348f57932240,790257908.6714549
739de8928aab4ec77a1ecb0b,650870974.0519588
7f45d3809b08bb32a45139f8,519013858.44159997
cd14f8aa1613d754221c4735,671329351.5959858
537a9a2dd0ace0d0131722a1,777186511.5990514
2d4a781f969a4fa2a4f04a7a,1017663002.1430067
e3676f99542f27c9037fca29,730837216.1886392
bb33aa4f1a7732fc8ef19039,413852451.9899305
9f11661702873852a3d65ed6,460148338.50562596
d7f22a4e6daa572583e02640,397359919.9788849
f6ce37c42fad91fce47758aa,379918917.17819035
f57cab248d2d832725d78135,770066781.9942806
9d73758bf7569cab4837e49c,600112533.303607
322bad590ae06fb48f80c533,558823319.8941013
5a7b67d4c79ecd83b7ab66e9,1042702847.6036329
8dfd846e6df9a040ae1188b7,414342662.26311266
44a587fc89d6b6489157ff49,878372156.2953516
f9ce5b7edb104d4e8407a344,643773252.51153
73786d11f1fa714aaa9f1f90,789839229.5743461
cc72295ef156cb2d60d6b10f,1287430054.3232431
c9851396352bfeb05fbd7580,1577525602.9767077
b3561144c745ae3d329dfe1e,522982122.84071136
7ccaf332cf87e07b38b340d9,1200739320.9911585
d63fe229354bef8b02b4a934,805785211.072537
2e0a8235637e98dfea862909,705099656.5444356
0a1b14f320e330b405b27a6b,1216230970.0794055
db41266d7b500a6daead96cc,493702758.7931355
364b8b8759e3c408c4005021,689891618.2731214
73bcd7efb7a25587bb1c31ff,710291727.3366047
17060f24d81fe2661c7628c9,720385565.191929
98318f22c00ab335d8aa23c0,977053699.1357602
c926feb307c493aea729001d,381381833.5333209
58d92e8a26589e37b7123716,682455249.3949188
54d11dce9374378326f7ac62,589374660.1940806
8e79eebcff019c3362a76a26,991857145.2571304
02cb957c3db9ded3691a9004,569930054.3212805
561689dc0f267cc5011ede3a,1108484844.8152342
1533da89d388196f19e2c5a3,1087642655.8535094
069ddc5d1f3c855e6498ac50,474404124.61743635
d3aee2a35856634eb710efa9,1015404794.8396231
4bad966abb5e8c4121ec69fc,620612011.5272893
f059e39d22124eb9e7e8e20c,777904426.3365451
3360f48c1ec30dd1c3175101,578100827.2810158
2218c6bddc994984cdc6e567,497480452.059423
c2a9b4b389ae6f20140e21eb,860253685.0636495
d135cfa351ed6abe4ec2033b,671387238.0592849
668e5bdda1f4011578534f54,1111127687.7786007
d2aa3386ae240d7387424e07,628678629.7300055
e4f2ec7e2f4389c1efa52c0f,681130472.7188622
d4f90a6b73b1e179d3f8eb70,706958388.2873067
5738bc8873b341bf92ece0db,704858133.6565536
2906d21b1d96a1ec43bab50b,980079491.9306939
4e1bfbbd8689a95fc97fabdd,545041548.2350931
78410b0193dc989de2d24da3,1062281854.6674851
fd7f194d9929a6f28ea57cf4,529929644.95499897
5e7ac1ffc0886c27471d1a54,964281570.7767035
879d9e3b4ef9063de41ddaed,799993886.3006817
4bf620c6c6d4c916bea70e81,685103118.7026554
573bf87f57db6e037aeb94b1,727849187.4433433
3ff7b739ce65f0b3066806ba,1183709079.2010987
a456f85bbae3f189ff424e8f,809407642.6162328
6683685692e955a8ff172c89,843862934.7057534
82e1ae440b386c7da3a580be,891515066.1115997
efd178c4aaf3fc9d05b8dbdb,545077120.7041472
55ea155410b001104518e992,540611619.7316585
32a10e550bf7095627d17da3,586176461.2633855
823124264778e5ed64d8664d,668620410.3604312
fb01d990afd25ef96ed048da,1529927766.7763402
df22426db407f4c660681c7f,601234210.9299732
44fab96fa2ea501e0b94548d,1240509698.1467166
871204bd1b3505acfa632954,699083906.6359313
3d63320260d150d134fe8648,670221739.474028
b8b9b90d5721a9ed5e72b328,732897530.3896617
926d12cfe05643554837664c,375966227.2125464
cfba6db03f0e38d1aa0802a7,655630283.4760458
97b12012ece8a740944aa547,867796106.3387613
8de317591cefdbc375a41483,700439002.4435065
46d34fc9a8edcc199a537b30,1123321855.5423787
262e3b4091dfa6b71af020ea,1250617623.4071143
396761edaa353e0828949bbb,649761937.3804345
8c18d3417886c150136a03ba,433864104.1078939
f053d3918234bad409410755,817038264.6828585
8f5444b81998e52ad76b3ddc,815989897.0886135
0daf89cf494e0f40a94d3e5c,786754824.9928313
dd8c289ec872be3fe3352313,663120147.4907296
f02f6c5b97b8e3cc5d5a74dd,654891199.9657323
5f39cf56c4e1bd43f61ecde4,653164865.2184819
5e187b07578d582ff3d8e189,763983310.2743746
bd018b302f732baecd085ff0,735278073.3533413
674cccf4c7772d6091166aae,1047562948.5697589
38e84c560b0455548ce186e4,780742352.0744478
d14173913bf5ed21e3ab50fb,472443077.6857567
cb8844cf2070d8697bcccf27,481852651.3920704
6b44648a905e7f4c0de6c855,503894255.6653391
148aedc984c7f6831c7f9601,529642240.7761591
ff9d1cf7bd90c5e47a0bba3f,376550672.5993737
9353136b0c791bec58f93ad2,620229249.7388507
de2137c70bacfd5087bc5c68,673182980.7079774
12bf6b9badebc2902cc11c62,451631204.10631764
c0706c78d5d98202dc24e46b,1000142849.4106686
4394a27b21889bf78927ddf8,480924755.4853135
0ebbe9d3831727f90d677ed0,1106717153.3354695
caec584b5b6998684bbc6a70,549063328.1858628
0c302f1c924f8efe0b6bb58e,700442506.4483962
e056ada7a37336bbe878f38b,939554574.835038
905cea21c0ce1cae97fe86ab,848418181.5853536
e286b12e5aa7929334322842,850832005.190546
6cd4e68300a8bafb9d22700d,970532515.7745694
39124b1ec419566a371af8d4,824995742.0580125
6110b5bf07cf38c437c7ca8a,1445346526.5685647
6f8a22e4dd21f44bc6d383af,1457610913.7541366
71eebcb108c4828b8bd5b84a,693325430.9875423
5d61946d53efdd9bd0af140b,832826888.336254
c0620585c12f3d9f1298696f,641569359.6909091
d27283e3c941f8fc256c3f4f,546366782.509335
2acc857ede19953734600dcd,740285044.818528
32474481a0f8af34a4edfec9,644439618.4985415
6720db016112cd2a4a5e0358,576325442.238122
959d0cba47f650933b9a5168,1192170556.524563
32d2c5f1707b00c93407a19a,688452607.9511608
0ffdec8eb5272d9fe4775251,588523648.9193028
c77d7a08d5b9abd4d3082fb5,753864287.6503812
a3021c7c465dfdd38cda9f9c,775373651.1119163
aa24974831a0c608635bbcea,613535261.9652165
eeca3f5c399785a1cf15b1c6,677294516.1185057
0b51fb3a65a86d7799f27264,525761525.0860066
1af16b7f14dc04f05edf71ea,495866644.9029556
e0d7e4dffa0f3dbc40c7da53,633948541.4196341
cfeb42023e2737491b3e4283,821400145.1099397
dd4e23681e00fa1cb9a679a1,585203205.722128
153c89081fd85dcc66a02421,690990181.6599078
f25b2ce0d988bf5490fd780a,392902891.4985607
8700c9b62ff5a5c3394b0bd8,622310100.6753958
a53b105919c7b46c0cc1b003,644138972.2811862
1c835128915211131bc561ab,563065711.2494321
a0c6e0c6fe41e32b3bcb2b26,1021278453.1323395
4eff2f2297ce85a0a3964d2c,774676644.2448055
57062f248424c47282d3da30,672253755.7248307
99e860bbf3033ee4654d393b,703162405.887895
db8912c5c5e5e49431b2c85c,756353938.6041143
3151daf55106dd159f27a8b6,549620767.0448362
3e8a4318d93b1fed4c48f48d,1086313437.5613728
4c8ca73cb51a58933de61f0b,577107173.2990385
925754da6fea9c9cdc06e18e,626991834.0108191
05119815bd72ced29391ba87,683683998.8152819
aae7cca10bd7f041c8e02d23,702838090.1894603
4890edc33a555cbbac71795c,613976424.2184199
902fbbf9f5037be8759775a7,993971056.8910173
d013a0e910b1fe2e3913af7a,505663227.0638702
9c38b9798313a3091d13b340,1079867907.6962478
f04d3ee8b175c8f2f30f4f39,1412890624.09444
f0f883c45e8470e74280e8ca,1147720202.9029055
af820361d5f20198bacf839c,685171477.5806679
01636da0aa2bc223af023a13,721533103.2260284
cdef6e87c007bcd9b4efa9fa,1246732033.101472
1d45332e2f04df18cdac590c,542036837.9596012
db3dae76fed5fdbed29862fe,749632608.5759219
f36a379e0149d4800e793001,585772908.9871532
30d2ac3ecb8150e4d4339d1a,1094326129.3764496
7f78955c480d050f2c8ae3c9,649506781.4233657
cb1dcee1f4ede0877be1ad15,957788240.4951612
a32d2c51f2bd5f23bb519d12,1171651507.632949
bcac2a4cacf13a91805557c1,415819485.2388403
a21afcc258e50a538dfd43ed,525125897.4119352
7202b83b651382e2630359c3,535164021.4886181
77d6855eb6a30d268e49eb1a,636349850.9811795
204ddf6ba4822d55ba80f713,389055922.01370764
e0587d29cb717f725e991ef3,834899486.7365285
c606665f3a3f70ef61fa5cf0,1040415580.9931635
44412a9e16b2824c4a520a72,523141976.2870658
313abf19d78b719cce4b3188,1019607865.9611088
99ad7b36c3c916393e951507,841441724.4302788
c34c2aabac06323fa180b24b,560813485.6402401
37f39916813a58b844e17833,1002868229.7362064
6ab7f97fb9880e48fab16a1a,656584253.7777394
0e6c74a0056ee94b10bfa86a,743648393.7956764
7fdbc3fed9c9607e6d01e958,535815162.82193786
01018b9796a105be650ec802,1014324785.2918988
16ede6f8833a93677d05a131,485275225.71609455
0a53b0b7c365879a6d2cce39,1042636230.5612597
a293de027279019418c070b5,504903831.15040785
973ab56a202e039f5ef37353,517689222.99561745
3e18c851788fa8724ca8b7cb,460957635.5947403
0a4b0a004c894654663bdcdb,938387438.7164361
55d4b530b881abfce2d03e56,883129329.3406397
405bc08707001684d19f6edd,745007238.2638663
dffa1057472b06bfc0fa7a66,1088225696.9637039
d061615fcc6355d79665f9a6,705343222.2593457
6cd96d73fc58b1502bc6ead8,793064576.6633745
db78a3ce9c6f6a7f4ecc6853,561125584.4978116
1498ce1c1bbe2e89b84a4a45,716556732.1537213
3035d7ea4b71d204b588dccf,625339970.8369713
2b8e9560dd58d880dbe77c61,975437966.8169488
e8948741a987cbb3759b7a44,1039840165.4056754
20718780218eac9668776956,583282709.6130693
c0a9e3f5c57cfbb4aa9b2357,972445901.9464306
5e9e9339fe1c3a06470cf7c6,569274721.1429613
f852e0f3fb8563ea6918164f,1619109640.166471
e38b4072ff8b856487864f31,1148701180.4668152
8cfa1121fc87d9483ec63611,877172555.7269747
1a805101f78cbb783e6f919d,584065613.8656962
98502628de3c4fd3905000a7,618109638.5942892
ff7ebaf86962fd0ab6ff41f3,746282278.7592105
69442123283ab024a911506e,1246576207.763133
ce6e91b53465250effacca98,1328683106.5121205
5d42f42059617a5ca7ff3a32,704551168.621625
01edceb6c5afc2af1e129e86,417378688.1962241
fdad0c86eb89fe93633c8571,530355578.75218284
831725656d9df81b63c0ae38,670586720.9687155
d1f8eacef9bb4d300d086837,1398813966.5159712
3b6d88f864f6c1759f957c73,1341515363.8200822
5a38f908d8d75c5810280e12,580434120.6896691
c7c835349181bd3f0d964eca,1788412434.0114405
edd4d560363f7575aee42d39,948911064.6585209
8f3924eb214f5194d21499b2,1009264968.5326098
466c542d7825d36d18a86486,711901405.1772958
0b71d334a6db66cf6f1a8eb1,720060371.265837
7a91cfb02df63e4396b15aeb,616788990.3126421
6140125d2a94efe499a6941d,476999497.7416705
080df3efe1fe81f97e74c4c9,364985455.79900086
e148c2b109eecef0175b3c5d,602208831.3876077
40aaf6665b489033ba0e55b5,955419836.4546864
05498e49d0b875ae6aaddd83,637145226.5379541
397d0f6319465fd7fea6f710,1192263249.7615337
7e6d8c4742b38854d819696b,1314119426.8566177
9a8d13d56d677379ebf9a347,1134942381.7794638
06bbc353bf62fda3b3786fd0,703737106.3632708
09fd7896d5445f422892b196,582155183.4086233
57c63e412f3fceedd3a7e698,838874025.3329462
32cb6246cd94f962f780a1fa,439725825.64765865
b0f9bfd521802b0d2586300b,705790736.5598301
2a99204f0a53c4a4d0a2393f,691607668.1584812
7651626df0e2e3119b801466,668633899.0920182
59e48259a076518d929f5db8,664929076.8388579
e7b721ed96269bb195906bae,306872385.71747386
61c3c304eb8a06b5a483efd9,897027085.336103
3c26b2954be250bfe239db68,305606361.8375032
0df87025a6351b435958ce95,1061469668.8765378
df82719238ea0e102c282c09,672052135.9330008
57c74f7b9bc5e33cc823439f,925509704.0256351
4195a9d13c0a526d7cc959f8,600610844.2832792
0d00fdc440d7612434a6b91f,670825454.9368069
0c91369119a06c40623afbb4,561589927.1107738
5a6b30b4d33e068d421bc2a1,952833862.3298111
f4beded3c5ed9fd6cd5177c0,795041117.9898716
95e561c7292d64305a2cf4f9,1146363034.3098516
67138978493b84ff42daad45,582102395.0455562
7da10de45c866c7d066d2586,763650464.9720854
3c3cc027fb179e91a46f11f4,572686413.128413
df3ada98307fc85428022d00,579801182.1402799
e029c89d59f2caf4af4bd908,772551112.022131
105d05ab3d5334b976e448e5,841505085.9350652
253fe7aef58ea97fefef922a,614704595.2483196
43e11f10650837933261fa7e,542748755.173262
b111b17ae1fc17e3491b7a5b,577689041.8844845
63e1ff737ea11ec607ecee08,1075236432.578657
ae703276c49b6a6a9c39770f,1172458834.4057906
799bc0f95ef9a23fc16bb1d4,1525760981.6785345
bb9fe73a8742dec9b2e79135,1496370007.1726882
a9b3d963a14c2c7435f30fbf,1077330469.0243807
7a48bc2c3f4aad08dc7fd5a8,508060522.33548504
7621f476bc8040270958de6e,912534459.1301764
c49644baf8dc51d3f76d7e7c,760092157.306926
8c107da7487ed0cd409f4daa,1105989242.4027278
1bc8874a13914055c2759a35,578356011.0984691
fcfd6f08490be39064aae41c,541582918.4762322
23178c72b063ecbaaa04b37a,566676864.1208102
10bf1c2d1124f6d8f8b9497b,975386810.4168483
c29b30cc5db2ffc273e4cb14,842009136.3860198
f7d11c2601959921f536f804,697194901.813508
acbb07a2c7a0e39c0102b3a1,936796215.8418986
844e127aa7802cdf75db074c,521676172.8728032
e2d88f49873bbcc5476f4ff5,672541603.924611
42aa1e6f6b8220a63fe165b2,1097542392.5364485
ab1c43d6fc4f08e315e322d7,730061825.8604982
9299c976b1afe4d2c0bf351e,727845790.4099687
cd62ad28163c8df131a8f2fb,1087335619.7068148
e5e06913ec3c851340d7c91a,610660802.4341012
d9b46a34e48e04b5a3e026cc,736551724.0005052
782a6028457ec55d4fd5189e,841441724.4302788
11a905e4e01e7d15d35cbb82,519013858.44159997
3b3e423e248b23090a2897ee,481418518.38381034
5915093d458d4b6589e86f59,606461971.276635
3d162a854aa05447e2cae0c0,798917463.4113922
662a3e343a7e207ecc09d6b7,561125584.4978116
289db1292d4ee40a1ed6e518,1009264968.5326098
d43d2bda7b6e4d5177c0d032,759475992.6590877
b57ebf09cc691bcf009ef115,1266661986.213665
21f5bac85d5eec57acf501ef,803194319.353764
2fa288389b3031d595973793,821348616.7930446
c900d19cade1443983274ac4,1440591141.2014313
67bd5b20df7f2a9cf4e04358,560391508.4486097
e111bda6d24089dac82907ad,644116096.2056302
7910ac9782a1a315f68799c4,1093956738.8709457
ee786b818284cb382c755e9d,701544984.0235676
f9b0a27bd3619ae88ffe5455,596278102.9711932
ad1c32cf75ffbcfc842e3959,390143640.89696383
5648633b1f92de1ddaa7e7ab,642840584.5308565
1ba481abe0d3890c42884d97,560391508.4486097
ce60e2ce2a420052e67564d2,1105989242.4027278
87e1b1170c163689d60bcd09,603612359.6048476
bb4c7900162be66534d17541,940381731.4624101
68340674853f0ea101e32b46,498284699.56636965
d10f89691119d4a4a2c1e650,1621259647.3535118
d414907e75a1c105ad2b74d1,409646921.98178595
c9b6d3bce20b7f528fff8123,518947465.7959377
be1695a7b8d3dc68c9887abc,965042371.406811
debd60afab03fd1552719270,1149159247.7004826
de060e07dfb0a5494c5550a3,412675685.4434573
3d6815fb68ce959cb95e225e,708718358.3548763
d93f6d8fe212ee3c0f7cca95,711379436.91633606
1ac702e7c265717b34419fe7,965240746.9809318
a157596804522e03efabce48,979675700.6097608
069c529aaef7d7e0774c4a66,932307163.1356909
0669fb98aed75d79f8decb7f,930014163.9619088
7057326ac489bcc17d580883,696108001.8899971
e3d6fe5d97bf4fe851aee9d3,1030065064.1072456
f80b20e0649dcf1c16003255,650648090.9620847
364256d0881131148655e006,633024043.8827024
0f9c26956bfe983c8c7fc227,1406390467.6205337
9756b47e9dd47f99dbb23115,585298191.4583116
27d413eab7b562b984c5a682,672781101.0530385
ad17072ff24e0fc0e61963b4,641356093.0722688
473a59415b6214218a15e363,689856318.0786706
ef72df5586ad0cbe59e36e07,716342063.7598236
9129b78a741bf5e24df5379d,577689977.2412664
964734d3430de94d22c927cc,562579251.7671859
530b25326f39c347a35a8caa,577990894.2956306
482f57e65a3f4c6792775a05,575018500.5072331
738e86beb569a7bf51fbe199,319777806.3826764
c5788cd5507c577b7b585ffa,467251415.1232811
be164f9025f346390b986668,824107256.3383473
ea2efa1a857332559120b823,735740781.4446586
f3dd24a17ea51b7a2b0f037e,677466870.9587768
7aa8d04246d3e84e5ac470bc,1153929832.3515828
6361330195fa7cdc6d5c603b,774539783.9743199
6820ee22d6fafc9c030cb286,1627619282.0146093
472601b5b5719855ae3528af,984579913.6705923
3ce2c7f1ee7569e1b916cddc,825801245.4878889
afb03f7cea99023ecea7610a,531302695.0939406
404364fe956884368e2f8300,828007538.2447673
c658639b590415bc6ea44119,610993367.844467
42f1a529f5ff3a6371dccea5,607751131.3547277
e2e4641b20d81a90033a536a,587696555.5563623
253b34c2c5ce15cbd8b5826d,805785211.072537
86ff8f274b698e7757ced1af,652225183.1813372
c4aef1d92cf264c548ef1f2f,439284199.28432053
e8603da6012c2116a70176b7,1169707963.2737935
52b52aced4853a3e3d7fa058,504979152.14572227
7d9a9c3b4442efdb53c24448,863092932.0631953
a7bacd6f783756c9e7cdc068,415309935.7866915
68a00651ead62911f850cacd,427984767.094526
1e7e26077db3bca2821a9b45,552095286.5331953
8aa21f48a83be25f924f85c7,792411096.8523331
48107a1dd2a3b027637f250a,816947984.5964813
6bbb24fd1b9df3df4e939fc3,714611983.9744713
aa45f8fda8801c3b4923f4b6,996072925.462386
ce164af02f76ab3a68b0f980,945498134.4881634
c32249c7c0819b1a29fd611b,669483822.8498307
f8d4ec209ad5fa5ba4a68e56,668424656.4611801
cc03087e0f18d59c521b6ce2,776030469.5337112
fa631a714774fc22ca15ec10,680977546.2341882
c310efec13e312442f7e1a01,847340057.7006173
534466a857d28dcc598e3a49,1061024751.2549264
4a81bdc14b5bcc4c84f5ce4b,437169694.40650487
79ac12d8436c07b620190b9c,743256604.9780532
f69962045e9aea6b8200888c,528811616.15470654
9752758072e096fce6f7f4cf,486151997.73904246
56fc1855dc6375dee0506133,880802141.3946587
2fc19f73fb877ed8b88a5250,369889010.3423925
63a25d279fc5a9e8fc1dfae3,421672656.279737
71978c139faf2a251db6ff5e,264871865.09605268
f4dc67569fd340be3dc592d5,497928302.0473573
0b829c23806ff01a0c84e9a9,946736011.9506195
a23ff4d1b2e24f537a75242e,1038039100.858765
3a103803cf9cf0451582d89f,570777943.4726248
eff8b3fe996b6d7db10b0263,865631669.8212142
9d53330b44c300e396cdb402,851450074.5969836
301b5da33d32c0632b16e8a8,1333617602.4074495
357e653c4bea02df1b08c62a,896648347.207802
9af17837ac2bbe7c8ba16e0f,588785012.8796375
246576e24f66d495fe0d509b,1206404771.296625
cb70f4993947b640317a07b9,804293497.920106
949292b23ece12b655122038,406291874.91777855
4bdff22689954e5b1e575d30,728377815.6501598
7c69d43fe2488db51e6c8da3,465346392.31075644
6f543782174a964402b64de4,685642492.4110217
a59e7f0e0596ea6633781335,761000482.130878
767ae7de1818d645a33749e2,968710002.4807284
e667133c29f90c8fbf30ede7,471428446.56977016
3fcacd1cf9770a2724a5fb01,647296304.4119731
601193433c99337fe806b158,845520314.0101852
42c282041583e6e2090b50f2,698853644.9612397
3bc80c56871193dd782696d3,558629368.313686
bee9de3e2817bdd591c02897,831916109.2942408
0f761aab549e7f6bc025ab0f,1146363034.3098516
3b9971f91bbe4b8dcc704ba0,724761561.2453607
8f428b58a5189effe993ca4b,368810988.7340305
0af466463f2cf50d61315da4,603916293.4829595
1a486877c62f2aced41a2ca0,1208211984.7286777
c9fdc3f80534b32f1a75f530,707766720.9114242
97419310c7e696dc8ca61f7e,813955943.3249983
49d9cb2bcc98d69222b03165,996866594.1567128
99fa9611d644cf325e20e603,1372093988.793981
976d317efade1dd77ef3687c,563129742.68440485
b9bd63208716e4e0f2dedceb,710079217.6323436
834263730047f308d71d4d8c,611169218.5464098
d6bf8bfc752bf4580e99794f,865725091.1273351
58bc2b0acdb0702732894fa9,455319832.92212236
c3b8b774037044a2524913a6,669536127.6622066
eb339d562b72b3bf51073cc1,568297696.9988494
c8244d916b0110b1acbd38ac,651936942.9834918
65bb6acd9be0f8d95fbc722f,667974777.0599347
5644b84ee2edcf7267b2189c,630215674.6890341
22eb737351bd0958d3e60efe,759739651.9156386
0e2a5d040f6361adb9927388,655124854.7946166
be9f5ade682aa1fced79b068,718146616.116752
8445e5cf42307960535a3b11,967450745.2336081
1b002164d34a71bd06e0445b,768155399.7528106
c80f897787541816ad63bc17,758252181.2676591
673c72783eb4f9a02c511b83,1029272228.6577727
3b29177e99201cf4eaae612a,844483806.8034897
91c5967cc1acb3f108d6e0f1,459604302.4977209
334b5b9fc68a18387ae59ebf,348456928.8901788
c9d096d4353b8eb843e793d1,640763085.0403657
92cade7b5347d1c00a48a1fc,1224721597.4199572
1d4bbb5b756033b4be28643a,851236309.0644147
e1eb183eb261b6de96e20a56,893087800.019645
7ea8da3b1481993b14bed9d4,529893279.41405725
78bb43910ad6ed105610d9dd,854795260.6960399
32c1f617f2b1f537ef703712,1027226005.2707382
a7e6d3c76bb5507e00ccb501,561906785.0396267
6c75d7867807d942c975079f,1013626977.7016426
e9182661e36239f091259232,439365452.18004173
c926ee21c2bd9da7da193514,511687787.53059804
27bcae7ffb9f79b8f59fe1c3,490451042.8914198
6cda1a7622d5577c0056ba40,854529978.4005353
67c945ee31cf1fa0a874e4a6,556487539.4586084
5a8638c17d14ec4f6d447b8c,917580411.0862291
82bef17c2a4db1f6dc6eaf01,752682851.0874057
09dcdf0b8b37c1d537b9fcf8,647631684.198607
2cc9f2411f98d0fd41511211,648926201.9118608
aa1eaa63043c5c29ab6a1323,983192396.6585009
35b03ab66c19ba2049ddb9a4,821781070.7305051
90470cdcdd2b813b39f28ab3,623228854.1108223
ba187eee3858263fa664812a,444236936.1113679
c06a1d212fed896b6ee4e1c5,581397912.9709972
8a8c8f5aa68c4e530d62776d,665741799.0537181
662a221bbbd961c285069c49,749206868.4746419
ee796b35e39c7beb6aee2b49,1015194329.9671268
53de17a986d62a44d7897200,618507310.8697904
68925fb9f8f0c84fa0ffa9fb,961130736.7280343
6a6d4f8251ff961609019ddf,418079620.2381882
3477646f548971044f8f0494,338024861.6665508
c82434222f4129168fa82e5b,770658700.3178033
4c00508300f40d74c79f2596,527093866.73227537
27bebaf73dff207d7f6829e2,988033656.7177222
d0ba7b90f6ba3392a165b46a,1257824471.2339818
61974f593c799e5d5090c067,335619807.96496075
c08b016afc6a07105d7703a2,582595765.8482543
011c2017b63235bf0ed3f241,652586697.2202109
7f73a8e83d41ea252ad61197,702827526.6319212
0c25a552c34e114a1780739a,478686225.0040102
21e96ca8dbe2f12b55723335,532180944.9054799
30f6404e8034dbd513aa8a30,450963464.7308208
f2fce80439462bb9231d7fba,508287523.2525746
40d5384e2e8f8fef2032928a,534310852.5142119
95f17e64d2222c904a7d42cc,744541901.254024
59374f70d5e7da97e3b8b35f,974346898.898507
ba30cf03fbfb0e36e5d415bf,994072175.9760623
c2424b4861f2ef50f8876c0c,762849416.9969518
e7def7d0999433ad6d3ea412,1246732033.101472
7f1a4e79fa92196101baa7eb,1107135004.568618
37e0fe114a3c7406daa57443,672655505.6836395
897c0578bdc8d59843bcbe38,552848450.8346308
7e554b821e6955ab259a25f3,740285044.818528
23b0d67dc2a0ae6e5ebc9eee,641569359.6909091
d43f045d046fbc8f5ecf465e,895309730.4878807
498d632cf0868a8e641cecb2,421672656.279737
6b9bba3c6afa1f999a9429bd,554701910.6063536
12db154d9d29cafa574ad387,403550137.94188637
61779f1bec05260cf10a0d2b,895309730.4878807
986defbe9082519824ebc882,1050762709.6795173
f72992cff50931d2e19b3ccd,699586240.201573
0e2d6e5882fd3b4eeb9ef286,619987127.9677877
9702737c9e4ecb12d0f9ea5c,946736011.9506195
c36cf907ee28017eb1b40674,607556386.6173836
a7ad9c8b5bae531abf68f8d0,699586240.201573
6f3dd53b0935c9593a301bdc,660383270.0000775
11f8f836e5626605ee4b41c6,1222864291.9909534
16fe92ffdb7e1aeefcde80f4,678546545.0018889
c1eace64bd2c9f6bea289c4b,832826888.336254
fc2ac43013ba8ab17da28041,1045129176.4513557
5e6b54654c98c2517c2e31d7,1116445768.1651134
f0e8b39d2e4644dade9d8954,1084134168.7677023
22796587bee45b8f64ee6e44,689973944.9103303
dc8c76f5b3977f90839918b0,651177871.5924402
27663c0e271e26dfdbf4d289,642753929.5391816
2fc96ec5fb2c8dec0a5b09ab,1116445768.1651134
49d42ab711abd95fb5947c0d,1333617602.4074495
b8984fe54819f5fcc43860fd,466813098.9122769
8d3f4ec0c37443eb3f953584,1021125532.45537
001dbdd202e9908ee42713a8,825159631.830237
fc5f41aad1b4bdcbd8298037,619033563.7806249
34926bd7f9880e277e75a447,859966173.569748
00eb120ba4410ed8efa24a8e,994379442.2781034
eb0c6a8231b38b2a1e1f789a,739517195.2224002
0f059b39ca45bbbcb996fa45,892819005.88294065
06a5364639452a9d663a2dbc,640082782.5666105
cd19dcd4aff76caaa1cffe54,392123063.12536186
7272c3521b7083038ff0a690,725041789.3389375
a480b654e1b8b7134091e613,1304514116.070885
ba24834c9fb0e87c4ea7d1a0,939770921.7755544
ac46e3eb688cb1cb17da2545,1123947519.1842334
3053732169b2260529f90133,771112081.940954
ab0c047373b5d1810fe42bd9,615527760.4008688
698383c101fb784f8e1b1ee6,580283100.1845832
1b09c89b546d0058cb09c1a9,922325984.4349095
64edef308b6a9805f0846cbc,1136075401.9931383
995a5799d9a1a7e4dfe4fe34,1272387696.8260562
d4f1fcd4c20dec55e977720a,1258063852.2141175
21264b5a73fd27b85a4e2654,475037849.69846225
d464858ed94a1a74948f479a,764448714.8493855
dc420bf2dd1759b7f281cfa6,1516469321.2511733
0a268e25a5f3a0bfd8898a40,337236997.6065591
a3460f00d48816ef66e3acc3,766806095.8555386
9559637fc2bdf96defd2438d,954126774.5948211
421db6a58670e53f563eb9ad,634880768.4638927
7b6322fd5810990820167a23,536385963.2770664
17fbebdfe6bc0618ecdd247c,1001926261.688594
00f2621035b1969d53f03fca,1230985104.511278
e97c998a6a0709605432ccb1,556939192.063235
39e306be57a992bcc75e089a,427862829.44843173
55d0225b44a81e82eea3efcf,1092471592.2129688
c7c5ee499c712082931032a4,1424583109.6589196
f15f48d4cf4f85a3cd68dfa3,942517776.4297236
01db5867a69f8ea7849d69e8,1162729495.2563365
7c29fc3861c9f074e3a89449,737440289.5498954
5ae2fec22f535ec2490174c5,263551307.50453436
a6731fb85da65ce14468341e,465559976.12470967
4e327acca2e033c3fb305c5d,603963968.2069118
37b8e8a194e4f2fed7ddcd96,688012564.2950078
a8dc954142c54e570bccdca5,672555532.9964993
b427d767b071c3e5ac2a078c,432418074.6930673
a9407f510e67bdb27ad59b46,991393310.2289444
ba7120c89c8de0e57e30646d,648713525.414202
4f5bc448658287ffb3d49b75,907582454.7879512
758d9f47824eb74d1b486024,1186620997.5954616
84fb7e582456d7409f27cd2a,1215594041.3894045
0a6ade3bea1768aab76680ed,1059633479.3381929
f6e74a4b1e026352e5759b2e,700442506.4483962
639b98d0798b5670e7bb2569,958371822.3102973
32ecec7d5c47d02969368779,629902874.7639198
cac82fdc4d960947bbc590c8,625425089.676424
c2b880a6bc90cdef9dac52ca,1002088033.7284399
dd8eff6162c32ecbc6972509,755085458.4370009
6e2f79cf68ac0ba2b1a6b0c4,1277643914.2967234
a904fab9fa4f41a11f673fd9,873658903.5768931
bf11c5dfcb321e020601e9ba,1140835153.224298
488cdcddd0938ad0205ab8f0,1630564033.2394054
b92929668e884453d3a0d633,591308496.938627
09eeb116cb0944a28742d282,986031059.390313
c16e9d9444f85bdfade710a0,757191735.9678744
c15cecbbe717e72f09a84271,620720107.3011483
0bbd23df46a4ea4e4734b680,988134569.5982339
de28e62bd01870dfceb5d78b,579619672.0893955
92c4faf0ba1fbac44db6d1c8,753173685.4426978
91892eac5e9565b12b2a99f7,584261163.6322432
ba72421716765ef6aad9b4cd,1185617094.3336952
a99df3a2cd4f2346c6e903dc,347152637.30692995
59a3b1a44c35ed4936cf7843,800772180.9830328
cd74b689350ef612ddf1b96a,647046518.7382879
5664cfe452394ff9376bcc8b,514644698.9717328
d4c6dda51fa949743a46e835,486845941.88795537
b7f47484bbd8113c62cc8c1f,585392548.4903184
d4dfddb6564c9f46b26e7aab,427867218.69524235
aab240140aa4b6602234d88e,412573373.81271774
29671ce02e285f69afeb3fc2,1096804296.2276778
5cd742ea274b4a8832114080,699625458.0302527
c876ed979c9127674000b740,612060769.8897583
45269f56121b796d0392e2da,1593743397.395753
e981d4fb3a33f372ac26901d,1147625435.3892381
2f13a428281ffc425f2c2e38,715042770.7987796
407e4196114b64578beac143,567672539.8123442
342027b17940a0cc5cdbf8d9,1302681474.2559595
dad2bbb0fe138e426000a33e,654592211.8638963
e77da26aa7ecdab5505fab60,839704370.7738769
8fddeb4ca696706f6cbe573b,659756766.6149408
fe368a7d2e09fe88b1b972e4,550198492.8330842
6fcea2c6b9e39576e10581ea,1057875521.2459208
91d35b9421c4982b54dd520a,638375407.974154
eecc82010ce9803ebea6dc75,764424153.1137724
b957548768ef014088a61b5a,560290684.8539501
5790e4cf8102dba35e184ca1,501965955.2637332
cbab68c32d78424452249d9d,1056542242.6943115
4e0b293ec3d5eda7d9fcf8b6,1249228684.7455769
1f8742e662666147955c9872,713415344.4385747
aad38b9f22ccf36b0fba4e7c,586335752.7448858
44e9224b9735235fc7271672,523504140.237405
b61e9e4f3a2e894932b58ed6,456950232.3134578
2b36d2ed79caaccd687f2ab0,323775198.78972644
7bdd64032a4f011bd4fe7df6,710502671.3821031
0890a0d20f33b9af2bfe488b,434958065.2733746
ea7c9e327eab66ca286f6726,901428780.9993815
98510008e150296ca9d27d0f,759432698.3298603
41abd8a2cbca609cf868f227,790796687.9918257
83196bef0e5dc6c981bc57a9,1061372553.7985339
20289e986c1959f0c83a6a4b,711003641.1841884
fb39ca089d05381b3a7ba847,502000420.8292622
d2da963bf6c2f6fe724be23c,1001824471.7545655
670f7dfbe2eba87e55176257,746987716.4818268
469b33a6f153ec334b6123d7,467107029.8960518
c38ce4f3763795c61efee6f3,710908907.8596399
8553a05c2b30be81c64a6295,1130386003.7876232
d8b3a1d0cffc913ebd05b931,1139908255.45796
f0fb8232343d235741a20586,970592221.6990732
887d749eeaaae288b2818b86,698464451.963735
126f4d890004b8035a7de091,1100790182.1044014
7d157359b413e107f5f9cfd6,629318409.4183074
65010e340fa495d060e32f7d,609893968.149633
8164023f628f550f322aad61,544496861.056511
8c2423c14aefa13d255fa77b,621926565.3286734
e9772a54bc6638c723dcebdc,534168707.0815517
171149ef76fe0a2074c5bf69,924475320.747765
96448fa0eb077563a2d168ca,388512088.9865692
3bf1bea2a835d7fd11e47ce8,546938139.1667119
2f4b0b1b81c792f43f4ccd5c,537955707.1532992
086540702ba0876c0c05c5d5,947224756.4332886
57d17db2cc5ce1aa889f1f50,980232326.6996793
3b6cedd9966332f0722208cf,443726485.43619674
351a3e1b62cd51d46913a8eb,1171920655.392416
33b702ced6de5f7ab8b29e7a,596568351.0429524
e0e6852c6d6393d6d3719131,1161053329.0820816
bf5e687721e030639ec81416,697913737.1785368
314479aa7b73ef6ef44e1c89,706841442.9195387
822896f609e7761b58e7f6e7,519013858.44159997
5b6f21752f3744ec6e529d74,777186511.5990514
5d91dd63b6aef851e0c78389,650870974.0519588
0a369278a1ef6f5e9d79e2e3,837515723.4870272
7523e95fc2afaf31bcf30979,919436256.8787768
cb9de5719b978a78c71db699,1017663002.1430067
af8c90983a23ee15c72b8e22,1502977338.8490472
e35d8f589e6b1909f5e4132b,820024411.3737711
ecaa5e38ff6cddc14942eb7a,1179657924.4469984
d2eeec3fb1ee4d686758534e,865838063.3592776
e97d03ef9638c8e1d270ed2a,543681925.1748592
cbd78f55af1db4d89b53b496,545450447.2068388
1b2fa2ee5927660313569617,891907728.2531378
f7f00e13da4910d724aba4f6,461519055.156471
9a6b77dc2c414f0baa11effc,641973894.0596094
bd4d0b8799fa5999c5d2ee3c,1320771299.0231023
bd6b68abb113370c35786557,1300648584.218314
4da8ef54252a92d9cc62c174,980578160.4878016
38d6c2a9beac610279bc110f,510800686.2026237
32e6518755191bef743b28f6,1041261362.2889189
4fd8d01a5c3abb90ad70cbe6,735944390.1058086
5d9f8f380a6434096a0cd906,607380505.5874302
724c854b1a991f060701d005,454928953.4548922
1bd78ecec17b584e827dd0f9,398802117.1273405
7e6f68184d84e09cc9ebc09f,918708333.5984198
c0174ef555bfdd648acf4346,537573732.7626315
6463505a740324c7aa869d79,710962286.1330618
f239b7fe0de40d208c01c45d,825958749.9572148
bd98add659faedc1820f96a0,577990894.2956306
ad662354d28a9b2d65f537f7,1003432008.0620543
8e8852450fd5556f748c98cf,1095752779.3194718
8fd5b95f5808b4676043de35,696484754.9607109
73a23c9d154fec88d396d2a8,1228025354.3135347
374ca1a16b8eba42b35374ac,629292632.4740021
ff058f978e97c389e7a31f6b,649206168.0913191
9d7f2c004fd359136a662c9c,705218672.1513324
2cc0129b386acf9cdfa4eeb3,601228008.7824565
c139bf6b72a93a73155e1f5b,432336094.6585385
0c017cf9740cb67d530267d0,607575002.1379887
44ff213b9cfb3604b7e4b66f,547833027.6360928
a09c957598e6cde56cdba03c,733103651.1502775
c846d5698bb295697186555d,888189289.2249186
a84cafc064a35cc0ad698009,571484548.3816894
ecda0d714f52da919223a520,826392334.1974634
b9398d6bec5cc44fa39b8bdc,614526103.0993681
79d230806fbfe96368b83dbf,1468820973.642166
a28b1d82d3f7dbf8746d5742,787593783.9635192
a6555836840c7dd496ba9094,659033547.6232077
83ce7c2d2823f888f2e06ea8,1157706333.907851
631f4c509de8dd64f1c400db,1144670729.6190112
2afd31619c21dc537e4797ca,1217745450.8493857
0be57099d9c3ad8a16984861,985622351.4515821
ff29f12bbd7ac4b860909966,1190616524.2516785
d955edf16ddb9d3f59501a9f,831903536.2408212
96298da2f44ca873f345867b,650432272.297041
e6396355c1249c6290906b78,845052118.7163533
39f9f736d802b166ed688224,1573591773.670394
38a0fcb41f0dbe8b0ef7af8f,772944869.1902379
79b955adf84fb2c52381921a,706385005.744741
e335b8464a61ea0781f7928d,1212208374.9924533
71a929d79a6cccbce6ac5d79,967088299.792533
41454361857cf70c44e1f5ac,587721053.2627705
a16ca6293e2ee2969f3334c5,1072423507.3178866
4083248d3d2f2bbf9589b971,712671097.1098213
de630da5e1c9e27bfd94efcb,1016716202.7879955
f2a4f5010f3da37e27505ece,473972693.48941183
53647abd1d1b10c9226eac73,512253962.615041
e51873d6421addab3b539dd4,614491338.7851983
be8fbefb8e06fe169237d4bd,882102395.1464338
257c889187ad5de900a430c9,607961584.425234
3198c4acc62c1a2276bf15de,681243411.0005044
b22350d505b87dffaae3a5e2,858450217.4387413
49ad389014995f0187edf726,766496551.3336397
025d96090a8e5bd6f786e9b6,843192815.8823365
4a7156189e1f06b0fe87a7fc,737404736.2992953
e91425bd357561183b935d27,738482705.050112
c9d996f458794961d9957c1d,740707090.5651761
084de965e32a2a65bd3aff5f,740707090.5651761
880bd21afee7038459b5847e,988971363.7702852
2dba091723891d8907905a74,944498038.0658253
a39f9fd2f143b8ce1f7e1277,746554897.5685508
37050aba3553f3869d59f809,679106106.9811553
35a39cf33d16f8f5ff75fd6c,852286306.6461514
7c463a59e7d2f2b4bbd07e12,747193231.8446926
035d955df5a765531d1d0d07,937075853.5231317
be706475abdfd64aabfe45fb,737346523.8166257
bf41b26c090dbf0a19252e43,723282519.3093803
21aa860fd839233ed8b82653,570538303.9196018
b870c8bd8f95426a7e1f9c88,736427553.3042868
c5a5676bdb1698f8c38cdcd5,613491589.9792587
3487768de3a13b7ee3df0254,822690593.5426378
dda7a886135a1fd8106d04b8,1029253355.9235984
ee102e9d0791ee82ee4da2e8,671890327.7083459
1d4891dc27e0050efcc6c403,650395427.1751417
dc1fa8fcd0ffb8872d434dbf,701536615.7049153
2a5f727304ad67d1cd269361,873557119.5415964
2b10af4fcbef695b327b7d0b,803531465.0051264
516881e914708f6ea6062ad1,874363011.1772048
5a428139d5ce6bbd9505945c,1144970222.8128717
38dbf1b9c5963e9c3d008340,1108125970.2998898
02c6e8c7f36a2c68851600c6,707230167.1187819
d2684e676cae87d75dea5ea0,667208711.9451371
027947dd01dc991ffefc5082,623406889.5112914
0af13e27cfe9b8f237a9949c,523005105.31395465
32421841f7eeda76160d7959,526737629.0424272
96ad0e75433cc18f20ed83f5,718632954.3148618
b387b5eebf501a620f352504,1073674326.9506618
8ed95f9bf057114664ea441c,651367435.2381738
114318a8e5822ece53ad897c,616797518.2066777
3bdd7be0b5e18d266189d991,681878207.8543671
0d2c4bbd8a4dbeb6337b5c14,437671722.46962196
a98637742a212e332cb5d1f0,464772082.6703051
acbec9114912932b9cbaf0a3,676415808.7911878
fd81506b0a00fab1ff680b64,552095286.5331953
49e531941384af389b0aff59,513735818.6654626
8f221efe392ba42b519e5f57,776030469.5337112
1f33395df1e4f6a185c507cb,494949828.32592225
fa823373d2e7fc9443ebb6ff,786594110.3555479
0a6966f19bc2c303886ca82c,816947984.5964813
15d9a0353ad54798ef95e0d3,1222889675.7077818
0d95d756b838d3a319277424,536590623.8734853
d644b23e4bce0e6e50ab9356,1117464485.3934643
6dbc77ad8c5c1e39f72cd2f6,1039418682.8717256
2fb5206d246ee7ab22fb8143,996072925.462386
f1582fc47e7b8c0eb0cc9949,672196208.1538415
8d7dd9de4e919fec5916862e,890613682.5804247
0b67da6d74bb3998c80893f4,561764740.6444002
736d25efc9e570379d32c089,804067049.0220432
4615a8a7af9d7cefc7fe4c4a,1235939637.7907214
8b753628bd37b9759dad06ea,460075193.9838328
5c7c83526b72ced12a08e573,823011058.5733527
9baa578a930a94f761119fdb,531330816.6418038
8fe1a07cbe9b8f3498cf74b0,459420966.90172136
67a7cfe6e95aa5200c064717,763423874.480217
b7e3b0c90c0d3bfe5befec54,571315140.9064956
e6a547b2c0d126c9b6800515,765284575.9939641
b08f88ef973c9d1c3a86695d,890279268.2245064
5933c18b8cb17cc6e4ae91cf,1038321687.6944607
64a24372d58a2cf535c3aac0,811617725.567875
e6f9288cdadc5851d29fabff,1306940728.5356638
71ba2f992908a5f91f832406,670340703.2847561
3af4b54bb5ee5fcff80f1e53,352012504.4137129
40d3f1f00de86e74e0304bd1,572054144.4233484
3b758c26283c2f11251bfb89,1157801111.7133765
70cb6337c8c3f5225fa80026,1192270921.0453508
0dd510aaba8036e8fd9d667a,887823574.3956574
ef6ac2a5102d7be910a3e4c8,474524868.01766855
24c32572ca6161a603a7d0d0,545035243.9023149
c7be09a810b9e54d2dfba4b2,624513172.4729176
01a5a230e8a808d844e64397,1258617253.4152727
5ade8e9c79288d511ce1fd79,666578672.9269358
7cf50019422bc9569a985736,831496586.9615822
d4716e228067a7bb0f30aa30,653164865.2184819
cb79e02041eddcfa9225346a,824184013.028681
b059afb753452ba358fb432e,1584834339.549547
fd9f78fb2d2f4d01e462bcea,834057004.2354437
6337f924f515625e7fa638a4,582308909.5170567
3adcc2c662c8c7c9db5f0982,607038730.6090809
6b7aff233052b9bcb6b9448a,1566745592.3531446
cc51811e23409f4d77995768,546837506.9191387
e3cd7b6dc0495d5109086407,822597748.6068211
e63f468e1d9f86530d47ba4c,365688433.73895097
8bad8a7faae115ac9007b13a,703381231.9319901
d563312854016e9115d034aa,758331189.5287676
57c7684f8cd8d78909711b53,443763768.47343785
76b8190137ba3daa55db33a6,578489798.050621
2bcc6a15181273b2fad05e3b,695721636.9450787
b998aeafe2cc93bbd96dd9fd,402973977.3870113
eb77734d12df7528af57c674,384215348.5854888
e8df85384a1f51c31015ba08,1296260145.6289365
b0a03d567e287bf4cbd7bec3,732283654.4829642
dc8bc7cb687a3a42b7e7d5fb,962665175.1754317
147de03212e554abbf3fc3b7,1240988428.0737958
c09b8c236316b87a92a620b2,561211040.8395416
f5006b435fc92111d55c0603,471821072.5165753
ed70b749e030cc8715c0eba5,1040692543.8975664
2a9bbd878f3f45745d76f059,955473979.1686213
503f33d11f75b6b5102ba4ad,444665336.24479043
41479709513815cf5fc1eac9,616470972.7702264
0181972aeb6bf451012a47c6,727230305.7708597
0b35c4a3f20cc0eb751acbac,629906370.0907819
e5de98822287c2caf8b209da,786690943.6671335
f3d82ce1c6fac06e4997f7ba,984173162.0833436
8e17d7d78e7acffdcb04d982,559075202.6067452
f1e7a0c7804083963b5b6de6,524492058.5520392
918dbe66979d16b147bd3322,851902752.2064092
35dedbaace193598c9c438a7,424432941.76289696
e67fa931031bed13c711ad00,532875957.62519604
eb2bbf82cb615e3227305b55,537513747.3366525
e8d83f7dcb876d5d05ae3e98,606491397.0052443
2be93bf5132bb788bf045c28,571546343.6692104
ac2b1b560e8bc4fa1deb6f87,788139009.8317804
674ea6932fa9e6b7581479dc,558913506.9631493
4893b21db2d6aa4417e1cd1d,1179887761.953973
2dbef742d0c59d21ad7392e3,915089446.1170415
fc16776abc877decb82a5954,1280914081.2916012
6f84d405f419590075610c5e,1022429415.9403243
52cec2691ff635031fce9507,429554890.4835021
830b1a2d33f7754b9acfdd82,988121037.639394
fa908c8dd43fcbe9f721c0d5,1111546997.9842975
90c3b93badfe7231410e95bf,1118550895.7293813
60a495b86d6eff1e345ecb06,577586441.9169816
0468cf58f40372acb9d5fefa,743939486.5099905
c523380518164e1e317cf1b8,987401151.2988169
142cf530f13cbccc3cc9d0a6,830883349.4674764
e0432ecc0c1fb2b00b5435af,506004409.06381106
3af3a702988bfa0599727982,842503246.6166263
99fad8a7877c57c0af05b318,606461971.276635
b57250de388b7172a39dae8f,1042986655.7160345
42fa0158217c9cb820f2a06b,625912689.5683678
8fd452d3f5f1dbb3b65f5274,1076927883.065658
27881ecd655786b093349ab0,974884807.0618892
38029a1aa22c0a5beb065edb,1016619686.4176781
6750be41e08a725705256b0c,1233274025.9642844
90bf218565cd67ed83240033,1299248397.5579515
c6a089a9bb326c22e3f3aaa7,774385216.7983665
ede08c77d6090e0900654eff,1211743757.2142446
2f7784465c1c69c8f786a0a9,1683098428.6952305
5943151d9a76010179f6c297,669050655.0452045
82a3742862a06803242b703d,606491397.0052443
b815204eed4398e600b366ad,1162883865.5054033
11c4dba68fb47eb9c49df169,535524423.3513393
4ae7dd50c6b743bd47340f20,1107663912.8203425
d81a040e22d541a74122f3c3,285958228.24815714
34c84d0a410920c303ba69f8,834951287.8758242
6b0828221f9cdf5cf39e7c15,567373666.1748741
c50d5b4e75f165eeeb2eba97,629954921.9775003
572488a9a75f64434dca5dc5,576416089.3425193
0e67ae9abf1e2b2f66a91a28,579632971.9288683
cb00154afcad81df60ee58f6,666038639.4508272
75801c34fb510d824a7d8366,406649326.00768644
98f2d7810641693c44096ada,829891906.9805481
1fb4c88bbf995f77f2f29b7e,837769991.5333984
0abc98f7ea1e477c6fe3425c,1014905171.2380131
b3401023d3097815687d1160,826980583.1011714
f1ef14babbc4123c5157eb9e,561125584.4978116
ecf47573fe1ff641f6914d0a,1436784234.4633825
0ddd21dcfe89f72e2246ed79,652608125.5519742
402f18888d480f5af146daab,639328959.7121251
61b3bd442f6fc8838e2f45af,879742184.266386
c4eccc400db2dc9627c9879f,985484986.3321863
ab38b4fae64ab90a55b5a403,749151776.1113617
7f4cdc01f9086bcee46d1d6c,1051801962.0460602
1be9d865ac8d01f0378bc148,1224890305.0569875
f2f43244cda8e2f5219f3db8,660383270.0000775
89ca905d858c7731313c82e1,642753929.5391816
5bbd0476c27c53e2bcaf9462,689973944.9103303
7e177acdec9c0fe684d8fe44,692573350.4048839
b764bb8ae8ba0d736bf54f5a,559438047.9612612
75f6d6beb64d846d965fa9ef,1084134168.7677023
b5293710d0cd75f95de001f6,292544103.4061213
8b8ec04a78d3826b2c8a5754,579569497.8606112
e35579e8b9b24dcccf93abba,605976499.2147086
db5e320f51680100f1ec06f9,546382780.5453355
59be3c447844f31267366cbe,571392722.6468601
0f3b424c398a8e8b53162c37,1036392991.9586314
57f4a3f6fe2e41ad97116002,572856819.8797592
1c6038b67a40f0749a72e6cd,626172762.1889359
e5da0e3919341762d5beed25,749353116.8903656
40efc0dc313284d3b57492f9,816097745.6099598
601da8fc375ba0b3df3b38bc,1377003040.7361317
61a12496ac1e6f39c5ac5d3b,1418291291.228005
8635edb61b1dda6f4742cac7,1425805668.1501954
ce12b48120daa5704a4c81e2,343438810.85256064
acf4d60dad7953065b59ced3,991072193.7302234
56e3e7d822e13838ab9f85b0,599568713.7511508
7ea2c18341f69f21b523906c,791893047.5603696
dd2396a42097b2e8bce52a72,796908548.0052987
41f99600339a7afc8e386e6e,859883521.6277814
b2d160f54ce5f98f46818e4d,1204208658.5205753
00dd36caffef00fcde85b235,1303601774.6371973
471bd64a0576aa67f494eb98,932673976.8479483
79e307acac5f42f2696b0436,1090575921.74351
e65a4eec62e2a5bbfaad5565,696066974.1362538
4845ca0d30483b36bfa55061,726348389.9009134
6784e116d96e03911e2a07f7,422854066.28913194
4184fd9a546823ff1fea0b74,860448294.4673781
616a5485bc7721ecfcc21c70,475731013.54459316
6ff3186df9d15b65dae5bd17,482033906.6664849
886706f32695891af743f986,1065351537.5567293
daeb02020f23715e663b4a38,624354460.1777885
93fa1c8ebb75b77dea76ab99,777186511.5990514
ab25a6737b3ee0c4e9cf4ae6,639406794.1391282
c5641447732d3d1269965ffb,1034861039.2481599
86b290218a62d0c51b099a08,1230985104.511278
d7b82133acf54bd3eac338c1,1582604398.1565716
10fbecd8de540f1fe4c57b7d,501254530.9732659
137baf1609138c6ca2715c7c,525935079.15885556
f5534949a53bef05de31b07e,651123062.4428692
466d4240af2cfd09a31cf3ff,799993886.3006817
7478693f3e7e8963e95be8bb,483436867.68261355
6e537e91af0de67558bc1ee2,631534881.3551195
f5b0b51ed49be034c290efd2,965582372.4829437
a4885ce6808ffdb878c41f97,516765274.67348075
a14506a4800c27223fc34728,611462385.4014087
e8e97b7919856f9cbb9ad02f,987905026.8879027
e16685dae2bd3b0a4803ec9a,976720803.0961177
044b8431b186eb022cf6fc24,553179891.9160811
60de8c37c9eb96efc432451e,961039835.6823866
59b88e154c07bb7c0ddb4e8f,705355712.3636906
71590ac868415f3a185dc15c,1001959886.1992522
6388b4cfd09e2b1219268cb2,943682507.5801506
f865cd15368fefd8c9d6aabf,652714542.5563622
ffd916080b1019827491de0b,1017663002.1430067
6b8ce573bc2ee68ace26a67f,650870974.0519588
7ce704ef5752dd496a61d857,777186511.5990514
6b1a1afa055c15908a855e9e,614804896.1820374
2a9338f62c99dbad25aec5d3,684524241.5069884
c2282da3ece2dca6e8a3bca5,792658138.5021783
5e6324cfe41c3676c7d0a5da,1036542318.7916064
f1a4afc2e543ce4260f1d781,837650148.3765965
5d17daf3e98cf433267d978f,1500932989.3653488
d5f41dd3258aa346367d7725,710772557.2686852
da35c757f211ecaab20aeb3d,505996823.2921596
8d9cd237c737f6e62092a08e,1218533861.4415045
9dd98816533e4ca8516a5474,919618513.6650401
27d14f352b2983177e836e3c,1096828048.0986586
3dd4fa53bc59e5852f9fee98,1081321566.3898523
3ca74495aa9adbd533ccfb96,1080954560.1357365
dc93d8ca60d60a118f61390b,616494751.8517092
dd7b4c374bbbcc60bb090fe8,1049545191.904008
f925a05397ca6163230f7ad1,552291685.2530018
66a59937c54eff29ab14b474,872979260.3663113
077db8e0877b924d1b57ab1e,413433128.22846466
aebc3c6079c1a80f8b2f1c7d,940176920.6563455
ae41a566826a10d5a6768d36,766883965.8573276
489fca3e6dc044412d00cca1,699955618.1441897
fc2f58cc289d29fffe8a5fe0,1060773028.3465016
59519bb6d5d299ee0b767224,728177236.5183027
19921a97a52bed6c6b8f4135,702428866.8014306
ae08b7f31e69fd930ef4c832,695030842.0533382
1b67fbd144a4a3ef40bd9824,742844750.9616961
9e142165bbde850d4379a49d,635700641.8644302
d3e971e2e224a20530ee295c,705899941.3093114
a672cd6c8c284e14913222d8,698563582.0363016
93086ab3e32aa9599708382a,1235563357.862671
63773145b1a896df26504b0d,562845349.212074
17707d66753c1eb0aca28926,531757965.65264386
6a2d4d9a257fdfb2ead837a1,457200939.0857729
f9158cf51f5e9f644349a774,626976324.0780152
c09c39339b5bbd48f349a430,600656795.4385551
d470d84f5d8299c52fa24499,488713763.10518634
9d028997ff036c154c3fda0b,1331426066.568665
40ce7321869b706210eda9da,635736853.4590294
3fc826461ec4648e4f7877da,744668515.9250884
0e7dbec40eab1b3e5c6bc665,973650433.4857867
81b3256980dd7d7f49030c78,1449041332.9156053
fed2e1459e9ccc06943a05d1,1315014457.590044
c535169307e21e5df7ec88e6,507928340.8593554
d78d84e4e42f145e02e423c9,1035978370.958304
3e523ee3a6c2d89436539792,1035978370.958304
5f2df52db15d2e0ebd327a36,518206812.1793035
1c1ff56435675288e78c4735,867556115.6462301
ec4226205a38a45d97f35828,1114364537.6788287
3214488a8fa9cf8b3dae877a,719374702.6028951
4a4fe76c58f5735ce6b018aa,1148390538.7436607
ff3696c808d4835d6c7cc9e3,633180157.6578873
1aee9081ac4a04490eb3f0e9,1018692397.2461433
8dd954e7312e6e6a07d6d4db,559842554.7430313
daa52a91f1fee77f75550246,872101532.6097839
a4ad34eb244e48afe23a780d,566467061.6367991
0b4b741487c001323f508d5d,1035978370.958304
cb383b7a746ed55b21a8b245,1046577628.5904826
4b092d4d5885cc224f6775e9,434073164.04312027
ba12305002d24055c159ed34,285958228.24815714
bd74d43d99a240ef4190ecfd,425724133.48141736
4957e0b129c5caf47b026c58,986481281.8507903
eb270972f0f69f1671a0a740,872443634.3511398
d51d3ef396efd4760c979de4,618639095.4450055
ac65d147ee69785195ef7da1,799862130.172961
53ab42a93b6deb152951f82f,1037555976.1881084
5826567e12ee3192785e36f3,1069148594.809744
ab64918f2b2b4646e87297c2,1206342744.5154288
88b0d688281db2ef0a782921,1039840165.4056754
dcceb6a2073faf9f89f3431d,1021232421.6595094
73bf75d5762e3dd30fca7b3a,769148960.0979201
a45ba5d63cd1971de19c25db,1034371484.0994153
8467eedcf9a48fee0d72d95f,1361584076.6296387
6184f12f3a903658f3319290,623398031.7111801
92ab018394a5398b832d0b97,705386082.272034
e8e215437d023387c4a55515,687074126.7023807
7b8a6949d55b5bb27c3c6839,902144467.0988067
33f1a7739cb556a78af083de,1058289281.5177225
39c6bd862f908b7e8088f0dd,1024372704.9479781
ae556ff5f318b73d3b29142d,655895627.7924027
e2fed68e0b614e65c05200b7,666497651.6474667
c62a4288a4a0336b1436132e,714105126.9336803
f23b32fa4894b6d59f73c151,901393497.6865531
4ac4fbcacef08524ccbf3623,347152637.30692995
5b5bb8156b98eb51a58e73bd,734322791.6211348
53fbed4f9680917f0615ae7e,525594014.2465951
730b528617c2841eea5addaf,664718173.605594
13d08f7e14471fcf517c204a,414403171.1076586
da273cee807e254fc9aabb9d,656906246.2299006
b8f7bd85b61951ce83d7f57b,1625169449.002439
4954ce465ba712543bdf34fb,483830612.5182864
b7483c951d2c19de665f07b6,440244746.0060994
913cdfdd62e35472522d0a6a,599447059.0498155
be28b90a71e2922437f25110,589665446.6519576
b71857f1cc385219f114035c,552576666.8699801
a72041a40ca87928c695b2f8,598461640.0765326
65a626faaed9d9e3b172415d,599447059.0498155
229bcf400e309619268dda31,598461640.0765326
367bc4fef78a9800f8616d02,598461640.0765326
dc0ac888f1e87924e3994b4e,552578253.1925907
6996e88c10a94d9ee7d05357,391750284.25535125
cb8fbae1b4141461127c97da,1391837273.4421706
d2de34876a7a6914c2dc479e,1137582934.3772645
c666974c4303d43b87714c62,756367327.8402854
e8491a7994738d098a7aede1,1352301757.51075
9a6440e5318b2de28b180a2a,711017940.039967
9ebe11eba1a88fcb24fcd141,582086070.2397797
78b0f0bd0494fba0293eb0c3,599105296.536074
047b0ded64dcae203a3015eb,633608231.5814631
7b95396ef4d0e97de8fb4986,894098834.3710259
08f1c136d5a456c0215ebea4,706449139.975627
0880b703bf2064f59f2bf20f,1023408461.8541545
cfc069bd55e152e40b3a1391,786698929.4240315
0a00771ee714a2f3f96c31a3,757267221.4527814
06acca3d0ef4685dc055ffa5,413919449.0395356
f802b026db4bf9d68cf00b16,325010674.30337673
4aebacb9ecd0a117307c7841,1065272823.004095
81ccb7e0255eee6274f5d930,1243536723.5348666
cd17bb739ac79f80d6f651a8,1313072192.0178676
917829a0aba571cbe794838d,550837000.7119853
5b83b73ec31031582aabc527,380455404.45997274
5e18ac352e3f3119f5f9197a,1090545805.4575937
b7eb15346797508f47ae094f,640539214.3539675
5ac98c971b9293bc6a8a6aae,1034585759.4733435
e196b7cdeab1468d5d4e07c5,1356464476.0177417
0ea201bfd515584bbf72f902,1232803114.9437802
d2e6ab3b3106f36f2c3fc119,593773315.6436484
59db28ba77489750903261d5,1083815340.1389406
b348c76e55613f53c8bbc94b,1120579251.1617424
a1e38854d6725e9c48c128b1,415148033.35798466
b86c526fed01211fdbb62815,958911477.2741953
1d2b83d973547da8c168f743,513125627.5242293
0fe3dbfdf25d4b013b842b51,862479158.1960558
71a20a4daea6d31de942b2ce,1443564191.1336412
35352b370a31d01748616b01,1140599097.858679
27942219389ecffbce2e1d9e,1177399178.1775324
62fbacd4e172983a2a998daf,1059394579.6364707
00c1165df93a4cfe679f54e2,1163061390.2466702
207f669778ed0db0e619ed40,677079538.8503466
5ca0586ab7d20dce5e9ca8a0,735979232.0829573
cc27435df779f16e6a62b0c2,1144844712.5464675
7a94d3d31471ae313659aeae,705790736.5598301
efebd19fc5a2ab30f2ccedcf,1049295255.6221832
8037e40c0c8b20ab6e0d4b78,430698632.9367454
5ae3359bfe2a704de00e8801,666674340.1736535
a5587c93c012375dee920f71,616908325.8175315
ee7f7d547af56773a4b0afaa,971791034.7627262
9ed988dd6739eb7ad7aa5a06,1076682229.130905
26c08d7331ae19e1934a22da,767993655.5877608
767024c66d3a88bb18407b6d,1191807932.3465147
6afa85ee6594d1c8296f04b2,600377038.4449122
551ca6ad1ecfc7ac21f8ef0d,1177154508.4716327
1f79204a8f62c29b0a1b29d5,375106610.7941625
3dc0fa238745fbc31ba88853,449876035.4407214
4bc3f597867c6844e9b47fc9,525125897.4119352
53973c17ea7e89fbee5e6cf4,318376982.571746
05397b2087e5cf381809f169,674799361.9980298
584990ea9718bb5598495061,400665167.4954252
2e7c6a89d2cf2d835839f5f1,814471846.4425664
5c02d79c59fb636ca4cbe86e,554026660.0360545
114436e00c03b44096823522,1018787595.5408545
60caee98c3cc8526d16d7f44,584065613.8656962
8207612808b5947f2802d2a6,827021915.2066327
31a73382ae20331521bf2e6f,745007238.2638663
c58947cd4f238cfdc0007bf7,1810018742.574457
a7ee02ad2a4fa122799a2dfa,1198132211.962447
c77a63e92b9f727034913d8f,631442011.6506652
56c6bf831d3c6737e3844969,829281449.9861633
73ec6f4da3c277958cd2c228,1088225696.9637039
7dcd1916c0485e0b80f9eeb4,1136582708.6805203
cafa94c4a56c23ec73ee9071,1491588347.8834462
d5ccfaaaa739b2bb2b3d46f7,492410766.3159361
e6d2e862f58445084b2980bb,1430117439.7069097
62f96ed5c1e5f28117949a23,546293710.8094393
20d8980a4fa8e094b7a5f00c,546293710.8094393
0172678cb0737e21a317eda4,446011992.5070949
6254ee88812e303bdedb8767,1842579578.4612448
a812ed43db71868625b351bb,951783161.3304582
2bd1c70db60a44d4400847ca,1162611229.3557515
b057dd8a9c2082d1a78cba88,406673469.7213725
2fb149a70fa14ac05582ae69,745405498.1203444
47e282cb12ae01243d713178,573884336.2233146
ae47cf27964393fd56a52d7e,874309011.2087865
21642991a20d6b0d17dea2bb,763647472.5662541
43b10ad2660d7552ab6c3b10,631013761.6569511
64e5093d6bae57e8b4298123,845734615.31159
9d8d3e6fb432174770c74e71,696257006.0143737
9f2498c12d7b41c213bec0ff,523412543.33565015
6461c0a03ad3ecf2f8112759,630375074.7243601
09b15382686c42fd89b24285,1316513989.6947725
da846b08fe2205d2e2a3dc71,514556094.97039044
2a89ac6511416d0920f1b9a2,1150954372.0219946
3e9083411c44213130b2ece8,895177343.0301291
0f0df5694eb388d843e1f17c,702705018.9992487
ee6a288e644183bb191a6526,644116096.2056302
8f570610ef199a3ecc49a0a5,701589237.4828302
3115e2391cc3a078b5e6066f,773169999.2310829
c7e45098251c687efe670815,646287543.4123873
8a3b7f5a8da339fe19e8f138,1053384081.2206234
2f801cf48edb712627196b2c,601648355.5989958
a147a8c29757c5d0c592d347,524429149.3023778
86b0aa633bb16582bab5640f,626547608.7809006
c9620e3e2dce92bf95c57c6d,804934079.6801142
b746e4a5c9d04cf4dbf887da,859623592.8255882
915842a8a03914c08a6607c3,424186414.39731336
e9e6e054c1d09a22b7efa20a,666980162.4426334
4b6fb9b705d80ff350bd620e,596555302.4022146
9a51784f33b0cdfce8312163,973407965.9135586
176c9a90fcbceb91569fa3e2,1072655961.3314697
c97e70a767a3661c4869bf86,740150618.3437562
a6bdb6221b88a24c9f8381b0,887574832.6671678
0a1e6a95a0f9598150c121ce,1180862400.4498568
37d12acc69d0e3e92420e62d,669237019.4384794
d433ad6c3cdbd707e6839082,991267214.9088787
36bec92975612d091a3c78b1,811045369.8618343
3eb97ecf8069775b9104af85,926005794.6226753
9aeed339b2d916cc89f38bc3,651163987.6864734
f404deec9ec16a8460397815,588585411.0074517
8a0114372706f30bf6867a2e,852219484.8088592
681e772045fbee930fcc9ff3,1474566867.8805323
0816f29a68aa35abd5978e7c,750081559.3135164
670fe8f7b8ebe006885b2777,778750301.3696533
d36dd340e5875df6cba999ad,1170160781.0881796
8ae869c5033c248f881ac313,1135083461.1203732
294b04da3eaabadd55da9c20,966516876.7210076
17b360d57782208f5afdfe4b,1150668894.783947
88ed5ebb575d026f8d440c60,620174584.8582964
e611a37562f88ebe07bb28d3,477775769.3660416
e685650979374c571dea2ec1,546279512.9825928
10d47d2c73f0ccbc97979bcd,635106713.4012444
fe96a7d758a874b1f0c42145,491094754.6288051
a7634531887e969c9c5469d8,357853986.57730746
42f38b1b2dc077c88a746c1e,584065613.8656962
25e832098d9e6e7c2f9afe2c,1032344764.4063143
b7dc47c641b46ca99fb83a0e,1135611118.9308689
0391d158ab104c5cdba31872,919562613.1998407
a3c4d0ba7b85b9a6370e131a,1329310959.3406332
27721beb237824844adbc289,883231587.0860468
6e807e25b64bf0de81f51c12,1797185489.004644
d2637d64e4022075c8f539e1,889390753.9587861
faedbe92e3296977872a4aeb,1377341419.1980608
5bbc190cdc5ff3296801ac0a,724936089.1303242
9b0abbbbfe0bc85686304ad6,704564236.9320382
f8263893418eb0752dae48f3,319920987.6618738
1e73d6064abab2cccdb6610c,327024520.2417015
c0155096575af5fc8db843cf,369203986.6886688
9c7f7b0ebe440f60d3bd478e,319920987.6618738
25187d9f4cfe89a525ef2493,343337189.2869502
85815a09bde2a30e296f65bf,317543255.1914272
fd45b984efcdb0b434033fd9,598614528.9744362
5dac2d2027b6c81c1b7ee3a4,318209292.3700749
7df538c0c831520e6d36e39f,372161249.5365489
14b81320fc31c7a513242171,316631001.8407009
8026e480ba395cfe1e09cec6,328783633.9603213
80bbc51dd90d131d091521a0,696280119.6556474
ae6ac510d3e46a50ef24896e,328997096.7329863
06b90d41ad3ce1d0d389fea9,969130090.1471007
8d911c1a195567dae3cad99e,651187436.4087301
2876aa9ef0b44e43084393fa,482305028.86902076
76556774906f9e12b319c232,324367108.51914656
9662cce3c4b92d1c99849899,1169787406.669289
de3d078e5d524d8a7b65841c,969593509.055739
547c8638128424b89d602f50,1156968000.3580036
c8a3dc3654c53cf66953de0e,812688762.372415
21c8b93e50ac884e63514f10,1055938132.9654813
49a0715897795017ee0de843,457806860.8517535
5d646ababb10f51c141e0d8a,660413922.6540457
da598f8a82b1ad1b02961cd1,796908548.0052987
84d8f7109615519f2ab0a48c,719326460.8622203
0d027b81f8391d73fe0046aa,1040207500.802626
079bc331430e94ee76f8097e,619364843.9198589
61055e6eb1910507640ce6b4,894743986.4680258
3f6effb8881ea683838437be,1210176702.0829246
92c8d6ee8496b91821d7ba3e,632984535.8271056
78a08f21f7d7c51ff4d5b8ac,1056112430.3480885
f7ee7282cb9edc77740f392b,857582374.4569215
694b0a500f1619c4ac4c85fb,916651651.9829359
13d43933e04c3c7a9e5071cd,852714915.809857
5abb555cb9d65db8e6c28201,622547727.8097601
ee8103b958673c589b9cb27b,939344222.6802565
5b3a467a3b0feb8ed81be1b7,1487337118.591419
e570a5157e02d440a78ca008,774343419.4174185
70298b5e8fbd66aee975ff14,731969945.1432267
2b552d7b1a1488dfd618b120,415952055.2352487
f4ea9c80fe71a1bd0b692475,682779104.8994522
e6a9d5c9a82ba73e76817a81,765493573.9390695
9b58b5c993540ec3ab1e4a0c,936572317.909204
00858277a3cf4f31b8e3f738,798426129.5293397
d937ac866f671e4a0c090879,958414566.2094146
7d02b3479cb2d89d55bd4fe7,1151660242.1536992
bf79649b531e876c5f03883b,629423736.5177467
66a2ec5aac8969b2be538c1c,1151660242.1536992
7637c251618135e082a9e2b8,800437319.2591581
e8c9070ca596f88bc2e0868a,534328600.0312102
64adcb2941e9553ee394caee,558637576.3187582
0bc8475715e42b752649b4e6,778917003.6860695
956ad3b1dcbe8f236efe2d2b,548425682.2319233
dc81900a751b64dedcb4ac39,703347072.2193289
02e52d3895522d9be85c4544,522335481.1130093
49d6752dd196e7dd583baf44,718061594.8374895
8364aa431b2e267e41efabc2,701139482.3387209
1b59d33f9000d2e1aad46239,563660957.4199493
74a791baebeffcb7e7b917d0,622952142.8747765
0a3911a1a9284f2ff81689e6,465568566.78382707
6276bb8ceb13d174b8e405f0,539782503.9653703
d573d2caf8c67aa32bbe592b,643118857.539325
57cafce17dc4de3bf8a9ba90,1024724213.1676478
1dc9e5c684c831b204d21585,1257848209.893966
48df432642971a97d3d4bd45,596844956.1075943
4902ccbe8456d3f0a29e5059,657727673.1021148
3a810dc80d3a63f8cf106717,902799749.603068
c9859204696f3440cdb541c3,1064712026.1391735
349fa9cfa15d8f8bdcbe863a,1461479125.3116176
d0bdb51c8020a37fe8344650,1083723296.053886
7b037e6e5d110999e51b79c9,973941995.5172156
f677c51266f5ada9e23f20eb,411408718.1183466
1b85d69a0f8ce1d6ac4d4475,739474363.0854301
4570a3ca0571c70657b4a1c6,853596590.6286746
de32ca7785b71dbcc76a50a1,857289418.4740962
4e3cce6b581e74879c2dbc4f,545356248.9585199
09c4d4b5d1c0118d877d5734,856629666.3697304
b9809baae395914981a9296f,678585640.6007254
fa56058283c975be76d7c990,864372212.0477238
7b32938ebf0b1b167a3d2d20,663515606.393333
bb38c1c17612ce593e5ae7bd,328154869.6102106
bf0485c2e267d06b9b1d90c6,908814692.010156
0357d0ee6e0646113ea543cf,903056718.5137166
ddf5182c482fca7d881fcba4,824755537.469858
47e6a61fd652a3dd37556ddf,635049955.7786547
a9054883a22542257c7e778f,285958228.24815714
d7c70d831e88d552da09ff29,1281195098.3029473
d4d138bbc80a0b29ed28a4d6,494811709.1568786
dc9119767bf4f21fcccdcc69,913644572.6693395
e8caed8cd754b0e3d43e6954,820523658.43323
033307467830cb865a785e3e,696749359.8277107
5498b3e3ca091bb81be87166,640748154.8893443
bcaded180edb36336c2f5b96,1049424479.3984435
ee4377ff95580b93e80ae08c,828630730.659684
c25e1e289cac1bbbee489122,1024267426.236713
7e41d90a838048eda035fb27,887674771.8950936
f418efb887a15127cf2563b1,473461108.5106798
93b27fa67eae8cdfcb846772,602997939.0003341
6a42271a0b03bf9a856d1acf,662260345.434558
2af9e271765438a47fa7e7a9,427862829.44843173
11429e0923f804d7dc5d27b6,1243745020.5506577
c218434cb0b05ebcef935e5b,1015404794.8396231
a98e4f4db7afb8a6c9f69400,683285627.1175817
3c35c8993bb937164ae4a880,965579879.8454527
c23a1372c81ba03e6dabb0df,596725496.2961272
cb332695a296899d1c798426,690138721.3071955
2ace3da2fc4e0c022f7a8755,1160780971.1580653
14f1bf9aa68aee1ac094097c,854236538.2395241
649a2784beb9b821d36179af,828157186.266759
6bbb8f89bae38eff88c89c46,544326136.7241718
1905b860a8d463c3048b4e46,556487539.4586084
3ec50faceb434f716d73613c,1401141835.77142
99543a17b33ab955d03adfef,1059142126.24669
edbafba81b92efa9b1400987,1174355127.1593885
9b3846c7abf642e0a6220e7a,609978544.3338118
691c35e98d0d5780aa82aa06,591507121.7321165
395fbdeb9f0c0586a2b20edc,528363096.09965885
4803a3aedb6c20eb194469c1,521329215.0679441
bf95acc88b60a3d531fbd42e,608583180.5193623
b936e36ecacd7cbc3498cee4,582209880.1265241
293c8a0a4a358fe7554a4ae1,1105989242.4027278
5a72e2a62121158efe59069d,604631888.8842323
605276b332b5e5984b83ea8d,421169928.90209126
d3de7e975a9215d04567e467,566676864.1208102
44b623f7fca1a306560172ac,649798574.5377046
9a6a8802cbf3549870c55031,573648605.4503711
f43c684b789900c58c8b5fd4,566676864.1208102
dd7ec9d7dfad5364dd303f49,602453761.1283234
506f2b1ff3e4e7e43a5596f2,898394131.3762895
090d371309090bf83b6fe0f1,774188229.7344128
886be9a1881866ab1f300533,599040073.4633999
ef34f331871e8ca6573981e1,550342524.9105865
53bbf1d3345eabc2a8b7f5ff,688599053.466654
5bb87c8d49ba8ae67a659b52,739324305.2142867
21dd47ac3c4e1d6bd0ed2485,620815264.1892054
f59686ef2740247394547078,1450885430.4762018
8fac177c5a8b4faa21b33138,401136400.06659067
b2bc172a3ab25b8caef50189,989983124.3727169
a10055de743532d7b7bd29a0,590701121.9735074
c344e3be381326a1b6cb5989,667976630.2787356
3fa4ef366575bc72ca5a0582,731098671.0811306
e9205b722e624eba0fd36145,1156303737.0312467
e75699a7693c678786ced75c,700174610.468324
23208132621583ce4a46de77,1391042165.3655243
558d9e4b57fbe6c7e0a09a95,1079322505.484103
1a6ecf722b2eed8cdc19ba20,1004705989.968868
11734add51785f1ddb999c5e,676079429.4869504
82c9ce0d018c1d620b7a6689,582891127.0829046
80d95b058cb11ec829b5ec96,645328463.0097281
cd89201cfe3fa19a4eb14bf1,620815264.1892054
d0a5f33f0689445e22db6626,469874977.3365559
c7c99ae9259b34bf9b8ba799,519662139.7173814
73806685dec82cf637f19384,532393407.7326379
83007c444fa52b34482ed55e,791826564.1212097
e08561df5747246d74136dc4,475982462.8361097
5b0219cdbb8ed527aec91659,1092230189.335971
119805b72aeb50f05d3a5bd9,945526982.0955946
fd20cc372715855081e24eae,935460614.5887955
e4a021b625f4ffbed391c6e7,878771176.9110478
902d4fc2c44ae5ca2703426e,713276699.1387823
71aacbd62d72d3eb29a744dc,759416606.0084062
7290697f96d8e2101089984a,725373571.1208361
314153750510e92ddcecf33c,1252551858.077831
9d576cf721ad30ab1a4fd554,430974714.78956634
50160783a9a0503df5a38dee,614271036.4901668
0f4abd70b68453d3500eebb5,422260411.162392
42cde300d741cb134a529031,468616847.50448483
1e9cb258a0b7e08244d7fcb1,635142720.9372095
febc9a1b054671445d756cec,729101540.9941311
39351adf139f820864dfe8f4,1001052491.8293718
b4fac45659e67d4e91fe65ff,285958228.24815714
fbe555f6bd0edc1bc950d9ea,987807588.8803445
67308f6bb80d2a203e306104,459292218.89359176
799cb909791d43a1eb305eaf,917304625.6217705
4354c1b6b27a87c451ddaf36,628278911.1099539
0b937a3ea4864896b744108e,395144849.0302928
b96d8b77fb5ba71ebce2fb26,876941203.3473904
f4b1645da3f4286e39f2fe4a,857478496.0779755
a2d1de4211aff373009809ec,523141976.2870658
50b619ba3e0b2a4c6512bc97,841441724.4302788
3d57abd322b0077efa1091df,1023398762.7787203
652793275729ff3b69e86072,596703427.8644595
1e2270f9f49aaf3be01dab49,1801875808.1398697
99970db787f55a4d1963942e,401769115.10256624
801d821fd6ab7ee01b62a800,805700218.1672486
2abd46909a251b8ebbd37133,586489565.4703093
20a783884d6bcf1aa5697772,639781039.9252414
2fc38ab2689eb24f63e32efc,957665708.2323074
1f592cc4ed728909040f953d,1272092105.7422457
d1dca15e36fcc5ec14dfd870,1272092105.7422457
54f7aab6b91b48272a81fb47,1190900962.6241524
b6d84e7d569d8d0f0d0c9066,1143181352.630692
54d10cb2a44179fd4d726f1b,1260657778.370573
341c307eedfce3f735f4a63f,773257182.3192313
1e057cf20757627d1b006141,443798145.4424737
798bf22408ef6814759da1f5,950813566.2930434
9ef3691cdc2bcece41b47e78,976243453.0498314
fd5793113661540ee34b8cb8,934024506.2917199
9c4ce4e9f12764544cc8bded,634808205.1048584
542b5322e59a3273e10dcda9,1086257275.633399
af578bfec5d84cc2f4ffb8bd,738710493.0563209
a310528e34207b5dd813df8f,857478496.0779755
ecf5c9bd618e3976ceb5697f,1123609217.6438608
d342a1ae299065045a957767,1685732175.689405
f5dcdfdcc8f414cb7a38309f,609990517.5950329
4090c1b86074c8e769cc72fd,510088399.9352741
7ef2d4777310765d0c8121af,1084909990.8748236
39222ab30001b3cf45b7de65,704960525.6397303
91a73bedc30e0c2acd95d6eb,707243775.8606417
d1e6d6900eebd9ace65d6c36,614377440.4235544
592c9c45c07388359f663219,557296452.7054604
738111512f5e5052927468d9,1173088442.8996353
0db51d4771623f5fc1026d74,589038014.8683063
82c9556e19072558cbe3a7ff,490797200.820848
c1e51ab95336a51885b4c672,883100744.4579147
0eda675541a035b1f620ccc8,1044141365.3360769
cf379b41b70374ac4cf82dc4,601660155.552031
d90c961aa01e51d63e50a2de,1078640548.4756637
990379c9f9f210206c6f1916,1364659489.4156058
f8189811dc639d760937df95,620539307.9569291
3d1deb639d94b292552a123c,631256119.074411
43041a793a13a4171f22e492,649140741.4772345
052d00805b2602cac76fed4d,814584785.0737523
c76207e622cf8a208910707a,660292772.5837083
ebe33bde2abbecd6d1fb0cfc,610487887.0397487
2e23ee2beaf5293f57a5c504,490550421.3440972
abbd422c412c2d57f5df62ba,482797779.0718343
648217f4d8b5e0e65dea066c,828589931.7444936
52e7657a539be5f36f48bed8,1189551444.8068073
3a276f0df8c12422e14107c5,949609538.8944128
dc537b5973d2b94acf6f23df,1006351773.9716973
0a41279a5ea9b92bf8cb79c0,1401776761.5431218
80ed77aff62d4c57ede6ba94,662523127.6872375
1fbc660f780245bd72015f07,920855954.7261158
df1f513009808ebd46ec0847,680585911.5503424
58708fd9e83147daf1a80c48,521088970.5240338
52b699f9900d81ae85ddc7d6,736551724.0005052
98c5b154ec80083bf6f51835,1017663002.1430067
588400f7829874f9de919e39,519013858.44159997
46a2a88ef09b2aab932ea02a,932704932.7945354
31474c62a8f39e250fb2882b,1214380742.3431098
b40873d316de1c295f2a97ec,744336904.9931726
bf4b8b23cd87377169684e98,938907537.047599
a34b3b037805f2ec489a95fc,633072077.448149
963985c57392ed0423d74caf,681878207.8543671
a93a37e4cc75c069e14ffa00,719972396.8732615
071f284d07719a3517c55567,754780996.1385899
5d030db414b00948ec10d18f,489607347.61714506
6e57de8c4ec2e42832cd4b09,995253156.9819988
d9ee40ccf461ce3e9ebb815c,703123301.5953063
ee13d186a24af238d06e0c2b,716308612.382451
f27397321c007765244e56e3,920138678.8652186
959397711c3f452486ae591c,1006027501.9720787
a41222195e5c7d7987dc3c7e,523270648.88403225
ad14cc63c36789bfc1bac0ef,434758607.84952605
79ea72e7b03cfd4fdb5219b3,633234245.7847109
cf68e05962a41395844e9c80,633642840.8213105
4a20d03d09fb9d0ee5565ec9,439189045.7474403
734c9446d0674b8d6545bfef,1053901708.6619846
d9706de7190ae64c83e65769,649660966.8113703
b778282fc4b9c43055629e44,1039840165.4056754
a4d4d6480b56d6198c0120d4,639213022.057639
7557a9bc12cf0f2901c00264,892420734.4370557
41376f69b086937257387f1d,709132642.1436437
2910f3631d1db77e4b61f8b5,598542908.1866522
3a8a506c99ede47ae2257e87,790134476.2604966
25d89911e830697217d460f5,710811788.3304067
365a227184022e99f1d2a816,674540985.6794461
c6e34cb4e79a729a5df4183a,971056005.4771076
c5c3f06bbf812593d1b95a40,997510815.2492148
acd6ad0081960c0f17b144dc,1016208001.4603167
344a104d2210954497a5a388,726965316.5661056
c0109086d0f49aac6c3f3f18,563392004.285836
c42c99f5da3248e7bcc73fa7,768357737.2838899
8e1e9ae57400052cbbaed9dc,1572737640.5827897
8cdd55d191f206b0841e56eb,1010453314.84237
c1e0b47866cf4a0120e4b3d6,590162229.6837997
45a033d121ca5afef24161ba,562316801.2181516
bc834280fb45fb308d957640,571093310.8281896
9ddc14c8e7fe7ffb078e0019,1027760179.5868384
7d66238672def6f73c25247a,497779550.63778555
2c12cbaa1f14553c1d41b958,538108178.3053248
196969a98960a68088266261,736551724.0005052
a5a3cab55661982b7d30bc78,633631471.4362139
6464d5cc161ac659dd963897,577598297.2046082
e9f44786cf982100af0984e4,1059787694.1974722
6302e608d8f37e63f4e5cc27,508132190.25468516
ab614a5008d68aebe34aa201,859286279.8178407
06bfbccfb3ec0b1f65f4b351,1050322035.2681856
f7f46ac9158f0a1edd01709e,758912343.105446
6e233ae6294318baaeebb59b,1182840389.961829
bf6e713a689f574b532edd4c,1042564000.4951718
a7e97bdf2d4f2f62f9889c3b,600792209.5480857
784822ba0060eac9358cce22,363283547.60468125
13c51ea93d19df6c273a1502,625472513.5918367
176e00102fb65cba56279287,581824236.6272997
52e5904902e4d75ad87afde7,756402543.4832723
728ce22c8db9bd0abe3f20a8,977638603.5066478
e8bf121ec117e383c843bc51,1538610778.8788488
878ff8ef3c862929bbb19ebc,810766220.884763
ed80ba018de35d5d76d50db4,1202971866.0812106
9267fcc93ae3b6df8c12d9fb,560220345.0075188
babe27dc477f5e1b7e438422,681243411.0005044
a4173461aa676e09227559fc,576781607.5788965
f0b2a0602bb5a83f0827ac75,826793059.4563829
2da346c00d6fc39268f12b82,697694768.4212685
9ec5fbf8767dd0d2744a79b4,643131886.1565522
c85e9bd6e20ee2a883d0a7d9,414558130.603
191cb509fd44e580ee32486f,1079401753.181179
053d37bf1d988505b5e91809,676899523.8725917
4d3a66e028dc8f3e9ad9e9cf,638518507.0847564
c75b265c0eb946ce77e32ce7,894805171.8747636
d233eb8af3ef7e325f6c8f9f,455860883.83510584
7f7f5313341b3ca499968716,594193562.468714
4fa51848638f4437a3e31682,853184646.0491728
9090236db3ef719edf72a330,1505469163.3026342
4dacc190eae91b059dacbb00,1276269563.1173718
ccd2f6ec8e9841f1068b7c76,893686588.8901004
a354cdbaff42acd1a0b5d82d,813577410.8087621
da8d3092ed0e085a83a7d67a,773578693.6143794
1181e18553eafcf5edf6fa05,1218653662.8081408
5b146f1914acf2ae78360fec,1187995174.6014445
a0fa0aca2f6c2ae65a98ccbc,731969945.1432267
038bb35043651579f443c481,752450848.4238789
430c46358b85ad4a741c7187,309390100.8537467
4becfb041b0439429f2cffb4,512253962.615041
feb87029d5a2e8125e165bef,412823544.81378037
61ffbbc24b30698ab8f735c0,547312798.4571254
0e3067f71dfb9dc2e03bba59,613183782.4193636
b8ec643c66478da376153333,658773907.4986454
c8bccdccc9186136a332e995,833397052.3241805
0f4765c8929a87746217e957,1325246740.3646224
68c145df0ef91fb4d14d001b,548411489.2188952
e5b92a0c67c506ca6e92315a,568297696.9988494
a482103965890c922a66eedf,780611506.7730457
1d917f9f5a3cd44cc4dc8d2e,521212434.1162519
4cc968db25c2cf03991c0041,792258562.9154763
91ba0c5b21b52734d1e244f0,624908118.0089408
d6a8f4abcb02142c6dd15b30,486885326.85277086
0587e7e1f03af8ea6c46290e,513620338.61098975
61e1e0c49f3aafee6ec9179d,721695264.5287347
797da4e993a993ef80277108,759739651.9156386
b8acc8e72f2c498fede3fefb,768155399.7528106
ef2ae24039bf2cff1caa4340,663104920.9565114
cfb8d15c6b0c0e6ee4b92109,792528736.4699141
05aecff6fd8d866c6c157a9a,957653552.5529451
b2e37eb7cde5cf4290649ad3,1097869502.150622
b7ecbd35179a7658f3c11b41,896352291.4987001
699095150a7f3f32c40454fe,1502692934.5088885
989a4fc1590097414d7c3fa3,453102317.1349203
b6853999c45e21646a0d1b20,285958228.24815714
6ddb6863958ded0d72fcc6a9,402671440.37819
f6fc3807b54d8c69459c4f64,606461971.276635
6528ca87df8bb477f4b6b8c7,544825592.9541159
7bba885503ea7716ffea503c,517689222.99561745
846e6f1ba1c94966314345d8,750049040.9822758
04e6a79dd3e4d8d17c8b5387,1487275737.3719425
4d60db10157fd0b5eab9a23f,1139779809.2725587
0d7d434afcc5e93050e0b86d,1196566021.4089987
bb9ffa04d913d06846d082a7,1135274086.740519
80abc4c356813c1e4ead1e1e,482181305.2849186
df8979b26c9971dd7c3500d8,1020161261.7736328
6ea18874ea84b5b4840f9b85,627332657.7905462
aa75ed5781e6e8584143daa4,696147565.1989046
c8c8d083c9b9600059a8b8d1,508523146.31477356
5c8f3b7ccb4340263c255d00,698823931.732655
79b943894c4dd68bfd8cde7f,599208800.3421321
64f36d32a3a64853227fa69b,1120852741.6913927
d7080c3742cd9d72e9d0ae48,519468073.5303535
8333d32b98625a2742cfabd6,826763375.7465225
bddcc7fb72bb973f84b864dd,983229900.9965482
5a80dd0f68dc2cf9fb1b0c03,474882596.800198
5d82060575bdb7be33e63ecb,1020836719.8002689
de416f239b27327e0f78b862,1011830028.2962395
816f93a2e035e4fcf61ee4c9,1011916222.7496628
aca1776ef24acabe172d573f,1073834210.420409
af32aa018cdfd081a81bbc80,638476351.2365937
7d133cde943d189c9abbb6e4,1136155708.1790192
80035ad5b3b4a948469800bb,722111912.866921
95bdebef7fdc2ac0e9541c51,1044645390.1453843
d038e5695b32bdc6fff1f72d,1076677336.2737274
2979f2d91d649a8c14f5453c,746780921.4800901
a0be286778d94153d3b22ccb,883330847.994016
57e8ea351ecd1ff0825b1324,1093487377.9544792
c84f96cf4570158c3832c3f3,794511302.1671427
93ab279de0b7b414ce758153,627210418.7740383
2018131ad3f6e5aa8f4be704,1064913720.7123007
eb055771816b45213df3ff3b,384211761.8143161
8e3700ec731701361d7bb7c9,516964694.4674659
422e994aaca85628ff759004,777270206.4288442
569e2cad5c18a5f393f80a8d,880374699.606328
7b4ca3a8d09968e48c185260,811729685.1866927
12785f791e04b3a49547fbc6,1160266246.2929645
02ea72128a99862e9537718e,912127976.7482479
fd77ee8ca0551b5b614b40e1,1093600337.9876223
ffbf6a54fb00029ba24dd3ad,492893347.4734996
a295b12b773127f15e83e174,647558046.8630091
90f0cf22cf9c8fcc290e495d,402876256.7788913
220d466e3737f1f2a8ed06ae,406673469.7213725
235c56f4afd6d87f1b3e199b,529552475.4449562
eb0f3b14782c9a484408c606,701530982.0842267
4188712d431ba996cd59fbe5,664098064.7558087
3dfd7e954d6f7f40af60bc9d,462921778.75317717
00e80be4feb1e8593b7713fe,581179960.6475562
eabdd1bad2bc4351ba4a2635,787129599.989607
850342685ececa472945f7ed,561014263.4919791
ecc4d05489c5ffc8164d5469,449876035.4407214
2406d47133763272a965ef51,452127321.6747905
b9430e8c145c2a0d7efab2a4,735825324.863364
4f8dfb8de411b8a05c55dbbb,606511632.6197921
574b6bef16abb21fd67db401,566031770.8911443
e7ef0d61e27de15f10b0d643,787129599.989607
647ec3f486cedf045cdd3b68,573751467.0722947
69d83d8492db7ade6c37c3de,522619783.62516433
6c07175274fba6a0dc467cbe,627512294.1000443
a5a71962df1b8bc45bf5547e,735904637.6194049
ff61abc1e7843e20b1bf8656,484437881.77729833
540c4d7a79864885d73cca95,508602604.53930765
17d0f69ae2c4f1aaa1aca9c7,687360837.0149112
80de6a9303eedbfd1c69601f,771445555.7415845
7cf573f273b14a6cfafa3ec8,559053637.0081111
eb9ab213defc2de5d878653f,576237223.7386788
69f7ab8608b5328f106b42e5,772641901.6797992
9daaca90887e5144c35daeff,567511702.7972103
2bd08c0964ef4a95295db843,827150087.5677661
34f0542a538cee9f3624d897,474524868.01766855
847a7fbd4425fd2fbc4b3edf,1466575334.336357
22428154baf95870f1d83fdc,770683700.9238259
18e89f083fdbce3da0a82a4a,1205848987.695423
63674e7ddf6f2b4d7c6d5c1b,446021379.12067467
0e97f66cf4208c1a57d1fb17,498535824.24212444
a90f7cd68b662c87d9fc2d5e,657092474.9662961
2086639384041f3a9b519140,726965316.5661056
d38353aaffa4af168518c6c5,647018463.813154
d994f3919c3c8fe0ebd538ad,1096994732.26828
ea9d6dc517c77ff8bffd596b,1201345012.7688916
ff83788b9f8db0297f6c0148,1094893381.437837
9d9564415e52518c2817f66f,482843798.490531
9362189c5d784741c9b0f8e7,863003782.9878861
ffb510bd3f847f4ede255fbb,512520462.73735124
7d3e4ead63a869bae978027e,820281913.5624
5dc404d1c214abd2d45b2a0a,1230178044.4988146
64335f6d4c1a7514377be77d,565338434.6326131
b81801f02a73feb1db7f5e83,1142811764.5329957
b5d6fe84ee7c6a703891112d,1293323566.325219
af0502ae1fe341c2ce1b5325,547890824.6599767
ec43b2789c9cc266a8e0d1f6,568170307.4710017
7ff8b0b5ab4fd12f3be399ce,746169473.0351278
d5c8073e3ceefbfbb547eee3,785243147.4521242
66379c5752189c150954b4f0,477603195.4326245
6a3f9046cfdbf4eefca3ca69,596596197.2174181
b549a72c938d767ed504bd83,770005408.3073429
f48e503ebd3908838c1f2ae6,564112787.6234622
e58ba64bfa5280630bfcfa97,669412361.8879749
07edd16680605925192efcf1,609793352.3656452
70b821bc1c7dd846a8be343c,519238594.96297234
d84d7edc4a4896c4a8722328,502532875.8385425
6d592a69209ef3356e656c44,467846146.74354833
ca9b2ef10b512905af6be620,748819526.6399978
bbf16146922556095f53b5ea,875033504.6412514
86e80098f5a3e7dbd635838d,678893789.054768
dad46c20f9f7d834e522fdd1,1101911485.915499
e2dcb036931bf4b2aa030036,1083844773.7781267
aa7a25411bc0f9f93dcc40df,462626553.9393627
e192181121fe58a8bf94aecf,565743289.3502759
5aa715bbe2b178ad0c9e4b08,861668795.12005
43b5b5a9a1615eba48ab8b66,525125897.4119352
dc91e3fe1b190fd8cf2584c9,535815162.82193786
1014341bbcd2fd5775631f78,492310428.80468225
7f2e9d302a6ed1770db9f7cf,745007238.2638663
73f4074e5e09e52e0e03598f,881615553.2028004
0460eacc73398bb95f0518e2,1213133355.528424
5a44be6fad8878eb2c394ca9,1160983992.3220444
936cdcce007bce08a72112b7,595853023.1027284
8334a4cc7db8ed5c0071fe95,595054412.2482327
e3e9d1d073b129c697c1e9e9,641632706.1083629
dd9a60c3d502ca3cc98d9b73,685026192.1369611
949184accb5878f82fd5c10f,1123706653.9396842
bbc675f7edfa0425c78c15ea,740341960.7937768
7436750d73f2e56b4f29e98f,817988216.719762
cf81103f31f74edfe0453de8,912050210.1790724
620e467297aed5c47e22735a,375286528.77260303
41037a3f8625082544979179,499493475.48710233
6a2db40e5f210a31b2f7119e,668413310.6812807
0083ef74db679d22463a1afe,875825557.688512
b19be1ad7f60717a943ff0f7,432612164.9720911
0906b6a88fb1eb0d7bfb6bb5,545323742.3000516
f82adf71d17c261b41a5231a,910055641.0911188
bdda694c42c52ba4803d482f,892341980.4753168
80f633154b6f94b8fa24f213,705543474.5911037
f69aa18a64d8b8494fd9fe3f,429904181.7554833
3146f3ec9b237fa0944cec7b,580729578.289034
5db3d671b5aa03dc33f258dc,440945287.282214
d5239537894ce7f2a9cb5a49,531283534.3001306
bc28e66374356a4fcf9b62d7,636670222.8615525
3697e556be961a16a621f3e5,521720945.3310074
bb6f66493fbafa76d70b0a34,810702519.3839232
e78a4111d943044a9a32ed80,953222460.1518418
044e2daf937c0d8373f2e914,779111185.8602234
77668d4325802de9d63609a9,694783858.1549217
a85ba83751915d8d5d1a0e09,874499429.5884118
429460d5f5c5381e945cf449,745509105.9680372
a53dc5c58f7384729ba37a21,653564545.5102172
a4dba76865fbd14aa19c0286,1215948451.2073061
7573c18a79e5e3ee0610d7cc,842340996.7636461
f13f72c1cb469db92b25c2fb,1074818290.571161
45dd7eee4488e88d71d46783,1275435011.6561913
dd4fd04b9fd80818bd543f9d,943458034.7878003
500a3c5953f89b431184fead,1155217437.5406907
d2e737461b916ba78030c76f,981221722.5896481
e1e69b5a90431b8a44265487,531594041.74411553
49cc8164d94a2afe8b750af4,557018554.3688778
e9b054016b281140d2566d88,1195145182.9608643
32161228e9c502d2c21beaa3,564142057.7225436
9017accdd4fe3229fc45280b,335619807.96496075
17fed4a312a9b773f64861d3,477898363.19626904
8632f5681d04d9c934675409,1353806284.3345346
8356123e4d10a479a12e98bb,685801761.2436007
70463649ffbda5fdf3c10ec8,831149232.9003954
1414ec3cdd3f6ab772fc7584,841441724.4302788
937708417ef2642b7d05abad,1170917914.6592484
afbe90d764c1821cdb26e38a,543035453.4182812
14331a3db021936067b15890,559563430.6368662
793efc460dd25b67c644e92f,634913301.3099604
0a9e4dd0eec86037a36fe769,570343188.4230648
e5168779de76d99010e37c7c,1025965680.8904141
016dd08801ad1a1e7f6e695b,1274127568.925655
ce509ce153f452ff8a997538,949916431.6085874
66d8ce8e6aad18a4963275fc,743733006.3626093
8398e3b96d1311c7264f6603,1262405085.8461528
e9081115ab418ef1031326c3,493995921.9915282
5c8240a1ebf6138f81dac715,938408483.2242116
18cb1adb2078fef29a613a96,728186146.416183
4167fdc804227ed43224a32c,878345983.4509352
b5d0ae257748ea92c47d8fc2,401519316.7373313
1d17f0ff708e6f0b93a990ec,933796163.7604029
764f506bb2aa1ac4de918a71,786080221.2427623
7a861f1e3af4dbbf55b2c301,525474791.5683454
1562a23a312478d7a05a33dd,751918970.451834
0a040fd24e23a77f0c58495c,684741769.6305873
7f0f5931fe148f6187ebf512,907747748.24581635
9fcdcb2be94744d00e734a3a,1221457386.9194047
f181f74e96a93820a23bc0a0,549911812.6384859
5193b43c32a2bfb3aac6b2af,1208211984.7286777
6cc7718e834ba47a429d6874,657816197.6046599
b8d06f4ce0d6e71ba0fddc26,595184494.4199288
30a30e4ab286fd822c68ab5a,665412540.409157
f99bdff027d28ceca0caacd1,1040692543.8975664
f46f5e911c6c595efb5b7ab5,948152541.3902973
a7f0c831d82505044f370b1a,498718772.9978481
17069e9f4ba45c93738b109a,544445046.8935096
dd5c910c2a3d63b8fa92096f,724931445.3099816
a33329c9ed11ee8b87aad6b4,457493907.82045555
925b457b5df270a68b84753b,399222354.0506103
d206aafc71e8aec2afc3f8ee,517903416.0845653
f8232717e74332384075dde8,465117771.7067209
f60d9f0751a14efe41be383b,387263030.426422
13adc7946bd4e6e3e4416e52,486887697.38496596
230cdc90e6c825d391d5025d,451831902.0343842
e98cb170e4383546988c6829,724931445.3099816
5bc46671989de2534553ae49,704097732.5196595
3b98c8e46cf8477a1968244f,857416751.710791
f9f5fa4ad495197a5c9b492c,401249834.2253283
0bd42f8ee9d36dae4cf35886,372168233.796398
567ca46ac91cc53e3b479547,389129235.3641605
f0ebddf2bd5aac661e4945ce,626006620.5645385
eee841bc785b1824b6419a73,858309704.8723003
004776514ad269b380581066,531828834.9202597
bd3edc7854cffd6b6debfb98,785548536.3827882
0b42bbe66e438fa81a2ff77a,666452240.3030326
a33bfa6cf99e26bd9c49f8d8,695821308.6366243
8b45db8a4f2c0f772c8d44cf,340519732.7483223
262b5b0bb408d7cf53073832,526923853.389182
5844c83fecdf7e09b188c2f0,642907268.515431
9cc3c05f0e81b8f6454b80ea,532127673.7522976
07c46b493733d74c4f384b79,750968247.9191338
932ce2fe93b8e1ec0e7bbc8f,369394080.7752285
559fabe06aaee537322d0af8,487603344.0452558
f4da2c8dd901cca9cdd51025,643162709.068095
84eb4861db0816bc8722f379,695474441.1839615
d0dc69570223bce949a4c17e,582155183.4086233
abc2ff9d0e7848169fca170f,403695195.24854517
3e3880088f0df7c447e27840,599221375.4308438
3580dcbd0a6d7d6d3546dad6,961435017.76719
f123231ff18912a3dfd7cae7,596999599.976714
78a7eac41dd672cd1863e3b4,1072918931.4499859
97def72de478566ad58020a3,979631186.7644019
e3e2e3080cc309d34014e8fd,589720565.9041281
71be583d473084bc0608d066,784926569.0605435
ac6a4c672dfbe20f5bafbd89,695750934.0894145
f4fc081a112f5ee1b3a09e70,880222698.4381754
d8add8f5e0aa562a63c894d7,962880236.503747
88ab887e18e38d0b8315286e,1022879019.9532088
07c8af84608e6c9206ad6961,698433389.6061969
2b352d996677e67156391e25,705933075.4239464
ced624c6debaa01c732e9f60,918187749.5933677
ef92f63b46f27ccd2151a21c,705710973.9770057
f4022026c279a9b77a894ee2,692335064.7470101
e2e2218086e6ef5377c01b68,990831588.6895963
4af83eb7718f5823ae69fe47,838874025.3329462
ee98e745afca6de4550fe570,694050118.9331987
bd1fda425d792fb0de7b4499,593888729.1493846
86b2d3ad1dacb372734f810e,599221375.4308438
98abd5139cc3ea136faf7c8c,918235395.0744288
4582ec985de48290c5f1f5e1,661655255.8262243
312a6b2a57dc6947f95213a5,428462339.3862262
86a47522586da2884181f128,613013718.6996452
b41edc115f6b439caf392941,536442051.00508064
fac682b61b813044a3e3ad01,966995567.1390096
63f4e57fb2cc22659e80d6fc,371940823.74065447
4310c7a552b20afd46f930d9,865751565.0359416
4f18341de355d2cf57a03983,540597311.0128034
a418dbb6d04e505c133c6c1c,787997636.6609675
afce1d7c5576dc49c80bdabf,586285345.2577053
5ec12159380f4d1a85e8b0ef,585199255.9245505
78d10967c36cbf346bd58f63,648970695.6914696
f995364cc33c431b3c93db45,869974003.6284074
99b31d0b5d5ab75a2653b1a1,625735029.5839367
42d42ad031a2c62be9b5cdca,695727356.499472
73d09646de4e0ab46feaceba,573877808.9401258
bef4759bfc25c7d44a8112af,642907268.515431
c038742e427830aef3ac1c17,526366914.6845121
e96a7f5424558193663ef6f4,826556758.1464912
1af243eb63d893b1251f44dd,705710973.9770057
a083fd17c5e7c9d33540b922,404768835.3079878
549024cda1c093c9f8bc2ea3,525515018.79601604
164cf5fb9a759f2e4be67b6e,804140887.575028
65ff6cef76efb4c83ac0611e,519034882.51635826
784b1db005d39c2f57666efb,694870987.0852304
a2f06081983f748fcd74652d,477179002.98460245
66e4f010db2febff23b4a4f5,552578253.1925907
9702cf3039b86f97c003e20c,698473528.5617411
48de5d43e88caea594ccd27c,879716369.363386
6732c28a236aa1ccc0cb2c86,1137671820.417272
8a1d1f70adbdeb233ed3ec3a,581928450.70164
c775d4f60fea55d5511da4d4,564383050.21789
1f4109e1a4b47a9b11c2c019,959701743.994156
31ef69bed8e54b5e1fb245aa,712474924.7848688
882907ccf178b23a02ce262e,462337895.6587482
2868ac4225657a13f6149e6e,697046180.9084759
cf6f0a3cc030024f4e9ad06d,698347670.1297317
0a1cdd0d5c3c8b973ab1a98c,1091169372.5612922
0d099b1e1a314dfd9aee5293,574207179.5780245
898d1eb301c92ab6603e0b81,699690253.82799
9fdf7d85fc65849cda3afda7,756902935.8609241
f5ee97750fd4e04eafa9d1d7,732532019.3989615
ef9cf29f71434be184a4ebd9,921386326.7407595
e4559824c3390efd6282960a,579837265.2117411
f8dc73052c66ab334cb7be14,676964471.5547917
2e992370de3eed4ec1271589,711514161.655313
e2bbe9221780d01a265e2ef4,886200524.1684906
b65a2a140ad5fc6e3e26b6e3,459754587.7102024
3dea0748459a295fcbd2f0b6,586725386.1664028
7a1cb1f751cd36bdb6412ba2,672109377.176948
1381c0399ebbf19db3a11820,459754587.7102024
479b2c9c12602551bbd0212a,590994540.1936829
d463fae95232d30e0f78f93f,441024164.33944416
d0df2748d371d98d76408d66,581107331.8979025
9551dc6098b721dd495e5c57,1090270574.2671254
fa736ec3f2f066cba4328908,663761535.4233431
37fc4ce5dfff7faba6bebf8c,866307006.2501881
f336d60e41c8bfee91d58728,849450009.1882275
65e1a61d984712e76829c821,1084895260.8187828
65eaf65f8dccb8e49a93b753,662628066.7879082
36eb8139a5ca1b8459eb52c1,722460722.2454597
c357cc3d2f4b45ca3e1250d2,676994613.5830575
4b75f2b374e8674e8b55eceb,1050464307.6116285
9c20784acde0823e9479be2f,691713409.625165
0f2aa0d9fdcfe894caa8fddc,782301571.0194478
23374ef76774d4f95f022473,1239788230.60481
4224e69acf9fb071d4cab498,983906240.4174459
a41d05f2ae3e022c16088bd0,1200726258.940492
9b30c679d7da9169580773a1,880595874.9405546
2795cdb2f4d568a782dcfc3f,1143919105.925731
5399af7ea98c97b5906efe1d,755654202.7834907
5e93ed2a9b36625c4450b5bd,883245234.7030321
d04d42ff91707e3957b4a29c,1136984332.6205456
f32ea78bc5ea15d700d3c118,682547389.5201123
8ce2d6e505ad1da079f34a8d,999268319.9202055
014799b9ef7d5244fb6640ff,1152740551.0139241
f50a72cfa82f3742189b7fc0,1228512236.106545
8876b38f90f5571639b7d879,999292246.2384015
239a2dd25f604c730136c720,1118759596.9886422
db297b6ab332cbbba338e7a0,676862054.9138253
5aaed76349fc95f6c12ced7b,1430638052.0433831
10c94f25ce3f7532bf4f3152,1085960401.190484
d0ac1f63c75987c92038bd30,882428788.623829
db5ea791b33be91840a6d045,939482895.838465
8627562772d9d63bac507fcd,1020368667.1878171
b1ecdceb6ac00b6b047c241b,963514023.750878
f499c1513abf0b05aa1f460e,1383217421.3321297
0d8b0ca08838d1dac052d51c,1105210438.5588994
c54a573c9aef013dfa2abeff,1001644371.5890594
f02865ea64b156bf4cf4cfa4,1486000789.6446807
087b564ba475edbea431d4e4,835897398.528701
2d3236cf646f19a25932676a,935856450.0570358
68b547621c25c7418cfdf5dc,927457168.1135168
097a1a08a389439cc2c760f8,360415016.9323495
e9c905ff64c7e2f8c21b0a9c,395938784.0531251
464039bbcabc650d659f6683,798043118.4289871
93c24fa31fa780d28ecbc318,712690874.1904327
a73206cd21136b209f25c7cc,473369081.0389761
852a11f12646f0a1121824c2,487564601.2574687
61953f4c9bac7cac5ddda5d9,875133716.9723101
5a5377f2d087b7bb183783bb,680508620.2312523
0a85c354c48921e0ca202d15,1387135669.9012964
12f9d50fad58e4e40a187d98,883495154.8299841
45ac018012e7dd91d41a5876,575494420.6502615
28f905e91295a47d106a3214,1315014457.590044
395e3718423aeac3d40494a7,642487373.8343928
1fd7e9b1e717578f751c21c7,660768088.2186472
e8bdc4a088a6b99a538a6f0a,577013620.1234206
45b894a8b028be29ed137f1e,1683098428.6952305
f5c866d489889ab2f124799c,996853024.7483845
3d0de71d822da8a999bb6222,751929762.4762676
ecd0b4bfd66fe04c278dd4ae,666674340.1736535
9a61bfe6ba2b8364a92e5a97,774647874.0227957
e8b8d0c4cb87efc13344bcd2,1216684121.7426507
1f39ea319382fb0e41ead713,1266661986.213665
d61700c4ecc128290bc42d3f,402117888.44068044
d87cbdc4896e0e0160999520,518064579.21155095
d1281c9f037ea5c4fa683b84,588424284.586628
310e768d2e8836432f8b3e97,505335761.81298923
c5498cdddd7856e99d21f52b,554614129.8967323
d3169d4a467cb7eac41849ff,619495768.2466072
2eeb4b0d7afa57b63778b69f,1529020694.1571262
7b3621124731bcd2e543562c,781319738.6675618
5703b4ab6e77d88f751bc6e7,830274421.4040742
2c567face144ca714454abf2,1229824533.8228104
7169b5a3b9a796162de685cf,1129422205.5482323
fd19e1b2e61f5efde879f6dd,785243147.4521242
55f0e95dc857256aec65ec1a,1621186227.097181
ab03c034e2a420f395ca094a,670498677.3540546
ee3c0c7fe3fe73ad0449870c,1847869019.6861868
e59afca092e0ddaf60c9419c,632481213.3151052
99e48a46a1a599471d3260e0,360591581.2594132
419398139a3aa2ca2be3f941,456405606.65348476
54c33befb89cc873771c3be6,803434778.6789415
cb29bd3ae3d5da88c99d3db5,752540925.687049
24258361a4ba8f772a83ba7c,734685781.1148517
539c12d2fe8cbf950b75a0fd,458850251.2754008
7b81996f3abd287b50adf8da,1086684216.04899
0d9e73c14529fa3f1ec8a56f,645325176.47884
dd178fd542fc716e32b4136a,523141976.2870658
9aad22f3d25e46538e1558fb,945610113.3446134
93df4118ec3536b312822d90,1097214026.9565094
7c6319c04025c4ed6aa3f051,645325176.47884
98e04fd660ca1276d1510a72,659214148.6334081
4a8eaccbde5a4a6747818d29,662449747.4835298
9f6ae3eaafbdfd8d5c0e64c8,1134082685.1648545
5929c81cfde8ae068a8b822c,1007318564.4869567
b94ea2b8b847a47140d04008,1247206999.6036477
ac1b644a8d2ec042ca91f89c,940289476.8578151
8df9256029f526ca313202b7,1087274709.5587742
e029511780468f4cfbd10d3e,655630283.4760458
0878fd8b66aeb22f6af2d7af,591226603.7855209
76258b7b7e8778cd60d3435a,648969063.0814874
d64a2ad3297e2fad8ce66197,632847774.0163251
8af6bb75c85a2789156b3696,348820603.4963053
40db880aba8951909e6e4ef6,944976759.1680185
c9e20cadac540faa59d9aa3f,431664999.7945461
7d5459e48101349c75d43aec,636890816.0761929
fb0664d59b6333ae1861f343,777264824.4167721
bc6b57600fa9edfe13fb3118,706769149.2492815
d309cdb5688ff7bdbb682d17,744750290.415783
d17ba799e68d7775f2104b3a,862185879.9046106
2baa6afba131b74487c94d74,646360020.747123
0b7c8732558fc04f4fc51ec1,970946272.4236515
0d8cda2859d9903f6202af54,502716983.0089466
0f2913c5aa681a2bd45a5484,724767318.6833563
de6010c57fe78d975be38c2b,752208952.1662183
54b474bc7cb126bfe8e6c144,945953233.2193654
b1dea7d384760535b770311a,681808521.8571796
9e90e02c8ed3ad137e4c3abc,545348511.5408152
b59711a5971a3b482db4d9f7,912127976.7482479
2c37a1280b18e095b43e19f5,715260834.4592552
fcd7c10d81aff25d9233214d,742593325.3066735
c3b8bbc492a7d7bdd63da22f,897569232.9403707
42aaf6521fdf1dc9bc50f88e,494242020.18565965
3c268e9119b8027f78f91954,678036587.2667143
c8d5a0e9614dcf96a500206f,545660279.2444795
6c778557da9b5d99f90b1238,787921650.6516215
4514844d15690b7331fdb6cb,622274484.7895579
d8e981acf77bb46a9dbd3109,745202885.3634572
b940ba03ea60d4cdc5d2d429,622260811.567025
4fab4e66ead1948498d2a4dd,592831687.6421944
a5620899d410af623a3ff4a9,1181311291.93014
f45e3be8500d7bd91cc8855a,527910851.5226076
4b82eef445edeae7a55fd019,609121301.2255564
29881785ae39aec014c4982c,1042476934.7418463
0d9f91cbcc9339146bf75bba,729641100.7120719
b839e76df5d73e7d53691707,922048500.9587181
7ac96f16bdc50ee7619f3548,1236179077.782029
a102a0a268840439c2c8f4c6,481852651.3920704
e1132006785632e4ec5deb02,665972292.8093914
a041ed3fc0b60fc4ce3cf847,903764865.5022202
84b758716f47bb0f4e4a2bed,821764862.753637
84394774ab45e0c8b733bed2,653959292.1217291
2c1c91f2bb4d9dae38a44360,726598097.1347882
8ba9304ea7b8d2b071bb0699,851039617.2332959
9a76cc7c650230c670e703e7,789108708.8030907
9b0833992397c6e50b54715f,763949820.2332277
6f192e6a537c1509521e1e8a,919235982.1362218
d1668e2d35a939ed126a3f8e,947499749.7221745
a17807447696896bb61ef8ab,1094097867.4938374
d043d368d2584ae95ad3672c,790370739.8272678
7f2e3f2eb5abf86b56897250,790819274.7444861
fdb1cffa6b7346fde667d72c,541658835.2857915
58a3a9f44bc7846ae26413e5,560522244.9765943
af230af0c73a5f2b72787c1b,1089636204.2495925
3cd5562115870363ed5d7558,1139401113.7281294
cb9d8fe7c18dba6827836403,690099506.4910507
742fd57dd463c1b5cb79f63e,590173330.7810948
0d30768d188b6bb53d599ea1,744286584.0522007
c455b8a15dbfff94c2909f37,514973808.9657536
8541eec88f0dd8229b4fb041,734147921.7488428
54aad3aa4a166d2d50df48cb,1060396369.4806799
eb9a59d4e85a3f124e866f47,720699211.2072272
d65946f9c27e417e6bc60057,511638986.865485
dfbb0ed74ed85bd186f40ccc,388352735.777701
84b05da6a859ff5384f37ee7,407359169.3414409
e2da7c1bb33be76b86b9a07a,512592056.6538383
456243bb3fab3e74df21b5a0,511598106.71021837
a947c2ea296f1da3d10b0a06,448058282.1456674
3929df6d73b3ba01bc018476,406115245.81119174
ce44699aeddaeb77f23c9b9c,1259167498.836306
3cd3537b5f9475657060cae8,1498451100.9345062
4520ceed2e5fe3458850a805,1226554032.789802
00dea98fbfbfeae74c513bb6,1226732229.8512702
16da41b1128c039ff8f83919,580105790.1106181
111d509185303ed970d710c7,1300291497.9208062
83ad1ce7ef6d70842ec986f2,588344348.4675237
74f8ffe35e8d3bc9be725d7a,573784377.088183
f5e7ab7c2edf566fa22501b9,1055405851.4331565
2e1f3fb2323fa16150f8bc88,643583018.534768
f8bf37a8f81a310e299385a5,628641134.5531033
7b71229680a50bc26677a427,663618363.1577299
1f7daef9ba898c4d8ac1c81b,636644868.1637244
415b68c7a5cfb073676c443b,642014928.7001551
856559e93205dd1561d8ada3,797457475.4070561
6d534e4baa1740d7839664eb,608405584.5397497
9ea78159ad117bd9c0b04291,593964186.7096683
38faca2d6e338d328428f986,602608946.9536839
fcc6c3c10bb52776accaf06f,803947839.5601649
9120f0e5a6f505a2553bfd58,1006303670.0423944
583a8d8c5d7fa63125f62155,739448616.6979531
3d04304c8644c81114c36f98,988438486.1188611
21fcb5c7e497f0580b820379,994756166.056986
6542b39cc8d2d13dc828772d,1015162550.5868394
091f6342ad934f4e7f84045d,1371609767.118908
fe8305e287f6a8e7899c9459,908913280.0160636
d4492ffc4aaa4ca9c4dd2357,989827352.4731052
319b9accf9980ef2ef81099b,1001695918.3549426
fa84c07cc90e2a2058b57c9e,810763006.4940367
c4749eb8f59cca469236df01,503449481.03196335
b8a5928cf1f7e704e9933bed,704438924.3004806
c2ffdd10fe424afa1b09f31d,634895346.3621742
f221dd5d745def063eeb7258,1039968235.894635
319ba1ec06c9b6ca6990f4c1,1208474585.9837139
29e7796eabea247af4e8a0f7,866770099.1457745
ddbca69ad74877086c4110e6,973000919.534956
c858f0f3f5594e7bb0f3b6a4,1171888657.153063
88ae3f4a8ef76675c66e925f,1367698755.1361387
27e0810a702796d97878c34c,592160721.2489716
7450139ad1b39b2a380472fa,1157962738.8374863
35ae7661d8191507cf9e7cdf,629814398.5775107
93b8ea95ca1c1ff3881d91d2,633020744.3484036
8e4709859d50a75dd08b03e5,534379392.64187384
7026113e0cd7b2d17f8a3459,594521765.0851039
9af956dd8d83bc715592b97a,430995514.9275161
df10ecb67d79e645f77a90a6,742535802.4353877
14feeb619f409386e6eaeda5,531212592.2535744
1a6b9a6d92ec5e905ac97cce,847440062.4066277
057585ba19d6144408d4e2da,616630790.8845354
72699647b590d11ed9b2f2e8,507803425.6903167
cbc99d6202cd3a31e1c14a16,570501798.1612893
ce1d63bc4411a615b816a76c,979544774.6168602
04f0fd25e2456759753bd2bc,816317598.7578207
8c0154eb5be437746213aec8,1129609486.9324691
e23017438478050a655f6d67,682119415.9351544
8f0b6d6dd914911c7e90d302,1099485391.9834647
4b38595746dcb78fbb459781,484021807.2082208
95aebb36dc0b4ea86db49492,1230783897.0903995
f900f7a9c5e2ea51689e8992,1174663296.9787862
3fa0d9e247f28968a5bf8476,439110403.2897839
1240f50cf2d8ef1d8713e671,438571198.0840791
14a55e5887af840860b41ddf,538108178.3053248
3ffefb3f453c54585fa6ef22,787921650.6516215
c3b357d17afd631df02dc39a,924049417.9283928
a15aced0fffc97e219f99545,388346964.159942
cf707785919dbb92cfc7b5f6,1340102051.4644713
70ebbf6a402f0f707b893979,626459884.9460557
aefb3cb6ad2de9ffa90b9534,518945713.4006878
b2809471a0164e3d41b8fa60,1244859983.9145837
6d11001f164d81734a82ec1d,549672392.1850183
ad71acd782a4fce4d9af04be,693629781.0349822
ca86f53a857c23b15eef428a,1013462287.7690977
580452a616b4f5170eb628d0,706853760.7558737
7dc609a3c7a3ab1f9a3146e6,759470383.7247715
e8fc9a1fd4b39f946b914398,387173079.4002355
0d3bc6532812ea618d154bdc,1066276758.4278367
1ee436f045a0662037f9d2cf,743351881.6085246
8697b1d337145af0ef8e4619,1562295949.6271472
9a08127164a0bb61cefb3680,647775695.4528583
e08e1f260e5c3231c49e5a96,405793231.9204195
b96502e30fecdfae7796f1d6,556487539.4586084
a0b178016cd26a1d2072e7fc,458423350.8114347
5e3d7da3cfe55ad1fe609579,766532977.2826412
30f77637dd52e728efaddd6d,1006135022.776546
2202c5c9a16b771d1e242c18,849393617.072787
3dc8277f29d0a2406fa25ce1,770007065.8561738
a0f86ac00934b57d85b44dde,726635966.2540221
9168a08b1fac4c5448626ff0,763686475.484697
cec8daf847f52cb2845a9f58,893509358.7396842
ab7559b75b340275587e50b7,1475595351.1737783
a392f7f9ace844d712ab2b4a,933529805.9731666
dd21c6799a32ce6ef27f5281,731451083.516797
275ec6bd936600c7eceac599,1512053362.6157396
978195f1745ab7e3d69e1f50,1090545805.4575937
0e3f82238c54e85ca4229977,882107115.9061599
bc168cfefe964762cdf8755b,772815461.7897798
d22d5776b6305308c9e774d7,640618974.6897291
94d3fe901550dd4ba77ffbaf,898114799.2547077
63717ed97f95e32b2ca321f3,909902477.26214
a7df0496d6ce217fadfad10d,759681608.8787217
51a696388218fc2e412f8806,721064093.3936874
a918c218ff761315988c6335,949916431.6085874
d3609eabe59175fcb4441ac2,1356464476.0177417
8af2e264b801b3e155e52be8,1287193652.047721
76e4ebad138d50c690f0aec1,404626919.47323936
9a9553eb431458a3e30fc672,911679515.9574763
117f37774a78d65f9e68f906,548477471.5950048
0c8b133effcdbcd49d52add5,681469765.6375554
5e8b2528c1c0a5c12a476919,976720803.0961177
38d6842c2807d54f386bdb5c,774480799.3570541
55f747145222c070fdd50175,971791034.7627262
ca7d715827b39c417e5b75ad,756467995.7092257
b219848e66fb065d4d2441bc,962622939.6368461
a04d3f4eb8810a346fd29ab5,1132981163.6237504
0b06da0ceff947975cf8951e,1017741661.2472285
3f35c44229ba13940d8a705d,1199915782.1755383
8bdebb8914fbcaad625b1764,580593261.2560447
f4635193372f669612744011,929166180.43612
611a369172eb6e3e2e4bdbfb,1454515186.2359235
6689af92cae5d7c9c3e2f215,970216562.6704911
e382002b0685aabb01891743,574975326.5738457
edbb6dd10f8c9e7596368225,679155039.1891345
89b0592a715c9e135967f947,601306967.6878488
a67c6f6400a176e0a07d6772,1076364619.9960968
5c6e6dae74e39d33621c7119,1097471544.4522057
0e1c100d8e57de8296363d6f,491679572.0312529
e2e639b53456889ab5350ba0,674607440.7557098
93acd9176ff299221e0d2152,759635905.0640004
cb482d76b3b4904c595f2dc1,665393515.5387479
a0e15809e0a284fde27b16ee,863818608.5645493
9a958690c3947f5a8f05cc80,759215016.5199388
889bd77c8271961a6e4925ea,696900928.0037144
dc082fe46a714afd43b9dc19,1097341583.756257
99f8eedcdc31cc0ff6fda7a6,503455198.0506491
dfa744f733abef97d82dbb32,804993888.494894
d50b80d68eb3b928e4bb4317,679649461.483964
a58acad50184e66794d8d704,614640736.9293269
52871480f7bdf5ac3d785630,648160061.2751312
8b083d7ac086f52fd2942a82,962145491.0365827
301ce25214ddb4b5144373ef,1181301823.5550547
6d76a22793aa9b571da64572,815540892.0158178
d7c48db0385bdbf7ecb7088f,1482110510.1629133
874e2c6f3e9f90db80d243d0,538921840.0973517
249667af8d0835c9830e2b37,514736705.23548985
75d3c9e0da9a24f4849f2078,640705316.1473615
9e45b127ea0303f973bac9d1,421634731.41458607
daa0be53e7a1d7ff76f32955,736229413.7362643
bf7463534babd284da6ca671,467251415.1232811
0283890ab76b10547b27e634,692699148.7086948
5fd213a5236154ae5206c372,1165994160.156285
317e95fad7d399673719537e,708840845.0842893
fb14ddcaa459b49a3b30eb3a,811902542.7955214
4cb5e4aa83c476a5b71d77ce,784130467.3098602
f54d358d26af89636906f686,892018918.4921083
f002603a6990ec405d82cc47,803434778.6789415
e3b7dc4e8990f3cd436bf738,557506196.0441686
97c799300453ab511bd06361,687202089.3758099
3c1ee7e502c6bfb20873b47c,720425371.9085904
cf7741583fc5315ba70b70f1,905471601.3740402
36a0a1f0432c954604825b6e,827390804.7044711
9836bf9b64f27104c7863b79,726230930.9534616
68a3f9ac977f56cd39a6a1b9,986854838.0962672
b676ed2d0af6807cc2b28ac8,1516696700.2891362
430112bf4fa9324f0149a879,488476126.3102469
fa00e05d83ee890a38c3a686,566749941.1028938
7d503f126b5863fa0626d4bb,863603329.9129416
ec03a01c961659f2cfd9c973,728397955.6414275
6a112af84d5a81f3d16dfc32,1160975658.9135673
4c5d3dd8802acb9ee22ab912,617184395.0278372
d029158b36963961fdcc3974,635953065.7444116
c2071e85fbffa3d2c2168319,645790217.9929385
60a04215bee81d26f20cf0c3,600375918.5928847
6d4a961e099de1939adc6496,673357912.3388749
2383b8bc2cd3d307caba34ba,564865501.2443167
d9357452fcd193b6c5284bc8,1023366368.4405001
863f8f2aeda01a9fea1cb3e0,870118404.4247241
d1a6132098a4bd640321c7d3,546825210.4541566
6edd2530070918074c8e7d07,626666296.3675188
1cfe7df5431f3dc6a9289551,867609782.4682348
c617d1f15d294f0b0aea8ed8,763809186.8632662
bbdd78a7ed332e679c8e526b,390826226.3922968
45969f25857aa7263927b400,797808646.9183813
cdacddfdb6ce41a3eb752496,660865197.330293
3f87d08afecc4aba03587848,1021381311.6456143
f21d2c0802e3858d493c1984,914931350.300521
660f3f9ed9a72d8875a9efcd,663294901.8420979
04e29dbe2175919265c82463,709091399.7648519
e4082fa99f92fc7a89092fff,723411348.8484524
05402dd344c77623fa053ffa,637220887.5462536
c5f7f0323f554a7419f78359,615592764.5722927
501193fb57014ffbd7bf218f,576354494.6341724
0922cc27581d9058e55a2239,620009554.5225166
4dcaaac494053749f30875fa,788869699.0113719
506763d35b04358fb0e967ff,662987891.1370178
8c40078231bf7af2f3a06457,530662386.479059
53e14e867f8b02c6043ae02a,422713354.5395248
2364014bfd851a68a824d1da,822125011.7484283
f788ac4a8b2a6dc11c458c90,710204441.75492
093c849ad2bea8292c4d15f9,1174387058.2173464
71a8b68f38fccf71a229df76,729421047.0723239
ebacfa0a8e569ab603cccd11,399545583.7119889
c963faee3ac527dfab08f61c,744970604.7206666
ce3deac5963eeb96826c14f1,555782203.7561567
5607cef08511dbbf3288a5bd,593000620.1645073
8a9e6d0839f9fabad2fc3214,624079490.9764504
ff03a8cc833d067d439b9903,706147084.4139949
d3e119e8fa4d96abaa8c43c2,775473565.4837345
25b893f6073bd66258a9cf03,1130531248.1502984
0d70ceba3aea278cb4a2082a,873820859.2401694
07f9017eb4b8c169eb9de536,1428535583.5024476
7cad62cfb4fc3ad9acb09f1f,557841378.8708583
41d174db6f695472063ceef3,987758018.596384
4ecf579a5d5e70d3b4314ef7,789765422.7636902
41df29e27c0bbb52aa8ffe49,567837009.1063696
cd77cb445eb0f72df89b9fb7,797128668.8463196
65766c8572b629744f00b45c,610307137.8842467
946eb4523f76bb23d0348309,675993505.7068251
453202a234f5b370ae9e586f,806105630.6569802
4e1b5798dcbed1842f260b17,632775485.5319248
f1cb3c0b97ae1c6819fb86e0,1594484274.8580856
24a89527a6744456750baf54,526748679.7678663
a281d59b685eda4978e0c84c,1023791747.6209267
6cc9d912370da36c38ac2cbc,860807537.4923832
10563c278e7ce8eb2066d398,871089981.7761052
a1b0b8d18cd78b7cd555dd55,895541075.6707428
3cf9282136fad24af0f7ebb1,711125987.752113
077659c14c3cebbe192f8247,797373023.3077792
c372834e8e7a4279f861aa4c,718488480.4952183
29daf0d5008fa9e3f0f30132,538183954.9517454
08e1ad8d1f0be0287a395ef6,541173671.6828234
19c07fc2b01a0edec4784e64,976952488.0887668
c2b5216a8050ea0fe4008f59,998615200.8982561
29cc054742b256e6fbc6da1c,812115392.3025701
755a3e09dba04bb6ba6c9851,666794383.1392254
c98157c582392cb895071f28,644777824.8757162
84f47e531a916b7f7dc1f1b3,659897199.0447893
231688922448e4d64622120e,586681918.3807138
9c7c68df14c238ce0b497dd2,835253702.2091119
d5e29042106130114cf3694c,591470669.2951263
08d4fa42a34c74c94db5080b,1322627511.500829
e89fbcbd4d3414e30c30fc29,615219326.0284827
22af7bb676cb4c9ffe014506,463368126.7840885
b20d6ca58e91ae70b6e0a1a5,831479525.6213841
5c372bd1e01f3243256e27ca,462440754.27265126
1242d7e61857ba8ad285b6f4,850394501.5499661
196ac46f656726bcb8087ba9,733526321.2505554
ae513b65e06b69e1ff2ad8ec,405806347.9651076
bb26b45df6a70b6414958912,402518037.5222724
9425283b41165156aacfd43b,501193178.31902725
689b510fa99bda54284cfe7e,548770673.0586826
c57d333e383039db0fcd2620,690830658.7395449
86e98ed0bd2565b661b81ef4,752756715.013155
0e694269bbff1e45395190d6,840412622.1385887
6511180e3128e083bbbb6940,747293302.0298041
59b271bf9e2d29ed35352f5e,408013465.50405663
a4c324b1353d2f7ea3ae9727,408013465.50405663
193ff8d291a9f163a4f3301b,512510692.50915426
8ee4a7cef562d388b8444c29,386471878.3680358
53bdf5c3cd800459acca551c,538216497.7884461
35ef99962cd5984ca87bd326,537822644.7814302
dc33d5ffcd2aa2b7d56d2ad3,601871045.2387357
05c47739fa4c4f00285a2c48,791465044.5246048
a51d415712d8d6c8add7009b,810885759.6879263
71493c81121558b8ba18c1c8,402518037.5222724
853a14b680761098d4bf6136,790713610.3521283
c9d5c08973c493f3acdef892,659473276.9814895
7dcbeb0aef2e2cac0d73315a,404626919.47323936
ae5a4da0000f79f12142e2a7,892089185.1989292
1f6050fd5261a2d21d5a178e,285958228.24815714
e3f39c6e4a41fbdc4bc30e0f,896837154.6097326
9d157878dbb41c14b52a956f,631629480.606275
e1fdbdecc84b991f582a2e00,622700236.8446226
3a26efe201689493724ba464,556487539.4586084
6670cde3fbc11c263c6c3163,561125584.4978116
780ae52ac9eae675f6fdb312,465742390.9551188
24f22d76b86498d5c3563288,1001219334.951569
fda25a0b6b9f62f92e3ea6b8,749734889.7684859
678ba0c80536dd27e385b31f,467684415.32186204
ba0d0663943a118228fd12bf,498025293.0146381
81ba4b47e9222c15c4102992,517689222.99561745
d9ec26c1c3e1811e38f070b2,535164021.4886181
aa850af0c6203104e6ed02fa,547069356.4108473
c697ec00214cad882d5e9812,606628325.3908074
4b193d78ea6e3740bf37b36a,606628325.3908074
08c61259a756e617d976e8b8,684097106.7720356
c1c1dc8df6996a94ef3c7d33,490167382.3725208
3fdfa23ac43d1df0503ccf1e,889405354.2945466
bd4526ea5b404df442892788,481180918.1717143
1062419f9cf94418ba88b6b8,546837506.9191387
1102f91444b8e1abb636f1bc,975437966.8169488
b96b4bf38bdbd61d4dd0bde5,752084818.2739353
45ee2db87e9ca0a1a9faf050,625339970.8369713
556cb23459a9007127b3ad46,972445901.9464306
a613b18945052b4576595c4c,1002868229.7362064
fce385656705a8f4389cbb6a,971791034.7627262
bdac560af3e155db33d13d57,736040270.2348894
fedc2418db2353b7c97a260d,1137582934.3772645
4565bcc95c54bf0c8d376eb0,974556067.9649161
5fc559104e0ba1112ce00f5d,1034541129.040803
74fdeb4c56b29662f13aa8ca,876054137.9248137
fbaf74ce4c2c6e88950d3fdb,1039840165.4056754
5de0f045039122af0052c544,924049417.9283928
e18337bbdfb106a3f1739960,743648393.7956764
e1b9ae3e0ce3da16f18e1079,1021232421.6595094
a57435d71ccc5f032baee302,622409398.9580683
fc5e8e45dd0a338ab5835428,721313390.9899676
918bec54bd7587daafff66e9,662524039.8486768
86137b9624049333f7e0315a,651135443.7642381
0fca6767d8f442da1f8bc6d2,512003017.8126471
3ea5478270517f299b20bd06,705800572.3988185
dfff73eccd591bb26453eec5,624644060.424355
e2dad5c148ecc797018439b3,697688719.3041489
b5a62d480bc544f891fd8521,787613682.3255326
cb09a84a1d7b929607d01ee5,709264491.950356
af067a8546e1177eefe24916,717257186.1547483
d6f9abcb58befa3d05373a72,1022285065.3874681
ec2f16aabd36fd9ee2203276,1308331276.9523025
dcafab7adc7b763bb934496b,1089118386.514046
ede43dcb1715b959ba34a37d,705295690.081645
40dd67aeb6e9979211c9345d,708000668.7982322
31f630c44db4be5360a57640,796908548.0052987
ee8651631861c1b94283a953,1048431166.5798829
b7d245742eef110adc91b5fa,650121937.5006328
ffc49242bb0edf3e22076501,837650148.3765965
5c5963c17bafef1a1bfd5e03,1170917914.6592484
6c589b7e6a3cfad34e98bd87,1431053160.2241168
71ab3644da08b8cb0a0b34b3,733549615.6118819
aa668782ae5d0c16e57193fe,883869863.8151932
46673c69814a0b3f25818dee,1013680984.6878928
b2a417a8d2440f9124fd2ee8,722016671.3963028
3e0ccd899ad73579898fe73c,1570161984.7647872
e6f2c7d7317fd433e26878e4,1294273787.2981849
2d91b3a8c62b890fd246183c,1401630096.5824263
fa653848d69ce620a41a73ac,1213088824.1324625
3b6c94e3e3684eac73b3e7f6,1683098428.6952305
a6a07d35b3834bc6f81beb6d,867879449.0427475
a39617b7adfeb6ae7d5ee5f0,1305815176.172154
95e5e774dac6f0159e8afc0d,587615037.5797127
995362e3fea8e54538ac135c,793506211.533505
42525c57e13abbfafe9bb395,1247350747.605238
1ae6fd60628e7d186a5e0174,697532057.8418403
082293a465231208059c5d53,648041222.4203913
732615f6d1526ec9bd519eda,562336867.4619443
99e9c4f8fd7fb7929da10a20,509722571.61341274
1a75e436fc23e7f48e639b9c,469622985.7046181
54cdeb67ca9ea56205e4e533,1110480566.6069512
c412ab869616d6576cbb8309,516453027.78547466
b17840ce59c9d9619b46534d,775478443.5750474
a14f071d8e5c338d9ebed23c,429117075.97701085
84d8504f0e860b0760c3592d,835305347.0930551
a3d03a25f84f4d50d2a308b0,736551724.0005052
bcdcce01d86d648c4502d42f,541173671.6828234
33379968a83c8a90c23e77dc,501193178.31902725
ecc36a3a4610829ee3f88993,408013465.50405663
f4eca80958b7a22922b0efa1,405806347.9651076
3b4ce006ef95420847da20b9,402518037.5222724
4fb644a95cc04f7bc6cda786,386471878.3680358
f8fad48343ee5134dbae918f,386471878.3680358
6e8e08e09da8dc598b8a8b2b,408013465.50405663
56ff1f7e81fda0c8491c354d,405806347.9651076
444f102b4d54503044154ff5,402518037.5222724
e0eae2174807cc7ada38c726,488476126.3102469
afde90f91b01b0282bb94335,564865501.2443167
1d35c364daa0f021ef263c60,390826226.3922968
8c47395a28f8177923d7b75b,605248447.1443739
98c98982020ba42198aeb45d,624079490.9764504
ff424474d2d10a2c2a1c1892,660865197.330293
971a322e9087b67650689ea0,914931350.300521
45a7517c4d29f5bc7787dedf,600375918.5928847
74a51274abc8358d628ecfe4,617184395.0278372
11dc32d92ac579720303c019,647880550.967878
4c25d939eb3ec218403dc4ce,566749941.1028938
55597a7b8637f24198415ed8,752756715.013155
eb7173223a27076d16b87f33,576354494.6341724
709d17b62bc95253601f243c,635953065.7444116
fdcf0e439ae8b2ff5730680d,637220887.5462536
2524e62e917e8a1aec5c9c26,567837009.1063696
ba601c13d20602c988d57246,615219326.0284827
397a7d1cfb809e34797f2bb4,710204441.75492
b54d3ce25f3f03cf3fa0127f,422713354.5395248
d51bcf03d649839ca803c357,510255017.10065544
e9fac47a0f02f27abc96d568,793559460.9698504
a52bd93aa6b0d965914f1101,626666296.3675188
16601a92574531c1fd57a359,601871045.2387357
0e64230b70f4a227b444115e,709091399.7648519
ba2118c330e19baf4f3ecf94,784130467.3098602
055e29f236bb61603d4ce9eb,895541075.6707428
7c5c0f2d9a0e355069fe1c64,775473565.4837345
e781547cf6f8cb4ec0742b5c,711125987.752113
8caab74ced535ec5e75acdfd,538216497.7884461
9d64345229b60ad1853d94ce,537822644.7814302
d128186867f91603af4fa481,695692154.6077123
f8fb6d1b0dafc28920393dab,706147084.4139949
33b92225cef255b0e4b4edf9,709020367.6703316
7eb78d4dea434674a230caa6,871089981.7761052
833bd3c8ef9d4da2f304a94a,873820859.2401694
331f0957d55d7f03df7fdc4b,850394501.5499661
cee124f4b9031f59c4fbef47,761080808.6024929
8a9663cb622a55f2a1a8e3b4,835253702.2091119
25d4a0ec9301ba5d53deb780,763809186.8632662
38d4b1837c595b6d9a23e994,788869699.0113719
a21923caba05da05449d60f6,663294901.8420979
63cff4b5ebb2b6528ad34cd6,708840845.0842893
948c392520e1cb3a030ce86c,822125011.7484283
b2e7fd7bcd93309664cd225e,810885759.6879263
9d6be7123f2c6e610971374e,1023366368.4405001
3676e34e4824101f3fd9aa2c,662987891.1370178
f849ad486e84a82190675b89,548770673.0586826
2fb8b2990751692b8ef1ab6e,615592764.5722927
5155f70c7f8978e487e71479,797808646.9183813
4f076c220dad47bd9bf248a6,690830658.7395449
480041bbef3a540df2a36ea2,795412417.7926197
4ca66e564ed478d06c471357,645790217.9929385
454e4126257189bcce9b681b,1445346526.5685647
10ce9c7a0a58aad19778e5f2,1160975658.9135673
dfe8e2542755d41d920e28b8,401603396.74463946
5115b0da9c95559dcee9e58d,1110511479.7171397
8a0053376ffdc75d0bdde77a,1240151968.7015917
5688288ee38f1a69894ac77a,712326923.0685017
1fe514ada76363511cc79105,1115476510.2609673
885a312d9a5bfa8a8db5279a,494949828.32592225
c716d4dfb5a3c2e1120bd84f,816947984.5964813
689aafdc12fd1610c2393a6c,776030469.5337112
c0c4ecc8d3aefc53c4c06a38,767279829.0448269
30091c32a5046d563597bbf4,506966882.1083191
2e58c9b6fbe9c57c83bc0aed,756579960.7508425
3f7c5d8304fc650bf97247ee,811870631.1072489
56334a9db3ccc24faf138edf,781170963.4129853
6d0680692396c07afc1a260c,660583180.8374419
9e07dd563b6ff4572f5d9031,1033634625.4001831
1278c9fd86258bcb435e7127,782606953.7437553
acf0f98cd8f8c8ce06f30ab9,1261128903.409989
5e3785bd517f4faa2bcf43d6,1139592898.0611444
cfc61dd41ee5f5dcb76bacfc,563061476.4849637
2f171883b97d9c02b90f93a9,272005558.87988967
46aa67b5e0abe39dae442d76,272005558.87988967
50cb49d65d04a5d166f96e3c,627862312.1634729
06c1673c4a7444e7aa80abb7,433153816.48350066
53881f29c7a6bef0ab537466,422272331.32626057
2b028932adc74c961170a4ce,789062070.4990754
f3a1bbe01d265470a2d7332a,435434118.74562126
b42d5b5b38686929eadd56d9,660550255.7545649
bafc63f23f097c24d36c76fd,771707858.4394705
f164514211012e3a1686b148,452758416.4333541
82b90288bffe8c1c0b5a1259,518134927.6917021
2fe64bad1bc8a43fedfe0700,650367073.3602567
da5b958667b31f4f9a1d84a9,814768613.1743965
b3bc9a04a3ebc1b911326735,1029391988.8023676
9ff3acb07666d53f00d1f1db,1026930019.9852784
13a44ce5066ce00846b59ae3,996878236.991489
bb45c98dbab56e5abe20ac0d,1134677393.0933855
f88bade1cb7ee0fa643f31ad,599830239.2552757
e9ab6916a79b4d5182d33bf5,1034790614.2525692
144162ecfcba71bf09048dae,871434256.3209659
19466034c2ce19c24a179fe6,595046020.5118886
3787f6da3e961c0e10d30e6d,1341847204.784982
908330b0d2651093c0bb6719,650236532.9313034
66b7baef9c6c3c7ad24636e1,1155601459.1895247
69cb0f3d422c2c78373c2e0c,736769877.7930762
1e866483995b30ec7f79d9e8,559383500.2261165
866f2a55f42cf30c4105631b,559383500.2261165
fede7e1a7a6f23338af6f40e,1174667012.506542
7447156f2967391975d335f0,595046020.5118886
08451af5a81fd6a63c4012cd,533842117.5110477
f63608198bfcc858abe1ab0a,636308045.3875054
e9a0dff7ae48bd3fa2ecfcfc,721168082.5503045
cc97f62e2fb9d3e31ef1c00f,788128523.6467854
ed40f198ace8a4405cce7a1a,1059458068.7194151
bf17b59bf2ac2d06894bd786,1295419818.0695686
e118b149654cca1c0b3a58a2,1334217683.0481038
7f9bdd2157f6c3d488c77ddf,1215288840.5307944
9350225547486ad75c0b5ab3,1313402867.9872062
d1166776fca47427c77fa8e1,1234266159.896225
f719b387fac4f688b57dc646,1549911072.8273754
6ce8991a39ec7b9883f85000,1546141422.1027248
353743db4334fee80ac08d0b,1079240075.8922808
372a3934e8179422b5cf5729,977435286.2478583
81516aa72c98ded9223db098,1071022200.8540212
9e80db4c35139bbb18775644,1413049262.001739
12ed2c22a923c840ef616a3c,1302813063.5902712
7bc57b136bcec053cbd073f3,988954452.4214479
77a06084509952c6cfe8f501,510710648.4390149
73578b4214e2eca83b1e70ac,1012558492.3212923
527e571030a7d8fbbf1a41c4,965539040.7325542
961baf163a07179bceba67a2,1087783193.4940183
76b41682fa6953a3b20d3f27,1060175919.3996989
cceb25e83ecf22252aa92d2e,1131270882.9571717
210ff5d4404ee8578a5ecf9f,925969368.4380872
398274b1c46fd88151420c6e,517160198.3901498
5b328b80dd844db2e946302b,475378725.1595215
4195fdfe50e42e9981fa2f4f,866489399.0375836
2d4031f171f965d7dbce0ef6,637712459.9523796
fc1b713d5605b0030421d5a2,997342096.8592075
cf6092df1f22a7c4b8ff9d50,685046192.5237274
8dbdd7c8971a514eb7cb4d3f,1014872387.0960796
c197faa8bdbd51c075a6d3bc,946260220.6639735
1985a2a5c3b2b0c7eca22afe,765347896.1076145
92a1a8b617b6d2c3669167a6,718792515.6685318
2a330fdcebb247d6a6fdea23,1018000950.9679844
c3dd975d0aed59a65a784e47,788644874.3911046
608a2339d558a6cea9478756,987920912.2155513
c0ccf6d535d1316e37e1024e,807848649.6706836
229a7640d41a8b8d6d2f8f83,1088545872.7375345
e3950ce025371da2b4ad9db6,1025443587.3474913
a7e41393473834db30f2c1da,975467841.6900506
7dcd1597e11f83093cbfd7a5,1178086905.1413698
71235a69058912dec1d355a0,1166302959.2794125
349602317da0e456d88fe24f,970546167.0285879
ddccad3e5a4eaf791ce3a7c9,737269801.6569312
776d7d1326576f07762ab3c7,1017663002.1430067
1b88c06bb3c1bc2bb39d1b86,735269226.4738549
1c5c4f4c731545aa3388c554,688687050.3634261
aaa67089a753d255215c15be,649904036.6747893
d6d5717a4b7e2edaef162b6a,731470143.7611817
0ba20e953e8e76add161cd6c,431664999.7945461
13c39860029403ea94b5439a,1436134447.157402
d5436eeef04e1a8e51a38912,480698989.67699385
21f00ad1214253dd5bb97817,1313185046.7674558
5a3119efc021fd0f102ab958,471337945.83984256
331c515e7f0dbb4460810999,515195293.8455786
9e360588b18cb15aec3b6609,585533403.7637635
a7cc7d2ceedf4d69664dc734,466397407.36672026
4e78cffaea2008f3919ba0ae,441762560.9860275
452e0518f7164287e47e6354,679188457.3135238
74286242739391c4eaecefbe,517104557.03125757
df06b65985649c7107b794a4,590067286.0835214
b6a21387674a509514fa5518,1138894504.3421795
6752fcf8f1af18d61124e32c,749412168.4751984
a7e40088cf53acfc65f4b3f5,1457610913.7541366
61b9307a25be3119effbd0d2,537122081.7991445
3061729865dd2d68858600b1,540350962.465607
ad38d5660b6f1eef23b76039,503823943.10230833
1d493f3954b15e84c41afc82,482878054.92855275
57744cb947a923584fc6bcc4,463096801.31656146
16f60cac352cc0d668d226d0,403925061.5047606
accf7bdeeff29ec7a209c509,377508001.0207169
a694b9ab05641a6325764e63,910468842.1825166
bdeddd3f84cb0ffdd1fc27bd,810474943.5356169
de9ab30042562789601833f6,544663139.3299114
1a95522f43288e32addff2ba,438897752.29952455
3cc722d5c764ac261611c2b0,587451864.7629141
aba85a8a7ea2def1fdd18587,525215141.8229826
b272c1025cf5c1e1df47042c,627715186.700022
5c449356b8b2d7e0928cce59,1000142319.9192007
a56d3b5bc13c9849cf676750,915338869.9923903
942c934c0d41ab822d60c795,591693752.861113
b0fe09d086490092f1690fc2,574797611.5683626
7abc8a11d3d6c905de3f567e,559581824.2966015
16716773b2a43df0332622bb,582543691.4708978
98fdd3fc6c9447d0f05eb1c0,642347808.5362428
a59f39373ee368259b441de6,574114411.8332355
cb778195c5d61a7c4185424c,1138568385.3339481
c0277899d5f185cc78fc4a79,1006557665.8870175
44effc9574c74ea4ad98ede4,708843352.1216733
e2d00e4fd93a02ea81895355,687035379.9454513
ab405cd390c0681c3c67836e,588963141.5488237
86db204f7ef6e0e0e6687246,721088602.3924968
97b791fd94b2339ba115a75a,967590157.4672389
3897d9b5fe3a0cfaed7c18a6,513702447.5436486
ce206b82f2de3793156baadd,812489193.475014
2c924b9d45667f7168bae6ee,735545090.0728574
358eb586d9649d20dca9bfcd,975770756.2204111
71b1fe15c5bffb750c99f648,682019893.1337389
eca500b92ff96f10ccd45e54,1032876005.8630818
7b63445c5e1ce95bd12c31ee,647927262.4736744
97d64459dfb368b1f6067ab2,677799865.4016516
1b09874d5a3e4c9e0d544198,854618656.5605919
54fb79bb019bfd10e5481ec9,805257885.4991401
b3b63d292523ce0a925b871c,703028814.9595621
09759befd8899fc1e359935f,815228763.1027491
62e0110b1c8dda16cc7da89c,725752678.1206044
d98ba43504fb49a4f0bd9c05,1087786638.0435994
48815b454dfb64fe60e2cde4,536743147.55734336
40a65310ce666e80a9611d4c,1060187623.4587228
a8c5674b5d110d99a1e097af,839760289.4290295
ee9e7dcede0ffc20442b4407,718217582.0542207
9e858250fcb7320b65bed9c7,1138003071.05084
bc76b078832a3a81b6d637f8,843400024.7128927
b06d3ee14ccf3d46fe2431fb,767284405.5328399
87332a7e03cb851342667b98,861953614.3977662
faa37a79a1d72e4b8b0c80a6,861953614.3977662
0821109831351eb2501e362b,1243884268.3954842
8d01d6561223272181235c69,706541972.5161877
a0f1c94cd34fcba92f59a59a,649724227.1983423
f6a5c88d1bca87c1e89d8084,1285164424.8786826
55118881731616058c929b1a,1158266573.1061466
bed1fbafde11c156b655e04f,791821014.3173367
819d2a7c3330480b7217577d,1061365173.6056099
e1967b56ab8ecd035bf39534,805419781.6085471
08d0615cff29645ee70e20e9,944048266.6935804
2e8af16a155fe18c8c6730a2,881014714.4932802
882e8e77fa1a71288f6b61cf,1289051690.72794
7930bb0822caea5f6451bfa6,1032895657.2842066
993a18ae04d78d374f854262,1048184340.7642527
e5527bb25c85988e00da339d,1101882555.5357246
07bd45129563bd2fd974deeb,522527167.2173783
83727953ecffc17bed632d94,458850251.2754008
2e2d3f42f4f8369733b3bcb9,560829961.835133
3b23a71bf40e800a66bdeab2,453210333.76903874
894f346e0ad39c57fc0f369f,1049416065.0319973
d1fcd31555048d043cf084be,679536078.494993
8d48f73816b248d1166a09db,668086598.7479315
32d5a20c542a8194a6aae965,841441724.4302788
53870de54350a8cd7c13f014,808821724.5379943
31cdb68dc6476128c4bb2f5c,848418181.5853536
4be6d93d8ae1375156444f05,656584253.7777394
33a7f6aebc3e2d480d287199,1016208001.4603167
e1e188d3f9940f9dad98488c,971056005.4771076
76167f6ca3d2c404104b77fd,957653552.5529451
9297c340db8a74e10dbba148,745007238.2638663
0e001ee8f27e1a2fffaa0225,1088225696.9637039
ae3868ac8c44128b8a955829,685642492.4110217
bcbd20cfc50e2f032b174b56,525125897.4119352
253560c855216bd9eb102595,535815162.82193786
c9c769e7ccc99016f61269d0,547664960.0904164
7c07ba1982289ca3abcbece3,648467890.6632861
c5c024d11b3ebb2cd088bf6a,1413338197.2063637
f0a8fb06fcdf8997bcdcb03d,575434108.7589085
806f9ab2a016e774689ce2b9,402117888.44068044
4491bda913188aad3c66ef20,642656299.7130369
0c37c0d27631960f9e0fda1d,714092166.6557142
b50b45bda0905a116f238c1d,710811788.3304067
f0f8e755058d48542b9cc4e3,767429930.3625804
b3005057f48c1794b7974f4f,790134476.2604966
e1e5b0bd721a67318a3848ed,451488713.1320863
d96155b72c02bfa04f7ea98f,747040093.5235112
3825ce5030d951ef0fc2f7c5,548411489.2188952
99587dcb4237fe90acb15b5e,495599688.2465916
452ae373210337b8008ea2a3,1572737640.5827897
09ae7df5577582ce7e7b0aa7,1147720202.9029055
b98967876009fab4290736f1,721695264.5287347
24a4a43ae4c687bda1066227,1487275737.3719425
c509f2036a11b7132c633d2a,898465429.9350569
bda914dbacd42b2b7c6c5179,630754316.5035917
5a681060eeb2fc8f1b3261da,567364178.9476769
016bb199b12846ccb0b03191,807604162.1853281
ba94676bc0385678ce3780a3,834604803.8137901
b2183e5bca67574df7d5985b,394282793.1866581
baae43ea29f7e419bbecf998,548920856.5706534
ff1a7adf260e637bf316812f,447831347.8334044
8e56b5dbc4cf628ac12e5bef,1206227161.787934
c8941b8d7626f7b33628158f,2151573867.7707744
d504ed869ece1b1d6e724452,402646816.3266251
1acb5576ccae1f0534f614df,713297390.1843276
ff228869121d053ca7bbe431,801985761.0415376
ee4dea05e93581750d613c59,816935813.4262573
5d507cdfb7c233cf96dc6a83,880508760.4425225
faae4324336f1211ce4c7809,622462652.6304159
9a8e471c8f4488c3799483ba,566672759.3860314
d040e15e50d655f4d19bff54,372184122.2364109
efc7e89ddf3de559154d8e0c,1201481431.2503464
e91598736dbb7319952f0dfc,694565092.6395277
4046ebeeb7ab85affcfe337c,1318398776.373589
d12059af22bc7d6ff170430f,1547986674.1580024
99d39d72083d7485e8944a3e,479913116.54664487
b9ab2dcd8d1855e4bdd540c4,1133256987.795353
97106114a8d353ffebbd07b7,858506191.3334465
d5c950db90c92be5fe753189,648402595.7167431
119833a13f3f7df22d2b270a,485012128.0306223
b2078743e33e1acc49c2d2ca,775862089.9442744
fb9371f86ca6f4e62ae374c3,538795683.7107147
6a39a747417143f0cd24f3bd,929636960.4040439
7bc0c9e2760e4b1488522768,1228420876.7193441
3898683e5d24bab9eea24d30,998534070.4491014
be0e466ca7d6942282c8626d,733938221.7181376
2d65980024ded46854c25260,1476083203.4285347
87aa28825a5b8ffbac5f2e2f,626775681.6112585
918b0d900ead8267aab4cdf7,589183473.1524024
0c85506b301862fb58b467cb,698242684.6634223
4bd031478b15017efd41b2bf,1077359825.9472048
48bee96c1f65b8e283d67483,609373061.4231116
7618cb8d215425c931f47886,593157417.5932542
a7a219e7cd18f3c4b83649e0,513886809.31830895
9d3f5b59b9735da05588b3d5,622547727.8097601
6ac5f5f52cfeed2f0ac9d018,609574531.3810334
d885902c923752eab7b619e5,537490202.1668011
b183e2562cc4816244ce0e1e,718146616.116752
88622b66e6c47cc62c3824c1,850652978.3962383
01230eede2a4a74ec4ee5105,1019607865.9611088
060451a9e3e0416ff41d253d,635049955.7786547
3ca0e7723afebbf53e390297,822518478.5305742
e2ecbfaacf11ed16fd71abcd,523141976.2870658
1f0d83013ea5e4c3f4beb583,857478496.0779755
450c4eff7e37a271fc24ce3b,780611506.7730457
a70d331be751cdc3bd0aab29,348296812.3503269
41ac76d4fa450fe0c377a0e5,383888218.2620879
2ef8a530db816223dcf474a1,736551724.0005052
d09c1af87ddad4ad11b82626,554614129.8967323
35b1cd8020e7efbb9ba5adde,789765422.7636902
6714f846f2fa3527641ad96c,781319738.6675618
4cd5338bcf246ebf263baa35,545115029.7723731
0878a639ab8e6b6e69a3df41,970532515.7745694
f4c118396d781c140d8c9b08,527512857.0222841
27151512d4b592014137ac1f,885191185.900937
8e5123f5ef1da66571ccb600,1435819406.3691022
c491a13a87fa1ef595b35826,939554574.835038
52d6c4bcb442eebdab338116,1129422205.5482323
e23d93ade25e73614d7bcd77,1529020694.1571262
43059ceabe98412315566838,1483617321.8893576
93b7fc7c4f07a7f117e687a4,554894805.6560242
09caddf25db3ac8e1a98565b,1079318808.1935544
e3034ebf243b024cbef83cc9,580936633.9574989
63cc884a9c5c888de176461a,924555291.8118025
069fb1f8d0f06ac2fee87314,683371563.3738886
059aaea3859c4b9662ab4df8,493082351.7596696
148b157ece514d99be0a7f93,269041915.9937443
9c4f397c093dde7de5d485cb,803944214.6149815
e28d8dac5c1c75d295a9eb3f,493082351.7596696
a804849802cc0820d25f955b,493082351.7596696
fc43df7f26644fa464ecb090,687271160.1710783
608b26adceba64d9ebc5486d,493082351.7596696
be8bbf40db0dde8ed4cf338c,493082351.7596696
d255f73d4066fe559065266f,526612568.0842002
c552cfa8e6b8c8be2c963ae8,519102379.75958586
5ee020d4adc767b3b16fffdb,592236511.2845533
2a01945c2ce528c02b391c61,770897333.8516122
dd7ee555ce0b2d58dbd8a9ea,488807824.1186147
a732aefa7ea4715325e9e80e,663688107.5890584
c6faa40acaccc1603c29df96,687271160.1710783
fd8caba10cd4d1df27605358,397450318.14694583
788c49c17df556bce0abf6ce,686363857.2805043
2d0d803cdbeaec6e2626eebb,592229815.2376462
0872074f7bd512dbd4609c85,471044509.40525347
3f97341f90b11e6a7a7f7c2c,881934635.0482574
2bfa301ea435f929e6c0d1ba,821354609.3863393
1d029020622a600aad4c2991,838051667.210329
8a100bd7f5da66664a2680e8,635800351.43173635
1441a28c376a20c90d72cfac,601573342.4013581
495eeef459e80680720a0ec8,631965226.8931001
df81d07cc6e8fb0a01c0f404,791096206.2814023
e23ae41983b9f112f05bb703,644655528.7875638
a2ba273b099221390bee92a9,590840815.7223247
63dfd58a5c43cc7c0a468209,344471843.71322554
27aa789e29e52ef8d78b9bf5,1024745387.7121183
fbd613ac06b6bf20d76822db,702341602.3575225
2a805135d8030b614d9df9aa,861738061.295594
22c9b57a67cbef0920d09174,385636600.8301532
fb76da6072bea5801e407990,457868438.84647334
9050b1061469970ce28742a7,439360083.56230277
96f5db1dd0f36d1087172fcf,969254483.6102628
38cccc333e2c38bd608e1880,914291111.5622337
efede59a47d17737f90f4bcb,1053131747.4127272
bca5301e6460eb859b7ef34a,540705055.0424006
a23a13e43f3e08ab82c6ef82,422325108.56238794
8437a42a8e7ebca46eb088cd,461198404.3955804
6e3cbc252c449fd4b758b97b,534232093.2121757
6cc6b0672aaccb8909f3a751,552859070.9876534
c60c2efec3c12959d86fe3c8,526532654.22812015
d0e45d520227ef8a1f53ba28,630900298.8161942
e45293f1e6ceb2fe79f6e0d5,584669665.8366457
4202dc3f8255586e1ccfff46,634034887.4778895
1d04d5450762d664fcfab674,862488944.6913285
a3f969063f78dbd95e6ee795,568345139.9908435
2e3fc1d628f6727880d3d4e6,534578943.3959578
22ea31eadbd3a54216443137,344471843.71322554
6490a1eff73727bf62458b0c,929371448.5164701
49721aafec7123f6ff4d8010,803111570.0181524
bce608b4629b6c8512ea2fde,638418169.0279123
a7ba3ccc4831ae7e539f0cfa,485178695.57078475
959b2293af0ee4f7c9fea7c0,601688008.4427114
bbbf74a3abf9cd8718384a65,638475247.97047925
680a71ef7ec15bd919c06320,1004011174.9313014
0bcdef6d56052acd2afad93d,684491721.4433503
1bb885a07f57936b919629b9,610248448.9901791
8a222af682e2d7796643ccf7,616711580.8224924
3370a48ec22302456c41ded9,638475247.97047925
46fb04e7578da5741f6da4b8,531589019.5668155
e9da7f2549d914aab6a30e10,638413799.0326663
10d0506d84d778da572ec635,898926629.970395
966e8fc9af08e76f8b276245,532335217.1670863
0da2a849e0f83b17b006e50b,924944703.2209504
f7101a05db93cbefd6a3b31f,411348802.7420594
b74fd7f7db38ec233c6ad71f,482084451.3121673
0d63e52a47fa884e36f10810,610730874.2384429
77fa49bcb52539888d481ab1,605617342.9120215
6f412fbb33519fdd31e741c4,621090187.0204217
6615da422a3864d415b28fe9,582625030.2966282
f258fdece395f0c4f4da6a96,968731308.4880065
c54c645c340f59dd5f47bea4,382646539.4126882
bdd287e9de82903f210878d6,671554476.5692937
e110abe74ba0ad062c9b575f,654591205.0967165
47e5ea8cb7f5ab6703803690,857407459.2178309
e71c6f7437c633e2d9da643e,751227054.5102135
783161faf2e3501c38c0aaaa,530687157.13850546
5fc3de15eb0cd87be5ed2e6f,579066811.8299451
4066155e224520530ce985eb,635779163.69837594
7745863791b5cc6d49f84c8b,461787184.7752578
aa7551be1b8d6278d38fbb00,971220333.3937163
d654c9bbda61c4c0ee1ae2cc,592668074.5841898
d224080523a2bf2e81698d15,525527640.7382112
5f8d0a2ab1f9136de446528a,875070794.2406224
405fec98d5a3c8981173311c,695383922.2314751
2a9e77fd00aaaf773d130914,494523198.9977838
279b76adc4bc9f8dd86759b1,743425878.4290446
f815ec1a63e980717c9c3290,585340473.0851543
a8fc825e34bd9bd56ec5331f,647461171.7233511
248ed6abe6e528dedde951a3,546284220.0810193
2bce6544d58b6970192a1838,616976095.1062895
352a76b301243d22d1b31f79,634594659.3937905
bb9991da696d6e1f13a32d0f,395857872.932239
8e88e6cc55ca769e472aadfe,600702970.4847953
339ca7bc687766f517ab3274,412459859.5484771
93375efb2e74f4913d21d94f,607381573.7101227
17d7e6d321bb7394546e6b7b,454620192.3328612
0f601f5ee798174ea9d52caf,530741939.53786856
8ec8cac469f2448654312aaf,841579871.9499124
affb62139f02e524692ebc5b,520323090.2194321
c01199a4b2fbf0f6cbdf2a65,720118003.4126354
4d1f49443787c874ba19f968,907498682.431933
035c61042b7dbc7ef888d1a7,1093880787.0890934
0fc7d98f75bc1c0b782a328e,1032008954.7881814
b1924a5697dfe829b5b8ad76,448845393.3278267
d0100c18dba3c334327b29e1,691652653.008052
add1a20e8bba47aad2edec69,989155004.328681
fe8a78de9ba7b59a112e0046,615852144.3214995
b319d049a3a8e4a095940106,736993091.7275305
303dc73dc1130de9aa2f70f3,642723168.6367772
e471b2ef30c388893119a010,1005208896.2990222
9309d812688d0d2bdd33d830,704948983.4994817
fdb192e57e3e48f70a492b87,646300578.646082
c514c9a35632e5a9c0476a31,820891490.3241374
3bee8a9981a1e9e13a05cafd,663097036.2768252
9c942287410db3d0739e182e,671865468.6364908
f59b9c03bcd4e0e06d23fb47,720479893.7285025
4c11f4ebc622483532c24a06,680231436.4021351
1f53612f7029a21e2e9f74e1,829344573.0340313
1f4b6eaf52fb940e666c1c93,771389191.5673648
dc65f0bafddf39c6c4b2c9f2,681237700.0293281
344823ba2777540ffa2a8fbc,1070232870.4485193
8cef9b18f20e9c5a32e7ccc9,980526306.0500487
413d6e4fb772beff60f73e2b,947641090.1941379
15d3ae51558bfeef80b9e97b,739299077.4669665
b81c26f2ea6b66c8315d1146,1004202770.5379795
c3786f81345d39fd8b353da3,1113464557.8109033
6c568d2287dcf12b2aacd388,1059248120.5310814
e6482f3b6184515453d16bf2,863611452.9426196
32c7b848ef60432d98f415c5,716512007.7875016
1689c3e3982382e27a4ae074,719857438.1177853
3d0cc51b7a2392f3be3b1666,663941469.138265
1dbec7879e793ba9685741b4,711608800.8269583
82ff2a63a863c089ea90bb5d,846731193.1584536
3d9856c3ee0a4b5a833c69ab,535870038.51766807
6f293451319bae38c71b8266,749207787.9910443
dfc817b569fd71d2dd47e980,1147207636.7860768
c34d46d83e76f54d53cadcb2,686158030.3313483
e08ed8c82d05dc3cad8cd2c1,1080895885.777472
e21f2a8d9c641e45d442686a,1097560704.807903
f1793973b462cdbffb1ad648,959438091.5627156
b15bcd6248958d98867ea585,719272164.8354195
e640424f3b7d1db403c36ba0,1097502656.7634242
658c0b009a09339a3f312145,739950453.4682087
f01fa45466e2730f935a4128,609937589.1823417
b4d69c7bc93efb3790eb1422,1057071961.235121
c2242a77d30c0abbed667ce4,1038146586.5931591
39542105a7c46ded0cc373a7,1185179500.4982858
13f42390057bd294cd787822,706031209.76677
183d99d88d1e7d995180918c,658386576.3766227
60dd7dc49139e7816dd8b143,731208886.037249
6d2ec752890a2f1c4094044d,915322861.1831706
0e776964ba3733f3ac18a7a0,1005433051.6375587
92369f73435d1ac3fa95f185,708976612.793884
8db285eda04ca37b86dc9724,969891632.1339811
a7b14faa46e7b73ee4e95ee6,727573687.8787405
010e676743f6afc01fd0838b,1035117468.4912386
987199d3a23c08ca887b301d,715001834.1154392
4fd8643e1c43ce9a0c18a19e,691719322.5653887
4d0985935e1432b3916d45be,792690745.5585537
4623317e8c9044e314ccc4e8,703090075.0996604
ef8430c4d15e5887b8103bc3,968875887.288903
cd6ecb0f77acd93cc1c9038e,1003787922.9515359
b0962bfdb6a2c79a0ca84e48,794768258.2698399
7bf592c5c34bfe6a5df3dd40,815916317.3853222
9337becb0628955b47e45b98,968875887.288903
9ed0bcdb62b2223d716d40d3,778529627.3350877
4255eae670033d9c9e9a6e3c,681650887.7139342
c5346c37454ac2b13b92240e,1103337393.5448456
94fd4bb5f41087921ca12b58,696045149.1504251
ded674ba9c7b76cda404bac6,637623888.7081255
ce25e9fd3bce9b75050aef5d,1073324052.006756
4e7d3cbe3c62123fa7e2d969,994531137.3060789
dcf5b42ecb23800a458562e9,1187065590.3092089
0d53bfcecf0397ca27e5f78c,813218378.7878387
f4ecb15ef992a677e8b4fee7,563792016.7134198
46eeb8f186f86f7859274d4d,1092995188.7540376
b5a7d4288dc7a7868678b9e4,888781245.1213386
34f99327fe595ba6e32d89a1,699969443.5297856
9a53016fdce3d3b5c2baf3fa,998188421.6104693
26be10d0ce8b763e9b457e76,821777938.5210843
2e111ff939191cc6df2c59bd,623881297.5375009
ddcce0b9776593e3ef3ce21b,622115553.3216614
937c0b6350beb0f51e53ff8c,621813780.6106093
f50941445773dd62e87e0416,1005208896.2990222
93a1aefcc4ccafe4866bfc76,679047830.4965086
70c0a72b31dbc1b97c102c13,1001032425.0560464
8aa9e1e89993aa49c5c3eced,606545137.3502201
2a5ecebe40fc09b45d6ee5fc,522402729.2766708
5f798656baebb094a3c83793,1166039279.2070432
596b6f435f76058493a16cd6,924026393.4832987
1c510a71734e955f75187106,717174432.0013194
07de14db9dcc2d4f9eac0dd2,1346398696.9806345
29503210dfd57bfef8f16802,720998759.01321
89575a90c7b9b960c8f4e052,758121111.0982742
bb5a6045d18e19613325dffd,752964880.2890825
f984d34c8f27e3cdb7c2a44a,748607775.239416
90822d4e3a369948cdc4d998,756226875.393302
5b9a21a42d5f50ed4b10581c,858623891.5802703
1be01d052c6a65c5ed286bf4,814589692.8782315
b73d317e1e8ddc3d5d0743ef,916181607.9221281
bcd302e3b5342ecd8cc056bd,1219420695.6327655
eb8956f0c4a885619bf1ff79,767649204.4991136
d5b950c5510c19ccb926e7c8,991692777.9243681
1e37ea0918a00bcfaded3453,842939368.2134182
1d55f4694f3e000ee3ce47b3,996736520.7139704
cdc3e114698984145df842c7,891256376.0191103
9c611e246a612ac6906abe8e,1217626320.622032
c0c820463dfec602a6118ed6,809650663.9129279
6302d4fff078a118c3211794,1050357318.1821806
c98807fc596bb2f505b4da9b,1192372723.5432773
cdde8657b5a215915a04126d,1210291650.0831635
3b2fa7905fd8fcb3e11ebcf2,809650663.9129279
59764968800501c68631aea3,860654839.5731187
9eab02171cb5f15963670172,1214355967.1080904
61f84e5a07f37865c31d4a07,1066628854.6255223
1494f223c9d3ffba26e42738,1378740208.091322
ba137cbd10757ad20e5991c4,877677767.9206756
d2fb81a477ef3690cb11c93f,1482158500.9026656
ec4f7794cb756b995d5d207f,848316812.7450854
ea4add08aa912717cd42f9f7,1271219605.965128
f11d7627e2f18c9a75595501,1305548479.3971272
8095589d5e1a55a76281e13b,1111555303.9099464
f5add08cb615eb18b3153bf2,1158813677.3631616
1894346a27970572aa703cd2,819426563.96461
805a491334f865f06ff42329,940282439.9917514
062d5544f5c96db90fa3a526,1378101644.4027998
332201e2583141f3a02dcca4,1120235246.3942785
4baf1bfced8e85013eca94b9,809650663.9129279
8bc002e1f02beb4d83a6f6ae,750156514.7343007
adebafcf3eb0d34ae31718ef,1530185629.667501
60b5b0aa0c1319557cd0cc85,1406095702.2813578
3393fece8a6ed311ad865e66,867618318.1196836
df4a1968046eed5326119599,1151383213.877876
b044b9a587b2c6ca00447177,1237116649.81811
005ab848b35907e42aa0f4f2,1495118286.5742536
140a0002732574ecc516e9a8,1279809361.3814576
bd850d1ccfc4b21a72f3ec44,988690602.0151798
c6dc8c201ce38ff2ea49cd68,1017231908.9001799
572ae40f693551547e13a196,1150151819.847388
b39d1b2637dd8e307c8ba13f,878240111.7350233
2ad02d6d56b95ff3382b53b6,1079922431.2152352
5201393754f4a5f2a476ef0e,1202626595.6049802
72a66bc6d15390eb05a5c688,1062195068.152841
1f1f3e47f3593e4b2824e628,590118088.8824224
bb7e14611ea6b5e4abb5b89c,734252022.7064933
b82f8abc8001cd6731c4ef45,722815510.5382898
6228854021e72af611d2e59a,893651095.5723176
6d21e1de9c880bfbb17350cd,767324588.9375751
7cfa0c98191ef9b7c45f0520,390872155.79291826
a739d80c3fb6b166a2c2182b,516073425.7569698
36f85981124e858c157f83df,857580432.2482363
3d6d51ca99f2747d6b92dd19,820228177.1970955
092b7b5bafe25bf485de37a4,702137390.050224
f2e0163fa07f89820739dfcf,1160553313.3329997
ba47346e7a53412e78363ac4,730070050.0226115
f86e80b2a831572b85b04e55,584077573.1873968
199a6f7df516a685f086dfa2,586609953.5929229
81f6d6790aca5e9270c3d1a1,432600942.75515884
74f099ca0d949c8042569d51,384215348.5854888
4df3717406f9852284576caa,557927043.4162722
5246f7d8023a4c178af6d10c,627521334.700382
69d9908e13bf7c8ac4c30531,440761264.26425886
e336d9d892441c7ad886a98d,610306844.4741478
f82e1c70884ee1285e1bc491,356488113.3715678
0ffbcf7d58378c85b4103c7a,840165841.0276451
3679e1844a35c0c87fffefeb,452003818.60951996
955a15a734e56eb287555307,445063062.22371113
722f262a44b2bb6fc05ec35a,478567454.60045505
48c346042d9cb826a3714466,402973977.3870113
bc4b7bbf5df92f476b6be103,369143856.200203
667685f89a61aa2ad5c9ac7d,506274428.68717927
8be5fca8f4339712c6f3e29e,456950232.3134578
09a5fd22f920267b464e2a00,629244830.2583723
f6d2d31af94a6a73912dd9f5,760215291.426609
0e9a5ea81f6d91038d8711d9,677229795.6510621
8b2d8edfa6788ddc0c7b3eba,700126467.5971928
2f48a73bfcc91272161afd39,1032991658.3056487
a78417c74b8c99279912e427,751808497.3515797
4d69f7c7e0e837879abbdf78,481066676.93822956
926a7b18e48cdbf6ac3b396b,588354397.3861384
a06733f7b3ba964c20ae2698,688162650.4368777
02d598a32d864c289e3ba6b0,714514173.6326735
3977cf1326ff502251f78f66,884732401.8452138
c3cdfd0733404ec885eb3edd,908140754.3585812
a28bb09e30bca82627e595c2,1072074171.0680648
0a2f8c8ca6094e6626d4e8b1,730262029.4029418
ac9baabfd96d58e376149a7e,848754661.6215969
700a052900adbfa149dd5b6c,1068413735.1222914
4b30968cdae59b4ef3298f19,811879404.2727765
c673d94552bc3e451672939f,805384855.8273276
75392e8381e1c891377fcb29,830571590.2210292
a55d7074220aa6a750297c08,808428922.6325214
81eea19e7c12d65d21e23648,1069358609.8692714
69df7bc1d82d9723c70eca70,835260300.648777
815cfcc4d26738f74cbb67ae,653946821.6903346
5ea150753f8d07c71af45cd9,735179866.9372997
f851b02d18e74610a900bf14,892420734.4370557
76b9af8036e38d5d30ac4c7a,1387135669.9012964
4ec5ab39cae4afc3b0e69438,1116445768.1651134
c74020c85c9fcb2a2cb3ac74,1056424539.3049
6d6ad5e3ebaba1c11dec0f16,896619951.4318787
acbe4eb98668ff4967a8cb86,651177871.5924402
16a40e3dbfbb9c703e04028e,699586240.201573
ee5fa0932e098cba28d950b1,756069078.9172921
5f9fa56b99677a489a9966bf,734252022.7064933
4045e30cced205e8c5b2373c,628817430.061028
eb2c7a973d4d6ce8e6ae87a0,1087759349.8657472
99c69eeb96e1016a7e53b33f,1014765593.8608973
aa7f56d05ed29183b825d61d,598449917.0918124
4630a9af58fb79c0008e5fa1,612585106.8603173
ac003932eba3a174c5b998ee,656372015.723536
56a7470ed14454665aaef75a,1683098428.6952305
a4e4f56336e07304cb946b1c,972445901.9464306
00ce045307538da1b0bb7972,561125584.4978116
cad720be1395e2ab5869807c,609978544.3338118
344be03236aed65e74b14a2f,406052836.92076963
58a86bf535b4c16b50dfca06,411408718.1183466
d52c3915fd7d2ef8c92a22fe,386706623.46300375
8a4b7e86a90a296e10a49ea3,591470669.2951263
e1717a317481b0765a7a6a0d,598568020.998599
97fc10f5ce4a6fd7357381a6,406052836.92076963
428f4bc76d4cd315ba8f89e9,610317077.1754819
4d882ac2b82569f74aa08824,360591581.2594132
948ba87dfd7993460c967cb4,402762529.14050734
1bee6a5aed5417181a3db77f,501193178.31902725
63cdd73026431f5566fe246e,718488480.4952183
013e2a07f94a99323b64d370,885818686.5112442
ff56b24cf15289dc6d14800f,703381231.9319901
7bdb94165857bcd37206cf18,620174584.8582964
1d1e29d9601aa0eddb4d6c2c,711901405.1772958
a8c9489973c54b93737dfe20,624908118.0089408
254892c6b84c59ff5ac4f354,489824573.3363148
c6e9772058edb2268434d7cf,750372977.436668
916a413537580440c4ac6028,614969805.8742528
bab8e472424cd57faab87ff2,578489798.050621
eae5eecfa2fe828afbc94b0a,568297696.9988494
da26059a2cf36e02b8702320,490451042.8914198
e18fecb7e40bbcaf26c863cb,889455279.726914
a55906464634558b94d9298e,526748679.7678663
3032ae39e739fe46e9e198e5,949857540.3973101
663e062b85f16c2419f8456b,544496861.056511
aad0e527c4bf6283f76b5bed,865725091.1273351
32fbc0f1934f7325a404a2eb,752756715.013155
07d1137c1f0aaecbbad32f7b,674490922.990513
3058b792e3f6781e438a2e9b,822597748.6068211
33d6b1bbab4524c3aa03756c,455319832.92212236
c75d43b8089321e359e14264,640618974.6897291
29ea1796aede16cab8a50497,395529906.01443046
bed21c41b31a3bf2095aa273,987758018.596384
ec232a7ee3aeac713516614b,675993505.7068251
bb7c68c2652c7e124d88631c,557841378.8708583
697b6c6f7666391fc689cfb9,668401402.8113557
d912e45dda1a3a628fdf50d6,976952488.0887668
96fa88a07329d3988b6b41b3,762682932.6481957
66019487c37339e9354ca999,806105630.6569802
fd2dcbcb8a31e97f31d22a53,1023791747.6209267
1a309175498997e1b8f0aae7,840412622.1385887
e83119808dd08ca090f5ed85,792258562.9154763
1a26960e24de046588ca7837,669536127.6622066
379c4fce87557848548b0944,462440754.27265126
b2d7355eb2aa975900776275,930231591.7301029
3b05e06aa0bc40b9db16416e,463368126.7840885
4a5405b1e181f5b10fec35a6,630215674.6890341
aff22625564f00844ea2610b,513620338.61098975
b40addfc0da42b0e530503f0,549063328.1858628
9200d647b6ce9aea67ff8ac7,548770673.0586826
3057660e38fb757dbc8bd898,659897199.0447893
799be2171dae4763df530e4d,903056718.5137166
819265a930d32a97533d132d,758331189.5287676
9ba689b29d0696fb7ebc44d5,1287193652.047721
0f7e28b6efb9d550ba28a1e0,667974777.0599347
57551742fefae23bb32571f4,695721636.9450787
9569a50febeb4163e28c192c,690830658.7395449
1d03efada56f8a70bdae6aea,563392004.285836
bfa56d6230b858591743473e,759739651.9156386
ca54914a1cf1028b9c8b681f,668740666.9268774
54304b6117b797791d266cc0,632775485.5319248
166ae8e3d0704209d6715240,752540925.687049
b56659e70367566a4ddb81b2,898114799.2547077
2641f220611056a1f5616dae,1457313590.594326
08a82bb9fbe4b7abb50cece1,670340703.2847561
b40a9888ec0379fbf85516a3,803434778.6789415
d35462df6c686296a3c7bb23,632481213.3151052
db244703ce223e6acacbe85d,812115392.3025701
a90df94f959030227fa015b0,663104920.9565114
d97d462ac4f5d9cbbf04e9ca,720060371.265837
7fe6ac57e87b8126ac4f8530,824995742.0580125
69c28dce8eeaa86605143419,929166180.43612
2bd6682ad8343b69fae1a59e,824755537.469858
2e6fb29cbc1ccc3d97c92c72,908814692.010156
9eabba4531191127ee91621b,997510815.2492148
d0c411218ffa7c3ebc10783e,655124854.7946166
0c61a011d7fe0227be2b3575,666794383.1392254
2c47c3ef9e139d8c4513a090,835220156.2156184
f6503aab62a68ca16eba3fec,1594484274.8580856
e7dc05756684b070b36d681f,734685781.1148517
17484950b143d0395907ae6d,611169218.5464098
3d997123b33373024bd2cbe1,998615200.8982561
ddba305c2a3ad29db24a0658,1097869502.150622
b65efc402cfddc0aed4e1d76,674540985.6794461
4a7ecb05c9886bc35f6b9160,788656193.3719846
b4e14604b888c994b64f94ba,768155399.7528106
ab37764e5f4e00097eac947a,1135611118.9308689
764da64c41700da5ee80b8c7,651936942.9834918
8a84a073b855e37a12327357,854529978.4005353
5a6878f8a47f1fa2fc1d600d,1412890624.09444
505f3d545ce83d0c848f828d,1502692934.5088885
6687a2299f38c15598d11eef,1029272228.6577727
533134592237b2748915eed8,844483806.8034897
daae80933675e767b50bdd17,896352291.4987001
945f85a061dc4e95e779e27e,1087646644.223911
62dc69d80cd6ea9fb7fe52db,904499653.7140499
153436858070f7e724f0cbc1,768357737.2838899
7f9875a5336a32d73df2402c,889390753.9587861
ac11141115d391be44e6426c,685171477.5806679
f8243b7b679dfe8303180d73,1445346526.5685647
1376106ebc19c929df27bb62,758252181.2676591
f591597c9a1ddd9852eb3cfd,885818686.5112442
a748841236a7a7fb33138845,543035453.4182812
6ef43ab43841696400d91859,578921906.9661211
601310d800d88f0d387235e4,1213088824.1324625
db81ec58863dcc5d12839883,593188121.1263694
68d35dadc6d0dea61bf4b513,502000420.8292622
ba9be0b67571b1e9242664e1,609793352.3656452
1690af2e30b05da545f1576f,1153131719.1959825
fc72ebf9381496067101da61,399792979.2275805
3a2e95f5eddda4df84b2e2b3,569122144.068445
a660d5809085b4823e287a5e,693186737.4722099
799301c01a3e7fc2af5a14a9,856381338.9189445
824cad597aae34d7d59ac939,664099496.3020397
23cfc154896b93bce4356ae6,404935990.56912273
a9b96d2a23ed155043085e87,895191075.0376259
f5d529ff6a35fa78ab14de21,579492953.9218156
9b337cb1451a8fb078dc9a07,686374914.4541522
cd1fc7362660bce494b5117a,580362579.7226017
26454cbe44a07cd0df12ca07,952861394.9383373
cc5563550bebb29c83ae3054,1117488887.0340583
109bb36f29b223a81dbfa340,748204710.0947441
31081c78ce92e1d8dbb315b9,923139306.3792369
502aca1a1097438b32eb362e,1077148225.273096
4c90ce573f1d61d11294d05c,1167455017.9939826
87f1e9ca16a7ea48de04fa73,1309293329.0429573
224f6e839dcbd91491f3f1ac,418942154.92048335
8ee7d2e0692e49bf9d308b4b,775473565.4837345
a3ff6a1fe37a1bb736b1100d,695692154.6077123
97d49e61c1ef55451e52c8e7,706147084.4139949
b6514cdb1e2cf37e3ff8090e,1466575334.336357
