"property_id","price"
"d56159653f5d2abc5ed5acd7",963006704.896367
"45550aa81c0151f1fd9fd8fe",910539384.878043
"735deef3382aa15930482f3e",683470175.159189
"0dd49fa8bb7be52b851c6dc9",845236158.543035
"7d3220a91e78f8bc2924d1cd",850897585.970803
"d3054072b2175deec2c1f8dc",425640069.578646
"b7574b06d593fca4eac59815",426983726.968177
"79e822115c5c1a4531366001",467844872.054284
"d3ed5316a463d38c1bd321d0",1138293196.26857
"2f1880c9b8f7ac2715e1236d",964236226.497601
"dcca1c7f109175760ff531c6",461138388.56492
"dfc4f3facf91bbd93ee0fa4d",501371113.096937
"30e134a6cbe61d7954d0f56b",395002843.861546
"385fee7bd9ad7722d45dd034",483110611.320037
"87199c236bf22903d1aafdd0",475535673.556778
"19e19ad0cd6b5e84d8aa970e",425666756.666175
"907f968e78d748fde69dd44f",735623110.801973
"be094e5db0f784e3aa013aae",411530295.979998
"7ab96f83915bc84f8c03c1bd",396701359.44302
"07f4aa9b9ff5b0b05d31e6c0",956990313.428512
"e9be8cd37abed8ab510ba1f5",968384749.34503
"5f6ad58df27b562db077b5ce",746033477.106371
"ee96d947484aaace40f9b77f",1018845442.60312
"15c4aef8401208054697b81e",1133220051.12343
"22d6cb11333f2839b8112b89",1288541478.60267
"288c09c33907dadbae495c11",1277331626.73514
"f71d2bca0c5fe2720a1544c4",557479452.353285
"451744cf3ce55a98db8a3562",543825589.649906
"fba9ae05a6a8a9e0c6268a9f",481204847.648288
"1338e58f7dcebf5a1ea59388",538960264.406235
"a817e8da0ada143ac87277ee",433993050.631962
"46d8bb3e9a0ca584d3c7a317",544054940.293356
"b2506aa9463aebf01e1e00ca",421603503.64068
"7ec025b9b6e6f33bf65af41b",442768656.390794
"2ff531e27672ecd2362eed55",828337223.507412
"9b3cf0d1b91b9c6a2a887647",596294972.115074
"7db5291ce4602d9b2b266872",386840808.577441
"65d5918e826c33bb950fc008",587597003.180269
"395c34e4b8f52cbdb0522459",755361450.048149
"855f4b67d2bd6d18fd03d8e7",678593092.618572
"9ff06409b37e5b5dece4604a",608760180.295686
"0508cd7bd2c77ebb6fea1e56",568520489.827884
"b45fff2e718e54772d46a3fd",639759858.439751
"cf4d2297b73dbc357d21e31b",576281329.259625
"0ada7044c5b29925abc90879",602758185.996323
"6305f02255274ab5fb6bd39c",829333574.571538
"d9a94194ae1350512beff3e6",880738861.876852
"e3896296cb80d50d9ad3f903",1026794649.52865
"6514f355887c64136edb5595",972976401.437313
"f03400cc18e12903b3ffbe5a",837821021.758399
"4e134600155a64783b3f8c3e",816731600.28295
"d63ebc63c82fbf66d8b6ffd3",821020590.068214
"1bd64811bd59706844230198",1023579837.51863
"a83921284639eedd4a511cb6",641821997.235666
"a2f3f7a1cd573e2a33f52e2d",824073301.383905
"47344a66471fa51f61c64652",837186927.911076
"78fd849c9429091347d7e5c9",805407354.745545
"c3daf2abea55af99c9579319",797674717.197677
"52864916eb1984abca41ec66",1045863040.18107
"c62494a9d7aede44f2f84023",1140772714.55301
"a2b576643f7a032371587e5e",1189539571.81125
"e53bc68f0e97ccead24f3e56",496310222.698447
"fd82c710aad91bc90af490fe",915728421.973817
"d436abc2ee37ba3dd561e940",850647751.008499
"216a598114a403676011cb51",792610144.19282
"ea230d5eccd2b687888173bb",865308489.765304
"18bd0dd7580f2a7cb19a90b9",379914370.028542
"b143c8ca6d334f6a73c3f2a0",404839327.292379
"ab388cb4fa511968783bafee",432976807.54497
"6a4f08cd04d558a56af732d9",461070764.910176
"7216c895aa047c4f405c4941",492480634.867241
"a493488dcd906dc74cf8a604",803862417.034204
"7844b0b2bc65dced90a355c6",661805269.684634
"c1976383069b6b82ab29d092",453959076.83742
"e5cfd99e2308b7b73581dbdc",409191335.652594
"c18c2ea88f4ac53970b53d2c",559754520.938875
"842c9f0e4edf1e5a672ce15e",749630935.600526
"7dd1e46dcbddc6bf5ef694de",448031615.228315
"6cc4f32b39180bd1ec7e117b",656923601.578568
"79e643789a85dc4ffad49a25",819031867.039146
"b3402a9173d289d6db78e09d",989350234.809052
"a446507813234e358db8b573",536986045.146157
"c8ef57ddfb35061d1876f94e",627194295.94587
"360be0df2c003005e3db080e",1047613434.56991
"9ab245a4c91877cb7a8661ce",1234992235.16946
"a57a34c7486e7a40e8deb316",1037904690.42488
"ceba7d0f56f6cb03538962fb",692306999.12277
"d5475993f9db58c3e4baf7a3",975704931.178606
"d37a1dda09e30da13ff5bfc3",748108176.319564
"68a8b8d077a8232723bf37e9",742695881.522265
"e1eea7716ca6490b7640717a",729018717.207406
"4ae6d75b10848d259ecba576",875236547.756773
"17afbce5c0b56732abbea936",821036203.432228
"84a2673eccd3cf3bd7fd3eb0",1031029251.38808
"f2f4e6cbafe527b155707f01",1109085944.10025
"de2e3a592cda5b76c9573c5c",977693649.105401
"fac651cf404a58f24dc7d286",1363510970.54402
"e6f312a0877af26b69855a3d",1283795972.68441
"333a643c623a9bc75f3a40f2",1201817810.50712
"64593641e470908ef23b46cb",1155224709.88523
"ce9f2f0071be658ae75ca6f9",1157022548.26756
"9ab385e399a4673732b6a799",783893411.171654
"3429c774b736cefc051e2c55",589637503.675842
"a51ad0372758b2bbfe73f8fd",657255260.137237
"8c801a266256e3fbabe7e3d2",791040083.390274
"ca2f81b8fb6fda20aefb0ccb",824528310.861198
"3c1b1f86087f9b99380e387c",853335369.843091
"b0cad5d612954b8cab18101c",781139512.404455
"7eb991f4c69215377e4dac8f",925212291.217845
"0d130b8bea4321300396fa34",906618141.750077
"8dfa059401e1dca80ae65ae1",857191163.668604
"3e3f264cd0ac7a65ed2349a2",1193768610.73096
"112dce80bf512f3f24391d23",468901031.932557
"ff25ded6333278149f8fb68f",820116249.386855
"d555b82c192794e87e9d536f",809413025.461292
"a787382d96ef9fce8f27bc70",1166064375.1415
"8c3aa295f7bcfd9a43eb2037",1153871372.60815
"13ac95652fb3cf6c43dafc66",458553886.368245
"42fc6a80b882c32f6264ac10",473750437.814109
"1e9c53e09220d689a0210ab9",389374156.805692
"3348706086aa3db5c92259c3",450624857.028358
"66d402a9b7d05f29282ddb00",711984711.588544
"cf88be51d6f31c10e5868ff7",543512509.57579
"30b3f38716be209a894b0942",433408022.828075
"0a5908a92d0ba3e36f54b1f3",419149550.898544
"dd206b6ea2d7f6555109ea39",523599424.393855
"c641febd8bc2ece3e4d2d8b6",615592748.710541
"c11fdc02a288af0572a2bca1",967406165.341385
"35dc60a65969b264ab283d6d",611798664.263638
"d9cb0f637cd4feaaaf8a21c0",719957063.306762
"7e8dfae9a5f1faf8afa706f7",443641403.521728
"a280fe7610c254b935c9dcfc",422423393.419818
"85524880fdc4e4daf90e96fd",520145382.342462
"f361109d06f6609c16724b39",586709265.692979
"3f6b2f0c0876c21755369cb6",831412448.097656
"de26819064a290ce78d8fcc1",601872173.757826
"91be1260a84ab7fa3521c495",1053800409.84863
"18c8dc4549d38c918af2972e",892650827.568908
"782b0fb8641849c2c34291e6",427040680.229923
"54933f8b33a4fd6f031ed5be",923820220.069824
"953176c9a901b4f61c030432",952016666.311071
"357e2add3d68167a4f3ce15e",819313919.317246
"90332d50e91925eb9b614bef",949479830.480844
"11723d1d472bf1a3fdd8b72c",1136923019.78498
"01f8b6799e2910f7769db175",744962348.396495
"a0d5001f7dd42d7f0c91d2a9",432727308.552778
"d4439c35bcb88e1490916c67",524984166.851941
"4a73dad0ff8a5262e8b07c4b",983741457.184996
"3dd8085a65f24b497ea59557",1060880095.8407
"39ef085809bc80e32e7b6af6",1114714433.17096
"b98ee16e8fd7d1c75a9da13c",1058160413.46069
"16deb26bf740fa61e258f545",1024072365.04381
"732a3bd457d7798e1fd892f6",718692679.707525
"1376058cb128a1c7729cd2e9",859552198.190638
"cac7e7c3e13af91bdc7107e8",1008271477.87968
"9f3dfa6e1422f6aeac527c61",549336977.955542
"4dd3d1288ccb66ee4fb9c097",1183793936.70586
"15fb97d6a43731d61e95d004",1055028359.08805
"dac29573163315edf99e0e7a",662726712.389768
"b93f2864087d41c3c92d43c3",857688285.397164
"cd4656aed92f5c0a0b6b7c0c",857688285.397164
"556210496090b42ac10cf1b8",1189539571.81125
"762979729fb21e56a32ed14e",1189539571.81125
"ea935b76abe664d5e2c4736f",587597003.180269
"40e9ef1e7c6749b7a8d04ea9",485504507.528492
"058265732a484ac8d5497f5c",569812334.35979
"6f52ea8340cdd283f9a79720",746208100.320145
"cafe7c1ee67458e05c84d5fb",829333574.571538
"3f45ed2f08a2b03b738fbb5e",439530567.997631
"f203b18854b75c4564d7a17d",859402501.321681
"d5333f639d11bc3ab073ed72",544507142.671222
"c14f644116669a160446a945",474617670.123901
"de585856ff546e00a5a4672e",415997239.803338
"7a80663cae7c191b5d025fa0",536032004.979915
"71f80198e68fbba902650b1a",484633419.453733
"f3523e0626df8cea803ead0f",409103037.899728
"619abd5f978b1573761be86d",480951110.054423
"17a2323b855e93533a9f09f2",637353052.219628
"38e8630f2c05ea38e2257c21",551133703.655432
"1e3798d739f85ee0e5a314ca",419964029.830045
"46d0544f411bbfb6b452858c",608499081.028705
"605e7a71eecb13b23ffca0c1",519177055.853207
"7515b37b7ae7c62f3dafbe7d",606126177.225179
"28be121ada9c9303be802474",548003081.975421
"331d54f8a1bd3dabce73d6d9",765959471.055546
"22d167639ccaace593dffa31",547912208.938268
"36cd68fc3ffab79fcaa340ab",482111063.50988
"db924733e88c361cdfab874a",777315040.887349
"64eea2e9a13a8edfe8ac7027",800155927.260983
"97fe6eeed892111bfa20255b",681583569.614669
"b54e6757829ac95e2076d954",697069035.679313
"dd59b8122458557041903207",587128607.134653
"b35c58fc1c05a77433025318",945283681.155721
"c41964afa164d8b75f8dbe92",808107444.733331
"96b3ea80cce599b68f96f86e",759816597.184637
"a4bc87ad4f1ad97c0a63d843",806073411.870466
"16e62269e6aa2ea052d05f71",959977447.575544
"518b37b51f824fa0fb5075d3",1017745081.44523
"e083d83369cbc93fb94842a1",854115183.064705
"57deff02895d5286eda10d89",1072697841.67234
"7ed35835fbe694bc237abe38",770570429.110286
"b48efa9ddf36e85164354f26",1251594468.51131
"5910c9b29a1025bada93a5e1",798504667.038957
"10a650e8cb5425c97f08f68a",759426144.831294
"9e0feca2ec3043ae6f840631",1150235764.48705
"35ce37bbecac6b164fa21e6c",596820099.315381
"c4955010d066e013812a85ea",1064168911.22922
"d5a83c31bec18d1c3eb9af7d",880459511.758406
"70217bd08583854329722821",646521291.515402
"28e748e7aa0a447731e06706",604303184.346171
"27929c0a3e0fd2d6d2969e03",793212568.433652
"5c5ea0d8bae75e0a5c88414f",1012454526.2951
"2233f50cf7b04791cf1ddeaa",676693321.119822
"bf430621f17dcaf17fb91ac7",646932656.353286
"d8dc9de06461e0220bc55906",529897145.150093
"d988975f8c4e6ee8fd8dc1e1",880332214.943899
"bab884e0f99df269805e83a4",865693223.009427
"8fa9b20af1508af7a01e2267",890753902.040205
"b6f195d44ddbe10b78b97191",535422902.53808
"2ab0eeac4a228d5769fb4365",544371753.987022
"347a4deda03bfdde6d1c163d",786806935.372331
"17230f18b30b94606fea047d",447218616.006226
"eab4ae491bbbe7b8ab107229",776553986.875666
"07c753474a847bf2bccd55b7",670733476.875714
"b7ce05400f0261743073e072",671890988.416853
"4a33d213841d2af537aa967a",768228147.818897
"04eb0b590ce7483c615b043b",793633929.067556
"a01a51af09a3dc387a18b58c",526953089.271125
"270b930a9e22d5016ffa4019",1140487733.67201
"5ed1320fe84a518e267ff537",1019875545.93087
"f04b574dc221473cfd616e22",621363238.374905
"6f7e390aa6135019dc5a828f",751945178.894115
"776d4a19fb3852fe6dcd3ddb",517409523.510287
"b7f164b79658952248866c34",635388123.61299
"aafeff5826516e363471e439",427387980.540394
"eba6a2b80a17a846ae560ece",384066004.281142
"90e62f8656ae504bf6175e0d",486635699.047331
"dc4331d09a1e36baaa6bde53",548614108.244038
"372d67ccb9d251e290891f0a",387508570.343302
"a7801c67a0ddd71c50ba38d3",398227915.654721
"e4d6b81f169cab8ea0244d75",510943967.299943
"cd5c6655243a4be0912bc92a",1037904690.42488
"f7a7281a19733251134364fc",1049848753.14849
"a716ec25a219961fbe90f367",1109085944.10025
"8bd45966c16d4eafb49ee2a2",1113185069.46937
"baabbdaa5e8f69fc90d303c1",1127126460.34181
"8bed46960db1b2a7954ffbcb",1122547697.01704
"dbc123f9502159d660f375ca",1260217550.79923
"a4683facc81ccda10e9ae388",1157022548.26756
"3a576586fa1aac85c2ffb75b",1145287237.05318
"b1fb98d0ba25b21c6647d423",1164316278.76659
"97fa4be3ed93c37c048f507c",452199823.123663
"cf184cc576effe39c0f857b8",510313598.655507
"784f67fcb2d009d352740ed1",448230459.759568
"f4d6ce332121f814aa663fca",539541447.023007
"c87ae84ef029febca1e633e8",589242206.780851
"e876c6fd9c161861fb92ad5a",1109461189.52576
"9047c4764f2c6b1a10b87e99",1232941581.97225
"234c94e9a248ae57bb5a0771",693249160.443611
"a49c2976ca4f24f3a6b622e3",526978145.265036
"ffc171cf73514bed077339a6",445752028.089869
"fba83f5feea2522888377066",445238024.475389
"1a593800d5785ecc36c25ead",947587905.329222
"ab157c9601861dc387a91b82",867686668.830352
"f87f8003f15b0fbc12609514",606293732.65903
"f44d035ea2b15b2c69d4da50",811396589.959493
"fc815b59cce7934f816f0502",995849570.166877
"32915b77ca68000ba9eed6d8",566108095.874509
"cb083fa7ff634f424a351840",649699732.515972
"4f3c7b9bc78f882f858b3d3a",486824653.663547
"53d33316e237830ad463a26b",508604569.045958
"f5d852e25d51377686c43bc8",565347050.417904
"64731b6eaf4fd2bb6c155013",945534035.525402
"dad7e45e4706ab2564ef9cf1",414034738.06628
"255914e9b13ad94efa6ed365",864432092.402886
"5a8950a64b4aea4ac13dad45",1072378036.26973
"70f51b4abf26651111305b1b",942790274.257287
"8919ca18fff7571002e440ec",1120536141.48153
"f776a4e0c8c82b3d29756b34",1185563210.26025
"7ea4af39a7e577ffbd600f0d",835160250.494917
"45fc0d46c7a4df7ff6976fce",1013295025.06368
"7cdcecc706fc7c79cce45b20",965586309.012998
"3503f56e09e639be4762ff2d",756625703.111692
"f70ac0d227db6f5333aa821e",626174198.700356
"20db610da64f80afc1621b12",461364850.414556
"c80ef212c870e2f20ed2234a",831575466.178363
"7dc68d5cac1b7fcdab35586e",536639337.97729
"a478fb93a131fee4119bb9f9",1000875852.36885
"7749b2b534213ec7b536372b",730838325.359134
"43e59f5312e304fc21c1e052",1058742142.02296
"82a7920524816f3db7f5a4ca",840601161.576267
"1a7e331d9ff88ae5efafa8ea",879032002.747262
"a57350d4c79a415137281cb7",414740347.199084
"f3a6132006d54d0e22a17e84",814398067.312923
"14caab87a129f51b2b70508e",731699397.530166
"ba2423d79744d763aa3744f8",974132909.572471
"1caac10c1121a795a172889b",1006209842.35571
"40768729f2697b87ed6519d1",708357505.851286
"843234d3c6c20bb60a17fbee",827164835.067988
"cd2e4dff930a1c7a1a569992",765666537.857284
"5a6eab133b7e95155f6a9012",502280189.824259
"5bba6c40aeb129c433d2c58e",808948063.929608
"ad3c644b506498127c7beef1",766186680.257351
"a379656c49f4cb1cfc5b3f03",896615990.739211
"998c1a6ace613d8a7468ba5c",815945127.976819
"dd610d7ece83bb02dcd7a22f",535804460.214815
"539467d04a2b3e78c592b11b",430031976.456954
"e40fe4ac43cabe82c03dda59",559258199.21429
"5561eab714583013b422e7d4",661439378.683953
"d9110b2b5b1c02766da9e24e",816146919.155255
"c72cf05b93b9c290c063b08b",826350826.08459
"d71cc157c0c43935989009f5",766764755.367442
"4199eaa19ddf8ac436bb2ba3",994492044.876915
"d23d12bd86def2657038a481",1057267339.65387
"ca438e13d8aa6285858da0aa",1042749270.08404
"a173eb804f4bcf6bfe889417",1116765634.02089
"9b3677d498c2ccf69c756ec7",1190362724.59463
"f8c787390e4c6d2e99fc7c3d",593472426.770979
"a188aa896d1b4520ccd6b65f",415058911.536394
"9fa39c9eb4b10a20dda6c3c2",884614707.975753
"7bc9022fa1eadbd9ab39acd9",719446506.217343
"46f0731f62232b32eb733dc3",645357034.210723
"b6767d1e329ff5e28c42f632",565281764.844038
"abde4b06769fcb1d5577fa7f",655446420.03998
"1496d159d31717ce254f67a7",520124733.341303
"1470749d0d2551a93827e441",586922343.643568
"3ac517f74dbf8cdc8feadfe8",576144536.611217
"fc6616c62030a53d2aa46b12",1055234623.09843
"8497f34947cb4c0ff18a0eaa",653633993.761145
"3b2936127f5a4684a1d3de22",778731110.685042
"dab58562904cd13a93d913e1",727814816.06995
"69d1e47b6bdc57512f1838a5",748407404.935615
"23c7f9a0534a4ae6a24e38a6",915593149.817919
"640e9fe41fb79ecba89d8951",1044614239.74301
"31f6a25d56f3bb36386d07ae",909221503.381915
"bfb30ae71cdca27f5a5494c6",978319658.994913
"baacf0dbd690644d74f3a929",832303857.155459
"cdcb874d2e62220d12230632",957579318.485458
"1421bdbd9cf7572b799b732c",1063719788.45171
"ee9e5adab1455d38edfcaa6e",1032770031.06238
"1fae43a9450fae02919962b9",778482598.519255
"5f9ee280509afd55d24f39b7",752141154.200741
"82902f2082dd405ab538ff58",579609844.011501
"eae52c81f779a61f57cb5b58",976223063.540206
"4ec0aee1b202642d2739068b",867415105.696535
"f4c6c3210a3c2eb935c6d5bb",1120768290.73094
"14a14706d405569501327924",392583199.19316
"146a5a4f3d111dc7b955ce42",1026750036.07844
"99bdce7cdea643b0442976f5",753189514.376576
"733c7cdfd50db77066a67140",468012648.460198
"de328410e22767c66d919423",879700092.280935
"d0116b53467b3081664fb268",823470020.920472
"dc722ea5c4d62773f9fb6bbc",555129747.055835
"e84605e3aadd50b064c8eac3",1068899378.85059
"31a3719e57ab1425e7267fad",718448658.130152
"34993717af3f861b9735df6e",698349488.228752
"543822711986a454cfd764e3",1015435411.52538
"5bbc4ff9cc3ddacb39469e27",1047710840.70569
"d7ced905983af0800c19b7fe",920297343.202706
"02d5bac2567ee9e19041ad42",955581967.933236
"f4897a8a0a911a2acfb8e8c7",1118253308.74252
"4ba19ab08d1fe7f72d0dd37a",759928452.954864
"b7c07f8afe037d55bddb8e41",529390918.033056
"40b20b5a3a986802d64f7675",567392795.555293
"01fb5931cb55f5308382818e",1126774882.85765
"7cd0c7174b957df1f004fc88",922856956.865291
"ca13bacbf6dc8d1b09fe4c67",795646623.215485
"0ed0dc77661be57aab63bc83",510259366.026074
"d03558acc19951a882bd568b",464739738.381903
"b8cca0d70fb46f3a31473e98",1084690782.7044
"f665a58fa8eda69547c1a159",972670256.100057
"8aa5ae4637ba83e672cd3ab9",735998873.940059
"a6da1996f66e545041d920d6",816757188.591026
"b828609eff041a68fa243a12",894268467.94531
"3f39a260b81dd7de1dff2b31",697082192.755016
"40fd167916ff071afdc44792",968184008.220243
"6ca31945172976c3a11732c6",1010819806.94396
"1437d1f1601d26a3dca7594f",824975451.271572
"ebab054e5f256bf4e382002a",1189510544.23646
"0838d0df248d723da4e25ea9",881573733.407995
"7a134e45b9ebe710c6c6efe6",784190848.289758
"6e9c7f27d6b89c5f9696fae6",432938218.597963
"bd12c705950c46e679c34bf6",1124108526.55513
"fa2c1092f17ce021964f8953",810875229.596118
"e3202b635974f7a3367c0ff9",993306073.929197
"49bdf0f970af03d83a57dcff",923277231.569808
"91af29fa680d8033188ffc39",1011791361.7541
"cb626b981c0997d254388e76",429594646.101774
"155a8e4186d1626fdda4d0ee",919185926.664145
"d337476c2cfa780518523a6b",530335144.134033
"7c3ea8523ece273991a190da",737936637.88304
"674c02227165e1c7189c54e4",1063388573.7818
"17056748001fd65cb961b384",1055343890.93654
"f56bca5bebfc765162c8cae0",1105938242.16228
"5f4b0ec9c7452b888b33c3e8",571267976.140411
"13dbc077e552640736267a49",363491586.730758
"cb645955c851790e83e696a7",989781893.345032
"649cca8c83352caf7442f20a",773020370.850721
"fc8836e71725949c5f3fa7f7",1285508647.9314
"4f431d80287051ca323f2c08",676178130.513345
"42defcc69fa22e4c858f3c24",1007215501.22761
"291a2f9022933c9d81311e81",1019645202.1545
"d48a061a2040d851937413aa",1049057512.50836
"55d2ad80322427ee3426dceb",778071933.023208
"8c41bfacbc1a6ab831b26fa8",993373471.748359
"c7214222fefdd8d2ad7f8f8f",943384384.696394
"b3d9a095c9c73004643c9e78",1027592542.29527
"d49aeae19e13909e75dda2b6",1019377037.59304
"dd10dcc52d2549df85f2a8ec",641153397.886708
"6732b448d2e4f32679f235ad",1164241918.57067
"f08a5c2992cfee4c0910f68c",1024376604.94534
"e3a62f080c25f404ca995e06",1047443128.86983
"7634d584c3042533942e2dc0",836745671.565124
"ae58dee872922a9c678dbfcc",1100980786.6563
"5ec01e911785dbd5b49b166c",564033984.609858
"9bc12d9c9ad95064412c3413",811509295.162149
"7acdaa0cee1ee62e15f4490b",602693521.391945
"d76d5b14d0acc5295b8057e2",826947561.779875
"32f3364ac1fabdd13db1cfe5",341711554.691993
"8cab957b322f1aba06bae4ad",591812565.736507
"e3dc8b417819e9afe3fc7d0d",502866548.179142
"c71fbecd8f7310c201adbf40",518816749.304267
"54c9bffcdc46819f67e4b3d1",776186911.068272
"4d94a2295f612b96264a0db8",697210881.44631
"874f4a836cb74be301e068cd",1108945481.53099
"a18925f908acda4171bfbe36",1097198367.83367
"a587c7419568288d68c46feb",847720128.990671
"19994da77ce4f2db3efe6660",473653339.756689
"9c4dece6127f1f3f3bc1e0f7",559385637.335367
"09c28a830f8093802384071c",538900665.445936
"5766f7cfab59c920081e3046",559385637.335367
"964b7d9de17c1ce396fb83fd",423626192.405092
"44f77a86369d6607753adc09",661588520.782482
"7f25471be85adf0baeb8ebbc",646162654.84961
"6859481703fb0cb34c1e564d",441234868.624112
"7ba0c14dce0cb09ef5735d9f",658955895.350344
"62cd6a29e98a5b7a5ad38050",742323959.965475
"9c6d7e6260e4fe83d43706d4",643088418.575497
"5dbcb55dbba823dc31b041f6",1192353432.79283
"85abc5c0353c5b678f087824",684851593.321297
"56dd1bc39664f8e9f316851b",807054456.935968
"b23341faa7307d9d6009c6d8",706387846.093063
"2af941adae2e8dfd66542055",620329389.951169
"268f887f25d416dcd3c0c9c2",792547484.924392
"9ddc7272fe43f07035d3da63",1286153979.94116
"4002635ca8b087877ad22d5b",1167992297.43205
"b515b1caa608ff42574e5a06",760004295.703236
"710542343cece039a279dbee",739705457.585949
"187a143dbd6d4bd81d6d9c32",557545064.43374
"26db92c003c8e67d92d88aaf",1135578081.43805
"641ac8f4f60ae2b9cf6add93",849521713.850217
"784714647351cb6745c867b1",739705457.585949
"5fcf1e2ab4edf13ec844decf",834796698.942706
"2575d932e98c421bbb38b267",911593924.792563
"af9d2f5f62bf74a7fa9c74f4",928860745.34375
"4db8d529af9f718e6d81a85d",430031976.456954
"9a3368605e5f563e29182f3b",547028537.171833
"5ff696d8369101b6dc60e2ed",506748822.883553
"95ade3ab8dc04237acd6441a",395700777.724518
"607ed21e896eb5ffb50d5ead",479033071.458367
"40d9a852bbed67a6036c6d8b",618705817.762374
"97badba651a94721af5df3f0",766764755.367442
"b2f089146c30929c4836f0fb",613897210.258985
"936307e2f478c3ff7b9652e3",764849890.537794
"b6d5cb459999de084965e993",919294239.28233
"aeb66f808982c6308d891f55",818899679.534253
"cf8418c60f4e54dfa09b1e6e",810354406.210588
"1dcf71e8fbfef2c6534576df",745264180.380685
"c78b16f05ef58855da0d4f2f",437566799.329196
"19ecf1fc86396ada203c2a19",806479121.589033
"985fc7ab5aabf1831ce3d298",906961438.575498
"8aaeae6bcfcee5ad928ce28d",843538939.869801
"1a93cae134c79a43b13ce656",994492044.876915
"ffad647e8ee35eaea6378fb6",764561705.179173
"c21a3eaa136ef8a912ce7b74",996325878.730552
"fabe0f299a4e4bc6f51d54b9",799833377.279737
"5af99278b1091dca9b0b0332",772599030.63301
"3f0c845deec1c24472a35efd",1297766825.27721
"c10f25fd39dd36287a6cde73",1285017455.60727
"f37d31c512866b575780c4b7",1165447812.80484
"5d34f871e5a5cb3a655a0b13",674742624.30407
"95bb852a958d7b16fd676e3c",1164581025.90184
"24857a7a80d5f13a52eeb054",767279937.373266
"f9796e9d13fe1becef435e54",1209815925.50056
"1c2739878e452a340a4e8972",1089556554.86162
"698f3f1929a2dbbc69865b65",818873256.22362
"bc230105784ca8640e499ca2",696526359.980143
"622fdba953206a65224f2c82",545694390.847564
"6765fc17d98c08142d3d7757",701537205.603616
"6f35fcba4ffd6a58bce85892",463528028.7352
"d8654c08e95b39e3b4891cd9",809067356.24219
"33305df46dc2186c7e3f727e",1110656277.70217
"0cec193a20d720af010383b1",880755593.683952
"734efe04fa6b326ae1d072e8",445178874.792802
"69190139558b2ef3eface18d",552639174.340916
"bb084299ad23f245d7cc5b69",629602207.342316
"d4c7b3372d70b898b167b92a",764793175.239529
"4a119b1bbf04b4bd6051c5b1",1038914578.20159
"f844345b6224bc76bc3c6f91",410410296.23429
"052505ca8210e5e651fc0b63",772823316.295124
"5731cdf8cac0b8371d786c90",974585013.574084
"594d8d78af90086bf8cdf09c",815348620.794158
"fcaddcc78938f3a234dd2d3f",432131548.060462
"1574958978c9b5d23d9521b5",686093253.520742
"55902baa0ece72e2e8c869d6",944926466.96904
"46161effff173111bb6c3a32",984772847.086187
"b3fcd9cbfd485e4e1da6c89c",651150826.666829
"213ddc1761cd6b018349786a",875459555.152934
"be3b1df5f008636e14bec3fe",987300466.278665
"dd27922be5b6f730f8b4e058",404386807.661085
"cd2aeb1b2649ef421102def7",811268988.537258
"a226b4af016a772dc7e39ac8",661931274.054577
"dcef5b332fd31d0ed8d754f3",589422720.909845
"481492907baba4574d4a6f35",994688248.297593
"10e5e54ab66b58b3f41ec381",879178878.014402
"d48866a153ea0fd23a858cd6",559886310.885698
"d273a2075d28e343a657d9de",1058223094.49758
"90a711f776d53cf654614649",931815789.954244
"f87c76eb5071c5b309e3ac3a",494063175.555628
"74df03749e60c216a3e1292f",419361556.726232
"03a84af05df0f577e09d60c1",584636690.682705
"78682041182f01ee4db04e8e",1125397246.08509
"25c76b5a1da0c2d8158b3732",801443009.776151
"af8f09175265e1546200ff86",577418351.936154
"c8d4ffb290aa9cea002e8d67",429973678.94494
"cb89ad8156c3428ac80a4db3",590843133.785096
"7602cb1e6fef087d8ee81aac",791832428.740396
"00c75d59ed4777481a50cbd3",756160740.866658
"fd36cffb856c2a14982a5fa9",670561652.501358
"06ccfa37fa6b011ac38422de",487652711.717099
"257b533b6a66b40d0f097c55",670590711.676448
"736eef4bb36681acbcc3c41b",508666212.561345
"e1a4437b17f7bec650d8cd97",889785876.874079
"ecabfcb8ce9bb47ec3089c7e",889785876.874079
"a5a46af0c9fb5c0a03855660",802229745.714854
"920b50f4355cd2674ceee068",806310720.91644
"410e5af026805ec8088f2e71",807337156.953234
"efa0c01632d13ab59f629ab1",547912009.099531
"5965d19a68a8414b0419bc68",809568802.796569
"64955a117f2d9264eb59fa82",1072513119.71208
"8cd46b5c9cbd056d3712f155",818873256.22362
"65f736c3fee3d14c31a57d1f",870967485.268549
"66e9c614882d58c022de7a2c",974585013.574084
"8c787c1e6161b18601e6d7de",539565506.12727
"29a115ba5b198689fce5f93b",391208423.118398
"de8ee990e70c8e5ad167dc89",696299266.098391
"0b65098a19c2fc1caa6577ed",994688248.297593
"70ea0403b722a1dae1ff9b18",764793175.239529
"5c77e242474e477513b60ad8",536725641.950426
"1655a92b20740a11a5889519",537205201.577737
"1709b1446b20b21482dd2d36",1045863040.18107
"e5dba7fa0cfb81488b0c331e",500857237.224169
"d09dc3a3270073e5f1cb353c",1038914578.20159
"368e740cb71b9175fe5b7b6a",1110656277.70217
"b8a8ad4c0215077d3e5aa472",1057330759.1368
"1f4a78e094987ce29f054fb8",499269643.949458
"aae3a99ac764b8e9bfc562cf",813886166.89198
"a63ecc5539e8725af4128cb5",782656645.530834
"a29e18f37ded2e901181d7d2",691785051.592662
"14ead7469d05e5eacce6a575",625114365.835896
"1cbf39c44f6b0fdbf9554845",652659907.1909
"9012294b64280c565a88a1d8",847793384.839785
"dc0e9ce44b9932c6e48a9390",804661689.307673
"a4f272acb4b3b4f5fc72e99d",818712618.337508
"b0a7295da89516be1c44512e",887701784.569391
"b638b937d4f62949b9eb9fce",769440998.814819
"cadd4a6e1075b57f7b74c63e",919158055.514483
"a88f4eeeeac5ccd1ba9b8a4e",1021798333.87387
"29616bf14b5f1cd42786a91d",732382208.489987
"f03f97ca55e9a43928c18237",513217756.738618
"5fb9bd3aee2e1320dcbea448",496188060.635063
"34bcfc2f0cefad790922879e",893476402.599722
"8c9849cf3d20991e5126420b",939206322.100553
"ca7b9296080c9fc9fb232782",1107889610.7194
"63a5989d0dad994a6af7734c",484633419.453733
"7d25023ecf668945c87e0666",544507142.671222
"fde3d4a4a819b1fa40530238",549149221.708563
"e3338ac993873aca45755dc8",536032004.979915
"bfeab1b12dd82efa96efac31",474617670.123901
"2d564574f0191164ff1d068b",409103037.899728
"5529d858e9c9e3e92ce8a95a",493414940.880152
"2755af908b841e9024718b3d",528032601.093815
"623df36ea9610ed5c58dbd8b",526600415.005583
"77924a3c7880310a4822e5a7",415997239.803338
"24fd0b7f75feda5db89a4127",541438449.067127
"c2b9a3b2747f32d26c8219fe",480951110.054423
"3c3c7861a9727bedf5e3cb29",816433399.150408
"822ba8fd3c7392bda84461a4",551133703.655432
"4625168852b335b223a05bb3",767062453.476892
"b732ff1637ec53286e890865",608499081.028705
"706bddaf0b87e4f076247450",727633616.973955
"917218fe1425d2c222da1ed3",637353052.219628
"7ac0428c4b7197ca14f3b86a",547912208.938268
"e828e83be8651bc2e07641e2",607180786.294351
"4d069f925100b6cad0b657b8",482111063.50988
"a50640d13126880a423521e8",765959471.055546
"45e92799de1a5334c3d2d72f",419964029.830045
"93ca9e75cbeaceee69b4f0e4",777315040.887349
"8fc4070ce12262679c381515",800155927.260983
"63182bbbd5f94cea67de2d8b",646932656.353286
"6e163c3a0e30e7bf1e909661",681583569.614669
"3cd016f68705e73b819cf74b",759816597.184637
"3da41d55a2b9f78c2b10c75d",759426144.831294
"0eb8f10c9d5ded1b09f60baf",646521291.515402
"330c37fb5065311564fd35a2",959977447.575544
"b849cef46f19e13d3fc9d5c5",798504667.038957
"7bc034984b19479f29886cc9",860847051.149398
"5cae4522fa829a1614739b64",1150235764.48705
"bf6bd06201e60a4c98c8623d",753696549.894068
"549ebb2f616d50ca778e92cb",1085301319.32465
"448ad6cf4b43298a39c7b5e6",529897145.150093
"e9a37a1a4150461126dbb6e9",677173374.387548
"1d4c50978603ef41377af057",587128607.134653
"bb71a24bc5ea4051d84ecacd",1017745081.44523
"286ab2411118455780314355",880459511.758406
"045108344bf09b01b597e7ce",854115183.064705
"d714e15ab5c2d5a2503bffcb",995768107.758796
"60823c81f0b98e8a57192a9b",770570429.110286
"dfa988a524343181a0d3ead5",806073411.870466
"fe8bcbd17b16ad023a202843",1251594468.51131
"69fe76202cd89637a15de1d4",604303184.346171
"e7cf67cbc08fa04be9f0a3d4",596820099.315381
"670583e7a2ec6e337429fbf9",1064168911.22922
"796935018bf2b241646a2dae",808107444.733331
"5f5856dd16c0e5131835e650",793212568.433652
"ea2e380226005bb55c724ce1",1072697841.67234
"f40defb11ff73ba4e3db7611",1061138451.6174
"a4b2dd2771f49951c027eef2",945283681.155721
"a949ede7227c8f8587715029",880332214.943899
"83f402857435d4fadb27fa36",865693223.009427
"36ab522893b5f01caea4cd0d",890753902.040205
"8e4875b7ecd0898571f0b1ae",492177211.532054
"7ef3f8bfd0368696369ac957",505374858.248749
"73ec13a5687c542137eb9a41",488238379.230173
"6334eb4a37d102ee00c6e2a1",523200850.586264
"fab91f0b03598c943fa425dd",544894860.967235
"c57c3c7edd591e16c0b7c1f6",545894714.917505
"03aea1b6ff072f117ec733af",497418482.312224
"91b57e8d6c41b7afe949bcba",428170375.193978
"ebbc5fdad817b304af3585c4",418955478.102396
"0232a50c9afca03cbf4277c8",540926719.752913
"05b12b1916e51a804419c654",488477875.86708
"95c9cee9b36fd1d68f647aa5",547096233.693104
"3d31144a77cb51647f3deb02",587461450.000356
"ea87e3259c2b0d6263d39a2f",483490891.588674
"61f634438de4a10a861f42c0",546343519.134695
"c3ca43d0474dea2f2dfb9791",424228331.807497
"a13a3638569b89ddf1260470",486507794.725342
"124959d1429de095473bf5a0",567127845.364184
"4d85bbc09ae56cd85a8f87c6",577780121.145929
"2c13f29a8b9ac9b464e3a582",428764912.447732
"70215712bdd8ae7585520550",437435912.528627
"3352469ca509e8ca652fad1a",551559776.445146
"893caa7433c200e0d43e9f27",787805968.36479
"767cb14f03c909c595c2a731",646500920.20921
"11433baf7716402e8c58bd33",761287459.018735
"e07ca567b0678126a1aec803",671253679.313996
"b2286067a73bc0049328b55b",626194771.15107
"c85d56080167254c7bc19303",722011171.853986
"5b9ef8d6defdaf13dccc5ae9",482319505.643543
"f7972b1936c6d9e95d3f632b",463392672.844305
"defd03ae7d0c0a44baf80abd",667753101.508341
"6fffb7958a58a73b0e16f2b2",878722864.196187
"5d86a1db39e324770ae58efa",451594836.693713
"c56163e390d9e5a7a76e77be",594077028.062231
"fd5ba2795eb7b5fe338d6b4e",782511671.63817
"24d6d85cd0e2dc3deb2db896",823852125.181461
"feea3a2bd9f643219de51c46",493316074.695383
"055d7c66464d7e327711b497",799473432.120297
"046aaa4162cd410e92b216d0",683984844.83979
"b6bf2760cfa26cb28fc989fa",658190006.413989
"3a6262eed8967d695182e435",731588468.0391
"cf3665f24927de548639ee4d",646590760.084916
"4c243fc50d5511a1288bdc0f",690939887.127559
"d753227b5c685e93b378baea",666998022.801104
"149e49c22fa0eb163a36c932",807354065.94916
"8baa01b8c6d29c82a6108cb8",486668640.009908
"2d437a09b860d9d46644ea23",447111526.311908
"66bd80fd26836fd426be5733",491555533.451037
"a30e69524af9c1bddbc5de34",625088661.093196
"fcc96840d952d32a7300366c",514074175.445259
"659bccaa707b94f303610225",668463909.024802
"df1c66d8dfb9520c6818a32b",707868210.150805
"dd1dacc0c90022e5b40849bf",588755317.014452
"1a06bfdfaa9d9ac754ad07bb",472972559.727796
"a0ecc8ce0592a40959bd755f",616974088.656274
"739c2b9be0941e4c126d2f3a",842806814.658177
"d723eb2516802250027312b4",735968898.587386
"04cc75f46642efb1192f1875",601533199.243147
"9f37bcaa95fb0044aeef6075",562259514.21908
"7be8abb5d23794ac47ceda32",501859564.782523
"c06c737cc0cef7fafa3fc4c5",623601591.51862
"48e71c45f41778f8dca24cf5",572846963.95545
"b41f7c1cb9cfbd188f8e0233",979384368.910795
"32ce96d8adc8e549b90b4a8b",861660369.606276
"c6bb4ca5a0c839d38dd8ce19",910419446.742166
"1d91edf33a141fa2181abc4b",732613063.450384
"aba4e24dcc6998e5020731c8",861660369.606276
"00af33cff3ff7c6927306df4",677867955.72532
"6d2328def08bae481705e20c",781472119.89336
"7815163b8e4a54843d121dc1",756708159.816804
"c9f92088dbdc0d81412968dd",837300492.001893
"8e1bd01ce4b7910d42f59be4",861282878.261356
"5fd89a857727753eae6632f3",591812293.298345
"332e395d4ce62523a2e3208e",450129933.234342
"4fc89ee51cb0e1b9d6459819",1075155491.64945
"2571fe181b6ab939eac19d2d",785862168.808274
"af98a0e223a825cbab78ae49",765690640.938002
"ae187fea3c46c3fbee7e6e8f",679516606.058797
"c681519ec1ee1a28f6a3607b",1010403550.31881
"bebcca3e75e747b5a01f5485",634103955.453666
"0842a0730545c623043b1d8e",863408001.745014
"973afa2d67c20297aa108bda",596931998.940925
"64a9f0bf04f1c890cc6e31eb",678521711.272291
"9e92b27f554068b7dfb640cd",587090925.345099
"57b7aff18c444fa3c577b079",580240161.653881
"6b23f191d2ccbebf9166926c",849452718.74251
"b80c961aeb98d24d968c71d3",1046617121.85498
"064c1cd5e94efdf8c7262fec",804919398.898912
"723078b6cbdf02c88286c596",974445205.675036
"e239ff5eaaebb287beaf76fa",1037442511.1972
"b3b30d8b869eaad2382c5447",994384942.758886
"3f295e6c14e23cff1468bf82",846966860.349212
"be78bb0e06d5768ac1908247",481647126.310472
"4daf52564456895ca7f4429c",601427028.633982
"c832701653f1e7f01913660f",925604868.809095
"82433a009defc21498037127",842476785.420047
"b53d3d578b1d7d9e00c8a00d",831073341.669093
"36fab4c38cdd91de650e6abd",850981465.504575
"bed932e11a599f7cd4bfa31a",959944263.722298
"1d9addd835c9fe8665e01500",495721229.492212
"d8216aa4e029c0d3d646efbc",718009493.856153
"c1b0ddd3c104ec4482d5025b",524284373.670112
"bd0f754b0fd9b7af284419b2",1048364751.52097
"01e907d7672006fa2bba8b0f",516434931.069898
"7ad046b20064565644ebfaca",573213724.595065
"1ac2b23683ba89e9175d1b99",686895674.328821
"ab4c55e78eb83d80c153f50e",556263215.613897
"2ad54bda875fcf8c6b675bf5",480284539.485657
"07e76c765d1137cdd7c2ff53",489501945.290609
"5531b9663c5a37a2bdd97e9a",778978147.097444
"c740655aea4eab7066446c42",525939399.941505
"3b6c37e7e6ff1c03ee4fe995",831148366.445581
"1b5d3ddc71634099fa1f04a8",716910974.852014
"1ad916edbe6fd38f40289a04",482508437.755153
"a1368aa4d3ae850bbfd90bca",850097351.445071
"0f728f676325ece6a001b4d5",633161729.898606
"0f98c4e431100aa87e6fa6af",749530653.890213
"91a08474a18644c43224c62b",490515644.581603
"185dd9366a6dd1e820880917",648565891.823095
"e364018f4d994cd15d4af374",1162912894.58511
"77348acef84ef77f6a076268",521237007.290875
"7f8f506137780f4cf12e73b6",469533883.478749
"809082a38e6fc3faa66845b9",771034307.658005
"2072a783a44474cd0dd10d7d",738942839.979706
"b71905255273cbb0af1290a9",510671560.833804
"c7d5f021595b58c507f47d3b",1144579852.2804
"65ba1feafecd7efdcf214ed2",1022475027.16936
"72eb64cd02ad2a54b65083eb",1024510383.8131
"35d79b2ac92083bc439124ac",744650709.706094
"2f7d36523df4a5eee3edbe05",807721872.022611
"b0d20a04106ebb87e2cdea37",884012207.31475
"43650eb8b70dfa256ca64979",835160250.494917
"311fa1bf3c405f9bed13b38a",422423393.419818
"d12dc721a59af021e8ac68e5",422423393.419818
"36f9a0ea831710344f468bba",422423393.419818
"1eacbf36422a54f1327fa291",422423393.419818
"9567966987eb1d3117677cc5",446580620.642226
"e5bc85e227ed7dabfccbd005",422423393.419818
"d1f39f86c82916524273bada",545956643.307724
"deeb837c2c6bcbd01930431d",663572030.084691
"57aa22792684debb8d4079dc",606293732.65903
"5b0530f544da162b9a8ff772",741287758.624616
"b7d66c5f1ad06dfcae5b33ff",541341979.645345
"bc353a421fc579770e432176",566108095.874509
"45ae1e929b0fc88718151191",512621111.112052
"b04449c499843cf46ccb695e",679731667.61654
"e4d89c9d33a0f2659df21185",646851251.458373
"b2a7a8ccbbec39b63e4cd028",602736911.261416
"3be69554b1cb31ed5732a836",607748847.593151
"de7f584df6103e8bf95f4a37",509026722.619897
"0f4de499e5bd2c57fcc75013",586709265.692979
"b4fd0aa09f993bbfb1fa8abf",562319299.33536
"88a83e58eaf136a82ab1fe37",555499473.84231
"379429ee3675d1adbf816cc5",542580643.224009
"c6084b85c8d95e0ededc25d1",815673869.01792
"8eae4346936f8c6c67be81ba",502045864.164222
"a13fc9e9b4e47340a5d53bcb",699096765.258667
"7b8a4d701066372dfbdffbec",655818291.426769
"a62a6094ffed3ea7a54fee73",500065818.849792
"bf0ad098fbccd3548d834ff1",562319299.33536
"0a231779f131c36d8e6910f4",616452710.921398
"51ba7338f5900d8ef12206fe",659736714.526168
"81b14dbf863114fdddb38579",615877212.178204
"adaa406ec9ac311e9f9c0bbe",670103728.333362
"4cb11f32806c0e07b4251984",529086676.173078
"3fee486268a1451a7b9fff7c",651516814.308092
"5666f3c36f0ce4eab2c39299",634917454.285179
"8a8dff62516671aee2250cb0",820463423.35281
"ee4fc6a146e888e993a4412a",907238462.189903
"5a16b30f4d580352710e92f1",851957699.497834
"424bb491c71e913e900db76f",828326846.061515
"100bdfc998bbde3d00548bdb",972413952.685228
"d793efed9a723e77ca8272f8",934610495.173268
"725c029b7c5807a4b0ba2bc9",892650827.568908
"b6d3345346f43dba053ceccc",1014943480.10446
"888bc3c4ceaa108e048ad28d",983518609.025323
"267e000c89d3416e551462c2",936370167.059878
"0ab4a4b8adda35f634812221",973893832.49475
"823ed628bddea9b56792d108",831412448.097656
"a189bd7e4eecdd18ebc7d353",927832747.742308
"da16828139a19aa11bd94ffe",814761487.027822
"874102a58234cc7888902d42",786917621.404573
"789e5d19fa507823cc4c5296",798246262.927638
"174bcb77be3b7e408e61d7e1",823366856.704575
"31a1492e589f317a58a79df7",752179679.418435
"0825f2ca4baf5b34231ecfd2",1052910040.16288
"ebc96ea800887a647422b8fe",969061164.934794
"969b956eb7769b6f509d3ee6",921666221.386331
"6ef9135481d8fc882a1a735f",753641803.108488
"5f501c4532ade3f412359a1c",768598395.00276
"c6d075772255b1efa52317ac",901993627.983562
"535bdffc5b79d62aa6179c48",954218410.798577
"e95653d504208e8da19fdd03",814761487.027822
"e4e529e778dbc89f854252f1",800361544.794636
"ec5866fcdb9afffad2d7f5c6",982497409.223395
"814694a725a50c306d774342",835146677.534214
"1cd6531d8539468cd5f4b315",866445471.089531
"0c3e734afaa6b7c370754082",851957699.497834
"f80eace37237614562f942aa",775350915.985356
"3aee70815bcf6effcf0e5fdf",892650827.568908
"ea21ddfa37d60737492509cf",773572748.815737
"67c78ce1b8a64f36ddf90cf6",875017211.71702
"fd2efcb61008dc9d11756381",1063332365.39433
"f51658b9fea670bd943d6db7",983741457.184996
"b83b0a53ead29faf9dffc0fe",1067298176.62787
"c1329245f57c5d9019105382",1011189092.34798
"98665b825fb3a06b914d39cf",1100042264.71717
"24e90a7d9a2bd0c30a4f661e",1058964441.83294
"6e64677f8d730e1f9ca240d2",1009183711.10422
"a742819d8e4cf8fdfda6e094",1114627009.45256
"ed75d1c40109eeb51fd636f1",998629425.124068
"cfc2ab56604b4e3734d7cbbe",1045046035.44394
"ed5622c308bfd10602e939ca",1013266686.18326
"5f537d233678443192d22642",1112073380.48163
"aaa79ce67339dc53b4f41dd2",1068771231.61491
"5f467c6c80023b0174823d85",967167229.268767
"46fcc0d53b263beae95b8eb9",1136923019.78498
"2bd47c19e5d29a3157fb8465",1185563210.26025
"9c9c2f05352c92c02d080e96",1126880140.38573
"cf8fb8db6f74c236cad0cfcd",1139750943.56191
"f42a53a05dc90e617e0e4c38",415266656.632927
"bd612d494e2f21051556ebe7",785351072.704017
"ed1c8ac25a3db5120c92525f",524002801.032086
"2c30c2736472590fe45277c3",495328609.509331
"bbe2c06e6f90c4234a7781ab",896444057.613437
"b527813993b7bf4a10c05683",745983758.051282
"2f610d2242d583654337d468",1287325662.68835
"dc25c9240c67effcf655b02d",611711219.661585
"c35f5ef73168d03cba1b1f4f",480358621.44243
"e88009be52bf5803ba3665d3",600107447.133996
"12a63d4fcb56c1d690e1bbb1",584597455.062525
"1d58ad85a82f7731e0f198dc",1140602577.16473
"a2fdc7da13d098cfeba13b76",469668057.011022
"1969ba34b72e61337246cb5b",434021012.648007
"8be43cd8653accbb8fe8a270",533481776.718619
"10092cf2f8afb3658ae475ac",588965236.890077
"0fd313e5a0f02df07eb6b104",398227915.654721
"9b5f013e795f5fa610d03238",469229147.331376
"b1ec4b8badc955f9f4fe2131",673971357.130787
"e491adef93281c097ab08dea",478748638.453712
"9a65fe451b30c59beb3d62ef",713111639.793686
"0d3245463127143a8a52014b",964052250.67314
"a0e3198470f97f6a169044b3",1192197610.42968
"33e4901b6e72593513a02207",665365216.24465
"f45234a3f0aceb12341be024",858684194.043188
"a71d53ec4fd0d64f8c06da2c",1159775264.46241
"f1b30c4ea99f19a81d12f73b",1284215811.31073
"a52e2c893f85b49e2499cbab",834942012.097872
"b2fd7ee866066f3ae0dfb3c0",989007350.538918
"5acc9d767e3117bed0fd8464",765643578.071421
"0449a82dd1667c8c564904f8",999395057.457976
"a0a8d63b5f43b87c0c7e1fb1",1050977874.67889
"03de77e22e987fc3fed4eb78",921583431.79015
"3fed1dd17fcfbd2b86e73143",482671003.531974
"04fe204d03bd1c9876242ccd",919816210.966218
"32bdf33933c29b1cbf89539c",752141154.200741
"3f6c05c97778fbdc86304bf4",1014561624.54462
"478e13e8c1cb5bc80f1080e0",818919534.407926
"3128a4896665d38feb72b456",763161017.453664
"fba6203abad5f4b3b721f29e",619335710.481452
"b25f461b3d48d833a73316a9",1068899378.85059
"1282e129e1a355b161621dd8",817005538.955334
"293320b55fad21ea3f4a5899",365876893.713041
"de2f5db1cd1024a9734871c3",397001629.224675
"200897b1f8bcd7c116a85306",420557249.676427
"7023f5a68e1ce9cfd23fd021",381031598.29379
"13faa4142e9d60412abb4184",435094719.942522
"d74d0241fe5222f5c5b67222",689342411.274086
"0e51111c47813a0b0dd51b64",803538004.427339
"25e3793214088669aaaa4ca5",1001574552.59883
"43d7b77a99e86e8bd21a19ff",1248394996.79493
"38b87cf007043b76670207d8",1110504052.05559
"8fedbf13ebb7cd3475fa3074",1145024999.84076
"4be510fa977b93e34a789f26",543129873.064902
"8f165174bc07c28f9fddeee3",955012509.719707
"7ff6f389e364e67c4238df8a",534975534.798452
"2c91099736f3158f7f09778f",426406828.005167
"7bb1bc81e6eb3b4390440165",799244931.412406
"74e43ea3081841278c76cda6",553610610.624698
"9b948f070b94c18e00a857a7",621492027.087654
"99340b6cf8f818392d501e9e",1151474218.98543
"b27088c3ccd93e7d8d5571c2",747710145.446532
"4b45cba0d601f29c2b7db97a",801276526.55237
"362212de783981c9ddb767bb",511850379.300731
"5aa78a2bc8ec5e2be315fbcc",1081992184.5464
"92fecc04105a999a622ba3cd",578699717.29852
"5098115b26f2473c812b70ed",803741026.1369
"e9860f6b4c3e6699e62f6c31",516264488.243833
"71273ae563da6bbc66aa87af",415929350.938526
"6c6e7af42a6ddf62b04c35fe",480265620.308023
"484922bbe02cb218ced0e779",512210061.832461
"76745c2648b66151008f6399",488664008.669503
"2100201e0851e80488371b67",463764908.159306
"5885faa4aac834118c5e4351",575966361.179828
"f340405bd7f2c4bf524c50d9",584753419.355797
"1951c1c8855fed5db8031e5c",572689725.985142
"7dd96ddad0fa88f5c5978e39",578918898.918985
"db7535339826028d0fb3355a",526374658.612897
"4317746d5b88142780e6897c",833092959.388901
"5796e37eb1a995db5cc06eea",485151579.802283
"817915cc3582112fb5541a49",759303878.736234
"ba524c4e2f13109ce814ea38",770509030.946748
"c2439ab65fe194d1d60eaa07",866408832.447869
"92e4dcc5911b42e7f70311d7",666240951.001427
"6bf86a580c8b510b7447071a",718448506.538037
"975482a692bb98df98b2f243",475850447.036757
"336888717766096b24215b26",795223193.797487
"ad79f4fa23a28cc84487517a",879105487.168731
"d925c1d4dcb68990c7204b33",831992991.602833
"f4658aee77fa0e35a71da7f1",604136645.063775
"210d58091ea74bb902915250",626858557.683437
"186d4731b3af01bbe4d08b23",711675170.203707
"b760fde2d4df27a168ce0e80",1062548492.89245
"2e653d2567a47067df169d97",1057223921.55077
"8b63358f3cdf8df0eb1f43e2",1081223078.56928
"c09d691e4c7d7b8c8f6a8370",886545926.890255
"4502e2809bb5bd47b2781212",920988080.236007
"d03101c7f823dd7d17e49a83",798607395.782149
"f5dbd7dcf63b08f711561e58",1191462204.99958
"9855712ed7be7e865656de13",829951793.953158
"5a6397b85f45fba27dd9311f",680107888.580922
"4d1b0315b5aaf21bac150d96",834691055.393351
"32c7a2d032ee21f8bbc6eccf",537083128.688545
"beae197df95b84881128790d",702560321.091292
"0cf7a6d43221664a060ef681",740280920.007263
"c431fd6dbad57351a497fae8",586318479.797787
"b1f8fdc8e3e25517ab80c065",484721878.219068
"7b346d5a5f5ec7165d1f8644",479842430.704598
"947ba86487536d611f548142",1243372948.92116
"8398ba3b03595704b5897704",612585442.694022
"3f895518a7fccca44e534578",478748638.453712
"232e859fc353dbff75c97cf8",858684194.043188
"b234ef225690d57e7c2af4c0",1192197610.42968
"393e2e7ea1f20eb6b4148d60",681451432.434192
"668db5244c4d5b5c76b0b395",795426718.731089
"646de9441934226c2ffeff77",765643578.071421
"de53880a3299626eb6c2cdf9",1284215811.31073
"07f10df13b244dc33b464582",771828095.049002
"e4aa393309860fd5e30f49d9",1284762454.14191
"8c714badfcdef8ccc73df9cb",1274788095.51837
"0f8ded86be8d3543a5069b6f",563034000.374294
"3e9d73530ff24d3f4a543091",549072532.085549
"076ceb408227ab2563a663d0",406237787.909517
"e0ae474a5307ef4057da4994",365937732.169107
"d41fc79d800458b1691bbb87",836292757.663485
"dc8262e1493ed593103acfa6",604408640.763147
"bd6c24498bf413b6c5adf81a",491196563.971011
"885c77c839d705ca7d04d383",771812308.35637
"b8896656cf6f5dd7c33ae46c",589138838.523985
"34a9e3ca94ac06347d879942",922142761.819811
"ca3b5cd3505049f1471c47e8",687770261.855514
"8c05c66be6008af7f6dcc10b",1007046083.06177
"565fb93190cd34ac8b01f01b",1007046083.06177
"6c8119e00b901efd2dd40f0b",759205182.292651
"34c92caf68dd0cec9fc383ef",1115088661.32564
"68939c438c34e79a317a4f3b",1040226791.80434
"dfaba547699e319462abfd6d",618291328.099095
"dd1d2e305d37d9dde55393b0",1014172591.7917
"c32df77def9978a84f8ba7f1",838829145.8802
"62103a85a8ddcfbf5e40e284",968234797.756418
"93bcdd2a8ee1d5b61d00d58a",794103374.314189
"9700892d7133ff2c0d1763e7",1105030935.59979
"fca6d7455056792cd61e2ddf",444489813.999533
"4e84c5953b493be7ca96103a",799328572.207983
"42fc4101da60fdb41f41f0a4",1025657357.83048
"12d40725335f83e2fb9b937a",641996174.175458
"2b9681901b216f2174af0089",799660431.044196
"9ab74e81283becc00a779172",531049191.709945
"8f378dc1215f9213f187c02c",584514929.344268
"4a3a6698b5490216e8f8e6f5",1214684002.06158
"0dd795526c080e8efdf8eb0e",669132867.725875
"3e7217f628a1d0fc9bc47071",874930775.175235
"157195fb2358bf2d5051c439",697261345.405048
"37063e689732880621e4e733",1103575000.92931
"3bc68bc2d6a2b81f9e3b9a50",572086189.110078
"ce21f368495d385fbd98de73",643078032.08325
"1a6af7fd6a5b0602052c4c27",584493886.525346
"e38259adbfd953bf085a69b6",587109230.261625
"0cb6801c9b57e874102ca349",620520138.210642
"79f1a5bc0be914956d632658",766929068.41532
"f571f85be35a72b2ac358d27",536752835.396253
"163bec92a997aa8263f5a909",731124357.526509
"9ce3000cd80aeec2c5188e8e",555308169.96643
"6a6178c4cae2e92a08b0dd0d",601160129.398712
"d52cd6eee468311666218625",632371551.542516
"8eccd2a6352c33d8c7abcea7",804127913.429981
"53d3e32b1dc782308e352a33",964330276.198604
"be26f0523e5cb13846539384",729627566.518047
"ad7739088e8febc68abb42e5",961379966.177128
"add4f9dd26fa34829aa25eaf",993307122.645899
"17005d6ec889a947397ab980",427791225.405135
"3fb3a581a9a74146dcf9b71f",479899744.217313
"51c4a8b438bb0d97f712af31",677833540.918976
"0aa1332c56bf357f492da2c0",436032912.118523
"6cc06c89c226a062fc46795a",462283538.796866
"682b38de3539b2a584446922",378557427.010416
"1cfe9cba4c2015e7b58f05a0",703523441.391671
"17d34f9cb105ca5010191142",901712910.959227
"1fc0faf46f3b533f2cae2c06",1135969928.37001
"12f9e1f78c630defe302f781",833207501.034955
"87bd6ee6f17d2bd5b61b0ddf",1191638775.33933
"fd4ce3ddaf79d1b97043ce0b",1123314073.79842
"97aacb0847561f45a5540f21",733848323.245739
"a6dac56445613d70e49647e5",1009278103.8242
"8b1acd29eb268fd684036180",616364361.851514
"656c13ca7a1974df58e1b826",1139750943.56191
"56f72c2d672b7bc3c264f7fd",661169871.759818
"3771c66b9ecd6db0b201d4c4",422163046.486999
"45e2395bee937c187e3486e2",784176901.949503
"7c6880b05c212c66b8961b71",677859195.598739
"e0ae8d2a51c771aef5f245e9",550832877.1927
"3573093e56e95a982a41879c",1104234448.75483
"0920b2df9df4f0e509a7efb5",475192975.383577
"43600371d44fbbc81f6b6fa3",422488832.996682
"2684f67bcc89c8a5b95e5592",732549133.177343
"ca463fbe3e5cacc152aa70a6",422163046.486999
"0935e87627068206f6d9c0c4",570371989.018445
"10afe23f1f58f96422c97934",436563410.236738
"f3c8cf1fbbd6cced1fba0930",571099622.164182
"abfda926d174a8da1d946e27",522821484.847532
"fc9fb2f209a4b5e66f89712b",675522072.67396
"15d10635d71919d0c9663fde",652842910.25282
"79733fdf8881b0d25412abcd",844479870.159329
"7254c91fc9b51e76c6fd2a99",1109409213.11228
"b732021729ecf88d6297b48c",852551572.902561
"edf4e11d1f1aa6f8080c3156",1037489564.93272
"0706ce398b2bd64913e68d39",870636432.88932
"ea4a797b3d73d1b2cba9d651",925949500.527155
"6c598362e322971968739673",405819572.180407
"130a119701171ed3c439c527",660351438.684993
"849c918d78991c57f32f2031",525157044.10827
"036fc9e01b2b1e3ef4574372",983530035.820127
"e4ee1a81aa121aa5f55e20f3",1018936815.02759
"de926223fe4296d96466c685",1141634507.48597
"340ae520163a220061bd7f28",568305403.349253
"11e36a3effeb0119b8bded5b",751625431.347403
"2492a7a74edb57f784f6361c",486490674.330478
"1900e7808046a5fe89d8e440",824745190.693826
"fba35c04cfb7b6db50cbb57b",953342687.194069
"daff79365fd94d1d3a2bbbd3",585800478.626313
"51230c899cea0054bb74cc44",421062684.545805
"5e04875f99a5e4476c0b4186",748684221.992488
"542db19bc6b9a1366715dd7e",784246163.205003
"a117f625c794b7d52ec67cd4",772676116.504324
"4c59acda820b7b75823fa277",620817046.37158
"f040a167241599987e7b0967",587949609.491128
"4a016eba4744dd01954f137f",394145310.195005
"0d995f0ad226dd21bc96ff6b",572742487.136972
"3d44c742b1aa4c022a968ea2",408199655.16165
"e47aa2541fb576b9915fd625",521785787.526881
"61fe9ea90c8a777971db8384",757756637.265428
"4a611bd82c9216a3771ca7b6",886360598.830882
"0cc5caa9b48a835c92da7653",973745964.559169
"9a7f24ba55c92696d377bcb8",928221675.182108
"32366fe92222b329e3d03b29",946594911.646146
"aa26461420614755c2a52db2",705432325.02444
"53a447ad5e011909080c0ecb",1288614448.94373
"9d790c8c474c9de2afeb00a2",471623008.718705
"dbf200ef5f1e15211e2fc6d3",811238410.163756
"b96c9e2591a4cdf9c4e0c09d",787584452.227834
"78eb6f51d94a61a967da24f4",882509361.334829
"fb338e93dda9159476b8382c",423345053.269664
"72536bfda19f78d370d95f26",970372506.914418
"7c581e2b9daf20131803eed3",894657420.57507
"50cb0ad562ab5ef4e06f84ed",647363875.415556
"a24901956dac4ee0e4b0c91f",854299874.549838
"c1b386f478152f9be1f546ea",562022861.663339
"1f34129d15f992a3b62d4b21",427151120.147123
"299117d35bcdd48afa4c2eb0",754207179.161588
"4ff6c53c0bcfd1d24bac7ad5",704373575.076006
"2e52008bd11000eb776bd80a",1324534980.67738
"56b78bb57b2d1f064c47891f",557588062.503606
"ef64a8989a6444cc529dd1cb",701046372.79483
"078f7c6532204fe046b13d14",847971673.799812
"28c0649dd8b294574a876e95",825510475.905451
"6b9b9d28723c7ad176a9306e",1017079887.25802
"a640228932682c0c04538ac3",1048037299.62986
"b19efe9cbc26d61daff5ae90",587425541.011322
"dc69d70e4d2713fcdfd93dd9",696445688.047734
"358e85ba765ddde3ac31be33",397923284.695848
"5e6b2661bb7ba0ce4776d483",366024379.671535
"0b6dcb5c1952dcea931e2c20",639612550.81837
"cde84d2435eb1d0d4ffe2a43",690916741.131507
"bac550d41b2cbdc6a110ec7c",538074478.705528
"78fbb49efe7dc0d8e144ad83",956279147.651114
"606affed5c707249158c4b49",835268443.892441
"d44778d36fc789f8b8c745b4",665022908.944638
"27ee3504d1df34ee8ae5dbb2",946397312.877696
"60bae7a45a084f117eda823d",818341013.649808
"98aee6a36f208227a992f9b6",1239746879.76791
"388a6dbda422f886e503e685",1288464798.45406
"2869a2d2689af65497775b1a",1141631711.08427
"19993833220392781bc15279",1253143723.40546
"f0efda3f7fb18af1b44d6aa5",967376023.7195
"cb915d1ef92dff803c5cceae",1165943812.85768
"4bf02d040efe5358d4a5940a",1108812795.74167
"1382140d8fb634851d4d210e",1288537487.82761
"b8ea07763f2e1a3d635eb23c",502664441.916972
"8ec00d454698c119085cbee7",531423190.714925
"30d5185ca2ac2fcda2bcb79c",524176526.757986
"d0ea7bcd8cef8588ca50c778",635789955.687499
"fe6c19c6f54606a611d412c8",408573670.000096
"f22ae3d17c92427f5227cbf7",403228391.306054
"92b3b7d8dac6b2f6d5fcfd9a",641608812.460083
"8c44d216517f5c59e2611aac",436717583.924557
"b85fa4bc59149a7a25447537",408462038.595675
"99f10097f39b32a478877340",611083137.628594
"44f8d5ab70828e06198579f3",1005481695.80929
"1f674965c913f9fe282d07cd",400440593.714958
"60e768892afb284b0e5042bb",692214673.702601
"8a6d013451e46411d35c2b6a",697972782.71644
"6f953b9964d60f6a74c81226",583838232.261544
"05076b448cfbf9dede72904a",732854728.715759
"47051c25acf866250b5d3ec4",792498732.760979
"0952c73b02dd5432aebdf2c1",567123202.941815
"cc3ef2f4fd5568aea96c257e",717907703.293093
"834fe4a1e9e4efeefb5aba08",548760303.254513
"104cd052884247b14d697673",549892413.131848
"8bf61f106e60d6be03799de7",1036244766.78534
"c13e387f56342f88c993f0a2",806722621.217782
"ae664789baac0c47d13c3c19",805214941.012217
"ecd1e3003c5d74a3c7cbdb11",714662330.268958
"561cf254aba002fdef8258ff",856915667.934771
"98799228c26c9e4899bed65e",817513600.981802
"03025756be203027ab75aaae",788630640.955008
"8997555e7bea06f7b90ce821",828273186.304096
"e91a3f962129068a3a76d209",815784598.890404
"4bd0a354d75759510ab6bb46",778164849.545947
"f6c1705a83c039f7a7d46255",759783001.499797
"0c4afcff5f5a90cb79807682",840663322.174357
"d3222a7545e302bf10894658",572394839.363177
"03463535ae93b8b123eaba8b",787785756.729266
"360e5cc9ee1282e5a6ea17dc",813234086.370952
"07f24808e42c9e11a7c20232",711090000.272126
"b80d0456fba49a40fd774e5d",960534398.445396
"f865411c20924c43a080794a",961815435.317061
"c578eb2dffe903475aecbffa",481001060.405212
"d639498fabe1db1236656593",589745646.02311
"e6e3bcae6ba114caf108049f",472458032.992611
"7dd9760286606c45e6a15926",859277793.173472
"2c5f07a9402cc93f4c683759",708921517.462373
"e3295e732bcf306a2d338387",638772690.874203
"240ccc45a242f80f817b04d9",783954581.665147
"a7ff59863f8719590146e71c",777827703.523567
"e6477c2014ad081d22f12b9d",598594680.029428
"807687fdb46614d9aa139b20",656679002.918668
"317d8f9d18599b346639a4d1",502619770.074732
"b85acd44e18ab485d3ac543e",443732975.404736
"e61476e47d7e7be706d23fee",618509823.527155
"270a97e07eec2be02cd89a86",609252068.345638
"4c9dc4494a3428435457f575",408935099.753405
"26e58d0b13e7f7f5a54585d2",942981491.334174
"166e1e60acca831bfad07736",960656612.025917
"aa25d9f8737f142b8cfa970b",889739795.883222
"44cdcca08e1e66a1496fac6a",572854097.711515
"d75b7730e8c291ed41d7caf1",1007894630.90102
"6d1534800bf0ce97197efb6f",692481941.088318
"8b13054b3318289aac1f13db",416659639.807
"c6cb6ccd3f5876c9b9e29685",595549416.773532
"0356797c1683d002bcd94899",1267799599.85004
"558cb38bcb8de04588bdfa30",617053253.410816
"0685f2225b939147c8482e6f",427298542.132692
"cf1ba56710023ede80a8381e",993421622.105626
"2d4bd56e71f90e6fb387a2b4",1423707174.60831
"b96b8e1d636f0c10c63e5c6e",812077258.289364
"534be635a841fe21c7a702f2",694376246.117573
"dd5b4eb5d20b8b9c813ba52b",498828955.621844
"46941e09b153ec19f86c0c2a",1045895606.68333
"9f06ad3793ede2ba7f39de43",866354113.475578
"b3df8c66475021fc04f107a6",774677983.78552
"468df200fa490e667bfaa31d",749448906.928879
"8130ab67c5e0d96a9a67fb12",764347135.46749
"f7ea437311c0d217b0d572b2",467473090.572251
"ca0b59b35225b44447967ef8",414598705.091116
"90961073d9887bc1023315a0",415953649.165924
"a1421c30fb33a249bcd54394",429272779.491223
"c87d9677bed80b0fe06308b7",395591034.099796
"d331a4d58875a393080fdc48",399684060.001212
"2f3281ef06475d2114fbf9a7",403700667.455095
"487ede1f7f155194b69c531a",378964483.257973
"04308f869d7c992ed3ea646a",619326505.247197
"912471caea3c71e3f9f70877",661439378.683953
"1baabd705f72393167dba5c8",606826460.635598
"aa4c66791884ea2a8357924a",559258199.21429
"1ce08c19161bd0545eef8a16",749812919.846825
"01eb0a2c1033c30830161321",706988826.494679
"b2759de47d28e8cc05c94e36",614042487.760108
"bcdea05b890394a10d24601c",626015270.462316
"db9f66f68aa772fe29e37edc",541116765.564478
"bd094081331ab259b1076261",557660221.861634
"81e7c8c1894e0c3a9315ff27",442997626.314252
"7cc9cdd32c209a62908a18ad",532030061.214553
"1e18024ab7d931bc7ab5873f",747951341.376501
"baa146a6537e8630180fdd35",621214289.454872
"8b788f742021f2438ffbf528",426093500.314735
"66d41314804d77ea0f440695",726273182.588015
"72dec1e6e65f6117e10a2473",467333687.764865
"4066da904062a0041a809b02",539219827.176723
"b7570bfc5ddc7caaf610908d",532030061.214553
"f6c6eb3fac9658c4951c4222",573912730.838535
"5fe25ab9cf4ea071cd6287dd",477499045.516878
"0ef36d33e6c378c946b8a65e",570501554.596526
"991a94dd1e99de493672da14",570501554.596526
"798d87a368f073efafead25b",570501554.596526
"9e8cbeb53820394a460f0879",537767718.966116
"7b5582907bf47bb9e873a513",629409960.044961
"0f21ea53a480e4363b8d7aa9",891583497.172702
"ee667413d1cc49427ad448f9",727814816.06995
"12bb70a95996dc6e286086ed",670724091.361535
"9e9e3655ffa5921889cd8ae1",1052967594.21987
"f2bfe55b6188070fc5c3f59e",979849656.563029
"1f00fb18ad48b32c666fd319",702400576.486361
"86f15ce6ea8e97837e6b9383",746236715.355703
"7002d00c9acf8b8a4a5865b6",1130560677.98613
"3e85deb0237521f1a7a8fa84",1057267339.65387
"1bf77cd1c4037f4d2ed28036",795602792.171532
"ce8e1e2e4a79fa55a8547457",1116765634.02089
"73a8efbc036911954c07b91c",1042749270.08404
"9a2051367d6dcbd90a4d60e0",940083352.151882
"3804d5b313b742228ef0f1d8",1066666524.17183
"fd7b741b96080ca5b964cac4",1031625976.70708
"c4cf9ab3776289a412684892",1000283441.85475
"1c51566c7dedd4a46503131d",1133565660.95221
"62259b400be228a30a655a59",1026641148.81903
"e5092b4a94f1c231a0c47680",1190362724.59463
"6f435cb10e5728ef45be9f29",1273213349.0017
"04a071d777e60627223e28d4",388460169.644589
"1117078fa37ed101e9120923",813614816.121104
"d56fda10944b088d9cbe1162",417489929.461593
"e01c49250329331a442615d6",445791442.345758
"30ab0bbf876dfa515b266c9f",440357627.770181
"6aaefcb58913bb3f49954b2d",974470335.797549
"629a6122db92e378f0eab96e",772923810.787297
"a8549fa4bb56a2bcc0e15b11",393234105.282494
"34291b30d129222905ffdaba",607297192.627827
"cd5658fc146ae4b5d78fb565",618480599.401813
"ce14bec246191176c16c4e27",732008357.663718
"46529f0455fd35b2f4a489d0",493183425.332968
"52b3823c59546a6ff3de4d09",387570312.062519
"959b7ea50d93bf1c36e35005",1001679544.54334
"5c6edbdf110bca5a66a51585",393234105.282494
"d4f6cc3cc6e923cd37d0fbb7",416571124.888541
"2865962bdff8929888a51341",823941212.951151
"105bcd15e02d39f70ec2ecb7",488117917.836861
"b2357bf117ecb5b9082871ca",387570312.062519
"273cb73a7bdec0d291e845f1",417489929.461593
"1f4cd62152d4940990ac6a9d",451100390.680808
"a13ff325f90eb49363f59052",850271075.89966
"40871d7ade3e592560d0b3e3",543129873.064902
"ad2081cd75928b8f5e506944",1147707725.18705
"1508ebe40f90f90a68f6dd69",417489929.461593
"d3cda82d1fa53a7ca1b46a33",825437317.006502
"dc20d46be2470d85ad9e7e45",569627365.119843
"0a7fb26822c2ca556f62a257",618480599.401813
"40a1cefb3cbb7e2972e30d97",437328763.168604
"4c3a2b3e3d5999f747ae0d53",1018171878.29915
"a8870552db951bc4e76e7f9a",422172832.698551
"cc48e66185c23195cf958612",541160610.801573
"09d4b5b5c2f97ff88215708d",781455564.296873
"a59320023948e2d915c07306",564410450.317434
"a74214a0d4d40b898ee2be88",568541963.902339
"dd9f28d722d43112651786e6",527848076.24112
"275360e29bf3309e09ec41d9",402130126.210945
"1e21ee2ab4ef88194cc85166",505691006.832162
"268c1e17bc17dd646d1885cb",482563596.798411
"33e22ea4154e8f71062dba8b",630391398.101457
"5b5db88fa09ecd8f4b9cef6a",548621861.862345
"c41dfc0b917edb6e6ef7b1c8",616585308.599455
"3ba6b07e752fa580f630eb8f",1050170869.21261
"fa6db64bd7cd8b0f1c0e2453",1011000363.76451
"2422ffac7337b402339dc550",993425810.901393
"dd6d47e2626e2bf24f842f21",757458837.71496
"bb433dc1bd769d684d8b3352",1061980476.86366
"812ad0d57e4291da184bfae5",444167719.274446
"51a0a1a680770b625579e25b",1285502362.91988
"a91fd5b9b1a791a6af59b70d",929715113.764757
"094da6ca19427f1a943105f6",1004204210.71772
"7af0a604d1901925aa179436",915806404.254642
"890df90091e14d1c3a1b30e8",412114418.513555
"aac17b54a68bd216e2bd1d45",387046525.413
"fce26c7fbf0bc93937ea5198",647143244.460418
"b4245f075bc41aa29b55d324",885310193.002852
"bb70d80b0c6ad3022160c8af",412499664.940863
"ac85c8f7605ceff58dcb55cb",425984834.499185
"520415ebcdd1a4059d18e2fc",816838093.641175
"81547b223494084af3e15bf3",607078512.936788
"a0f1496a0b4a7cd8b850f010",822782484.317075
"436fd4dce2ff0f71232f4b6c",414965064.79626
"3923f0e655615aa6b52721b8",771780309.453126
"afe03b938be9cf14e98d4a0b",476526269.042427
"0f1c472b94feffc41f1caa44",511320017.830793
"5b76ae185e6b41243777cb4a",409925504.344553
"d70b133f81d6f1c9d93e2ed5",472988760.485472
"865459f5342a0102d255fa07",416277192.324842
"fea5eb95dfad452d6786b042",439548296.342701
"415622d0f7adb1a9f7009a63",371226430.242092
"543edc342ad39b149501aaeb",409506433.728133
"89e1d01cb5bfdf567faca443",715662908.234479
"e86b99e5dac8ed0d8296e950",455161761.411236
"2c85b19f02bb3768c10d14fc",578784815.635641
"c17a3139c360750a6de5950a",478347253.464642
"cf76e6077d47a14abaf0cfb3",419893049.664779
"82ad4b3d5a215f17e745d77e",764215396.371845
"dbb4260c89524c78de7433be",516660398.388123
"5b312ebdf71ab7971f9fd2d6",602317971.591208
"b3413352f0280412f53562e0",418152524.251353
"28fc5f188c5e11717cdb4a98",431171793.976351
"c4d7a906b747428aabd368cf",608000563.709382
"a4dec2ce375ab5e4bffa5966",576881475.95411
"546d570784c7ab8746bba80e",570879752.073776
"cca9a08bc4a91f317b851f11",1153871372.60815
"bf43226ba66a3e2033d32fe0",626151160.997907
"c2717194de73e1a1d8dce40f",394939246.282527
"acfc06021a7a81313d85f62b",462909604.557775
"2d531a26f8b1a8afa511e3dd",599849311.885459
"4a8acae29064919c68fc8600",658786956.669187
"691b030abfe1190802349715",415313276.877004
"a302ef23e1d0d6a273274cd0",441302224.407586
"a742f415d6c57e8493762c57",788943370.567511
"4672d1c9c3b04fcc87a0ae9b",957206389.112972
"371a0ee537001f7a9d58465a",779827070.291716
"ca5eecb01282d4a84017bd50",786618573.510384
"40eefaf8c26b8b4736308bf7",932951999.453138
"a7ff08f7e09b19c1546453fa",757825077.981477
"07a6da2c9c4833ee4cbe8625",787552476.213442
"b2d32589626abfc81e44cf70",802304179.780576
"aeb68eb7eecc4aecd5529717",799147405.344173
"3c0b438c7a4fcbfaff9f678e",851805599.622968
"c37b357d57918c3a651a5760",865984873.601788
"b65c0544e9deed76615a3138",598140533.01759
"3a8b7b9048c82797fb01a8a1",759254148.547288
"7549cbd5c8003204c85ce1a5",761673076.496708
"21b4c1ad11bb1feac4d02308",1135566935.88752
"b972611aaf1b68340de16545",606667364.084032
"eb3356f3856526dc140be7f4",823288682.03219
"93ba409ab36d3e10eaae18c1",954441559.811922
"5717732a654405ba208c0f5f",1164550236.97077
"aebb556fa6c9275a9b5c543c",1270400209.16522
"fc72e535900c592d6053b806",949778211.666586
"04d77c8ade9a55fddd28b00c",772392890.266797
"028adaf559a05c8882893767",855753172.017808
"95781f187bd3fffa3d1b19f5",672610046.26421
"cc2c78d41e3fe29de0b4ec4c",1000786261.24193
"f78886545677e19e472fd0c4",585141100.588793
"3dcdbb92628e6a200adf48e8",1356567269.16944
"4993d1487d78cd9ae2c23619",1259860742.83875
"a8a2c61f2b994411af5d9bde",906618141.750077
"57fd11f829e31e198326ac98",1166064375.1415
"59b9a5730cc8a41bb7a1d16a",986784488.630043
"85b8a65f1b00f78e67622bfb",738193552.735663
"971c610e55f133a1d1e6c2b2",1007342434.77683
"0f9867abe3ea0b9c5363982c",1055333221.93986
"086521dbe18727963538aa7b",987870148.237516
"bda3c74ea6f73407a3c0a17e",895980008.830642
"257c765ac81bcf773473039b",545404232.73746
"80d2415c0460088d69574285",1024833731.79493
"1554f8aa4c8fbe17e9e82d0e",817480521.082494
"00f6a62599f25ac506113149",845974441.249995
"ae26e4726c16cb2f6a6d3f2e",699983191.377905
"8018df1613094a9e4606c875",886856480.85485
"eae4a1cce7c039c644f01c6a",942295526.118049
"b07cd6c30350efc5de211a8e",976868788.803375
"5a2624a08494481388f6daff",1060118146.3261
"b8eb177e22c63e84738e7788",835531099.956078
"ca02c904cf5eb96ad20705ca",528377717.937254
"8e6dfdcc28f830f2696de9cf",956561733.028917
"99fdac6a2ddb1136f7117f0a",444224916.296746
"22e9f1b4b5e887cb5f0dbfd1",516043484.926709
"d89f812c7edfeb3121bf639a",727989864.472555
"19957244dabc3f727733527d",542378195.622347
"ad1322132f3b533b4aced580",446260569.487107
"40c2ea5f89f5b77cc09d1455",694740863.179145
"140c4de69883df9f3fb3a538",395134484.281091
"5529091bcc05ba5cb2156b15",585461652.378447
"55c5e58ec636586755df3dee",593141186.159833
"6049fb02c166ec9b4471a7c6",696680376.095926
"758b4df32244a51b2271a891",529718184.56756
"2ed1ae5e6fa77e447af230fb",797898070.068838
"527a1c27e038e45d2d1fcd9f",491603302.983693
"1d0c3ba50087cf01637de6c0",506529029.857821
"d0804da971548399183ecb85",1003247256.46881
"46a7d0f520dd1e78c0cbce0f",1003247256.46881
"57e5120d0b71ec6a67746a59",738888214.933981
"b5292c1e1683d40be46bc2de",728354262.412871
"01e9c7531cf3c63c04b9189f",631730370.954921
"06e91b526821a6ad1372fc44",416789340.157795
"34bca71dc9c74a2072f11e9f",933035680.432225
"22385ae2b3e7640e8c40411b",719472424.843947
"6e4adafdd872a2837921276f",420298424.110956
"8cd3031963c612efd0049f8d",669923936.003398
"43b2fb09efd1593a94b61b4c",678234099.153332
"74448f56811e9562536eff6d",994767093.852315
"44f0e088fee626993778e7fb",749817395.4726
"6e6f7fa167c0f617f50c86cb",760386505.624237
"83da5fb4c15e3daf727a3cc6",784632459.137461
"b45c8a6224ae2656b4189526",664422061.466127
"0d926a0b5ef567c627a7eb0a",1103865935.09842
"c73a1177d787a5ed72b8a9a7",548012665.660927
"75c1083db5c940e626c02f53",424434515.363722
"b925c9218f5132c6c81f3a18",393923208.851769
"9a091c59b3cb4c730372b34b",422640875.954838
"bcc704b2e178dd20497e073e",396556328.903048
"6f65de020f663622146b89aa",447574741.401371
"9f3680d00c86707fba024dac",633193676.603356
"18d5cc463455fdb4d443a6f2",425909370.606161
"f1d76d78f9266d9552bb86f2",590030479.973649
"74dbd25d407e51337f883659",811891607.609634
"88ff73eb829a6ec5bfcc0222",962396808.977736
"ed5559fbfaba86299e87ed89",817519679.190284
"5d97aad3e83e26b551c3399a",728715451.285241
"2258ec00dec6a2b85f439135",728715451.285241
"6c94fd185169e708a08d3535",464656602.903522
"ddaa88a11432ca21d3eca774",430649991.314317
"2749b5cfd2728ebdf124a0a3",483439663.25044
"a7546a6c6194506dffd65360",861718876.664623
"6de7bfc5e8149ebc40ec0e4b",528710306.543123
"6f83f14861e13af92a2b8cf9",508372094.321854
"d71d0c8357f09fe2f77bedde",536766266.333199
"90b28f5125a0b8a0e3b10580",889844007.068965
"940e08f8fc66ac29f6d76687",769825850.139554
"41d2864e1f73e29f222c61e0",816985664.013976
"f7399e57df358ae7adc9e08f",817505982.831128
"1679719f26e7c650f24eee6d",748931405.490807
"0803ef3270948a30b3fee2f0",641365739.456823
"4a3defc2b7d2cd751c9c970e",1019519302.37938
"8bd2490f83568ba653cb74f6",996387110.867376
"b4ffd0a2cdcadfb962578199",833931070.708618
"7e5064603267b61520d8f83b",485069134.568202
"88964e1202647db0519a8a00",487172938.359188
"f3d94d0616744b87ff139533",680653988.906351
"60704a08df293592e4cb5719",581945805.655801
"347d5081f7bd36c8edc1f352",877202751.465143
"41d3afc1118758b5314db48e",702945958.074296
"80a1dc97797c41b61f46ec6a",591737915.713674
"c0ff8812c1e8eeab07c698a1",485442717.560021
"a9a4a765b1daec2f3ed59a80",685245248.57081
"33258f995a375ca192ca4d3c",779622851.970774
"80b6c823bad5b4c0fff46657",1019505694.46242
"719055eed27f361071cb9eca",974877369.730666
"9a354d8c526efc5bcce59dca",851660390.520193
"9850d970fe9fd9bae89f09ad",916203514.991091
"f2c87b07466aad7328b7e0b0",732130450.330515
"27ca0c2320c520342717355d",433489529.655663
"e958bd2b19db118c31f893cd",433489529.655663
"46dcddfc78444011abd29870",698702485.147583
"061d3fd39da1b4b1397054c1",788176446.806467
"3d1a8884a9687e53e5fb0bb7",679683923.314393
"1c0236d4bc291372483a9151",668777950.218024
"c1420f278d45b85c56f415fa",811088382.546965
"ce6fc507df0105c68c29214c",458031778.962296
"e4f26a73bad4e41c375dd897",938784459.899663
"719190aff81379902beb6497",857352051.608454
"da627dae6941b59d1eb98e35",610854258.012191
"2189d3297ea703e50ec34d96",801895317.4829
"c7205874bee601a7b01a0cd3",1097707267.15946
"a22bc19d0d83b13a53630b7b",487117615.845547
"8acebaa9fd7e917d7e3b391b",547226490.829663
"4e104916ab915cf3c0bef846",729280069.310592
"b0df95e9fc94d9aeebc960df",768588703.120752
"ab419cd48b81038c5a30c721",519182353.848036
"5b9bae6f556700e099fedf08",561435004.102255
"989360149d9cc6088391db4d",745809872.796318
"bad7560aac04600e1ec1a9ce",582897337.850261
"08d9f04bc4ebdc74e9d80b16",1125652057.73005
"f4311c45516bafcfe8864c70",778177217.191622
"c84e1db639ee43ad83f930c3",557588062.503606
"f778fa43c92344cfbd700432",685923572.181146
"2019bd32dbd09fa285a388f7",705901075.879454
"4db834146c4e73b515d510ce",535359500.429522
"9f9f2548425519863e2cd6b6",754764313.16738
"6c3bb7e1696df587990161b1",439655268.32784
"82f08aadf1eeaf2058b50592",690304812.999353
"753e74e4dbefeccf3e6b27fb",582285763.315427
"a26149f589edb9a903782a3f",628629419.478972
"bd264728a0464376e22b6bee",587485755.409244
"2d5564a502635dce2d46ef8e",834556466.732726
"05bcc7d7db8d352216a4af59",757670991.187522
"4794d9994512f01a4bbb6c48",633907677.19172
"64a4528640fe492865ebc0dd",989648669.436354
"f655ec98cd42b0bf2d7cfbfe",666915016.703925
"b09de5f1e028d4fafeb8a22b",825559923.672515
"4c79f17573007a39bb2b4b7b",769567919.239239
"824894236c20b081af2c9868",840888287.828463
"107e76f0c913e19217662faf",1036183030.97042
"d5e2bbb69ba3876b93af2d3c",1137236957.05422
"a2905faba4c1177603e6cd5b",1046124497.51326
"d13e3d432783206eecb0e192",1176799348.65559
"6fecee4b1e5f50c0b27dbba4",1250545524.16236
"57891292fbd530872cbe68b2",1142670788.17691
"d0d6a1b5c60ad420ebf2ab8f",1036987633.50064
"711736da4f0e8282fc8c9e69",979607246.093465
"f32a3b542efba398907ec912",594644764.539584
"299a94a02e887c6ab1de59c7",520896256.42487
"ad844bdb1150508a4c6d57b8",886002839.134007
"78c17e6ceb87f7587364c873",522195072.003152
"22e8713e2051c88cdafe2364",524569553.850386
"79c5085c14068e492e402a26",1165760208.64185
"205e9d987013859f391b27b5",1177976834.7504
"36aa7d0cbfe40adf3c86a134",913737268.82775
"d54d787189cc8f014ae58aaa",847551314.683969
"fe2f1459eb0a380dc31e3a4e",966312499.579787
"ad663952ff2ba1953efdc460",883690742.108012
"b7320c35e90f33fbb1c28813",690132996.989722
"8f90134b8e68948cb18fced1",687368016.374304
"2dfeb06300828182d4109c43",831584019.212796
"3f5a0cbba1433e9b6588dd73",586441058.383964
"f952c40e24c9df4ab2d62017",786195014.727859
"462c7546b358b00e617ce012",763986332.178183
"e0df3391aeb8d3f4b00f418b",659236106.102168
"1e48878318d35476c3e87520",567431632.71511
"e3903705d5a48c6d9f828ab9",607072643.880748
"9e590ad7d22105456bebc767",771735834.203108
"d0fe3d393eee5c0cea5bb6e2",602348476.934544
"57b3791f2c5acffb0097f7c4",674296488.212215
"e11f9a5cf9d6ab0ffddd6096",972219992.948616
"9a3920f803b087c29b487cec",741939888.364106
"6cc0fe8ddc318f1bbad360c5",755665430.692391
"3e0c656b64d39ab38201a112",486738211.897829
"cd55abdb54bd56d54b11fad2",755665430.692391
"7cd39eb8de56700519d8f287",718109729.355191
"d762007a4ea5de370738e875",703523441.391671
"f4fc67d9b9c6078003f9af35",805700518.030685
"dc0a4632d7378c25be351760",768210938.077317
"530a3bae5a13291c69bb8474",600938376.87163
"32b678be83da2a07b37f3012",426732204.975823
"349768047d470d2fa6ff1930",795426718.731089
"e017c3311e2fdeb50a686547",1067412154.38767
"bd0329ddd50f2dc4dafebd26",1108260515.29589
"f6252e878aef5f8a641c3d6e",494906857.010764
"45ae8ffacfd00fb4a4f53d0f",1074549779.41789
"d186e369ed884150e71906da",1162840855.91157
"7b9e6b7eb3a5db0443193fbd",632598286.252204
"1ddeeae13139b7c9ada353a3",531821481.936768
"a1ae6f9f5d02548c89b23904",762450711.649537
"dc298d37c5235e15b4cd68a3",696468068.598946
"f640753edfd8fb1a995f1de1",469523443.35775
"69a1f439de0f06e1143a0006",654785618.844141
"98f253233bfcd16533e2a448",1065329788.68957
"ece6f8c652d4227370ef0fcf",878155126.174057
"599506739a6544839bd97b81",997868137.887964
"a12f49f4ac3c5bb0dc7d8d20",497278155.794782
"9da00f8ff8e19d26c1342274",1074777029.57218
"cf5213877dfb4df98f0dc10f",634187028.808209
"84c7006b5a63add890a224e8",760117575.076707
"88aed38ca59c09e1a6202672",890648121.025145
"e6bda9370c80a5f7e5cb6b07",854215310.677529
"3b54ab53b6e3453e333a0939",427340749.138263
"e72ff7414cceec6b162df345",643357954.17841
"f2d4c1faeb7694370bc65ec2",478915835.674032
"e1ffd027cce28c44c0d2f80c",740187419.436222
"5c5039602efa36222e64108a",718143248.979374
"b50f2c871166ee1009416be6",698612784.993627
"5e7e36116dbc08932f5fcbf0",961523410.108026
"325ce336d3df17a078db5166",609585348.827096
"a26e967b288a1eb6d8e71d46",432197234.758076
"139331d23d9e3c40cf083a7d",816819113.179352
"1704b2d5f4a33401fb153608",383168699.004723
"ee70354146295365bf241d9c",521785787.526881
"fbb0a76f05908c118f7a3df6",441451241.079714
"2aeb794adc9892354aff7240",461127458.874026
"b0a32581cbb586f9710dc3e2",848578387.350592
"ad7f3aae29fa1e7ec900b563",786108480.196883
"1695225258263bd2f463b21e",846756071.358619
"f72fb486fae49fc1de1fdcfd",1029215483.71757
"6b8f7074aed7ae7e6cfbb090",905814513.344483
"619dab52b321ab297a604185",1281796994.29664
"b5bb9af24f9de68e91a1df76",1288614448.94373
"ac3d21f51637207d3e031c2d",830562182.252814
"2aac28d03c2110d871b5f274",556758782.922261
"9ef498b11563827597c82947",718666720.247705
"4f2ca698ff03df0c6386e48f",659001781.785451
"606df4826416ea0f146ddf99",533306745.115098
"9ff08a6ca1c63480c563442c",976675683.66885
"ec27554aa1c62314f4d46fc8",429986800.481549
"762374e94f17a8783a66d598",587566625.340644
"83ca3a41ca4b5337107c197e",676322097.324386
"c166a9293fa27e910e1fa9c1",741264747.698597
"57f8a1e37c4ffb1b8cbd342a",645376254.12102
"393d99ca47315ae98fe9e7c8",1148012633.27828
"9bef4aacc63605f2b2b62292",500343631.531935
"a266efa4e41df357ac4edda4",1064466392.27308
"adfdb0eda9aa97f0d3005c4d",815186259.812046
"f05aee3e433cb036653b4375",913486419.667885
"2dfd1808bb95170a088deac6",802767339.739752
"dadf0a00434e8ceefb3e26af",1025952186.56881
"4336ff9b2dc1d97ac8f9694a",405809075.594235
"eb14a5813f860bb74740da2b",402696694.844111
"3d580d0df1bf9dd124c282c9",566288677.254885
"49bb5311607e4c7600caa03b",606546121.687721
"78a39ae05ac53535ba0fad2c",751646789.52323
"936e18fcf06ca3c46eda7c8c",676716727.810696
"23f12add67accdc9ed40f59f",407681801.039776
"eb1b9e15dcb88964f79e6a4a",568038550.06696
"e2b7f984616fff25e3dd6a3f",922142761.819811
"b8e2b98548a234a245d7935c",857716018.6643
"79382c56606e701e44d55033",1105030935.59979
"983874e637a1a5782f31089f",507351251.577539
"3da9de8f610e5c40401a5b78",629849800.738992
"cd69a049dd8a3822e228ebaf",760545403.593258
"604f1b5149f770a8f370fc75",420258534.425664
"0d24fc1c5deb78eb1a0caa51",624067360.900444
"583af1118e60e46c347ec593",1018024555.01462
"13b181b46359620191e6e4c1",412066713.185104
"50d8333064f0560cbe549f89",564366388.405584
"d9000c1afed253d05de7819b",420144818.936591
"792ac070d1a314f585f09987",463878377.471431
"3e874c25176a3abb336b31ac",591461213.166208
"419ce7158ed62eb6897cf09e",417601415.434014
"b6b87c05c4238be76d94da2b",391528626.786256
"980d809e549333b475477bf9",568457014.216608
"a7df3d344010d5bb7dc70bf0",415770406.346813
"3d474c6a88ceb86e00f68b3a",431991966.96762
"be4bdb73add69f12f7aa6d06",537257422.574925
"fa5234ddf23dd0d9cbd3cac2",577344701.316124
"91a08f81b621333ac58c3845",605424406.90448
"702aaf395bc78986a008d70a",715249125.590687
"86b0c9c1277e9143ee765b43",525568107.504951
"9c2c22e70cffe6836f554f24",628763283.916974
"31f56b841b122b35615bae2c",543039527.921189
"41227dc9c9948a5f0688e426",602080664.50184
"781989d4b732f961f91bc3e4",463217080.915137
"cfed0221146f4d83d641e1aa",439286921.721153
"8ec491780efb2c27df8dc08b",700083325.155399
"8a5866428508658b4a2a4cb4",587979065.696375
"156dc81d6e14a71716aebcab",604759262.817766
"c24be8293c8f4080562ec0fa",537195411.219057
"7fa11c05ed1c123c1a457b1f",737183911.866166
"a63c36f6e7e7ce7c7e7fe457",694296031.544414
"f9bca38d3e08176649504e74",730126409.313973
"3d389130627ca7bade643f47",613353077.867517
"70314b0bd995a4b03c771ae7",521333681.504087
"a3c3c9fc04cf2e2a051a12e6",527030521.096381
"4cbe75a162b076c4c454dfe9",539476083.701537
"0c62d4d501a426cc8fde0c36",715836729.75713
"533363375cf2cbc50d86773c",614861479.022743
"21d0f28d5f30a64352e60ac4",553045854.282752
"471b5135fced50f7cb4197e2",684099375.18718
"1c7586fd8a1a38bbda9c92cb",548240114.810664
"a0f28aaedd12f3d0eee8c6ea",447019254.144104
"8923182b6dcc9f2d8be1ab53",622826592.553367
"67f694b29bfa494bd9d9cf44",744578759.927748
"b721a5846527d5338322c9d6",697796990.974347
"ed09fe201c9ab02a91779dcd",796453784.91655
"f49045b312d12268eefedcba",621267510.638406
"22ae194316f34d482bdf404b",537195411.219057
"4f450ba5de4766e5ecb8a4a5",538535990.182503
"235a2209cde8f8b0276c845a",580139278.245246
"f563f0899884de7f9bdab405",677074831.596398
"5b462279f602c5b67ada82ee",716055991.923517
"fa4af69aa064a4306cb110d0",697864457.562698
"a70d32ccaa78ae9417aa7e4f",529561759.543128
"77c9e5e3a6d965ede708cda6",684672328.510867
"5637f3d3278ea049333afff4",535190931.558395
"1b1c220eb91c9448b520b76a",690041480.765491
"f4a6ec71ad7790df9578324f",673394809.732876
"217e1715fdd5db76ce93cfe2",684342215.784228
"2cfa1397c901b4e940d9f673",537690720.368934
"44672de0d6d9d0cb3b4ae938",597644100.695608
"1c50477e5b3a67f3d8fec62c",500292353.808138
"0a2a67e8b310471b115c60bf",526272168.186561
"06220a42e68510eccb4d790d",638658208.681522
"611a3e1d63c6ce5ff8779243",703216561.432207
"1284d7ed08122731aa7c0461",410248286.560037
"d44eebc871d1fa6981c32ccb",706909140.107116
"43272151f217feab78190393",763051293.641979
"6bff92260afd556a98d3e3a5",882686540.147816
"00586a92b53f4a8f9f6b3022",823317544.664094
"745e7f6a83b55196f231466f",813692641.321794
"9c558e10e5bbf230f16968f6",975186515.565105
"1b425a31cbb73b713f291e19",921691124.330423
"076ccba20dac8bfcf184b8a8",777887470.939487
"c8fd8b729f4ac6270aff9c9d",892070181.504163
"52f026e670e9851b08c70542",863932442.005992
"00304df33a3c9a7e396ddd3a",803119347.885227
"ee27eba49457286b5ab76172",785514440.410953
"97b57932e5e20416bad6919e",961868915.453089
"e570c5f58a20fda42bfb535b",614202602.332436
"79acb227b5ea365414982957",903091641.24829
"d24258de8d2ca10186660a1c",830846599.26485
"8a8c202c069c20696c2de85a",739052574.665181
"40f301afabee5be092ba20ad",838835028.488024
"afa842858299a6ebee166e31",870401855.469959
"7641dcf512a05ca754930bed",676311133.578635
"8c9b472c55d4b99e44041de5",891013545.424001
"88b98c026b7650192034535f",871988301.935373
"9bdb1bc52a9ddfe92e6a948b",864736550.045241
"4abef5720fd889512ecff70a",756475301.735137
"58b139bc16fa2731e4b76f28",739995297.351386
"9ad9ac8728cfc2387285c24f",654227650.37896
"75fd5603c4de9678627f81d9",1044396396.50802
"9f4a25a5550f016ef2370229",954985261.74661
"d4f4d0ed36ac9affd71f302f",814965096.390514
"51bf7bc1c19fcd42e71f2463",717475064.572291
"49ce19caa1325233d0de331e",991030829.448236
"5aa1667bc8db26bac1c72f5f",806683195.565994
"b43b36ea4f81bbfd4dc4d781",939978551.758268
"2a623b33f3cc1f54620b5233",698526492.181388
"8745eefb9e2761ff7eef558f",964336661.410904
"0e49eaa5cde9375b1f026820",668811468.885085
"f5acbf43add5776430d8d4a9",828331711.895223
"ca50f7143937a99accef865f",966507368.834482
"0e1bc8ba1953ec8c28e53b9e",790597252.905653
"980bafcd065c8e3d6cece127",833656673.195767
"c81133d5a58d7e8eebb10c8c",937777599.771365
"09656004f0a7f544580958fb",945544515.191592
"edd342f84fc90478e344ea1f",746908192.019973
"76974826c758eec5c255c5da",625145868.80569
"63b09e45c1b7dca181491030",731230882.917665
"89952b237fda041b09f0efa1",923876691.936288
"219164e1d9b14cabb9bbb8ab",845019776.165246
"ac8aa244c21a9b86de4ed599",936489775.123478
"92ba222e2dd63a4453a30637",632302402.898834
"bfaf8b7796c8c57bb5997be7",848781014.340254
"dd5a565f854eaef90976c5fc",870101454.217
"f8ccd21343b112d8f9e7123c",863045417.45695
"a90991f865ac81cdb3de201f",771053576.263957
"fc57fa9bbc16d1b8106c2c70",953870637.546936
"9ee3218bc61636cf0d7f8107",673992959.119001
"c00592c7c0c3a863a1bab9c3",820565535.093177
"f0aa18bf86a36daeb59946e8",1043800433.013
"e186499af986f1959f729b9b",759897183.851922
"18420ed4661539a2d72ff400",934944386.013371
"957731b9940c9131d92a22fa",1035278854.78049
"9172caeeaf6498737fa0c6dd",842699602.160211
"c798ea36d2e4a8119723eae7",1006756018.36289
"eb963f082209fc077aa72bc9",1048961279.11859
"07b7ba964a8e30dc16d66443",1028050326.04897
"7fe364ae771a7689d2fa5584",1094381333.31097
"c59e06a2ed37fd750cf39976",1129427196.72314
"ce03d8ae43a426e074ed35f5",1155986373.90377
"b76c45ccae25a06dd5fc432e",871575764.361086
"f855725acc115bbbf03bacec",1120857329.82369
"b0b0db3bbe07839bc2b600fe",1118321296.09709
"cfc8dcf337e020b875ef1572",1092063132.17111
"390107256faa08574d7231d2",1023463954.9053
"fb10f3b45e865b4626f65ddf",797047259.288567
"75f167e2273fbecb2c81ac0e",817583607.208383
"a7b15424d7c025d885636a72",1008541545.55723
"f9c11e980254045d7478f273",1161057022.93618
"e0b13f6dc213d05133252d15",1176799348.65559
"c12f362b9060344ad044cfb7",1035321593.45618
"f872f224d2af413cd104f24d",796206386.79773
"092045750c36a8945c526a12",470935217.041009
"5ef33cf17d4b45277edf35a1",549044132.146859
"fc64387d7c3c91a6e6e876ab",659686841.866489
"c1168159d4e2fffdd5662757",670472822.100349
"cb604e3a56cc847189462004",1011754108.43165
"9e95710c61a4706e21cf70b3",548846538.415252
"ab37f67a3afa274e719ecbd8",664538396.814613
"970cb360eb64128037be7e23",690641328.749086
"e42fc32db529e088f15cec8b",1030355303.79098
"8925028d6e7a6cfce9967779",460255586.520182
"759e76e38d84a4188dff5446",753816424.570562
"83a376df2024c4c9fbf2a0ca",471555743.037834
"a8bb80d99280e332084b3950",601005019.096794
"c16ab4a11cf67a39fec6f049",607063429.908797
"9cd1127b1bc10db6b8ce5d4b",1161114961.5538
"ddfa979b1d7cdea1d7dd0a86",464560425.968814
"d78f7a1592c0779093150ddc",846542157.453438
"97ce3e0ef38ad12f7fa8c4d0",394947280.372978
"5c789f2834a1a69aede6316c",418292546.748329
"c29ec380fc7295a9a770a74b",396837859.834325
"5987f6171a2bcb37062ccc94",856415071.178682
"1e91de6194769980800b4de8",895899823.816161
"0a0f206f04bfb10c137388d3",1118966372.2267
"34dd15023216e187daaf5a07",767125549.635781
"33d2d1db291a13affdc209bf",616435370.712804
"6fa5e5160d7c2bed824bc0d0",586051574.920722
"8c04aa7506b8c80c1bac23f5",1010009248.42929
"e5d445e39104d9ee6b244822",836502936.945684
"2ca6b3016a89139ec7590f9a",915911855.272904
"e567e9e5862b13f0085505d4",419315457.147031
"edd1c4fdbef4e6beafbd39b8",484115955.748918
"039a9029c4341b1528ca6b46",414194483.870222
"fa1533051ea4145f7f710ed9",536480201.192729
"9c99a85c5dd878568582dd9f",537340770.619409
"9ec426691c80918203394ee1",398875204.437911
"66f58d9d1e1eb7e81cab24a2",820243704.947871
"0d0f8ce05ebe99dd3bb7b23b",834000584.718224
"6a65986cecddc5c47fbddb9e",797867885.411948
"a82fc744f537ddc6fbd16883",760543320.927842
"d4c40178c19d6cb2fcc88e48",661346194.765423
"4034cb3cb77e9cb39cc98fc5",706298091.713885
"41ae9d3d280d4eebe510606a",655917672.852201
"4aaf6763c105ddf2a6eddbfe",422081975.635898
"633a7038a23ffaf4b3f7896d",890305561.528137
"2a531aa9576c5f91891cc8a9",854450996.683484
"85d58cf85a179e167428ffa5",938263680.099379
"42f05e5d4862d653efda75c0",900767291.658339
"256a46a6d45d168169f63aab",584402182.429152
"4b0fba692104472b36c38c3d",910175362.540085
"253c85b226a15d0ec2fbbff4",885618313.222278
"b0bb2299d5f456f800993a11",653145429.105768
"47fe78f6299f757b231be10e",836058825.151745
"4d09ece928ffac7e7d270bd8",455031417.060992
"fc762d2d172737cabbdfcc75",838934937.68451
"2809252a96f47776d12021af",799262460.451539
"29eb473852b36dcfbda0c702",800498169.837467
"231c050bebe12f568ef92afc",461698221.1985
"acaf9e18bbc7295633d92e01",741944994.930336
"860435300909449c0443c10e",824837304.321955
"f967ad5e086f485c27f09990",976463556.451681
"678927546243e932b48d6058",1089668466.0074
"c537ea2620b8c3a3f013c0b9",1097638182.35877
"10037227b2a24d9a72ced322",917530144.436854
"1b4b3662ca18e731acc18928",1155808797.43282
"e6717956eeaadb3e95840256",1244794272.15151
"ccc4457f68fcc1a416e3acf3",801503438.764845
"94d91969cc4b9aa1e856d801",770984926.023108
"2cc821cd7b5fa82b27308f87",468793485.111961
"f05b3779581ac0015f29571f",708838116.033327
"dfe09a5f848e8e819c361ac9",478561528.22308
"ba87ed2a657b0b042a05460e",566172159.191397
"f967aa89a4440cc1c44bdc54",417355810.116003
"81fc8d666c8735e1095d0d4a",1005689472.26575
"fd8b9540f1e9da778d566d25",429556475.230184
"70baafa9789d2fcf1bc212bb",765182792.58211
"4911f8879e5bc9c27ac13bb1",441192193.376744
"ce53f3477814fdea2889cd2c",510261812.419768
"62f022e19ce6608919eab5f9",450287280.261385
"55657bb933aa2ea3083e0b90",431599865.124799
"808dd470aed6064f02aa5103",436845242.798563
"39bc028f3b42d9ea48808ad0",453312917.121723
"c0c01ecbb9189d77098659b8",560885892.957767
"57c68d470f6248d00b6719e4",745983758.051282
"26c66cf2f43bea00e6387326",1004566136.60091
"b5f0dfbd34392f6855bb4b52",614621480.369422
"25202264e18928158b89278b",663053952.580412
"e93abbb49b24717d3a0767e8",781010394.603584
"906e1f2e1bc5cd51a55b0266",896444057.613437
"eef1d35ffd08dd161a36a2d1",1087340657.48555
"35e0cac576415a4e61acec80",1181747232.77468
"53ebe061b85f046ed12ee9c5",849177636.807134
"059d77736dc72013de7767f1",614135866.93702
"17d7986a62e0b066e4e5530e",479699370.06789
"8236c798dbffb3db51d5d744",435088256.368298
"587e67078115103d184970be",395716567.331016
"7569fb4aaa9a52d6a525e3b0",407063139.691881
"db122cadb7a9c33f420fe246",412263256.63282
"e852246b7661d30dd2e1f0ab",401714956.313821
"f04eb16931448e87aec205fd",588441294.493932
"90e858d3740d4aec0fa21c12",717455047.465935
"65647ca6e47eb2b9ba20058d",838939023.377436
"d0792d22549d1b3f63baf3ad",412767975.795188
"76c4045b5dad9a8226e9244a",568880492.678947
"fac4f0bee67523194fd4312f",553259377.475798
"ba89ed56d156579ce288dbcc",578457134.754127
"adce397b6d1473b9b6d02865",938911307.017148
"f1a924badef699637ea8fcc2",654428275.901215
"3bdce823d3b96e8f0170d96d",783827424.825757
"439004dc23f97a878ebf371a",739710691.630131
"192e05cd731950f91fef1d83",1143930543.06468
"5110c49047db23ac3aa4ace4",659156574.09034
"f4f7bd9d03eecf35e9f37619",807136623.55722
"141dfd80a005f7b32bf70375",820567184.31827
"08513fe1cddb2cad74874a59",407456820.348292
"6b23aa3ca5edd20134811cea",462450315.468254
"0fcab263453a9f196468e552",764305888.379858
"127e08fa99afcaa339eff684",539502239.524973
"d2c46ef63db73ba3cb7e32a1",816301742.026747
"7c50c93bc9e8846345892c12",923876691.936288
"63698398738ebc7ccebac817",775648634.32048
"417e974a3f0d97e502e49800",1003481283.15703
"6483f2fcdfbd26c621a527fb",1061145901.31575
"3b739666f401ca6b2135652c",1056125975.5474
"1b750e6e2e92e8222482cb46",882024045.701279
"dd34882ac55c57480663f7ec",748931405.490807
"026c6384ceba017c5f2cd66e",607045332.065966
"3f4272a3a4b14ce152fc3abb",558037781.286594
"5cccf025fcc0a7d9ea01b170",481781481.842831
"c8d179013c5bb6379693ef03",545124719.646354
"8c258d10ce32150f5fe5b712",969944160.41521
"eeb6fa8f820ec63aa0aaa303",889844007.068965
"ec8b305ddc2bc211a8a05d0c",533647666.168518
"5a84e6d2ab8db0fc60775d03",608004703.334729
"015d17895f32e2a8b616ca1b",819269915.711904
"6fa35f1af6d51d341a3165ae",766890969.866198
"17821a9cb766b0f3ecf24e83",532419382.494996
"23141c17df584746755dc508",436288929.34099
"00076c8f390d5dcccc133309",812802948.279344
"25488b1c8fedde6250b413ba",485542900.449782
"5ba6b4953759b45cb83512c7",1035003772.07834
"8ea02baab0c59eac6584f62d",1240092235.64471
"b5c34f90096fc88b8ca758f2",1180443872.6639
"35bc25d0f9de2ed4f714fc8c",820237303.256194
"8b0e1911b8ab8028409dc9fe",1005775678.14117
"2ba1672e49c023258d262d1d",554235536.202511
"2d778563921376962d126cbb",868524371.791364
"bfe7c873b2fbad871327994a",842607102.474996
"72d0f19409c85dbe32cf6ec4",914294244.313832
"d406baf5cc9b4473ae9b8426",373764285.646392
"070912b7e5fb205918c1f4a3",384110342.187771
"659abd72d12756ba0670f466",464705834.616245
"7a464b948b65544159cd0db0",766214231.515933
"e89774d061d50c83b409a071",365303806.514605
"fd6b2efe5da2c35058333bbf",561141697.765485
"4577c1623c8407e95e893e63",587594279.929282
"21adc839dec9e8efb128abf1",521523976.135778
"aa843a050ebe8e4b3a04e9ef",1001518650.4863
"0252fcaf7bcde09274d34be5",784237616.32637
"46d77c92811f0c87d2d4907d",1070466762.37245
"a8c662f906075eedb098ae5d",748416239.576519
"b8b46931b93b7750e0d1ada3",708929723.577431
"efde559422ec1dcc55abc686",962631593.507131
"339bc881458ca34bdcb771da",1004291373.77696
"d7ad6527cae719481f849927",1023310742.11955
"df3abaff81c430b4ba85d4a3",955655891.22609
"bfd2f20a7bfb0d865d7f7193",1287325662.68835
"fa3ee96e6b6ffdfd00aa335e",1332905932.25475
"163228979751798ded8c3fcb",513344433.62059
"3578144f12e13e98e8cb2480",431013916.461281
"7136cad475a0480044707984",747037175.640911
"93f5694b4854068f42ffe55b",564332787.392323
"51608bf64739db05c47a3bc8",712486349.19446
"6a01b6d09d516d67f4a2fb43",552350395.50282
"5f26f33bd89fa7563ac6873f",446454805.354949
"aba54b001154ad881dfeea6c",411825028.813176
"b2eb63e5da917ce649a72142",540893930.31319
"1427aec89ee9564b95e93cd4",465601046.369557
"a0087db5e9e2cdd6073021a7",666994264.612357
"4396f94f7f3c403c43d3ede9",669672988.058972
"aa703cc78a1ce659901e711b",688953459.742072
"0dd1bb83f0f18af30da139f4",723344088.281224
"37efd3e2a5b6567957c62081",571816731.735488
"ea47ad6335e74dea06228b16",687947168.125555
"8a975117ab302b77ac057823",718346450.255698
"ca5949c4bcf0b63e5d1be784",435855303.086528
"e9f3f41366d5d784c2928937",734754677.059455
"7a9c505db21b777203d34bf6",682350781.64948
"238cf9f99c4b01777a97f82d",453154304.024763
"385fcde12021f4bbae6ac2fa",448099841.770454
"d9eaec557a7a6674565db1ac",867897625.70733
"30b0c440c0bc8c6005855ff8",830787323.829812
"09feba43c0b8f3560fe09be8",1015435411.52538
"2547bcc87b618d3d7e22dc21",726639654.918105
"1240a616080d6ba5459335a5",909291004.162854
"7cbc8fca4f84908ed4e7192a",815486078.740615
"151a16e94d538a7a6d658ee0",708564109.526533
"a8ecaa9120c6da21229cf145",928578229.695549
"3ca34fa833e6ba10cb4b1944",696053262.349611
"dca2e851b82c512f01611ade",1047945714.71477
"3747996611a842c452865a9c",806062923.318044
"3528df61a44a9895248336c9",634539834.583511
"398a67970cee5dc873d71bbc",1018463823.38343
"1ba2c2eedb352ef9bb59c638",644346669.112471
"f6f4a467f40bace72ecff598",967102333.851895
"b2af9047dbf58867ed0c42af",990035205.524213
"012b8d616667a6dcece0dfaf",835277711.13455
"0b117f10e699f10f97a7e7c6",1046152987.04947
"8d5192b6208902ddf4804839",1107939323.05595
"b86cad78da7bf06b5ac39f99",1165812082.61735
"4cc8c95dee29e43463a8dfd9",674937446.086426
"76846ed8b7ab36821b848f2f",806197111.361467
"5428bf7f37a94ce9fb2dd435",616575025.887983
"b22c39c3df7d8e32cec2ba43",414924065.380562
"44f5380847c175a42becfcdb",1229004656.9245
"fae53fba5d405b2e6a3abf01",339433620.441852
"3b52bd5eee5ef8e3871dcb3d",1287162649.10388
"21eef7da02b0f2a2fd987135",564526093.248167
"1dd6b0ade195edae38a4a20a",597699417.256797
"f359afc7bb50cf6a61ac63d6",433128814.329976
"b0de107a8cfad95f09876eb2",1075782359.20769
"2e8c76f4ed59cd3924f7136d",1015566041.66448
"06a2efde5244f7d653ddfb8e",719624810.525739
"f72e2f6cfbd32d97bbff3ac5",688748335.912769
"9705748d2bb061678a80826c",1096167659.86859
"9620068cef0622c404e15960",553521158.991992
"cf2e8824527989d3cd29c058",563443784.619466
"6e606a7c8bc632ba0ba37184",470231069.288602
"63fa384ea296390350f23d7f",748619686.896698
"4d3f5e7ecf4d361d7eb55f5e",570853512.583498
"e31a209077a3e47712588730",745350973.735984
"5f18524e839c2987594a11a9",777748696.652024
"def06f49a0b8230ab613db94",717445900.578425
"faa72370e4c7718964930805",717445900.578425
"983503bb75d84c410d1c5d3e",980007750.021953
"30f381306494ebaa760b990c",675657107.307704
"5e72dbafa642e4f416e6f01a",674044197.896677
"3d5ece38670c1c96df4cfff8",675657107.307704
"1bd6861d451d128c8bdb72e4",737504058.511072
"072a6f084d31a5a4be4060dc",1028792482.5534
"4d8deb43d663fb079262708f",836426698.290973
"f00b8eac1812a500d7a732ff",817793693.24493
"77a62d5e2c89da24f66a2118",858068113.317444
"961886897eda4b0ce54d1d82",1046489999.45777
"6f6c83ff891e43b7c84728e0",1112001711.59618
"ca8c85e8100f64416146368e",1055124224.375
"24297f4a3e14c24c941e7720",1128913369.22747
"98d7f0935f021acf313630a5",805720437.954335
"a362533eea6c235049bf3359",751593427.970854
"2ddda0ae748b38a6258f660c",1266807103.17094
"b18107a422b9eb6da9fb692f",1035729697.25693
"11cd643195dbe5dd4567b62a",1052843636.497
"c9ee7f0666429c0c15c37499",371680377.646556
"c386d1ac4fa8dcec4cbf9788",737583723.98565
"21e0bc9789139640ea33ed09",804680829.294052
"cacb91ac1b835d62422b8a8e",1010513032.19329
"bc41e69def6bc7490800c4a4",383187574.593599
"7a13669d2d7ed2e50b80b4d8",439740244.468768
"08dbbd8d672fd09463c061a5",561057961.997325
"cb93b0d5e9a26628b0462b14",629926276.24708
"d6a43f209f810455fa41dfd6",484886190.985259
"ed5dfe95f82f4c087af07045",727869562.480315
"02060d2f56e979a61427f806",817417368.698102
"88ffa9f0bc3f6c9f2e589a75",1208373781.90995
"b48093abeaa178d1f7fbd83b",802155194.414541
"b42734770dacb7e580a6d742",765190310.416882
"d3aa845e96d22f31a3656aa1",471503724.410411
"becc3ae7a71d597bcb16d261",920125262.912216
"8dcfc24742ba669335a2d65f",781502559.24719
"45e2411d38589a2d85774c5f",853651253.22592
"9761b0f43949eb5307472ba2",929106300.31747
"e07035cb49625760c7da85d1",425640082.035376
"f88bb9c5a471504c13d3616c",511782872.001402
"4bb5265c6e63449e5fbaa270",881246207.211109
"ac73b8700744cb7835f328cd",604486526.55701
"a632ececd6a023aae8a7b730",475200873.010095
"858288683063dea9d5c57420",457110284.216102
"d04f549fdf8f34bab19a171c",473368392.760029
"6ed5fa8f114431d158d35f43",419975907.767037
"f849dfccaa8163d24ed935e2",856301337.426337
"bfde6e7200fc27e6e6f1497e",1004413171.20418
"59c11d3de7153d2605cc2273",598792154.667808
"33ddf4e1ed8c864e9db16887",582221279.788176
"00f5ba660a4fcf6ddb96220a",584653211.006946
"a13004b87c6d7e7bf6b75730",680077097.158029
"eebc02ff14b6d270746ca055",789653435.127175
"65ba6e178f3565a84c6ff973",790347981.057235
"a57f40f00f80abc7450aaf9b",749049880.936539
"df37b916acdce817865197ae",837865612.776688
"b5c074ee2e2538aeca099fc4",689975386.395297
"004c9da9ef1b3b5e309e475a",625018142.538598
"c5b47ac5c4b7476d50bd56ec",781033745.922844
"778ec765417db9ee48d697de",611464889.929815
"b287339babba162e290d0fb0",478258605.671768
"4d35e00e86a9d508d82ea90a",414105447.363307
"0dc2a023fb6c5e0b92d86ae2",737236769.064756
"5787d7c671378e596edfb58c",794461961.309555
"8595b5517cb3f1ff8094d67c",768174700.629294
"f4d53276bdb5899c6f059c67",837208722.672261
"9562ef63320854bc6f94b5a4",503436722.894736
"c04e72fb6244d9a9b28322b8",929167867.441468
"3d141576443a97b0202c9672",1096101241.23061
"7caa4bad394586a46dfad854",749662954.776329
"8420bb74fadc0c8853cda025",416564898.592672
"b274adb68a37458cc5181fe2",602036546.99074
"8561bc940a91f029147430f1",856415071.178682
"258a968e403e747af5693a3a",1136974515.42964
"0de34892fee879f449facb19",613080044.422137
"9634cfebe7e6b095f0065ee7",697173792.156948
"1f3544c9f47bc00fcdf59d74",423198862.951339
"e3077f6e47d130106e7165c9",886147180.583905
"f0ce47907c3c30b6b5e990b1",851969872.984596
"1432cf7de2beb14fc7603ae7",1012906663.24795
"60f0df18cb4324ce5f4bf650",746102788.50084
"7c1dc421f5a689aea5babe4c",683045803.042253
"020dfae44183c65b708727c7",458127089.407882
"92a9c07259efc617e7d58f9c",591403607.538586
"18531c57f6dca78763d360bf",511143544.346087
"dacd62440872b6e94ea56fab",489712367.68895
"b607bd072e8293d6594f3829",750596831.207399
"eb86c1da60250e5559fc3cfe",637034848.690235
"fae649fc7256b9a3ec036583",630878669.203777
"b7fa81aa571906a93e9b6cba",847025849.253024
"0823be832fff81b3f1291859",385804461.140285
"fca3a0fe5db369235960d285",486628626.875277
"496fd5c93b2a578d970ed55f",420245367.612937
"9c63c6c27c74c03f071385e2",764275172.404846
"6ebe90f7140b738b3696f086",499793013.111709
"7110d6374f3fc282e4f4bdb0",535373852.799337
"d33994c75d98941acffeeb90",1124430539.51446
"b8e8d84450f5e0bc8a721c94",805174850.709403
"cba57e3b393b3e392c7431fb",864067907.007058
"fc2ceba651bc629e7f690849",868874170.731597
"857761b5fc5c7d101cb765b6",648287552.518452
"55f67dd7302b68477e803399",585316317.822061
"19f538269846412f3e150a4a",764357232.155473
"75e0fa8e5c83c49d3a0dea48",1233817645.85978
"fcdbfb9e15352cf210cce7cd",939841043.800791
"c2b91ce4b1bc8c576a0ce1c8",829044475.740732
"73eaff92528288fdbcd61e2a",1176373513.038
"f6544a1c169aafe6c8142907",1021029908.38838
"cba9aead5bad82b31da51e6e",969277981.042891
"b239bdcbfae846bf74791728",756126461.93554
"3b823e81c5378ee3c977e863",687912889.123473
"1b4db5fcd1f92d3aadd5c28f",642549615.499997
"b50a6b85399ea2c6b5c33405",707967628.24538
"1e6176a558f301d81bb050f8",992338251.092332
"8bcc1b035ea93a5192256b37",753379479.617864
"71a3f0980cdfea0ebb869935",501134016.286928
"8cd0345dfac13ab380240b0d",687912889.123473
"e66b2c71519ef8756db69b97",525946850.56254
"c843044c1fb30819300448d9",445902081.415437
"4ae10e7fec364242c88e511b",565320736.738289
"c9e92b994e48df83dcf9976b",1132369358.01627
"27f41f09ccf8d182c79cd48a",1112831134.86021
"d8a7c0b01bb545c414e12a23",1278205423.88944
"f3e2fddf1dbb400788a5517d",842084499.135753
"89a066b7d6a31dd066fa0d32",666306780.802982
"c245bfa6587eeb55227c8a4d",649152325.607208
"500d7c5346ca11ba934e7ca5",760824232.50624
"536fa59adc007df763949045",1013227738.4246
"223813dc0188fc229b63e8f3",1056660825.28718
"7c972ecb7b90537b1da0deba",541161574.584055
"98d8411005ac05d77cb12516",985499432.829368
"d12c08cf48be75014a149873",998239369.2683
"955544a0bc2eff312e965c2e",1145431705.53561
"20488db7a62f765ac8da0a2c",730749860.862407
"3f370094239ab6fc817e9ec0",1144920407.02647
"ff54bb34225682d25c551178",998239369.2683
"d0c7294b2184d0b4d0e2fa07",1144920407.02647
"104e960974eee31e7e0eac6b",1048258826.24557
"0d477acd9c95e9ec63839a53",536630544.235352
"6d255e0026d70dd44229a2f7",1044114954.14419
"926cdc0242544bbc850520ff",437835706.431654
"e75a05dc0018f29517948ea1",425474485.480045
"dc40c56571cbee9c2b7770f0",918291691.193857
"2f76a2b53e091df35a125b13",526374658.612897
"a4a49182c79c72854732594a",622473018.056996
"50287f73d47b4cc4c2e1840f",867340425.339992
"5efca36c25884a2822bb7a81",448099536.896358
"4347bf26ecd61ebc7a16b4a3",656968676.298464
"7c979648ab3729b2c0cd2106",711953003.236789
"f40acdcf5cb9925c09c9df7a",835491607.76565
"6ff3eaf8b5a2f16efddde1cc",644626602.811372
"d35596846155e74d1a637d7c",860360987.260565
"a389a1ca097a820fd9af9d15",766292521.151259
"ef450748c440c4958e5db54d",833768625.78065
"02779b92b2f9bafde0c75c11",677921165.316923
"77e5e0b64140fa00b0227a3b",472786963.835562
"eb55b0778607da932c3b311f",833768625.78065
"9fa391febd5d0a8e4c6ecb8f",385207754.033905
"6270356f1cc3dff186d0ff4e",695729391.231732
"ea7d5c601c3f8c86ca8f15e1",669290039.573297
"072efeafd082025bbc5a25e5",728807155.287856
"d8bb6151d30573c7595ee7c0",602389336.534805
"f26c43f2304c8c694c818a9b",606826460.635598
"14ea4a7c57d830eba13638b1",831984362.29353
"c1ac42dad98d2f23dcbf140d",878395976.509602
"aa6af44635b5d51da4b02059",660382198.057238
"291a4ea1a695347e1901bd4b",965652253.595778
"024d2e34a561efaf4811c17a",981310351.472707
"e5a40a555d11d4429b9675c3",767707865.382237
"3a10398b72905bd710ffe9e1",895157455.1645
"340d1313fc2dc8e5b6918262",752443536.168937
"699bf5460c63a4d0e4542ade",1120627626.44386
"e98bb3a89bcec8650e33e730",645634218.627267
"5de86bddd492f76596b17a0d",992194853.256119
"95dae083200a9e43a5aaf210",1133251313.27505
"23fe512fcb21a0b84781a318",392584391.354087
"a9dd62f527cb0dbfa51aeb7f",627007161.165775
"8964dbb5b0cbfe509613a63f",830023613.43365
"f75009356c700f7da7106cc7",592996228.554756
"6f502f363fb55811478e3b88",449058438.483432
"a48f29071cf207b27ddb03da",636311342.270355
"b46bbf66cc82a4345c5da177",843349676.561701
"a460aea3370926825b0dbc13",1021296597.29296
"7a21a8d99a85171334695004",827207322.654134
"279f6f594d3f8ca8e8a5e2d5",1283155351.07806
"bc3c509022e3f6104cba5203",1190587701.75114
"654d2a3a0e02065560ba2484",468077458.649413
"02a2ebb6eca5772e3526d78b",701759078.648055
"d4646b7f4dbebf9785963cfc",611482192.846112
"68fabddb27fc928b57efcfea",717635675.213165
"53688de79b052b3185fa9435",667289755.95968
"bb962a9e3861b06ae1daf833",718909980.435023
"d80c5f0b8ba55e7cf105d282",729664672.79427
"ed88c773fa9ae8bb29645fbf",776795634.736572
"0c3af9e0e9c80a68acebd041",588260418.503812
"0faec12daf0493a512b2fa0c",1194289443.52912
"1807debb0a0b590b9ba4ebcc",814511768.766699
"20a2a0dfc963fb8a355e704b",710558136.886003
"a2c033f497e62ea10ff8ba3d",840353866.059798
"985e40843a30150e6892e4f9",825782576.825904
"2ba0807f8cbdac389424ae04",622372011.161896
"9a565e7220cbc3d5d340e8d7",958546022.872793
"33598222854631e92fb72baa",1005062083.01925
"03fb5bfbc1895115a04e8116",763021945.196051
"5045ba9a65b4bce4fd305f82",777287607.861946
"277f6440854cb0c98728e685",834155374.998316
"12c7037cfa63de49e984a789",775509964.209591
"ed9976e922a774cafb601f5e",476627162.073273
"ccc70d1d8e4411331730bd7d",439800589.122441
"30d38a7bab2eaaef1ff6be0d",792360312.187733
"31a6c440ca9eb29acc0f1086",976109921.052135
"7a82ce4b2dcd2b43485f5047",848940749.735012
"a74be48ad396ae4aa33ffed6",786115234.294893
"4ea46b833575642ecb2ed1cf",393923208.851769
"b780a0ec18c61b0760df9433",754780009.605129
"b83a5c303a2b079585b9b94f",508046515.895708
"a3c45875c0834b144f834798",445453825.221552
"c3ae3f44bbae215f7f2fad9b",478637912.509687
"5d54a0a596d49d9f85f1b5e8",629417849.44416
"355d1fb69bcb4e8e8ed9ba1a",894698436.420193
"cd791a46ed616911ae7d4fbd",747020389.389347
"d2d2f335839ed35571b19bb1",1006187287.12163
"0823b0dc92805ab05d3f8650",1284584450.70525
"f92f4d135119fa88994929ec",1240522066.79175
"401f0de98764e9fdd4055406",421594627.852463
"68a7d01e50462f7506f8c8d7",467143101.325471
"e4434407771070783b97c014",557464562.149515
"7e1153d411af129357ae5c10",539562010.972782
"f409c701e200046f574f4e06",645298948.926395
"30a8b9c197bc42f088d0b873",614688415.435212
"d5abd56b5a8ab8c2f61a07f3",668466746.737257
"805a27aeafb3ca91cac56d14",806978874.017264
"1ee04111d277e8758f740139",659727183.014492
"b9de7d7b9a8ef7c64e5f6bdf",651316106.006074
"5a12a15af3c0585d81ba8f5a",746498626.057363
"abb63383766a9853c1091c5a",850088437.546893
"1f95c205d5094c674f6e45a5",1016973211.16966
"4911a6285f548dd30c8061e3",681613410.517849
"0b9730cff49bcaeb4d703c06",673285005.929414
"f033750cb9db15e886b156ce",920222724.161005
"fc7e93bffb7fbbdebebfaa2c",922249751.899933
"4f500afb7f7bb42189820a18",950910003.237508
"3921d7b508fa1591d40802d4",414686446.277872
"caddb9dce27a7e8012478da5",666549344.702311
"4eeafa126ac5f301cf60f9ff",486812426.122719
"59afb00a84b4f2a9ffbf71c6",727053662.82224
"7baa3608aad1fbf357d789a6",860268644.210191
"a5b8869e9cd3d0cc32a0b298",979758063.187522
"d084dce4ab9c4008ffa3bbc4",964401752.556264
"e3ff13537ffb7172336ab5c0",985749652.807467
"1bc2ae31ed1970ba52b1ff60",1384677380.90299
"eac7136b26bccb3c5d2b6202",742573583.378711
"073fccba71b28afd815be434",652849671.834191
"9b1c23d616e9407fff6553d6",483999203.403001
"4122eca7b73c1347a7814a70",750154950.54386
"cece8267e60c2461d6c409a2",1091470875.64717
"ba4e89128058d5564987dfc5",483999203.403001
"69843aedb25a928097a22a89",560113833.379798
"a45863121bdec787e119b14c",378792745.710325
"02e8811bff38125bcf8e1a6d",552174305.703276
"d709a76487a49bf257489c0b",435589490.707124
"46c42803286c800351fe633b",680364504.030979
"2ae3ae7f794d558ec119287d",726245758.64787
"76991a35e9c1b69e1616659d",603544208.538882
"3de5d35f742cb4eb68d5f314",652801659.400426
"a53c748935206f61751dec1f",466969256.076018
"ddaf8a1e5e6922cc3dee5caa",534061066.020882
"841fed959f036a03697868e8",554624737.530667
"ebe1b5c9471f3441a388f7ac",736025255.791258
"f0f9bedbcb57383511805d17",625083821.116882
"f9402b785deedebd3ddbce6e",746985703.375111
"d1f92e6b18faf07ab70ca1ae",771899101.89667
"6e794276348acc39751eaf47",750379519.880723
"4b04e0296820d04421db5219",603416053.934249
"ea0ca17e989ec57a480aa464",993306073.929197
"cc6fcb8ea6556f676c13a76e",935320724.653001
"2778de5e56ad7ece898249e9",963218911.45639
"9f0bdae4f8609ec93588de3c",857298568.164838
"90dcc3f9428a4e7cc396a15b",780685266.621799
"2d7bf0032580e6b6dd1ce36b",896048045.43922
"c45d86d17d1d0519b455b7d4",903211606.962309
"4c7e7cfb286d82aa96356fb5",1065352966.53269
"edc204c3e18368e0a9eab593",1172754668.46066
"e789e801fb5d4501b5d64e2d",1043385299.18525
"3997c10ceccd2f8c8e43cda0",1115686689.48001
"580d8eee8dc4b7d43cb193c7",1057580725.03636
"c823e3fcfbf0c43bf2d82586",1115696437.02323
"30677852542c78698083d4f3",1267493764.34454
"8fc78c514a2f1cdbc5ae6e1b",1189510544.23646
"73c618d704a2e1ac2bc41954",805474807.181079
"4ba85374c1d1f1d3f4632ca1",360846871.511228
"9a471715e4c4865b822a6b77",393368861.56192
"4e9f1e21c855f1166428fbdd",460363338.803579
"f11137d27a5d7fa57f94e97f",819412248.914165
"5fe5f3c5919c0ebd57ec8e36",523582336.951716
"e40742774df7d2b614f32de6",377944159.955788
"24b28522c72f7fc359f2a718",862662431.980784
"26ff1e1f4a6f6bda702fdabe",642524315.333887
"9e617d1fd8a4f33d7b66098a",1196173439.39944
"3b4e889562e4078f8f369172",495689033.562346
"3a50d40f15b1cf5bfb338092",439595878.793716
"cb2188cb8e534973ea3411a5",567040916.99023
"fa57f96bc6affd285d10c4f9",403826587.453091
"c0ea6c76eb977d83c163fd7a",421453016.997983
"367cd12d7f4aa93124047eb9",567941862.195895
"54952b5f463c64c605576601",399773256.815914
"57eaaaf24cf82d885f0f1dff",608595784.808775
"f2ba4a7a0765c3ce737b5c81",710765806.626135
"5282c3c48495dc31359e70c6",471645057.010777
"552b01d72edb192663998c4b",784190848.289758
"5f3a1ab21669ad9234d4dc63",1041452596.1186
"68f431548c330f84c46174f6",817291947.041566
"048051ce9bf8f6a48e9451fd",949533792.688375
"fa4028ad48fb2082d167989d",662520590.626997
"5b1902dd7768f5144ae7704c",923277231.569808
"be0a8f4be774eeaa42fe460d",763906780.301111
"16263617308958055850aef9",967376023.7195
"729f5fab1578f8cae4fca8f9",1059129295.72645
"bddb9388922dd56737d8847b",961052667.256726
"9847a4ab995b7b1c30196704",1074506241.85965
"d19937a773269962c7f9e8a3",1105938242.16228
"b3c8714dcaf5322475ce2c60",1118138396.70612
"875126e5776dabde40e29b09",1034985766.48872
"3a36f59d7c0e6c4eb85ca0cd",1088382929.34541
"630f00e15cbd7826475d1509",1164241918.57067
"434782c3d1dc2b9ce7bcbbd9",773020370.850721
"a470bd174fc7587dc1449c89",1285508647.9314
"99c6f87ac92cc323c8caa005",1029439293.44967
"ac9ae945fe25a46184057606",1218739258.50951
"15d910dd93e0aec22ccc2083",1165943812.85768
"6e1a9c8457d3ac6a57598052",872097412.838266
"14e179618d1a44c5c55e23e6",464737730.439351
"2b8b979cf1952fcedc63ca9e",414370254.483909
"7cfc3061c0b2f3bd48375ab9",733957915.902017
"7200e3ba2013876cdbbde972",808229061.967106
"9ddc1924043ee8361201b39d",1061860739.30708
"f22d6cc8c9611a7c23fa8969",812018998.659376
"b7c0a0a4f5c5b986a70ff249",490960310.891966
"adf176b63ea23e08d252b5ea",734863891.344431
"77069fb9fac6b61aa6a89ae3",792866564.675982
"7f0f27f6d30c743acb3e867f",888795169.255304
"7e299fd8c2d53ff1cf95aee3",906814923.605111
"f309733881a4f89d9c8a8958",861047547.700895
"0f937643c067371018c8deee",1120990504.83989
"8e35609c1265ddf59e1c015c",838607994.999483
"c1ba606f32ce0337cbccc2b1",845464804.399553
"15f02dd18da12f4d7b0ac2ab",679336541.307814
"bcbe8ed608f233d5ed7362c1",998574683.629664
"14611fccccfa2a6499b2acef",547949089.846197
"b10b428245022d55db248b72",450179786.643774
"13e6c5cde1004803fed93cfc",540402544.265771
"ba31c38eada33f680d44627a",621531683.981445
"3786daeec4a4fb40ef07d8e5",899964262.971551
"7736ac030d8b587f44f7898b",781520259.053011
"98f89d21e5dbe53f8704e745",941437923.954607
"981fcb79db3881259eb303bb",438135262.136683
"08bb88dabf0070f72a801a4b",967181062.990959
"32d56542ab5486bdaf4466fc",890717610.848272
"c0f911fe7ee2113ec59cb5f8",771700036.858952
"3adadd50e603746e5e4fc082",834960946.46172
"d117e9672b3ea0435e7a894d",438135262.136683
"020473766363019ee40d6685",1054653126.16874
"b04d16faf40ee02eda59a9af",438135262.136683
"bd6f3819a1c0e551598fb9c7",429735396.345253
"5520cf373444931ed8630635",456557861.91649
"40355fef059659469e16e3ec",449512236.139153
"deb844a2812586991b3022f4",773434836.833
"ac0b895f523b53b4abd013dd",748647108.370778
"ac208e250f5ae3e5e1008351",591599369.296868
"0064cd1c55914cc8370a096f",449878643.943909
"165fab7a9f8dd404cf4e9d9a",424940961.903892
"df3eca0f59974a812b4ea9b4",958314788.259064
"1b7c062b606d0560e850a2e6",426605549.018639
"87ddb3a17b601cf7c61e8c07",666542854.444394
"837cb6389640f3919bc73e9b",1048774682.02161
"77bab76414ecb20888cef7a1",1020472935.82597
"a9268ef5b7133cf6ed1a376a",986411937.809921
"cf7cbedea50333cd2dfb0e30",831073341.669093
"b0cfed2d25a5d78c96d39d20",636075824.376519
"ec0c283eeb8db461c20af1d6",861234198.618949
"27c3b7ba2991e7bc0c9fc322",752991781.814849
"0332c7ec0d3e547ec6d61664",947990636.597288
"e58b92216ee6438a921ee0d4",784820304.693364
"f7959842378c94c9f620f561",710394676.73273
"cd0236af88ded6bc15b49eb2",781520259.053011
"d40e0c2222c0debe89735e88",710394676.73273
"2bc9bbe0f0216ed9d865a85a",625030135.459063
"e9bbc31499ca187c6a492175",768934994.916388
"f2409d037bc8b3e63ca69fd7",829373465.444796
"5ad71b7cfd356a75021174ab",447389655.711911
"67dec8c47ad4de9605d56db7",600085834.096019
"c6d679cc07ce4373197748a8",1009426785.93618
"a36ff3637b7d2b1c52999ea8",844874256.995681
"3a384d68b7ddab45e01b6e99",882078516.647802
"42d34ca2252acaf6e777d23b",1153236486.43724
"c4b2a42a8908cc35e649fb16",714371548.170853
"18c38418824075acaad8f960",578658943.44745
"85bb6775065df76bda33f738",793567913.97542
"14cee0bdd9dd5537b96d0786",742915671.099995
"ab332133aca64315672a7192",844524130.553603
"d53b60b0f2c65918153ca2e5",437447876.467853
"ed1f81648083d4d2726710ac",508829023.990704
"b6692a933facd74b4b11569e",405253923.99743
"90e00fc58569167c00fae7d0",575185464.08614
"8a514fffdec277cd46c7cc71",642403300.598292
"7f0b4b5851c77d78805320c5",432673479.24804
"fed1a608e3c0f2b79cd02ebb",576369254.203785
"075a5474294e25da55373a09",404683153.13475
"8826b9e008064cea38855d35",439368531.73485
"660eb3b40b2bcd07df8f5c3f",502664441.916972
"d55cdfba22aae78b6fab5491",414300488.547816
"ea6e83dbade169818975e5b3",618025286.407835
"dcac44d3f8024c6ea1632432",422199044.338011
"2772adb268cffadfb2917c2f",471340386.978493
"3192bb7190b9130c4e67be4e",716238617.261325
"9d892f73b02f001c2f715607",524384029.727679
"c27d72aa1fc5d37f4cc105eb",761868282.040427
"6c0ac32bc8a66844197c5fb4",788175411.799056
"52338f4f7c8af6c649106a96",524624148.73624
"356815b8ffc300fe03073b7a",709054051.694022
"22c780d56cb97fc34f29e9cb",403247727.076337
"806907598158861a6958388c",525172015.088187
"449cddc4dc3ef1e93b7f7c26",506539041.833486
"b225270821758e45cdead76d",498217165.738185
"e07bc486c6f5541e4788f83b",628051397.398592
"970c0d4928a9292748c0fd00",951637112.897472
"f73f720abdfe4b5adfa2bcda",650050492.82421
"48d3b0ef6e5f999bb90fbfc1",561895417.860199
"b3ec2f8af6e9adce047536b8",1010123381.75583
"0e1c66f843e06f14d7264864",616052513.488437
"91c4f018fc7939d150593935",929654738.940768
"102434eee07ed18268857a9d",792554286.846822
"a4c70eae507d630c2f285eb5",1053655226.58078
"45abee1de734dc32936d0b1d",679206653.559808
"82bdf442e186baa829e06da1",686158872.484921
"019cd320e02a64ba3ba9a37d",824671885.338033
"ba1b3c8ac8afafef56233c84",712348584.598104
"3c3a0f57e030472879f454d8",802175793.42154
"d520e90e7d0c44a6b8852e5b",543010083.087562
"38328747d2e1e0e568c05523",640490549.252066
"659e9ad0f593b644071cd850",754775498.681554
"3e6645f2cd377ba17ae2e46e",416057512.33842
"307eb683db84db535106c445",739356602.984737
"26c8961848e3a77d98049638",688992173.349708
"52373e15e9dc1ad371a0c090",581483431.317516
"e5b2a446c12222efc187e02e",573795881.893254
"156f706d1d30de19f7e369ea",559085690.831473
"aa94d2ad36bc0e91bf561be5",991593767.389491
"8ab41842b8e41b89d8670ecb",568487679.657254
"b19ab02a8e22f3e88a26031b",659397157.859042
"a6b1ca7a4e91c4c0f4366984",707619407.916293
"a277d5e8216fdc3d7c93eb2b",754211647.961472
"f939b7271c4d399a5e647f8f",802446862.537503
"941392f9a135909273422dec",823377013.031843
"e07d8e9e38e309958288a516",1000216284.71174
"258f10f742fcc835d53063cf",790771646.850635
"fb672b4cb1b66f2022f36a40",854113550.6049
"ce9dbb6d009cbdbe654edcfc",999847373.309994
"22e524f1fab17d5b8616d741",1052430711.97132
"7f0d874df9235245f47b04c3",948807430.204652
"27a8a052b815998c771a1f55",1052430711.97132
"b80593fba07e21f8bdbc352e",1125223348.05998
"d18d990404e7fd07424f5a77",499483577.422929
"033599f7e7ecd8d9c8cfba46",845790533.197351
"51cf2fa527c3db62914169b7",681182336.445927
"2b2fa2ed0055a19859e78446",793286531.730289
"a8e1adbf076dd737c079129c",980808148.28266
"adf948af7b24f9b6f29610cd",381434506.244232
"23473bcde48f634641769e22",413826340.714161
"c90486bba327ede32dec60a6",596414563.157048
"d254d88ea0989a609b71fb72",478748638.453712
"2373c595d24a7b862b518ec5",1004378310.47568
"ec401de1c0ab2dbc149da048",746059115.879535
"17c0a8fd3a2c8b5b18d61e4b",634854538.761485
"1a1016e7a96da2237b391be5",690748385.495736
"c5b40b510bf7f121c93a2332",863113791.825937
"aca37e216a27b4dd5337df99",878788321.13638
"96f59167d17d1c99f31be997",809876228.70421
"062b36cb4a87cec372f9f91d",812839110.456882
"0466a7e06b152c1860d44334",794090366.115484
"f44726680d0c594a2d430bbb",718441671.793642
"8aac8946e7ae5725971c5557",718360146.273196
"e1aa6c46135f4d1aa1b7a1f4",656945271.454874
"fdbe5801070756d1744211cc",798113184.38334
"6ec4c88b8d3a16148e2e7348",884482025.131903
"57c87ce038e4e523b4ec189b",813692100.418726
"9bd500fb24eebd53d8262b62",858509532.345832
"85a86e01443aba593f95dae4",699092706.588346
"13e2ec0a12c8a48a753b85ef",413869690.741712
"b93dc01af5f49e6dcfb7a547",401274500.748658
"71a42155184509caba01a1dc",439528080.740774
"25fb1c0c4aace859265de172",679206653.559808
"6f63e4f866bda86d5c993c8d",447687186.580109
"72bc42a5c73e7b1f9d54c835",792498732.760979
"c06f36b42021a1512cb6e3bb",393652310.46864
"f1a7fa5dc1996591ff97a34e",580008819.601976
"6128a8deb1f0bfbbf0d67769",749069047.433081
"b5254c6c29b4f6984d328216",432727284.959079
"6cb19c3e491a60bb2c166669",601427028.633982
"dda4ee9f3811c29e2b261a5c",543010083.087562
"7a564ce9a4ed3d2b8fbb1103",679206653.559808
"63b982fab95cd17211a4a58d",444949220.073622
"5272c50f1d8fded01f7fb0e0",661902195.892635
"02b47e60ab77588aff6cb433",626618008.544973
"ddcc7f7a087aa5f4797a8a5d",499793013.111709
"77a887ca508d924ad5203194",782031489.623435
"b57ab7afef2b8aee016ce6a0",951888512.41556
"640a801d503d85835eb65a42",979384368.910795
"767ff947b16b2271f516c28d",698756923.09517
"1dbb46a250f504e9c8673bed",770561650.060181
"fd6e9c9ed7679485dfd0b022",889085027.75151
"7dc4f9de14c2924b229ca0a3",833240028.58511
"3064379f468404110d594c87",889047192.229311
"6005ebd6442c62f8becdd2f5",997120248.849416
"b62e960eebdf95c2eaaaf9f3",1011867023.01418
"7b0258f1aaee97661c34de64",630499473.762763
"91e2f9f7d4ed776d38a3274f",762635688.664365
"d505277049a254f960e114ef",861752802.360295
"32040dd7b8edfbe331773288",899801689.689178
"70e427235490d7d9c9239676",910124102.957743
"1a2aa38b8e18fd7ed5be77ff",836611406.122034
"4883f7ce7086ba9c8ddd4315",822960954.411904
"4116cde03803e63a3e87e847",937116867.113611
"d6de5d741702387dc3f4481f",1030233908.88547
"2346533f4712f3bbd036d85b",1124430539.51446
"f6a12c0f02fcff1be042ed0e",868874170.731597
"eba3cb8156e0115bd7dfb525",1116964812.26246
"ff27ae490bf03513b6bb386f",1171853864.21035
"e87779bf2f8af86fc4ae9583",395900830.489822
"4a809b3987cff0290c1df8fc",359394892.468961
"8f4241a17d1211687bf232c4",483270179.067166
"bd8c1ff6f9919ec6f1dccda9",556493394.08555
"081e008e772c6a79b809a87b",763737128.849489
"0eff08cf4bc42dd442a70231",680520129.494427
"b4e084d14962cc58d4089955",785351072.704017
"d02c3b5ac6fa0ed6db06e490",1189178468.00196
"e8abf103cbe9fecbdd758516",785351072.704017
"05308c4f3d0e0887e4a68a92",688438753.507942
"256a6ba3ff423a899229f154",558480157.78173
"097314d920292b46eab5dbc1",596598736.789451
"4ce0fcf14266d144c82f8d4b",491513309.281222
"548791b5faf236b1c03b7523",679715561.467036
"40ef1682158d0c3cd07f484b",1158905374.62351
"7b473504c85e9cb576f951e2",621248396.81495
"730c7382d76a07904f559b28",464481330.96356
"e05598d3c49f409b937ff2a1",482311101.907993
"844dc89fe6588acccf0c7536",496007014.809485
"ad1492590bf61d2cc83b493c",841803609.927826
"88fce3ad9b8a965dc11336cf",518748311.155671
"b76d853ea415967415ace0d7",819580887.177262
"c12c81b3eb12bb329466e88a",1015385357.22011
"4e27458d179a469435d02ff4",712723499.495572
"8d15b4bb1447eba7a680ef47",405680885.890352
"482c7150c7555cb35558398c",998525475.925975
"e5d6be06fd53d317c8e5c7c0",615364550.648649
"f798e7105aa8aa66750a2c85",833975662.373241
"eb24e0a0ebfbe16eba466280",996993572.851201
"618dede0dbd48df4fe610af1",1026237041.55757
"6fd936b82bcfd3cd2451bdfa",673764447.141504
"adbb5c4ba7be2903799a51b2",1018770504.06096
"3a99197868ce338c738a3b20",724781766.862611
"d4c45f35f214fc226ec85b36",802035293.411644
"c3140ab2134de662162af508",365820523.566678
"0fe23ccd8e42605f4d9f78a7",341353478.985744
"8816e8101ddc4e704053e23c",726245758.64787
"64ecb100d7882ddec6bafbcb",756128352.725014
"9151a8c65e1f01ce591c595d",757456841.988331
"c8a40314be3014c2a218f5bd",848749680.128441
"29bd4cbe11f44759e07487fd",638688085.177364
"72ddab9ba5f24941e4dbed6b",1078203342.04497
"1f18df9ee1b19359816ed13c",873462392.962372
"fb82175fad61a81e9b665fd3",1037901097.77063
"dee2e190c4e2539124ac3ee1",879769325.735701
"0cc2f3a49dd703e7554ba638",807303273.97644
"ece0394e38b152e6c1571324",1029439293.44967
"e14328c988a27176e9fc63af",1008136436.26526
"a91664b9f15f9d6f262e7b2e",1055673148.83576
"d54270fd6b09b38a978cd7b9",751032972.630565
"40c74dec061500aaa78f78b7",571889331.597586
"cbf6faf7b47b43b2a77b3654",886437566.228598
"52fa1eb3cc7cc2f77ff98764",606927286.085765
"bae512bdd3b04405c519bf4a",727851885.851359
"e7fbff0a25cde72a38e7c7bb",1028655882.42097
"d3f297fadece964afe5f1cc4",1011547453.55341
"2679ba671751ff16e76f1807",784368710.844136
"8059e45ca26bfefbb18d8e40",1073112778.06463
"9e7ee8e17b1e76965e96ef95",1035518569.49231
"9039bc918a76e486041842d0",654220780.669994
"1d7912750a5e345f7edcdcbf",520205000.662798
"4fe0482ad622080f55a0460f",698448739.442945
"953fd7541735fa8d9a342642",1022394425.53144
"0b3021c156324d1e7974ce3b",1096956078.26816
"b0a8e4b4ef6678e6b43865e2",712694939.108756
"bb47fda808b52f30364a4d6f",669354002.812166
"d846dbe691d0ee3ac5c3bec6",1108907248.06532
"21932b5a5fa65d237ddb6293",669354002.812166
"07481a101afc1d5db45245df",876190839.014616
"d99c00c516cf57b6fd9e877b",495707246.757906
"6dbb494acdc64c03742fa730",870818319.645596
"35f69c7a9870ac62735d7639",471103178.951872
"2721f5495ef5dde16fd29cf4",1057619100.17992
"0c068dbfdafa3429c71189af",561633191.213715
"f3293c4064d71f9322ca97b2",838635141.502848
"5eb268b95d7b6006b064f9af",818919534.407926
"e13a1c06ccbf814945dbc768",932635750.720728
"935a1e8c7e62ca9d3bff398e",893930599.509923
"f0c7ecd3b2261873d3664748",976509456.34135
"d2f20425e236285124eaebad",624822828.699337
"05926b977b5df59857194ec1",615728799.715459
"f548ef815603ec44f4629a60",1101177547.36759
"6cd147720319f60ed2599361",865941990.048592
"6302477fe8172d08f3b4815f",561468984.615607
"b0af9b1e84a1886489d46b91",657255260.137237
"5f3a2a31f6d1838e0a9531fd",1002160854.74176
"96786aff35713dc21f6bfe5f",922856956.865291
"68de232e27aa83405b4a19b9",1195580494.91904
"8d252e9b0912f09703110b81",561211940.327955
"f4e646df504728ee1e6ad0d8",469683757.592383
"e89cf4cc82c5283f3db6f5f6",466860844.919281
"1bc2c099466f9a989266be0d",439616965.635127
"bef2008b362c4af1fc3be566",527238016.399684
"7988f76ba063d25a4f467730",660719692.061669
"391a98a344e894c6397d62f3",454334315.60328
"5ab0b8b0d6d93c4654b5cc14",761548104.144047
"305d6abea2f3e496e3b6fcf4",1000798905.2233
"f512fde4fa3f1f7fe885de83",756131618.689452
"c7b6e7a287602275f7854ef0",1058753723.68435
"3d11a16b008c26fe43deca03",621434641.553213
"ac7f21d22d013874c362d440",760717679.273051
"c933750eeb53302db0245782",584144089.641605
"766a8ff17723a5c34324576b",758902696.824901
"802fe3175a2059f12d7edb99",573152843.785309
"508bfd077c80b6cdfc5a10e1",825367789.645381
"ddf8733adb641e15837bd728",515394671.879439
"17914fbe0c3634dae8ce9d71",762426049.525558
"09e4397bf9794fe24d87d07c",752252127.571832
"302918a3460b98acb64fafdd",593058739.555802
"a7e57a8be8fc8d8a844cf9f0",434884307.122557
"7b50b071f4d795c9b5ad7531",736751153.928046
"91a7bcd95c0c960e4cc22d91",625318964.366569
"5d4a23137173c0e2288ec418",600879157.040982
"751ba0c00d4fae1078c02fb9",679614116.26865
"e6bc998ad1d87c5be3559ab1",683618457.140065
"53aa9cd32e2a6aa346d3d789",683618457.140065
"06f22f7a8e4e78f45ae81638",854610808.557295
"2105c17a4e2f97183e24aa4b",752620463.967743
"ec13a869c212c39b6ba21b57",807742649.760251
"0b49dedfb53ec812962e31e7",614645900.002916
"69e6fbd4d3816c4cc37b265a",972359992.098062
"ad46f8bd482500f3bb935737",696875501.562939
"368f7a70a62962bf31ec9583",1047613434.56991
"07412230b931192771072334",735886270.205063
"e63d334d9ae8b672dc7b7d5c",1047613434.56991
"3e1c2c5b0831edf78f7b7082",735886270.205063
"226277c02e8532922a1c769d",1020661738.9307
"7902ada9116a1cf7458933cc",1113185069.46937
"b21f6e217d6733230a8eb7b7",819371907.845764
"09ac622c303bce9ad5514442",410666084.895468
"ea63bca8e3a77fe88d88fafc",455428912.001237
"a3c7c54fa12d5b57dd997210",471206676.719919
"cdadb2607807935a0a5597e1",690793440.222171
"8d041784b65d33c76e5245a4",953999619.373366
"e6807209b634455bad257998",594715097.008706
"b1e3f1efb232cb0976506cc2",786040542.007576
"dea95d98e8bff87b905f9172",1146403984.53494
"44b6382d9195ceb3f12d4939",972674551.207878
"41f33deb9990562def18c917",858570884.142266
"0a61250b2c208d42a3077bde",805474807.181079
"c714b30713eb7877ed3cd92a",377284541.293936
"bf120b883bfaf7641eda65a9",800061799.168844
"90b34ed38e0f18988f11d77c",875889454.952805
"feade1f4b3b06fdc12ec213f",856441636.32687
"00bff9be2d524083e3b3149d",688345281.743944
"f1e38e53ddb8a9d5b641d934",1043203071.14038
"49dbaf0bcca86f32f86e641e",940217362.875618
"18539b6cb6884f753e0ac18f",1020540795.06577
"7586a79a0151387a1c0cd85a",772131934.219902
"d533a334c2ad9d510865fe54",543782705.131111
"95f7bbdcfb59b4cdb41b0394",759816597.184637
"4a2ae08359e1ecd39b43afbc",664226234.756213
"e8cf39cada5b7755f60306d1",683160392.623115
"0489a476b376f7f6efbc193b",398729674.36634
"7b31b5e53015f8116fedb0c6",1016982411.65928
"4c0892a39011cc6a37fc1145",577105995.381662
"92d7d4fa9fd09075bec14a3c",1048960001.88755
"5e5ea93675900efebecaa19a",437645394.935365
"084de1226de9a6f4a6075c2d",546497002.364853
"54f16cb9563346e15b019102",352064016.305315
"512a6de80962ab797ed2bf72",949236943.954718
"871befe27fa79fc1e1813b19",1050445339.36902
"4e0b1df5e05ac505c701f519",449955124.851719
"37227e66adec69299f853e51",675579369.493442
"0a0e3ee960f60d04ffd6bc0a",754595186.138987
"82b15a5da307865c7045dd56",831655280.49863
"44d596fa36e3992208292ade",714062335.517613
"3569024b3ae4865240973e6d",446654466.866138
"31d3215c8345d48ce9734c65",481664963.580772
"147e7f5381d3c951fc446376",486143335.517673
"77deea164a3a622df41249f5",488830634.600064
"3cdee5304896e4cb9604ebe3",777090768.672529
"f5418917530b72c9fea14f66",583985771.509766
"ffcbce226963f10da8c53fd7",779544099.965852
"2fffe55a1584619bd7c489f6",759426144.831294
"3920eb3f72b96fcb58ef778a",416093103.248604
"d10bdbfbd411ae625dc80611",449448254.850536
"d61ac80c0d4737c3529f4a2e",477711243.517433
"f8948886cb4cb018eca25d19",537121576.303463
"da5bf7f1c7b2f4ad670e2382",711219441.695676
"f406c9c3c92e9b31310a50ec",699506729.469203
"171b560236ce760573a990fb",1109435047.07643
"4d852bd93332172bfb081aff",1109435047.07643
"2e1f7569d134a931098a2ede",978715408.600109
"6d8d2ba62c52445d78f687ed",817673988.103819
"65ae1a893abdc2eaa63d9271",1169379306.45413
"c9c51c39725d7df94822fb20",571049209.42369
"56ddb54e50deaf650a25e82c",651701050.546804
"aeb330dede55fb66654901fa",1057580725.03636
"4f4e3350c429c6afc0bb0094",787996673.740024
"39377d0d271da03ad85c7bd1",608595784.808775
"bda2fcbba2b412981e708054",1043385299.18525
"eb89d0b7914010148e6bb597",749816923.66222
"513d0ddf1ce44ca671675fe1",993306073.929197
"14cd5f188cf6d2433240b5cd",567941862.195895
"dbbe0b6f5eb07a5f9ec873a2",662595375.490891
"f9acdd3fa50068bc0180d008",693683683.557773
"4a85c36fb854e922936b57fa",437011924.026051
"937876bdc44c3b8fe063a9aa",570457484.376092
"001399d3861c5792ccb8b515",1115686689.48001
"f28514aa4d6ffa36104411c7",705810835.624148
"3b185e3e31f7f5e6a1b3193c",744334663.408128
"f4c7cc4a249ae7037aa0b35e",629395381.001051
"b74a02ef5cc838952bb9afd4",624873661.152357
"75f5aff9fa70208ddd843779",650745660.454687
"b7273cac93fb7a0034039600",1100209476.09361
"b73bcc0cbfa173c9fa404369",822862890.515393
"3c4c18326318a7207b589dbd",429750164.175046
"29a230f7dde5753e65b661dd",801791429.318506
"c083a5c64c4d6952accd7bdc",566578706.899002
"1cf29f882ee8b458b8f27091",849056653.204641
"94c15574aacdc5c3cf5a406b",515634569.455596
"661f7eaf134a5b142843368c",634371509.465812
"14a5bf235097782f468fbf23",498144625.910638
"d2d46c70dc048c92c8e4f09e",768655044.013697
"f6faf74c3f4e02a6b333b7af",896131452.113007
"6dfa362ff7a0d55693793db3",854605052.440264
"b070e3747bcf22ed67509efc",755613703.750452
"7333f19416625d6f4244fe02",746033477.106371
"3c86651d9bbfbb335f15b544",630421284.786207
"9d8affa93ce4dc7c1a21b3a3",1018845442.60312
"eb8cc67810d95d1b102410b7",968384749.34503
"047f94605add5f6f84fc3f90",887460757.545448
"56ba332c82c36f07ba6bd271",1157706143.7244
"5814a1dd61362ded4f1d8d8d",1277331626.73514
"141ac7bbe9637f9e5142135c",1161628476.85011
"08db0ce5cd15db2404ff3d28",588578902.581176
"c38677ed0876b7996f596336",409156890.869359
"daa4d7da8d7df8efc1adc9d1",423927363.943428
"f15c6403c6d4e3676a607780",472250031.176977
"4d0cf77f8cfcada2265ac585",495404146.29826
"4caab3951bd6cb6dc71ac8a0",647469109.098238
"7cb64b94877a9361f20027cd",468656881.976872
"3f438d6202cfd4527bd8f983",577682379.798422
"b7763beef728bc2021ebb841",455568058.148624
"4cea8ea969dcc433fcb59d96",1000426587.77842
"24fadbd1dec637edb728baa3",827591982.45022
"63cf422266e7c39a6c895b3e",762009673.875118
"dbaa5d47ff63125584bf7ac0",833941975.979549
"da12ac932dd8a2fabade4bdd",877349356.090735
"f35538e95b4a567f9b834034",1068566808.65923
"6ee1e976768b68cbc8008950",792007922.864223
"a910019b3d18da92b4c6862f",800187224.590588
"a09413ca0b723170c26652a3",814932280.981826
"2b451da55be3683c33e4de31",1001027460.85201
"561840990333852ace562b82",648217048.305627
"b6695af1ce28eb50d7a2c25d",1103525588.54139
"9327563b40f2a0f888c68f28",1139999802.08026
"3438e5d77044f21743e56edc",847388859.185683
"63cde4fad1be942dc5ee695d",412865901.797813
"8e712705b7de6e791c8735de",468901031.932557
"85de01c0aa787152c77c6180",381678053.12468
"c9b0673becdedeede0209697",427040250.724018
"15ee6357e02b76367682d6bd",1193768610.73096
"5f284a75ec8e9c72abc76695",773941909.093643
"37e696957da15625da71146e",679721174.283556
"96a478c359fea0014fde607d",959788132.801705
"1a61721fb7306d55dd77b6ba",959788132.801705
"a7577260fa10bf408f1997d8",780688228.72178
"b3f8ffa761119a5441a44ad4",1096143375.80897
"a5c85b445f503a56e0e2a924",1216500099.80513
"5aac1a1d5da10b76ba4b690c",942005055.029041
"1420543e2eb5f38e4d38ba81",1285502362.91988
"a530e3ff6d7bc1abe333245d",673530536.645986
"aa9988248c7dedb016d8b6ae",1001999566.67659
"fe8ab5495cae81b5478026a4",626384149.569443
"b463c62e3c21e339e7acb52f",753471120.22233
"00a5133e7373eae3f0be8f2e",538913807.876603
"38b424cb0e54f0f7f2745781",752141154.200741
"c43530f324a3ac90f53a8849",798700448.704298
"abf93b2418fcdac14293c9a7",580518317.57023
"9b1be976725ddd512cd222a8",920297343.202706
"9b7f17ddae12105d47fad7eb",771349997.851321
"3caab5e89722761d5ab2498a",549243234.537173
"a2f40c8227b466249d6cb659",823470020.920472
"e6a5007ffb7c1321d4fc21a8",571799686.77317
"0d50b435188b7830a6949026",470590271.314075
"d4bee60a74c2e2235f507ec0",642369400.697048
"b474103c4b637ca25b5d89e8",706169664.014129
"ce6ddb82d2ece3b8d58fcc63",507435361.055598
"28403f16831effcb75471738",401408266.107307
"03f518e2e5861002772345fd",419341667.263854
"011a6d0f12ba108ef15076b4",395386429.405081
"93ac0b004ca60ea56cc2bb9f",683940980.176718
"1b70fbd3e46da8c47c3eed61",496679056.960191
"cb40d6ea6a1eab77a60c1ba3",688011204.508376
"87c73db5d50e8ec3a22e6ccc",667558006.347528
"9aea45bade274e4ed91ec301",556885058.407156
"43c22bfa9a14df7b0126c12e",483198448.354345
"6d848e54ee68e6d8f23b3b1a",502185683.119875
"e5cd7a2aed48057b0dc8d970",626087731.276558
"bc4b94c892fea57ebae3eeb6",489279488.05251
"e7bb12e99318573a6e6ce1cf",787232990.808855
"4b52ebb0f0a8878def4170c9",960225026.667894
"3e85b447edd3b23b5a0d3b79",622605680.544774
"15005fe7eb24aa25b9e3cee7",684839174.121704
"22e00f8057294350ddf4d42a",884029474.597384
"ddf2583bd65f02abf7ce3280",974750230.055154
"704e5657734af93d19a0e5fa",839741328.845567
"cc1a11362066152d21d4cc60",475685091.523027
"12062de068acd322b610fcf1",817381760.529004
"e9804af0513b2f68daf182b3",529351167.831053
"f13d8f4b2e3114d71e5ed941",894236151.3638
"11bccaef3431fc17953eb81c",1026942584.39132
"ef2b9c11f884cc5f31c26f60",954119032.091919
"25986c851e13c92ede6c6d6b",1083286697.752
"37e28ed39a51956880d211af",1176373513.038
"9530217ea0b5d2395adfcc9d",1189403136.72696
"d8607e3261ef1546eb0c30f0",954736507.241691
"22a025ad47ba22ea9fd1a094",682721582.395392
"1c88ddc21f3e8e4ca633621d",413810764.140302
"e45ba581daff88707ad842a9",665519113.136127
"d7e97cc158c6c54b02fe635c",697162481.262385
"04bb7cdebb8b66e783058248",555720147.193755
"d60cf6dcb7b4b40077536604",1124443917.89776
"85ceb648cee9f6f3d221254c",793977034.848744
"f58528d3ddce3bc6c71bfce9",995289352.571537
"c269765ece36cd93058efab9",748649094.9691
"919bdfeb16dd0bf67787d53e",499906304.54645
"ed8eacb8746dbcc3c2ef3aa9",700583089.510722
"15ec532ec6fb73074b9b12c9",616693197.448889
"58a724e8a0e05140b07539b6",867912402.143913
"2b7a5be93795a65d29970b02",1006542108.36259
"6dde9af12b6597425160a47a",1160582940.43001
"f0ec99c13c61e89310ca9b8a",599724744.884002
"65c83da72c07b8e74bf581f5",756002988.626758
"3ecdb7a7d178b48361340ea9",813727543.686215
"af22669e3ed10470623fd8eb",851877569.747153
"748c981380925e1247b9e64e",1035402262.95116
"78ab6cb1f62a7e781d4c4d0a",439313703.046154
"e80ba06329760362c7685ca5",529994420.435652
"3cecc0cc43ef46670a8e69bd",499965364.19169
"527e4b1b06637b5362c8f17d",752517817.877716
"cf9eb2cd0f20b13cc8816bbc",404193277.435064
"4b3a6baf8196a59bac8c08c0",472306101.373248
"9bb9864a6bcff25b17477717",602353622.252005
"4f7d630c921cff500705ee5a",623146585.551111
"7b7c0544ece4aa383fd5b4ce",729126569.179254
"191094739043620c72aad2a0",887493237.503203
"a20435d582c7646db231e7d2",863257619.647551
"1555743ec7e2f38904852860",634695906.872181
"1c7452cfc46652a60b7a4f05",916644539.345556
"97439d5a82f970e7f50d51b9",953645987.100424
"7667cd57d0bec809417c9b11",733144942.706926
"103f6eaf04b44c4013acf097",1084013525.23225
"e6ef433629e193042bd30f4d",1043926306.95453
"2ee7f959d069c9ca223115cc",1034999545.5965
"b46625b69fba1afc154471e0",946470137.01056
"5cc0700421954934cd8dc445",769800983.076658
"066f1b68f7c053a196662fe0",695667284.942356
"645e1c7b799a489887086a1d",976509456.34135
"f426c41d6d8bc99f359f480c",443058307.971095
"d1be4eae680cb16d0c842606",1101177547.36759
"57a5f4f83a474ae156f207ee",818919534.407926
"53eab0ecc3ff098d55666699",1102541357.20992
"54022fa49ecd9cf290aefc89",1026730106.68503
"545db4962e6294cc5ed07727",920297343.202706
"8e17bc9f09099ba3138c232a",1107247272.53636
"3b4b303bbeece313f92cb85e",806645557.134501
"d0119d7bb15452c473ed28ba",777386891.111322
"1a36f98c62f5126c8064314c",779843522.95726
"96a77e8e42d676b0da3fa572",734353360.435778
"d7d6f668e3e40d957163276f",703857790.558329
"5b908b8abd8dd0862440c172",841470459.522945
"81716dd4aedf72a6a14392e4",487625460.749511
"47d252717c4bcae3e1ff19e4",1003247256.46881
"4f0b2f7e4d787a108a4d2537",769536253.955382
"90a43053efa1d292af692a87",488005603.226312
"c3df4b9fdaa4dcb13723b5f1",761093063.411748
"4b905620f76873355d317dc1",836713190.088229
"ea16314310144a10c81da9c7",418076020.885109
"0e5db1a36a521a5d2912b238",617616975.51456
"c53c58dd7b26902f67c3becd",561527988.764568
"6c17875f20f58b1fb211c18f",1088098156.8289
"200020552855ed39d1af999a",618478025.952754
"b44b862cbd855d46954eca5c",574365999.046295
"ce47299ee877638c4729f60a",550582791.861494
"3a28bf9841e6a9d3f1bc293a",756981659.519396
"3a488b9e24d9b8fc7c222e20",409526518.777896
"5469c33200ffa87952b356d0",414656472.421765
"b57174dd86ed451448dc501b",522600659.717666
"ebe09efa32acf6d680341840",825656254.220382
"33f7d5aa494288cc90d60456",1018654466.40646
"de9a32ec454c2696cf75eb0d",564507243.903449
"df4400c44a166c851ff46eab",694803166.265875
"5dcc8f6a6854a864dcd27a87",727540044.587328
"bc08ce9f24533cd644ef08b8",609807328.322927
"2935cc0e053bf558a8b73054",727540044.587328
"f08001f2590d7b734467c58b",445027510.003861
"5a9892659590355b91442979",720363055.268046
"ea34dfefac91681864c2bfe1",709628765.014881
"ee3b5d47d05a80c07751f7a1",913055899.395147
"448ad01af4c5cfba3feeab26",913055899.395147
"bcf43ae0b4b15ae168abca97",921131536.559313
"8ccd326e4f515bf7e817a14a",713361171.4648
"94535dcf38c9c6461a73db02",421189659.012418
"9b3557302e940d4da341cdab",610556671.098382
"edf8c961862a4ff8e1e44f1a",962716749.551615
"6e508fb72f189a4fa91bde58",777990039.244428
"7d0a4771afb00cf9a38ccb81",1291615323.65296
"8c32b6b31d1a1d5736c4df61",1219716172.79406
"da782fc0c8a79e3e250f0f67",438578047.118111
"c86e643b7f7b57b4482020ef",597720974.556867
"4632f1e8fc93e268ddeba07b",674868926.525012
"2cd372392fda500e6526695b",651165769.149017
"a05ef49ad8b2d6c466ac7412",976940055.858799
"9f50ed2b7e40847ffd877f4b",1044146808.58689
"c00083aa30ba7d953361674f",439857083.293106
"50857161c59b991304f5c55c",769839633.664563
"3676f63aa0ab23ca7cd344b7",445183398.489448
"3710ec95af4702c45f165279",688215233.357154
"16db516a238934a730ced1e8",712593658.725826
"d450dd622183c7cc43a20d70",523371489.181926
"ba84fbef80c8a82895ec599d",1163792414.53771
"ee85a12b8f764bc15164dc7a",618502099.784042
"0038a3b703f4ec779bbcfe6b",626048662.878848
"aa643acab634ee591a2a43ce",681451432.434192
"d6438814f4ff3853bf6cdb13",753971186.130209
"a37522af63bbed2f4d10900e",1284762454.14191
"0b715ccd3b3e01444b855857",411645496.797336
"fbdb9caee4455e99259cf921",495321915.454182
"b3c02569b8fb721934f51c52",415707363.793345
"c07e2ef0bed4be12e41c783e",563521938.330852
"1b4e4016cb766bfadea42f73",432594495.832839
"ecf4e968c925cf8322f8a0bd",429350219.00919
"6cc0e6bfd30ed93fca2bb217",432605313.736408
"3e7f514983daa92e49a7c87a",414579206.693825
"97a22807207cdfb341d5c50c",438220812.003878
"3f9e95762d2f2056e9716039",576977480.462897
"255c5b92d71a00c3a73b9aa8",424650690.714472
"58d24ab99d74ae4c449c90ba",774154005.480951
"51d1df6e1f28c40dc9074b74",1238301770.5446
"16261339c3a99635717fcda8",1062871990.36365
"1475cdbbac4aa486266e439f",721766697.574762
"2a9974fe07b1e4427e386e06",749864134.348623
"cf76689ebaa20c70d9db4d51",992729112.171085
"f9379319f992cbadc43b9189",787395294.686514
"62313cfe4272d263173e1ea9",890665802.108752
"b2c62bb0cf8d210dc4635653",1061509016.80938
"5d2fd288d33283826210cb90",1189403136.72696
"3454ab4ad567d2d22d990fec",784415062.556133
"58be66aeab226c35330d57d5",716053745.270657
"315ea6fbd6b3261cae7fb900",803510790.969187
"6930d8e260fafaa5c317dc82",618079331.982817
"0fa99fd0e8cebb71a3bb0871",462143983.958446
"fba946e4ceea37176170835b",615433191.267506
"b53d4d8d0bd4a0ae84fbc22e",452284820.313563
"8bb1a2ecc997779d1addf12c",404917472.681294
"6dd97377cbc262b07ea2eb99",440802699.303725
"5c50853824c890a5a7f0cd70",725414107.744328
"4c3865a97f5877090e7a9649",717745357.733408
"a3cb2a035f98276076f2d848",423440019.449572
"40d04ff9c405cccfc82ed5a5",483180549.27344
"22caf82aae904c79057fcb3b",509482129.034538
"eaf87358d89af17c3e004c21",814666543.577233
"9ab5ef2c5650c4bd05248990",431873104.217089
"d96e3063ce77ab1235e2ba26",491951270.595043
"665d62a8019b27bf5ce6e6b4",563619347.273476
"56234f11aae98489ae00a8d3",691573577.354393
"76a5158e1a5c1f9fae8ee882",630108889.70944
"d974970034de145d469d09c5",517671190.489448
"7b5db1e4f4f47b4bf7c827ee",539051336.796233
"73ff6ce99ba5dd8cfab0faed",587566625.340644
"e1cecc8f17883ba6e2723826",575421970.942318
"857870b1412b84f0f19ed751",540893930.31319
"d89dff35fa1944191aa9ed98",693231495.017247
"86b89233e0176e034ae3cb7b",834740811.954565
"dd3d529f3745159d9e7746b2",910466068.749489
"af10ec1529a63d0bc10b056d",825810634.483801
"a2645174e4e15c49331f576a",1103511454.18358
"311dcf366691c44243b7b89c",841862196.094494
"4cbc74a93e33f7b4812e1a7c",561504991.202724
"6e0140e1d667cecd155c6e23",616178864.085262
"dba6308e2358f30b7ec33f59",834596210.318725
"761ba98d35074faee3594dbc",792761394.673379
"b961220d34be930fada80887",860819265.991169
"c9c3973bb37b5c688a7c0157",765440421.8624
"79a0bffec81b17d606a606f5",1103511454.18358
"135f6f92c4ec95847e8840eb",520806723.429574
"05858b1e4445f56f22e1f4bb",882891182.46303
"623b7d96c0fa09e50148aa7b",892368298.9188
"e61e5d3288f02b904d3b1e38",998239369.2683
"0d173e7afc8f8babbef6ae97",964403428.4792
"7635a792e5002ab99ceef583",648554806.321758
"4da93e7126354a474d435a4a",873261730.66306
"a4c71322f79dbbbedab3191a",719328160.190008
"57ef53ecf8b709ddc05aceec",830562182.252814
"65c3e09ee6f1ef0500ca4316",1093799866.4695
"74d0b6e87c2045f95fd493c4",1032058185.47289
"4a3d0390e005fa5b4c9403f4",1108934745.53595
"a3aac701ae444b6d91b7bb0f",786184117.161168
"4afa3a1b63c076123e7a5279",1110406300.51416
"c97adfa6f5ad3e3db6b80edd",1142167652.96214
"58cdc29143b85386c76bedbd",1096705574.36238
"1f81176d8a0c61a7177c6c2b",1105079008.7418
"1c2e69465c75fb3af2d57351",1109572276.2943
"7a10ffd970cc822108ce7cf0",1033771944.43671
"3bfccc757ef82ff2774f2db9",1161618807.32794
"3c753ecb3a4f8ce43077a6c1",1150366272.23254
"100e9e2623cb0fc52fb08813",1147118998.78058
"90a269d52e47c1705f9b6cf0",1187017917.65548
"34f4df9fce2ec05633d0cbd1",599911245.260541
"1e4fd826fc8693b17f6efc3b",1100471249.06481
"efd9d848677015f13688453b",472916111.350248
"07cd866c871333283ecb2d23",761871182.298082
"76a307d6b36b8a51115e91b2",621854005.906032
"080969c751cb94822aeeb755",365248383.476859
"1e37fb708b70b6b5e8fb5cd2",559114006.799438
"4e47d2c8ccf9929ad9c84544",546705408.707209
"3c877a0fbe08cda958ff8f46",850941865.191094
"ae59a0d6441697841d86cfcb",516138887.477203
"2fdb80ee4f9a35663e92b3b2",694512377.049581
"3a513410a390c75fc14b0b3b",494964370.73781
"0616401503f2ebc05af7ce4f",568779829.220222
"98b973c8597d5805f87dd074",666050164.987947
"7063abb555d919d5300af3aa",914169941.010206
"88c4b21ecffe12cb6c408a6c",767849492.039226
"75a4421cced1111492d00298",567040916.99023
"0482cd89d767b3b7de976c3a",478730211.999199
"bda9e5d8048acbbe5a9d49ea",473186595.070349
"2152ed6b2b2eaf16ec272cb6",449403331.491363
"9bf2e0c1bc82010e92da2540",835268443.892441
"110af3c21ecdf156898c7c0d",1192998967.00522
"2790ead3eba9370f00024472",690916741.131507
"9b06c7cebd33cd26cd6cc089",1288464798.45406
"fbb89795386c14f5088fccdc",792845095.928038
"e8a3d9d6134ae8d631791e52",1288537487.82761
"5c535b7d92e34c0fe4b66891",864204241.257034
"d88544e4e85add30aa795ce6",426946239.760499
"01b78983d268b52137e5ac1b",484158293.42523
"25414034e50ca33fcdcda4cf",471303780.606877
"2212e0125cb7f75390020951",793920845.613393
"a4d5ea1b907e98be72b5c49b",584163325.357613
"2df90c0a3e2b9138fe276a75",686314014.520382
"c520b7e8de3796450ce49a30",377995584.102235
"35114fa32397272437e67a54",469656868.117634
"bb5726ac16b4ade709151159",516623527.962293
"b4dc6733589bb35444b74c55",820992298.946466
"3b0b0bb06d95c5ea1aed2d95",503628786.757723
"fb7bd85c05cd74d945d22de0",526457661.644353
"6396667677a878ff61e1b536",547054526.277102
"47b5804ba1a998c3e7544092",804284389.966928
"ad4d91ed26c1fd5702b94064",949487704.310214
"2b802261b8bd839aa0b04b16",783295226.249121
"0bf9fe130da23aea7142bb7a",841971659.289308
"90511f2411d4a37a7224b995",878215852.834067
"1355fdce5b97bb36da15734e",1146223200.50678
"775a6affce535c5a19ea5f30",775607402.309658
"e36d70d72c2758d7fef242df",683367331.473942
"2fde05df6a3aa9f57385e6a7",551182258.986869
"5e0100ae728e347eedce5b14",1101177547.36759
"a636ffa140f80412f003734d",819633574.167092
"74746d24b9bd86e23338bcd9",818919534.407926
"99c539fecb3bc233288ff905",930704806.481005
"44760087930212643641eeb4",1123161356.70094
"2c5d940b5ef2276f1fac1ca5",976509456.34135
"b26f22f1fd5a991ecd1e07f8",756121087.851038
"1ffafa78622c45ea4127ce82",937413776.707565
"32a555016892e7a74d231545",734353360.435778
"8d06037db08d0754bb67da4f",695667284.942356
"80255211d99c72e343b32798",1153503930.42729
"070062cd1c769f3be9255af1",1123161356.70094
"0451f65828e628c2220df77f",806645557.134501
"d96f6225db81dbf3d1a0e9bd",424716622.149627
"b1527eec2e6709dc51e03f9e",815486078.740615
"5464fe43eded098294d634ba",878215852.834067
"ea37ad89fbe4159940586718",566261451.13225
"4057a676e7012fd37af9c3b1",437835706.431654
"51273a81121232e7f30cfd1e",537777847.472123
"3cfd9ba5c6993718c0c532ff",542371354.069351
"8567e677b30c410df80004c9",896221258.035739
"7a34bcd9f86f5036b526c3f4",660987178.501343
"3dda25226646e1e91f4c948d",660987178.501343
"a2529027db6b525e365e7be0",511110409.442464
"c6115d5e908e04e67915a581",683651678.538781
"8d0ae601094562744c8dba4f",609662170.345725
"55209683056fe2f9faef7fc8",520672551.326464
"e840095310907e82a159d683",660987178.501343
"278fcdbf16e3064ba42c6785",837815621.110309
"74af10afa02e7724eeeef108",639453836.172896
"b763f71e8a5bdeecf0f3f0e5",404884041.049265
"5472d536d1b6b731537bb67e",569724588.900617
"995ba6d1fd63d5160fb18e71",879322309.005089
"f424ca724e7df1c37ed78aa9",759587256.142466
"c2aa451b62293042b7244fff",824390862.387045
"d4ca9506161d3f4bb3ca57fa",419654203.375036
"799862427c1f335eadedf4e8",412153398.858409
"1f3b3bd08063993c23586c93",436645267.860266
"817422f4c278ff27a22b05d7",597948364.763168
"db9798a3f9ac287754f3ae01",808462596.390599
"7ead45d1f505649429904307",664889210.451587
"ac7ab254166442188c6c5c25",747489157.37611
"67250a8950aebdbc67f7fbfa",1061066829.54072
"641f4319c315cbb74872b8ac",453655837.977061
"710b0541a025b1b6a5a80c41",399388854.746901
"a10f459124248ef30f290cad",661334762.18484
"1aac53220223d0d823e70d0f",560020656.65931
"9d0ae0c4dc11d8c6d94e545e",698149085.844145
"be685d2954b8c7337ec94942",807020233.969541
"e43151473292e4e98f121f63",435412586.731104
"e04fab3d74d14be3b8dd2c8c",555634031.67846
"c77509a6eb6665bb8eb07d95",746244589.854822
"9753470e033b35407a2eca2d",535994677.50283
"825f57ad0527d4abf41cffc9",836996130.09465
"0d8074979d302868c2534262",1090039868.81202
"15a3e60c7a5d55243057d7df",484091011.474953
"6de06f867a28393a9e95c7d4",407875906.005642
"4d418d0079828e244dbaff5a",651699021.406761
"2de93fc191360ae22b0402dd",494726841.785572
"86792949f2e6a347208cbffd",581773346.019
"6d8a0768adedcc1070d28390",975576760.509705
"459963742bbaadbd9db97723",879037468.58971
"235b10cad7233d579a966948",488752902.840716
"4443407341bec8b7b0af40b4",795426718.731089
"d7047492f4c53a0cdbde60e5",1067412154.38767
"5541cbe23acd6ffd4aa0d939",694058895.753895
"1d0853f825cc0aec6f5544cb",817364621.566091
"f016623361c6ccc5163e79d5",1108260515.29589
"d280fed64d1c23ac9d79ce20",1012424614.2228
"7e86f11cd63ff6c8a3c12fe2",878341658.175728
"9d7f161ee660b1bcb54574b1",1157022548.26756
"a0722c5527c6d3cd5cac9477",1128449322.40513
"278a2cd98528eb1341a6b685",484384112.815248
"b755f88ff3907bbe2a417e07",901425300.512086
"2bb55b0a92d62454867bb158",991317775.313427
"960c9349b6ef9b747ebe5829",1240000588.92087
"2c8352c418097f82a50d9bbf",1097138044.47372
"47d7ba800f164f397fcafa9d",551022069.236813
"610061a0e67aea7d222f08cf",1215148489.39078
"a33de2559b5f56d1b3cfce08",532766621.384038
"f020fef57e9069e4dea2d71f",1249347819.07731
"883f095dd3f7e972d7dd3c2b",691065272.000792
"b0b784bfe2d3c1b3b1320613",711538141.386404
"1ea66dd4a72d93f5967be730",547262661.582093
"90b04117887941ac898a67a8",402346268.463453
"022357a3d48ea87d58ffb46e",415745211.650842
"292224fa68b0303a90063801",713971585.14326
"6cf924390dd3ed4454403887",437784857.480315
"555a293dbc104e00f182fe34",557380632.616918
"e13ef02a57d35f71a4fe6121",556035144.18601
"c82929467d22589ec62c0475",674675303.988624
"18a74c9a49ad381aee5e02de",660559800.660821
"da40d46cb91d9e59fe12e6ba",710839429.18813
"6320f26d77fcd56675db6b97",777412728.679364
"3307731f3bc518012912f1b3",741079353.538087
"ba94572d1e050bb92522f112",403227130.593377
"6e0d6bcb01e99fc4959d3f7f",429718120.4569
"dc3cbbb2fa00043d02958219",706816110.551552
"495aa774f4db66db6df30e93",526238728.450453
"6ba298925ffad32daae55385",602389336.534805
"8df5099d856c7f9de43990ab",706467132.537233
"93c5c5d9d1e99824178be9ff",748067006.070018
"ffbce3ccf241890ec95104e4",533349552.226695
"2c03c38782e365e68b32d6bf",546897118.925002
"7734421098413f27fae86fef",613914045.688894
"2b50969f1faab80655bb9104",632970541.257892
"025a98586386211b1519f9be",432351597.431865
"6013b8c04f7b9fbc74ef1ec4",579163616.551975
"11075db1cf9899c8640e1b90",695515502.429453
"61ba09084039a467410aeadb",697583776.345714
"eb2880c2433c4b2500fd40ef",517100195.494188
"f7f8607535159c82dbfc6c14",417618096.194781
"35c7a7c0ace36f4b95423c4c",450806093.689648
"c71123c31d02408cdaa74daa",616693197.448889
"dd8aa138623604829d56ac2c",429718120.4569
"cb94eee5ecfc75d0fd5ba6e5",725339508.370446
"ae6bfb4eb4770f2266e3b961",524847174.839028
"573ea1962372999346590c0f",1089411229.57082
"9f7204b4bb3ffb8591e3164d",765944715.538415
"a4410bebf9843297fe32d63c",677732362.45887
"2afd9dd680803e3c12d5242b",835281942.239513
"a7618c242fd918ed894304b5",686965401.90325
"5ebc5cc2c1488f681cd119f2",818472513.088068
"cd53a991573ecb5c53f47986",934443159.757543
"75ecbc0c0e8e76bb8d734f60",863928592.546035
"47c2934aaa5934c68dcb9e51",800471087.760034
"386ad1ba1cada9649f3415c0",741595964.862881
"9ca0839c9c294674e86eb691",1028279049.00209
"bdbaafd11259af6300321a89",722091889.342309
"2e41ceccc918145dbe7de0be",709265696.937937
"11df35a3fbcef34e47747e38",780839312.056929
"b0bcb64f2f2ba69cc712e0ae",635928301.805795
"bce0a4447db2d54d36661011",630075778.999948
"ef7ba10407cd74590ea3fff3",867285941.433845
"a743dc3903eaf3576046ef3d",808170446.762285
"b3d072ebd7908688d908d350",1002419991.68871
"a48abdedbe3d132276dbe403",981310351.472707
"c6b7e739125907c86a8997d3",840378899.303761
"813d9415d9abca46ad4d92f0",935265911.501467
"c631f8920a2fd1160f6b15cc",765611175.126516
"16194707d4e85fe332411bd4",831984362.29353
"31e241881acaceb02ef915d2",811178527.947237
"a3f1214ea44063ad10956fca",833403481.661974
"ab086fddcb949e3dc0ed9b5d",660845772.620597
"ec4df02b32d90c019125d108",813401747.773384
"09eb808ca3859318d6328db8",722710827.449805
"f520fd12dd3ed32ba78d357b",908096571.842136
"0a2f7379cd1bed7d2d2d5a01",1049912148.02774
"30652905d3eacda34ff61a9e",907235898.012945
"0509650d34981639b9c64a22",665935125.716484
"77cd6b199ee485314bc74626",626921914.44295
"10c836c2e566dfe9edcf3d8e",1199384543.83383
"e109ccb29c02c9b35b789c90",905186127.489314
"2d60a221b478264cab9816f7",1023814880.55671
"d34c48ffe935cec3358b2247",831038935.719915
"9cbed1ed72b444c22d8c1614",799291478.468509
"735c3aff4c151dbc32f9a76b",1118665119.03548
"a4b6ceedaf89cff74a292ab5",820428729.74778
"052957f95b6e7b41bc625009",1028951337.94054
"33a61cda27fadacce0d1aa7b",838098334.861272
"6c3bc8c58ce67b8bb9f5894f",855491774.12111
"1988513503246248b80c7f17",1120054208.62761
"57c29184563b31f5f752c5c1",1112740230.09836
"bc6a7d4ceee8bbff9ac5eda8",1013141948.81304
"f1b7ae24195b4414e6d6a001",1110778041.66359
"e7b3ec90b47c9e6009ca8a75",893732672.967069
"39b62c6fca161b80bc6726c4",1011430482.18336
"55163359d7cd910861059389",1051428275.4861
"df35908d6ae2847dfc73cf9f",1165418379.4662
"ac822dd448e04e9f8dd1721d",950975268.765444
"7e86148f53beefced6e0f3e4",557195973.347856
"6eff15cd6372aeaab2e665d8",422733641.23282
"0a1af9bb571b90233856289a",549428920.375957
"b3cc5930a3cb26e35a45e09a",575519179.952368
"0c12f73305bc7d72bdbd9789",556525141.834629
"ac048209de77cae737d60545",505470890.345393
"9239fafbffc066dff0811302",371478319.279622
"8e0ba427ea909cb7943929b0",530249831.274716
"b3c99f30b16fa80cdb4f213c",518341720.145013
"d1dc16c82942902c668a5c9b",823207029.023401
"5cfc9e48ab90da0f4e98a7ae",872779428.958254
"9abad9f79352ed42d1a9f099",428412597.045323
"dedeafb60b4a39950e7a984d",428412597.045323
"74cca5cd08c4bbf5d0404d74",861274978.042534
"b6aa1cb0187c4a1715517fca",428412597.045323
"e22bad460ec1bc991f14bfbc",555645147.143041
"594d46a91315527995cbd807",1049552613.92827
"2c0b4c8269cbe25a4e85e049",452724226.89896
"1014d3a98e886e1a7358e29f",597266459.655911
"73d6bb3d6ae08921a6117f5d",556444848.447209
"de3b619a7c80549db6ab16af",533531732.456201
"da34d6cd832009e428d2b467",437963371.330849
"104722434c2deed04a901aa0",439721026.833163
"cee66eef685e4764b9553a02",587566625.340644
"58b40969f1b73182cb6d30db",587566625.340644
"964e9c3f87176e761484543e",699319489.871042
"19487167081a9b0dd09d7975",1019213884.84697
"7d8e345c9b16d0fd69f848ea",1062760391.03088
"7d4ba999100c8e694fd820cf",1094881941.62193
"c6b157e7a6ca08d04ec4de4f",460428862.086877
"84ec2d5245cfa146dab05065",829771134.484203
"c844a386941b86a3d4c0312a",580815221.5055
"0648aae13097ac649fe714b9",921044343.650633
"34f220a8ee1f24bcc5790364",443023767.922334
"d12eda0ba04f846d73cd7acf",917745732.253976
"c12904320223ddd043f39c63",445183398.489448
"8bce0097d22b34a804b502bb",451778829.300198
"ec1171cac1eee089be6f427d",426761817.339954
"5d85d77a06d0f0324d15d162",1192998967.00522
"0349908483ce628a0a5fc164",956279147.651114
"d74da3bb780515b1273d741c",792845095.928038
"64cb8fc8412c9247a5c243ce",1288537487.82761
"3a53919313bd750f2b1af906",954772196.56158
"91d265ffaa6b407e9747b15b",946397312.877696
"1db1d1b76e09197dd915a8f1",1403746335.12995
"6645a3080e5d10779672d139",928711771.172407
"3ff6e77706eae698f86eec29",725253225.466077
"4670d21fa84e40184f03d5de",468353933.144962
"ee8bad3fdc93f7fb79c9cbd8",924976579.243912
"b624f0438025478c9f66fec2",990928588.79796
"37dba4927e327d3a4a0c1d36",644085863.238359
"8d16b1bdea35630a3b09b192",581261386.185482
"d54a4c353cebf18d452be515",689818370.895412
"c402811ade75f5e3dee73ac3",716638207.695877
"dd926903e87d691a0f15dba3",771557979.229154
"cb01687abe09df6838e1b224",668386963.21419
"6ad3e1a47d1055b55d14e091",843423605.899344
"b8d50a94e8166e471fd8282b",853003498.321018
"a77d82703468f2f9e8f2ea0e",794455340.495981
"5d2be469f69f31090769efe3",876211261.462056
"c4e8559ee733a551649a5dcf",955068642.520667
"5996fc90f923d6e8527097ae",750420969.042667
"32d5772adbcc785ecbc2c55f",554110835.155168
"5f088237d263c37e78264bba",533009676.240523
"799afa0396b9f268f239db51",366203047.685782
"bd23b1463f0936d2ced5fc67",662208385.125269
"8f35a5d800d98481d7a8b6a4",618766275.709207
"371b5ecf08973fc6e6849d14",674337428.473911
"fa70a55dd0e2053a1b566de1",382168259.417214
"584364cece0bc4d17f0e7fac",428077653.636037
"cd968f8973a267790a38f2f2",487741434.208004
"c46b122728ef4c9ae8be444f",634858698.323126
"4056182cbd8c12cd87ad9e84",779344525.009284
"6ac747618b6ca674e86cd275",500770556.947192
"afb02897c700dbac941ba8b1",538805281.436048
"198cd3f4e9be65b83f01ceea",658423132.172426
"c92bdf97d7f0a9a12c024406",445867961.399574
"e00e5934d1941490834c3145",944490592.881301
"5b139fdb19ff722a846d71f0",785243453.788984
"8b554961129384797391d1ae",969064600.316918
"854e27be18fb8f24fd433eb7",946594911.646146
"241d9f8599ce6cadac1d6609",883969945.645718
"b85b37ae83ef95baa03752f9",1057644566.78116
"5b3ba9e56e24e08e1f81e220",443242688.920446
"58c6518f9d2d0526d31e7566",426896532.526994
"38a1e2050dcab9b4c70c5e83",492110458.047195
"da94e4a5fdebe3ae7bb1adcc",918961224.938817
"49fb2771ea6c1e8950cc9a57",849209074.893374
"f2b67c40a560af8729bc6072",758440173.71985
"13fc2dd1cd32d9cfa457a5b1",738407472.161495
"b6ebc3b8408793f5058cbb90",1087285915.47637
"75ce506dcb994b10497e6816",510622318.440391
"6dbfb281abaa9a6956c080d7",353794413.31989
"af67a68803a18663e4b03eb1",442686313.544668
"a9c212f77a048ddc33ecebba",461363982.477888
"df89fa06e32e90b0b6c2014e",569734825.480119
"f20a7f264a8285a75dacdc1d",1005661293.47108
"61a363a73f3c93aa1775c4ff",929697090.024812
"d8c1f7303b205fbaba2890b9",473196400.879511
"70962daad7cd15ee8af564fa",861494744.384548
"087caf4bce7b0a3fe3c47dc6",555549519.996859
"5d2200b04fde91f830478aa4",521697095.287408
"821eabfeef3dcc622fbcbfc4",416011777.514504
"3d722d960b860b4bee79ae2f",599087462.161945
"4d3d887d2236c2f897f3bbd4",467581390.465024
"7fcbcd9e274b75a157cf5d5e",757636109.352582
"88ea2d2d7cb6d641df3ad76d",1076405775.23051
"c06088db17767866b7f4ba7d",1189555899.50395
"e4a9626b1107b9397d0067aa",710190596.815458
"82abb1fb693f34877bf1327e",1178907821.69363
"3279efb86571efde18eeebef",558533201.267506
"afca7b219d52b22522abd00c",628759247.644975
"7712f963ee37e91abb7342e7",605776026.593409
"2a2f455525c8e0bd709db91a",825081304.910002
"833ded72a8cc9c0d606a7a74",761967237.878013
"f3bf0be37be6292ba0a8736b",1194450605.36957
"c06c8b6425e3a7c2d7481e42",459121426.391048
"27d4f17375f76219b446c092",408197948.797099
"9b7de95ec90da0dc8cff7011",714808168.58392
"8fdc9f203c3de5d486de7ba0",432974817.860022
"ebf2d540aff82f1aadf95f9b",624447638.181392
"51c48d17e774d6cd84f4c355",557660221.861634
"5c1d1ee26cbde5b766cb4ca1",815945127.976819
"2d26b8360f1da9a677670fcd",749812919.846825
"ce1b06502cb0c5d9846cff9a",439126601.434394
"3186cd0a3125adf3b25587aa",852906358.644912
"f839de5370a225ff993f5b2e",638161585.979366
"2900dcf3f944a7fcb33aff36",554909514.400785
"3f54091296f773f5a1bb240b",1026388693.77953
"499f6f4997474415f0bd596f",1045261414.55511
"110539d2ac34e5180e3fd95b",746390462.028535
"dccbc668caff517f649cadbb",1014507853.13979
"823c9c7abf2d00140766a2bb",1170421889.45383
"94af5eccfe170cbe7d428184",643399296.54821
"dd21457e18f07d7a927c0104",520761729.954843
"5219cb469fff40cd9606bad9",422423393.419818
"5a83bd697db5076016c0671e",469541565.750536
"2a1edfd6cf74573521ed74a1",514847211.182285
"40aad45bb7a980c9c5e1884e",831412448.097656
"a315b497dd8e80464bf0480b",765276537.675313
"7095d576a0b963eb340d8fdf",586709265.692979
"9d6288cfead77d622f5f5b95",953650119.118755
"4caf356c110a50c6c94f3eab",953052722.04444
"23101b0002252f3d4b3e1d5e",993851262.939155
"8d1f7b0cfde7e496e7bfe972",790327626.072513
"28e572584fea1555e2a517ed",608367192.362345
"6666ab486afcbc162fb560c6",1095918115.59958
"b0978c973ec3291e950185c1",1061666267.67361
"d6cfd3ddca2a59f0b6999d77",760144056.392845
"a77f5c03a98636d90f50e11a",1126005715.77871
"e6387696767d20cfa4918ca9",662519347.371719
"1dc0fe5bcea9d08874871326",431005520.636373
"ccdf0abddccb1a670f31c2f2",753591584.568262
"3ba769d65f02217656e0f5b5",867686668.830352
"628b3b56449724e7d945351b",694408797.794894
"b47713520859d58efa95bb06",1104859188.25804
"e6c6625db90e519f9dcf1b23",449757380.814043
"3e1a1b2a518d3ca2fe3950b4",602736911.261416
"24849579dc9ba7fef1b24396",606293732.65903
"6103571d9525ded3c09668c6",438628568.338621
"a678e89692df9b14da9f19b2",484576204.228341
"47bed52dee0d311ae0016b08",639876809.324898
"36c0d26b83e575a500a6c30c",580259890.251673
"34447730b60ad12f4775894d",1118185244.16602
"aec1778ae3b5e60cac280b79",973893832.49475
"d95f38f5d1293c74ac52e823",1118185244.16602
"5dedb7b64b6ad0b514de2bfb",828326846.061515
"60c71a98253b5550d773a529",662519347.371719
"099ee1a7c91105ef46b5e7e8",673327042.800274
"b56533bb19eefcb244e69470",1098348553.23903
"62f46b8989bee43db86ff589",426981638.431522
"4d485ae48974213b1594c905",1045046035.44394
"c627c6287efaeb6fd9049312",541341979.645345
"976945e68af6a66f6fb0850d",566108095.874509
"93e443a5b3864d52765e6484",1009183711.10422
"6ef9ce7a53ba3bd892e21f1b",636292798.495765
"6f3041147f930cd6cd4fae05",526978145.265036
"3917b95a3d05a5e58c117f68",506455538.061373
"d61ccfd4239026feb484cc93",413519537.396269
"b443781523fa0b5be4ad7739",1000079522.6064
"6f0fcd78c473e4e04fd411c8",729272623.620139
"7f134c92e20aa9c6f084edc1",563768268.310693
"75075631f0fd84fb0ff49417",750055985.281424
"eae4243c274735d616c6b9bb",1228839793.92183
"25d233d2779009affadf5e91",690874801.731582
"1990717d8c7aa8e732bb1165",805391538.208263
"71b99de83d83dd970b00f07f",1096000777.63873
"243ab5db6e47f3536d04d312",726914430.587537
"61cb98125f43429f7f93c898",784237616.32637
"6ed772640e5a311cbfd17c31",542976076.037118
"d9f0b4c92bdc9476f50638ed",469491400.830245
"796eb5ae3ca5b63c9fbb240a",962631593.507131
"e6f3eee9f5048005f24f0943",949762116.357941
"291ff191bb029742387a72a3",947637771.950179
"829bde7f8716daf76f65ffab",771927291.140747
"110a2f124bad0f9381edce7d",815086597.926661
"76b719681617ff7f28d33df3",945414950.09102
"eaa6d58e226904e9993b3493",499642627.632031
"af3e3a83257eb507b96b2a1f",1022813882.59873
"43969367322e86c68b51c2fa",419733871.690546
"50fe589dea73e764b7735938",394757222.280874
"13c9960a03a1c446aa5515cd",606826460.635598
"e7834f52ebad3d3cd00d069b",608747048.995951
"fae37ecd6046e53ea121b1c6",623910876.531258
"8a0d2f8860a90322d6c3b61f",602886417.014161
"008c7a02d158f3b17ee8e015",548773582.088652
"3ea6e8da2cb0bf83872dfd8c",673116552.811396
"9b184e58842bcb14dd42103b",562141564.575416
"43eeb2567c61bfbb059fcd4e",657553537.781753
"ac7f6087e19c2d3502368fac",566236588.651531
"73494d52196ef9838b1be34a",921793603.260368
"112d996c4c0662bd13af3ea0",887927378.039914
"8c3a02c9ca043cf0f322ba84",719189402.289246
"a757ba01a02acbdee50462b6",963138320.696536
"64e3401f22d18b573ff0504a",729427145.915607
"acd7394afcee30e084844c63",719367815.262274
"35255f80583ffbd504250554",844004876.288348
"370a0d0da794efd58cab251d",897343683.381349
"cdb5f8327360c750469cee74",811178527.947237
"dbffe8f46b3d9da2e57c97fc",927730188.078007
"25b1ada57fd1e5c88d939c71",933861070.644795
"05f79195e285c126125d258c",837010969.959675
"62c017eac96743cfbb61e86b",724937706.653724
"3ca7f183cc0b303e5d455309",1019472512.35928
"a3dbd504524f980ac5325150",1122138350.49596
"5703df84eef7ca9bec5bde45",989845426.813891
"513aa9c91c245ee4be31507c",800349907.480685
"d41d07d1aa700278cb81ff30",810736488.992514
"207e39d9cc4402edd48864d5",630921290.073033
"7134b03f54b10f282ac34fcd",991066286.211366
"6d860c215908949c4ba1c536",420072758.442606
"f35f884365b1bf6fb303d7b5",478006185.804602
"4f480aae78aa068901ee9468",513629794.618314
"39a12600317b58457f68b5b8",410030923.153564
"5f0c7a6b4f46203648a0bacc",475176434.520228
"d01f6c0b2b338289e9fe3768",415054511.403912
"613ad83abcebf6598f0079ab",701676561.776515
"effc32659ff9bf30faffb3db",674954388.514867
"73fbb3e6b22b957ba6b7557c",646329106.917446
"6c8c5e22025ca4f450a428c3",544264608.442537
"d6e333e793f75c2ab34fb127",478951795.499993
"b82e52830b51e823ac7187fe",420543970.530754
"35ed4187f732a1ea68dce712",862513439.845652
"0c5067ff99e15fcf99792cbf",862513439.845652
"0ad01fb039a198262ec59b72",759594738.880908
"906014f0ee3f3f4f0576d4da",421666350.350494
"13477d8ef90576ca84258984",435761379.144704
"3083a7ab1deb092f7aca6a54",608320273.892006
"a92ae34df90cbf8af7695ed0",834218778.742366
"82d22ca21e31222068e1ecba",795974423.822304
"11727589f7c66554e9114407",804715582.347801
"9982169d6f3e9ca61dacfed5",953569087.176933
"2de0ad9bf15232d6056285fe",766205873.546318
"eb6e6060b78676d13d6bda48",789541294.751045
"6f37300b1fefaaf746f53907",789964698.922323
"7698775967b96e3e7bf66e6c",812310024.457575
"863e5cf88a808b8ca96907ff",806498560.506579
"77b5c9a5f534a5b80cc16d09",858480109.13149
"ade0c9cf1f9106e342c69bd1",879238597.894859
"6fb45859693c703fd9c812c8",594789494.51627
"45badd183bb1a4c630174f3a",529336077.286516
"f66bad2cd4b09ac29f540f63",764475221.880658
"fa3017d74586eb4c3b5b7db9",775620043.86995
"f09bb33b65b5ebb8fffc3a21",1137697791.3535
"600dc823c42aa64f60fc3ab9",608508775.685263
"c1d9119fa7ae7d44362f18ce",1093895441.61424
"a1305fd943ae63715529209e",951128993.923883
"8d81b4681ad0055c274e7da4",651339137.057829
"cbb10e7618b1385cf922e815",1237459033.0643
"b09111ea69c4be8ae120ddc3",863659354.889829
"099f07f9ec4ff6d835337f86",679587445.659059
"c70f6bd5ca138bacfdf8b5cf",1011325802.88656
"a6c86ab7381f6c43fdd61a01",587394516.874773
"58c2b87098ad454b1fadb13a",782776000.008233
"6afff7782d129021eebee968",767110310.829293
"ad92f3ea52673dee0a56902a",943732722.050891
"3e040e87b89a043564f0d0a2",872157711.990987
"49d020d2056717c2108b0927",701194970.76113
"a4ca465294c114b1065bfead",891565904.243266
"ca9520c7b8432b0521b2e8dc",449916165.29719
"4d20f253940a4492b4f6a9f0",585725657.804743
"09b61cf8ff3ff09ac892d073",451105857.227588
"86e81141e429bd81d7f0e73d",700034463.670924
"b9826d7a6132b16df1bf58e1",553751214.044811
"a90c60e05e29b77963a11246",555014785.133727
"6e9984a3c3daf63fce5cd3d6",818287095.29287
"a9eafeeab4ba51d3644f4052",443293140.17149
"f74eed3a7dad1bd8d92854d0",770096173.434634
"5b377636fe30946fff973f3d",852311615.323357
"5bf6c1862c0bc967da2cc484",954596141.380832
"cd5111edd2fe80f56db29531",810641555.643666
"c76c4695ed005277a59451f4",745658666.657714
"7dab6cd1002a8521e5825bcc",703939412.085089
"5b57258272dfd1babb29e7fb",638439885.432325
"f68b7dfd0579838324895097",1056218134.6513
"812646c7de863919cae5edff",909481916.403067
"0da10eb6093728074b34fb75",997706678.034289
"c64346c8b0ba32a55292e66a",1071304053.04762
"ad6317cbcbb8bc27b0774fca",1111442437.43194
"9f43c80d2fa31a09592b030b",829085178.847323
"5b84f5de073000ad4d4b1a04",1288753817.0302
"d94d18cbc812d560c1e38ffb",1118119737.45832
"ab3110b5dc8ce81471f69c16",1168247844.41053
"138a1990291ba31024455eb3",1099547854.25177
"646bb3de5a1cfe4bfb7a7ea7",1134982721.59807
"d8fde541f142e6a7f0b28099",721800461.73597
"ef61986cca74fe8585b1b287",470961961.27055
"e1d8eacecd35515eb19f9135",1237605191.11537
"8346d64ed6211083fd420ede",515949749.196151
"4340fcb9c80733260565c24b",822343464.391418
"ff5a27ffe7de039e65170f9e",762361023.638352
"ce407c1e25333d7c7eba1b0a",626048662.878848
"f927027bc766ae6c111fb685",370951572.812767
"3f9a3edf25152433969f98e9",639394569.438413
"987476ca395533347581b2df",706141876.583435
"17d0e3208fdf10c77e95bdf4",605924216.382761
"b485036419de03f5bad01f35",749961789.238901
"d3f7847147c88352bd3b9707",783495610.629867
"aabaec5accad3f545f864a3d",624767843.989034
"400a103762ad652e81c8d3c6",848041583.392573
"acf15357c1a919b6ee78f676",1186343372.7258
"8d983b9ca65f19ff3d69985f",1153823562.07515
"b9a80a4d84eb918792324dcd",540125870.671785
"223b3c04803ae7b855f9fd10",796377047.305902
"e5c8f2d536c3f931eff2d70c",695388786.407778
"f976ec33e004b2d4d32c2eb2",491291982.383871
"cb00e44cea76a92e9c44e793",515946113.944105
"0e6dcbf136294f2a99410052",583092695.587144
"102de0a5ee4f19454b922b96",797229361.753894
"cb1c8ab11838d9f0a1197e25",1084473059.09199
"2e2f1072d8db7372b2c2419d",472705691.070445
"8c4cc779f5034e9c10b2e698",413696573.589253
"85734fd69714897264ce2214",488687202.453363
"5694c1f689779fb5ca95686f",639595526.196834
"f3bb60434cb36fcdfe218478",585859887.505277
"cf8bbd3528d3e7e2b8f50c29",800541531.586067
"7db1c8214f229d865da455cc",637263791.256104
"f3478cf008a7ad268a434ba3",625838182.233603
"5440ee15bccc4eaf827fefa8",794983990.027073
"78e85ca7c532a77700bfae6d",831902347.068867
"eb5e382e1372c4e94f467673",841581383.671956
"5a11cc89d3b01eb87535ff1b",883971712.565386
"d0f5cebc2059ca89aae30c76",559258199.21429
"883371e374936fdd74d09fe8",687633838.314567
"9ab4e5f8cf2b807603329cdd",687627604.387823
"c37c7859956931d77cd5c9a8",741359589.740921
"730804efcdd755786bf734ff",423925614.274146
"9d021f3fcbe5f82fa1c1fd94",530565095.370614
"975ea2f56001edae07f28fca",385875567.522547
"8fea95d0a70b1ea918803f58",697583776.345714
"4718488d664194a3c0c5b446",621979879.96975
"1b87ffa033dcbf4e2805dbb8",632970541.257892
"1a77ac51e03c77ad280be447",557660221.861634
"228d165257ef052ad50433c7",546897118.925002
"513a83ac5bfe27c5b813ce4d",546611941.178649
"73bde441e18a9548c034372d",743630237.7506
"26301269301b6f96862af599",661439378.683953
"7b30dbf2f6d835ea0c14b392",650253346.241511
"254de3f3fc52b8cb62141baa",613914045.688894
"f566603aacc78da47a283804",741079353.538087
"990c8d65ca11a97a1d34c5e5",657553537.781753
"a9878134c12696d8199a1ff3",632967124.298843
"58185ef7646efa724e904f5b",556307299.179267
"37d5b8f329ed1ec29d4bc035",571280636.452934
"e6f948282e81570fd03e4df2",864427499.480253
"8b801b4cc1d254d0277fba5f",686965401.90325
"33a334a16c4547b9d7842c3d",722091889.342309
"1ad9e105d9da875001111075",995306976.470035
"08ad96681afa49c74721daad",835017268.118032
"beb73d27906bea7a7d880791",1089411229.57082
"bda5b2e5a87a4905a30f3b8a",765611175.126516
"5cf70a67ec25288657d6fff4",808170446.762285
"baeb4e9d612bffb63ae3564a",935265911.501467
"1902f509aa05287ba42f546c",750158334.271796
"c0cf9517f20ae81c79ceb0ed",1048468237.14646
"2ca8b22013c529b412ad764b",800471087.760034
"b38816ece917027a179663d4",836136300.54475
"c89167e42af0d42c88e8573a",960349491.81361
"09254c66d93cbbf2675b775e",867285941.433845
"89f8ccb0c1e2136adf87a10e",965684957.335842
"cff851746578050bdfd46090",1013141948.81304
"d53ddfac67129aebbe054024",820428729.74778
"53b5ffa0cf0dd12e4eeb6a2a",1118665119.03548
"62db5fd2a4eb831d281ba8ba",1199384543.83383
"59b5fe8d4f5ae272dbaa5ba0",1116765634.02089
"3c1b7a0a306e16e8c22d78c9",855491774.12111
"5219c3cae1c92b52551a8571",1060303990.84102
"de6aef9a5e47a614b75ee576",1033156091.45391
"d168181ef0dcb853171cdbb4",916853996.585451
"6c8e27967ec63e6dec4bd6ac",1051428275.4861
"8544bc14286a51e60ffee7b0",1244057714.8194
"ed48916725be6970cd2f273a",511232706.442201
"9ff3268cd15cf039ab958413",474126335.748343
"16cc5c280124618cd5d00027",466858998.534856
"ac028c1580f6e4da4ccedf0c",540928220.024376
"673f2b913006ee8b33e75b5e",809952228.298942
"191f96722301456877893b22",630922800.026953
"a7d8e636db44cf5d3ceb67cd",795171663.91232
"1310e9cafc0b9fc21c212f73",802973670.252599
"1bbbe4e1eb264f5c69467e50",430716436.411098
"283c1142d027be336a7bfacd",398227915.654721
"4d09c2354c67243c968dbbcb",605631255.198794
"db3edc43e89840a65749cd94",630610883.036127
"0274166db611aabe4e946a83",480660757.128312
"8153b36347669087e363801f",696485094.582877
"e04473aa943812de1d662058",825888002.777862
"7742e8923a4b832e3d94f3c7",673971357.130787
"536b5a8aea016aaa90fe744a",843399736.705864
"d2c02052de9c97c531a4453f",624537573.759168
"48378a6148532f71abcc2f98",744779958.137303
"fb0dbfeedbab00cdc7eb93ee",685644903.678808
"699412bfdab1157487c81725",825925583.574847
"a63c26369cfbabfc9c2603b6",964052250.67314
"34e5602cb58501859e32dc9f",904654007.490672
"da83b03a6c9d405f55714b0c",1122998775.43335
"d938d682332fa9e5c4986024",771828095.049002
"e9e39766e2c96bc783d580a9",1284215811.31073
"fce89a9ffaba32f9f7c5895d",1185720255.95274
"2d6aaefe0f50db8acde6fd1b",1274788095.51837
"1710873f951e7f695fca3568",506561261.614517
"0ce068461fb3bf34eee000bc",529576411.342071
"b5606ddf3a4e60e2a0e0d6a8",752944620.569384
"2c2e56e3e5210c111c7de708",635012422.205376
"94118bd8c3da3f14f9c7836f",480562028.409163
"d20a5b3eb857e1f4b548066e",847728692.554806
"ad37e23456bd4d90010f7784",611261499.824775
"c5602c608080e2546dea5463",450402021.816964
"e3bd8bd5884a55fc1a151687",558320527.379833
"aa31e5995379bc38dd40b8f3",752090265.444403
"fe8a10fb4031669a9b21c919",1155835409.46861
"08eaca41f26eb387b67bf30d",1216500099.80513
"23ef4d57d130e4130205f30d",717511134.268758
"d6f1594affb8db7a865e3452",468057562.49574
"abd9cf3c36309d590e58c2a7",605888403.851643
"1c177af5bb41e26ac0135b4a",853344988.133231
"a05da8df13eb4b121d536912",573609415.270489
"5a5a581ad5540fc82cd3c2ed",610702455.126933
"b50ff8bfc0b4c4b165c5ccf7",867770536.779766
"2abbf26e80643dfc1b75edcb",839979523.054633
"ec903c33a379d8d2cc04ab36",1034219334.97056
"c062d873af3b7cb98ccbeec9",1119972445.3655
"927de0269795dbe0566a0326",969203820.550835
"ee703dca75c4dfd5d035c9a1",576477957.433454
"b8a42b02c50438c2ad7598a1",440250696.071098
"f7216fd19f41ca5ea66a9169",440250696.071098
"f487761a658a4247563faa38",651585241.729775
"caf878b42daeee3c7de336e9",739577693.574415
"29d0dd2d4b120dd54c34b13c",793468905.480379
"1cfc7d60ce613536d23b093d",765733697.575211
"c6c7409bbf52c86461aa1dd7",815090540.95761
"312ef52e0250429a5ecb3b27",959615851.719985
"48299e52748ecff3b69f7a90",602033512.709664
"a02f6ef1f148659297d46b33",747752504.656821
"67f664c8f9250a22c10b4f67",675766817.118866
"4977af03eebca1aa266289e2",644755231.227526
"39af71aaea23b5c1e987de32",478487337.706407
"d69b019e6d54faa1cb044d39",792547484.924392
"024e94e72ae88464621539eb",770947086.865083
"b980c778ecb2709696265c10",1283700344.50498
"8780134f8b40f0fec4d1b661",1163866232.41368
"107f29b67164ad6861cb7059",1161876739.29996
"c8958d280d0cf2d8a0b481f3",727331850.338687
"1f8f74ce8831d5532f330925",1041452596.1186
"7be46b6dd9891ab771fc4be4",488668991.082255
"4f4f7d2b14079ddf8754d6ad",881573733.407995
"5921ce922675f6517f8f0007",1124108526.55513
"49f0323d28ef0610248c87c0",787425833.317052
"3ef167ca6c4ac77f6968d17d",735998873.940059
"8d2f9968ec8aece8d1a20137",826343325.50041
"4bad47078442f3416b2c1ff4",444452573.596107
"5e1cc2905f7a701f895123d8",656439389.046216
"a8633d3336d097920bc8a9b3",921245828.777298
"72fe83366bf13a53937b7034",974585013.574084
"ce78e1dbbf0f7aee98e244df",783327236.535707
"11be39d287e5a8bdbecb5994",764793175.239529
"40a561bf79fa7a08155e1183",719585676.98089
"3dbafa8cd5225e261ec9b6ef",420299694.113049
"68cd88b657b59f5671f59e04",420731690.048676
"6a2ce95a8be0654f193592e5",448058290.783968
"4e613cde51f9760d3c051562",809420707.863399
"1b69d2c7fa8f802c4af1369b",736131632.670065
"f126c4b36c00d0ca11c21a2d",702116019.884628
"e6a7e6b41e6c6bbdc16e1e14",880755593.683952
"5a69ebde2e113923ddbcd18d",1016854681.28076
"72f0540aab38ebaaf9a389f6",698163966.167547
"75b5bb7b5ff8ebcc863fbdcc",1038914578.20159
"096912698fd9a59d94935478",818873256.22362
"f0ad965090221d2349e90d5c",818712618.337508
"1c224347a1445ae01184e0a2",1125397246.08509
"0ee7273686a0a92fbf48a383",1101012178.13375
"e2094d28cacad3e2a711c5ca",409256403.13303
"f50e0ea2c3831235704b8c72",492788079.703217
"1e64759f297a66524eb07b7e",720003422.730011
"7636a187e29abcbd8fad6244",472859014.229119
"9b858a70a031475e422e375f",761125180.633066
"56c2e8e14f9c6c9a9f046a08",672507724.812504
"1bd7b990be19afa5acc78bc0",599154786.812172
"8b36b7364e4a4c80a6e50bed",826399675.26642
"d348d38769937c8f350297bb",1005018117.10462
"f4350916cbddd5a544c6ae46",411037013.239715
"237bce11f35d32ff029498a3",794559036.256622
"faf92fbca9baf8cce4a00063",632323456.331454
"812c9b5407424f956d308b06",1043650163.90194
"9fd4adb5c63fba5a11661b23",519179978.737445
"168f81689afa1f055d8bf7c8",754922955.603901
"2a9bbffb1b98c49d79bae509",794789500.498802
"b95ecad591e5c69fdad8763d",525159422.656744
"dc51caa89a74da37ae644ff8",525159422.656744
"d97895a836e6ea22ff3265d8",424380143.41855
"de754bceba2d206a9cb4f116",446627171.078751
"036177aff84b1901e0f18759",560118015.96134
"8a6cb559a488d6ce1b641585",788262163.752183
"74c4f233c7f385be73168e0f",567941862.195895
"27a6f3e8f9649ccce7680f0a",725858701.275952
"711045fc099712aae3fe4d14",558262975.832098
"01e033f5bd502c4ad398ece7",608595784.808775
"a99261116e0158109b3e3bc3",408211104.293483
"2d8d64261ba659302da4a481",651701050.546804
"9adaadeeaf6a403e1c8754bf",862524778.102852
"2ab24b9c5349427998338d21",721459407.355642
"09ce36a03c52d6721bc5276b",715385126.66589
"80b37d5ebdb325edef39258f",864736550.045241
"78a080fc98669c0cd9153904",1040572854.81669
"2d14ad8ab9573c406e203ed4",743407748.402257
"145f33a8350a080231306bd1",787996673.740024
"b0aaae3a435fde30c4c02fac",1057580725.03636
"b3f5af523b5d6d938693ebfe",1043385299.18525
"25d62e6b1a1a52cd8080354f",819863025.864877
"5a06a8b33611251b62d77e72",999640439.949384
"e93a9b257ecd815c860d0b82",989726401.614842
"610f192d22864016cc2df1c9",852170077.741819
"4e665d479b3bf2e25cd463a2",770849581.830503
"343be18b0f77260f32ec05d2",487924894.710487
"33dbec39ef8c0667e4c3f039",831119299.538138
"b24fb90a2aa5d9d0c7e1541b",804364272.587258
"b56a3a017449fc4ce417009e",533475439.944377
"e0dd5e6879d824a95c3c1773",594307463.59387
"156a20e2bf9e48b9a360f9c4",527361576.942617
"d5583fa23ed97a3b9413e910",692639324.020019
"4e6f695bcd4d3c0d8497c1fd",1271776068.10229
"da7a511a5f470d99ab2bc4a6",760800771.935268
"22a6058ffe790c98a8922258",943402985.497614
"0c19c54de06d1c139df99ab0",825769810.454786
"48e687093fb26d29cda9ad6e",373717641.613062
"3ad3c519ced4b63ddbfdb0a1",397612429.815536
"0b221ebf810f632568c1e2c9",575900861.738218
"7930f32456e796e40fbf78ed",894606201.020546
"f084bfc530f4039f6631537b",744504009.882857
"f9793063f561dc76c0b49a9d",1062313116.47948
"4d2ec23fff8eb502a9d93353",1145231239.06425
"a6f570e11883e74654898d75",1074294724.32077
"cdf11b53a23fcf9b6032cc8d",841822735.760396
"6f968f62a6fa4dc255397bf7",996944331.558255
"d692ba46b098c6658799ea8f",538456793.912145
"774a4b48d34052a978b1180f",765666537.857284
"acea4c7aa1185baaf6d3b60f",628940703.604897
"07ce6f95a7719abc9a204b6d",952108090.453704
"b371665aece480b8c1602773",1062622567.47259
"5edc37d9746cbef8352f0fa4",652932399.855785
"26617e1fb3b4f0e4a70e1b0e",772190645.519533
"b1a13541b37964b8b85f4669",514075051.379802
"94213637892f5fe643cbe8ca",531370898.720571
"742acc26686d04596ba60a34",534523942.050396
"acb1d16ce30aee0a39f01f09",618835742.619601
"e0d837e6d5d74fe91d39d23c",811172134.829954
"29028322a6d692edc5ca713f",917817525.145155
"03d54a6e80d48c96a7f6a1fa",593166450.015639
"8616b310e335f539ab1109dc",947469140.590264
"6c21f6a3513869f93b32e9ec",1173358364.54783
"10084cfff54a17bcda6f19d3",996693613.060184
"169c742419c0d4335d09fb45",831057371.920727
"0f06896d7502890175cbc4a0",851097903.673447
"7d2e3464d5f2f79ac29e6c0c",536241824.099954
"de9053a55630670ee8e59c9d",748447737.92761
"8d54b9bd24cd9da341cc942a",812035930.56168
"95570bee1792641c7c12e4ef",1032404194.34602
"6d0c5546a498fafba15f2e17",420525445.063588
"ed43b0ac46067bf886457c01",786565646.954244
"8890eca19a9e1cdc9e0f0541",840598665.220618
"760a5dbccf4eb4ccc2622b77",693687967.987355
"20fe2d7fb3910ef786cff965",566463648.033531
"602abdc140c40112afc1dc98",423884399.243657
"b7f906741cae6861bd5fb922",432976807.54497
"4d45fbe5a5d39188b5eccbfe",831317361.754033
"08f74ad7f06f2c409903ddf9",653374248.351663
"7be186f4eeff5c0efd58e424",678839756.744522
"3d1a767dc286fe1cb86ed9f6",817622989.199482
"2ec9f5265334241fc594976f",753971186.130209
"d737b8b7b39e99f7d877b7ed",763566820.996872
"8fc50169e6ec98a3f4229ffd",1007170218.05476
"942133ad6b84f9d08e1d4e7d",838248614.330463
"c965b03014d21473b27072f8",833169468.866829
"f1c8da86597a427e24dcd557",862317460.299939
"8ed5e7770d03c43ed19abf42",763348821.34217
"68ea36e3f441cb6da8d36198",1165430018.2912
"c97715bec6032974060480d6",989350234.809052
"e6eb47d050702ed49ef5c49f",1087866245.94879
"5a82fa348f3b97e74cdd3a61",794354602.360576
"cd05166ab9bf3128c23fb8c7",839017180.103863
"cbe4318f63d73fea6238079b",1059045526.62678
"efcc8d268982e95fe2fdb311",1288504539.98006
"c45d7f326a2f279760d1a4ae",954468936.902263
"7c5ce0e65cb26773edc9ddef",1078477336.52731
"357fda0abf79ec95f73e3584",454411891.824926
"a1e8f0c7cfbfecfd1549b0b5",687803722.551734
"3f208f32cc24d8ce1506ed90",626095197.134296
"87ca8a2b3251a38d45730f5c",574496876.419445
"728961e03bfa6e3242f06d8a",622450595.527746
"b9f9dd0d368df912e6e0ce70",965902553.853398
"429b049255a7edf227a980a1",477817399.54068
"a6259664a05091ef92129c7c",515327179.096723
"674c915c52b27df2c06b8bd3",731898301.239493
"f8be64dc83c5923983fbb770",659536279.429093
"445fa7f5e8e9d7f12e8991d4",1004849974.58203
"0842816a5ef4f24435c8df22",960396554.576877
"40558b62d83e4362efe1fe26",371938209.490882
"bc474096496b98177e40f590",643338624.535078
"2b55989b2253416428ece917",643338624.535078
"7158e3a6d456211d4533e246",447399306.410084
"d4fac54e137f5d27ce5f457a",767496912.786826
"faee80ca0efce20e731823bb",912287675.521507
"8ec09555f5a47f96a8683699",1116031174.85209
"2d7a48a6b9fff20ded24f86d",416112101.687254
"514b09016ef85b9ddc4fafb2",751156524.843985
"a1c975ab16effc6f97935e16",823230331.472251
"e803e3806630c6579f004610",787080272.709461
"26526235b34fa5b7349df00a",403742647.115753
"ba762cf12cc038e5c43bc6f5",719817513.570994
"45aa335dae223bccb31ff7cc",800599372.254409
"1dd3d7e197075859c1ff5b23",975223390.99059
"2db9b3463f85dfa87347d6e3",1110266795.8378
"f72cc14d79ce15491a96ddfe",1127091267.86273
"4e25bad08182b79f5ba9639b",1088444771.30247
"e724a1db86d8d0c6334041b6",550918587.91274
"8fa53bd51f5d54be50b3fa29",414359209.363172
"fb7048ba61e9e6b1de829bdf",634611845.194586
"4bf70f19da0bddec9241d310",590188613.534226
"13c7f3592bd432c7cd0a42ab",749272873.398599
"cb64b363295d36b9b0fde3cc",585128368.970657
"bdc17ea3f30318b11df30508",825809969.136077
"cb7f62ac4c1afbb4256601f0",586070726.151528
"5d6c275d9d3326e738c875c8",876067315.398544
"9865836c04a9582688f50496",442702279.136122
"55a615b65a28b64d46ec63e4",482611351.731862
"dcc9e2c9c1151bd9f93f44b8",688509307.826035
"1a2c0e46bc18bf3224450064",647638286.521863
"3de8187003cbf6c4813bee45",430132054.862357
"d62663a447beaec69808f85a",423444914.036322
"1ae17f134221d5d9ee69ebd9",683243130.437299
"35e55d060b1c4239a85c0ebb",406841031.317506
"45917f1bac415feac7e41124",464716043.883051
"ed44705c17c414af8442b6ae",649782049.119756
"6f01f2c67343ebb8ec717a5b",695837125.934936
"8f2218126da9580268661c70",1098652094.39835
"5b36bc6e78872d2ca6d3d1f9",621584403.286924
"c5c7631ddb5b485d0e992f7b",594593471.974493
"43c88f1874dc7f91c899df36",1018519794.66023
"dc544c90e6ee38346a6002bd",829057901.635377
"02990998f3621fc5a3d0ee63",486103415.137202
"dbab5ea45ae910567c97fbb0",874176076.030717
"bbf80c409ab3a6784028eb6f",413481690.099349
"40e56beaf4a7f28f8108b132",413481690.099349
"e857db57a89e165eade00770",466387207.98441
"41fc4ca2b3f48508d840bbb1",475818035.064821
"08c1db1e620e975c4d476b2c",426431371.830074
"8a1d93bbc83f4728657317d1",664531982.239076
"6be0ddd4180b5eb92908da05",425983398.451703
"ff1498465e4db86f4f652e87",450343000.561937
"6410d336f6e61c4a81403c61",695446240.978387
"169cdb07bd175b4325fd28fb",414173493.13793
"546b56fbf616a6dfd1ad9d88",984331338.323317
"666af58bb684c2d8e7574e86",733649308.654571
"9fe75dbfd537f9ebc6653f18",830855984.441658
"ef961c130fa3b9015b103154",1053102954.09417
"035ea0f13f2ca01c902d5388",690145584.008862
"7800f742ee14c4b4142f8b58",680740097.699218
"0c621256c4d7ca81045fcde2",750711823.079907
"50db9d168354ea3d75a03a6f",864481024.245887
"7bcd1fe7a140b6eeb4df2aae",627676280.440301
"49a4cebdb22fc2d72bd1aa78",483848917.088432
"69ae1f2868fe714ad8e2f114",348792762.968928
"ca4f4a66d83f2043a7dca261",357561208.933961
"c0ef32a7a294e5891505bf35",357561208.933961
"5ad6f4091b77715b7f74587c",832356196.496849
"331e915e2a66fb70380282d6",538526313.306173
"3a00543fb00cbc044a5b3527",383958697.775256
"81df59c6d8be19568d16ea3e",376637197.39853
"88a4da0d72977b0c56b31061",719951477.031407
"3ff9e75c6de41de517d1c4a4",382276926.992632
"147f80fbae69dd577ff19950",672235362.347589
"78beee9b7fab8600d420fd27",510255611.261103
"c3733b88ebafc0a05f5bdc99",483777859.540631
"568509a7aba60f8fe2d0cd5a",561254103.811447
"f6d3f7e963c9aa1783b3adab",757839662.85083
"ffcf6794a400aba909383b41",1014608605.12268
"fa0aa00078cc178de0cc7d96",755535839.474256
"eec51f949083f39691e37e15",939787309.554438
"26f3d5bc3adcd1396747a414",1180443872.6639
"cb9e058f82b10cf80990beea",823993512.219311
"22a0f3315f7600e5120db131",469854201.505482
"bf6845aac15fde9b89a7208b",706020873.009027
"6e3cbbbd3f4d0578144cf021",575784849.096548
"98a0289e513d5ba036b24252",436508495.855818
"597d3f78e2f413acabf825c0",442852766.624653
"43a91a731e86b9a0784f717d",715433337.34466
"f34ff57e272cd08056e6a243",706957623.85414
"6f68b289516faa0b7ef36a34",428282204.105558
"8bd8a7e19b6d3b8bcabb84d9",467631611.760703
"74b64bd536ebbcd7c30ef8fd",991331589.036178
"f968e756cbe6504fa0f32458",1044961668.73167
"e99d9dcb9880cbfd219b4297",882356678.424265
"4c9e6812520f4aea4ce435ae",962327389.237081
"78419be95416d2991ade8be1",496561139.963174
"d417ff438d2a418b1f9e50b6",583451329.186207
"3ac77ed776aa4630c7293240",865713626.713789
"95173735a8f6e554f083c065",1034614560.47328
"83da39bc1a2eeb75e2825c22",662824999.027307
"4bf89c9e50c5417ed669c481",802766921.069649
"f90fd39477c8da38e33ba0fb",769635181.207093
"b45bb2d0d137de6984d4e1ec",481196710.444841
"bb812343bd6cd66e9cf9a9ba",406944702.047751
"e299f614cd8ae525fc8fd0e6",729356217.812538
"521e9326a2003c7b56fc4365",848928721.713087
"dd59ac4f6706a1399360bd14",785243453.788984
"d6c6e7f923ce2cffba8ff9df",946594911.646146
"df07a34d0ee2f78f115c45cb",1018123317.2754
"db6061f876f890071f7ed957",988633121.480427
"b31601cf48b268f3b4107564",766292521.151259
"3a9b2ef74c59e96a6b107357",448967825.693042
"d600310e19c926cda14ac923",1071803339.65068
"183f2cf1a1c7eb9700b6e72a",1287946242.39616
"42556b1bae874a5c09777873",1110801698.18401
"57c1ed738536d177d66fc52c",1287272550.53322
"26cdd114566b7cc63cd96fb8",954266266.17786
"0f679cc583a47b30ea132bbb",687556970.545168
"32ea7e13e8d9391aa9b7ab9e",398512246.038208
"0a482968c7cdf212401d72b7",824403457.609662
"85e4ee2583c51592d68ef5d9",365937732.169107
"f4ce15aaa352d707b68cf773",806479121.589033
"7d383abbb6ac49c6599ffb0c",837020318.918075
"6c67b1b0991a1d79251855c3",1168877841.91857
"9e52ce2cb6f6b7e2a152dd54",767279937.373266
"bdeed3a7395cdb9b175273a6",968234797.756418
"423ddbfe2f575e6bcb22e7b8",861091009.319754
"3247399a31df838ec5fe58c5",906081724.205383
"bd57e5cd29d935cb26006835",694568641.032607
"bf00f36c4dbb273d7ba4b7dd",554072152.424812
"48b9efef82faf72bcbdf66b2",887927378.039914
"d2526a3e39ea01f87c99d073",1040232422.32373
"651d5cd65f80c4938deb7da4",517352342.935086
"0be7803a34b11d89133beaf4",591200459.229933
"a54b0b282edbd217e9509287",830809817.82259
"550c5061428d09afa0c409f3",640904036.44673
"7538c609fdd115c9dac551f4",841567431.728122
"d7e3cdd3ac239a5c318f2e9b",1037651541.86027
"9bb193ea939c5308a738fcef",549855107.349611
"33425419e1a8e854418c5180",385081366.099788
"fedf2e30e390f5cf74b27e97",416157315.895958
"024c5c787d005adbe770b9bf",559879294.523946
"13f681a090b36edf38a4abd0",464647477.076061
"442c6bda79f63bae28674b1e",824590438.05635
"47e0c773f65485ab7c78d49f",532920066.798556
"9e30b310c820d0426f504d90",447727406.201815
"8cdfda9067e0934a8ebe0894",589608608.862626
"0a8aaa78f68d43e3b1bf6c51",748953387.696024
"1101f533fd18cae5d32c1cbe",726462667.417943
"9f6af9ac2404a8d55f24286b",600224949.129313
"75060f295e0aba8e1224f766",499435020.238135
"f0e68102ff84f49d90fe38f4",433519740.082128
"3c45bf3e3e31e7804ac91704",571127816.962026
"f908e1de4c4be0d77411a998",666674830.089146
"ca643c04044fabc6fc566d12",796788907.269337
"8aa76df8fea21a42fb6229ff",657723743.688574
"c214d2383936dafbe0652c51",884864287.31805
"993898470c6676ce46ede92d",910002675.581605
"18f6240cad6e92f9151099c5",849929472.16804
"1e63fac2629793fdcb793f1e",772326703.186639
"e0137390f0186c98f4e91263",881775769.39796
"e35f95823a486c52b0f4c2b6",562706573.9451
"ede10672118071a215ae09fc",925081968.126922
"fcf46edf6d612ff1f5ed6134",819482429.192641
"df4be33c0931aa86231b7a2e",1026935849.6965
"53fdb16ec08e794dba9a10ea",836928769.813259
"74c24c5e142e5267456b24a7",696490732.418871
"f1bc08407f40396c094e0499",980290228.779153
"496ce19c015093e97144d375",596165999.945172
"a183a1c009abf7251fd725a1",996267726.665355
"6bdd97526b1a9cf10853df1b",950259193.37067
"f083a8f187e2227696695ee1",634441965.005815
"2621e068043a5019aeed6c8c",665477366.075612
"3b43e7acfab46651b099b1ed",1145949713.49827
"6565b3281cc2d632febbb6dc",1146863436.99128
"09e47ad8508e7cfee83c6d68",1070881414.66999
"88b02e7b20ce6db956afcdd2",1142437263.06121
"bfc41facefe9428865e4c29f",1071887488.68278
"569bb17b961fbdadf7106d56",1128246629.23774
"2314e3ffc7242a429e00207c",836940392.429245
"4bc1e2cf5e5ffcbe1020df08",848003742.575358
"949c4a5382aff4750b4dff83",917646011.327049
"a63b4a22614d334b4a61ea16",997780165.200166
"734fbae84cebd50aaf71c48d",1157512693.19485
"f92935374a7ef86314223c5b",836370293.557855
"6cc8e22f11d382206273af23",994490708.251942
"701768887155444b77c4f446",373205877.155896
"13c86cdff4dd32a9f8b9adcf",822279127.956707
"8002e2cd1b70ddcae88ebc4b",1061733062.92228
"d0d77497c8a7d567f01d3afe",755006809.166362
"95a7b01cd60cd10e7364a600",685532860.377558
"d1e38d7cbd32567c874e194b",730637584.14785
"e674ba41f9657ac8f30d4f7c",867055498.414803
"6bb760d54e5b0f54d9612a8a",695667284.942356
"9e3bbcdba89c647e4ce53182",687643432.300984
"72927abf4bcd53d6907aeeda",806645557.134501
"aebaae467e5f01db3afe69ff",457820293.091505
"3ad457c8855ab8921a7974c7",976509456.34135
"1f3d3fbcb686ada1a96e01e4",465601046.369557
"0775d831f68b88ca59eb871d",1018463823.38343
"5fa3b0993cb43d3c72c30093",893930599.509923
"bef19d0084cfc9f6fa37ddd0",816134109.790429
"85a856b4d0dfb1fae861f513",734353360.435778
"07fa1ad76017843232107517",1123161356.70094
"4049086139009c35dfebb3ab",435855303.086528
"655120f80a39c19221623311",744201844.52002
"71dca93007d6ba45fa40eaad",878215852.834067
"9f41ce015f02d67e193c41f5",433489529.655663
"9017bd24d173b2fcf564b32b",1101177547.36759
"e5ef29d41082025c42f7c921",723344088.281224
"5c60d7880850970facc54bb8",1056604361.38139
"f51fce25d8376d48fbe73a43",498139792.015471
"9dc7b0a394309d8b76d0bb7c",781406862.921772
"a12ac99bf63b547fd9180a79",535780596.828973
"378d846a7af35e0c3efe53a9",1016935555.56704
"0872198056be7edd5eff220c",994483365.696929
"efddad1eec775ce61d3b7b64",907040206.4734
"70c19d59c6b9e194b6bc09fe",878272057.844909
"b0d3d98076883f346cee8d04",989327300.637362
"c7694e92a97bb66794e62fbc",522554669.909536
"7b4fcc72822460a428c19282",818125633.792753
"a6baf4631223d9b24de8b590",448989560.74376
"a6f616d63d134f14ced205d1",1064924744.68994
"50c123baa5783185ddbe29c6",798333491.932633
"24756921525595f1684929ba",659067061.548625
"caf9c761d21329c993a0bdf3",879959131.989731
"193d70ead1ff1043845e7671",639877956.599961
"62ea31859e01c2f4d4e97baa",824048350.313565
"272b5b5c28e46c6f5ad95c22",670401859.605151
"552ab0964056c1d1d1b7398c",740716407.935605
"23799891583435710f66303a",803558095.770187
"34896afec0b639648c527483",1013542192.53587
"eaf53eeb911ecbae638409e5",434309692.505003
"b1fdade0fbf0470060fc2708",590424919.793377
"8a20478528e97700dcc84abb",423440019.449572
"702525f05b47353c95b0905e",503456939.652077
"b84c837c5a1fd0f1ebc5f8a6",498793074.334959
"ee2d16316e6f4f2388494c7f",601030994.783327
"ea4af07bef4ed93e81ded95c",1062815721.42647
"1a71d0d3503f9eff28acef6f",804159016.705236
"1fe392004a09aeeaa6e8bce7",732890414.501865
"46d4b0cdc81137aa56f516df",1041878151.81548
"4d666967b74ccdf5b04e9787",378191877.011012
"fcf79745f8cd716d3ff9d27b",557153867.843433
"aa8a19a2fd3e2cfeb3b7dbd9",454025746.783563
"f055602beb49dd6040641c9a",517931350.066745
"7b1377c8d81755bb9b501064",488290502.30051
"17d0418e4a439e9de8006f5f",876709673.658407
"48f1c6e343a4724ed865533b",944010416.038071
"353207faab3dcf10feaac8ee",935180515.372144
"ff188e88378c8e2abed8119e",760406444.851823
"424b41f5e01ea2e2ccd3ca48",615021502.238709
"608cf4f46a188cf84f853c72",455932496.147542
"f9e7582dd99d36bfada56249",1043457597.07718
"d52f04fb69bed41ffb10fce8",897569346.101563
"ea84b58f733c8e491db98a52",993436607.552892
"68699eb9653684fdd3fc79b0",921550966.244237
"31f52502e89beb1b2e0dc3d3",837920517.663661
"fd41747287a480d5c4dcb56d",1102119852.92279
"b7afdbc1b57b52e6fb03accf",1191146133.43075
"48b270a493af4fa28dab9211",473385931.99215
"2a787b39e84958ca6b7001d0",708708649.512328
"e439c77c0d871996bf06bf88",830562182.252814
"91b8b9db5372a2c3a5c30c58",629956562.17837
"038272b33c075765464761e8",654153367.44853
"fe8e45caf7605fb91d6bc5f7",737506784.813862
"d354a2581dcb183c0cd70540",696206321.762799
"9421ce9f204f373a50357fce",481407211.975271
"56bd3b61805077405af098a9",573254311.759426
"0a606d19ae362a58922b172e",518081056.072059
"ededebb1a544fb3246d3e131",493624470.575197
"6b6c365359d20be719ce815a",763141100.52271
"b8b22c1afac62b05ad389dc5",538961770.201367
"3e3717eda8ec9a68c9d83027",492138142.194608
"03be8ec62dae56680beb2cf3",770006281.734692
"fe6c8cd2e792d62a4c324da5",515248788.69315
"f9c133f7a12f2b8c1b2beedc",793954056.572263
"4ec47b8100d224499ec608e8",1003405793.85824
"143ca16847cc47d4a4c01ac0",669672988.058972
"22127243f7ba3a68c3fc33bf",687853053.466937
"835eff7679889fcff6795d8a",562699366.156381
"4ed3eb724d4e57a7b35ddf5c",787917487.511744
"4d743a1250f7d91e2782708e",640206575.55478
"9f5cf735a842860e7ac753cf",714541274.949593
"e54a8b735724b2af56c7a36e",477254272.68044
"3b39471f854357b7e5d2853f",1012987110.4238
"91bd11b5a8e0c0124be78f46",385949676.595149
"6121943254877ee48716c4e1",438863193.019141
"3f4c2c98a5a6cb78d7d26327",383562349.768867
"2b6d63d6b072901effbc8e1e",745890245.397263
"7e4b240c601e37977faffeb0",745890245.397263
"ac29d71a80307cab65f29ff4",873476667.569633
"70c77552b1bb67a2a71c2ee1",1177976834.7504
"54a09a85767156b072c808c8",814566957.48705
"244210fb4bcc0a04f2cdff95",1149765427.87337
"9a2b53c1c7151a8b26a71edc",427657173.2065
"918c48a512fd6ff22fdce5d3",626903292.90905
"effe4219e6cb56e5ab70ff6b",947262570.167915
"936e6d2192f28a2b40939a4d",1012095932.50378
"ad9a1b23979f0edd2ee19f38",773808812.173418
"8a8e4996e24142eb413c0d12",1145318316.44026
"31c69cf4d197f97ac594a896",885240959.104437
"143f07eb2a8f0a9e26fc4c56",1003699565.27736
"e5fd3cdc6a19653275c7f4a8",698379647.837101
"5c7efb015b8ff7f108c99723",707580248.562603
"394718d9d069a126e13be804",786960808.644837
"56f30ea777f5493139f22384",1155647172.74855
"37d5a902f1036cf3d80c275b",688882405.487875
"3f418a8bcc7adfa87e0f67dd",767036467.88016
"051416c05445860d5b4095e6",474404025.697643
"887761f34ce0996bb05ac48a",1013103076.28921
"e02fa06a8de8a603e417d5ad",465286010.406661
"6f5929e67fb8da068b91096c",1014943480.10446
"291479f573955e063f2d8bda",954218410.798577
"e60850405ccec092b8fb5d02",790398496.73152
"464864b367e16547fe319229",752179679.418435
"4c14547b7e02e75204ca9f4a",699986100.722504
"6183257f16bce94113879745",564138372.474513
"46c34a4e5987c20eb1f5ff99",568800651.115651
"3f39b25dedb96409dc9d1947",1068771231.61491
"e7a85e64ee07971696f555f2",823254544.216628
"33043b254b9085fc82ee1f7f",394513271.961182
"bd2759d469829bb8926dbe09",790327626.072513
"affae17b6cc59bdaa30e29c2",1025387117.62881
"e611d41aaf38a58acaa0bf23",732066970.344017
"0de426088a306321990cf60e",428621019.354307
"685982808b30597cc013e2c7",519125706.199517
"4cfd1be6a93641b110fcaf67",427165335.52406
"68fb3b3cc3e5b13440eb014b",1257090600.06509
"532bf5813d7e70958f71a480",1060383928.96462
"06ee1d8f3ea326a0e3a9791d",763869231.837884
"1862e0c4d8e89fd2302ab376",1334030377.10439
"f3dea3d678d959aaf6b2849f",1345819115.45335
"2478e48a3c6bedd57c13c72c",844094869.704436
"efa36c7738fc14a11cc352eb",600699331.590115
"2f6dfe9443645d6629eeccb9",487352531.983218
"bc7e867cad6f221dc44754b2",805797996.570209
"e4f2fecf58a038d7b18f7160",1016373232.281
"a7620d5599ec354541c8af13",1279843318.54836
"484cde8e47fbf62a339c8219",596530767.350922
"5fcd9836a3ea537fe86d457d",624933480.61763
"1b288024824312c8b1681bd9",496520554.713785
"44e4574527acc86977f5bc41",620951151.930967
"8b716bc4d6d833f9bff3e729",682553267.371846
"0ab85344c5fe6ccb0edb6313",1092020199.76517
"03ad99f1799f2a20c8cc0a50",797080194.551653
"6db318f828d464be421eb572",668667042.76176
"c3e648317c360c76b94bf541",529330774.896905
"19cb65620d2330624252d01c",389675295.123693
"dba9fa9642ebc97ccd765db6",435736461.322936
"1d2467e5f991b935d676e906",424756693.855313
"4091a115125eb4a67f494620",670890959.259749
"d197410ebc0e3b9937464923",458690277.149522
"722699e593085cdd72102baf",431998913.868708
"c059affd0c19f6d4d76f37c2",566743631.191533
"855dcebac302ec5760f67121",700223078.790987
"f433278518a80c3301f26cfa",827480589.542141
"66a45b0aaf5f696d35f5cebb",609502161.323855
"0152ffa8757aaaf417e9f997",855106005.791773
"55b72f6c7163a9b0b3b0b262",446188162.330913
"c8346a875be8391145a2f9aa",414353854.281667
"11c86230e62bd2c9ba44131f",1069074836.61219
"c4b97a459e2c6d13710fa273",524286280.957522
"8bcebf3cdc54d4ec99ba0d88",545499992.176149
"ad159116d166e45b70329bd5",677748404.999537
"6f060a8ee8d6d15f46289759",586886399.672003
"ab5f089f9d2ac1bf52222ec5",528397129.306164
"f4fc2da675d6a2583054fc56",486861595.853498
"89eed91bf5148b5645408222",723712094.671984
"0761d0b7c6e319a75b06d420",522897398.176764
"ce84187750fa7aadd141b5fb",771220639.649496
"ad77298955813089bce818a2",865304555.764535
"3abe8f334f0f20f8006ca5d6",640389555.626137
"36445c32822146606f75dfdb",1042452540.64293
"f9798cc6285c9fb3ed7cb668",738600780.85918
"59dd396f70b8458772307895",754942602.729266
"83e91710343450cb0812a6e4",778335674.636923
"1e7a931100be734988955242",1179001431.89755
"bedc5ab20edc896f814c3f06",802050672.782231
"f884247fa6414f384480bf38",615744517.59193
"f34a38cdec7eb598e55fa41e",806321313.305132
"106ad411e13ea21ad68e5f59",1173748193.17388
"a87c585acf2a147e381005f5",448198319.936275
"ad755859e7b6afbc021fcf6d",941564775.917029
"8015080cf97316a08453a9fb",986872868.001322
"f56d8f5cfaca0691c6ffbe00",682247579.5522
"8ad016d414e2d2be053d7612",669238961.034945
"8b91a957eca1985938860c28",856851413.865224
"20bce83e2b75fc535a148dc8",690852884.693634
"5724ecee1b12e888d538c1fe",650145936.722287
"1e90d068f3c86c6f691649ff",859581171.400602
"0fd954262ee740999c31d407",406263726.188201
"a6d7b144058ebc326b9803bb",607382643.078158
"a81abab882910584371c7b66",503171426.334237
"9e41c4b41cbdc2553d80e362",837785117.07292
"b6fcc49ad3656cbd3f4c2ea6",779365044.832722
"9a296eb9b63ffbdf2a07cd0d",852073392.552673
"3fbc0746bd620a0baabbd859",593392589.424224
"3043d0b025fac4ed90b448e6",502412859.376232
"219555efc5b4291791143252",363365623.908074
"a00863c7c53b2c059ce22dfb",384256399.239465
"28b838c94d10823ceed62e0e",410887788.206023
"7e64ab35f5e336d5bd2e1b51",856263801.136943
"52f24ab479fad35c8bb5a8f6",569328142.385474
"0d1ef14606c58310cae371f2",438783766.803645
"a465a567a4f60ac534505bdd",1081523501.55814
"8694b149f7c0deadf820f0e4",807363177.13813
"16d6b756f5ebcacf221918b8",837843142.335385
"7d132190218425df1857b8b8",790843121.324003
"7c7a3f51a58dfd1588d7c088",405064735.988086
"64d1c45a2968b0fbf0eeacaa",831994258.367833
"4fdc382b65441412fef509ad",1033924411.69151
"04ece9352b3810031f3f9a90",818457033.603981
"8b5b351e07a26c25cf51e176",424276924.275165
"f923bfcb8cdb543c23bafd52",626683536.599066
"a15a12446d2e5993a0a6c423",703974289.75627
"ab3e1642655f7e705cb047a9",626683536.599066
"b62fc917b3e8ddd64bb81018",523684584.11252
"835842cdc8ea0a2206c2b46e",782975315.504276
"02ce5bc5d5d286a4cc0928f6",860688834.303337
"d8e51f7b40bf1887ac007163",805039041.443683
"90f320e94aa429856e37bb35",515603358.375782
"967a7676754d6f9aa3e14473",429328184.087988
"9251f3dafa0e747b6e78f295",747828974.484356
"17b5e8357e17b516d947ebe3",703104787.963277
"f943cfd29effc9c048b8e106",762176574.694697
"41719542347401b04dfbaa59",708814913.196529
"bd6ad9a9ab28aaef9b4955c8",837030380.202469
"bbff88040e5b20e874cfad9a",877560926.083454
"3d6a9a4f2336a46eb62e6a47",1072626262.20657
"493367258be5d63dc8db97d1",1072626262.20657
"67cf2149b4c214da77694088",1061412774.7045
"8d2e85825e95f6941445cace",1018474256.50611
"01afa737bcfa6b1ab530eb09",1139470555.87596
"25813f7204a2e796170c4836",494879055.169305
"3cb1773d90dc240c4ffed5c4",969203820.550835
"6c81a0b90366db9f514362b4",971550709.032233
"44c8131b88accb3b46b79ba5",416112101.687254
"ff185be4fdbe3790c72d00cb",436744289.608985
"851f50292e30b0a464c0804d",568186879.122308
"6fc2a4f29e3b896bce631ee0",468901031.932557
"cabc4fd04b60a66bdbe2cf9a",1193768610.73096
"61e9c2375626a18bc9920c5d",599440736.293405
"396c8060d9767b4debf2a54c",893569860.910506
"92ba019bd942fa33ab742924",629386011.710344
"ff71037ec8e5a91aad6f0686",446153841.164604
"d162a90b37622c1dc6550690",407889940.569277
"e1490f0730f8fdc36993027c",594544517.014593
"5a066d6bb65d28c2094051f6",832418388.655933
"9c7bcf000cb37f48d9f15422",729531881.134253
"528a6345df87dd0db33bf822",572172795.048823
"579ee47bc31f5408314bca28",594448335.73857
"eb61a13df1c8d8d0efc4db3a",416479210.795453
"b649d315ff3c97c4e8e9db73",394243912.565956
"d8dd26eb78ff22272358e302",803839465.997479
"6ae2221c504027acfb7368e8",532398704.950017
"3ce908c9b70f349158f7d04a",785351072.704017
"7cf74cbec871e465ec2f6a61",785351072.704017
"02e9b077d6cece81387fda35",652674859.151582
"865ed399cc344e0638e45128",919440519.639136
"d9ed55fb72efda67f5144330",981185127.381592
"9fdbab0b428f19e7e8dc35b0",1108269282.04915
"c061b886b7136a1b00c8ea2d",1031856297.35464
"fd0f6c0b5234ec1f6c7d1fd8",944705598.073888
"9df90c0644948ea5539939eb",924745896.517124
"547661e79bf0c62cb8de63d1",553208384.644959
"68963f5f3657cb64276e3beb",859453538.894743
"cab0a460167bb64c037cf25d",425342393.324764
"31977cd5d4c09eff149e74ea",874217565.049416
"23264fdd1059460e079e5810",560293010.658672
"4769743185eaeb0e4158e0e0",562821508.511025
"780c809c52509bb4855a4efc",569838425.326403
"f64d4e029592761bee698958",415745211.650842
"be364e85b988ef8627ece74e",395627811.89473
"c73c38b652e9418f06f89b67",414598705.091116
"213032fd36fa1a6342570158",597364387.393828
"d519a8de5fdd1a84ca1baac3",706467132.537233
"df91a494d5d244f20dab0eb0",430031976.456954
"9be92b361ffd3ea2c69be23b",710839429.18813
"cad16b2ea432d926d961109a",557415769.502944
"56b22bd973f94a4bfaaf6b33",674675303.988624
"84114798ccd01ae3dc97cb27",463731830.441446
"fe2bf1f402addaf17a213030",777412728.679364
"e01c1b69abb6a4c1c69c77d7",815945127.976819
"24671f63cd061228ec0b5b9b",437566799.329196
"f54c16df774e70d49355cf4c",450806093.689648
"5537b994e85c2688fe555d5c",636878658.603002
"1e5919cbe4373aa261d672d7",432974817.860022
"cc125d0f70d6d0819d6d90ee",557380632.616918
"51f94ebbd6d2533862a1fdbf",726506920.530126
"fe409f9ea8d18c9d9ba4d02e",429718120.4569
"753b47e2a3b9fcdf9d7fd9fa",579163616.551975
"6bdb3153f267395eefbf588c",556035144.18601
"9bde9f216ecb90814670e87f",777412728.679364
"7f5280804c59f56fba3d6201",479033071.458367
"ceaf16e097500022498950ff",403227130.593377
"aef06b27b0a080b5ee539b6b",432351597.431865
"abc668bf93ec7d1951c65cf6",429718120.4569
"56822f406646f93fb39d9e60",417618096.194781
"2690ba8b22a95cb837cb87b6",413427632.164672
"180172e4eee8ba756207b3a8",626015270.462316
"c11cd2e00942ffe56db5ae88",749812919.846825
"75a287d87aaf6ffe7b6db546",438714317.263602
"08f35bfbfe1bd663c40d9e54",695515502.429453
"c2bbdb2e5d0191071e6db37b",674742624.30407
"b129a508d1d98a1b6dd2f61f",706816110.551552
"335626f385c28e8370c207cb",517100195.494188
"898ed7299f0c7b8a99e4877b",713971585.14326
"a98022fc80dd6ff27de693f9",526238728.450453
"a59f1631e721d231eab4d146",994492044.876915
"98c9c866109bedd605ab7dbd",835281942.239513
"cc9743189c3671adbb1be49b",811178527.947237
"e22b8126863c9ca8fb04df9f",934443159.757543
"247715511199c5b680088b56",734012952.461804
"6e51ca1a9c2bba9fa0cbe5db",996603439.755643
"ba8d6800443dcf95bf9c1037",630075778.999948
"5ec6e033b9dcb454c57050c3",818472513.088068
"156ecfd8ca6004281b191db7",1234258433.90052
"edc3879a1102740f2f96227a",1049912148.02774
"c02ce25a3334860d3bad53e8",722710827.449805
"d041129f83f1f13fd7b35e4b",1002419991.68871
"6946fb4c877f35e9215ef4be",774981330.905416
"ff2897a56a0fd08996d19424",741595964.862881
"e1b64df8e809ba220c9722aa",925745267.911869
"c13263f9c8628bdef086106b",908096571.842136
"e2b8d1aba0c583984aab25bd",859290456.486008
"3786baf40b31a20f3bf3aa80",780839312.056929
"bcf12785c25f6e600eee8fc0",709265696.937937
"f85d09bb2ea40bd4b68465da",993374097.673595
"1f40dff9a973064aa4737eea",813401747.773384
"79beab95c6857412ebbbdedd",838829145.8802
"5ed8cd2cf2c6dd5b5241d6ac",922142761.819811
"ca8dacc29a57d39640e3e59c",765944715.538415
"723655990d58df33d55009b5",1028279049.00209
"79a675215fed2e293b27f43d",840378899.303761
"57999ba0ed9089739a1f4de1",863928592.546035
"00cea81b78d6007eb405d5b3",660845772.620597
"c00facb3e4cbb27c47a621db",1285017455.60727
"d1481d9d2bc9d1a3811f2faa",1028951337.94054
"26313750bd29b2c59a81b58e",893732672.967069
"2bbbe93b615c46483056bfe6",1112740230.09836
"0f8fa0a074b743c92f0fc56f",1120054208.62761
"b925f9ef733930be26417458",905186127.489314
"0183b38955437e8d0128a013",1023814880.55671
"1c9f65b631d2f2856bc97079",1021048353.67068
"c11d82cd360eae99c04009b1",1105030935.59979
"4a80ffd8e908a3291a32fb6d",1110778041.66359
"1a0134583a5854d5aa9cdb9f",838098334.861272
"5f5346deedcb7cf5dcd1e9be",799291478.468509
"f17c8b14e56a76ea84a45fd6",1011430482.18336
"b8ff548543842246ad439703",1123265202.98763
"53462704cfc47d32492b4847",950975268.765444
"25f925538316d3cdda8218c4",1133320992.55232
"ffe653c61bf13df43fa22190",491585401.89177
"228d98c82021e2325263c7d2",497537621.947128
"f32a7d08d176bf9177dbcab1",645287989.47813
"f2c86c1edac4eec6c01ec11d",667380266.938337
"06e350e3c733e5a0afb613cb",598327607.352122
"e2544529df4efb7e90afcd21",465884286.696973
"a639ec3b943cf90cb28bc1b3",596714664.602798
"a1320186028a726935bc1cc5",807378312.235641
"97337d2f347a50e0ef518516",441201437.507966
"8f619dd7fcf5e1a17af301c4",1004772555.06393
"72569ddc5828fc702b2fc773",981660815.639513
"ec674ba8cd16c2264d270901",917159432.186972
"2b05f001ed1a84425a45d0ac",615962042.435839
"0a7758f69ddd8fb27a839661",597362270.067605
"e3ec7a8fba3e1ea07a135dfc",528061805.237159
"4163b665043ed27d7bf26c00",425920967.872251
"69f7b81b70ea61f304ccd36d",755335164.353122
"ff61104cbeb37f077c565fd1",539086392.211369
"883ee78c03efdb4bdc57796b",539299911.944216
"fafaa5dcf66d22bff322c72e",478667820.278811
"eaf0f2b00b6994a9ba8c5ed0",426885062.717133
"9b1590945c0c7f7b0704d287",695244864.824962
"766d34ea891f3af53f1391ba",815819452.933021
"b8680f925773229571014e61",520220261.753471
"2fcab31c752b699af5e8ce8b",1020642323.43226
"96d14697ed6847ee757d113f",548458349.982042
"ded79c11c30167a9d8accf77",553836362.861513
"ac50dfe70b599ae93ddee4fe",772155329.776548
"3fc7a0f9c30978f24d688fb7",746755573.551722
"083f05fe52ab15e8d481ad41",965240738.613838
"075be16d8d9ed6831d139b2e",687113221.150284
"ffce0b151f293cad0a6f770f",1104757422.97315
"5997da918101ff14bddf20eb",561272136.112109
"e102f1d841d7cdb596d50624",381695535.770667
"a2c3da753f0116aa5842d4ec",750183730.887324
"43228eaa1230dc0f7f1473df",463096950.17218
"4349d6bfd5a518fcb231cb3f",805638586.22148
"c6c978051fdc655d21a370ab",591976675.511914
"f4cdf3ff86fe70fae3e59f4c",614878878.314798
"ac154aaafe98dae45bf9782e",834286358.739634
"01f6c99999c154461765f4c4",789879989.573959
"d7d30819fc6ad6e7e41453c1",890438410.305986
"383b3198861942064a63184a",429618123.856332
"3a2f110334251e97abe3583f",358214205.441733
"9b9db425b698a4931173b5a4",669182933.115052
"3b51828a1e891f3a52a4653c",636168455.776021
"c94dc49efe0a350bb522a56a",812516916.38158
"39e4765ae5c8284e1f3f618b",764369676.646023
"04b28e63fbba92daf83865ba",831719192.779675
"b9643a26731cf2a9a243ef33",1086701907.79063
"19e03fc1a7ca4b0761eb9ef3",811541662.367465
"c0224f0cee5a388014db4f55",1361883748.05067
"c4074029fba935dafd82eba8",417092930.27832
"0a8d749a2336d8f66a4f19ef",578734351.301761
"e84da6ce78339d50a72cd87d",371003460.482687
"e9830411c3092327f4e66a99",616655602.63115
"17d51fdfe8fd16185bf5feb4",697553098.192294
"f07126d58455b20f547c4380",684328639.183468
"8fe7db56d501b9c11461f62b",647727069.142342
"1ae2058fbe26f384be45df4d",588318015.587232
"e74a31e6edd4459d4e215c5a",612590167.261546
"c91945dcab0bf200c3ef321e",711302186.742329
"933018604a8d5a9020aac221",854381979.206847
"876ebdaa0bc953890e323843",648641374.784159
"4fd907c202de4f06cade3b3b",958039405.835533
"e40f616637f6187024b34086",532734094.335997
"f9038f7e24e0a29bd9f3e24d",1052225449.93427
"b27fc4e7f6042d70a7651038",802181295.681163
"e68b18b57fbc5fd6cbb477e1",658526177.317438
"326a82671272d893ce699476",958467132.719866
"d2655e69f5dbd09ddb9268e7",987962083.935429
"440cd2efd45c019c7151902d",820426191.083413
"e5099db945e4f04aa3f0bfeb",812810274.84741
"3477d85a434f66df58fbc094",868930803.541197
"56991f74ed430ed942b2d6d6",890960187.724168
"7ac1b85bd87929705b7a86ca",826374721.207718
"0e1fbbe248919eb71e53ea75",518691721.881896
"75c16273d3a593752446c27b",752834372.333752
"7e74469fe0b030254756296d",1109041881.71018
"35fca2d53ed17ea7637c528a",912558656.14282
"963cc728f3bc207a7ad74ec4",963744992.219305
"fa9dec2129f7218b4c4d4b35",868908111.710219
"1d0a6bf40e609fc74a319310",601241697.845443
"b9551c416341fb167049d4ce",781065253.869526
"89131a0af2db172538723b08",843924663.133133
"3e66557e876a876c259c40a0",468329377.669569
"078144699729ee0c46f36123",930141826.571195
"fd15189b99da46b098a949e6",661048149.518047
"d69209d7a26bd306bde5a37d",776993376.562641
"89690c80b7adcb8a8afe531a",499593433.46991
"0e0d19168609ac1d75253edc",477253023.869081
"6cd0aca2bc40d83473a39885",882421877.763161
"6ea0d50e822913d0f444d89e",831231669.716422
"39579c195f288da8d77f5ce9",821052509.216844
"bc54f5dc4e9ce267ea592813",668747706.952201
"1d43fd3f7fb4e24a0b7c9ec3",814858893.455245
"2566d8588566312ffa4fde42",885117729.84701
"8d27746cd9d2532fe9cfc408",384184550.647158
"95b822f76b4d3d6ceb0c5077",748554229.796935
"eba86391ca00fb217ed1f774",693536612.448701
"b9a0575867a59dc5dcbb9cce",462339498.423364
"0845e73ae95dbd4aec3f1f43",612394447.183924
"419a2f823e87ab67b1311bee",967661053.826555
"552217c633d2562cdcaa81bb",671360297.39241
"4fd7984773d2872e51574ffd",830949708.307836
"a87ed2154a2351cf26f0027d",946001639.268733
"a2522c9d3edb7e7a23a42b74",1008763261.46183
"357e58ef96c53f39e267b80c",1181747232.77468
"cf0ca58262feb1f8b0dc7b68",917209984.132151
"1cb79aba890b35f9d2a400f6",1287474905.4578
"d5c79ef12f43e2bc19e22fdc",849661443.921419
"776e1192349cb7cf1579056a",857875822.49069
"7de63633c7666484bd098e2b",683525041.108288
"ca1b1c17572f776fc1059691",577579292.694183
"53e94de217ec45ad576fd83b",751617249.276377
"ed5c3d2952d2575b1bb757ee",927179052.583962
"bdfa334bc331e3e547f7568f",965240738.613838
"9c6a01e3c7ef87d27185e9f3",1132960688.20306
"05d9818d3f9f2a5c358d3911",1076416687.83977
"f6c990e406b3756ee39b3b30",500211703.464982
"19ace6cdfbd8bed6e99c86d9",430707496.57663
"6a04f8684e083eb6319b5272",564245657.871727
"179bf83034539c8a391e0310",588674399.629434
"a42081eac6834da0560ea4ef",880020909.177523
"784fa9e78f7cfeca4133e8ed",905221799.854785
"978edd828fc71300e6723e06",984190022.048015
"61d6969334fc63611c810e2b",799744506.44113
"4d592a67596afbca92d26bcb",798396916.024373
"50f8068603edac10c87411ec",528777210.892956
"9965f598c5b95b3cfaac50ad",871412677.458211
"66cf83769d16a4d659edba6d",767372823.676575
"9c2c2b01934d1d519e651786",633738316.192395
"2b4913f28d07628bf2d3ed92",1122664900.37577
"9baf7967c49fa209de8dda95",808732567.678892
"7a0f887a9426270ff3c24e36",805164399.914493
"c1034173dda31d20c4efbed1",688438753.507942
"c4a3d64de5e401a86395a919",517949040.458312
"c4cef41167a5e8354a61feb4",781536495.972013
"f52226b24ca3d5b04b7cfcde",1189178468.00196
"36d5003f0b5ec7f80e89262d",1012785874.44338
"641600a4cbb13b35dc7913e8",1078102725.52693
"c31c4bd09d8cfba562ed2b41",994834224.248674
"0df96c81adcd6fbc2f7141c3",632307095.237817
"4499adb2aa3aee94d1f1a1b3",982518183.483549
"4ec06163d39f96baebe11bd3",534863205.307056
"692cc1c9949d35ae11412fd6",434914025.898362
"f1da5388b772159ec90c3210",976307581.355483
"e7ae63f81f8fad37bb9c1b32",848026587.538775
"d39797a12d9a4aaf15ac11e6",628610985.695561
"efc5412fb02ba9d8f604e493",609376973.390652
"bee2e008ee41f8a711fb8d29",628879221.233807
"80279a7533c44bbae477ea4b",795821260.770434
"edc43e57b2905405a13f8f3f",386113997.377521
"751795587d1396e0daa25783",716844789.207974
"6d90801ea8cbc12f9e2131a3",704156805.308647
"71fe067a5ae994180f530686",704156805.308647
"2e99240e23b0542f1cc75026",569187360.183418
"fd6112c82d5808311b08e29f",699494092.18573
"0ac639a7c5ec115b3df8111b",719730976.970833
"af0cfebd54f32b9b92c5fdf3",704156805.308647
"b0015b31facc48a49f1313ef",448385606.887506
"2347f69ec1ce4a3fb6989eb7",473786667.411363
"209bf65e11bd7053d9658824",727808509.370967
"41877a677d1856bf609515fe",886949944.8832
"cf60297d9d9bf1268f35ad95",900478116.796281
"a33800eaaf178e01558ee926",900767291.658339
"69e663ffb4935aecb875854c",930332932.189795
"595415e95e075b70c39d5c5d",813685103.114026
"719679261d84d6b93035143d",893448289.869952
"9f149071cf61295815e3f875",992792776.538854
"3d24d985b95a3e200a734bc2",1107704281.73903
"bbe705b86c6ed4da775b68f0",401099743.325581
"e1d875468eea7b2eecbb49c7",880755593.683952
"0802b7e10706252dab8db909",736131632.670065
"2f412384597554f3dab07985",809420707.863399
"da8b5c8a320821ab8ca00a80",783327236.535707
"0f10d20cff5664f9564bc88f",1125397246.08509
"ab8699d3c685fa834d7ccb3f",698163966.167547
"85956152686438c48c52e018",883419294.923222
"ed9c4f4e06183b15b877f077",647516602.455027
"12e32a758e15fbeefa255207",906770529.007259
"22cfdfbff44541dba9091753",809315386.780033
"314a1e163d0b77b0f384da29",408534855.60251
"23959a0f6e27c8c2b4a7f436",978284111.560978
"6ab5a87a537d2ce326c867c1",678290644.21628
"d9ebae84cb53d29bbd8a466e",396906292.23035
"9511afb73b656135daaceb43",1130752117.15723
"9231ec89e58a3daf459c5b43",1312264047.58892
"8d97cda83fc7353a86c9393a",982182935.337718
"3b380c563ed2505b7630feaa",1102193853.78144
"6e5ca223128fa2de422b4009",527782096.929799
"ee30ab004ac5270daf59758e",786834973.942687
"d6fee4f680569a54f4267215",1050729157.44714
"db3b84e5b3a9097392a57319",891345765.516132
"cef379fa831f936cad745dbc",604979778.589707
"4db8d32011163bc4fe01d02e",578219198.360169
"f842221d74340270e757fd41",972901280.93278
"f6173e36f95ad05b8e94321b",1071012677.12255
"5960f14f2a81075fa66568f8",528928635.078229
"cdeba97450c735185e486eab",826610638.140719
"f9a802cbc802d49a087cf23e",1224006011.90504
"6a9ef848f22fecb9569098c2",929367463.955264
"f3986309e4fc4cde2b5feed9",959340156.280148
"6c3435048735371c36dd3892",931200841.508849
"f019dfbfa7fbbddec988fb25",1157043024.84791
"4526cb4a2b8238dcc4e496e3",1300950902.84301
"95561bd325f60967cb6653dc",864645205.551442
"9f3e09a3461bce2fee7e1c40",1325674504.05514
"1034b1af0331daddad70f3a5",474436295.906565
"3ee9cfee7b0acd482672ed47",762158181.486391
"adb51a572f3198367e3760ef",661034458.991527
"5c802e198dc0906016741026",469222043.549128
"671603ba1f755be5d7219a01",488539807.248757
"001d77bfb387bdf0b53e9e83",790190007.300501
"fd9fda1abfcdd1066a177e14",616597791.277899
"e1e78f3432ea2dff6b69c6c0",501801248.216175
"378e6374da00b72bcd7920df",694994970.132168
"54ec4fd8f49c897c644ce83a",806405706.96344
"a67ef3a182aa268bc4d9ea14",681411191.614863
"8100a4b0288d5d9d9dc86d2f",444512182.04131
"699ac8957d9b4eb7fcfbcc40",868041129.251117
"7b35a3e9f3e67fa1974f5c25",1004581695.51041
"6e5383a7f9a68147c2788565",1029943326.03674
"fca1c40a338288036b1eb25c",1046560160.15075
"237da4784755f090c89f07be",637558470.861237
"21a7c5d6ea818dfb25077e13",778252964.15212
"0cf7dd52e117832b4698b310",830536084.833415
"677c8056695a5a539dcfa3d0",604567169.45659
"e4b85269ca413066323f66e0",1144780389.21723
"9019f1dd02ede61479b62406",474237657.695665
"958f3e102c6ecf5f6386a004",615326401.32782
"b05c741bc5013a7a6abd31d6",615326401.32782
"2c58f2cbd00035febac060e1",779979189.803964
"89d36acc5f617a6a97e02f23",697550099.131166
"2fba6801eb9a7bce7ed2c081",662602878.529817
"45ccde79aee811756030903d",797221608.587562
"5bdb5174517b8faa23df9587",1107939323.05595
"36a11817b32bc24eda6ec8eb",465601046.369557
"f1319a9332946bd68db250c2",541871034.291784
"39f70d6b68b22668a0631f37",552830080.023229
"3958d0cb732f3d623764be54",515199510.252238
"f67028acda5ecaa4c8781ba6",634317398.69669
"76f50ce5f30cb96d48a69357",492138142.194608
"9e5efd4741a57b9af54e9265",641608891.859654
"8c45ac143f5cc43e9249c17b",872030367.551213
"2a66eb4d2a205bc4474c0afa",779622851.970774
"85cf1ee98e1a85ff4619e27c",807850188.714284
"84c2ab0573d3cbffa0be90f4",881249521.868022
"48976c41de22ddaea3f8c296",574590131.427189
"001c03f6103d35389825b62e",764849890.537794
"ceab390b6906d5cbe65fc402",687317694.312788
"79f989fd66108a2c38a9764e",764561705.179173
"cc385eff95aa00310eb22111",748589047.683694
"ed764bed1d05cb1e9a4e67f8",1037006147.54791
"857c5dae475eadef41c25603",987623500.192569
"7148b0d9e2e1e92d41633230",676225718.531248
"7f3e02524981fc7e40eccfdc",396620189.364877
"ccc625df8f51248e3dc93214",438550738.606942
"b38776cf09ec8e90fceeec84",471768201.454782
"48ebc3d79e01061c926066ba",394093434.035248
"9580bf8358095abb15a10c36",357323294.410483
"d26d35e33a0cf88f735a9322",503692286.895536
"b4c2a0a1a63d35a9a08a6e15",718593682.753747
"1bf1913f806bd4b461233551",400572505.977625
"34d1394dbb483e55d1cc2da5",422306533.754655
"7bef2da7f3c160e94fe91ead",376493015.22718
"528014ff6b7cdbfc174f4fcb",598292123.982515
"bf1dae54bab00fcd3e8c9ce2",522879459.04645
"f270dfd9ef449a02b6d7ae2e",603113916.084405
"31d6f089626c4fd08536fac0",524097315.931304
"259f4f7fd5d851be70d63633",429127083.760969
"6b74ef5c8ab1df614bfba866",853349705.468747
"7ee7fba3a30e0e7c2ed3043c",641833690.972418
"b24bd44eefc3ccf053939dfd",636311342.270355
"0545fc14aece3f37864ced2d",731708814.533152
"e07eb36210e90ef0419fa0d0",915681314.515284
"3991b04509fa61b36a8f7d2a",836183416.7568
"387af5fb4b4a7f5c3fdcce57",768751233.235156
"6852e8bbadc1a9f4fbcd695d",851785763.855157
"8c3373f9c0372b87ef021512",1053332324.44906
"6123a0dd128e45216f832e3d",965938827.642823
"0913364c688d7375d0f7af5d",429797721.464279
"8831ae77efac99a6c58ce05d",893476402.599722
"b6283a5714e0b977110318ea",539565506.12727
"d2d8f5356f77507f8839280c",998608404.317085
"f36bb15462fb29f80b127458",1118120338.4855
"7abf9cd6b26e2e2bb6d91e5c",910917449.090242
"1a5f6f7e8b7af9d48644f1e0",697865927.228734
"8e2a5f8431996ae0db65d0be",858051517.787247
"29535d858fa3a11792697820",1058738656.10143
"8e4df02eee6cab9bd1011987",661350843.227798
"5a4039f0ca12767138ae585f",546539345.582132
"d84248b3ce8ff6f5fa480a83",536032004.979915
"5838e86b74020a5bead56161",415997239.803338
"02091877f01c926c350b013b",480951110.054423
"df298574e35dda90fb568023",409103037.899728
"d8b83253855448caa81f7780",544507142.671222
"1163ab2c0bc8c998e121b922",474617670.123901
"14f9ab54432e5f54a50be4a5",449652472.827133
"f4e0fa1172c1d4b70b6c4d73",474747481.308471
"4345863fe83682f6091d8a77",482111063.50988
"6c5bbbfa3a1515e5cdec9ae1",660851761.239194
"742da63af109164c21dd57af",608499081.028705
"fdc28a68bf8a5bc86288b4c7",812959119.929213
"0f4b077de4ba5f5db6fb0065",592741531.205384
"320ff6c0320674fd278f6fc7",551133703.655432
"6acf9cef08906fe569c38572",830771087.05248
"853febf898a1dba351d6f917",637353052.219628
"8ae41ff6a828f175a9f628b2",574043942.579954
"56ae6108c1b53c649da2f6ba",548003081.975421
"aa990d4e5f1a0fc4f0bb29aa",765959471.055546
"cb8b826e929f4f8a8e3687bd",606126177.225179
"b85a7389bab2e651f05369da",419964029.830045
"1fe929afafa91bee53df4e86",548142241.767007
"02e89c055b7692dab024defc",526850752.829191
"66bc6e56bcac9bfc4a7341d8",777315040.887349
"63cee15dc4a6808616a2c2e6",587128607.134653
"9a889078a0225c013570609f",554741972.754797
"3548fa5ad26ba2ea999380a0",553376319.707483
"d9d8aeafa748f8f1ff2fca22",806073411.870466
"9e2c21d635fc25f7790cafa9",532720825.192438
"f99adfe85d32b0a66f4d483a",646521291.515402
"eb64fd330053a41ce5be4a7e",560988065.425194
"ea8d704272b2cd066a7e7867",798504667.038957
"e7c92ef9784a92c8b7fca693",945283681.155721
"a9b83e18ae78d307d1b39b15",770570429.110286
"ab8d6823d905f1f0ccf4a75c",1026136100.51028
"8447ca83d928dc34c2e7f9fa",565258595.034925
"5bd24b842a67601630036d0c",762450711.649537
"38d5b9319bc16bae99fe73b9",793212568.433652
"e1558509b120809eface5b87",759426144.831294
"4b8d7217da1b1f225f254914",754974983.197465
"09e0c3a1b90d46c361007323",560988065.425194
"d090a9e520ef74848bb060a6",681583569.614669
"07284e4caec09fbbb16adf2f",1150235764.48705
"f8bb20be599b79cbe29f36cb",1072697841.67234
"07dd30f04c5953f325df9aad",854115183.064705
"622872d345b4b0d9c1b9302f",880459511.758406
"fc9151dd6f8850502c747bab",658455595.68226
"0fdd03a2dfb18e323d96f468",1017745081.44523
"ad7cfe29b56c915dd016897c",596820099.315381
"f40a182d82c489f55c64ab7b",865693223.009427
"fb06aae0e711d628b16eb910",880332214.943899
"7dabee85f750266dce02399e",890753902.040205
"ebcab2f8506c64a461591d1c",653529743.82679
"340f96c7de105aec5b7a28b9",852563161.829549
"be1c6023731fb633c4f41f96",482536529.236915
"d6b051fbaa13e3d92a798521",999827589.617483
"bd04c8b6b5e381cd5f881379",465403015.956404
"2ca47f5c36ea5d1cf00dbd2f",437262406.791106
"3f2c18ea5d8e9a25adca4c42",815153492.697112
"5bd59dbebb0d6fa71efa4c66",572951936.471192
"bdac2f1c4b306a7742f60ab9",819285142.192701
"a0e26a9d56cfb3b7228e5d75",685766426.506709
"933740e21e9b61721b2c6053",790529001.577522
"a3b9c1a3b81f17e6b22b6152",552539932.745744
"445e241d8bfaceb149609d6a",470796877.860502
"937f0b37f566f65a1871615d",622005022.019814
"9a76a405640f670c6355630a",624317770.286898
"7a0f351e8562fb7aafe6e714",486454729.265072
"4c5b79f3656501fce2e2178d",484726942.583424
"201053b106a0b89a0a47e2cc",765489657.74961
"724a5f9542f86cc43334d3e6",428580588.88526
"afaadd87a196e04b934e0b1a",437445775.811315
"a46cfad2458ac7ca4134818c",543550364.938192
"f640eb21bdbb9369acc4e863",517499423.264078
"8b3350aaa66b9fa1c682c15d",728432737.572992
"1340b0805cb34eb9a982190f",558355181.597424
"055d5ab6b22d4d0ac325fe73",662995942.617589
"faed63c1287896e97987c4c9",773840061.485707
"a094be8af52cf76977fa5083",849421839.744075
"feb3384733ed8feeedf9ce8b",849421839.744075
"eec4d59429b1d1bb75b4d686",651287476.505929
"3e9754a961d2cf348c9ff7af",747328064.383627
"8f8a92abd28c8990534e847d",859898626.335854
"256491790d0a2d5e1ebdc2e2",497602460.010627
"ede7995bc4e7e672fda4fa5a",949100393.80242
"9e8a11484838eed1f4673a32",773574599.706382
"8aad5795547ade3c804c0ef0",814199525.464091
"4ec4683fcf928d9fb33eb7b9",759655756.607534
"ee18825bcf4065d29287b54e",1039365978.43099
"485cd615660dda11586f797c",764373237.48065
"8b450ea6c21fe0b5157529a4",882078516.647802
"0d45e78397d4bc0d363be47e",644110697.234088
"bfa4cb65827c4ebb91478e53",984441930.664659
"deb2c93acfaf6994bb3c0608",745159396.503724
"571e1a8c252cd67ee0475974",764357232.155473
"04e337d3c692f3429d47aef4",786895900.761701
"cd2913f013727119158b98c0",1036077674.25287
"ba63594585c484bbd20ed3a1",732591930.571604
"beb7b99cf12926d8714d1c5d",886934382.064529
"0fbc9e52ccf1b7ea8136cbbe",926179022.136204
"f36031f3a3f77a3fcad337aa",762118189.653192
"7738f18d533d0f0379e3a06d",1005753147.45776
"20c3cc21b44eb37d0b359c1a",1021029908.38838
"78257e76c16db549022fbf2c",1034344832.83655
"4baceaad0b0081bdaa37473c",1051661525.56076
"6bbf67d88846e94a63014eee",1083286697.752
"edb259013ceb62ad9b23eee3",1111873843.15139
"ecfe155a407ad2c2f74522e8",926486631.642704
"6906a20be4962df7725dda7c",1189403136.72696
"5d86b884df3627d93f206952",1054483406.37977
"cac3eb4606346268cea48e32",1131689995.8748
"e7439820086f8d1cb13d7c9b",681751140.624299
"b940561f2d48444e139eaf71",421074390.601889
"4433060d0fa95ae1382f2de1",435109106.616588
"27dd503d4fbf4d5f5d850d4d",715508813.901302
"42a73bad238f2d3f5e376044",726926968.101945
"2b53b13cd912f353cf9c4757",812742172.971354
"4cb59b46927df31150830d5e",508686403.236597
"2f3d01cbf0ee0b985386418d",501659962.009947
"d12e6de49fcca906c3586994",505332428.723955
"8f541a839df1ae79d563427f",478077952.268137
"ae5ff2b5eb4f9ac44fef666c",522879535.539932
"ca77a424800783bb9c5c0450",744907174.202139
"c0ec1e7ae2c6c3c2f2ae34b8",550848404.155094
"2372f7c0499de8aa2e5ffa06",835696045.02477
"46de3fbec5bc6c0e256e7751",612370405.093495
"4d8b338266822739bc9c8fc9",879464184.402076
"86d46a3fd9d7bbcac3319829",755303789.846668
"b13fce1462ed87e57ddec917",846074547.722432
"625caf4f4f56f3f6bfd3f786",388425961.482282
"2214e2c62cf8d2d14f11d47c",631798142.942592
"cee8fedd5685633435d77a06",943530737.173912
"061386497cc2dede3ea70b1e",587566625.340644
"3ce50f34a7974ec17178a79f",622353772.45009
"855ce1721230ba103fc0ae84",396321339.846716
"ff3b85eb538fb9a7dd03f459",390577808.57187
"111bf82100a6fab0c9ded743",724255070.11511
"8877941794810464749ba5d5",830562182.252814
"1122a042822658cb504dc147",724255070.11511
"d7d924ec35768a3e6bd39b20",625508898.468248
"27cf45528b4266162f7c9029",574425288.533548
"916f946082d03023ffad6f2a",822137873.201091
"68181ef118970fdb1d83f030",1036512127.12454
"2f0bbbbb466fae3fe5c4f614",670520715.703518
"17c8b228fa2591e3a234d55c",484637231.006149
"e5d9afdaf318dbe749bf9950",484637231.006149
"ce2cce355f493a75ab59b242",526374658.612897
"b6825cfa2fde9b42fcf04c59",493794631.085315
"6fb3e33e16eb81331d389ad7",533531732.456201
"e29d9a401a246c00f5eb2413",656968676.298464
"fdf103976a39cc12f5effaa2",656968676.298464
"d1526bc5e5446680841a9cd7",1000963270.11686
"a96cb9d988f5dc99bf5df4ea",1000963270.11686
"760125efabf13246774a9f16",644802521.080856
"229607e2faf76efeeadcdfce",532299125.607159
"f14b11d270282b317d9cbadc",751625431.347403
"8a41638edfc5183469b6c43f",690925583.688836
"ba249dc7eae0609f20ccf234",794813390.514679
"0dfc7d77d3dca86a221fe62b",1110656277.70217
"ed7f61ea4c9095bd4aca258a",580809215.485035
"d2ce77db7cade7f2c6189002",539565506.12727
"9d18c354e8939c9f18598f22",536662812.211304
"b95689add02915dab555d9f7",1117041436.13607
"1c35d9468cdc55670d48db84",994688248.297593
"caa4aecacff2beded2e76beb",561245282.601692
"017487de3455d9f642a7fadc",796959477.304687
"8ed9c13717d2bb274a81e460",1045863040.18107
"c2eeb1cf0549df1359ef4dcb",411557662.263263
"3a413637f3108ddf7bd53bcc",568305403.349253
"145a241c80430b1e4ddebcfe",748449321.498208
"c954618c48b70cb00efb49fe",709791912.761257
"fda6cee77fbfbce6ec0eabdd",729289799.669347
"b92c9c464e23f8b987290769",545974397.564837
"d81b170177769c0121b8935a",773529934.03189
"7a832790d068e1e85182b5a5",461223219.158347
"462ced9cfb28550c160e5664",974585013.574084
"edd9a278b86b1c56e237a0f3",579577068.13485
"fe9b6a82fcc3266ddcb3e36b",921245828.777298
"fa74fbeb90bdaf8eb26f8329",818873256.22362
"a70b6661eda6ef616e19dded",449242757.481991
"cbcf4d76223673724b0f9811",544704405.598785
"ba16ae6ca55dc3c0d5480944",779604151.941132
"3c840c206546c20b3e53d4fa",786503351.435988
"c61076b24927a46ef506322c",909595789.134584
"2e797c8302fb7ada13ef2d4c",846473706.791216
"3c9e3b97db788dcd10acf0e1",625009703.203897
"28db5acb7b224d44e3d7ce80",675251530.040839
"c7aad87d39537083a5620757",776168389.447605
"099721566fdd0a32546fedbd",811260249.361259
"bc67f29c8679adf31353bec6",694858106.765485
"eb40a304997a6e66c550b704",824942925.980533
"3882da646752a82db088c614",847385104.937345
"68c319925551b9484778bb65",816720340.325749
"711b570ff195fb77229deb35",850900180.380709
"e7a2e8e1c22a52f78ffd1b19",973712315.047287
"814d93fc94b4de6d3a860bcb",570842544.451869
"817da44fa842fe304b93c199",448301239.162034
"5cb29f5aaad14b6c33813580",437445775.811315
"8a1105028a1a1b83c5080abb",376722283.296248
"82b69c38d041325a4bb2fbce",358310672.871613
"a57d01ed5a9641ad64f7f032",558355181.597424
"90186e67d802be6d12eb3696",610534936.33184
"f781bb1ed340e08b23258ceb",486628626.875277
"db05818b6de8d77c1c3fd053",437683169.774219
"f4ed8924f5d1a3e6374715aa",808091271.076696
"d792d1eec60822752c8d52f1",597102184.519026
"47a3c63f65a9794384c655dc",662995942.617589
"ebacf31727972e81d0a0d904",543010083.087562
"a759e4c03e49c419c8f0cd2d",679206653.559808
"0648a4bd7ca088f4b3834401",837670279.811941
"b25734bf3ca94e775f467e85",464731854.347339
"65a8795e7a5b88acd7a469c4",743108224.302166
"b799aa1dd2de813ccad401e8",729069302.53948
"c01440b8ff0d80e7bbad715c",642513748.64138
"a20cd5193779526b43612ebe",612528879.984763
"0cddda1c211fcdce819d5f8f",675184496.888101
"69bcce6b58fc3702580d3234",835501619.460228
"ac7c0c806b57e4942d9ead3e",689455052.677266
"aa9e131fe4e7982a374bbb84",700097741.99532
"290725d6b15062397597b954",677138598.814381
"5f0fa37b7c5cf77e0508abd2",1006819338.576
"c76f482d2a8f8db5eb79ae89",1233404690.1576
"f651cc17b051c962e4124795",809717556.73075
"250d84aac8add089061d3204",1120452536.29602
"d3f9cf66c1c05f55325b894a",1111873843.15139
"7198cf5aae5d0d5ba2e43b96",1034344832.83655
"766c7906cf0493736436fdea",1232933510.26369
"78f670c0d7a26c0323281ffa",955078259.588221
"ec0eb8d68807f52b681f138e",1032581387.99029
"446138cfd3749c0b6715b0c3",989318354.272296
"64b4837e4550ce39f2f85342",871065749.976817
"1103c663f6b5ed0309a767b2",582391116.992656
"b9a573a3f2cedd87c7dc6477",779719723.123469
"de54862f5b7b8ff345c6b297",430488599.037448
"16b3311b337c0cb9312ddba1",558355181.597424
"a1c2003dfcdce97d21f9cd15",662995942.617589
"262688a95a32f10fa070a887",540754584.743518
"8e374b19fb87640c56243088",464731854.347339
"4032d6a6a13399797a794ab7",597102184.519026
"99f1712af0fe96f67d11037b",670816889.990158
"bcc584e6a08822158e2a1454",592931727.207608
"ad14f4403926de76de2604c6",365863016.782529
"01f855427cbe3eb51b38288f",767904237.08085
"4673ef4fa28aabb0fe61043b",398212154.2275
"f4cf541f02d99ea1851b9f12",567440895.099325
"bfe19954cd4680149c682587",569195968.901802
"fed8f3bf4a2d7a426901706c",629545753.046527
"480aa7fe286f4aa31f56d4b9",764344920.477768
"1e9850a50070dd51861a5e63",767025334.391526
"e26dcf5836f5bb53553cc413",745941478.932503
"c7ac975025713f368bdb0af8",967070793.349803
"73fd5bc0aee47d89a160f5d1",861418872.44927
"5bb9dac6e0e9409e89aa6cee",857663628.149664
"9b15aa6c85804621f5c42566",1034344832.83655
"199fe72cad28e4554e359ff1",1051661525.56076
"b28ba88f3665a2f26c2f8e47",1111873843.15139
"453ef603a66a34f17ae22227",997823425.281765
"d8f4955ed4fc363d6d9ea897",966173307.869879
"f2eca7e3226f625807f7d6be",1299035439.16049
"361ccd7f37ada9c07ffcf71c",988116743.801558
"e7d1ee027da436cbaa122f48",1187965350.73233
"554ec896fe4f9d8f2e8eabe0",1138703397.0395
"ba79c72aa8bbb0517c899b59",1004209550.3435
"69dd957e78fcdd4d8e874acb",572975758.757098
"df91a3c7f364df5e6831f2de",579808604.11163
"77866048ba7b69532d0a18cc",708833557.028027
"a792bde8819aebc5b2d73a6a",811201783.229361
"6293e4a72b5c84782bcdbf78",774744216.550671
"bcee01a5d6a36f48d99a5e4b",658299064.809943
"c58b56f1202d1cdffdda3021",722656803.367635
"ed3275b560f020baeb9ce3c0",583715648.145528
"2a872557ba401f4c95e0ad2e",892408617.466505
"6b8c1c7c855656b0e56f0bb6",752733975.641827
"d6297cc548b16bff11eea51a",976949607.052587
"dadce7c7a446a6a177821b73",945098627.731777
"f5d9d8082e7652e97973e0e4",1176373513.038
"2ef9126614eeef828f797e66",1050729259.51976
"c70439fc435337f1e8fd2f5e",1144990486.32964
"79631cac54b1e71c1022da12",1299111976.46326
"6fca3b70ba2c68d9e0d2540f",399849041.350951
"5b29d453bd368190e0e356c2",644173814.574982
"25995099875f0ee622ebc31d",964767859.848335
"34bd7be0761ab3d43da7a81c",548640266.72106
"b8e15d182ac0c74fba332b8b",731168420.406669
"901e3b835718ccae27c8831b",673971357.130787
"e1c7a101e5d518583f9a2a7b",953879330.027076
"02f6ffcfcdd3dbba94dd7b33",1159775264.46241
"2162e09e137eb5f4a1f32b16",741477165.758109
"5eb815f9023e6eb97786233f",1284215811.31073
"d2ab14487e0ecf640a785277",771828095.049002
"437167a9db41b677da7d5a7d",478748638.453712
"c3f889c41c1effea85bcc706",479972295.001225
"155da5ad9ad19d57a7632cd0",732061971.495179
"43d1fb0646562c3f1dd6fefa",668797012.193053
"8eb66c4b057dd4b07b5fbca5",818368596.206237
"f9718594fa52500c16e3cd71",712864328.755595
"d9c46d54ba6df0d21ed4ca49",724516786.160732
"d3f688e0deaff6648f2925b6",420258534.425664
"093a92c6846c924f88ba8750",946397312.877696
"9b1223cd8c9d7b348d6a5c94",1108812795.74167
"8209afd76e36d8b5c4f7a991",478797516.093812
"29fd909e7cef62de53430e1a",511544256.635238
"76df3d616d8bc1de789bd83b",406371251.518654
"8aa5d44a72b2a6851d14ef86",729872794.486498
"eb4e1b72abce1d184dd4d5e4",622690974.809518
"2ba24fd47c2ef8520bccf6eb",472563730.775562
"1c9e38cd216595b33e283134",1001700734.12982
"2fc150cf6ea4141106bb8ac4",378573705.246277
"8dd46fd8ff592358e4c3e7e5",534269249.054471
"d5e001b2f1dad3962cfff9aa",760747209.518756
"6e73e42a0d2ef8d6e403112b",438774394.094191
"2537dfc786054c61eb3a80b5",683618457.140065
"19c77db46d23e0c07a06a8b2",597071587.317377
"e6424086fe1cf2a2931f4847",683618457.140065
"66526276a7e8da597683e8c9",832354675.788457
"cedd20027ebbf47baaa0dbff",832354675.788457
"ac7c323295addefb43c62acc",728034761.873755
"a8e74eb5eb523143cb291cea",918513155.342191
"ad393e9070779969b496fa72",783236601.6377
"64d9dff81c79a16579cef2f4",1047613434.56991
"ea91281d5eaf6b8f436d47f6",1047613434.56991
"06e59cc783be86bd145a56c6",979559121.80815
"7458171e4db497a4cc1365fb",794503057.641655
"12d73fb8f4ca87b19ca46231",728034761.873755
"5e935d4a03c6abc86ac5adfa",1040648117.66539
"2754b4e12a7604efe8e03f5b",1021046594.64486
"9ea7a0d65493cb5487ed2084",576940607.483153
"7845cf57552577b059dd13ae",469964415.798068
"6e710984bbf2662a9cc7bc4c",397923284.695848
"47720fb9e2586dced75db114",445183398.489448
"cbd48f3342e63a84173a8dfd",366024379.671535
"cb83c138aefeadb184d2c7e0",510696633.236229
"397d4e490eb2db8a1b18051b",470626941.361598
"4f65732875c007d3c1102140",436899760.718313
"1f8ad363a0539a6f2455c3fc",425928084.245539
"9535ab027f9f2a9a8fdc21fd",437030477.771641
"248993a27da888a6e3ffefe4",479562210.791962
"cd07b4553b6d3863a9e444e8",891383305.665485
"f53fe605b0a2857cf3facf73",767849492.039226
"ae48e30b60ec254bf0dc89ac",950130755.32641
"2a0e902f3c07cc9696000177",478873397.994159
"d57535248bb34f65ae678a39",688215233.357154
"9949cbc958bbc0114404960a",741725771.799059
"841c57617a075690ce412083",564380473.094571
"9fc4385ea76cabf741d38789",413480102.381248
"0367da7dc5374f1957a1b7f6",863650978.205711
"7703f868650a8252e954e457",746156007.04405
"4cb9319ff5adaa62386b713b",896048045.43922
"dbb30f9d010677de2aee1b71",726245758.64787
"0b54c51a787fe58bdf677658",1126445064.30214
"5234aeb6d817b8ad876e50fe",644036520.123789
"77359d0d34ba4c9d825e46ed",451778829.300198
"b84795015be5077f942f5170",426761817.339954
"75f5290d61164d42b39d9d51",437450505.925994
"b46d50c84edaa7feba938671",896048045.43922
"be8c05b72ee7867fdcb05455",1192998967.00522
"356712646865d98127b92a57",690916741.131507
"ab765acf8b87daf1673b3a97",555733784.90522
"3a2cacbd3b4f9a23514b1433",1077157148.3438
"3c6d485d7b01ddd6147746c2",647892087.967608
"054cd21c3b12f165bd520313",835268443.892441
"e114160e3ffe6a703eb42440",587019135.055761
"a38b2d75349c56ce04f02a94",849922999.508312
"71fdd2b1214b9371ef149c1c",947779323.519881
"10970057efd092c98037498d",487698816.88401
"7543d0e85e6328ebc8283d75",439595878.793716
"db1cfd89dad114c11ab2d409",956279147.651114
"760f24a443eb01721c6ffea3",810304963.227035
"a1508f30ba87423e7393b4fd",1105938242.16228
"5814dc311aa87b24e26aceb3",800046784.210338
"f26c2bb4d5787541e9c36463",796206386.79773
"cf07a5af6ee98d735bde14bd",813105886.943638
"8b716c3dca89b7caa7db1aad",765807539.684276
"df89e7dea6c313b0cc262249",445568305.860926
"3e2c1d2cba8755ffad9cff27",979959010.348016
"6771a8c70428fec0f21d51a1",773020370.850721
"d8171d498291341094daaa39",1121944891.8465
"3d43dd23536f843c2c5bd268",874863443.155364
"785dea91d94ab384bbd6ce3e",839038734.254337
"6c316d2bb84fff36bb01f14c",1285508647.9314
"08ba99aa6a8ee752209de6ae",669739134.906711
"d177236e8c725d4405025916",954772196.56158
"9a6b537a7319b3446977919d",1353035967.21223
"e2e7b03feffb21bad63eca2d",854837679.405311
"f2fa898e1bcccbdb92dd91e9",868139962.301738
"2c340ee014e39ad0fd1309d8",1233858926.04131
"7ee83e5d70855ed21455b6d5",1165943812.85768
"fdd4b5fcf9ebadf96545038c",967376023.7195
"512b4ad817c387bed877b7d1",1288464798.45406
"3ba644c7be754c21e3cc48ee",865627785.15502
"cb38dc837baf3e0531c6c115",788697472.70286
"5e931fda1e62fe41ff0f2ba2",611973418.938258
"0ce9a7d4b0682dbbca68e070",664286696.403249
"8d114cef336100a8d8c81ce1",792845095.928038
"ebc3a6574ebc530ef715ea7e",976463556.451681
"4c2b14bfeacd87b878cbcc92",676178130.513345
"577b17cb350bd2a646725b6d",1164241918.57067
"0dbe463995c605bcdffb133b",571921494.79391
"88f3f39ea06fb882c69bbd10",500180059.703623
"e54567ced41a40938b85485b",766230656.846427
"cb6d29f005078d4d4efc2d04",951185627.451188
"1d0919344e52b315441aeafb",595431301.110498
"62c39ad30e9a26d8cf3593b4",1111776672.73463
"a02bf67aecbac445a12da958",1288537487.82761
"06baade01a74972cc4a419ec",728790913.731014
"3943b64f9550a575f15d6d29",1104426826.55361
"b62d64605362afc574ea5b0b",1186427887.44138
"0ef45eb4356e2f0331ad2457",1029439293.44967
"6700ad4d4d7f70def59a5d59",733856695.321157
"19ad2fa7e170c67870ee58f7",1072062374.43081
"919c1e281329379c4d130416",1242979547.68387
"8a451ef547efb90a8fcfa6c8",1056278816.29479
"5c208e5c37aad07602f7cd7f",554412884.335334
"164fb89266e40a2530400599",420258534.425664
"5fc0f0c4fa019b6f1b2a016d",434809510.077026
"3b16ff50ec7fa717efbd62ab",699773707.382432
"30e6d4e1c53e9e81ff66df43",487698816.88401
"cdae3bf05372c13649a2adc8",439595878.793716
"170a69c11cf4f855ed015bed",916294542.830011
"e14b31f8a454e47c383cae94",585630087.055005
"14a8134a56af1b328321cad4",702879470.563631
"ea8cc21bf7d48979bcae1458",625825913.609465
"c287dbff188e95f833ab21f0",607863343.164553
"2cd0b2d7561919f0223608d5",397923284.695848
"1acc5749203f964fa8b2092a",392139442.080445
"9543c16bd5eea47111e6b266",426761817.339954
"d415dc486936995f8b3704e3",451778829.300198
"ab946dfa5b9d7214a3756978",839038734.254337
"803711fede531ad1621a6823",766230656.846427
"f83f29f28978d7dd76cf5942",676178130.513345
"4bf284e6ba81bcaa21a437fd",728790913.731014
"d8ed50fbd5ed46d36b3d2dba",560403176.239169
"b40128f5e17574a5d3da9a32",835895426.017878
"506d4cc6613a07c313a12de4",816461878.201207
"558b7d06789a1c8e488c38d2",751873246.748565
"38410183814a757520143737",763906780.301111
"560a750cb6f8683ccac4563b",1041452596.1186
"48740edcbe275bed3c82efed",815188442.317571
"50b2bb276e598c9cfdb42b0b",735998873.940059
"302adfed183564312f9e3087",967376023.7195
"063e53d45e5e7945f1f10fc2",868139962.301738
"6e2c39fbeb5392e6aee9b644",1115647625.33286
"8d6c523d4100ab0c83a31fed",1025974514.67165
"6d6aaf30227f16b2be29e79c",1105938242.16228
"e73e5e75cb18f52dd7239361",773020370.850721
"dd625806063f76dcf53582d5",1164241918.57067
"a4b16572b8bb786561baa3c9",1285508647.9314
"9446f801f30e8b2997fbd72a",1193968497.54452
"941569c4352c3a2e32c908c3",1124108526.55513
"8b4c54125d9165554e4123a3",1128177060.57169
"d50f33fe5acdaf5caf1c6ac5",422067779.872989
"46ff039321805b51870c64f2",828623019.893921
"1ac6c220eb690db798a3d4d5",713757210.499008
"faf872c4bca132b52dec368c",931031764.119357
"d92232d77f7a124e7ff13ee9",792989738.766979
"f9a136d7944cb7768b598a88",548922894.30977
"e03610db09ed7315cfcd64c9",572394836.819418
"8c51f1b43f15b70d2a294918",409531221.774198
"21d141a84af5f0e2ade9b0b8",656648931.978034
"55c7cbf5e572d2342d0d7071",774964268.322394
"54c0e5e6d368ec51f6e75c1e",955573855.09635
"434ff40bff8fad0962ec07e4",638663695.222009
"0a199d5741b5a6213b39b793",623877131.890351
"9931470b50580f51e1a4fac7",554462138.828681
"89498fdf642e770ea75be7d8",941742254.577518
"aba39002de605f9ff34bd542",862759542.303332
"0c1c0ba7d75dc4090b7183f5",940131443.770795
"2ac425aa592565b44b25cdc3",819107320.890848
"c0cdcb5f860e3a974c401861",754584873.954808
"4ec741bc6ab20515070cf1ee",774467917.203142
"3d4c48167a8de8cb0e4956f6",924321590.581436
"f5741fdd9f509d3bb02e35bc",833240462.28549
"c1d0c0846ec652774ed5474b",833271932.709925
"ed2c02ddcf0e54789d9d2675",1014423908.28932
"0e05eba6eed4e55e89dc5f14",1085313533.657
"b29e5a75740c8439aefc9321",933499252.707985
"218445f989b2da5eff4029f4",806089520.412425
"0c7da0c2613129bc322b1da5",1036456280.80518
"a41210034abe19957b317d1b",1093319820.10254
"0cb4217cde38e09571fa73ba",1163170854.80323
"9df0663317db1cf4121a222d",863628869.760346
"62be98264dbfd418ba21cfac",1069115440.6788
"939ce1536f15c0e6bf203dd4",1125899816.77411
"d9028df78f9b14a720dbaa8c",1125899816.77411
"b05f4b5fae2f2faaddb377fb",630469368.314953
"65ac61968819927b8fd9b990",582025197.590641
"1e83b53963792d7445e19d27",950519520.170063
"72eb1af691a950fbb7e8d635",460612844.309295
"94fecb92077ffe3a72aedec4",489299153.13784
"f660a48b0eb17e98dd77c0bc",586788892.169622
"27fe3fc3838695ce34c5d287",444856495.429453
"9ff4b1fc1970cd5c102cb755",1174840796.27898
"b54940561992090411749db3",500200382.541865
"d4990842f549d8139fa94c87",641670920.810511
"f6013cab49ef9188aaf87972",806073411.870466
"cc2e8713dd087d3b842d2f11",418972173.292698
"fb8aa6b6c5d2499d404f3f73",635976451.465046
"6a8b9fd89b745a52703715ab",559707955.900532
"4721d06c49413558bda1fb68",434794576.995944
"0100b3a412accebf6a3aa4b1",411286803.437374
"215e8852679b9cb6c4029ce3",533817107.021265
"0afec1b2e7060b99dbe41a10",428136714.111967
"4ff17c9b88aeeff105b8301c",438973833.887386
"6eee8548b87c9349ce90ac2b",536447257.143786
"9b264d26a196a76951308cca",676723636.739064
"945fad7539481410e8bb60e5",572394836.819418
"f727924f0f35ec9fb58d0c31",425803503.454905
"c7876dc81e250503076f43f2",602877296.162495
"e4f3e425e9f6e393999d7a08",516193648.77305
"cee1833e8964355b9aabbce2",618105692.277776
"9a1819c45b01c341647a2410",682550298.103437
"ce95aab452311a0cc27e0c7b",602721607.81017
"e6eff72b7c5b0fc2677af2ad",579577068.13485
"3b368c10d243f6bc9c027061",425176629.919561
"510c03bfb80d92d180803887",423501039.069034
"664934c8e209352d2c79c971",565524913.902185
"689ba3a92dd7c12f1965031c",666819973.584278
"93d4c413d2a1ac59f1b46830",540897992.10478
"08b09c586530266c14e611f9",587954838.588139
"7157dafd306fa99e4c2ad233",589803775.647831
"74e15493f395fdd312d50cc8",413509306.991337
"c34c94e7129f84267a5e4fd7",645832423.768492
"fc0572d7185e132770c3bad7",724899825.492061
"5c1bd88edef0a4146c871fcc",732996260.074474
"a28a31f7d0e3fc6298606078",614251725.536602
"f388112376e68ccb2290074b",859402501.321681
"05d1c33ea8c89ded7391ea92",624180498.004358
"dfd84193c81ca8430fd27ad0",724899825.492061
"8b89813a4ae5f9209f854be1",922283552.396577
"d7b9566ffb28c753bea96f0e",739060600.775053
"8062b4109c12a95dd62bd43e",761765836.798652
"6d305d6f3e3c2a53515d5f6d",990485181.135372
"ff143fed55f12a0105f9f88d",761765836.798652
"0fd9a2a99c44c9e5565fc17b",905514324.1947
"7f85c59323701ee0e75abb92",752802349.745452
"19baa03dc4143a83920a7d2a",1006068441.7092
"bc23ec33573f28442b36f60b",630242165.614878
"9957e5492f63fa295772246b",770502975.953599
"62e376b22a4cf0d84b7f6bff",920466229.070412
"0867853879129bfb46dae700",981039786.623135
"92c5129009b7e377fa004a93",857798093.246178
"6b9d38e0b9a3e28e3e695be1",1035599889.02128
"b6da2728ee41d035da57c822",1154489847.05791
"adf5879151c7236f5e055e1f",991538740.475425
"bb31607d0bc3ee4a37fc912d",943312190.191114
"3ef8fee6a5cf42827d8bf562",1090625945.69962
"e6016afcc032d20fc9d6f2be",900653240.690694
"f3962b552d34eb8bf38b4763",1070920958.05343
"bce7369d51094d3a9d3495e6",1218389760.27839
"55bfd350162592f2571e3a0d",829217003.026887
"3f226452520ee8f04e306bb9",1119324178.42496
"b16fda9be5edaf4cbcf07122",1035599889.02128
"e6f5ae869a5b7a30e8f0fd0d",1044457025.84944
"ab0babf6941ef43c35acb951",1115501275.20804
"3bed16373c8ae820187e3d5a",824745190.693826
"bc1335d419a1c0f6e6860470",1189539571.81125
"98575cb25b358dde32ad042a",1118778142.02546
"fb50f2f13a30fccc3903577e",1152790845.8419
"7a608479334951a3afdc655a",1062360330.82734
"9cb40496518bb99a7a00a2ea",1131615537.89269
"a69ded1c20e05bd6b3a90028",770843027.60264
"71d422db0c0c638e448142bc",826918959.165937
"fad033a3c81708df7b6ee73d",813584023.883179
"99fae85157be04554b236007",481586862.724569
"dcd314dabc7d162cfc29c81d",834855228.550002
"1c65d5172e53b4c7f1c4d6a9",840723165.130277
"cb6d4db44c789fcfe8236b40",843013517.108659
"ee2c509989c7155bb472c5b0",698755908.722863
"73b60c9053ff8193c2dd2823",545974313.64457
"2a487cfffeb12837a5586a41",500209427.339296
"c9d285946ffc4c4b3ee95da8",968383952.671317
"6a21be8a7a429eacb1de8c1d",707733654.192613
"2a7fc28219bee48a2368e730",734891725.628636
"5b169f28ea1dc473ddf11580",395002843.861546
"58b3ab31de2f9fdb0da0dc8d",672586458.502338
"2054c61f0162a18c6fa2291e",396701359.44302
"39940234a26e7264b464450b",591225849.31938
"550157aa4dae5fafc5d795b4",784738109.133935
"ca87bd8401c0c7bbc4b3f286",984336497.690411
"a8fdb6fb681aeae4d5c22f9a",1151819215.67935
"998c864a446f06d114f42fa2",1046093144.18745
"bc57535516748048e38d4a2d",811121294.700189
"ddd55d8001b809f304883ce4",421921850.262626
"b9fecb3e6a507ba17764c303",383199182.810937
"4bd30aa3e2b4aa077ae27490",611269765.385003
"d7ee2851bb69088f851970e9",570134619.3131
"40eb0c78da8b51b53548d914",1045583910.49547
"1097d9a61690cc58a4b91e62",589357794.472309
"6aebff5b1fb3a438c2c7969f",513317968.232751
"af672710affcd7e44eee9ba3",560275984.822574
"fbe3b74f9e11c829d4dc69d3",1151266111.28707
"6b7219005737d8660d134ace",1187537021.82083
"042bd2cfb2d33467149ece1e",805239158.687992
"d5999beafbdc8acc8a6ad809",782199491.301276
"4ba65b1fb8d8ab0a914b0b8c",618903358.794823
"230864c9c9c5959f9f0d36ee",717575685.472539
"8520fdd4f5fec0ba861ca9ac",437142802.6481
"447dd594fdadb1b12ab32e6c",693249160.443611
"3d405df6e5dd012419f43ba6",995139781.463759
"e120c33346ead011ab7789ce",565347050.417904
"505740f7746e0154932dbdc0",428413553.381946
"e9a427f23e80fa59d9d517c0",409384174.944269
"97388d009acd9e5ad49e7c4f",431873104.217089
"a100f050c34e438070ff487a",540893930.31319
"96d14a1d29b7abc2cad573cd",715863007.23932
"f69e25355ce3887bb1078fef",665844123.475829
"86276ef138e0babab9863276",433263544.048633
"344f3bcc1acdba48c12f8441",821144108.907181
"f3dbdb2b69017cfa026ee18b",869932658.30506
"ba32f2964e8b68ff5555fc34",1034919694.02268
"fb7154b2dfd2a48c13ef70cc",712998336.895924
"089dc5de66c6c4132734b9c0",831374278.911207
"5c2ba5028fd94a6b9859de70",544373192.96257
"e8544410d811163a13c6a326",463558205.287253
"74d8df07206df08e8f3dc232",998239369.2683
"6fb4126e3ff41b8052fd0657",590194532.830938
"ba35cce2e715bda1684c937b",1046152987.04947
"d7997b9126bef50985bab347",527648920.37383
"da3aafeb2d0105f8e09c051f",511229747.792364
"5daf1136686fc538db40afad",419285722.966839
"88f632cc304cd769e2d4be27",477397131.032533
"c5dc941305b5fb59e66479ba",505458113.172323
"ec422df56b811a0aa42d8bbc",505458113.172323
"bc8bd1feaa8fca4c52e130f6",441820207.394481
"60c116411ab3cca49f7f49f1",444564530.695736
"75ae43992df8ef41eaf9d98a",438601260.175228
"87ee5c7c49ced4ec99f44d5f",688078861.194824
"918f56ffe325f21522cc60d3",425064555.228898
"dae09210f48e5bbe0d31c728",571149785.523976
"c1ae2af40e1ea9da6380b8ee",810760731.462767
"e7b717278f7c95cbfceba80b",667183212.578149
"387f18b1f01b1aae536752e5",575218939.770956
"c036fb38fbd2d1b59ed5b7f7",641650513.883057
"76c510c0ad11fa67f0e9a4de",644585941.663525
"ff46d9f7dd86b8bff7cc305c",632344197.440755
"23d95cbbc056b4456b94c97d",772445113.374196
"fc65a77fbdd07fb490ad870e",829518185.026456
"8f0a61533b6a01badf43b6ed",938774527.288736
"c26990b034ee83450a4517b1",932645879.88479
"53ffa19a09c447f3759f86f3",959977447.575544
"86d80d3757377df6f2b8a0b3",949069783.237141
"c757b3960436c23dfaed4f2d",1067122379.36733
"fd1431e595693fac0406151d",545699263.808972
"42b6cf2a5225dc62342d3a20",689897380.092515
"6f8a0e8f1bce0243ea50213c",804031290.436349
"02277f636716264116015dde",430809696.58646
"b72459ea34fa22d1fd012dc5",855486060.451614
"cf4ebcab3fe4d12e1a20146a",818049757.559572
"ae2c10850b4a8ffca934cc72",1145040732.23134
"0e22a41ec27869c8f83f9be9",1085858055.01466
"22a43024821ad081e654c5be",962173632.635545
"2054c223fcd48a48f67d02fd",472910077.780059
"9af6ac77a9aa0c6da3cdaeb0",398212154.2275
"6601706d2133f96aecfcbfbb",558355181.597424
"ce011b7462e9be36184a2984",481142696.359366
"f759f71e444c16a59187a067",652410890.936535
"84cfb0342a0bf2c6777de39d",569162704.617019
"760fd4c893a56a4586030772",556885058.407156
"fc174b19baedc11f78b647d2",921550966.244237
"aff9e510eba008f3ba5c1847",912899139.361631
"a5a4c0f268548993b61d65c6",805957970.363543
"6cfb8a07fc1100569413b33a",732749031.280946
"94301e20cb91669986c4b34f",517806644.468698
"52c1ab7484e412ccbf5d57a5",829607490.416725
"2538cfce1c108ebfb1056c8d",762395464.18186
"d57541684e5c00bd9354cc35",663914015.086778
"123106a60208725514f3a343",662995942.617589
"7f2a2959f5ae816761be658c",1207343746.48866
"fd5758238e7ec91e415779f7",837661803.405705
"e3197263bf47b3d37f027e11",837920517.663661
"8e5661e79f4fc282abac1f37",1024754145.70246
"cdfc387f8246a1bb3110d724",993436607.552892
"c53f3bdfe8159bae98ab005d",1083286697.752
"200ea08f57fa23013d0e661a",1102119852.92279
"603c736378e07570fb985ab0",1031248083.4235
"cc019e30685c91634d2fd4f4",1034344832.83655
"b0d394d6c9b8967250854c66",1140093810.4605
"f7a79e1211fc72e06a3a82b6",1124152071.77673
"8a1ea9d91b3d8a66c6341243",891086303.488281
"22903633f8c4d91158f65c58",553350533.498033
"bb67d95fc94532b1fbe80ba6",854767161.872192
"a8e696037f8747f562ec98fe",410447297.896379
"72e4fa00e8aab44cf210251f",813979055.044391
"d70948f87875325380885803",1191766596.68448
"a0e53cdd1132bd19b8ba0c54",683179011.140238
"882eb7115cd5b8b09fca0e47",546336880.841701
"529d6599d8a64c63566a11e9",473318341.381988
"e26eafffe4ca3c22b7f4a272",819345543.701617
"4e4abc111c07656e5bbdb0ee",682710811.85257
"46e7860100b0c09a6a475b9e",728391666.087882
"7bfbcfd0fb8f5b6d553c2d0d",686026159.656747
"5fedc401fc32ecc4d9ba7e89",474117357.317303
"aee8b22ecf19495fc5894a08",686026159.656747
"313e17c442fa3040065b7489",684670122.307789
"26206185deb023a344eb2e99",1026886059.5506
"4a9e2358d64df916e2cfa213",611767891.996994
"2f6515defc3b21d82e0ca4dc",426605549.018639
"a9b18720f68c7002dc71c3af",418093315.850638
"af911ba38d5376a8aa53fcef",733310785.732223
"025b094e1ea7248f4aba72f0",368509123.633097
"f81aa0f575dbbacdbdc681f9",519188367.686353
"848067a69d18a171e7fa34f2",567379371.623989
"e22ca3f1c8073e246079d57f",602318618.584051
"11444a88bb3b230b4feb5b58",622789609.10002
"7a9264f3a12de839a42c1783",613907740.40759
"6d825b439d8622ab90245049",629346491.844328
"d2d317f2990465269ef58c41",767931380.558905
"2860e4435c857cc8a661ec97",1113227991.08459
"39c70622597e64c4821d0731",1007208475.97393
"2d6f5bc20de99dd0bd4e34bc",892408617.466505
"37ac1ae3a7e2a3319eafbb58",689801643.817697
"fe6fb32f623a9e3d5586a8d3",752733975.641827
"501531d637608f7098ba6242",764855695.979677
"69f59487924240bac2e75bd4",976949607.052587
"358e1287e24c3c4fb353315b",927687641.780069
"55e307c88e2a943acd64a9a5",846459036.605303
"19105db21495d546e6792a25",809717556.73075
"375419559910484b17782b47",1095420014.09011
"c9d254244e315974cdf5d921",1176373513.038
"adeb9a6ac3d357bd96c019ea",1001353018.45995
"b08e0cfc5bdf5bdf5068ebdd",1016115907.52231
"8da2439f391c6db92b9260f5",1005649037.68405
"d0751cb5e704e28e03514fb7",760554627.43166
"9051c6d14018b4894b560e2f",1027250801.96878
"54c3eff286c62f05ebe2ba57",554817173.351524
"975ee5aeee84593bbeb331b1",422156803.950852
"5102f4786cc032e24781c7ab",1035479364.55539
"cfcd97bfad6e013aeb57a2a8",636863933.164353
"f304bc9e9edfc24eeeb720d5",788331510.099973
"bd05a6f6ebf924adf92e5577",799025053.22697
"a7b459470ef58ef3bed7437b",476353101.661375
"37e009a57645b845b1673b8b",598843211.513285
"b70082fdca35092802f8745f",427487375.874844
"8a69b9d7461107db6d16d1a9",596166131.483484
"adf055978a7a8e9bbd88e741",446264792.940697
"6c02bbf7f6b087a1f0c8a47a",626591932.224995
"d91017d9c530e058ace2e017",760130711.529468
"89016540f8b3fb727d863bec",792947758.176368
"506b653545eebba4c8821588",1245300930.27373
"01fe5add1e7df4b15dd73bc9",746169611.483806
"4911d01ea0a4505d5db5bb2d",689610827.72145
"68bda8b092d5a53a35dfaf07",1206623635.3848
"70bec150e1d8ac537cfd90e2",1070451543.55068
"0e21abdf04b36e5f6a1fc337",1258990797.79104
"f53efb47de2bca5912ad7517",832688758.863
"82d6244acae149ed9ed88e8e",482194385.495513
"755a4fb96ff2b2276836f49b",668374184.569534
"f15ae83fbc4e4ee3f646b4c9",406843202.214183
"eac458ffc1da75fa1a4ab384",597730807.977026
"6f7bc7fd41ed908494d8e098",598979385.051707
"12d1678bc86ccdcc8ad756be",1049856253.20033
"6e07d31b81f3fc9b9de8e1a8",1185395733.10123
"6c618bfe55cac120a4f1e08b",704939682.430733
"22958cc4622a0050d1aead77",518389980.950821
"c7c3da1f12d872a3726736f5",469656868.117634
"ce30c2c7cda56a69005300d4",396633110.769256
"7a26e5936765b409b7b73cf2",1181438963.42108
"8d5a73b1d27a66b3f72fa662",892037061.520292
"3b8302dabc47048245acc09f",949487704.310214
"909182c92bbc39b00536ce6b",483945803.421578
"963da21c3c571d7bbc36f1b6",630138539.621658
"a73504d5982fef268f5ff589",739166755.799496
"50563038c05963223b459beb",875746671.790739
"b9a0058c58cabd619e226178",952291067.063943
"0037d98f6ac46a86e36def45",571341902.058445
"38117bca778373247df86e14",589250336.57654
"4eeb8b5347526d721092a7be",589681751.227753
"0b6cd71df4dde546e665f865",589681751.227753
"bd066d5d19d41c06b904d51c",585255991.396763
"f10e210fc04e3fb073568323",589681751.227753
"9f504cc4e6b170155d38c687",589681751.227753
"3e4c1e6435ea1a9c3150aed0",589250336.57654
"052c93502aa794e0574db9e9",589681751.227753
"343f45e7d178eb780a9a9818",589250336.57654
"c0c4fa199f0ad751930cf78d",588520897.697636
"5d86154fc1769d4dccac1269",585516343.033259
"e1fb88779e55aef2b66f2c10",571341902.058445
"c26af6fdd00a85a17b823d92",589681751.227753
"be3ee4457a26c6b6ad4237d7",547366333.165296
"9bdc79dd02cdf39f92e8c869",571341902.058445
"1d4bafec52ec7575161bcbe0",553610075.974073
"0f15a78ce3ff90b6894fe3c7",676572491.874212
"afa5698724bea14940667231",695279537.921273
"4d8e365b35a6b8ebe6d7a15f",650199149.0219
"6ff848f65f2507e58cfaa231",434541470.569599
"e13947242fe19bc3925919f8",527847459.732217
"c02caec41084656408c2696e",699096765.258667
"d6fd079beb9f759fa4c6886f",432158670.458888
"d14f7f939468e641c43abfe4",512760308.227129
"8f6076f8ed13e87862d82255",475526334.141189
"8d5e662ba25a71727f1eac77",864432092.402886
"bd2f9648ee9ebc1fdbfa53b3",615877212.178204
"da8f986b6ee6f594780f4a91",864432092.402886
"af7131ea57639ce5aa1e102f",864432092.402886
"30e10a03626eeaf8bc2c380e",715756843.921911
"6caf180e36fe18078703db02",457284350.140733
"a40861d6573e4539ee3c23e5",832243806.80646
"d5f905cebe05262cfc44bb11",762579872.686244
"809800b56b7b29399986115f",622595801.970145
"6b2d7f88f15cbf7d998986da",1035493381.6136
"a0ede3a514cede68b721d994",768172493.149817
"179d467dacdf674a66c7310c",753591584.568262
"97f9cfef1e35be84ceea2a46",1109682178.85886
"b7e01962fda2102f1402a444",807162011.24717
"6665e5bc4774d04321d1ba9f",611847393.389429
"6c09a3ccddc797f77d63f1bc",998758721.163314
"97986583e1c988373765eab5",979618902.180801
"56807890f8587cd75893aec9",820650708.826905
"0f2fb3cf22613a339c88f7e4",731718580.5805
"a967a4f0b1dd36d7264cb408",934939869.764255
"08ead1ac0b9b30c2a72db17f",1100044535.63587
"1b989360ec91f5da55806bc4",1086474966.36447
"b289cd856f9d15493d31ef6f",1084028363.33847
"88668347361a227b6dbba15e",1011189092.34798
"ec3f1679451b9c0037f89386",1042983918.98547
"9cd01a5cba1674559752f5c4",1140113333.8019
"2bd96c7fe678945fcaf9662f",1088766004.71936
"9f118569fb8b084f0615fa22",533628224.609384
"033521a46dae036839ad6c90",352760763.535069
"bc1ee1f8ffe1ac88f08e2459",725715792.291277
"c62886167530efe1f84086ba",521816712.390518
"d58f191c74d26bc1fb02cfe2",521884849.321829
"981b55d5c38361caaddaddad",609730952.858289
"ef26c0f1cd9e3203ad16558f",681931281.825259
"74cd885ec200a0c21fa9e03c",640882125.268421
"fcfa51e5eec6829b9f4f2c59",396786487.219939
"c3bbe8c09f5e58281dddd412",690579582.72555
"8f36d25584407d9e3c326e71",881918065.846957
"51f4aec91124a9a96f4c5372",756390497.491162
"b7becde9261820feb7cd926e",764012070.508446
"65070c554133f2b4143fe051",693708786.192911
"c2a2ddb94f60de25378aecee",805831639.724011
"5ec3abf721e13b0d55829bba",745890245.397263
"502aff943d74cd4cbb976dcc",767125549.635781
"11e6e5ee92c97e31d34db891",1142480408.82447
"b1589aa1f58f6dffa93a3a61",1278237683.76708
"783ecf989538582ad008fd95",1161024045.10197
"1770bd5b0a07a6aa785e0caa",744550922.790347
"53715a484e20d6152c76fdab",922133797.969332
"ef73428a38c201019267afb1",532163167.942068
"932a93e3ee2093d7f806fef8",599451983.362502
"00e9afbd1d27062a7bd40a3c",1152213569.83782
"a11a82cec7f8a243e2f90539",713757210.499008
"e4a70600296b0bde6c28fb19",931031764.119357
"0a1b1a3d68b04cdcb2d757cb",1064578017.00792
"7c06a2f06cb4226f9043578c",828177299.739121
"5e113e1e878da12e312cf875",1109461189.52576
"a72f5204153b7c92f52d871a",792989738.766979
"fc17f35d300be9680971f95b",542449521.762857
"13ab6a062601d40843de37b8",518138212.046826
"22abc78ce812c519511f8a4c",841351966.971871
"faee4c33e892029b79b63742",840229902.497698
"c8d39eef5a5422e0da4172cd",712116563.511959
"b13683c625c97c23333269eb",445539108.371348
"00e7c5894c739852052f566a",788293087.372793
"2703313a3e5a6fef2157928c",655976104.705542
"8dd453e986d05c6c1dd104d2",593970605.052842
"22b34331d7ca2ea642d29946",723355884.541865
"23187388f9d6e2bffb88b9ed",884075605.775536
"6b49a668de0edbe7f8110740",952636254.61058
"ef0e5b23069a9fe377b77ccf",1008210481.03968
"c37348f8247ade33ac513855",811538392.198226
"1d19edc1e0d907e5ab0899e5",722213346.276024
"c73ee8d419b96c6e7c53f95d",800591547.813407
"6251cda3676ecbdb6555c526",817266028.595765
"d12d6ea066b67c3db9b2dfb5",1060744556.97789
"8ba4e8e071e458a13efd179a",702108143.631397
"9b8d798a2c455a960ee74503",492493441.166477
"d663ca1a0d29b4cbc5cae9ce",772395549.721524
"dc3b8d97b11cc2af4cfbcc79",1034859077.3553
"7d50144c4b2ead9b7b9f594c",956776589.007245
"ff9cb7bc0b972d4515ea3837",398227915.654721
"267e46cb9eaec6c7009348b6",505326360.433995
"1769a8ec5ec94aedc397b4ae",467944138.224831
"dadd9ddd29102f529caa3bbe",483115064.69373
"251903f4b947b337e0134415",661805269.684634
"e1b753c283bb9c6d4e438bec",836788506.569546
"16fb51fd3d35db53eebbe5b8",913823588.71087
"8f543f9c31af1eb17ef1e353",732362770.691199
"20c3cb2d4fa486b23eb81bc2",844854075.543513
"6fb9e9ac6d44d3a286f317ae",649016245.48997
"15b57b0ad8794d64a2784ce6",742695881.522265
"d9ce31250d4ae25c3b850124",855829169.619454
"f90efcbfcafe544674c02586",760615413.91032
"05a98feedbd3f422bf063112",777907562.058439
"ea359d571ad0c986f826d31e",823832694.403067
"b02f1997e6e6f97dc808b8cf",944140993.67148
"307acb7b4044cfa5680e4227",1137866235.43158
"ddce386b0ad3199ca09aac93",856474264.035248
"9e28972500d8ca3fb3b76fd9",964052250.67314
"687b1dd576eb7d06a08c3439",879037468.58971
"23b2b5b9f5bf3e1208f5f80d",1023369409.23674
"dddaba511b6a18f49b41c1af",1031029251.38808
"874e3e3ec6f67c160807628d",942462214.383753
"67ade5109553a9d784886a46",1109085944.10025
"6879f05563a9f0748088cc65",1049848753.14849
"dce05cf86b42124fc93d41da",1231443853.95734
"1ea5db844a6d3a926480351b",697281181.916439
"4e9acf6e9f80f65178766740",949487704.310214
"a35450284f8dc27e0ed717f0",1231895227.83673
"069499abc4e393fe540777b4",385747832.934099
"cd10d6e28fd7ce92518ea31a",1033777952.53256
"3edc0e70e7cf6a21be2f0d53",396837859.834325
"2e2ff1e620063f416a387058",673018224.937135
"1ffdc10c53bb83d3be84c327",744748800.138376
"3c95dcc4bc3788b4cd5602d5",637930558.31807
"aa592f388454d575e0006206",601648726.657517
"f7e5bf5b0f6157ed1f604d37",394947280.372978
"513c6ea5a3c2c560c409eaa8",1155187391.1952
"7cf15f80838e8edf4f9cdead",1225528047.89745
"49737c7682eff2513869b3f7",973648172.013407
"4e8cdb49a2bdf68ad8d12625",889844007.068965
"86af11931b004aad3fd27b88",675522072.67396
"90921c9fce21986dd23bc645",622684811.079168
"d79d71be963d418a4c9dec68",1064578017.00792
"c27b2b735106bd5a77a15616",748931405.490807
"b6129a71f8e320aee8abd0c4",748931405.490807
"26922ebaf11e35a7a320d30b",1109461189.52576
"23f859b889afe2639ad55a21",659387264.048506
"ddf47d32045769c0596826db",1294143893.22714
"1d0c635770f2e51aed4c8664",1285502362.91988
"e6144e15d5cafcfe87c07c9a",483877031.224771
"a7c7923f9a4d004eab43413b",921346163.304548
"42b3b56289972176c20c4990",468558519.234101
"b63f49396431089dd646837f",656817940.725987
"e0b041a39e732783f98bde56",1014825419.09816
"409eb9b8f2ba87ca299a7f6d",454478099.378726
"1a46c13974f3634ca6dcb51e",733727719.198162
"4b068c79664179605b145a15",820616565.899024
"afeba13fa3f81249549cd2eb",486111133.26892
"3a3ce11d981d0893ec732e22",675522072.67396
"ed68664efdb7377c33f4010d",900851686.86107
"93de58cb0d8fbe74b0cbb556",892209999.561714
"faa204421a94ef95b79eddf6",748931405.490807
"acdb13c4c8e2a48b0bdabd91",868715412.954005
"5271cd1cb962066407490051",1016427826.9311
"933251193ded6df07c83128a",1266108578.83511
"524e00e537f841c13497cd52",560895865.792879
"a9d4f256527be98066c493fa",921666221.386331
"2207c1ed62f59d6eacb3c18d",586709265.692979
"97ea5dc81ba49ade4f8f580b",710016150.545617
"72488318dfb2181843f17c03",967038099.790571
"76698030899efea431dbb81f",438053685.779994
"e84888d2f22e14a5016ac789",712770496.249783
"d9398ef84ae71419cb7cc82c",831412448.097656
"6d32649478d9d86d840969f6",523635187.622829
"81600c1e6b6e3ae770e40b28",1094084635.34015
"68075b0ac8e779bf5e66dd3d",556974476.639723
"6d7ac64b8b9f27f61fb155ec",565823309.633319
"d3bf3146ec856cc26c607d70",1107341494.51605
"d12298e0d398e9d21d2e2eed",465754795.038119
"97b69097fee8d8496a6b8c04",517152125.289487
"fa6e53a7107c0e33e3d505d1",1063332365.39433
"7279c610bda9354e1c840b0e",712770496.249783
"6f3070318ab65b867b2702f0",414612727.788854
"e08aabb998103a941d24d0a9",524343624.895405
"415e1faab81016a460db7a0b",545153127.476593
"8b871cc48b99bd4190877bd3",571341902.058445
"7240bbe28e950ed75637b504",519467039.779076
"831629494c6d15d5ff6a00a1",571341902.058445
"1cccddc33bd892b44d7e4b7a",761325306.864411
"f9cc6760b1112ce5197bf399",670794416.926043
"0901e845b6c56d4761377a09",586657157.975489
"2a33fa5b25963f3dc928f668",622142969.207327
"83e9507b9ca2987a21d1b195",609660110.205516
"9381bdf491d48236e84590fa",641629682.649221
"c041a933261204155415c2d4",1014749135.74868
"a1cd867286d6e82181e5d1bb",864432092.402886
"240d2474c81482baaf79b6fd",864432092.402886
"ddc1c85af165e47502447242",730105497.704127
"58f02c785ee9a506e899b967",720293525.463282
"8b353ba6823f4f800635f0cb",845007530.261162
"68cda50b602acb4efeb275a7",874491817.021616
"96cb3c08c80815907de81e73",602575454.19729
"f54dbd8f0aa752f79c581e5c",791588524.866966
"52a438d024af0d5c38627ad0",654555396.28568
"1b5db6af0a1c0f7787064020",895157455.1645
"84a7286c91f1ca3ecacdaaa2",1191183750.70102
"bc6d6249873222ac7f22b73d",752443536.168937
"12501015fb631d7c10ff08fb",586746763.664561
"85b633e09a41cf22a10f28c8",806638973.939418
"7acb92246dbaaec1cc7b423f",621790746.611756
"bfba8fe959dd2e44a4202943",784641341.046168
"5325f16558ed6d2689bcbb46",607513124.275337
"d4653d505cede3d24e258d4b",784641341.046168
"5146ecaa8b7ed507c4f30785",783295226.249121
"f5b9cbae30356fb3a1d005c6",1097851121.84985
"205ffcec56fd884ab24c5600",624658196.267199
"ae7ce478fb66882a2c952012",745188993.3834
"efc9ae02fd6c3f18db866cac",890702776.652705
"2221052e00c236f31e6d5a06",495686587.555345
"54673ffd4971d04493a1b1c7",701161003.774933
"b0bbdcf0916b246ca95c4721",801594460.323589
"1ef15e2b882a0da85858269e",641819377.26063
"9881fb167319b34cc23da955",1045644238.21194
"9d2a195e645a9e8556683b4b",806815452.593592
"14acd96163e6b3e17177f35b",687463177.80596
"b2c5af8615b8899deb16c896",582126335.710563
"4c40683e401dae89f6537ab0",575435175.251554
"dd007a202a0a3d56ebc4868c",787244641.029665
"6d9c89a406cf2e755d4172c5",474894631.601933
"7387e7e385063c180f05a7cb",560653275.422341
"9dfd5df5a2efca3fbf2c07c8",636924278.42256
"2a9e75d221912230f98485cd",787183599.783319
"86ce27f9ca03821d13030f18",834685060.568621
"3dbf89c6e97182647bb44e69",804350818.967901
"eaa4893a313d85fcf38dbb6b",766037020.868536
"c57e1c323ddeaa7475e5189e",832905612.616069
"84856812b63dfd9630fa49e7",1056125372.28902
"945202a450bea48fa7f2a95c",750438042.244118
"fd689e54d5c418dc9f2425e7",1106024646.66061
"eb90d9e9eb53b44b07ef9613",940210832.16276
"79005399fa92d05558fd6f6f",958946745.966006
"5cde51bd6de3759821216d5c",1045688977.18791
"230cb38e035b85a4353220e9",702034989.044398
"a22ed42197987a8534abf76f",714208694.161573
"43a2ceffa8ed90bc1a43255f",541631077.786443
"8f2fbced5d357bcd6b1c7de9",905498987.878672
"6e895a15d402ea7fcee98156",882064212.248015
"b6a2406025f0e1fa09690c2a",541631077.786443
"f46d46ccc7fc415433e471e4",453659915.358958
"71710d25975271eb32c0c8f4",450389952.920194
"01b7bb1556b5c32df8f618cc",620947214.305991
"56e5afaecb2cac6293cde16d",486680584.519962
"70209b9024acb3e5baa769ff",836996130.09465
"efb0b413b3f661b23d674b3d",921346163.304548
"251db9c4b7398902b38b4a4e",791255366.176828
"e3e7ffecb903d2daccbf8a53",518341720.145013
"a92ed9a378272ff174ce2688",452275149.184431
"40a53a3f3d49f7905966295f",985518290.703585
"bcf2c303fc03897585831351",964112965.032472
"4b0ac2ce45d7ee385ca369a2",973333896.566586
"85c7e8ac008493b34e8e0176",717375716.909151
"0ff24418ecb6888dd8ec734f",1169771730.63315
"3164e0ecd246b8ed6cb6d054",930225520.17289
"5f52e316136696cdb56e65a5",482143958.294661
"5ba4bb943139d7930cb91650",930008351.60522
"ba12ab0869d66e03df12b6d2",473671888.062688
"1a111211207627bb4c840442",865161474.153016
"9d2ec1ed9eac77d534ed514c",594846496.707122
"9030f17b47b3940c2e2c4093",594846496.707122
"3b224cf6107d815a2e78996c",816356037.982033
"ab0e770ac42dcc82b472c55f",683278797.543758
"75fd66abeaf040fa76eae2e7",735623110.801973
"c31d98f67673691ece007a65",516239022.587419
"60d5f19c16554cc2d8e5940f",836803546.856587
"53fd196fd0c0558ed1219329",406014746.494566
"27b06d060ecf702fc88c7956",914278111.970594
"dc014623ed69c32abce2d0f4",523850202.105446
"f1a8f09837660445961375c1",1246338816.76447
"b98a462d9782988cb54ced54",1181747232.77468
"6ae4843a827b36bf189a32ff",798019271.496928
"84e4f6c6b5dec0da7f7ca0fa",496604011.3328
"b8f2b9c2e63f0091b6038ea6",545180150.299934
"e54c7ea1f012656f7fafa49c",624142959.738139
"f25f5df33f25576f805a95b5",748412964.739567
"ce9474244dc2d40f357146c0",428136714.111967
"54bc553b5b8abad0ceed4d53",533817107.021265
"e75d4ce522cf587cd66adae4",602877296.162495
"b1f0b12c28c9bd2d16b3545a",540897992.10478
"412e7b9e1de3df8c3dbcf198",676723636.739064
"f52ce56f20251f018d7864e0",587954838.588139
"6641ef09c0bf5f3180952b30",423694736.127703
"ada53307260fa34f3a6411f9",649444910.126507
"51f0f76e2a8cf50ef3650901",516193648.77305
"da482df3d0fc97f9f8582e22",448196890.978094
"55d47b5f3d0d2dd7c2bf4034",603337008.291069
"1a6714ac2350ad371d8280ae",687413708.879841
"0006c9478f4e7edc53d84916",445447772.550131
"dfa7461510c6dbe5e119d106",565524913.902185
"5df95b44c73b249be0fc69e3",474361867.740709
"76bd7a0b87bfb6d2723766ec",431194823.715645
"8570a1d8156dbcc267d3b495",770502975.953599
"94116b7517a06255bf4320c2",810305736.292985
"8ba2d7afde20563e38892304",761765836.798652
"f86ab537a2f5d8c2b223574c",724899825.492061
"9d0d2774fbcb6fcc66b865b8",732996260.074474
"9086e6e757243bdda003878d",919584494.171178
"5a3625846567d06dbe4cea0a",990485181.135372
"f51a78ac4b03665561552b0a",857798093.246178
"561a262410ca91d69a58645f",1026690903.29286
"08d90f931e7e0a6f43c9d0e0",901214472.820604
"f47c64c8ee69e744e654d4b9",829217003.026887
"fcc4c878af8bdbda6e1fc86d",1119324178.42496
"8d9b143cd8eb71b05d32cd2f",1035599889.02128
"ce6a3868227d78852fad9f62",1218389760.27839
"d82f743ff414299f8c222db9",1090625945.69962
"9b2c7e6cfb2d6c66e1ee8a6b",943312190.191114
"6e9009ad01cf466e8f8136e5",1035599889.02128
"a4bf0c02f139c695845c9507",1044457025.84944
"16cf0d7977ed97d6ae8d2cc5",1118778142.02546
"d96855b0ec427f041e7a36c3",1062360330.82734
"63613a9290bcd9e1bcf2786c",983301580.005877
"32036c1eb131e6cc4f3bad3e",419120998.537078
"ad47e82c9efcfa36ddac0a95",479792591.324829
"d5af3041d95f5e89969c9868",430596602.466477
"f2387712fa17435f56d7b102",494020106.82244
"c1c8024bb6c3635ff655843b",466909682.140773
"11e4350271e9cbb37bcb75af",468297583.501909
"d012efd4a77c5aa5e8d6e508",805517918.987686
"6240b85a47c079cd0efb077b",678929888.143465
"85e332a999931ecd0e04475d",436942307.104442
"4ec02a406caf200b700f5c62",757426213.810721
"f3270f2ccbcccf3046346809",874692894.143179
"bfc5aa443994e3f3f78c6105",884864287.31805
"aa09cc29ab2f2cfc79e5bc7e",803057391.592958
"6eec5b03718975e5137d5e92",766680217.174303
"6974d82e41437d61c627b16e",1087699277.7809
"ae3f7f428b49e6948ebe6fff",777906205.035311
"a9a710b78e776c16eec24be6",737862959.705983
"249cf6f96144f769030d1b4d",655776209.645259
"645f3c4490ce43ed68c7df10",696490732.418871
"3413f37549869d2172b76d6e",925081968.126922
"956600c9a4ed31e588f8c593",1135282568.06947
"00ba709f184e70be13e5bf9b",755597834.016725
"275c8bfdd3fec33752493861",787934409.455954
"3206523e850b5b5fbce567a3",1069786271.24281
"9c9ffb3401ab6ab90fcb555e",1125354511.2311
"4962650cfa3decf487ccbd0c",1026886059.5506
"a541b35c62878dc2c425235d",1054483406.37977
"2112e589911b979db6e05a6c",1151145312.51209
"c9cfeb97323bd6a0564e1903",715773797.172291
"30e1bd4619483b0e896b5229",662595375.490891
"48aa146a36aba8a0270a8a1d",1115686689.48001
"678a80840673787b3aa64228",868780657.772022
"392abbc83cfacfe87c401e27",566795104.372967
"51744814dd3a7e60c0791041",833618951.090988
"c6faa5d2ac8e74c26fdaad4a",759643039.457667
"1f2c22839c470363ff41551f",1043385299.18525
"5438c2127072b47e3af428d8",1057580725.03636
"32e182242a654ac03a8f3ea8",433705234.920486
"0a45eb817938241ca988c2e3",877662170.318
"e74d815ad652f7046ba33295",659487598.781433
"2887a0d34994d284759db20e",685923572.181146
"621c3051ef29e8da01e6bb2a",746732107.455897
"54de2275006e273686ae5fac",1043099747.3618
"b0a0cc38f73c9d90bff6ad92",810760409.404023
"f4df4ad4366bd794594c111f",1009254839.17252
"763206de4c26e3825b69f4c6",956106163.87129
"d5ddcb0a54416bdadb4bf57b",731481282.159305
"bf17eca5afccd9cd6299b9a4",965899204.251989
"02888257efaae858fdc7938e",700994416.361021
"1f8ecf6c089ce6168b3be52f",976180285.932344
"fd7a48744bf966e417f34a51",1135619991.95715
"655d6eafd78be856479767e2",930629956.059563
"27472c6c6a801eb749b9719d",785339638.625515
"18fd9bee381e7a8c29a44c4b",737881482.888476
"da5d47596a755078a2261328",736731388.291364
"737c83218f0e486ef4feba40",413227436.238038
"2390c275fccc98eb4fa33af0",512074577.164788
"35616923c84423b44d1d1438",1086845985.4035
"22fcf0650753e2b5a2fa3786",688942218.078381
"9d8e7178912841c2a1232ad2",582387188.762136
"36c2cae6de0add92f32d29f4",899878222.493548
"699b68daa574a0f169436ccc",511243554.064839
"c3bd0b8277a37832f56be54b",460839198.837716
"6b3411cb8c50c1498572e681",575512337.87241
"fad4ecc419fb64b3f77971ad",679831192.393404
"4034cd9a70d18fe0c883a0fa",490858261.61395
"8f9417de118ef8486538955f",1098801052.1127
"33f4f9988387bfc237d114fa",597915559.065863
"40c9f947e826f89c6ff3f898",407524425.256971
"351701c5d1b821253e2c8c42",411314260.054735
"f6b405af32c398147475dc9b",790461587.099584
"45750daec6238508791d0d4c",669733099.42179
"eb85bf9ab77f59615960fbe0",815872892.554863
"0ab6e52af85ebf23432d7698",629706022.303137
"9b13a371ed4724d2e2966447",788934711.551697
"081bbc273db70f1d2cc84ed2",641785401.880747
"e113c48e4e1b53adaca275f2",680240069.194419
"4bb0666c55d174e0280482a0",639310732.333966
"ca516516b33dc09d712b3154",788934711.551697
"631e6aee6ec1f720f3c78775",450724545.209679
"c7746198cb5871bd687c2538",813719646.079736
"58a5dacf2f664512c2b00ea2",807346669.837349
"6d8998442d831addafbc878f",840802008.506125
"7d4ffe0038b3ebc149d8f4cd",819303991.199504
"55ae7bc854658aa5fa49d368",820939521.715817
"042ff73057dce4d92d383cf7",400938974.246322
"807c04729620ec60ef18598d",418404311.125315
"5dead94ad2dd86dd41448994",606546121.687721
"bb90c874275456d5fe0de83d",568038550.06696
"6ea5fbf037ba7e5c74d7ca39",694924471.895327
"86dd7931177df94a649a4d62",588234090.991273
"58ac250fa52a1ac7ce39f70f",453843222.475208
"2861f1a224b4c879b845779f",432068277.810512
"8d06af8e439c45e0e125de91",665599366.836832
"bb2dedf6198be0f3ce2c4ffb",684559732.620433
"57d8cac189a13c180f08cd2d",535389647.508031
"db575f8a4e10a29fe81b335e",1040232422.32373
"e8c79fd41b001fb1da0d4fe1",734012952.461804
"b81679b32ea288e9665dee49",1123265202.98763
"841482deb90d19ecb1ec8a06",528074432.810652
"214df9371aa59f68e5740212",548261070.851537
"bc52abbda9027e10b879ed50",550627567.988866
"ce8ce41a36b610be164a25de",892121197.135308
"a67412a01feb64ca6e772858",774534461.051315
"d87896f889ddfe1ba210d74d",453831355.776246
"556a39ca66e10ba3545f2234",588764637.618807
"50cb893af4ad0e21a69f05d5",744593130.861201
"3b5a5d6536a9fd24f02e8ba0",400040090.760966
"121cc20fd81d6322f56d5c53",596121743.654277
"b9c893f3c3ac4dce40d0ea19",741289139.800703
"47bf8d322af3c13e8868ed0a",744593130.861201
"a4325969a50a14c948446f9e",932392573.273688
"4583a6b01449530079415768",953162914.447513
"920e2bd03c9d34e36fc38ad5",953162914.447513
"0a59b506798fb96edd7681c7",681994621.390701
"e8d2cdda77c1d885e21c7bbc",1261285494.60545
"8abe99f2b71b13dfe7d71616",1231443853.95734
"c07e98122103d1546d995f9b",1064103201.1506
"29fdab43da21ed0d22c9c71d",378062977.716074
"f2ba7982bed03cac394ef87a",684272421.886701
"eac89e705cfd337a99417320",443273606.885577
"40713332e88c6d3a393c8b2a",518281397.261601
"a9aad230d22f7dede73acc8c",1127664973.03882
"3b7fd4008e14e394dd09a0e9",1287325662.68835
"098327587a877bd50df27551",521523976.135778
"0379b6a001e4018c34e944da",688438753.507942
"45f24dd99d362f49c0adb875",350982204.327011
"dce1dd028695bfc5a47aa6a1",422579445.603351
"cfeb702df06baadf29f12eda",441926483.990207
"9ff5828e084070628ef2ad96",469491400.830245
"6920e6d7fff656d66844949a",949762116.357941
"31ed69311bfbbe000f4483d4",573447001.098109
"d300473e3d2ced1177c9fbd3",734829507.23833
"2cb64650b876ccbc7337a0e4",443134735.578563
"3ab2ed6d140698cfa41f2e3f",543781410.572666
"9f8697b55cb665ebb054f9fd",495502359.381314
"7e844f8a24422ec3b833b4a8",439868801.486802
"55a615a3b3919798d54e885f",831844152.631989
"fd26da8e62b5d1155962f0c5",602721607.81017
"ee9171c496fa78b1461acf88",974987712.251662
"d5182c47a954c964445f25d1",801693896.193497
"e064b4dd7b4e64a3e0016f0b",981039786.623135
"36753a5e31b0edb1eecb8bcc",618105692.277776
"c2ee475efec76c46efbf1b08",667950845.92013
"3baeb28cb33d048bcd6e42cf",418718801.159399
"6a6d990b9b1bea0f844d3065",586706141.47718
"e93dbc804920c0bf7bcf8cb3",474517360.82386
"b9ea1b9fc0e46ba0724cbc0c",484740518.450686
"95e98113e39820523e95adf4",472562386.788696
"942ed340950f02adf9749a36",500219324.619314
"8538a41c0e0fdcb3829364e8",660541890.603006
"804289a128775f7d1652cb43",532750529.300068
"3dec1da01706b06f5d6a9266",504763761.028496
"fe004acdfad6ac6b00911ef0",793212568.433652
"6c679d5b6a1c1b74bf483478",800155927.260983
"ba54b5ebc5d4f554bc56dec3",529897145.150093
"5b9469c3ff6b197bfe3513cd",607989232.743281
"2ca6ce8266afc6721d179335",995100727.960441
"94160aa4e5c54bb479b1d0db",402172345.751045
"eea6a2137473c3ba6708b576",375769087.425894
"9969f6f4bfb29e3a97c2fccc",575970477.225637
"68006626a3321fb0de032307",532637584.434953
"2149d04442f73cfc78f93bab",687749526.541865
"01cac7d033166094ab9f87b0",687802753.674934
"15515ecdd35e9f175842a738",725968298.915487
"86f1d6fc54152004e69027a0",896004946.629578
"0bcf7987c4b0ba485c44caf9",749639464.409157
"107fffd601a2bb7a3e4a69e8",861660369.606276
"5a44636153b1d4a74d58513a",743642814.908568
"5ae08e5999ca2ba0a1e2d8a7",682853518.244203
"369e9e64898ea16b7ffefb7c",775470796.302512
"192b505186d0bcadb46b7032",764017098.88187
"6dde6686bfdff12620f198d3",686158872.484921
"503a04e079773a04f2abe075",812455347.534102
"42b5ebbca90572b9cea79177",617653568.167026
"0b6f2534f862a7ef551a116c",816010478.908705
"05e06a93e9f01dd3984a85ab",586293259.025795
"c6706db3eb4f0bbb0510578a",943484938.914447
"2babb357d1d828c49bb89be0",707477864.922936
"3951171501fc51e2d830cc82",946153376.51487
"fb72b8e0457c0199e158e599",1037601675.29437
"df865201353bc7b915b56ac6",609820934.725752
"8d1b3071f5396359c0b6cc62",994914713.010407
"c451b61851c8ae1e6222109e",1048671240.20849
"e1c33552eeab60683f2f89d5",1024793016.3503
"1d8d51cfdf78f1361710708c",722115216.395965
"bdc8e1a1e06d387f9c7b026b",722115216.395965
"2b36d797d32013a126e15709",594846496.707122
"13b3a55d79b79ea89a73d21a",593687607.7999
"e57ad52764215c3d54740ac5",594846496.707122
"19e11b2d60326895b5e6ba01",594846496.707122
"f6e1752b9f4a0a3c8573910a",591209361.998397
"062efee92601be294d7346a1",590652140.313973
"e2c3acee51cdd03b1f211278",707419433.395935
"9390ae5c166e1a976e53e16b",431560756.190602
"db3aeb3a96304f3c255e8a22",500577396.499542
"d353be29e7ed2c35b920f7c3",881353250.265946
"893c1b081e383de73b9f2e16",963985593.03778
"8302e2afc48d6eda16784da6",918048249.547636
"f1e9676bc91a76740f4e9b0e",846804478.003392
"ce86066ad78dea43089d25c1",1110375348.979
"c89ac55660cee4608bff27d5",514492223.098611
"b183776d007d85bef0f6671a",793986616.942673
"e8872302ba40e4ea413689da",515551342.743136
"0afc6cbb60f34f1cf00fdfb0",763456999.185809
"a811af7cf12afb1dd9b8eb86",724468965.751829
"7947f71467036449efb99972",1112073380.48163
"2ead9549bab6f1386b7a2c77",823592515.265581
"b54e8d557263624947f979cf",1085730257.21167
"fabd2201750747891eb6af77",1208074790.68583
"7c3f7b513bb20c918a51dec6",715908711.459395
"0dcc222d83e1bf05f2c2c090",1034104525.8169
"3ee3ee47bfa21462a1fd455d",705207669.246793
"1dc3b6ea53413ece15bea33b",1023306955.44893
"f44362b932a8b70ad4b99a29",528505627.30876
"5372f93d988c3c917629f9f3",525968707.10515
"5c25ccfc7ae77f1d85981a79",558379162.721864
"4df222356df121a41adadda7",437635305.987966
"bf38bb7a2a7ea663cc8f3d57",525968707.10515
"ad0025f5b240d00936c82f9b",601872173.757826
"2afa66b726ed0b1492b9e01b",808107186.339992
"a528312b77b7f84741c2bf29",696194645.750416
"1cbeccacfa11843a256b2e2e",692100834.746186
"d11eadc78d95c96f50b41a10",1031940368.21636
"c918e02b3e6d80125a2db1cc",393958381.839979
"b2af005e93b0242e0f62f298",549989959.932922
"ed9703ed896c6118a3458e78",416449303.085867
"8ed11c1d4e7aa1ccf0ea0508",394737992.952859
"9717b066e135a82feb422181",518341720.145013
"294985765f4d12e51a68a451",836996130.09465
"edbeef6a08dd17a941634d49",1122596760.11587
"26cc292628ce4aa87cd287d6",830780128.121298
"47f7065118bcd4c3878e50fc",703523441.391671
"e369c63f83c44329ddad488d",702732787.984833
"383c0948aac71636973507f4",759290178.88153
"6bd1a412c01387af8810ce57",1229719720.22087
"4b92ca1cee4739104e620871",1337645467.05495
"0123237414f757b9c3809f88",928902607.40811
"6e36550a6ff6fdb2711a88c1",1321697772.05807
"1b5de74aea685b506a952f4e",398451741.162462
"d85fafb4d5ec056e6db9a79b",539986495.819546
"cd097f6cd92275ec8ace1f20",728138100.31481
"ced1f52def08143f0b2b6849",794816242.292379
"89a03e25c43a555b47c53864",672837085.692563
"f8d64df401009704c152bcb6",471322131.634442
"2a5aedaaad2d908122f28f22",896444057.613437
"edd0b57b90629fb00d036e34",724847389.62662
"f8731413b0d976c03b7e05ca",1006146894.25003
"01abe3cfc94be46c1153c82d",772543439.823998
"aa7f5d0d2fd5474cc67cc70e",831061843.835282
"4912c91afa6e4aff6ffdc6a8",1049575126.91567
"9d805330fb0df9ae73003ceb",745983758.051282
"7daa9115f755a6c70411b9cc",964401752.556264
"f5896513d1cb044108d23785",1257272013.16268
"3ff2a2fd905d81f0422c54b2",498639957.781672
"02ed31afcba033953c79d95d",683525041.108288
"c2164829374d5e880c1a1f31",865079900.226031
"3f6eba5c365508ac192f2b82",461050744.260164
"3289958459cd87f24089cd14",455008115.643619
"ecc3362a649cf08afef96fc0",450451385.851563
"264e00a64cecb861d2c05b1d",900023482.898516
"d5b5bbf927f763a43190fabd",891719496.29105
"2691d7125e9046e597437f2b",835617429.770218
"7cf183ed411cf82df26640e9",661635261.153089
"f81107599bc083fec4a13ca3",712621787.547056
"3c2a535f1df831771b859a86",519138487.532572
"9e871ee8a61b183aa9051b72",795534109.816832
"e066ee04cd3a597dac8ced59",438022709.518885
"2f4ed160fe2a21722e6299f8",485984796.634376
"e0ae53aa3cc9e9ba7ce65f74",513539333.716325
"78d727d0e61a7c8b1cf6fb1a",698811663.336718
"b42f936db049a74c7d24b0ef",1010004391.04703
"62e9330888566f1f826e1ee7",807804426.611396
"3fcc5ff04edf753621d6cbb6",935495038.829362
"d4ae25b207949fbf0df3b404",585977671.055977
"14bc234ffb3ff7f974afc8e7",461833720.247991
"64fbc9cac3f15c0f1a16f4d7",567379371.623989
"5fa1c8237da8fc7683bc10e0",663946582.915139
"7bf4beee26ba81ad0b884f9f",478487337.706407
"72a47f70aa99d42320e54787",447690854.014993
"07641db461323a5cfcda4f98",476966318.295416
"3af2a1ec9efa6884a8254d28",752525505.24082
"3adca5eeda4939a5ea11444b",815597663.787962
"37d39cb7d3849a784497ed0d",811103413.078739
"b9baaab70cb83475ac3bbab4",556581318.386466
"74e178e2398895d2288e6fcb",675766817.118866
"ec15e2a131d9724b012d68ea",732749031.280946
"ee042a4b4a0bf9a1dcdf1eab",717481210.738177
"35381d7a5b25317d7588ce77",752671447.735857
"18ac3368b1f6d8f7171b07b3",1037955270.57017
"3dbb09358256bae5199e1318",792935349.688847
"4662aa1c44351dfe271e3a9d",941328332.127535
"034a30994bb2e0e446e35957",764344920.477768
"4cdbcefc434b48ba3d51a498",917248447.522404
"3d3317303679a6a5a381d0ea",1174186169.21282
"68f4e3d4355bb71db0f35a65",689197884.474352
"b3c77f4a398b61d9c204f8a1",775497600.531931
"3865974fbc1b412f24c47eaf",858505572.62907
"84ab3ece52fe00ee50f057aa",1024007714.44594
"dcdb8d97ae65daf55570c88c",925111710.710506
"7ea01fd99b389d08ca50c0a6",770947086.865083
"51df325f026f4cc5ed2e9a65",1283700344.50498
"1f11cd977996d909ffacadef",1232933510.26369
"5ae03c0e33dc7d3e0e0d54a5",756824353.353723
"da88bf5bc2a7310ff382be4c",1163866232.41368
"035de58d60807ee2c272ce82",1124152071.77673
"0cf82b1128ebb8d1087b640d",1166579013.53547
"bd8b005383020611b8922147",577849756.60126
"f5c79a564600bcad99c74f03",466998374.533397
"b11672f22fafd555f940a8dc",471269894.450885
"2bc88a5c4bea2bd00fd8f13c",652234183.813999
"b2b99019a929584b4904b98d",908135466.517169
"678d0e011f710cefa49f6465",472053285.981526
"f7de22825945329521642f49",636190875.713971
"79b5a037bea858706838a62d",591879514.563836
"9f339d547d83b4ef956a3690",882902775.353691
"127e197a2f70e7ddb5dc92aa",414323532.605071
"65b8c48546af394a924decbc",544163672.766776
"cdc0c282ee62c51e3a20459a",892037061.520292
"ec824ecd0319e05d1ca6a9c7",609412269.618972
"95f27bf0d25bbcd0d1eb9cdb",780689467.26476
"ac0ee54bdc08632efc0d771d",627623032.88357
"904ad71e7d108930d69a7332",635216054.560377
"7f4e6f790de012946197e0df",697281181.916439
"473cb30713e88ecf782651fd",575077789.992662
"59a309a6af425b2028a2ad69",961588092.015704
"8a1b0f59f86e33a7aa7c2c23",991060933.873361
"1e884932e57cfcab75ebbacd",1151516817.81375
"8e273f1dde4801825fb19742",1018657602.85124
"1f9c0f9c3c6460a323171d72",1239209123.0615
"5dba98aa20e371c3947c19b9",1028370073.91718
"51516e102f8d43a07037ed29",1071076780.71875
"6eabd14e55ff090e8a93c727",735797955.072631
"e224f9ffc7bd70369a5e8b68",1263374870.56157
"35cb50346289f0590dd24d83",1008657952.30143
"2aecb598de8c74d9d5108d8c",991128203.522043
"69c7e97037c747b93c33251b",1151443437.01049
"b9b95c89c988f68429822e81",652842910.25282
"fa2c5c19c86087f207c379ab",734728316.345098
"9bcd34e7a974c977f65925f3",1240381872.99072
"3611c89dc71078cd0aefd2cd",590758681.276339
"9ab273eca8cd5dd4b6339ca4",421247522.344592
"4347966ceb1770f758cb6e37",793184361.801742
"2a68f627f4dc8060484cdb18",1235986177.43997
"55ff644abd72eaff17d533f0",1275282234.74128
"db563e5a1cd9eb1be832bf5f",1278370052.19426
"a0e9310061ff0084d63dd242",1013495168.05585
"7ff62b2f8a28d60f6c4237c6",1076836243.88168
"c42c59e8a08e8657ab4201f1",506991082.538832
"de28370454624724128a0688",703433144.019415
"514aefd8a44ca048a8088c51",930472904.630062
"3d3a318662cbe218db0878e7",894606201.020546
"2714bcd5c0c503c3bee0e0b2",745922146.053304
"5461aeb15c7f826f0ce157e8",423701247.827104
"db352cbc2aa3066ea9b34184",802503192.989766
"22b066e6dbd0f2562a0554f1",908083293.644416
"daf8d6d3f4ba21513341eb3e",1173748193.17388
"523605d1fbb75b0c5acec5f7",556443542.791394
"c59c2a19b93ca666b7c389d4",799227120.644992
"61e57e5539c40e5ffeb77997",556443542.791394
"c1fc25faadb151c73ff254ec",697110247.286591
"63e73f1b8b385d89de1329c2",425643558.028862
"80ded3bf4f2973a5ceb1ffb7",430292881.75884
"e1f5f0e96e5865370423c142",838724781.351648
"3bc1d407f7e7c8e67f7dd27c",964767859.848335
"d87c489d3572187e3280965b",1222906298.84485
"110d49e1d79a3534e146b300",833312027.250529
"7baf3723bac87b0b393ba52c",759444490.714792
"8e9e35321545774dc1f85776",703042729.578871
"e0d6155cb3cdac98f81d44e8",645495370.246561
"bcf775187c0f5ae1cc0e8ca6",627470267.17297
"a792122a1b292f482caf25d1",461352400.770684
"09fe153b0027697e58bd08b5",342174244.076469
"a7283f1587ffd80f4723475f",351704781.122699
"67a10f161cf7215302b6ca1b",363123492.093422
"f403b20cb52d4ad3f9469ee7",560071931.346788
"643e13f00dfe7787a19b1254",468429909.711672
"0eb7c68fb7ea1e58f3e76345",786108480.196883
"cabf47337c2cd619f12fe69f",868289275.344013
"55c5eeb4861e8cd71731274d",1141060456.98955
"363c96b85cf07dacbb10b92e",494031895.193949
"49b59d19432dbeb8921e57b8",860050148.415003
"818ee3b0c3862d4aae6e7776",360661354.878017
"b15c662c56b19d3843737dd4",553824563.656087
"03243195c467c67e67a7823e",578948726.090762
"5db50c50b523f3d454e94dc9",688237879.81422
"0798af235e9926b1e7e4642d",584426707.364389
"83852e78afcc4127481adccc",586090120.288623
"7fe25ebd70b89f4602bee6a2",711620144.21477
"175590951b6f8c6b8b4af9ff",504471116.899979
"d4dd48521efc020762ea141e",461572074.575756
"a681d6e9ccc7bc60eeaf7e3c",1017176507.00551
"e137b5003b8c8f18892ee9d3",643671367.806077
"90dfa0d7be06e7a1dc15770e",654077342.645535
"7fb856eba0ae98a40eac3efd",925871634.579182
"9f52855eab4ca5161f1fb492",833403481.661974
"494580f4974c33d7ce0cdb28",1000687128.97171
"d972dc3dfccf2a48a6384e54",934811769.384962
"7cc8772ebde8902f55e14b44",635153349.002795
"deda3ad684384ed67711ae71",594743628.861961
"b288c52e4d0fab9f579122a0",801669399.108776
"0bc16b384acd3f8263e386de",1015180467.89647
"b40d1d2b7c1db9cc57c65fce",1013722687.15961
"c2580329ee6d7a03925725aa",824067732.573323
"7e73516d57a251061b3916e0",879437305.391155
"7749f3bcfa8339444b0a8b7e",484947418.310212
"557e40fdc93c1824b0bed769",484947418.310212
"edbb5db63dbd0452c51047a0",528778413.810292
"383af3a5794a0ec3efe78b2f",542957722.557037
"90ae7af091c23957b88de5e9",613920433.856103
"b1d9704dd39c6cef28ae3d17",583886278.417138
"44916ca9b874075f55949f87",832853689.827598
"0515734883eea12cdacb7aab",513574777.711831
"faf9f8aa50d936c1465e880c",890637298.776662
"f37c9693e058492ec3715de9",698357483.329879
"562c7846b05072561d96698d",598006968.100985
"4a629aaf60a113402834c042",1026179633.44527
"ccc4e48073c3da10a2e2d08a",761463520.382797
"8532c64eaed74b64b4d4707c",568340807.022457
"528a96aa31409c32bc9f1f63",1079225227.4107
"36fd9fc1f1d9b2e10c1c6463",464241972.234995
"91561030d87ff5bc0a497f1d",549856987.441087
"eb09010915ee68091d6675d4",629423465.071278
"56c41a58ed5b9864b68fc910",580522184.070004
"bf6005f6f71da582a6fab8c7",595781748.889857
"86ee80cbe81724e6919bdb73",463772873.61688
"0caa7856aca178f826fe90c4",754898101.355067
"9e41f25cf2e77f3fbe903368",1004772555.06393
"019f4a25794ef01294845b51",773925668.782793
"d6fc6059bba177ab56d85ec6",966835255.808719
"436089e2bf605d00849691e8",854643194.529983
"02a9c37b3d92a6da473c6fbc",527370741.68262
"bde81ef5ff9edabfc7e30d10",842233727.377062
"379fcab709c66fa146d3491f",730450132.790516
"28ac1562ebb5050f1492f576",855242806.243836
"e68f5a98070efada9b5538ee",456270360.529579
"80aef024b0ecebb01913504d",429035931.156126
"f45161bb79292e974dc88b5c",432594495.832839
"6de3c3d53d6aee18ccdee958",547027769.629504
"5f2f7596a284915ebdb81a35",393483608.613897
"291fc50c4ffe7935b01e5d9c",517499423.264078
"42ac33321bb1920fe2a78036",677207451.13363
"c8e00b4dcfa2d05d6a7fde26",940154382.028
"5c0e328a04f881674ae1046e",857033673.702355
"c28cb417dd28fe4d4d41d114",714652161.382963
"8e160f094a0425aca23f04ac",874751766.252476
"a8944be7383b5689b5039c87",1043457597.07718
"cb7ed5960f325114bd3489c3",913322310.776467
"275d73c7dc0fda7cbecfea89",939659570.191659
"85c24df2d836cc8addd9b7b0",717268356.980995
"0fa87864632b7bbbd161f879",608115086.567977
"c7f422224808e043753683f8",1160226561.49206
"c51d1eff1b6d29b4164df520",1189403136.72696
"b50e8c13de383e64711193f5",501371113.096937
"1308dad458274c698b2fec72",501371113.096937
"6a1024c5da689de67bdfa274",656135239.912959
"6e426f60d25aa8a4c6f8c9e9",471561290.911856
"b80f3a46440daae51308d459",757874925.934954
"f59ed9b8ef1726f1a55a4dc3",543802833.299663
"368eddd8b6d39bcc7124a41e",521523976.135778
"391cfff759030283411dfe1a",501523864.579171
"4f140229175de685a0999773",494099184.14064
"cd365053914fcde97b7ee9a8",792277062.688164
"16a05fee8dfbe78d26664c3a",692171976.842506
"c462f0736fdefd319cee232e",927465684.721522
"b419d977b283e33c0b3da86b",1155322344.31759
"6eb27e2a66d08a8a60567272",1069230459.09004
"7486ef139d41d91423317e0e",692080095.570418
"e663064dd77e3c63ab9222af",1063930891.47569
"9a6849637f1b8332ab289e27",1287325662.68835
"498de85ba30cb01e9c686081",528748414.365562
"3507f260c3c6e195fc444533",522977418.622209
"e538d52c9b2dc994491be3db",402901075.549704
"f016ba59a64f287099fc4af4",647064044.842703
"380ae516dd46442f97acfe14",799663388.408684
"c97e4d7e08db3171290e939c",736897631.313877
"f7847aaf1491103fd931aa5b",958943049.063915
"08f6bf438980d55b35ce7537",958943049.063915
"a6a06973b5a4c990d5873b7c",645013088.093527
"6e26918c69487a735a639c1c",976177834.466508
"cfbc690c55e5c2bd8dd9d89d",785765721.950087
"56fe5c13f11813b82dfb04f8",707552689.814629
"296f0158b5cc1541cfc8419e",795602792.171532
"6ed2970ed02a3e50ac984aa1",740000674.993072
"4c9f3af11fa91e729384580c",779990888.825944
"2ce779caef0637db97954912",762913698.992277
"d743892816160218a63dcd35",834349463.851271
"758efd6f99db309c67cefb12",445209950.695929
"a4146ec09d782b08e8198e11",861543569.439888
"f415c2bc1bc0fdca091285cf",1243945764.61874
"39ef4fb2a43fa3bba15a0b16",765106868.284585
"874ee4f1b9c6dfd3d2358834",1277554565.24349
"e9d514f90ebff0de1936d09c",841071323.720893
"9f15c77d67021f349714806c",563147120.859089
"a600ed86cff36e636d204f39",690308469.815569
"58f55e9bf743e2e3ad43c274",777150876.552118
"af1aeb2ba89d29973f73511c",601331874.877435
"bee721e93b8d8e7cb37dc992",694755666.8103
"bd52dc8dc5398e5ca2952473",411339417.940387
"b71095bf5e80bcefafb12d52",615778510.99281
"a7f48fbdf807da68594e9ae0",444094423.071237
"50de04936770f874e1eb86c2",426591756.821959
"2ea47ef8f02712c32613fbd1",441393144.045593
"27eaac0ebf8a5ee99d143218",835268709.409558
"ee594b6bb0751dab39055b3e",558459359.795595
"eba0410242fa1e8dea90b194",774913189.997912
"a619d30d6f2e2aa3b9613c04",431873104.217089
"df58a4244134d3493f3c9f30",695667284.942356
"32dd96f4f07f67806146ec46",542382736.340345
"a77ef77ffa731e8980d36b27",690036042.63606
"a2a1665a693852185673f6c1",1107247272.53636
"8267eeb41ed1e68144301a3f",772810499.718462
"887ba6b287a8b3ccdd5691b5",878215852.834067
"1fc94e9dec93d52e0062e07e",807262714.578272
"ffd3d51ecc85abff64258e1c",775607402.309658
"3eb79541c2ce9413d2c54736",752141154.200741
"fcefb2186b13c8bc39b17915",1036134473.64012
"d4a43654382201db5d318dca",898396637.256276
"15fbd295328ad698d3c76aec",934450156.057258
"7f5e87fbb4952caa0cb658e2",806645557.134501
"9d348aa70957592dbc56ef32",763161017.453664
"2ac1105447a71f68a50105d1",1015435411.52538
"d8ba9eb448ce35ed404e68e3",1066691485.21523
"21d42e80f6f818eed990bfc7",1016447767.48071
"81c890b0d7cf787a091d4081",992863514.970911
"518858c561af5c13c8aef9f9",805499194.116999
"01cda25ee8545b9fe19717ed",1068899378.85059
"2c34c1e1655e87ada03f411a",1003247256.46881
"48f9e9a87e7fc0a678460e05",1006260220.48322
"76ae7be5da1785c37736fdb8",1123161356.70094
"3918fa99179953461fe07f2a",1096896241.3299
"305080502cba05a1c165560b",655823444.673729
"5c3aaf3f75d6d3ae9b55cee6",568686964.79582
"2ab263b5d1ba72fa562d64e6",823470020.920472
"6d13129db564ad15e69fd534",1036134473.64012
"7de7a2a651273df62aa6a21c",1107247272.53636
"59f9cc9b23cdea5bd4cc3ae9",813352060.018143
"d4436ad417941fde0aed2818",1036134473.64012
"80ab8d9f157c25b40f102854",763161017.453664
"06ca01d3ff86406e896b6fa6",718448658.130152
"88f36882dae9a0487383b769",568686964.79582
"da474e23f34cb63de4ef28a4",763161017.453664
"04f968f1873a655fde8702f6",502186974.719826
"1dc1a51628b8eb1bba214498",515641455.688152
"e7cb4cf600b9d931eb295c71",612175104.011573
"9052c644813d546987a72305",495919547.004972
"1e32a8825a7ea79c28e27a8d",581051595.73469
"82f34c2a6644c4cb0649c44b",742685458.389046
"95815bf7c79e4bff3f41b233",828619358.050939
"f64f642775ed2c9f45aff215",543891696.122301
"4cac81eebdeb45eb0e8aa5fe",568376967.457794
"c6da2874d2dfbb2ebab542bf",852447166.490679
"e7c08555cb8f5c7d0f32fdda",503013662.399473
"10b7c99bee9a4a21e1f32d50",645827289.664086
"f21625fb82740d6f4cf1c325",453523997.401486
"1c3236613cf95c84c5791bdb",538063502.564796
"b11c3a4642f7eee2e443eb32",1129632313.04076
"cd08976dc2d69110375f8541",552176374.264354
"a44c7ace8ab50de7ed8e5a66",431038218.802931
"fa8f13da6d8be3bc1f05fcee",422308112.164285
"77bd7837b02bd8f2c290c9f8",429079210.400681
"11a79681fb0a3f6eedf11d1f",727540044.587328
"70c3b086af66b0c9db4b0b96",727540044.587328
"64ea18085495f759116f62c9",738689691.751626
"ebf4bda17341de806444ba83",763566820.996872
"54228579fd8812c3ea160341",976290959.19091
"dae0265a0f2f79d3dc010ac8",913055899.395147
"7340afa659775cc18d83aa4a",1015255738.02149
"5ba05f67a77cebe5cda31e74",832213329.52222
"33dfb510aae260ccefa4d349",1007283678.32082
"82af190e32398942775056d5",913055899.395147
"a9b9263f6aafe8531f3dadca",1029523794.65538
"9a38e7293e9ad7d8462eeaf7",1180245481.82548
"5852773a80f7f1b929c7dabc",1211607315.44417
"52fbef3effd854b0ad0f62b1",1063719788.45171
"0016e35cfd881ee2e37b49b3",655446420.03998
"380759598c614cbe10ae4bfc",992275910.289187
"fb63e870ceb7ff355299f3da",714513175.502916
"285b8cb5e9c887794ed2fd1b",745316537.275335
"f003a46a1c8e04da0052d72f",527329305.529866
"a731b326a61043070c3c853b",585287748.126604
"d2644b46136fd95c0fc2353d",676083962.818027
"8248697f70c21fa361840755",1087163375.9092
"075b5c16441d9d67cf638386",402145346.275136
"6bb2ac0cf2369cd8fd85bc12",741445321.738998
"2c0b3d69fca6677ba9e95327",898749326.535969
"c73ffac843c155f24985e6f6",811215801.954945
"78b57a58368ab056c11bb0dc",803728642.562322
"90b25b6b913c1bf0396c149a",631548443.591572
"fa29c89363ac9cb59667a43d",803728642.562322
"eba756e88209c420d288c4be",683499495.64294
"e7081fb59ffa298320321633",981214361.806242
"db1c3ece26da7b342eb7c8a5",803728642.562322
"f9ef8fcf24d28ce11e71d758",829304491.250128
"2f854c9df6212c39091bcf28",600279662.341419
"ccc66d77e5f68779b1c016db",672133959.749412
"47d288f8f9227013424d6976",384526923.607344
"3e891afdcb568befebd66fe4",529032193.268702
"2d1f036c96e92d9c557605cb",442301413.320109
"dd9d63c612aaddbd86676c34",618024515.334765
"13cf784fb3553f75acf25a4b",442301413.320109
"57dd353ac00d0e99abdb3733",1128660364.50993
"ed0051ae106fd0df60a14586",931192856.393512
"0997324f14c5823413463546",1271269602.80252
"e2cdca1756b1635dd1ac2b2c",817688968.04327
"7700df9486a1684157527739",551125804.034986
"e790b21630ab963a65c53df0",619106867.856932
"2bbbd9878a1e7c55bdacb330",676470999.319989
"decb25b7fdc0eb259831cc71",828326806.205747
"fdbc74fb5882051327b3caf8",584493886.525346
"39dee9b1661292cdda6c4823",807257566.104311
"354e2de1e3a81a63e7fae4bf",842783073.199418
"f80b9e8c51cd71c5be281652",388772553.694642
"a96b19e82d9811d5de1ed0e6",402172398.923475
"5e5ca2753a908aa1b7fe80a2",686753387.797408
"495b6e61d1b887f8b4c1bcbf",472859014.229119
"ad8ac9edabcf2d4b06ba9fc1",821660106.598921
"359f6a66a407e30b40979d2c",905731141.531813
"ad351bb6437583ec871b1739",787810800.634735
"262b1c8ce7db2b4aca2400a1",1011239669.21375
"6808b10f5876ca36f569a4b8",1052674974.66146
"54c74b36962edcc922573792",494620921.877582
"e7fc4e6b1fdb38ffe68fb680",720924458.807313
"1c9325df5599379a73e18053",825185769.488655
"8c9bf9031bd378c1105e3f3e",665623971.248225
"be70989d473cd731f6d8e580",747893885.747855
"46136f5f078dd31170c58e64",949541005.636197
"7055f85f7749c4646577a51a",421811495.628992
"861aa922b483f9bf7884dac5",438207596.008398
"45f18e0bb676d2495a227dfb",520379586.709236
"9cca7c1e9ff65766c8dd2e29",438917305.007401
"b2b7020e66872c8d83468cec",518864581.476446
"7634d7acd4197594271c84d5",519778010.627213
"11ffdf367d817b582d590db7",615974368.015918
"103687e73b0528ec29725f1e",504645152.051247
"8b5369b126b75c497b1a7b73",611968335.34846
"b33c9b03cc12a253e4936cc3",756824536.514433
"ab177c5d60492f2ff087708a",521743280.264031
"05bbd028f30492fc0a9f35d0",611968335.34846
"2b9fd26383758104d567d474",611968335.34846
"4addcabbe23020d3d0d46ac6",611968335.34846
"d93ba0c32244c455e0f7baf4",611968335.34846
"92b772a38d5e38bb51a3f621",868087826.085501
"135ca1dc80ae4d9993ec46f5",614774137.439994
"ed5192bd8038c77ed2e46f0c",586413734.542521
"3a878d44356885ea61bd882b",611968335.34846
"c29c69bc6758d5976024e455",557660221.861634
"dc486a3d7e9e2e608ab2a7b0",611968335.34846
"1a34acf8e509659534a56b63",742970683.330696
"5716ed7d678cc2575397174d",421326082.933686
"444c68a7a6cd0b794768d5af",632375938.656785
"8a724286cf661794084aa87a",1034787535.42317
"ff9c4796bc3ef18ae7bb724e",925871634.579182
"35984f749eeb84eaf938bb08",1015579872.94439
"0998999f12dfdd50c597c6c1",1050569058.91468
"58bc65fd2e0e4430fb353d83",998389534.77568
"fe483817d899e0044abc3787",802672824.124319
"183a8459fa248605b8b5bc1c",714847934.48234
"a1f0d61cef676fbf798b5473",528656284.784215
"d7d3cd587d291f389ba2e8d1",727814816.06995
"ff8e7294270343a00978dbc2",680418446.498707
"0996cb112fc3919564e87c37",818907221.90373
"f183e3651c485e0001e64880",787453005.990809
"e28474959994ea9c0c2eeac6",949965498.954749
"682c0a5f5f3130a61b5214d8",865678974.303315
"245663c600727f7c214063c9",812248779.045008
"dea79d1b25bb9c78d331e3e6",626767532.116282
"ba212b5f12959e34b4887315",687484626.055766
"dd4eb14b56cb00130955d021",1108752631.77052
"4c94103d4366bcaaee4b550f",1022365440.62327
"7bd9cefba3f5dab498ef926c",1296153132.2183
"1d7a2572b466070f08c6e564",656175261.776276
"a38e7af984a471331b2d758c",921290390.08393
"b6775aefafa4dcc161eaf6d5",585790384.420283
"8654295684292e74d0245238",505416762.847537
"f0ae62ce6eebc4d07415c48d",994316322.035027
"969219d7b193ac92e7a008ec",723053946.094685
"651d6af0968fc05584cb3d25",649101002.253035
"4f992c2a0526c0074bbcd875",427060159.356229
"9536c686b6ec514d92493f9b",668242752.661609
"5384587ecbf956275d86e60a",377565034.747874
"bab5690da7c42909464cb9a2",665160556.253995
"bc91072d808fe7b43e972f42",431058269.497868
"37cf2c5c1c6fb6e601d2f76e",398098636.487456
"4cdaece5d1dd4e089a99f47b",534743189.671787
"b37af80bba5adc197cb51649",476817157.34088
"552152b60bdc1ca16d2dbb71",709746212.121578
"32354bff9df0267a5e139156",697592796.701326
"fe4a6d7d7ed28b85c5816fa2",1168569125.95189
"afbc7773755043a40a7f9d6f",557355712.270542
"daf2efda70c6f3cd9257d0dc",443052108.901855
"66fa7c9e82a2876216b14b1e",557863248.219649
"e34517b1563d829104e230b4",393198297.621315
"222a35842b0bc09f48e1d0cf",553941306.548715
"c5a64fe5ed5901734d98a22b",538117563.819189
"05db9fc492801eac98f69c7e",468883337.402606
"6e4ce81e713a571601d861a2",665519113.136127
"79fe5105ed7a7861d3c0187c",396617667.818584
"70ea911907d320da1f7f9c41",448935372.216368
"e60024d6e0b5aa52e27a3b5a",493707370.563491
"bb63f086543cde77832bd4ed",493707370.563491
"b3c2187fa96006fecc6b8ba0",408903605.467747
"9499edd83df77bd6a90560c8",408903605.467747
"a947158782fe2832cea53040",714962952.244386
"2e1608b8c646a102e27df16b",716473238.813144
"77fbf1f0c35c1025ea4803e3",687352784.621893
"f9e6a759b069e04b0cbf0182",723791036.214646
"1e158f436f2a4caedd1563a2",688237879.81422
"67af004f80b08fae38f472eb",616600621.427342
"386ee01c3f7bd8bdb91181ad",1048914345.71993
"36ffb5566bc35fbce9e42679",466114684.694328
"b58533a6850620b0960db713",557415769.502944
"41353584f956b9e316c6c67d",602276572.988048
"b1d1bc7ea83d5c584988b95c",573615579.143769
"6b1c0866e6f12f7fa8de94b2",733575634.380079
"fa4fd8380dd2620c672facc5",752061440.891276
"44394e66504a4d77587ee105",802120082.732128
"d841d6a82425710e36460f64",770255778.82865
"33501f96ba3b02da073d586d",452523314.699985
"831693b6fb81df1359e45db7",655041810.517425
"7192b9d32e4ad55f6af9e241",607187497.307263
"4f99b97100d003ba3a2ecd46",675910143.498278
"83d969bfc020aea27d2b829b",751769694.351417
"39be6f994f2cd3d68b51126c",757139702.054944
"712f16cf2506710d7f2a2e8d",620837124.867168
"7ba618fdb1fe8694eaecb64f",684559732.620433
"d8735967c942d1a7b0cff7c6",766292521.151259
"b4ef40e00d089a35d750888a",1017176507.00551
"7d73a548c2a29ef2d9655e1d",457735706.733044
"63131b8d125073c7dfec72f2",999389420.748854
"a65655a4f42564ac48bdffa4",705050121.107089
"033d3f8ff56907db4c453700",643671367.806077
"05e8878bcb68d03e3b656eb3",930909700.832802
"2ff0775d2c131d19804f2a2e",690077238.163222
"9957ccd807718945178bb847",1069463278.08159
"7bcfd82ced5d6f1ae390d388",535389647.508031
"adcc03f332b427be46f118a5",816266446.182631
"b5dd038cf35169bfd0e62eb7",838810712.222328
"35b789e1d63f8f25980d21a1",1016311877.45747
"c9a215f284e095850c809425",830725571.649397
"d26efb0e1213e19c378edfbd",889799411.511031
"9990217fa4eae1d1c4ed051a",904111755.497895
"2e9390c4423db604e1c7c4ec",683516110.626853
"6faf9b6c30b176e36f2f1d32",717093357.599416
"5b83d91f4d6364d3e4be1428",804659579.925843
"0d9616f0ac8b0c2e9e0a97a3",528531883.737181
"9c9fd309cfb505b628f84fab",1047419870.54069
"98b77fc0888335702d082f8b",810476525.374788
"051d68945b95562009d4029c",810476525.374788
"eb8021804e63016fd934c9b2",789379505.814414
"ed6c8c45bc8c1d160cf0d0eb",1035902172.54989
"9fc8c3523883947769b2fe6c",1065102318.23283
"3e9cdf767389ee551b5349a3",586090120.288623
"512effa47a1c7a5420bdcd6e",395119687.553058
"0768e70fbda0e09b88c1548a",450217585.376851
"acfa7a1cb136e4474b7efe32",845253320.161742
"a343e6ec6eadb287711d3834",722887417.035099
"a698d80ede6cf6243fd9ed99",1137850521.73595
"fa5c81237a94f2f78f05977d",997271490.541205
"999c8da7dbed7412dcbafb70",826029605.682034
"c33613eff66948d1bb8ea3bc",801370324.314863
"a642351076b7706a733dc52f",872357238.40179
"c69e08214cb1fbc09ced0971",384373064.941119
"48a20e676a060954308c9ecf",471004716.425937
"304ce5835e685778b1c2b6a1",675894800.096029
"c859144477dcaacbc1654a8c",721137682.779423
"98865eb2f40b8a30893cd351",619464809.969157
"68dd15c8e9b71171348ea24b",1164944908.00093
"3c660885ddd7e98ba5ea26a1",1326216825.70882
"c670315562766401f92913d0",413627163.444982
"777a8d05edda0a335d89e90d",689246144.352848
"81f5c32a2c2d3b32329a645b",543572271.059723
"40525fc425906c9485f1ddfc",421122436.764634
"8b6efcdb553f6e936bd90f3e",695978266.609575
"94dc108f1d146641b221cb81",435148841.295639
"1034ee7a5160fecdb5e8c27c",603014605.678686
"48b34600046c903f0ae4e6d1",1101435274.16311
"edca31377b4f7299f8b45187",1147678170.67667
"b1586cdf68f36926c3bf72a2",404714055.557358
"70b15c2a38c404e62ad05171",465173565.682629
"ce18358366157fa869bf3833",524798643.174259
"6883fb90099426e6f3922909",468984165.100555
"1b7151cf29b565b2f1caa559",543881749.552678
"f2ec3a3598c99bb8c38cd680",417822486.93808
"38026eb43ff9876cd5767ac3",470251401.811079
"9f68ff98e302ab06df4fc672",479131105.6091
"2d2ee255ed2144b9fa1fcc39",607596745.082069
"029224b78e8f358aa9c38e94",422097270.542329
"88da5851280dbe750968c565",507080284.669797
"1c67456195075a051513b28c",442047617.572248
"9741ff1b895a038c32205784",757880816.573469
"75fdbee42ec89d428143066c",434320163.007095
"9f27627b9e439fce085cb01c",765047130.604506
"a4a4a57cf20ad739291aafcb",849928516.766189
"84a074517742e09a7eb6f320",784724844.795361
"28fd0437736c1b17c7ea1f33",619363971.483973
"beadf1de0732143f0699895d",803825783.501771
"b027f75411dce9c742c5d0f1",705557748.759901
"182077fd9c5142d503309490",869744926.300757
"b1df92683a593edc3f2b45ad",541110728.434866
"38cbcd7f88c1520fa083af9a",802088998.011964
"8ab5eda5b66a6c2becffad29",764762882.933138
"e68ceeb098f60054c19fda0e",825083721.165363
"e6ac4d158437142c15bbd4d9",1007684672.50305
"a448d8246781ae78dae61619",779344305.162582
"4e878e99ad2fc34400381c3d",836873938.871743
"beaa09cb49a98e8025fd7e8a",586861983.194589
"3df855d8893dbc62eabd95c6",606128091.096274
"cbfc3ca911ca23517da8c2d0",1132575008.21911
"a020e479dc5db78794a5fa77",1047094814.92288
"6247fb0e5261d4225f6c9f1e",673444695.417912
"93822a34ec8dcf104e7f49c4",792395335.399992
"17d311554f40ae8b40234c31",766012202.474659
"762e044ce9371d7b8c7acb6f",863624702.116227
"2fad468e1c248f40ee3586ad",975052635.206153
"fc25df25f4151a16cf0c90f8",1245925650.10319
"39c1613acc0ba4fe622c1f31",891337130.266708
"2c15a0733cdb932ba8f2225f",871387829.96798
"1db68ed64501f35c51d74c5c",991661950.257748
"1d968cecf268a7f14def1af7",838127130.956217
"77c886207faa6965238b152c",366790588.069824
"86242b25bcb2dd775d25191a",570879825.148152
"a8b457cf82926e25cd862af1",892270432.9801
"fec1212eae4e6369d5555d8c",907334635.980707
"8f59ec48e38092ab01c23e33",1121552018.55957
"490b89e972abd7e64b5ba6c2",799983811.695784
"f8f217756d32f31faa784c2f",753971186.130209
"1c2ec62e8ebba12c6146a04c",939164436.19271
"2afa1699af46ad8124f76e4e",854529807.246707
"8c1695c9a31de0f956e4ccdc",636132561.884312
"d88bba495701ae7a44eecc64",1086665111.59351
"00571815d5a7f208eb3e7737",1170798299.97145
"d626a635ee75c23aee2fb327",1242273906.09878
"7e3937cfe43dc906983fd321",1058660147.66964
"ddd8906ea4a22b782c7888bd",879922083.736363
"258abe0fc321f6b24d37ad86",448385606.887506
"f637a4885488bbd499199148",788980447.379878
"97f5e6ee143998e0b3fc97c0",655917672.852201
"be4b96920e3aa5c57baa13b3",386113997.377521
"6e7f3a0cb6246f13656fc95c",1107411814.78371
"0cdcd8cd52bd1967dab88a5f",485521247.410992
"83da19e7fbbca11083090574",535300121.883111
"f0cb484eb3f6e04b5b1806ab",645787638.369505
"fbf8b0f1159e89428778c847",564765939.61313
"7c316b981173919b6cae5516",749822464.442972
"d6496a3215daad9089fcd5c6",1065352966.53269
"e104567c1cc70000692f502c",914954362.78739
"c4476befe0002dcd0c315993",628408421.536434
"3008e821640b33a8d70beec9",478994317.87974
"9eaaf577807d86ab64fb14ae",361171662.390411
"9db120a76af04028d2f0ce68",341353478.985744
"81e1f8b1c0e3b15f2ebfd84a",542475186.118436
"9943a2530009f62cab6b466f",528146403.202497
"a8052c48a500926214eb2e1e",420548697.581598
"3335313b9060ff29782906b6",598155529.366769
"cb93bf58a01eb262cb003061",764700373.523321
"0e04f84529d92f2832ef986f",541100123.586426
"807d7f5155bd299afbb6491f",607260817.013844
"76558d67def95bc708039f05",976463556.451681
"bb19983466b1a1184ee7ea1c",765392028.861446
"34067d9b2b4e45be1e5cfa32",581770270.403188
"1c4fab7d9cf798617fa90a19",549416731.458534
"b4d610e0ecfe007c133a5ea4",510947540.830671
"ffbedc0873b99654d10188a3",411969303.190216
"ac413fd87de33153899a1d04",703984704.111902
"83349bba5fbddbfa2db5078a",723363356.442076
"0a759932f763df64a463ac18",762742044.061747
"fd9ebf37acdbb0e4bffd2fb3",507703610.819243
"f725f6ebcc3fdeed22bee385",570570848.383982
"ceee9fd6e692196b960443d8",507703610.819243
"bc10eea54e4a1767881a2391",614951717.341969
"4ed5718470ffa3e5b5f40bae",507703610.819243
"debd031585e9527fe00f116d",905810349.432352
"23b5f2af5d39edd25db6a522",756915376.974525
"f51000446ab65417942e535d",766102166.2524
"e6ed64435c659f236cf213a8",556534646.608696
"b160d30961ddd3dac16184b8",766259246.026275
"0cad79296edb4b18582dd77c",869912749.892743
"7bbf8e16cc32dec423afa6b3",620372265.533413
"acf98212eb702c79f16bb058",761270030.397723
"1747dd033c2c2769974a06af",677173374.387548
"d54e80ee72354c70cb84323a",677173374.387548
"de901d3433ade456e9edcd79",677173374.387548
"3fea10126c0c651f02de7167",677173374.387548
"f823f6d95b4340e8e4dd0d57",677173374.387548
"ff6fa86afbf9da2aa8eb7991",677173374.387548
"a966f298e8d4d3d580a72d99",677173374.387548
"5b0918cab84af6fa6c464037",818873256.22362
"bb1ece5366ebb2ef9d52708d",452893114.792266
"fa926bec03068764c8545d41",584197025.065271
"3bb987adb4ff573ef09b8c12",505681194.794115
"d7fb188814d4c118ccd83989",442158139.203657
"ba511b37b4bda08d191c68da",436004033.561402
"3c2f62f464aa5c48c470bff2",807580775.295754
"3256c6c6f30aea9cc79b7283",952005930.813731
"9844c3773f7a50c71f218e99",1022276336.99184
"23229e392dbd8fd9d80637da",1069882452.81781
"e0f47a028df2dbe9129cde7d",879932675.253436
"a12f0f00148e564ef78838c5",1022252881.01704
"d3ace27450b980262ba9bf76",1254394165.96267
"0668a4a4521c783a2d817413",837800348.761872
"768f69f0241fe339b6f52fa2",737824445.9075
"e78ef4d2b165a8e8781c258d",610858497.738395
"631ecfa47fe167bfaaa967e5",405738362.927829
"954e3065b1e8b31a68f6d4be",586785766.299466
"e81c5c1b820636f691e5c5cc",850116684.414111
"b4c779732e827ab2fec8e8eb",1084702101.67528
"b58208759ce1402501f68906",720163983.680065
"59805e5f4080246ac1d92b34",835035873.593679
"a3fd38336516b98117e328b7",1078784863.25094
"c0bf06891690188e17ceeb8a",538519510.424212
"efc8ccaeb09a5e1bb0bfe011",602564290.486989
"8e604d41e0cfe9c93ad536d8",1076664009.34744
"f770b66579bf2b55a714c43a",747165663.05992
"4e01f07ee4b1241360de460e",1150135421.96852
"dba1be42bef913f35a95735b",763541873.923612
"d839ca90c5df85e5cab54ea1",790398496.73152
"ffaca67ff9f0d7cbd5bbd295",1148498185.84598
"6f17875bd3ecf00566dd5c1b",881507752.742867
"10d01825744060a7b777ee4e",595918383.950091
"185b333862e7420f25622efa",799400271.966318
"7f7141f5e1a7964ac6dc688e",1063422978.92744
"adae78b82caeb073d84f02ee",905175080.659237
"4c0f9275581b5572635613a1",512787654.636996
"9d6810aa1035e91b72de6a26",508761499.797445
"069798704327652a899a189d",635416255.950003
"2f34de2546f13e8a9dee1edf",665086354.035704
"8147da5e5f53a163443e8506",651516814.308092
"6834b61ee23cf04daf4fb83e",805391538.208263
"59cbc0e7dc6e6922feffab8f",790024316.421253
"7cfe5c3f5cb1bf095eb2c503",765593190.932816
"d916219daa90cd2d99edc609",624206213.230683
"e78ad3483c5aa5a7a4310720",636975162.210309
"d048fdc255a5a7f474d48c0a",1192353432.79283
"b76a3fe6a49dcae6e6bf5815",768636623.630785
"75fa60dfb737ad50073848f2",801877294.123167
"83c1d0e2b8826844416abd9b",536067478.54455
"8c02948b66db263420c20d3d",852150679.017005
"33ab442cf58cfaa33eefb6dd",394821648.582528
"d379dc03d78685ad14c647c0",482413044.454764
"5e36efb290bb265d81706bd4",654062576.873346
"db534a5f57e92d29b9e150cf",922910310.619187
"5354a816a7da90e205448832",457414680.367748
"f0862f57dd6be5e7659c65ba",575204855.37267
"7d58eba13f418d890ef563da",688438753.507942
"c2fc3f04c3870e14b89d5fbb",860478853.281865
"15537000b6806ee84d4615bf",1189178468.00196
"e82508e88e3f62fc8e67dc16",884243157.362831
"86ee57ce617b2be312a9efd6",1032362411.8252
"6bcc29a0afc735bcf3621595",1018758833.92749
"d79e2addf7c11180be222103",1131727023.67529
"adeadac88e573824f08efa21",787159368.379699
"922c37e46fe9e75e73fc1f35",561020934.818595
"5d09f2d1cc5fec761ac4372d",785351072.704017
"8c5aa3c826f325a9a6c6f524",785351072.704017
"fd0c010fa0c4b84dc75ede86",914278111.970594
"c23150d0aaaf932579561998",836803546.856587
"163405cd6248bc3e832dc93a",753205136.767956
"eed12d0c3e65e9989fc4f4bd",694480332.472363
"e6fd53315e92a55c6b67405f",493703495.397036
"7a3ec914a15b47726567af96",517684579.115983
"7f02f056d5eb4aff92b44659",582538884.522821
"2d5d9119602c228b333402a4",437271457.906461
"43fefda5a3b0781578d9f2d3",666374742.201707
"513211d9f07fd6645711ae31",514844484.19506
"c3e1e0d2618556de7df13403",578952920.063718
"b4a4d705930d9afe896dff17",441457217.687055
"e44b023e39910ed29f4dde2d",687061071.652319
"4e78d095988a92642a1bd18c",545006816.078388
"92507b623f039b4ef5be8870",735475102.181362
"e216fba4bffe753a527ecd4c",640082439.251686
"24a4199c17f9c56f0b3ed12f",813503836.183639
"6bbf09c3bbc3e3a000cd2afb",659862686.40984
"b3d45812baa819caa1400255",896484757.50682
"2688e4cd1fd441d1da455504",737433432.601463
"5dc1fd6ec7ec8c8af71e3b6b",888680021.491627
"f7b7e298ca8fb75e11e92999",730674543.37941
"05b71daf88eff5ae8cf5789d",798926763.408216
"e8a7ddb4e5d43d156692326c",1074717586.3942
"632820af2a0477aea5ccfa1e",814201821.22217
"43a3fbb8218e73b956ca50fe",948246249.593744
"398c195aa41ace34a16b0d7b",1056860334.80369
"ef3887783a12f591198d6c27",705078923.857266
"e6653cc1c94306d4e56ba216",634164769.954071
"166c21ff83e97c6e74169d92",995898931.976333
"d0fccd2708fc7def00c72317",962896839.864065
"d66bd7e4bc7b51d23af57de2",1060766190.59044
"8b47b76193159a21c3580a3f",1090850571.65661
"448d159391c38e4ffcc405b4",617619345.11062
"9ce7fb3190866e6a02e01e26",558547230.723051
"c25f892c01420855f61c3dd9",603249340.96458
"2d5ccb12ebb6fc7d4ba462b0",617473671.109824
"9eb4041ed9e159ec0d890de6",431886701.607311
"c342f6492f90ccf623e8e8cf",490318705.186097
"c3a78d9bb10165d9be188394",756792276.623288
"1978d8fc2031af21e98a4e9e",830331433.632926
"d6d581e852a025b61cffd6cc",982272980.20784
"ea28f68a1d1d81d29b88531d",724190193.091421
"a3cc0422a37512ae124013d8",890305561.528137
"073a3ae443f3333f0f526f7e",755467202.365673
"57238dca767ebf3a842c5f10",1116469939.27441
"113887ac25fbff9d30fe8d35",670032436.952094
"fed1a50c562ffd7f30451adf",697082192.755016
"b1e9075645f4b374c7301346",784190848.289758
"6517c1efabdea4c1f93078b7",445671478.145521
"b966fa606a3b50d3ac7249f6",1161385802.03402
"e0ad3e9588636f454e9e484d",848338130.770695
"d7ad46cde8eca723de6510d7",923277231.569808
"447f51e37fda773ab748814b",791943153.217608
"a6b992c9bf4eb32ab3d1df4e",445183398.489448
"3a9c7ec02f3e7e419669fee2",397923284.695848
"c908280d0461c3585af94d53",956279147.651114
"b3616a055e722e3720cca48c",874162470.525763
"45a8f6d942533794501d775d",699773707.382432
"b6da1db3aa02debd11e26edc",688215233.357154
"6d12669907d7d80d0b458a93",751524063.729795
"5122b2e9638d3438434fc56b",1288537487.82761
"6367a127b452cfa27043f74f",792845095.928038
"fb3d29813052141c015669c2",551330639.242123
"5fb76f2095eb1a5cacc2524d",504015792.53573
"95632ec6578a204881694dc2",588516280.286897
"846b75324c0f3cbb027387c3",834016070.30149
"940dd8311f2b49d4ec212fde",818471039.941315
"bd0261ab68cf56950ccdced9",618015668.379086
"f79f0c23b5cb96b5d022582c",582527533.320442
"795cd68f9a5ef45902712524",655548415.31683
"d908973d90db91f772890c9e",428496328.267894
"d670be6c848b1e92abbf415d",432976807.54497
"87b940bd3dae37b9fdac5d4f",486953960.465493
"8a7ddcd0c452e7993bc5087b",414618917.359065
"8925e22f8511be30d50545cd",723831096.051322
"1342c307971094041c9c240b",891228238.193018
"385488342bff3d3587250c84",853690660.628316
"f8e25b7d7e93c45df1b3a4c5",1186343372.7258
"fa4f331f05b1488990a69ec8",1180245481.82548
"a71d187784b309d65cea0b14",1144961027.59692
"0f44b84024412099f27439a7",551212556.428112
"0ea1a5d32324d270cde1993a",735697873.088547
"b13cdf9314a34852e8db4221",512671047.936596
"75e0815e2ba7269a10d9786f",413455608.048802
"f42b6680baf774d27fdf1e48",518178568.04891
"5cde1a59393643d7ed4e909b",837939520.329984
"8736dfe0f1c6e2181b0ee31e",943598719.394954
"5859ec20de4a5036292ee947",1100868518.12573
"1eee0ff52c53f04307cc3216",628577851.649464
"b455979bc938acd34a580eac",739918941.053084
"6921133528bd6fa3675ce8de",1007714094.19842
"3d266736d0307404a5804073",570010476.812122
"f4f6e48b618064ced466c302",421545073.607784
"dcf606270a4612aafc5f9f29",533179252.520513
"5e455623c380290e0a8e4e48",478487337.706407
"ac3c9d9357fbe72959817602",675766817.118866
"f48fb9d9c42b0ebee72cfcaa",437683169.774219
"dc99f2871bc05ea7e8a97d72",742873146.181037
"b5cfd5eba0b6297cefd6d3d5",1071304053.04762
"0dd30227247f145bae82f96c",1111442437.43194
"9f347bf53e4ca4d264a45241",684851593.321297
"81406ce289219cdab015549d",954596141.380832
"a085fab6d9b9d8c24472cfb0",1288753817.0302
"1fce0e993a57a3e3873b8d7c",1232933510.26369
"af67d51867f382dcd9cf34b0",1115119455.65315
"432f082ac51bb0d39ce45b0c",1163866232.41368
"b6281efabdbff697d70925e6",1137915795.22903
"9215d29512b14aab6178da01",1286153979.94116
"6218a5d7267f02c576e5bf16",795176479.68765
"d66cca2c8e08c89af26e7622",1037955270.57017
"ad3b4ae81c322a9f91381bea",724252597.414682
"3a40bebb521445fcd32cf033",816826115.634446
"c1ca38f941200a9d666aaedc",571530837.96251
"a1da74ec074df16a1e8690b9",1223571662.92878
"502154647e351af240615b98",627249858.110272
"b57cd3eb0290984f061e1053",543010083.087562
"4db632fdebc000c9e64a589b",619353544.267232
"e380184391898aaa2d3dc540",760173205.982304
"dca45f1c1a79ea5ebe639920",845087224.309169
"961de1cc8601447b03682e1d",806576513.225669
"60a4f09c268e61fbbe423ff1",408573670.000096
"c3191b6b40191009ae9f4b7f",1141566343.40409
"478ac408d2a5c603aa23cbd5",929558097.861146
"ecdb747ee4a3ebf958252309",585977671.055977
"6c36e346957e336a33a7708d",826318551.01462
"09b18e3f3cabb7d5469a8d51",794148102.554247
"f1a5856ba56e7b12cbb9459b",435335977.486112
"c378ef33f40f8be9263e517b",630499473.762763
"b45911f1875da543199e97b6",1056027516.93899
"678c70903bcb6c90e3578d6f",1109756808.31645
"be22ce55ba31cbf7cd285e5b",611042081.368942
"2dc58e6aab9399e9677265a6",1115367811.07098
"dae55582e86b1f514a4ec3bc",1005682522.83125
"c119f62348e418d9ada13362",1022528857.5948
"33510511ff07dc7354cca7e8",623166998.365607
"16b79a8af9d6376c73c2478e",948561099.959953
"714f90489426e80933ef31b3",661902195.892635
"6c8e1cda487c9841c8d297d4",706350196.583286
"6d9c4bf994147d8892d27f27",1170852800.42325
"1b300634b71b898299c54671",867329935.796304
"181caecd269e115cb5cfd75e",469460444.211252
"059516a91f938d2e8fbcca0b",899051618.666053
"c42ce8f9f62f7a315e028e3b",585219803.929954
"bc23e25cc246ced4731ce5f5",954091849.748145
"de44f54fd6b1b62f30956f5c",729621930.756827
"2ef897a38b95d7b769856e78",738469337.31048
"2280b5f7c47c3b36924b84a9",543158606.925632
"16ef7eaf29eab571e229e537",1078691730.99589
"48b1f800656bcae6a9e70802",669046126.121169
"b4aa025f8813a3f0b132b7e0",494721403.903777
"3c6092e8458ee81aed0db0a3",721864664.876623
"d919dc64995903c9120eb61a",795410401.434779
"ef53741b01120666a08db213",1018675270.25319
"c3dc5ad23dc8cfce0671adde",860022947.078198
"a270fe47ba30ef0056ec6c4c",401092790.675462
"f550bc7ab5992a6fb48eb60a",1171853864.21035
"28f980b3c741866e0db5b761",833240028.58511
"c2ebd39857dbbacb99e6cc96",836928769.813259
"bb9fa21902daecf876c0467f",1008897250.86607
"fea142787b18327108ee8929",624677082.430008
"a1647603f732f97a99f5ec6e",1195844924.90132
"775f25d8144580541bf2746b",753669312.405406
"527a8fb085995119f846a5d1",1002564280.43123
"8b69bb9fd7f0f19a248f5cf3",626618008.544973
"3b14b48188fdbb0917414039",582236808.479583
"02259637b8ef1311c69d3d90",1016053986.49703
"50eeed30ba674cb079689afb",538064230.609588
"5fc3634e1fcc96b9215a6cd9",993891274.201019
"23cc24e23a1d74159ff78464",969805941.434005
"44551251fe345b31ed71aa5b",625009703.203897
"82ad984f02ccda30bd60da8c",851293037.296067
"5734cd4805f5c055d36ec645",774154005.480951
"fc7ecefb27bbb5c3e25e899f",398139883.114043
"5ecbd5b92092264f4e9101bd",570961230.01856
"83a8d9df3a535fd273b27c15",1039673766.69482
"d76fadda8063e44483aa024e",984572380.459801
"a15bf12a6b8749ac8f9de19c",385440053.224128
"a3f32d81f4cd99dc85a16bcb",513493186.941733
"4029115038a899d98dc93d3a",1038649165.36506
"2326bb628b4a571921eb7345",792808592.672509
"471d6fb8037049e1e4d120a7",1101509151.94006
"b73945103f07da807f7a30dc",1022843902.81199
"d6f4479f9226e52c93d70eca",622257902.745531
"420b03095062d9571144a276",1031170056.11042
"ac0185c8f724ddd40bc0d235",580008819.601976
"228280554ba149e60f81d639",808838365.959407
"8a44e15417d8e520a99454b2",415961870.428373
"8978ec4c5b2f02fbc1f57820",1120452536.29602
"2ab88dcecdb565b6412f5bfa",536691325.107571
"1dd6f560c804c4548561cae6",1077251775.11441
"90e94b7e392f84e01a5f1551",937116867.113611
"84aa7d1c2590f37f0fd6dca1",616559683.163473
"0821fde7debf7cc445434024",447687186.580109
"b9973b07c84b99dd1018050d",493264545.634756
"169013bdcc2ef214e0163ccb",615850193.117379
"3c8eaefb3f5dd8d4c9f5386c",767931380.558905
"42d91ed3f3615247f57ebecc",790605320.626145
"a7f1397df30d6521c216e331",1119483512.55843
"f6c6ee12e338b1f9730b6e2c",447521436.875595
"8f4687b666256e136148c3d0",1116521249.05409
"925f83e20a153a1e094bc606",1213371266.36385
"cd270a11dd8257648d1f0444",902351364.769218
"ab11db71265771ed4d9de64b",419341667.263854
"ec199e33b7557dd669fe1aa4",344792647.626177
"b47fe4670c6b065a9e1db429",456313920.520017
"918947d51e52e0caf692f22f",484921352.511858
"070543b03770991d65cc337f",1044284215.66246
"f45dfcffe189327cb0d303f2",873047368.689127
"d2e7484c81358d4c79f040b7",839637559.224043
"73ff3a6b0cf4f7ffb244507b",1043457597.07718
"b0cdf05097df437354564bc8",377723238.514623
"33ea5de5e8f5c639a213414d",817613533.768075
"c94056bc09a4bea0e853cc41",601009573.904176
"6d5a91ae44cad7849dc4e969",899040236.807637
"b52e0738dec9d2f119c75a9c",570300641.575033
"0e35349077490a01f25e2ddb",1117537264.96731
"9a5fdeb5f389590eb46e7aac",1211202812.59255
"337c81be4cb14d494ca69db4",983318704.676476
"ff28f1a1ea72e21acb157f08",1207790090.66318
"e83ef75473fefbf8d7e52302",410749414.446736
"6d3e508ff42615eb78862723",677138598.814381
"3b7ddf527979726fb8aa1683",435732905.160909
"7b08cade91e2be20656ee856",558828093.337267
"59cb7abb39785d5263a156c3",917800043.935513
"bc48ec7245297b4cb85dca1c",675184496.888101
"0f366a36001c0766521b9dce",725770797.731694
"6ea022e53741adac484c1798",859158116.848864
"aebd6304298f84e7d440c379",1071536420.78356
"c5b333e454ed6e93ad32d96d",806677179.989573
"bcd31d201096351079cf7ce4",563466957.83616
"46cf5b18fd7bac0d3332d70a",883919719.885648
"1dcff645d389e7b687a498f2",875766194.540981
"cadbfbea1d03e6538af648e5",477518654.628448
"9dc0c6ef8389978be58daa59",1177559392.14264
"fdc00f6ebd155e84a387878c",459354759.58306
"99c1b39476ee8e2ebfff6ffc",889047192.229311
"8930f231a5b9d8db14e9c656",749161769.334316
"2dee15f1b082bb986f8d9513",604386465.906482
"346c734ce163296a07526a35",698756923.09517
"6079fb3769f843e99b47988a",730479844.796677
"f5802200af1d28eb48466c1d",494119022.85681
"1f8068ab65469ba56a1f0c4a",494119022.85681
"1ee45a731b6f0242b6d2936d",730479844.796677
"56b7a6da82134b135fb7de2d",951888512.41556
"340c4d762f830197fdaf0977",1018544130.79373
"1bdc0d441e63089737ac4c27",654675572.989771
"b3d82ceeac64b64142286375",556228943.216495
"947421747f33db213e6b1326",603775982.318357
"bfdbb7aef98d4855d459ac94",874715953.058771
"80e88d50c151d5534a57f61c",864067907.007058
"d0f6e19e92c03b40a5aae3fa",1240766432.17468
"6e2a3e49dd6434ed01eb5e71",741617026.535234
"89e2d612654b3c792311faf7",786506409.340196
"29425249fed4a74ada083dc5",428357860.693666
"fe0182e1795e2b87eef4bf41",620972029.842786
"dc9cd30b760a1280e0318512",786884741.296528
"d22313a06e43b8ab8f6672fa",464466820.333874
"f91cc2e5edcbb704c293084a",1235679861.63855
"dae776f643e809387148900f",1185974390.66787
"e55634fce84f78466095e730",584561605.071697
"a507a938532411f06c57ed8f",860994042.246539
"30f3b383f2d5e4709c9304b1",941160936.225006
"aaa43db51d1ddea564d1bd2e",592016222.696536
"b3e76a0a1fcacd0218c17908",407759105.665747
"e548ef7a5650696c0e968cf3",1019550486.61314
"939afc1f6250d528b0be8e3a",972506497.189055
"405baee61afa4b08dc25e586",1016750906.96583
"0c4781c598c06d538c5fcdf7",846202569.471038
"fc321e2d9b4e954e80805be2",930911232.41982
"dce18d258c352b7edc60c304",632978052.143252
"7b0a2bd964c04d01387d78de",827251292.854188
"43fd6b5cb01d05c9b1db0e65",842707451.044847
"cf0152b0a5e886e8291ef4a8",819240835.165017
"d05030b0eb8931161855450b",721621180.435117
"281ea3a3fab48c028721ee1d",753833929.486002
"4fcba82455866a6931590dec",958496305.896016
"ecc5e3781d5e004ceef8cf76",604070237.745915
"409cb370961c60bacbdf7416",343176395.243386
"54445913b2dc2d6ba35abc66",576579856.305654
"51a8c190ffb673d4fc27f4e1",859250898.104748
"80e7c6b194b3229e3e2b9aae",802720904.647276
"bbfc9b05caa647bd95b3c88f",620026231.480587
"128cb9247755abf5f2801431",465094902.00038
"ac180e846fda5cd7f1123f6d",966208069.018681
"1e7173670334937dc61243a1",1268104248.00077
"c2555955d5175b31e5f783ac",809972107.676067
"d87bbd60fdb8b84a9fe23ba7",543891551.242231
"825012911321d636425cd0bb",1060214165.11134
"54561e6ed5570577ea97eeeb",1067046495.33908
"3a2a2df4f07902b04b809125",933260416.669579
"ea7e3ba584cc5ee45ff8ba7b",972005497.742237
"25093735f186b70beb018317",930315917.075223
"7fe1adc0a5873cbba4b021d1",1273563901.20391
"461749398bbd48d69b444d7b",482038904.72572
"eb8f668912b70fd554c8c723",638643769.005553
"e2f00293305c464b361b6178",445416679.573018
"02a0a38b45e1b196165b0098",569453869.621662
"0e6dc789744b678028e74d56",509930250.531905
"58954e79191c62ceb1ead100",1049989313.51411
"23aa0804aabdc61650b8562a",847885185.881124
"ef64565957b5278185b2429e",535101240.021017
"253725ec3d7939088faf71b7",528362423.019435
"a9683df184aa8b4ad5d0cc5a",839980636.725386
"3c38153bc36b364b92548965",610411011.040713
"286cdf6dfcd95ee9edf73a93",411629004.163026
"df93a6e36d9f19e252fa9de3",606317405.579849
"586fde402c82c1eb5a74d634",483804143.06019
"5fd3b0299c0d52e48195fbdc",450951569.687623
"06d33fff99a62c330ef2d585",623861940.397083
"df98fd10dd8ae59956994521",451202363.971237
"361715cb422c5fcd9125d5e6",521017903.716956
"af68665ae8711d009e8810ff",639059732.117953
"63f3295df28c02953241e2a0",695260781.799965
"62d338c26b44153bb075b234",1115639275.10247
"41a269c661f20e443a7a25f6",979674708.870054
"c5a8695b7aeba06e46266959",763860371.044085
"17e5796a30da5eaf310d02b4",527239827.712498
"69acab4a6f82ae943850b9ae",594712551.286734
"5fc3ffb33090bf75a81aad8b",613996473.405721
"02d89daa77bb313328fe0c4e",512037091.039009
"6ad1fb94accb91bbc30449c4",497843691.150229
"a1cd215fa99b8776818d0b0b",446618099.714216
"0553a3aa7d961ada6dfcd52d",542878998.430282
"c6ecbe7b57db2db74b0d788f",885549033.71243
"a4b23fbdbc7bbd45c5ebf80e",1051684903.68884
"3bb15c6313ee70bf4d88f4e0",665406597.342938
"e05c52c9c8fcb792ace06b61",648363320.14302
"5fc77edb0e5bec0ed8e72a60",865096050.246397
"85e15a0a63ffe482c68ec474",1274197591.38659
"859025f2f41efa521a74a00c",505495908.9922
"1672a21e6b2d8d0525df1759",467348799.059173
"7d4097722aad95158c51d24a",499373403.30708
"174fa597347f2b1d3e9016e3",727426158.575148
"3f081fb77ad08f8370569bf9",479574714.112897
"74cea4c9dc0e00dbbcff8b1d",1212365963.26151
"4f5de1bc90694fedd216ef40",1323860673.34533
"8fa4be9ac1ef719dda1f96bf",469621389.492166
"3db3b80a902c10004cd3a3d5",1208910508.65707
"bf02fad806fde4e3575e75c7",644980134.562783
"edd2afd07fa1305fc3126078",431697895.721025
"bd5d2030639ef16370cca032",826987533.068878
"87e74ed42a2c8c97f7bdd239",1002523035.08919
"d1c6037d0750bcfe47d425a5",475033793.671223
"763c9a528d0f99f34e5b0031",434791056.91487
"8b674605311d296990ec72e7",452074585.551808
"d7cc3d199e538258fcc83f75",482201597.286519
"ec6ffe86e9ece6fc03556ea5",449406296.947314
"9762ecd72557ad6728274e1d",794145338.667165
"49a2d111903c77053d44573f",538760662.273121
"d06ab7503c6deaf9cd405f66",1252971914.6682
"23e7dd821ec2601ee2c6e353",1233208794.6129
"81519727c7ad9f60d2c5f224",1102936794.97947
"a4a5b6a844c14b4eca92dc49",1223757063.07873
"7e647c5e0a7d95ce87cfc8fd",1154789435.52952
"7a1bca1ed03e7cd0e277fb95",448689521.029974
"03eb8da7205428e61bfb2845",480133865.348562
"82780776619be0eade3d72ef",450209799.357602
"4c03afca943c3f2484b8db6f",448689521.029974
"85d731901b48348f57932240",705391618.471852
"739de8928aab4ec77a1ecb0b",595830970.19882
"7f45d3809b08bb32a45139f8",532266351.716212
"cd14f8aa1613d754221c4735",763571882.98115
"537a9a2dd0ace0d0131722a1",862955912.357694
"2d4a781f969a4fa2a4f04a7a",855619033.009117
"e3676f99542f27c9037fca29",921324996.223101
"bb33aa4f1a7732fc8ef19039",412368578.575144
"9f11661702873852a3d65ed6",402743618.004631
"d7f22a4e6daa572583e02640",356336555.246158
"f6ce37c42fad91fce47758aa",413511203.660343
"f57cab248d2d832725d78135",526036858.371587
"9d73758bf7569cab4837e49c",690051566.608439
"322bad590ae06fb48f80c533",423221710.948346
"5a7b67d4c79ecd83b7ab66e9",1045974052.19844
"8dfd846e6df9a040ae1188b7",473180946.896612
"44a587fc89d6b6489157ff49",1098773582.33354
"f9ce5b7edb104d4e8407a344",551564431.531996
"73786d11f1fa714aaa9f1f90",918742361.285354
"cc72295ef156cb2d60d6b10f",1221673216.1421
"c9851396352bfeb05fbd7580",1245460836.21741
"b3561144c745ae3d329dfe1e",559356121.322165
"7ccaf332cf87e07b38b340d9",919523756.693107
"d63fe229354bef8b02b4a934",752412515.8585
"2e0a8235637e98dfea862909",943235614.186985
"0a1b14f320e330b405b27a6b",1057068925.36346
"db41266d7b500a6daead96cc",382007808.125373
"364b8b8759e3c408c4005021",502102776.553429
"73bcd7efb7a25587bb1c31ff",608659535.922059
"17060f24d81fe2661c7628c9",799197572.509889
"98318f22c00ab335d8aa23c0",847929520.831425
"c926feb307c493aea729001d",401130967.766857
"58d92e8a26589e37b7123716",579694109.544955
"54d11dce9374378326f7ac62",432345744.082024
"8e79eebcff019c3362a76a26",769240515.985654
"02cb957c3db9ded3691a9004",681104865.838856
"561689dc0f267cc5011ede3a",883332160.654421
"1533da89d388196f19e2c5a3",1069303603.24037
"069ddc5d1f3c855e6498ac50",395192407.05014
"d3aee2a35856634eb710efa9",778247211.488963
"4bad966abb5e8c4121ec69fc",671407668.141441
"f059e39d22124eb9e7e8e20c",909684501.328264
"3360f48c1ec30dd1c3175101",514135502.410869
"2218c6bddc994984cdc6e567",438751813.008302
"c2a9b4b389ae6f20140e21eb",907213383.031022
"d135cfa351ed6abe4ec2033b",613227716.829155
"668e5bdda1f4011578534f54",1203993762.18914
"d2aa3386ae240d7387424e07",452124906.490023
"e4f2ec7e2f4389c1efa52c0f",545667108.583479
"d4f90a6b73b1e179d3f8eb70",491999595.277618
"5738bc8873b341bf92ece0db",567778599.24831
"2906d21b1d96a1ec43bab50b",832682647.87047
"4e1bfbbd8689a95fc97fabdd",477777437.631442
"78410b0193dc989de2d24da3",841866172.973896
"fd7f194d9929a6f28ea57cf4",474796600.145898
"5e7ac1ffc0886c27471d1a54",746222115.691915
"879d9e3b4ef9063de41ddaed",583669126.57876
"4bf620c6c6d4c916bea70e81",793768739.967017
"573bf87f57db6e037aeb94b1",836147833.382567
"3ff7b739ce65f0b3066806ba",1010544719.47521
"a456f85bbae3f189ff424e8f",614656846.384221
"6683685692e955a8ff172c89",788610801.889322
"82e1ae440b386c7da3a580be",1142199238.94609
"efd178c4aaf3fc9d05b8dbdb",508620990.1864
"55ea155410b001104518e992",508104040.456871
"32a10e550bf7095627d17da3",531715711.14159
"823124264778e5ed64d8664d",671922079.409623
"fb01d990afd25ef96ed048da",1126609359.406
"df22426db407f4c660681c7f",576920126.723775
"44fab96fa2ea501e0b94548d",1121619420.65251
"871204bd1b3505acfa632954",808928335.394969
"3d63320260d150d134fe8648",747436018.171092
"b8b9b90d5721a9ed5e72b328",553103691.569099
"926d12cfe05643554837664c",413656666.665279
"cfba6db03f0e38d1aa0802a7",704566754.73114
"97b12012ece8a740944aa547",803659743.06266
"8de317591cefdbc375a41483",641015105.778573
"46d34fc9a8edcc199a537b30",967203596.734046
"262e3b4091dfa6b71af020ea",880918516.655537
"396761edaa353e0828949bbb",420133193.035386
"8c18d3417886c150136a03ba",459480933.30511
"f053d3918234bad409410755",612200356.582278
"8f5444b81998e52ad76b3ddc",689652940.247802
"0daf89cf494e0f40a94d3e5c",859768065.420389
"dd8c289ec872be3fe3352313",699686136.01817
"f02f6c5b97b8e3cc5d5a74dd",843902758.336395
"5f39cf56c4e1bd43f61ecde4",693976696.489205
"5e187b07578d582ff3d8e189",760218787.018063
"bd018b302f732baecd085ff0",945710025.432098
"674cccf4c7772d6091166aae",1125711764.97471
"38e84c560b0455548ce186e4",611303081.008475
"d14173913bf5ed21e3ab50fb",621699580.642211
"cb8844cf2070d8697bcccf27",385667995.309662
"6b44648a905e7f4c0de6c855",508675210.809519
"148aedc984c7f6831c7f9601",469904756.138633
"ff9d1cf7bd90c5e47a0bba3f",424801355.806916
"9353136b0c791bec58f93ad2",478906538.990922
"de2137c70bacfd5087bc5c68",653781845.302776
"12bf6b9badebc2902cc11c62",469766567.224792
"c0706c78d5d98202dc24e46b",963805192.650113
"4394a27b21889bf78927ddf8",468272115.286559
"0ebbe9d3831727f90d677ed0",1104276097.27884
"caec584b5b6998684bbc6a70",762852610.457141
"0c302f1c924f8efe0b6bb58e",772072469.446435
"e056ada7a37336bbe878f38b",693192506.783213
"905cea21c0ce1cae97fe86ab",1004151026.33274
"e286b12e5aa7929334322842",628193175.965157
"6cd4e68300a8bafb9d22700d",978747746.666856
"39124b1ec419566a371af8d4",1072225597.53516
"6110b5bf07cf38c437c7ca8a",1217009547.15261
"6f8a22e4dd21f44bc6d383af",1231368326.40212
"71eebcb108c4828b8bd5b84a",650007450.775417
"5d61946d53efdd9bd0af140b",823233497.118508
"c0620585c12f3d9f1298696f",468476393.711877
"d27283e3c941f8fc256c3f4f",576089100.477649
"2acc857ede19953734600dcd",492491402.474724
"32474481a0f8af34a4edfec9",601438171.14851
"6720db016112cd2a4a5e0358",745966332.224918
"959d0cba47f650933b9a5168",999469039.131463
"32d2c5f1707b00c93407a19a",449243308.481992
"0ffdec8eb5272d9fe4775251",537963492.559813
"c77d7a08d5b9abd4d3082fb5",537507793.408266
"a3021c7c465dfdd38cda9f9c",779783682.810925
"aa24974831a0c608635bbcea",809411652.583118
"eeca3f5c399785a1cf15b1c6",728458361.681963
"0b51fb3a65a86d7799f27264",393570050.33094
"1af16b7f14dc04f05edf71ea",617399668.104712
"e0d7e4dffa0f3dbc40c7da53",648378679.442248
"cfeb42023e2737491b3e4283",1059306710.86779
"dd4e23681e00fa1cb9a679a1",540114208.587919
"153c89081fd85dcc66a02421",884829856.546492
"f25b2ce0d988bf5490fd780a",424409178.251871
"8700c9b62ff5a5c3394b0bd8",559301848.870687
"a53b105919c7b46c0cc1b003",704659137.025873
"1c835128915211131bc561ab",578994423.331584
"a0c6e0c6fe41e32b3bcb2b26",859711325.66593
"4eff2f2297ce85a0a3964d2c",841298055.528002
"57062f248424c47282d3da30",598992127.660305
"99e860bbf3033ee4654d393b",799491270.072939
"db8912c5c5e5e49431b2c85c",725007706.272519
"3151daf55106dd159f27a8b6",527584953.31942
"3e8a4318d93b1fed4c48f48d",1102243578.07356
"4c8ca73cb51a58933de61f0b",599042154.684651
"925754da6fea9c9cdc06e18e",767080760.4236
"05119815bd72ced29391ba87",809722671.591166
"aae7cca10bd7f041c8e02d23",643107392.717026
"4890edc33a555cbbac71795c",818982204.150755
"902fbbf9f5037be8759775a7",986641209.997664
"d013a0e910b1fe2e3913af7a",617748024.12093
"9c38b9798313a3091d13b340",895434963.888454
"f04d3ee8b175c8f2f30f4f39",1221084395.08499
"f0f883c45e8470e74280e8ca",878630334.336097
"af820361d5f20198bacf839c",719336208.64958
"01636da0aa2bc223af023a13",630632561.609556
"cdef6e87c007bcd9b4efa9fa",1105411611.21167
"1d45332e2f04df18cdac590c",556438478.252287
"db3dae76fed5fdbed29862fe",681388979.116785
"f36a379e0149d4800e793001",700594628.91293
"30d2ac3ecb8150e4d4339d1a",1107161715.0212
"7f78955c480d050f2c8ae3c9",769692632.640268
"cb1dcee1f4ede0877be1ad15",852425148.523067
"a32d2c51f2bd5f23bb519d12",995235443.515629
"bcac2a4cacf13a91805557c1",436010171.689089
"a21afcc258e50a538dfd43ed",406981906.407607
"7202b83b651382e2630359c3",481231232.296894
"77d6855eb6a30d268e49eb1a",475143984.203383
"204ddf6ba4822d55ba80f713",441896972.483009
"e0587d29cb717f725e991ef3",795597168.179097
"c606665f3a3f70ef61fa5cf0",1178146056.3183
"44412a9e16b2824c4a520a72",532071979.54057
"313abf19d78b719cce4b3188",753373315.043593
"99ad7b36c3c916393e951507",601494756.667337
"c34c2aabac06323fa180b24b",575009701.562046
"37f39916813a58b844e17833",992112377.64765
"6ab7f97fb9880e48fab16a1a",520930296.579538
"0e6c74a0056ee94b10bfa86a",748031803.975313
"7fdbc3fed9c9607e6d01e958",627250608.40684
"01018b9796a105be650ec802",885113504.846376
"16ede6f8833a93677d05a131",527605117.604288
"0a53b0b7c365879a6d2cce39",861672734.047829
"a293de027279019418c070b5",436392698.872951
"973ab56a202e039f5ef37353",518155525.352267
"3e18c851788fa8724ca8b7cb",510070410.908252
"0a4b0a004c894654663bdcdb",981374249.728361
"55d4b530b881abfce2d03e56",902642887.628118
"405bc08707001684d19f6edd",901051882.236987
"dffa1057472b06bfc0fa7a66",1195955752.17141
"d061615fcc6355d79665f9a6",765863482.09302
"6cd96d73fc58b1502bc6ead8",1023197499.48548
"db78a3ce9c6f6a7f4ecc6853",677452312.201883
"1498ce1c1bbe2e89b84a4a45",744255127.902637
"3035d7ea4b71d204b588dccf",696685450.877532
"2b8e9560dd58d880dbe77c61",1014975717.7757
"e8948741a987cbb3759b7a44",964532161.085983
"20718780218eac9668776956",670544310.698367
"c0a9e3f5c57cfbb4aa9b2357",871659949.638123
"5e9e9339fe1c3a06470cf7c6",757267495.933711
"f852e0f3fb8563ea6918164f",1217602020.01204
"e38b4072ff8b856487864f31",1130188484.03256
"8cfa1121fc87d9483ec63611",1125530522.14192
"1a805101f78cbb783e6f919d",627254759.42818
"98502628de3c4fd3905000a7",684305760.410049
"ff7ebaf86962fd0ab6ff41f3",545919392.777812
"69442123283ab024a911506e",1009182085.84243
"ce6e91b53465250effacca98",1065109677.74743
"5d42f42059617a5ca7ff3a32",591014862.723758
"01edceb6c5afc2af1e129e86",377100085.15348
"fdad0c86eb89fe93633c8571",368769078.363669
"831725656d9df81b63c0ae38",674503490.506331
"d1f8eacef9bb4d300d086837",1231795957.37971
"3b6d88f864f6c1759f957c73",1317602704.85893
"5a38f908d8d75c5810280e12",550685339.126504
"c7c835349181bd3f0d964eca",1264571149.09543
"edd4d560363f7575aee42d39",1029393189.72945
"8f3924eb214f5194d21499b2",852601712.311346
"466c542d7825d36d18a86486",634303881.632002
"0b71d334a6db66cf6f1a8eb1",832914097.587674
"7a91cfb02df63e4396b15aeb",497341139.726861
"6140125d2a94efe499a6941d",486337352.252504
"080df3efe1fe81f97e74c4c9",380829549.004981
"e148c2b109eecef0175b3c5d",531248534.260649
"40aaf6665b489033ba0e55b5",1235052177.40279
"05498e49d0b875ae6aaddd83",468098851.371019
"397d0f6319465fd7fea6f710",1096103715.08899
"7e6d8c4742b38854d819696b",1131791027.49375
"9a8d13d56d677379ebf9a347",1199006807.58033
"06bbc353bf62fda3b3786fd0",553090658.891314
"09fd7896d5445f422892b196",677881775.339247
"57c63e412f3fceedd3a7e698",749874261.45823
"32cb6246cd94f962f780a1fa",397587623.507894
"b0f9bfd521802b0d2586300b",824854551.83981
"2a99204f0a53c4a4d0a2393f",734424200.284649
"7651626df0e2e3119b801466",800635176.972892
"59e48259a076518d929f5db8",458756343.972271
"e7b721ed96269bb195906bae",378259805.902329
"61c3c304eb8a06b5a483efd9",1011921242.24813
"3c26b2954be250bfe239db68",391349014.698425
"0df87025a6351b435958ce95",1143751677.95957
"df82719238ea0e102c282c09",700359288.178571
"57c74f7b9bc5e33cc823439f",803167686.63105
"4195a9d13c0a526d7cc959f8",579918727.267137
"0d00fdc440d7612434a6b91f",650295533.180354
"0c91369119a06c40623afbb4",470837310.571087
"5a6b30b4d33e068d421bc2a1",773241272.681267
"f4beded3c5ed9fd6cd5177c0",666946320.932722
"95e561c7292d64305a2cf4f9",977489895.505615
"67138978493b84ff42daad45",457810642.955487
"7da10de45c866c7d066d2586",535866280.702242
"3c3cc027fb179e91a46f11f4",458421775.114576
"df3ada98307fc85428022d00",456584007.148135
"e029c89d59f2caf4af4bd908",609471749.239115
"105d05ab3d5334b976e448e5",727370941.183767
"253fe7aef58ea97fefef922a",566059789.107378
"43e11f10650837933261fa7e",644343207.265663
"b111b17ae1fc17e3491b7a5b",593776807.100546
"63e1ff737ea11ec607ecee08",907818516.490892
"ae703276c49b6a6a9c39770f",1089410759.36181
"799bc0f95ef9a23fc16bb1d4",1311552945.9676
"bb9fe73a8742dec9b2e79135",1283903654.96011
"a9b3d963a14c2c7435f30fbf",1208191265.82946
"7a48bc2c3f4aad08dc7fd5a8",468987953.910708
"7621f476bc8040270958de6e",724269239.756026
"c49644baf8dc51d3f76d7e7c",834335232.41218
"8c107da7487ed0cd409f4daa",587869946.536615
"1bc8874a13914055c2759a35",429092501.15988
"fcfd6f08490be39064aae41c",495134082.279887
"23178c72b063ecbaaa04b37a",488738769.493461
"10bf1c2d1124f6d8f8b9497b",808215057.977513
"c29b30cc5db2ffc273e4cb14",642925208.553386
"f7d11c2601959921f536f804",806474635.313745
"acbb07a2c7a0e39c0102b3a1",893475532.64556
"844e127aa7802cdf75db074c",461097249.891973
"e2d88f49873bbcc5476f4ff5",579962947.924343
"42aa1e6f6b8220a63fe165b2",1066189227.91523
"ab1c43d6fc4f08e315e322d7",950013195.89561
"9299c976b1afe4d2c0bf351e",991088511.891906
"cd62ad28163c8df131a8f2fb",796066773.729434
"e5e06913ec3c851340d7c91a",581995884.539617
"d9b46a34e48e04b5a3e026cc",536625560.639729
"782a6028457ec55d4fd5189e",602385236.204565
"11a905e4e01e7d15d35cbb82",532250722.818307
"3b3e423e248b23090a2897ee",513022576.229533
"5915093d458d4b6589e86f59",530666393.3932
"3d162a854aa05447e2cae0c0",986941410.653181
"662a3e343a7e207ecc09d6b7",677973370.493089
"289db1292d4ee40a1ed6e518",857551728.85656
"d43d2bda7b6e4d5177c0d032",743094609.935499
"b57ebf09cc691bcf009ef115",1221992736.82525
"21f5bac85d5eec57acf501ef",963739236.913388
"2fa288389b3031d595973793",901876464.15212
"c900d19cade1443983274ac4",1129650933.72358
"67bd5b20df7f2a9cf4e04358",577525871.696499
"e111bda6d24089dac82907ad",404446934.756219
"7910ac9782a1a315f68799c4",796426511.867159
"ee786b818284cb382c755e9d",821547740.072867
"f9b0a27bd3619ae88ffe5455",615096830.903696
"ad1c32cf75ffbcfc842e3959",388060223.059143
"5648633b1f92de1ddaa7e7ab",464779336.109093
"1ba481abe0d3890c42884d97",577525871.696499
"ce60e2ce2a420052e67564d2",588576914.213061
"87e1b1170c163689d60bcd09",679140754.589198
"bb4c7900162be66534d17541",951968552.17557
"68340674853f0ea101e32b46",448866020.620982
"d10f89691119d4a4a2c1e650",1293114958.29534
"d414907e75a1c105ad2b74d1",398593380.323546
"c9b6d3bce20b7f528fff8123",459482672.473614
"be1695a7b8d3dc68c9887abc",708998244.112109
"debd60afab03fd1552719270",877051022.609154
"de060e07dfb0a5494c5550a3",426935866.299992
"3d6815fb68ce959cb95e225e",650265352.99834
"d93f6d8fe212ee3c0f7cca95",647305361.269733
"1ac702e7c265717b34419fe7",799425748.09987
"a157596804522e03efabce48",818599744.386388
"069c529aaef7d7e0774c4a66",763316925.373686
"0669fb98aed75d79f8decb7f",795630180.137441
"7057326ac489bcc17d580883",713234740.535889
"e3d6fe5d97bf4fe851aee9d3",795138421.966445
"f80b20e0649dcf1c16003255",500882244.516784
"364256d0881131148655e006",760579942.314811
"0f9c26956bfe983c8c7fc227",1298326493.2892
"9756b47e9dd47f99dbb23115",766703077.301563
"27d413eab7b562b984c5a682",795583613.311842
"ad17072ff24e0fc0e61963b4",759819892.231438
"473a59415b6214218a15e363",825150004.376303
"ef72df5586ad0cbe59e36e07",809639150.879945
"9129b78a741bf5e24df5379d",596678594.271406
"964734d3430de94d22c927cc",502510447.157681
"530b25326f39c347a35a8caa",488960927.052001
"482f57e65a3f4c6792775a05",442723688.504569
"738e86beb569a7bf51fbe199",390234687.853563
"c5788cd5507c577b7b585ffa",314578969.823542
"be164f9025f346390b986668",415505040.205541
"ea2efa1a857332559120b823",558939793.007248
"f3dd24a17ea51b7a2b0f037e",729062557.443772
"7aa8d04246d3e84e5ac470bc",895772438.367794
"6361330195fa7cdc6d5c603b",994940563.141128
"6820ee22d6fafc9c030cb286",1237623851.15804
"472601b5b5719855ae3528af",1055936025.84444
"3ce2c7f1ee7569e1b916cddc",553637190.018325
"afb03f7cea99023ecea7610a",488016638.789235
"404364fe956884368e2f8300",848231324.073687
"c658639b590415bc6ea44119",629393603.913883
"42f1a529f5ff3a6371dccea5",631123188.129483
"e2e4641b20d81a90033a536a",581188415.699462
"253b34c2c5ce15cbd8b5826d",752200844.789834
"86ff8f274b698e7757ced1af",875462982.117051
"c4aef1d92cf264c548ef1f2f",460201221.156764
"e8603da6012c2116a70176b7",1124987596.627
"52b52aced4853a3e3d7fa058",540946463.340742
"7d9a9c3b4442efdb53c24448",700497772.597104
"a7bacd6f783756c9e7cdc068",460769937.532045
"68a00651ead62911f850cacd",448582436.302756
"1e7e26077db3bca2821a9b45",535101240.021017
"8aa21f48a83be25f924f85c7",597919708.1585
"48107a1dd2a3b027637f250a",610411011.040713
"6bbb24fd1b9df3df4e939fc3",522772391.33536
"aa45f8fda8801c3b4923f4b6",847885185.881124
"ce164af02f76ab3a68b0f980",812229436.83118
"c32249c7c0819b1a29fd611b",735074794.114926
"f8d4ec209ad5fa5ba4a68e56",620638927.241687
"cc03087e0f18d59c521b6ce2",839980636.725386
"fa631a714774fc22ca15ec10",748663184.632385
"c310efec13e312442f7e1a01",827816981.674983
"534466a857d28dcc598e3a49",1067230636.76154
"4a81bdc14b5bcc4c84f5ce4b",470068136.671949
"79ac12d8436c07b620190b9c",493776550.587463
"f69962045e9aea6b8200888c",511471575.559096
"9752758072e096fce6f7f4cf",474402687.846385
"56fc1855dc6375dee0506133",671576573.17735
"2fc19f73fb877ed8b88a5250",423965041.36983
"63a25d279fc5a9e8fc1dfae3",403505262.239229
"71978c139faf2a251db6ff5e",353882406.021936
"f4dc67569fd340be3dc592d5",539984768.280819
"0b829c23806ff01a0c84e9a9",755384206.453015
"a23ff4d1b2e24f537a75242e",764191117.025347
"3a103803cf9cf0451582d89f",430094324.006535
"eff8b3fe996b6d7db10b0263",628238078.388882
"9d53330b44c300e396cdb402",714529394.232564
"301b5da33d32c0632b16e8a8",699452486.462213
"357e653c4bea02df1b08c62a",982646872.815457
"9af17837ac2bbe7c8ba16e0f",481745288.945995
"246576e24f66d495fe0d509b",835915929.3858
"cb70f4993947b640317a07b9",700477395.065397
"949292b23ece12b655122038",362504041.28436
"4bdff22689954e5b1e575d30",750173906.063332
"7c69d43fe2488db51e6c8da3",433300920.009651
"6f543782174a964402b64de4",882477734.643902
"a59e7f0e0596ea6633781335",776908346.795161
"767ae7de1818d645a33749e2",906807010.971662
"e667133c29f90c8fbf30ede7",480943229.446165
"3fcacd1cf9770a2724a5fb01",738200161.148664
"601193433c99337fe806b158",695441024.383883
"42c282041583e6e2090b50f2",1061089226.40706
"3bc80c56871193dd782696d3",528882074.338221
"bee9de3e2817bdd591c02897",613923497.858774
"0f761aab549e7f6bc025ab0f",978274041.2258
"3b9971f91bbe4b8dcc704ba0",797698854.32119
"8f428b58a5189effe993ca4b",421005931.621356
"0af466463f2cf50d61315da4",765656807.623058
"1a486877c62f2aced41a2ca0",1054131003.50272
"c9fdc3f80534b32f1a75f530",813203482.132059
"97419310c7e696dc8ca61f7e",914050838.974826
"49d9cb2bcc98d69222b03165",1049822702.17716
"99fa9611d644cf325e20e603",1314183224.56641
"976d317efade1dd77ef3687c",539421397.85485
"b9bd63208716e4e0f2dedceb",474573014.510664
"834263730047f308d71d4d8c",557044204.771428
"d6bf8bfc752bf4580e99794f",828170373.010094
"58bc2b0acdb0702732894fa9",520488737.643508
"c3b8b774037044a2524913a6",723323796.308156
"eb339d562b72b3bf51073cc1",466412497.008478
"c8244d916b0110b1acbd38ac",750039621.491098
"65bb6acd9be0f8d95fbc722f",721500645.269162
"5644b84ee2edcf7267b2189c",721623756.526304
"22eb737351bd0958d3e60efe",828831929.976531
"0e2a5d040f6361adb9927388",826053700.833173
"be9f5ade682aa1fced79b068",593410143.667542
"8445e5cf42307960535a3b11",667734484.443138
"1b002164d34a71bd06e0445b",823273931.766732
"c80f897787541816ad63bc17",813709421.27022
"673c72783eb4f9a02c511b83",1112023441.73299
"3b29177e99201cf4eaae612a",1001348720.87455
"91c5967cc1acb3f108d6e0f1",426043760.655823
"334b5b9fc68a18387ae59ebf",398051465.455715
"c9d096d4353b8eb843e793d1",689851772.672772
"92cade7b5347d1c00a48a1fc",1092192477.1754
"1d4bbb5b756033b4be28643a",1019536873.01741
"e1eb183eb261b6de96e20a56",1028427990.68481
"7ea8da3b1481993b14bed9d4",495340259.353971
"78bb43910ad6ed105610d9dd",759789527.20469
"32c1f617f2b1f537ef703712",963731255.85284
"a7e6d3c76bb5507e00ccb501",630599368.466466
"6c75d7867807d942c975079f",881474695.373913
"e9182661e36239f091259232",380606299.757993
"c926ee21c2bd9da7da193514",410530392.626717
"27bcae7ffb9f79b8f59fe1c3",483403835.931324
"6cda1a7622d5577c0056ba40",936447790.928645
"67c945ee31cf1fa0a874e4a6",588523988.160056
"5a8638c17d14ec4f6d447b8c",508272473.170426
"82bef17c2a4db1f6dc6eaf01",689768705.679953
"09dcdf0b8b37c1d537b9fcf8",616801581.469878
"2cc9f2411f98d0fd41511211",548954619.639842
"aa1eaa63043c5c29ab6a1323",748710159.297909
"35b03ab66c19ba2049ddb9a4",774529649.086469
"90470cdcdd2b813b39f28ab3",744248468.099548
"ba187eee3858263fa664812a",421504897.650734
"c06a1d212fed896b6ee4e1c5",699916315.924575
"8a8c8f5aa68c4e530d62776d",596286116.166762
"662a221bbbd961c285069c49",813754253.948092
"ee796b35e39c7beb6aee2b49",1007192521.76431
"53de17a986d62a44d7897200",570937851.070179
"68925fb9f8f0c84fa0ffa9fb",1009213177.32488
"6a6d4f8251ff961609019ddf",391835979.748231
"3477646f548971044f8f0494",392967018.455364
"c82434222f4129168fa82e5b",624764119.769913
"4c00508300f40d74c79f2596",588852714.133007
"27bebaf73dff207d7f6829e2",670063764.665407
"d0ba7b90f6ba3392a165b46a",1212245660.67965
"61974f593c799e5d5090c067",388621487.347546
"c08b016afc6a07105d7703a2",564738864.372408
"011c2017b63235bf0ed3f241",502340170.316224
"7f73a8e83d41ea252ad61197",534469537.056516
"0c25a552c34e114a1780739a",386143659.830208
"21e96ca8dbe2f12b55723335",550725786.536333
"30f6404e8034dbd513aa8a30",485534107.887368
"f2fce80439462bb9231d7fba",425287093.611977
"40d5384e2e8f8fef2032928a",470294368.346785
"95f17e64d2222c904a7d42cc",567894781.434765
"59374f70d5e7da97e3b8b35f",1042736578.53115
"ba30cf03fbfb0e36e5d415bf",1207814773.03762
"c2424b4861f2ef50f8876c0c",597046975.331371
"e7def7d0999433ad6d3ea412",1104838082.18882
"7f1a4e79fa92196101baa7eb",1138527473.10783
"37e0fe114a3c7406daa57443",754741472.405346
"897c0578bdc8d59843bcbe38",442313759.851027
"7e554b821e6955ab259a25f3",491856114.756157
"23b0d67dc2a0ae6e5ebc9eee",469762362.027146
"d43f045d046fbc8f5ecf465e",559528870.720783
"498d632cf0868a8e641cecb2",400770300.263517
"6b9bba3c6afa1f999a9429bd",412897815.238277
"12db154d9d29cafa574ad387",377763212.099263
"61779f1bec05260cf10a0d2b",559528870.720783
"986defbe9082519824ebc882",827669852.511019
"f72992cff50931d2e19b3ccd",675098446.537488
"0e2d6e5882fd3b4eeb9ef286",655410160.539352
"9702737c9e4ecb12d0f9ea5c",755406788.741557
"c36cf907ee28017eb1b40674",468772775.251341
"a7ad9c8b5bae531abf68f8d0",675098446.537488
"6f3dd53b0935c9593a301bdc",496499928.315612
"11f8f836e5626605ee4b41c6",1184850125.28398
"16fe92ffdb7e1aeefcde80f4",747925258.961846
"c1eace64bd2c9f6bea289c4b",828737706.448692
"fc2ac43013ba8ab17da28041",877542281.713458
"5e6b54654c98c2517c2e31d7",963335872.177035
"f0e8b39d2e4644dade9d8954",867236657.964574
"22796587bee45b8f64ee6e44",794963752.25992
"dc8c76f5b3977f90839918b0",812446477.253033
"27663c0e271e26dfdbf4d289",745145373.515572
"2fc96ec5fb2c8dec0a5b09ab",963335872.177035
"49d42ab711abd95fb5947c0d",711497936.100992
"b8984fe54819f5fcc43860fd",473736424.378987
"8d3f4ec0c37443eb3f953584",1020245118.88121
"001dbdd202e9908ee42713a8",943480163.258747
"fc5f41aad1b4bdcbd8298037",697263833.627285
"34926bd7f9880e277e75a447",788501019.988565
"00eb120ba4410ed8efa24a8e",760755180.758482
"eb0c6a8231b38b2a1e1f789a",560880836.131263
"0f059b39ca45bbbcb996fa45",732592366.518888
"06a5364639452a9d663a2dbc",443405430.444508
"cd19dcd4aff76caaa1cffe54",421822025.491547
"7272c3521b7083038ff0a690",700941923.127414
"a480b654e1b8b7134091e613",1094193333.04791
"ba24834c9fb0e87c4ea7d1a0",879300482.304208
"ac46e3eb688cb1cb17da2545",1131479246.9028
"3053732169b2260529f90133",558096689.728955
"ab0c047373b5d1810fe42bd9",579144420.425893
"698383c101fb784f8e1b1ee6",454656492.590775
"1b09c89b546d0058cb09c1a9",906995436.913538
"64edef308b6a9805f0846cbc",1112913177.47196
"995a5799d9a1a7e4dfe4fe34",1088223848.73933
"d4f1fcd4c20dec55e977720a",1249592601.73303
"21264b5a73fd27b85a4e2654",563742373.833263
"d464858ed94a1a74948f479a",643873210.222409
"dc420bf2dd1759b7f281cfa6",1269879184.79963
"0a268e25a5f3a0bfd8898a40",358011979.290539
"a3460f00d48816ef66e3acc3",569635739.749961
"9559637fc2bdf96defd2438d",1094525719.72825
"421db6a58670e53f563eb9ad",647776862.495941
"7b6322fd5810990820167a23",454169084.448911
"17fbebdfe6bc0618ecdd247c",1203800035.64853
"00f2621035b1969d53f03fca",1008460873.57788
"e97c998a6a0709605432ccb1",467582438.863004
"39e306be57a992bcc75e089a",369213092.36066
"55d0225b44a81e82eea3efcf",1101281403.82365
"c7c5ee499c712082931032a4",1265418402.19198
"f15f48d4cf4f85a3cd68dfa3",568307973.912136
"01db5867a69f8ea7849d69e8",1165372650.70908
"7c29fc3861c9f074e3a89449",825588769.783853
"5ae2fec22f535ec2490174c5",341987959.50448
"a6731fb85da65ce14468341e",436975299.192577
"4e327acca2e033c3fb305c5d",646333407.197041
"37b8e8a194e4f2fed7ddcd96",416300026.009825
"a8dc954142c54e570bccdca5",586752424.169914
"b427d767b071c3e5ac2a078c",402176080.09303
"a9407f510e67bdb27ad59b46",766057289.644423
"ba7120c89c8de0e57e30646d",569518425.513375
"4f5bc448658287ffb3d49b75",921931664.781701
"758d9f47824eb74d1b486024",947321163.905504
"84fb7e582456d7409f27cd2a",1063455523.79129
"0a6ade3bea1768aab76680ed",1275439467.20428
"f6e74a4b1e026352e5759b2e",766470645.849226
"639b98d0798b5670e7bb2569",1143416665.84505
"32ecec7d5c47d02969368779",656120311.791675
"cac82fdc4d960947bbc590c8",441097045.565375
"c2b880a6bc90cdef9dac52ca",736711516.524782
"dd8eff6162c32ecbc6972509",533301398.113018
"6e2f79cf68ac0ba2b1a6b0c4",1227953184.74807
"a904fab9fa4f41a11f673fd9",897841618.853156
"bf11c5dfcb321e020601e9ba",1192591031.1176
"488cdcddd0938ad0205ab8f0",1245927590.63663
"b92929668e884453d3a0d633",501704014.660434
"09eeb116cb0944a28742d282",773488464.835671
"c16e9d9444f85bdfade710a0",716266902.771557
"c15cecbbe717e72f09a84271",621851701.111833
"0bbd23df46a4ea4e4734b680",791861661.560843
"de28e62bd01870dfceb5d78b",481369403.411155
"92c4faf0ba1fbac44db6d1c8",652320419.239835
"91892eac5e9565b12b2a99f7",533743680.669337
"ba72421716765ef6aad9b4cd",1078795007.1944
"a99df3a2cd4f2346c6e903dc",351842810.007815
"59a3b1a44c35ed4936cf7843",740117131.305958
"cd74b689350ef612ddf1b96a",529305954.092024
"5664cfe452394ff9376bcc8b",463149690.944402
"d4c6dda51fa949743a46e835",516948907.986179
"b7f47484bbd8113c62cc8c1f",530320975.527293
"d4dfddb6564c9f46b26e7aab",460912959.759589
"aab240140aa4b6602234d88e",519049388.627632
"29671ce02e285f69afeb3fc2",977061365.911357
"5cd742ea274b4a8832114080",758126068.471755
"c876ed979c9127674000b740",716336291.946887
"45269f56121b796d0392e2da",1317187195.28255
"e981d4fb3a33f372ac26901d",1355030092.90028
"2f13a428281ffc425f2c2e38",494627374.4024
"407e4196114b64578beac143",583220827.626538
"342027b17940a0cc5cdbf8d9",1013694908.67954
"dad2bbb0fe138e426000a33e",728082672.252477
"e77da26aa7ecdab5505fab60",802437123.871369
"8fddeb4ca696706f6cbe573b",795813775.916435
"fe368a7d2e09fe88b1b972e4",480539162.195054
"6fcea2c6b9e39576e10581ea",775688328.501128
"91d35b9421c4982b54dd520a",716937615.414673
"eecc82010ce9803ebea6dc75",491306711.027344
"b957548768ef014088a61b5a",491498038.202541
"5790e4cf8102dba35e184ca1",624607328.756698
"cbab68c32d78424452249d9d",1013447099.96117
"4e0b293ec3d5eda7d9fcf8b6",820035465.357273
"1f8742e662666147955c9872",658895467.797372
"aad38b9f22ccf36b0fba4e7c",658970785.017147
"44e9224b9735235fc7271672",443347443.916787
"b61e9e4f3a2e894932b58ed6",523506178.550489
"2b36d2ed79caaccd687f2ab0",417595804.062177
"7bdd64032a4f011bd4fe7df6",510824200.061184
"0890a0d20f33b9af2bfe488b",468277204.910936
"ea7c9e327eab66ca286f6726",592901250.128386
"98510008e150296ca9d27d0f",658738226.982738
"41abd8a2cbca609cf868f227",801818293.762839
"83196bef0e5dc6c981bc57a9",850748914.011567
"20289e986c1959f0c83a6a4b",713532951.836863
"fb39ca089d05381b3a7ba847",380815479.534845
"d2da963bf6c2f6fe724be23c",1058975193.08949
"670f7dfbe2eba87e55176257",799799302.152201
"469b33a6f153ec334b6123d7",490357668.345361
"c38ce4f3763795c61efee6f3",521030766.598494
"8553a05c2b30be81c64a6295",990536032.692999
"d8b3a1d0cffc913ebd05b931",961374079.622145
"f0fb8232343d235741a20586",994847617.125137
"887d749eeaaae288b2818b86",732305837.53926
"126f4d890004b8035a7de091",955886757.945775
"7d157359b413e107f5f9cfd6",652177371.119038
"65010e340fa495d060e32f7d",470888404.1711
"8164023f628f550f322aad61",571402662.635298
"8c2423c14aefa13d255fa77b",493148704.910828
"e9772a54bc6638c723dcebdc",681490196.984329
"171149ef76fe0a2074c5bf69",774616425.35198
"96448fa0eb077563a2d168ca",470898668.542033
"3bf1bea2a835d7fd11e47ce8",419310401.737897
"2f4b0b1b81c792f43f4ccd5c",424351916.509709
"086540702ba0876c0c05c5d5",1172339013.51286
"57d17db2cc5ce1aa889f1f50",1153069983.17544
"3b6cedd9966332f0722208cf",465940710.425013
"351a3e1b62cd51d46913a8eb",1105964785.43657
"33b702ced6de5f7ab8b29e7a",550247059.693606
"e0e6852c6d6393d6d3719131",1194694420.33122
"bf5e687721e030639ec81416",639059732.117953
"314479aa7b73ef6ef44e1c89",653832369.460976
"822896f609e7761b58e7f6e7",532266351.716212
"5b6f21752f3744ec6e529d74",862955912.357694
"5d91dd63b6aef851e0c78389",595830970.19882
"0a369278a1ef6f5e9d79e2e3",607762091.686341
"7523e95fc2afaf31bcf30979",1080638890.03063
"cb9de5719b978a78c71db699",855619033.009117
"af8c90983a23ee15c72b8e22",1362253271.28471
"e35d8f589e6b1909f5e4132b",1047345386.95862
"ecaa5e38ff6cddc14942eb7a",990103433.783442
"d2eeec3fb1ee4d686758534e",1166648980.74157
"e97d03ef9638c8e1d270ed2a",416407219.21479
"cbd78f55af1db4d89b53b496",447059559.959321
"1b2fa2ee5927660313569617",879482516.101037
"f7f00e13da4910d724aba4f6",488103169.411546
"9a6b77dc2c414f0baa11effc",453460754.925517
"bd4d0b8799fa5999c5d2ee3c",1145807894.304
"bd6b68abb113370c35786557",999516733.381702
"4da8ef54252a92d9cc62c174",857503393.472712
"38d6c2a9beac610279bc110f",475577543.695302
"32e6518755191bef743b28f6",966755429.500524
"4fd8d01a5c3abb90ad70cbe6",676249078.946313
"5d9f8f380a6434096a0cd906",438364884.385101
"724c854b1a991f060701d005",429477868.719159
"1bd78ecec17b584e827dd0f9",420138483.151102
"7e6f68184d84e09cc9ebc09f",593826593.995193
"c0174ef555bfdd648acf4346",455850542.942535
"6463505a740324c7aa869d79",870962627.518252
"f239b7fe0de40d208c01c45d",731518060.206289
"bd98add659faedc1820f96a0",489081561.127934
"ad662354d28a9b2d65f537f7",807091386.53932
"8e8852450fd5556f748c98cf",795259178.405078
"8fd5b95f5808b4676043de35",627871321.528195
"73a23c9d154fec88d396d2a8",956270685.061553
"374ca1a16b8eba42b35374ac",603891180.620267
"ff058f978e97c389e7a31f6b",594289429.848591
"9d7f2c004fd359136a662c9c",620113588.74284
"2cc0129b386acf9cdfa4eeb3",614466455.951179
"c139bf6b72a93a73155e1f5b",419610175.496754
"0c017cf9740cb67d530267d0",572810432.25243
"44ff213b9cfb3604b7e4b66f",610201470.979697
"a09c957598e6cde56cdba03c",659122274.085705
"c846d5698bb295697186555d",789741770.044369
"a84cafc064a35cc0ad698009",494097671.306816
"ecda0d714f52da919223a520",823033488.131674
"b9398d6bec5cc44fa39b8bdc",678363535.973796
"79d230806fbfe96368b83dbf",1116856287.6116
"a28b1d82d3f7dbf8746d5742",1040779753.65189
"a6555836840c7dd496ba9094",675276271.492572
"83ce7c2d2823f888f2e06ea8",920106905.992703
"631f4c509de8dd64f1c400db",1026722457.01279
"2afd31619c21dc537e4797ca",909899401.209344
"0be57099d9c3ad8a16984861",877525727.970623
"ff29f12bbd7ac4b860909966",988566585.587028
"d955edf16ddb9d3f59501a9f",1103871927.8377
"96298da2f44ca873f345867b",611504148.551973
"e6396355c1249c6290906b78",850550401.668385
"39f9f736d802b166ed688224",1013037036.4537
"38a0fcb41f0dbe8b0ef7af8f",755368700.71771
"79b955adf84fb2c52381921a",731705007.512319
"e335b8464a61ea0781f7928d",1138094084.64979
"71a929d79a6cccbce6ac5d79",936479677.090675
"41454361857cf70c44e1f5ac",728055836.592385
"a16ca6293e2ee2969f3334c5",826884046.751676
"4083248d3d2f2bbf9589b971",848282235.870662
"de630da5e1c9e27bfd94efcb",1009361307.37689
"f2a4f5010f3da37e27505ece",506888918.200226
"53647abd1d1b10c9226eac73",481457351.199092
"e51873d6421addab3b539dd4",497269868.755385
"be8fbefb8e06fe169237d4bd",662566626.547642
"257c889187ad5de900a430c9",641037334.723937
"3198c4acc62c1a2276bf15de",707242192.311471
"b22350d505b87dffaae3a5e2",774699923.580435
"49ad389014995f0187edf726",630195857.395866
"025d96090a8e5bd6f786e9b6",695743981.543572
"4a7156189e1f06b0fe87a7fc",584668762.961948
"e91425bd357561183b935d27",585845119.133115
"c9d996f458794961d9957c1d",587716826.009374
"084de965e32a2a65bd3aff5f",587716826.009374
"880bd21afee7038459b5847e",827919806.409499
"2dba091723891d8907905a74",925802974.08127
"a39f9fd2f143b8ce1f7e1277",596905092.639053
"37050aba3553f3869d59f809",781026333.958248
"35a39cf33d16f8f5ff75fd6c",710501422.400969
"7c463a59e7d2f2b4bbd07e12",586440397.030337
"035d955df5a765531d1d0d07",775739451.960152
"be706475abdfd64aabfe45fb",584109604.406357
"bf41b26c090dbf0a19252e43",838823373.406765
"21aa860fd839233ed8b82653",603994242.092235
"b870c8bd8f95426a7e1f9c88",584346049.780352
"c5a5676bdb1698f8c38cdcd5",589528542.858075
"3487768de3a13b7ee3df0254",1028377793.2946
"dda7a886135a1fd8106d04b8",967248792.213223
"ee102e9d0791ee82ee4da2e8",743379431.10787
"1d4891dc27e0050efcc6c403",678060905.654951
"dc1fa8fcd0ffb8872d434dbf",626089357.705324
"2a5f727304ad67d1cd269361",813492483.499573
"2b10af4fcbef695b327b7d0b",1049275390.54629
"516881e914708f6ea6062ad1",815073337.205226
"5a428139d5ce6bbd9505945c",989395486.584577
"38dbf1b9c5963e9c3d008340",1001921219.18011
"02c6e8c7f36a2c68851600c6",648836635.078214
"d2684e676cae87d75dea5ea0",612376164.526228
"027947dd01dc991ffefc5082",411697962.994725
"0af13e27cfe9b8f237a9949c",647446423.618724
"32421841f7eeda76160d7959",470469009.882736
"96ad0e75433cc18f20ed83f5",833179565.225463
"b387b5eebf501a620f352504",965033260.099025
"8ed95f9bf057114664ea441c",498438508.140511
"114318a8e5822ece53ad897c",426827375.529297
"3bdd7be0b5e18d266189d991",734953482.544647
"0d2c4bbd8a4dbeb6337b5c14",442593513.994381
"a98637742a212e332cb5d1f0",453483153.796435
"acbec9114912932b9cbaf0a3",685589400.051118
"fd81506b0a00fab1ff680b64",535101240.021017
"49e531941384af389b0aff59",479026290.335696
"8f221efe392ba42b519e5f57",839980636.725386
"1f33395df1e4f6a185c507cb",528362423.019435
"fa823373d2e7fc9443ebb6ff",752546877.7523
"0a6966f19bc2c303886ca82c",610411011.040713
"15d9a0353ad54798ef95e0d3",984248984.067196
"0d95d756b838d3a319277424",450646928.417429
"d644b23e4bce0e6e50ab9356",989432996.38433
"6dbc77ad8c5c1e39f72cd2f6",973836676.847768
"2fb5206d246ee7ab22fb8143",847885185.881124
"f1582fc47e7b8c0eb0cc9949",767095792.233381
"8d7dd9de4e919fec5916862e",888198621.743974
"0b67da6d74bb3998c80893f4",563578845.882322
"736d25efc9e570379d32c089",960017631.383228
"4615a8a7af9d7cefc7fe4c4a",1142341743.74125
"8b753628bd37b9759dad06ea",432063647.388642
"5c7c83526b72ced12a08e573",578451027.57839
"9baa578a930a94f761119fdb",462225299.433432
"8fe1a07cbe9b8f3498cf74b0",417504401.606839
"67a7cfe6e95aa5200c064717",686340340.460904
"b7e3b0c90c0d3bfe5befec54",653174177.736834
"e6a547b2c0d126c9b6800515",989603100.822772
"b08f88ef973c9d1c3a86695d",910789224.13445
"5933c18b8cb17cc6e4ae91cf",1092321881.4362
"64a24372d58a2cf535c3aac0",1057859098.04122
"e6f9288cdadc5851d29fabff",1149205253.16589
"71ba2f992908a5f91f832406",585334911.038839
"3af4b54bb5ee5fcff80f1e53",494339549.088149
"40d3f1f00de86e74e0304bd1",639755427.259513
"3b758c26283c2f11251bfb89",1068720703.22045
"70cb6337c8c3f5225fa80026",1021780831.07684
"0dd510aaba8036e8fd9d667a",1150121209.50977
"ef6ac2a5102d7be910a3e4c8",410952709.583627
"24c32572ca6161a603a7d0d0",393564047.081399
"c7be09a810b9e54d2dfba4b2",592027519.97885
"01a5a230e8a808d844e64397",1193009407.11267
"5ade8e9c79288d511ce1fd79",737810835.286231
"7cf50019422bc9569a985736",1003287867.44739
"d4716e228067a7bb0f30aa30",695665562.570238
"cb79e02041eddcfa9225346a",957118290.092895
"b059afb753452ba358fb432e",1272686328.97049
"fd9f78fb2d2f4d01e462bcea",978115034.829049
"6337f924f515625e7fa638a4",684352492.782605
"3adcc2c662c8c7c9db5f0982",620451438.623856
"6b7aff233052b9bcb6b9448a",1199504985.93911
"cc51811e23409f4d77995768",559050890.627382
"e3cd7b6dc0495d5109086407",816288206.534628
"e63f468e1d9f86530d47ba4c",418465772.351653
"8bad8a7faae115ac9007b13a",672357842.315491
"d563312854016e9115d034aa",1008531834.03625
"57c7684f8cd8d78909711b53",427948114.797364
"76b8190137ba3daa55db33a6",559150526.491049
"2bcc6a15181273b2fad05e3b",658036235.623666
"b998aeafe2cc93bbd96dd9fd",412804903.388233
"eb77734d12df7528af57c674",410702315.021109
"e8df85384a1f51c31015ba08",858809116.388786
"b0a03d567e287bf4cbd7bec3",429574176.518366
"dc8bc7cb687a3a42b7e7d5fb",1022624596.30015
"147de03212e554abbf3fc3b7",577603359.990593
"c09b8c236316b87a92a620b2",482671642.651384
"f5006b435fc92111d55c0603",428645145.327945
"ed70b749e030cc8715c0eba5",804941668.009165
"2a9bbd878f3f45745d76f059",664296352.763436
"503f33d11f75b6b5102ba4ad",397387405.59025
"41479709513815cf5fc1eac9",711169764.488894
"0181972aeb6bf451012a47c6",844423195.990336
"0b35c4a3f20cc0eb751acbac",430568356.349989
"e5de98822287c2caf8b209da",719602539.081081
"f3d82ce1c6fac06e4997f7ba",569972644.790992
"8e17d7d78e7acffdcb04d982",616893240.031013
"f1e7a0c7804083963b5b6de6",476419395.735012
"918dbe66979d16b147bd3322",759487154.297409
"35dedbaace193598c9c438a7",379493618.937845
"e67fa931031bed13c711ad00",444834337.913887
"eb2bbf82cb615e3227305b55",479473312.977409
"e8d83f7dcb876d5d05ae3e98",583067050.956208
"2be93bf5132bb788bf045c28",476209801.4101
"ac2b1b560e8bc4fa1deb6f87",694000116.90529
"674ea6932fa9e6b7581479dc",749290894.926133
"4893b21db2d6aa4417e1cd1d",1072295737.33857
"2dbef742d0c59d21ad7392e3",989498785.699003
"fc16776abc877decb82a5954",1208381766.44201
"6f84d405f419590075610c5e",563156362.827375
"52cec2691ff635031fce9507",431968306.607285
"830b1a2d33f7754b9acfdd82",560083826.408945
"fa908c8dd43fcbe9f721c0d5",1031843198.21472
"90c3b93badfe7231410e95bf",1052553578.16189
"60a495b86d6eff1e345ecb06",552259498.940104
"0468cf58f40372acb9d5fefa",827308017.077484
"c523380518164e1e317cf1b8",682245034.435902
"142cf530f13cbccc3cc9d0a6",737854641.053872
"e0432ecc0c1fb2b00b5435af",436154626.693537
"3af3a702988bfa0599727982",803109003.373158
"99fad8a7877c57c0af05b318",530863308.964244
"b57250de388b7172a39dae8f",1119714518.65838
"42fa0158217c9cb820f2a06b",678030595.597867
"8fd452d3f5f1dbb3b65f5274",1061386498.7873
"27881ecd655786b093349ab0",966757269.404433
"38029a1aa22c0a5beb065edb",982762928.771073
"6750be41e08a725705256b0c",1116272170.92036
"90bf218565cd67ed83240033",1146093476.29481
"c6a089a9bb326c22e3f3aaa7",933687628.003396
"ede08c77d6090e0900654eff",1221870811.81014
"2f7784465c1c69c8f786a0a9",1277411909.9714
"5943151d9a76010179f6c297",558941084.507963
"82a3742862a06803242b703d",583674607.525761
"b815204eed4398e600b366ad",930056539.272494
"11c4dba68fb47eb9c49df169",500980235.960039
"4ae7dd50c6b743bd47340f20",875489498.755842
"d81a040e22d541a74122f3c3",397305295.233223
"34c84d0a410920c303ba69f8",573204069.069802
"6b0828221f9cdf5cf39e7c15",401772277.543275
"c50d5b4e75f165eeeb2eba97",643080597.298888
"572488a9a75f64434dca5dc5",478024033.898067
"0e67ae9abf1e2b2f66a91a28",603131731.605132
"cb00154afcad81df60ee58f6",551139163.518368
"75801c34fb510d824a7d8366",415322033.960857
"98f2d7810641693c44096ada",634705111.702221
"1fb4c88bbf995f77f2f29b7e",714854997.851662
"0abc98f7ea1e477c6fe3425c",858266590.692458
"b3401023d3097815687d1160",818200570.115725
"f1ef14babbc4123c5157eb9e",676046720.208237
"ecf47573fe1ff641f6914d0a",1260510306.99628
"0ddd21dcfe89f72e2246ed79",461290711.600769
"402f18888d480f5af146daab",465927340.28664
"61b3bd442f6fc8838e2f45af",572451221.896625
"c4eccc400db2dc9627c9879f",796774020.216598
"ab38b4fae64ab90a55b5a403",655213182.120581
"7f4cdc01f9086bcee46d1d6c",1018376265.79212
"1be9d865ac8d01f0378bc148",1038036916.78768
"f2f43244cda8e2f5219f3db8",497088730.369869
"89ca905d858c7731313c82e1",743507358.900774
"5bbd0476c27c53e2bcaf9462",795101031.631566
"7e177acdec9c0fe684d8fe44",578816422.917899
"b764bb8ae8ba0d736bf54f5a",421302586.904616
"75f6d6beb64d846d965fa9ef",863025401.79481
"b5293710d0cd75f95de001f6",349922481.698034
"8b8ec04a78d3826b2c8a5754",693553810.383243
"e35579e8b9b24dcccf93abba",474324419.054403
"db5e320f51680100f1ec06f9",392307872.583711
"59be3c447844f31267366cbe",467885113.498014
"0f3b424c398a8e8b53162c37",777056806.791115
"57f4a3f6fe2e41ad97116002",586392896.266078
"1c6038b67a40f0749a72e6cd",703670342.129251
"e5da0e3919341762d5beed25",588253488.28883
"40efc0dc313284d3b57492f9",726232549.772581
"601da8fc375ba0b3df3b38bc",1118750333.72524
"61a12496ac1e6f39c5ac5d3b",1231608833.68831
"8635edb61b1dda6f4742cac7",1248843229.1995
"ce12b48120daa5704a4c81e2",369847208.398474
"acf4d60dad7953065b59ced3",1104433681.2448
"56e3e7d822e13838ab9f85b0",715958286.287224
"7ea2c18341f69f21b523906c",771361650.126027
"dd2396a42097b2e8bce52a72",746299390.404837
"41f99600339a7afc8e386e6e",650567061.212295
"b2d160f54ce5f98f46818e4d",937035392.52106
"00dd36caffef00fcde85b235",1067040524.52401
"471bd64a0576aa67f494eb98",1040464206.20094
"79e307acac5f42f2696b0436",1195175604.36362
"e65a4eec62e2a5bbfaad5565",741663371.377341
"4845ca0d30483b36bfa55061",745333522.38961
"6784e116d96e03911e2a07f7",527861970.145317
"4184fd9a546823ff1fea0b74",726900248.781219
"616a5485bc7721ecfcc21c70",377414313.738026
"6ff3186df9d15b65dae5bd17",386498133.495828
"886706f32695891af743f986",771137283.297274
"daeb02020f23715e663b4a38",594295775.120713
"93fa1c8ebb75b77dea76ab99",863016564.094094
"ab25a6737b3ee0c4e9cf4ae6",627681323.285671
"c5641447732d3d1269965ffb",1127105534.19424
"86b290218a62d0c51b099a08",1008979943.89071
"d7b82133acf54bd3eac338c1",1315920262.5533
"10fbecd8de540f1fe4c57b7d",393665399.104091
"137baf1609138c6ca2715c7c",418896422.703443
"f5534949a53bef05de31b07e",458921389.313469
"466d4240af2cfd09a31cf3ff",580880654.415853
"7478693f3e7e8963e95be8bb",392988102.47446
"6e537e91af0de67558bc1ee2",608688933.161329
"f5b0b51ed49be034c290efd2",837057715.994203
"a4885ce6808ffdb878c41f97",552704088.370425
"a14506a4800c27223fc34728",844262949.154647
"e8e97b7919856f9cbb9ad02f",961911897.66883
"e16685dae2bd3b0a4803ec9a",773870394.084786
"044b8431b186eb022cf6fc24",618459636.431702
"60de8c37c9eb96efc432451e",927831081.734568
"59b88e154c07bb7c0ddb4e8f",838722596.65584
"71590ac868415f3a185dc15c",960013234.685562
"6388b4cfd09e2b1219268cb2",754810839.248593
"f865cd15368fefd8c9d6aabf",789268771.979606
"ffd916080b1019827491de0b",857979908.478602
"6b8ce573bc2ee68ace26a67f",596292460.182882
"7ce704ef5752dd496a61d857",863016564.094094
"6b1a1afa055c15908a855e9e",715691449.953872
"2a9338f62c99dbad25aec5d3",778700006.645155
"c2282da3ece2dca6e8a3bca5",825713650.711621
"5e6324cfe41c3676c7d0a5da",850357539.22553
"f1a4afc2e543ce4260f1d781",1080124032.43488
"5d17daf3e98cf433267d978f",1368259157.92197
"d5f41dd3258aa346367d7725",477296105.914968
"da35c757f211ecaab20aeb3d",597324102.910242
"8d9cd237c737f6e62092a08e",1139915883.83023
"9dd98816533e4ca8516a5474",1076095048.6984
"27d14f352b2983177e836e3c",947982800.335275
"3dd4fa53bc59e5852f9fee98",1154203984.55608
"3ca74495aa9adbd533ccfb96",1090882224.31483
"dc93d8ca60d60a118f61390b",572207446.787668
"dd7b4c374bbbcc60bb090fe8",597861967.63754
"f925a05397ca6163230f7ad1",643260774.730818
"66a59937c54eff29ab14b474",807037679.60036
"077db8e0877b924d1b57ab1e",519303296.861554
"aebc3c6079c1a80f8b2f1c7d",801551712.777878
"ae41a566826a10d5a6768d36",607953329.427075
"489fca3e6dc044412d00cca1",776931285.872013
"fc2f58cc289d29fffe8a5fe0",787913598.578519
"59519bb6d5d299ee0b767224",782151619.49807
"19921a97a52bed6c6b8f4135",805782767.330914
"ae08b7f31e69fd930ef4c832",754030999.250948
"1b67fbd144a4a3ef40bd9824",563536099.462997
"9e142165bbde850d4379a49d",604060436.098446
"d3e971e2e224a20530ee295c",809674886.504755
"a672cd6c8c284e14913222d8",720453053.954272
"93086ab3e32aa9599708382a",1120067743.86809
"63773145b1a896df26504b0d",420433815.984293
"17707d66753c1eb0aca28926",468572509.907736
"6a2d4d9a257fdfb2ead837a1",442234528.768212
"f9158cf51f5e9f644349a774",443169752.395077
"c09c39339b5bbd48f349a430",605223111.88406
"d470d84f5d8299c52fa24499",523644954.374783
"9d028997ff036c154c3fda0b",1028737429.62303
"40ce7321869b706210eda9da",566172759.182496
"3fc826461ec4648e4f7877da",596960646.51707
"0e7dbec40eab1b3e5c6bc665",971323021.848517
"81b3256980dd7d7f49030c78",1105468469.19865
"fed2e1459e9ccc06943a05d1",1201976180.96336
"c535169307e21e5df7ec88e6",490653815.473321
"d78d84e4e42f145e02e423c9",573720351.469873
"3e523ee3a6c2d89436539792",573720351.469873
"5f2df52db15d2e0ebd327a36",469925457.211859
"1c1ff56435675288e78c4735",495848116.743158
"ec4226205a38a45d97f35828",822241067.235184
"3214488a8fa9cf8b3dae877a",604985106.66047
"4a4fe76c58f5735ce6b018aa",1084857412.47282
"ff3696c808d4835d6c7cc9e3",641053945.186663
"1aee9081ac4a04490eb3f0e9",820602568.535092
"8dd954e7312e6e6a07d6d4db",590648866.670633
"daa52a91f1fee77f75550246",532094720.443288
"a4ad34eb244e48afe23a780d",501997584.705407
"0b4b741487c001323f508d5d",573720351.469873
"cb383b7a746ed55b21a8b245",716933255.052362
"4b092d4d5885cc224f6775e9",408033382.220137
"ba12305002d24055c159ed34",396523888.804711
"bd74d43d99a240ef4190ecfd",532793867.941261
"4957e0b129c5caf47b026c58",686748340.315506
"eb270972f0f69f1671a0a740",803137240.648526
"d51d3ef396efd4760c979de4",457987319.213905
"ac65d147ee69785195ef7da1",848814267.146845
"53ab42a93b6deb152951f82f",1083509129.95251
"5826567e12ee3192785e36f3",1078987057.53551
"ab64918f2b2b4646e87297c2",1072465240.5185
"88b0d688281db2ef0a782921",972485743.384137
"dcceb6a2073faf9f89f3431d",828044546.880286
"73bf75d5762e3dd30fca7b3a",1030813602.84326
"a45ba5d63cd1971de19c25db",1084819589.15994
"8467eedcf9a48fee0d72d95f",1146382018.30265
"6184f12f3a903658f3319290",615068914.141428
"92ab018394a5398b832d0b97",765323003.981867
"e8e215437d023387c4a55515",578244159.04693
"7b8a6949d55b5bb27c3c6839",808079506.811133
"33f1a7739cb556a78af083de",949602191.371689
"39c6bd862f908b7e8088f0dd",864594046.289622
"ae556ff5f318b73d3b29142d",598259732.220731
"e2fed68e0b614e65c05200b7",731611245.181033
"c62a4288a4a0336b1436132e",703265266.645447
"f23b32fa4894b6d59f73c151",837876508.064975
"4ac4fbcacef08524ccbf3623",351842810.007815
"5b5bb8156b98eb51a58e73bd",491998099.49456
"53fbed4f9680917f0615ae7e",507765509.633693
"730b528617c2841eea5addaf",645443990.434795
"13d08f7e14471fcf517c204a",426896342.135799
"da273cee807e254fc9aabb9d",699465356.192486
"b8f7bd85b61951ce83d7f57b",1320731578.30587
"4954ce465ba712543bdf34fb",404688295.580116
"b7483c951d2c19de665f07b6",395326584.827878
"913cdfdd62e35472522d0a6a",572827690.779298
"be28b90a71e2922437f25110",538424188.056572
"b71857f1cc385219f114035c",477292937.740662
"a72041a40ca87928c695b2f8",569262029.989424
"65a626faaed9d9e3b172415d",572827690.779298
"229bcf400e309619268dda31",569262029.989424
"367bc4fef78a9800f8616d02",569262029.989424
"dc0ac888f1e87924e3994b4e",530039429.804874
"6996e88c10a94d9ee7d05357",463168764.877312
"cb8fbae1b4141461127c97da",1136492712.04025
"d2de34876a7a6914c2dc479e",1055675711.71334
"c666974c4303d43b87714c62",652221422.506118
"e8491a7994738d098a7aede1",1230669307.98355
"9a6440e5318b2de28b180a2a",1017389997.78232
"9ebe11eba1a88fcb24fcd141",496550302.960113
"78b0f0bd0494fba0293eb0c3",591762924.220811
"047b0ded64dcae203a3015eb",722716124.670448
"7b95396ef4d0e97de8fb4986",1074796888.25609
"08f1c136d5a456c0215ebea4",923856929.242713
"0880b703bf2064f59f2bf20f",865818499.51286
"cfc069bd55e152e40b3a1391",1027798014.70689
"0a00771ee714a2f3f96c31a3",573024732.456533
"06acca3d0ef4685dc055ffa5",365770781.587825
"f802b026db4bf9d68cf00b16",389326684.387741
"4aebacb9ecd0a117307c7841",1104842127.88364
"81ccb7e0255eee6274f5d930",1217187980.546
"cd17bb739ac79f80d6f651a8",1068672775.54739
"917829a0aba571cbe794838d",592885531.739717
"5b83b73ec31031582aabc527",378457811.566123
"5e18ac352e3f3119f5f9197a",1106449883.91339
"b7eb15346797508f47ae094f",772021727.503959
"5ac98c971b9293bc6a8a6aae",976317662.025545
"e196b7cdeab1468d5d4e07c5",1436047150.94254
"0ea201bfd515584bbf72f902",1042020918.93213
"d2e6ab3b3106f36f2c3fc119",417241291.73979
"59db28ba77489750903261d5",773748535.770286
"b348c76e55613f53c8bbc94b",1056944080.97611
"a1e38854d6725e9c48c128b1",368635700.585792
"b86c526fed01211fdbb62815",1051295153.67988
"1d2b83d973547da8c168f743",589552833.867612
"0fe3dbfdf25d4b013b842b51",556369205.196365
"71a20a4daea6d31de942b2ce",1185866253.89768
"35352b370a31d01748616b01",1029228610.57385
"27942219389ecffbce2e1d9e",1196674249.36367
"62fbacd4e172983a2a998daf",898003421.581193
"00c1165df93a4cfe679f54e2",875882014.04298
"207f669778ed0db0e619ed40",496338073.063045
"5ca0586ab7d20dce5e9ca8a0",779199616.493988
"cc27435df779f16e6a62b0c2",974160738.288321
"7a94d3d31471ae313659aeae",823687231.18912
"efebd19fc5a2ab30f2ccedcf",549433258.780361
"8037e40c0c8b20ab6e0d4b78",386888437.534805
"5ae3359bfe2a704de00e8801",588236867.618559
"a5587c93c012375dee920f71",671750349.639051
"ee7f7d547af56773a4b0afaa",956802337.21952
"9ed988dd6739eb7ad7aa5a06",992013139.906096
"26c08d7331ae19e1934a22da",851730513.17674
"767024c66d3a88bb18407b6d",819034058.604918
"6afa85ee6594d1c8296f04b2",615772519.063193
"551ca6ad1ecfc7ac21f8ef0d",924971814.057194
"1f79204a8f62c29b0a1b29d5",444932458.422053
"3dc0fa238745fbc31ba88853",382914447.526352
"4bc3f597867c6844e9b47fc9",407311098.071707
"53973c17ea7e89fbee5e6cf4",363455436.151071
"05397b2087e5cf381809f169",557421621.266366
"584990ea9718bb5598495061",360136779.625184
"2e7c6a89d2cf2d835839f5f1",660372083.811246
"5c02d79c59fb636ca4cbe86e",466203664.155871
"114436e00c03b44096823522",867748142.958982
"60caee98c3cc8526d16d7f44",629443000.395107
"8207612808b5947f2802d2a6",763410327.89368
"31a73382ae20331521bf2e6f",900786887.474257
"c58947cd4f238cfdc0007bf7",1403287846.93275
"a7ee02ad2a4fa122799a2dfa",1048952355.53522
"c77a63e92b9f727034913d8f",568032333.001051
"56c6bf831d3c6737e3844969",671755333.557378
"73ec6f4da3c277958cd2c228",1198973593.30671
"7dcd1916c0485e0b80f9eeb4",1131609868.23985
"cafa94c4a56c23ec73ee9071",1146417487.08247
"d5ccfaaaa739b2bb2b3d46f7",515237236.590351
"e6d2e862f58445084b2980bb",1299951802.48766
"62f96ed5c1e5f28117949a23",429572545.457207
"20d8980a4fa8e094b7a5f00c",429572545.457207
"0172678cb0737e21a317eda4",357000831.506257
"6254ee88812e303bdedb8767",1253377550.52808
"a812ed43db71868625b351bb",1058931582.24091
"2bd1c70db60a44d4400847ca",1196977179.27627
"b057dd8a9c2082d1a78cba88",397173160.455375
"2fb149a70fa14ac05582ae69",525145067.371234
"47e282cb12ae01243d713178",465771110.272784
"ae47cf27964393fd56a52d7e",776135198.194774
"21642991a20d6b0d17dea2bb",723504020.950092
"43b10ad2660d7552ab6c3b10",800094953.237528
"64e5093d6bae57e8b4298123",1004550493.27598
"9d8d3e6fb432174770c74e71",766265950.637727
"9f2498c12d7b41c213bec0ff",401789726.9714
"6461c0a03ad3ecf2f8112759",699460100.119119
"09b15382686c42fd89b24285",1141138297.68894
"da846b08fe2205d2e2a3dc71",553886230.678817
"2a89ac6511416d0920f1b9a2",1064650328.18398
"3e9083411c44213130b2ece8",715725079.122826
"0f0df5694eb388d843e1f17c",560601538.525319
"ee6a288e644183bb191a6526",404420386.184649
"8f570610ef199a3ecc49a0a5",754636075.497645
"3115e2391cc3a078b5e6066f",639800992.851934
"c7e45098251c687efe670815",593115023.82478
"8a3b7f5a8da339fe19e8f138",754327721.912745
"2f801cf48edb712627196b2c",611472394.762423
"a147a8c29757c5d0c592d347",495344626.134534
"86b0aa633bb16582bab5640f",631728237.332894
"c9620e3e2dce92bf95c57c6d",731855337.69914
"b746e4a5c9d04cf4dbf887da",793933820.239112
"915842a8a03914c08a6607c3",429889401.115579
"e9e6e054c1d09a22b7efa20a",628045265.310205
"4b6fb9b705d80ff350bd620e",466262196.11474
"9a51784f33b0cdfce8312163",724895470.616289
"176c9a90fcbceb91569fa3e2",909307872.728417
"c97e70a767a3661c4869bf86",681935961.477474
"a6bdb6221b88a24c9f8381b0",786736321.799452
"0a1e6a95a0f9598150c121ce",1129400661.5239
"37d12acc69d0e3e92420e62d",752290937.262633
"d433ad6c3cdbd707e6839082",746964411.444059
"36bec92975612d091a3c78b1",795482105.978825
"3eb97ecf8069775b9104af85",949645137.005969
"9aeed339b2d916cc89f38bc3",813029398.935863
"f404deec9ec16a8460397815",611292174.336321
"8a0114372706f30bf6867a2e",853365762.846111
"681e772045fbee930fcc9ff3",1161769850.89134
"0816f29a68aa35abd5978e7c",781812105.459049
"670fe8f7b8ebe006885b2777",871918276.447838
"d36dd340e5875df6cba999ad",906368375.591847
"8ae869c5033c248f881ac313",1119887163.40392
"294b04da3eaabadd55da9c20",1010003490.05691
"17b360d57782208f5afdfe4b",900420520.758506
"88ed5ebb575d026f8d440c60",511218629.797415
"e611a37562f88ebe07bb28d3",476697132.261066
"e685650979374c571dea2ec1",482830064.857433
"10d47d2c73f0ccbc97979bcd",522332518.919415
"fe96a7d758a874b1f0c42145",522066790.568183
"a7634531887e969c9c5469d8",387659428.760805
"42f38b1b2dc077c88a746c1e",629903750.079208
"25e832098d9e6e7c2f9afe2c",799708267.801992
"b7dc47c641b46ca99fb83a0e",1065936522.62277
"0391d158ab104c5cdba31872",827193646.336107
"a3c4d0ba7b85b9a6370e131a",1206403021.50709
"27721beb237824844adbc289",1013223649.60255
"6e807e25b64bf0de81f51c12",1233969962.32458
"d2637d64e4022075c8f539e1",1004614820.49969
"faedbe92e3296977872a4aeb",1285838539.71979
"5bbc190cdc5ff3296801ac0a",529767078.370643
"9b0abbbbfe0bc85686304ad6",524834768.393474
"f8263893418eb0752dae48f3",427792358.141831
"1e73d6064abab2cccdb6610c",426663309.927936
"c0155096575af5fc8db843cf",359514203.709776
"9c7f7b0ebe440f60d3bd478e",427792358.141831
"25187d9f4cfe89a525ef2493",427214067.686913
"85815a09bde2a30e296f65bf",428847625.746287
"fd45b984efcdb0b434033fd9",440806575.511211
"5dac2d2027b6c81c1b7ee3a4",427105795.06935
"7df538c0c831520e6d36e39f",453288456.861868
"14b81320fc31c7a513242171",428680501.129193
"8026e480ba395cfe1e09cec6",426929932.092306
"80bbc51dd90d131d091521a0",500526263.539763
"ae6ac510d3e46a50ef24896e",428160996.903829
"06b90d41ad3ce1d0d389fea9",769560330.153229
"8d911c1a195567dae3cad99e",504075503.145543
"2876aa9ef0b44e43084393fa",449925182.271034
"76556774906f9e12b319c232",439984388.266264
"9662cce3c4b92d1c99849899",927492531.665524
"de3d078e5d524d8a7b65841c",738920890.568923
"547c8638128424b89d602f50",1192818467.45451
"c8a3dc3654c53cf66953de0e",707745115.599026
"21c8b93e50ac884e63514f10",1129829526.74021
"49a0715897795017ee0de843",485232471.116183
"5d646ababb10f51c141e0d8a",754513897.090498
"da598f8a82b1ad1b02961cd1",751400795.385379
"84d8f7109615519f2ab0a48c",838007573.782096
"0d027b81f8391d73fe0046aa",1019241725.73023
"079bc331430e94ee76f8097e",803888601.195131
"61055e6eb1910507640ce6b4",691834226.445109
"3f6effb8881ea683838437be",863184935.804129
"92c8d6ee8496b91821d7ba3e",802357923.388189
"78a08f21f7d7c51ff4d5b8ac",973066091.161026
"f7ee7282cb9edc77740f392b",932096118.424294
"694b0a500f1619c4ac4c85fb",928593086.501163
"13d43933e04c3c7a9e5071cd",944782453.485336
"5abb555cb9d65db8e6c28201",495960908.475431
"ee8103b958673c589b9cb27b",1065907313.39594
"5b3a467a3b0feb8ed81be1b7",1231572585.17254
"e570a5157e02d440a78ca008",938047553.495085
"70298b5e8fbd66aee975ff14",607533986.136926
"2b552d7b1a1488dfd618b120",417983054.154248
"f4ea9c80fe71a1bd0b692475",813304446.605131
"e6a9d5c9a82ba73e76817a81",654706419.05797
"9b58b5c993540ec3ab1e4a0c",572523847.103344
"00858277a3cf4f31b8e3f738",671279299.765542
"d937ac866f671e4a0c090879",730645152.539862
"7d02b3479cb2d89d55bd4fe7",783893151.035702
"bf79649b531e876c5f03883b",485399859.332373
"66a2ec5aac8969b2be538c1c",783893151.035702
"7637c251618135e082a9e2b8",966017214.730767
"e8c9070ca596f88bc2e0868a",634224978.634434
"64adcb2941e9553ee394caee",492217641.52299
"0bc8475715e42b752649b4e6",523485114.656014
"956ad3b1dcbe8f236efe2d2b",503965539.968296
"dc81900a751b64dedcb4ac39",542673943.355599
"02e52d3895522d9be85c4544",509086297.536945
"49d6752dd196e7dd583baf44",449882162.636301
"8364aa431b2e267e41efabc2",529349381.98652
"1b59d33f9000d2e1aad46239",393083623.155221
"74a791baebeffcb7e7b917d0",677269352.560652
"0a3911a1a9284f2ff81689e6",495808943.153831
"6276bb8ceb13d174b8e405f0",422049490.603324
"d573d2caf8c67aa32bbe592b",398839827.864381
"57cafce17dc4de3bf8a9ba90",1051451031.00331
"1dc9e5c684c831b204d21585",1065474677.66866
"48df432642971a97d3d4bd45",697440621.074061
"4902ccbe8456d3f0a29e5059",631624883.193864
"3a810dc80d3a63f8cf106717",833291294.504941
"c9859204696f3440cdb541c3",780711513.40992
"349fa9cfa15d8f8bdcbe863a",1300033040.45461
"d0bdb51c8020a37fe8344650",812214453.368992
"7b037e6e5d110999e51b79c9",1091461533.88161
"f677c51266f5ada9e23f20eb",401586780.166289
"1b85d69a0f8ce1d6ac4d4475",493518045.368541
"4570a3ca0571c70657b4a1c6",611485227.968428
"de32ca7785b71dbcc76a50a1",888506424.688222
"4e3cce6b581e74879c2dbc4f",515510282.049784
"09c4d4b5d1c0118d877d5734",629877032.654997
"b9809baae395914981a9296f",903969939.366007
"fa56058283c975be76d7c990",942723392.833106
"7b32938ebf0b1b167a3d2d20",612652533.445833
"bb38c1c17612ce593e5ae7bd",396370182.04089
"bf0485c2e267d06b9b1d90c6",890433643.025344
"0357d0ee6e0646113ea543cf",620203522.346128
"ddf5182c482fca7d881fcba4",1020694226.38357
"47e6a61fd652a3dd37556ddf",919181230.380481
"a9054883a22542257c7e778f",396610596.336935
"d7c70d831e88d552da09ff29",1050302167.31216
"d4d138bbc80a0b29ed28a4d6",477246022.065503
"dc9119767bf4f21fcccdcc69",793428584.644929
"e8caed8cd754b0e3d43e6954",832037732.44677
"033307467830cb865a785e3e",648689677.575565
"5498b3e3ca091bb81be87166",744871852.111751
"bcaded180edb36336c2f5b96",962371175.861526
"ee4377ff95580b93e80ae08c",839972289.739334
"c25e1e289cac1bbbee489122",1014265680.4338
"7e41d90a838048eda035fb27",746703862.25754
"f418efb887a15127cf2563b1",467464544.378573
"93b27fa67eae8cdfcb846772",804135699.449761
"6a42271a0b03bf9a856d1acf",778019627.719465
"2af9e271765438a47fa7e7a9",366015279.903973
"11429e0923f804d7dc5d27b6",1157477558.57696
"c218434cb0b05ebcef935e5b",778770624.46587
"a98e4f4db7afb8a6c9f69400",633322704.190337
"3c35c8993bb937164ae4a880",1157627534.19409
"c23a1372c81ba03e6dabb0df",546338349.774958
"cb332695a296899d1c798426",791523443.198642
"2ace3da2fc4e0c022f7a8755",950219970.022516
"14f1bf9aa68aee1ac094097c",1040188586.10745
"649a2784beb9b821d36179af",638539859.721162
"6bbb8f89bae38eff88c89c46",464741100.520937
"1905b860a8d463c3048b4e46",587220073.555981
"3ec50faceb434f716d73613c",1216992566.50625
"99543a17b33ab955d03adfef",853387712.838135
"edbafba81b92efa9b1400987",984545846.206025
"9b3846c7abf642e0a6220e7a",449123217.700667
"691c35e98d0d5780aa82aa06",777887097.626323
"395fbdeb9f0c0586a2b20edc",454088707.349342
"4803a3aedb6c20eb194469c1",562290341.485713
"bf95acc88b60a3d531fbd42e",460782765.176574
"b936e36ecacd7cbc3498cee4",419947190.038305
"293c8a0a4a358fe7554a4ae1",586454346.439625
"5a72e2a62121158efe59069d",487684316.651296
"605276b332b5e5984b83ea8d",443660635.621129
"d3de7e975a9215d04567e467",489837638.824469
"44b623f7fca1a306560172ac",637945842.527006
"9a6a8802cbf3549870c55031",467819023.39284
"f43c684b789900c58c8b5fd4",489837638.824469
"dd7ec9d7dfad5364dd303f49",615538759.154557
"506f2b1ff3e4e7e43a5596f2",780062050.128837
"090d371309090bf83b6fe0f1",774115681.618356
"886be9a1881866ab1f300533",615930911.133583
"ef34f331871e8ca6573981e1",579091758.969002
"53bbf1d3345eabc2a8b7f5ff",789756988.109309
"5bb87c8d49ba8ae67a659b52",826958576.586869
"21dd47ac3c4e1d6bd0ed2485",635957851.569773
"f59686ef2740247394547078",1038766329.64187
"8fac177c5a8b4faa21b33138",460543534.470586
"b2bc172a3ab25b8caef50189",1105540924.74975
"a10055de743532d7b7bd29a0",626652380.927509
"c344e3be381326a1b6cb5989",956527942.277274
"3fa4ef366575bc72ca5a0582",809803132.955591
"e9205b722e624eba0fd36145",1323476069.24085
"e75699a7693c678786ced75c",649339341.435545
"23208132621583ce4a46de77",1138274947.2674
"558d9e4b57fbe6c7e0a09a95",959591389.168106
"1a6ecf722b2eed8cdc19ba20",863929984.659357
"11734add51785f1ddb999c5e",626318897.577695
"82c9ce0d018c1d620b7a6689",602393923.247676
"80d95b058cb11ec829b5ec96",656486514.42471
"cd89201cfe3fa19a4eb14bf1",635957851.569773
"d0a5f33f0689445e22db6626",512639764.091804
"c7c99ae9259b34bf9b8ba799",427723905.405882
"73806685dec82cf637f19384",425426679.077786
"83007c444fa52b34482ed55e",585251208.537008
"e08561df5747246d74136dc4",464414830.158946
"5b0219cdbb8ed527aec91659",993072390.748077
"119805b72aeb50f05d3a5bd9",1171457095.47964
"fd20cc372715855081e24eae",1020332324.36844
"e4a021b625f4ffbed391c6e7",965836889.896297
"902d4fc2c44ae5ca2703426e",755111378.306916
"71aacbd62d72d3eb29a744dc",649503379.569236
"7290697f96d8e2101089984a",698819816.953292
"314153750510e92ddcecf33c",861178088.199035
"9d576cf721ad30ab1a4fd554",465829490.13711
"50160783a9a0503df5a38dee",534605816.214833
"0f4abd70b68453d3500eebb5",418117413.733463
"42cde300d741cb134a529031",455435074.688765
"1e9cb258a0b7e08244d7fcb1",667758781.907278
"febc9a1b054671445d756cec",728860238.510793
"39351adf139f820864dfe8f4",1009329878.58688
"b4fac45659e67d4e91fe65ff",397452139.426016
"fbe555f6bd0edc1bc950d9ea",950827553.924461
"67308f6bb80d2a203e306104",401060189.514825
"799cb909791d43a1eb305eaf",770383086.12407
"4354c1b6b27a87c451ddaf36",485834049.231075
"0b937a3ea4864896b744108e",396033381.937801
"b96d8b77fb5ba71ebce2fb26",531207939.522268
"f4b1645da3f4286e39f2fe4a",667291722.493222
"a2d1de4211aff373009809ec",533229515.69276
"50b619ba3e0b2a4c6512bc97",602385236.204565
"3d57abd322b0077efa1091df",943740028.720601
"652793275729ff3b69e86072",588904584.912522
"1e2270f9f49aaf3be01dab49",1125210056.87206
"99970db787f55a4d1963942e",344159438.913896
"801d821fd6ab7ee01b62a800",565280265.01777
"2abd46909a251b8ebbd37133",577113475.857908
"20a783884d6bcf1aa5697772",567683435.549299
"2fc38ab2689eb24f63e32efc",1039384917.73856
"1f592cc4ed728909040f953d",568626794.634331
"d1dca15e36fcc5ec14dfd870",568626794.634331
"54f7aab6b91b48272a81fb47",553723579.276427
"b6d84e7d569d8d0f0d0c9066",826334883.049715
"54d10cb2a44179fd4d726f1b",832012367.620717
"341c307eedfce3f735f4a63f",685225081.342156
"1e057cf20757627d1b006141",416160560.62294
"798bf22408ef6814759da1f5",691532914.106109
"9ef3691cdc2bcece41b47e78",938261292.045606
"fd5793113661540ee34b8cb8",921864645.746604
"9c4ce4e9f12764544cc8bded",823889610.777802
"542b5322e59a3273e10dcda9",860357171.729872
"af578bfec5d84cc2f4ffb8bd",849271098.186788
"a310528e34207b5dd813df8f",665091398.725906
"ecf5c9bd618e3976ceb5697f",1229776829.7845
"d342a1ae299065045a957767",1296941863.78619
"f5dcdfdcc8f414cb7a38309f",735450309.517107
"4090c1b86074c8e769cc72fd",589663962.929787
"7ef2d4777310765d0c8121af",848587210.95716
"39222ab30001b3cf45b7de65",638454316.419279
"91a73bedc30e0c2acd95d6eb",677081507.899474
"d1e6d6900eebd9ace65d6c36",655241229.253681
"592c9c45c07388359f663219",486508772.223269
"738111512f5e5052927468d9",944391509.637504
"0db51d4771623f5fc1026d74",474339828.225278
"82c9556e19072558cbe3a7ff",567621757.017467
"c1e51ab95336a51885b4c672",722083525.469067
"0eda675541a035b1f620ccc8",1012459315.39594
"cf379b41b70374ac4cf82dc4",562280181.351342
"d90c961aa01e51d63e50a2de",917331455.344979
"990379c9f9f210206c6f1916",1237807881.8947
"f8189811dc639d760937df95",828675015.255222
"3d1deb639d94b292552a123c",514822293.406415
"43041a793a13a4171f22e492",625118893.271747
"052d00805b2602cac76fed4d",623445026.713173
"c76207e622cf8a208910707a",433259792.994717
"ebe33bde2abbecd6d1fb0cfc",610570983.889251
"2e23ee2beaf5293f57a5c504",414405684.194917
"abbd422c412c2d57f5df62ba",467038713.094247
"648217f4d8b5e0e65dea066c",765065759.741578
"52e7657a539be5f36f48bed8",1216585616.39961
"3a276f0df8c12422e14107c5",968482356.258386
"dc537b5973d2b94acf6f23df",941579088.16023
"0a41279a5ea9b92bf8cb79c0",1143225346.60103
"80ed77aff62d4c57ede6ba94",633573962.73486
"1fbc660f780245bd72015f07",766277867.49279
"df1f513009808ebd46ec0847",690649977.908048
"58708fd9e83147daf1a80c48",422133995.110944
"52b699f9900d81ae85ddc7d6",536625560.639729
"98c5b154ec80083bf6f51835",857979908.478602
"588400f7829874f9de919e39",532250722.818307
"46a2a88ef09b2aab932ea02a",726670904.095774
"31474c62a8f39e250fb2882b",1134349496.5577
"b40873d316de1c295f2a97ec",494973346.845507
"bf4b8b23cd87377169684e98",790717474.553808
"a34b3b037805f2ec489a95fc",655033934.34399
"963985c57392ed0423d74caf",739865256.681911
"a93a37e4cc75c069e14ffa00",594800732.28852
"071f284d07719a3517c55567",808860123.412922
"5d030db414b00948ec10d18f",398192503.168806
"6e57de8c4ec2e42832cd4b09",843317841.363319
"d9ee40ccf461ce3e9ebb815c",738972911.775755
"ee13d186a24af238d06e0c2b",834135531.906128
"f27397321c007765244e56e3",1001020995.23609
"959397711c3f452486ae591c",858717606.868176
"a41222195e5c7d7987dc3c7e",422598960.189154
"ad14cc63c36789bfc1bac0ef",350749590.561339
"79ea72e7b03cfd4fdb5219b3",455426130.801007
"cf68e05962a41395844e9c80",548037141.504397
"4a20d03d09fb9d0ee5565ec9",463785418.345315
"734c9446d0674b8d6545bfef",988368823.89346
"d9706de7190ae64c83e65769",662851724.826785
"b778282fc4b9c43055629e44",970211343.193655
"a4d4d6480b56d6198c0120d4",865649683.683227
"7557a9bc12cf0f2901c00264",1122118328.91721
"41376f69b086937257387f1d",930100910.648317
"2910f3631d1db77e4b61f8b5",549553680.953985
"3a8a506c99ede47ae2257e87",629922739.959358
"25d89911e830697217d460f5",586844185.391546
"365a227184022e99f1d2a816",819058216.217746
"c6e34cb4e79a729a5df4183a",937697029.436264
"c5c3f06bbf812593d1b95a40",1050079501.34487
"acd6ad0081960c0f17b144dc",937196284.963887
"344a104d2210954497a5a388",877874112.916879
"c0109086d0f49aac6c3f3f18",716915182.510832
"c42c99f5da3248e7bcc73fa7",936227256.209384
"8e1e9ae57400052cbbaed9dc",1219426131.35166
"8cdd55d191f206b0841e56eb",727900037.69044
"c1e0b47866cf4a0120e4b3d6",519663290.717986
"45a033d121ca5afef24161ba",562281828.478606
"bc834280fb45fb308d957640",588651480.935827
"9ddc14c8e7fe7ffb078e0019",1070080041.99251
"7d66238672def6f73c25247a",591227314.08502
"2c12cbaa1f14553c1d41b958",397807277.832452
"196969a98960a68088266261",536625560.639729
"a5a3cab55661982b7d30bc78",631203422.516409
"6464d5cc161ac659dd963897",490639188.750208
"e9f44786cf982100af0984e4",924911104.939688
"6302e608d8f37e63f4e5cc27",489185241.983379
"ab614a5008d68aebe34aa201",921782829.477848
"06bfbccfb3ec0b1f65f4b351",960485865.543432
"f7f46ac9158f0a1edd01709e",943467277.208723
"6e233ae6294318baaeebb59b",970754273.151613
"bf6e713a689f574b532edd4c",1119928155.60747
"a7e97bdf2d4f2f62f9889c3b",563880314.499725
"784822ba0060eac9358cce22",429536913.954356
"13c51ea93d19df6c273a1502",522676015.251866
"176e00102fb65cba56279287",592232833.063733
"52e5904902e4d75ad87afde7",653475650.926835
"728ce22c8db9bd0abe3f20a8",979969457.089618
"e8bf121ec117e383c843bc51",1361165649.42257
"878ff8ef3c862929bbb19ebc",875072455.813375
"ed80ba018de35d5d76d50db4",1071381999.69229
"9267fcc93ae3b6df8c12d9fb",598299474.33163
"babe27dc477f5e1b7e438422",707527964.039494
"a4173461aa676e09227559fc",515554907.517622
"f0b2a0602bb5a83f0827ac75",975560007.797631
"2da346c00d6fc39268f12b82",751465357.912035
"9ec5fbf8767dd0d2744a79b4",723042990.799863
"c85e9bd6e20ee2a883d0a7d9",389796745.203839
"191cb509fd44e580ee32486f",808121581.257918
"053d37bf1d988505b5e91809",653204620.033836
"4d3a66e028dc8f3e9ad9e9cf",825033001.10022
"c75b265c0eb946ce77e32ce7",872097883.227086
"d233eb8af3ef7e325f6c8f9f",394829749.186501
"7f7f5313341b3ca499968716",627299294.627121
"4fa51848638f4437a3e31682",925729178.443291
"9090236db3ef719edf72a330",1288629186.6359
"4dacc190eae91b059dacbb00",1231528610.98812
"ccd2f6ec8e9841f1068b7c76",696279165.775782
"a354cdbaff42acd1a0b5d82d",644672135.156779
"da8d3092ed0e085a83a7d67a",784502490.955926
"1181e18553eafcf5edf6fa05",857459809.279712
"5b146f1914acf2ae78360fec",851581254.593012
"a0fa0aca2f6c2ae65a98ccbc",608509308.861853
"038bb35043651579f443c481",812834019.889985
"430c46358b85ad4a741c7187",395917132.571856
"4becfb041b0439429f2cffb4",481457351.199092
"feb87029d5a2e8125e165bef",418200391.604038
"61ffbbc24b30698ab8f735c0",480726293.3801
"0e3067f71dfb9dc2e03bba59",430195551.678157
"b8ec643c66478da376153333",484285648.879989
"c8bccdccc9186136a332e995",1100909026.35087
"0f4765c8929a87746217e957",1094189492.14565
"68c145df0ef91fb4d14d001b",438911480.092005
"e5b92a0c67c506ca6e92315a",466338334.10719
"a482103965890c922a66eedf",633761029.513338
"1d917f9f5a3cd44cc4dc8d2e",549425413.752878
"4cc968db25c2cf03991c0041",653466035.806947
"91ba0c5b21b52734d1e244f0",765168025.954433
"d6a8f4abcb02142c6dd15b30",461611657.902261
"0587e7e1f03af8ea6c46290e",566230702.833161
"61e1e0c49f3aafee6ec9179d",827595245.224356
"797da4e993a993ef80277108",830545686.055125
"b8acc8e72f2c498fede3fefb",822771653.318114
"ef2ae24039bf2cff1caa4340",615078928.177442
"cfb8d15c6b0c0e6ee4b92109",862131914.54684
"05aecff6fd8d866c6c157a9a",796643391.67278
"b2e37eb7cde5cf4290649ad3",957993255.019006
"b7ecbd35179a7658f3c11b41",998176615.065522
"699095150a7f3f32c40454fe",1040486417.17269
"989a4fc1590097414d7c3fa3",435405876.920499
"b6853999c45e21646a0d1b20",396652191.050706
"6ddb6863958ded0d72fcc6a9",425273138.874203
"f6fc3807b54d8c69459c4f64",530126882.707655
"6528ca87df8bb477f4b6b8c7",499719052.929745
"7bba885503ea7716ffea503c",518785477.390282
"846e6f1ba1c94966314345d8",737751719.625586
"04e6a79dd3e4d8d17c8b5387",1082758468.70582
"4d60db10157fd0b5eab9a23f",889633920.499419
"0d7d434afcc5e93050e0b86d",1189741702.92913
"bb9ffa04d913d06846d082a7",1048195772.08291
"80abc4c356813c1e4ead1e1e",475926056.162682
"df8979b26c9971dd7c3500d8",1117854911.82541
"6ea18874ea84b5b4840f9b85",587574107.845646
"aa75ed5781e6e8584143daa4",807223226.492813
"c8c8d083c9b9600059a8b8d1",570635008.155317
"5c8f3b7ccb4340263c255d00",530761775.696284
"79b943894c4dd68bfd8cde7f",657636004.903457
"64f36d32a3a64853227fa69b",1392376305.06466
"d7080c3742cd9d72e9d0ae48",520403896.976289
"8333d32b98625a2742cfabd6",802765486.967537
"bddcc7fb72bb973f84b864dd",936098353.750587
"5a80dd0f68dc2cf9fb1b0c03",454525592.105804
"5d82060575bdb7be33e63ecb",1010190788.13277
"de416f239b27327e0f78b862",749354815.211181
"816f93a2e035e4fcf61ee4c9",1030636164.17199
"aca1776ef24acabe172d573f",988769840.630807
"af32aa018cdfd081a81bbc80",488254528.214267
"7d133cde943d189c9abbb6e4",567620415.025488
"80035ad5b3b4a948469800bb",851754360.459978
"95bdebef7fdc2ac0e9541c51",1032522342.41298
"d038e5695b32bdc6fff1f72d",813373941.18202
"2979f2d91d649a8c14f5453c",693274115.893817
"a0be286778d94153d3b22ccb",930250407.95872
"57e8ea351ecd1ff0825b1324",911261238.449064
"c84f96cf4570158c3832c3f3",958078583.697414
"93ab279de0b7b414ce758153",809569368.513915
"2018131ad3f6e5aa8f4be704",1125959113.91689
"eb055771816b45213df3ff3b",448055827.538171
"8e3700ec731701361d7bb7c9",482350036.513718
"422e994aaca85628ff759004",627574973.762607
"569e2cad5c18a5f393f80a8d",765083157.217308
"7b4ca3a8d09968e48c185260",856754594.29264
"12785f791e04b3a49547fbc6",1057611120.35821
"02ea72128a99862e9537718e",873155063.603945
"fd77ee8ca0551b5b614b40e1",987485416.541123
"ffbf6a54fb00029ba24dd3ad",495572105.34308
"a295b12b773127f15e83e174",465083100.313171
"90f0cf22cf9c8fcc290e495d",402891305.851995
"220d466e3737f1f2a8ed06ae",396874354.505477
"235c56f4afd6d87f1b3e199b",388518940.364811
"eb0f3b14782c9a484408c606",825515544.967357
"4188712d431ba996cd59fbe5",448958524.904236
"3dfd7e954d6f7f40af60bc9d",392666772.765084
"00e80be4feb1e8593b7713fe",481287555.463283
"eabdd1bad2bc4351ba4a2635",973024982.786297
"850342685ececa472945f7ed",678658243.26225
"ecc4d05489c5ffc8164d5469",382253794.714582
"2406d47133763272a965ef51",391016069.694818
"b9430e8c145c2a0d7efab2a4",737810820.714925
"4f8dfb8de411b8a05c55dbbb",794143085.771391
"574b6bef16abb21fd67db401",560639315.664823
"e7ef0d61e27de15f10b0d643",973456220.66612
"647ec3f486cedf045cdd3b68",543122247.377056
"69d83d8492db7ade6c37c3de",489691707.526152
"6c07175274fba6a0dc467cbe",601707891.554733
"a5a71962df1b8bc45bf5547e",986564516.954518
"ff61abc1e7843e20b1bf8656",389957459.339628
"540c4d7a79864885d73cca95",519730941.297517
"17d0f69ae2c4f1aaa1aca9c7",620111825.009614
"80de6a9303eedbfd1c69601f",949871283.540452
"7cf573f273b14a6cfafa3ec8",524466586.792323
"eb9ab213defc2de5d878653f",551556378.405064
"69f7ab8608b5328f106b42e5",959377312.932836
"9daaca90887e5144c35daeff",529181445.597386
"2bd08c0964ef4a95295db843",888065169.82524
"34f0542a538cee9f3624d897",410602678.905785
"847a7fbd4425fd2fbc4b3edf",1268566625.2651
"22428154baf95870f1d83fdc",850633797.610946
"18e89f083fdbce3da0a82a4a",1041279216.20874
"63674e7ddf6f2b4d7c6d5c1b",426888628.187355
"0e97f66cf4208c1a57d1fb17",426268118.746766
"a90f7cd68b662c87d9fc2d5e",813845075.028515
"2086639384041f3a9b519140",883233650.348018
"d38353aaffa4af168518c6c5",600431075.310525
"d994f3919c3c8fe0ebd538ad",1013861241.29199
"ea9d6dc517c77ff8bffd596b",1117465775.75146
"ff83788b9f8db0297f6c0148",1060747599.90492
"9d9564415e52518c2817f66f",487252630.343255
"9362189c5d784741c9b0f8e7",951779828.159275
"ffb510bd3f847f4ede255fbb",442021225.031583
"7d3e4ead63a869bae978027e",1087361906.99549
"5dc404d1c214abd2d45b2a0a",1147838230.66544
"64335f6d4c1a7514377be77d",621800762.303641
"b81801f02a73feb1db7f5e83",1062758642.07656
"b5d6fe84ee7c6a703891112d",1125166100.13768
"af0502ae1fe341c2ce1b5325",521833443.618141
"ec43b2789c9cc266a8e0d1f6",514643461.457012
"7ff8b0b5ab4fd12f3be399ce",796262341.289454
"d5c8073e3ceefbfbb547eee3",1008723935.43492
"66379c5752189c150954b4f0",392985130.540289
"6a3f9046cfdbf4eefca3ca69",595617360.407937
"b549a72c938d767ed504bd83",735048036.971231
"f48e503ebd3908838c1f2ae6",571161319.383474
"e58ba64bfa5280630bfcfa97",660029494.196232
"07edd16680605925192efcf1",739685158.039119
"70b821bc1c7dd846a8be343c",462343325.104724
"d84d7edc4a4896c4a8722328",547764036.020979
"6d592a69209ef3356e656c44",418511559.133233
"ca9b2ef10b512905af6be620",798920051.377207
"bbf16146922556095f53b5ea",882987888.331684
"86e80098f5a3e7dbd635838d",627225322.404718
"dad46c20f9f7d834e522fdd1",1113558347.94293
"e2dcb036931bf4b2aa030036",902537306.869248
"aa7a25411bc0f9f93dcc40df",371700879.857024
"e192181121fe58a8bf94aecf",594245148.330472
"5aa715bbe2b178ad0c9e4b08",738949060.176684
"43b5b5a9a1615eba48ab8b66",407291917.208077
"dc91e3fe1b190fd8cf2584c9",626556348.230297
"1014341bbcd2fd5775631f78",594610610.022158
"7f2e9d302a6ed1770db9f7cf",893596424.38984
"73f4074e5e09e52e0e03598f",706966793.358149
"0460eacc73398bb95f0518e2",1187113469.70518
"5a44be6fad8878eb2c394ca9",1019006346.16952
"936cdcce007bce08a72112b7",783180969.162125
"8334a4cc7db8ed5c0071fe95",720885992.362154
"e3e9d1d073b129c697c1e9e9",642115373.597613
"dd9a60c3d502ca3cc98d9b73",791562546.908223
"949184accb5878f82fd5c10f",579935324.201886
"bbc675f7edfa0425c78c15ea",659277266.681724
"7436750d73f2e56b4f29e98f",953195484.927936
"cf81103f31f74edfe0453de8",814105605.245456
"620e467297aed5c47e22735a",384882583.860296
"41037a3f8625082544979179",540553462.512113
"6a2db40e5f210a31b2f7119e",589943149.752651
"0083ef74db679d22463a1afe",663068929.016692
"b19be1ad7f60717a943ff0f7",407672203.049931
"0906b6a88fb1eb0d7bfb6bb5",540238511.720033
"f82adf71d17c261b41a5231a",705131336.947584
"bdda694c42c52ba4803d482f",611976844.529937
"80f633154b6f94b8fa24f213",547450474.223128
"f69aa18a64d8b8494fd9fe3f",395829675.971383
"3146f3ec9b237fa0944cec7b",542539336.342323
"5db3d671b5aa03dc33f258dc",367837917.826607
"d5239537894ce7f2a9cb5a49",537295372.771926
"bc28e66374356a4fcf9b62d7",521826786.47686
"3697e556be961a16a621f3e5",429324514.381269
"bb6f66493fbafa76d70b0a34",775134830.836386
"e78a4111d943044a9a32ed80",911291402.020245
"044e2daf937c0d8373f2e914",851651825.68675
"77668d4325802de9d63609a9",814967575.343591
"a85ba83751915d8d5d1a0e09",759094743.803776
"429460d5f5c5381e945cf449",981978255.049833
"a53dc5c58f7384729ba37a21",697404356.777331
"a4dba76865fbd14aa19c0286",1020157503.16427
"7573c18a79e5e3ee0610d7cc",922137625.453664
"f13f72c1cb469db92b25c2fb",1302996212.04368
"45dd7eee4488e88d71d46783",1241547226.06436
"dd4fd04b9fd80818bd543f9d",843836050.396337
"500a3c5953f89b431184fead",797960437.815746
"d2e737461b916ba78030c76f",798838858.421082
"e1e69b5a90431b8a44265487",589120434.992836
"49cc8164d94a2afe8b750af4",499988888.50612
"e9b054016b281140d2566d88",1056040353.90976
"32161228e9c502d2c21beaa3",436879327.377199
"9017accdd4fe3229fc45280b",388945916.256209
"17fed4a312a9b773f64861d3",409558119.547004
"8632f5681d04d9c934675409",1193954852.02294
"8356123e4d10a479a12e98bb",502501931.232676
"70463649ffbda5fdf3c10ec8",712728982.561047
"1414ec3cdd3f6ab772fc7584",602214605.05078
"937708417ef2642b7d05abad",1024802197.68947
"afbe90d764c1821cdb26e38a",516659946.970856
"14331a3db021936067b15890",553570523.358224
"793efc460dd25b67c644e92f",741116098.548395
"0a9e4dd0eec86037a36fe769",734367662.378053
"e5168779de76d99010e37c7c",1006098784.80927
"016dd08801ad1a1e7f6e695b",1158744167.75119
"ce509ce153f452ff8a997538",1026952252.59775
"66d8ce8e6aad18a4963275fc",684517689.674507
"8398e3b96d1311c7264f6603",1052626425.89199
"e9081115ab418ef1031326c3",537404464.465045
"5c8240a1ebf6138f81dac715",914005762.442673
"18cb1adb2078fef29a613a96",786230929.05415
"4167fdc804227ed43224a32c",1142456413.70641
"b5d0ae257748ea92c47d8fc2",408001654.960249
"1d17f0ff708e6f0b93a990ec",808020486.526873
"764f506bb2aa1ac4de918a71",832223505.466088
"7a861f1e3af4dbbf55b2c301",474815098.300258
"1562a23a312478d7a05a33dd",553007371.733839
"0a040fd24e23a77f0c58495c",768438255.170079
"7f0f5931fe148f6187ebf512",567764122.807591
"9fcdcb2be94744d00e734a3a",1009613784.27965
"f181f74e96a93820a23bc0a0",490218460.913393
"5193b43c32a2bfb3aac6b2af",1054131003.50272
"6cc7718e834ba47a429d6874",537235396.081258
"b8d06f4ce0d6e71ba0fddc26",683132314.369579
"30a30e4ab286fd822c68ab5a",652383771.260654
"f99bdff027d28ceca0caacd1",808836646.818207
"f46f5e911c6c595efb5b7ab5",727671168.700392
"a7f0c831d82505044f370b1a",432233525.446961
"17069e9f4ba45c93738b109a",556198552.952568
"dd5c910c2a3d63b8fa92096f",535003196.771882
"a33329c9ed11ee8b87aad6b4",447116926.740732
"925b457b5df270a68b84753b",397392977.892897
"d206aafc71e8aec2afc3f8ee",434690426.463804
"f8232717e74332384075dde8",400127761.659516
"f60d9f0751a14efe41be383b",392487911.323445
"13adc7946bd4e6e3e4416e52",403965332.669907
"230cdc90e6c825d391d5025d",540698453.285166
"e98cb170e4383546988c6829",535003196.771882
"5bc46671989de2534553ae49",574076049.545492
"3b98c8e46cf8477a1968244f",574745019.505325
"f9f5fa4ad495197a5c9b492c",399703308.086885
"0bd42f8ee9d36dae4cf35886",353577960.517438
"567ca46ac91cc53e3b479547",410337718.164781
"f0ebddf2bd5aac661e4945ce",891045201.081858
"eee841bc785b1824b6419a73",679786124.930057
"004776514ad269b380581066",528396861.482354
"bd3edc7854cffd6b6debfb98",685908320.606355
"0b42bbe66e438fa81a2ff77a",714467902.815868
"a33bfa6cf99e26bd9c49f8d8",587620742.850832
"8b45db8a4f2c0f772c8d44cf",412834855.445531
"262b5b0bb408d7cf53073832",495554202.184755
"5844c83fecdf7e09b188c2f0",566064465.883945
"9cc3c05f0e81b8f6454b80ea",462846368.727523
"07c46b493733d74c4f384b79",715856642.318162
"932ce2fe93b8e1ec0e7bbc8f",417518410.596077
"559fabe06aaee537322d0af8",441301360.009015
"f4da2c8dd901cca9cdd51025",568047357.80325
"84eb4861db0816bc8722f379",587634978.797062
"d0dc69570223bce949a4c17e",677451529.246781
"abc2ff9d0e7848169fca170f",509203550.108683
"3e3880088f0df7c447e27840",529313592.745793
"3580dcbd0a6d7d6d3546dad6",663116562.098425
"f123231ff18912a3dfd7cae7",447074315.353943
"78a7eac41dd672cd1863e3b4",861392532.172233
"97def72de478566ad58020a3",800519875.361954
"e3e2e3080cc309d34014e8fd",568850985.932882
"71be583d473084bc0608d066",740482029.132261
"ac6a4c672dfbe20f5bafbd89",591440723.011773
"f4fc081a112f5ee1b3a09e70",690396556.021222
"d8add8f5e0aa562a63c894d7",666862532.833248
"88ab887e18e38d0b8315286e",751359886.428787
"07c8af84608e6c9206ad6961",590597517.483139
"2b352d996677e67156391e25",525993014.999035
"ced624c6debaa01c732e9f60",770552115.430162
"ef92f63b46f27ccd2151a21c",644624533.86768
"f4022026c279a9b77a894ee2",585504698.945797
"e2e2218086e6ef5377c01b68",786553251.198276
"4af83eb7718f5823ae69fe47",745022662.988271
"ee98e745afca6de4550fe570",586078866.296756
"bd1fda425d792fb0de7b4499",572268023.02198
"86b2d3ad1dacb372734f810e",529313592.745793
"98abd5139cc3ea136faf7c8c",789193459.253614
"4582ec985de48290c5f1f5e1",523429942.735971
"312a6b2a57dc6947f95213a5",422285517.112038
"86a47522586da2884181f128",620042770.996702
"b41edc115f6b439caf392941",430965624.579367
"fac682b61b813044a3e3ad01",789574177.059449
"63f4e57fb2cc22659e80d6fc",414158736.955971
"4310c7a552b20afd46f930d9",710567721.20215
"4f18341de355d2cf57a03983",429369170.028813
"a418dbb6d04e505c133c6c1c",814428397.540704
"afce1d7c5576dc49c80bdabf",614941637.912791
"5ec12159380f4d1a85e8b0ef",499126449.13715
"78d10967c36cbf346bd58f63",521268297.116019
"f995364cc33c431b3c93db45",659152710.185922
"99b31d0b5d5ab75a2653b1a1",459992248.525807
"42d42ad031a2c62be9b5cdca",591484588.97398
"73d09646de4e0ab46feaceba",435714968.360302
"bef4759bfc25c7d44a8112af",566064465.883945
"c038742e427830aef3ac1c17",430738354.964616
"e96a7f5424558193663ef6f4",699183382.192756
"1af243eb63d893b1251f44dd",644624533.86768
"a083fd17c5e7c9d33540b922",531827882.419502
"549024cda1c093c9f8bc2ea3",439764675.592915
"164cf5fb9a759f2e4be67b6e",664093923.405115
"65ff6cef76efb4c83ac0611e",596720940.372418
"784b1db005d39c2f57666efb",514710318.12377
"a2f06081983f748fcd74652d",554694039.304105
"66e4f010db2febff23b4a4f5",530039429.804874
"9702cf3039b86f97c003e20c",754999651.577013
"48de5d43e88caea594ccd27c",851192324.82941
"6732c28a236aa1ccc0cb2c86",889993441.276376
"8a1d1f70adbdeb233ed3ec3a",782297669.90315
"c775d4f60fea55d5511da4d4",761272833.075185
"1f4109e1a4b47a9b11c2c019",853929773.35551
"31ef69bed8e54b5e1fb245aa",738217382.887708
"882907ccf178b23a02ce262e",529140240.589797
"2868ac4225657a13f6149e6e",808923067.860575
"cf6f0a3cc030024f4e9ad06d",779628290.825758
"0a1cdd0d5c3c8b973ab1a98c",977704968.001619
"0d099b1e1a314dfd9aee5293",612869065.076515
"898d1eb301c92ab6603e0b81",680634317.896898
"9fdf7d85fc65849cda3afda7",789784166.211977
"f5ee97750fd4e04eafa9d1d7",774555550.668391
"ef9cf29f71434be184a4ebd9",671749929.713765
"e4559824c3390efd6282960a",706394494.403851
"f8dc73052c66ab334cb7be14",768051946.364776
"2e992370de3eed4ec1271589",762653557.741429
"e2bbe9221780d01a265e2ef4",752385046.625378
"b65a2a140ad5fc6e3e26b6e3",549315773.440607
"3dea0748459a295fcbd2f0b6",614126343.063447
"7a1cb1f751cd36bdb6412ba2",729990769.012559
"1381c0399ebbf19db3a11820",549315773.440607
"479b2c9c12602551bbd0212a",646031439.102718
"d463fae95232d30e0f78f93f",549486487.364898
"d0df2748d371d98d76408d66",611585455.79758
"9551dc6098b721dd495e5c57",963642478.60443
"fa736ec3f2f066cba4328908",703989366.002937
"37fc4ce5dfff7faba6bebf8c",815401251.405976
"f336d60e41c8bfee91d58728",647110263.997474
"65e1a61d984712e76829c821",903532587.097355
"65eaf65f8dccb8e49a93b753",804469112.727548
"36eb8139a5ca1b8459eb52c1",801929056.716113
"c357cc3d2f4b45ca3e1250d2",616059936.259232
"4b75f2b374e8674e8b55eceb",1075608942.88204
"9c20784acde0823e9479be2f",819753786.322282
"0f2aa0d9fdcfe894caa8fddc",964691976.496305
"23374ef76774d4f95f022473",1119281680.18413
"4224e69acf9fb071d4cab498",1013492922.999
"a41d05f2ae3e022c16088bd0",1105542702.29312
"9b30c679d7da9169580773a1",965751013.739662
"2795cdb2f4d568a782dcfc3f",1069539383.02178
"5399af7ea98c97b5906efe1d",807528937.058404
"5e93ed2a9b36625c4450b5bd",793591432.52087
"d04d42ff91707e3957b4a29c",1069839632.31564
"f32ea78bc5ea15d700d3c118",955981638.64314
"8ce2d6e505ad1da079f34a8d",1040022899.49298
"014799b9ef7d5244fb6640ff",1152948434.66181
"f50a72cfa82f3742189b7fc0",1083545389.65088
"8876b38f90f5571639b7d879",994589941.302914
"239a2dd25f604c730136c720",1060088707.19
"db297b6ab332cbbba338e7a0",764863176.118373
"5aaed76349fc95f6c12ced7b",1170861880.79279
"10c94f25ce3f7532bf4f3152",1084421127.84664
"d0ac1f63c75987c92038bd30",798413437.960127
"db5ea791b33be91840a6d045",1004444777.60798
"8627562772d9d63bac507fcd",743617790.161584
"b1ecdceb6ac00b6b047c241b",990115484.093934
"f499c1513abf0b05aa1f460e",1143121247.23388
"0d8b0ca08838d1dac052d51c",950505190.365148
"c54a573c9aef013dfa2abeff",1131173786.39851
"f02865ea64b156bf4cf4cfa4",1067888077.84153
"087b564ba475edbea431d4e4",840783676.979222
"2d3236cf646f19a25932676a",1114309691.58646
"68b547621c25c7418cfdf5dc",980192548.810516
"097a1a08a389439cc2c760f8",387919329.669029
"e9c905ff64c7e2f8c21b0a9c",366106927.669437
"464039bbcabc650d659f6683",601059384.101196
"93c24fa31fa780d28ecbc318",544625961.314608
"a73206cd21136b209f25c7cc",396625103.3051
"852a11f12646f0a1121824c2",460351478.151925
"61953f4c9bac7cac5ddda5d9",1145824422.35776
"5a5377f2d087b7bb183783bb",604565327.469666
"0a85c354c48921e0ca202d15",1269100700.52685
"12f9d50fad58e4e40a187d98",990731033.631035
"45ac018012e7dd91d41a5876",523187565.887759
"28f905e91295a47d106a3214",1207329506.60198
"395e3718423aeac3d40494a7",590762482.153846
"1fd7e9b1e717578f751c21c7",735233110.473092
"e8bdc4a088a6b99a538a6f0a",408906522.053975
"45b894a8b028be29ed137f1e",1281954856.59359
"f5c866d489889ab2f124799c",1009716949.72642
"3d0de71d822da8a999bb6222",624637881.403037
"ecd0b4bfd66fe04c278dd4ae",587380729.774502
"9a61bfe6ba2b8364a92e5a97",959974414.117083
"e8b8d0c4cb87efc13344bcd2",994421903.444288
"1f39ea319382fb0e41ead713",1221371050.09022
"d61700c4ecc128290bc42d3f",363479951.169089
"d87cbdc4896e0e0160999520",387118989.750782
"d1281c9f037ea5c4fa683b84",403299381.865541
"310e768d2e8836432f8b3e97",459207034.25537
"c5498cdddd7856e99d21f52b",474311402.774329
"d3169d4a467cb7eac41849ff",671475882.172844
"2eeb4b0d7afa57b63778b69f",1265262397.30862
"7b3621124731bcd2e543562c",877078370.854907
"5703b4ab6e77d88f751bc6e7",578062425.537194
"2c567face144ca714454abf2",1143694284.26281
"7169b5a3b9a796162de685cf",1267591451.89446
"fd19e1b2e61f5efde879f6dd",1007174458.85907
"55f0e95dc857256aec65ec1a",1237902653.72858
"ab03c034e2a420f395ca094a",543073833.6145
"ee3c0c7fe3fe73ad0449870c",1402779936.08929
"e59afca092e0ddaf60c9419c",745068904.705065
"99e48a46a1a599471d3260e0",405465568.843598
"419398139a3aa2ca2be3f941",485609955.464123
"54c33befb89cc873771c3be6",1341730634.31225
"cb29bd3ae3d5da88c99d3db5",737780378.717478
"24258361a4ba8f772a83ba7c",788104906.533342
"539c12d2fe8cbf950b75a0fd",426928811.925238
"7b81996f3abd287b50adf8da",1113824709.97633
"0d9e73c14529fa3f1ec8a56f",612109466.830217
"dd178fd542fc716e32b4136a",533595299.308905
"9aad22f3d25e46538e1558fb",764678789.258364
"93df4118ec3536b312822d90",1055263038.43345
"7c6319c04025c4ed6aa3f051",612109466.830217
"98e04fd660ca1276d1510a72",572896578.005125
"4a8eaccbde5a4a6747818d29",723692609.650308
"9f6ae3eaafbdfd8d5c0e64c8",1064121247.68734
"5929c81cfde8ae068a8b822c",897500848.264575
"b94ea2b8b847a47140d04008",995338686.316032
"ac1b644a8d2ec042ca91f89c",806436109.427095
"8df9256029f526ca313202b7",847262442.704888
"e029511780468f4cfbd10d3e",703775689.14123
"0878fd8b66aeb22f6af2d7af",480216383.325094
"76258b7b7e8778cd60d3435a",697481887.135206
"d64a2ad3297e2fad8ce66197",457777443.662355
"8af6bb75c85a2789156b3696",431403534.304332
"40db880aba8951909e6e4ef6",816342530.747827
"c9e20cadac540faa59d9aa3f",384152325.107061
"7d5459e48101349c75d43aec",731626364.156922
"fb0664d59b6333ae1861f343",888343431.371634
"bc6b57600fa9edfe13fb3118",899796397.750495
"d309cdb5688ff7bdbb682d17",730338202.725421
"d17ba799e68d7775f2104b3a",735415765.313222
"2baa6afba131b74487c94d74",753822269.024298
"0b7c8732558fc04f4fc51ec1",837574004.59788
"0d8cda2859d9903f6202af54",499795134.676398
"0f2913c5aa681a2bd45a5484",918215046.796314
"de6010c57fe78d975be38c2b",844723423.176245
"54b474bc7cb126bfe8e6c144",983108065.20259
"b1dea7d384760535b770311a",621775740.037844
"9e90e02c8ed3ad137e4c3abc",509956025.574691
"b59711a5971a3b482db4d9f7",873155063.603945
"2c37a1280b18e095b43e19f5",809918170.759387
"fcd7c10d81aff25d9233214d",584059400.468664
"c3b8bbc492a7d7bdd63da22f",983108345.896101
"42aaf6521fdf1dc9bc50f88e",452702306.878166
"3c268e9119b8027f78f91954",651412145.334834
"c8d5a0e9614dcf96a500206f",404500380.274637
"6c778557da9b5d99f90b1238",822331506.660077
"4514844d15690b7331fdb6cb",881659056.464097
"d8e981acf77bb46a9dbd3109",778631940.75771
"b940ba03ea60d4cdc5d2d429",801573622.13472
"4fab4e66ead1948498d2a4dd",557951282.079095
"a5620899d410af623a3ff4a9",1078642376.27027
"f45e3be8500d7bd91cc8855a",429631316.779679
"4b82eef445edeae7a55fd019",616596528.370548
"29881785ae39aec014c4982c",868493203.821524
"0d9f91cbcc9339146bf75bba",542218158.200253
"b839e76df5d73e7d53691707",909711475.756494
"7ac96f16bdc50ee7619f3548",1032879542.47187
"a102a0a268840439c2c8f4c6",389643841.339305
"e1132006785632e4ec5deb02",606100982.828189
"a041ed3fc0b60fc4ce3cf847",846651034.928791
"84b758716f47bb0f4e4a2bed",529989020.796073
"84394774ab45e0c8b733bed2",513074881.42024
"2c1c91f2bb4d9dae38a44360",438884736.246385
"8ba9304ea7b8d2b071bb0699",624753795.283449
"9a76cc7c650230c670e703e7",946861390.551091
"9b0833992397c6e50b54715f",820290031.060816
"6f192e6a537c1509521e1e8a",892460857.465425
"d1668e2d35a939ed126a3f8e",832080093.259965
"a17807447696896bb61ef8ab",946812932.325939
"d043d368d2584ae95ad3672c",1034164827.40575
"7f2e3f2eb5abf86b56897250",819245833.805429
"fdb1cffa6b7346fde667d72c",427036674.70497
"58a3a9f44bc7846ae26413e5",598536067.458808
"af230af0c73a5f2b72787c1b",1118306636.36347
"3cd5562115870363ed5d7558",970290863.992499
"cb9d8fe7c18dba6827836403",818635852.855761
"742fd57dd463c1b5cb79f63e",620770672.212064
"0d30768d188b6bb53d599ea1",1048900167.22962
"c455b8a15dbfff94c2909f37",614141462.940337
"8541eec88f0dd8229b4fb041",673630193.146583
"54aad3aa4a166d2d50df48cb",1129111712.81079
"eb9a59d4e85a3f124e866f47",960061024.252256
"d65946f9c27e417e6bc60057",431582439.1237
"dfbb0ed74ed85bd186f40ccc",407170595.198926
"84b05da6a859ff5384f37ee7",422077580.501987
"e2da7c1bb33be76b86b9a07a",525874281.773081
"456243bb3fab3e74df21b5a0",524494342.104593
"a947c2ea296f1da3d10b0a06",432530076.671996
"3929df6d73b3ba01bc018476",414782143.720902
"ce44699aeddaeb77f23c9b9c",1088616684.8833
"3cd3537b5f9475657060cae8",1158175547.03539
"4520ceed2e5fe3458850a805",1113633622.67244
"00dea98fbfbfeae74c513bb6",1091205301.32541
"16da41b1128c039ff8f83919",632936509.836747
"111d509185303ed970d710c7",1092557097.1396
"83ad1ce7ef6d70842ec986f2",567832488.243926
"74f8ffe35e8d3bc9be725d7a",421126708.445592
"f5e7ab7c2edf566fa22501b9",1102977643.76349
"2e1f3fb2323fa16150f8bc88",606061345.39051
"f8bf37a8f81a310e299385a5",591742369.889011
"7b71229680a50bc26677a427",709887726.680467
"1f7daef9ba898c4d8ac1c81b",598502431.93552
"415b68c7a5cfb073676c443b",562177837.569418
"856559e93205dd1561d8ada3",756886684.563506
"6d534e4baa1740d7839664eb",609230121.264774
"9ea78159ad117bd9c0b04291",618168490.919567
"38faca2d6e338d328428f986",540175278.290424
"fcc6c3c10bb52776accaf06f",799885085.964059
"9120f0e5a6f505a2553bfd58",905702967.565714
"583a8d8c5d7fa63125f62155",799635430.686715
"3d04304c8644c81114c36f98",786068569.956822
"21fcb5c7e497f0580b820379",1036980219.06219
"6542b39cc8d2d13dc828772d",1053204113.08789
"091f6342ad934f4e7f84045d",1159153952.09733
"fe8305e287f6a8e7899c9459",718546381.766485
"d4492ffc4aaa4ca9c4dd2357",707031619.527473
"319b9accf9980ef2ef81099b",950264034.626545
"fa84c07cc90e2a2058b57c9e",705621494.928666
"c4749eb8f59cca469236df01",435065106.672759
"b8a5928cf1f7e704e9933bed",612634111.399194
"c2ffdd10fe424afa1b09f31d",460554484.020618
"f221dd5d745def063eeb7258",807442207.344155
"319ba1ec06c9b6ca6990f4c1",1151303950.73027
"29e7796eabea247af4e8a0f7",669802080.721839
"ddbca69ad74877086c4110e6",958625596.693675
"c858f0f3f5594e7bb0f3b6a4",1087132341.86669
"88ae3f4a8ef76675c66e925f",1088450768.87922
"27e0810a702796d97878c34c",495033381.140099
"7450139ad1b39b2a380472fa",1054543837.72188
"35ae7661d8191507cf9e7cdf",742020799.23743
"93b8ea95ca1c1ff3881d91d2",526010678.736002
"8e4709859d50a75dd08b03e5",612905464.321133
"7026113e0cd7b2d17f8a3459",613186885.674768
"9af956dd8d83bc715592b97a",415296749.343853
"df10ecb67d79e645f77a90a6",779338262.159415
"14feeb619f409386e6eaeda5",439496180.628654
"1a6b9a6d92ec5e905ac97cce",646652623.701259
"057585ba19d6144408d4e2da",544196308.202047
"72699647b590d11ed9b2f2e8",401671944.534138
"cbc99d6202cd3a31e1c14a16",691245382.814477
"ce1d63bc4411a615b816a76c",1007804950.8183
"04f0fd25e2456759753bd2bc",740516485.745631
"8c0154eb5be437746213aec8",1002523035.08919
"e23017438478050a655f6d67",712647156.713577
"8f0b6d6dd914911c7e90d302",1074946079.38812
"4b38595746dcb78fbb459781",561964367.578596
"95aebb36dc0b4ea86db49492",1237679185.69956
"f900f7a9c5e2ea51689e8992",989954920.696719
"3fa0d9e247f28968a5bf8476",471338402.601184
"1240f50cf2d8ef1d8713e671",470306812.234922
"14a55e5887af840860b41ddf",400462812.115361
"3ffefb3f453c54585fa6ef22",822566040.216715
"c3b357d17afd631df02dc39a",935941967.499376
"a15aced0fffc97e219f99545",375511607.097519
"cf707785919dbb92cfc7b5f6",1177583139.43334
"70ebbf6a402f0f707b893979",668614323.180063
"aefb3cb6ad2de9ffa90b9534",658035426.727906
"b2809471a0164e3d41b8fa60",1157090069.64339
"6d11001f164d81734a82ec1d",457764632.924257
"ad71acd782a4fce4d9af04be",561938174.665763
"ca86f53a857c23b15eef428a",868624862.793868
"580452a616b4f5170eb628d0",685516926.743407
"7dc609a3c7a3ab1f9a3146e6",606479905.164755
"e8fc9a1fd4b39f946b914398",519230085.792931
"0d3bc6532812ea618d154bdc",1006365085.81018
"1ee436f045a0662037f9d2cf",751970100.599142
"8697b1d337145af0ef8e4619",1270812783.59616
"9a08127164a0bb61cefb3680",371841182.720793
"e08e1f260e5c3231c49e5a96",438221693.251881
"b96502e30fecdfae7796f1d6",588523988.160056
"a0b178016cd26a1d2072e7fc",452419669.648086
"5e3d7da3cfe55ad1fe609579",762486471.623731
"30f77637dd52e728efaddd6d",1156825019.40298
"2202c5c9a16b771d1e242c18",833931357.133008
"3dc8277f29d0a2406fa25ce1",837499061.747327
"a0f86ac00934b57d85b44dde",945921471.3348
"9168a08b1fac4c5448626ff0",719386658.587618
"cec8daf847f52cb2845a9f58",1103577265.98146
"ab7559b75b340275587e50b7",1326206779.753
"a392f7f9ace844d712ab2b4a",1083620611.64791
"dd21c6799a32ce6ef27f5281",732635761.736956
"275ec6bd936600c7eceac599",1091866190.59183
"978195f1745ab7e3d69e1f50",1103697529.89193
"0e3f82238c54e85ca4229977",718096558.386737
"bc168cfefe964762cdf8755b",852870245.677
"d22d5776b6305308c9e774d7",690440756.186122
"94d3fe901550dd4ba77ffbaf",964216601.34133
"63717ed97f95e32b2ca321f3",797126264.379735
"a7df0496d6ce217fadfad10d",953582852.959635
"51a696388218fc2e412f8806",817575833.261318
"a918c218ff761315988c6335",1025521521.1803
"d3609eabe59175fcb4441ac2",1440869913.20431
"8af2e264b801b3e155e52be8",1229660713.11089
"76e4ebad138d50c690f0aec1",393963682.726601
"9a9553eb431458a3e30fc672",665504223.822767
"117f37774a78d65f9e68f906",461087913.262094
"0c8b133effcdbcd49d52add5",957336244.568318
"5e8b2528c1c0a5c12a476919",767994273.739321
"38d6842c2807d54f386bdb5c",959536159.121143
"55f747145222c070fdd50175",952417783.660524
"ca7d715827b39c417e5b75ad",728179288.963444
"b219848e66fb065d4d2441bc",1005263344.24316
"a04d3f4eb8810a346fd29ab5",1137653221.8136
"0b06da0ceff947975cf8951e",1084898248.67509
"3f35c44229ba13940d8a705d",1126845176.59254
"8bdebb8914fbcaad625b1764",421670997.30852
"f4635193372f669612744011",1190556897.15349
"611a369172eb6e3e2e4bdbfb",1226176693.53596
"6689af92cae5d7c9c3e2f215",946660969.911889
"e382002b0685aabb01891743",725152992.665112
"edbb6dd10f8c9e7596368225",634649252.711629
"89b0592a715c9e135967f947",831274095.293656
"a67c6f6400a176e0a07d6772",886347409.337682
"5c6e6dae74e39d33621c7119",989801380.985981
"0e1c100d8e57de8296363d6f",471567583.553249
"e2e639b53456889ab5350ba0",423018778.645815
"93acd9176ff299221e0d2152",817793837.313587
"cb482d76b3b4904c595f2dc1",493409388.003914
"a0e15809e0a284fde27b16ee",931158092.091155
"9a958690c3947f5a8f05cc80",808337081.640205
"889bd77c8271961a6e4925ea",775281145.600466
"dc082fe46a714afd43b9dc19",775892716.418841
"99f8eedcdc31cc0ff6fda7a6",456957821.691737
"dfa744f733abef97d82dbb32",730329242.573233
"d50b80d68eb3b928e4bb4317",574587057.036772
"a58acad50184e66794d8d704",589767781.188882
"52871480f7bdf5ac3d785630",826358316.818689
"8b083d7ac086f52fd2942a82",838661991.180465
"301ce25214ddb4b5144373ef",1111075860.96961
"6d76a22793aa9b571da64572",1054370831.62094
"d7c48db0385bdbf7ecb7088f",1307590395.66816
"874e2c6f3e9f90db80d243d0",433560797.750016
"249667af8d0835c9830e2b37",522279753.762323
"75d3c9e0da9a24f4849f2078",515227796.123391
"9e45b127ea0303f973bac9d1",416518814.040864
"daa0be53e7a1d7ff76f32955",1023380158.60141
"bf7463534babd284da6ca671",314578969.823542
"0283890ab76b10547b27e634",769533656.641613
"5fd213a5236154ae5206c372",1225480335.47649
"317e95fad7d399673719537e",821938515.106949
"fb14ddcaa459b49a3b30eb3a",1166630530.82092
"4cb5e4aa83c476a5b71d77ce",1030768147.24104
"f54d358d26af89636906f686",1236008317.00895
"f002603a6990ec405d82cc47",1341730634.31225
"e3b7dc4e8990f3cd436bf738",639850092.748895
"97c799300453ab511bd06361",1054928557.11264
"3c1ee7e502c6bfb20873b47c",580994645.81329
"cf7741583fc5315ba70b70f1",991527632.909774
"36a0a1f0432c954604825b6e",614248517.177183
"9836bf9b64f27104c7863b79",629461898.196579
"68a3f9ac977f56cd39a6a1b9",1292216988.68029
"b676ed2d0af6807cc2b28ac8",1320740318.63403
"430112bf4fa9324f0149a879",663510300.270181
"fa00e05d83ee890a38c3a686",737057358.225223
"7d503f126b5863fa0626d4bb",645454225.988352
"ec03a01c961659f2cfd9c973",616055770.904525
"6a112af84d5a81f3d16dfc32",1212617969.59949
"4c5d3dd8802acb9ee22ab912",827020853.374258
"d029158b36963961fdcc3974",783814472.426789
"c2071e85fbffa3d2c2168319",673908591.754775
"60a04215bee81d26f20cf0c3",756806315.51224
"6d4a961e099de1939adc6496",993132646.103375
"2383b8bc2cd3d307caba34ba",676551136.28234
"d9357452fcd193b6c5284bc8",1202178447.21081
"863f8f2aeda01a9fea1cb3e0",1009052232.87097
"d1a6132098a4bd640321c7d3",893995768.600668
"6edd2530070918074c8e7d07",873922312.184021
"1cfe7df5431f3dc6a9289551",1339092101.63357
"c617d1f15d294f0b0aea8ed8",719610803.775392
"bbdd78a7ed332e679c8e526b",389229658.219866
"45969f25857aa7263927b400",905195904.857062
"cdacddfdb6ce41a3eb752496",499600632.343573
"3f87d08afecc4aba03587848",1394638124.2568
"f21d2c0802e3858d493c1984",1029654507.89837
"660f3f9ed9a72d8875a9efcd",750875523.997302
"04e29dbe2175919265c82463",996699323.42928
"e4082fa99f92fc7a89092fff",890232380.462603
"05402dd344c77623fa053ffa",906026793.354632
"c5f7f0323f554a7419f78359",819352293.805763
"501193fb57014ffbd7bf218f",658973064.721943
"0922cc27581d9058e55a2239",468497761.715957
"4dcaaac494053749f30875fa",1078910636.72885
"506763d35b04358fb0e967ff",842799121.748765
"8c40078231bf7af2f3a06457",436823369.87639
"53e14e867f8b02c6043ae02a",418619900.729451
"2364014bfd851a68a824d1da",1109999912.53488
"f788ac4a8b2a6dc11c458c90",773737973.504585
"093c849ad2bea8292c4d15f9",1198817823.12101
"71a8b68f38fccf71a229df76",560100764.759357
"ebacfa0a8e569ab603cccd11",396298965.186379
"c963faee3ac527dfab08f61c",602157604.573385
"ce3deac5963eeb96826c14f1",703491817.209629
"5607cef08511dbbf3288a5bd",628068956.35772
"8a9e6d0839f9fabad2fc3214",838622931.159662
"ff03a8cc833d067d439b9903",846297293.999758
"d3e119e8fa4d96abaa8c43c2",955077387.350387
"25b893f6073bd66258a9cf03",913556807.652388
"0d70ceba3aea278cb4a2082a",973640651.094734
"07f9017eb4b8c169eb9de536",1210386303.4525
"7cad62cfb4fc3ad9acb09f1f",535184303.327118
"41d174db6f695472063ceef3",634857770.595255
"4ecf579a5d5e70d3b4314ef7",980031565.040555
"41df29e27c0bbb52aa8ffe49",659961269.323068
"cd77cb445eb0f72df89b9fb7",746517177.327144
"65766c8572b629744f00b45c",511520190.652335
"946eb4523f76bb23d0348309",716802327.108679
"453202a234f5b370ae9e586f",638198682.814068
"4e1b5798dcbed1842f260b17",725279173.982101
"f1cb3c0b97ae1c6819fb86e0",1151739124.44879
"24a89527a6744456750baf54",526243545.743566
"a281d59b685eda4978e0c84c",896507463.513289
"6cc9d912370da36c38ac2cbc",1211115966.88913
"10563c278e7ce8eb2066d398",718781100.248134
"a1b0b8d18cd78b7cd555dd55",1131675412.49288
"3cf9282136fad24af0f7ebb1",847361542.164412
"077659c14c3cebbe192f8247",1156914473.35767
"c372834e8e7a4279f861aa4c",494450302.542468
"29daf0d5008fa9e3f0f30132",432930687.609887
"08e1ad8d1f0be0287a395ef6",525114547.406566
"19c07fc2b01a0edec4784e64",689143383.463105
"c2b5216a8050ea0fe4008f59",1094102370.21091
"29cc054742b256e6fbc6da1c",824627820.594467
"755a3e09dba04bb6ba6c9851",746083583.880689
"c98157c582392cb895071f28",834764291.088333
"84f47e531a916b7f7dc1f1b3",825400489.377334
"231688922448e4d64622120e",580693459.791396
"9c7c68df14c238ce0b497dd2",1008176791.48983
"d5e29042106130114cf3694c",412189346.867224
"08d4fa42a34c74c94db5080b",989628645.104466
"e89fbcbd4d3414e30c30fc29",788892048.883915
"22af7bb676cb4c9ffe014506",424911953.398299
"b20d6ca58e91ae70b6e0a1a5",1156898890.51992
"5c372bd1e01f3243256e27ca",423904906.260989
"1242d7e61857ba8ad285b6f4",1164705191.63186
"196ac46f656726bcb8087ba9",918472511.461665
"ae513b65e06b69e1ff2ad8ec",434801448.847199
"bb26b45df6a70b6414958912",433556009.830826
"9425283b41165156aacfd43b",453948606.80994
"689b510fa99bda54284cfe7e",718060465.256323
"c57d333e383039db0fcd2620",950730609.986654
"86e98ed0bd2565b661b81ef4",983482338.511191
"0e694269bbff1e45395190d6",1193072809.91624
"6511180e3128e083bbbb6940",1062087944.15717
"59b271bf9e2d29ed35352f5e",438334467.931425
"a4c324b1353d2f7ea3ae9727",438334467.931425
"193ff8d291a9f163a4f3301b",601196209.935796
"8ee4a7cef562d388b8444c29",411232889.773386
"53bdf5c3cd800459acca551c",514844410.462166
"35ef99962cd5984ca87bd326",569165454.234447
"dc33d5ffcd2aa2b7d56d2ad3",646360999.076166
"05c47739fa4c4f00285a2c48",1108832173.7514
"a51d415712d8d6c8add7009b",912904075.261263
"71493c81121558b8ba18c1c8",433556009.830826
"853a14b680761098d4bf6136",819593768.758854
"c9d5c08973c493f3acdef892",491905137.945448
"7dcbeb0aef2e2cac0d73315a",394608205.946526
"ae5a4da0000f79f12142e2a7",812758186.523936
"1f6050fd5261a2d21d5a178e",396652191.050706
"e3f39c6e4a41fbdc4bc30e0f",658655585.557796
"9d157878dbb41c14b52a956f",459115826.86276
"e1fdbdecc84b991f582a2e00",525393005.02189
"3a26efe201689493724ba464",589803411.161778
"6670cde3fbc11c263c6c3163",676315749.524957
"780ae52ac9eae675f6fdb312",509435821.312738
"24f22d76b86498d5c3563288",653503359.77467
"fda25a0b6b9f62f92e3ea6b8",897720714.933917
"678ba0c80536dd27e385b31f",414661128.46533
"ba0d0663943a118228fd12bf",464555514.012489
"81ba4b47e9222c15c4102992",518785477.390282
"d9ec26c1c3e1811e38f070b2",481057220.737899
"aa850af0c6203104e6ed02fa",483602045.245134
"c697ec00214cad882d5e9812",475097940.48324
"4b193d78ea6e3740bf37b36a",475097940.48324
"08c61259a756e617d976e8b8",885142766.713817
"c1c1dc8df6996a94ef3c7d33",423947395.942689
"3fdfa23ac43d1df0503ccf1e",860932086.813412
"bd4526ea5b404df442892788",446616182.946064
"1062419f9cf94418ba88b6b8",556524515.745418
"1102f91444b8e1abb636f1bc",1017784868.39689
"b96b4bf38bdbd61d4dd0bde5",963230629.197141
"45ee2db87e9ca0a1a9faf050",697694023.386813
"556cb23459a9007127b3ad46",871556795.332709
"a613b18945052b4576595c4c",993299799.836991
"fce385656705a8f4389cbb6a",951169558.838878
"bdac560af3e155db33d13d57",742158412.268163
"fedc2418db2353b7c97a260d",1055578479.78316
"4565bcc95c54bf0c8d376eb0",991745235.208052
"5fc559104e0ba1112ce00f5d",1065123605.12529
"74fdeb4c56b29662f13aa8ca",1059584733.89444
"fbaf74ce4c2c6e88950d3fdb",964957134.941717
"5de0f045039122af0052c544",936006237.313121
"e18337bbdfb106a3f1739960",747033338.176818
"e1b9ae3e0ce3da16f18e1079",820464562.35013
"a57435d71ccc5f032baee302",662425270.610327
"fc5e8e45dd0a338ab5835428",770131019.772566
"918bec54bd7587daafff66e9",818574525.40556
"86137b9624049333f7e0315a",864119240.414723
"0fca6767d8f442da1f8bc6d2",583121551.438233
"3ea5478270517f299b20bd06",821283808.212262
"dfff73eccd591bb26453eec5",725169005.827106
"e2dad5c148ecc797018439b3",860408030.773591
"b5a62d480bc544f891fd8521",900179396.290178
"cb09a84a1d7b929607d01ee5",750747387.669205
"af067a8546e1177eefe24916",611736461.273087
"d6f9abcb58befa3d05373a72",1013911813.23305
"ec2f16aabd36fd9ee2203276",1124784511.44895
"dcafab7adc7b763bb934496b",698066744.308861
"ede43dcb1715b959ba34a37d",704602558.650836
"40dd67aeb6e9979211c9345d",768452651.793077
"31f630c44db4be5360a57640",745115933.928667
"ee8651631861c1b94283a953",1138372618.60909
"b7d245742eef110adc91b5fa",908904301.234129
"ffc49242bb0edf3e22076501",1076999181.1419
"5c5963c17bafef1a1bfd5e03",1023978916.57466
"6c589b7e6a3cfad34e98bd87",933437944.198463
"71ab3644da08b8cb0a0b34b3",1063865480.64774
"aa668782ae5d0c16e57193fe",1171170735.21146
"46673c69814a0b3f25818dee",1327779031.74651
"b2a417a8d2440f9124fd2ee8",1065022921.49193
"3e0ccd899ad73579898fe73c",1145830163.09358
"e6f2c7d7317fd433e26878e4",1219746717.2073
"2d91b3a8c62b890fd246183c",1233789237.99377
"fa653848d69ce620a41a73ac",1121002918.66513
"3b6c94e3e3684eac73b3e7f6",1276296380.8146
"a6a07d35b3834bc6f81beb6d",867340806.300646
"a39617b7adfeb6ae7d5ee5f0",1071240965.36296
"95e5e774dac6f0159e8afc0d",662025068.950111
"995362e3fea8e54538ac135c",573042367.484921
"42525c57e13abbfafe9bb395",1253716380.00142
"1ae6fd60628e7d186a5e0174",497337722.938979
"082293a465231208059c5d53",495192346.099449
"732615f6d1526ec9bd519eda",502773652.869487
"99e9c4f8fd7fb7929da10a20",437315874.197941
"1a75e436fc23e7f48e639b9c",497952020.189719
"54cdeb67ca9ea56205e4e533",1064199012.93561
"c412ab869616d6576cbb8309",588942014.614641
"b17840ce59c9d9619b46534d",584479443.382842
"a14f071d8e5c338d9ebed23c",421025227.225685
"84d8504f0e860b0760c3592d",735454670.635068
"a3d03a25f84f4d50d2a308b0",536569870.192699
"bcdcce01d86d648c4502d42f",524776669.578927
"33379968a83c8a90c23e77dc",454314943.387369
"ecc36a3a4610829ee3f88993",438101301.350668
"f4eca80958b7a22922b0efa1",434601775.470354
"3b4ce006ef95420847da20b9",433290408.862499
"4fb644a95cc04f7bc6cda786",411257948.154359
"f8fad48343ee5134dbae918f",411257948.154359
"6e8e08e09da8dc598b8a8b2b",438101301.350668
"56ff1f7e81fda0c8491c354d",434601775.470354
"444f102b4d54503044154ff5",433290408.862499
"e0eae2174807cc7ada38c726",663417732.990802
"afde90f91b01b0282bb94335",675887208.634729
"1d35c364daa0f021ef263c60",389094549.038577
"8c47395a28f8177923d7b75b",493559223.267082
"98c98982020ba42198aeb45d",842782734.247649
"ff424474d2d10a2c2a1c1892",498933983.499595
"971a322e9087b67650689ea0",1031294387.73718
"45a7517c4d29f5bc7787dedf",758465989.471379
"74a51274abc8358d628ecfe4",827598384.251265
"11dc32d92ac579720303c019",767271584.221154
"4c25d939eb3ec218403dc4ce",737632517.97335
"55597a7b8637f24198415ed8",984448656.83512
"eb7173223a27076d16b87f33",659544557.890599
"709d17b62bc95253601f243c",784073317.037079
"fdcf0e439ae8b2ff5730680d",908997761.711574
"2524e62e917e8a1aec5c9c26",661810278.708692
"ba601c13d20602c988d57246",790174876.673723
"397a7d1cfb809e34797f2bb4",773347648.909689
"b54d3ce25f3f03cf3fa0127f",419349698.336243
"d51bcf03d649839ca803c357",436081690.909755
"e9fac47a0f02f27abc96d568",1118649393.22679
"a52bd93aa6b0d965914f1101",875111171.808003
"16601a92574531c1fd57a359",649899825.940433
"0e64230b70f4a227b444115e",996565757.707835
"ba2118c330e19baf4f3ecf94",1032572768.11825
"055e29f236bb61603d4ce9eb",1131558106.66758
"7c5c0f2d9a0e355069fe1c64",953935888.101944
"e781547cf6f8cb4ec0742b5c",849370990.005749
"8caab74ced535ec5e75acdfd",514799173.25864
"9d64345229b60ad1853d94ce",570350068.332361
"d128186867f91603af4fa481",774715836.078633
"f8fb6d1b0dafc28920393dab",845876659.475636
"33b92225cef255b0e4b4edf9",640517207.324081
"7eb78d4dea434674a230caa6",717398705.514997
"833bd3c8ef9d4da2f304a94a",973506355.726852
"331f0957d55d7f03df7fdc4b",1165149566.73788
"cee124f4b9031f59c4fbef47",1095290257.0474
"8a9663cb622a55f2a1a8e3b4",1008098205.42191
"25d4a0ec9301ba5d53deb780",719729213.708648
"38d4b1837c595b6d9a23e994",1079211407.89622
"a21923caba05da05449d60f6",750595448.498214
"63cff4b5ebb2b6528ad34cd6",822122849.098795
"948c392520e1cb3a030ce86c",1109344910.1189
"b2e7fd7bcd93309664cd225e",913276942.688337
"9d6be7123f2c6e610971374e",1199429569.23908
"3676e34e4824101f3fd9aa2c",844052519.927356
"f849ad486e84a82190675b89",718066386.68672
"2fb8b2990751692b8ef1ab6e",818235709.577351
"5155f70c7f8978e487e71479",905254112.022897
"4f076c220dad47bd9bf248a6",950676254.084313
"480041bbef3a540df2a36ea2",879550083.161949
"4ca66e564ed478d06c471357",674144893.545515
"454e4126257189bcce9b681b",1216658066.78961
"10ce9c7a0a58aad19778e5f2",1210012114.58997
"dfe8e2542755d41d920e28b8",429180743.639955
"5115b0da9c95559dcee9e58d",1138893092.84143
"8a0053376ffdc75d0bdde77a",1130451847.56816
"5688288ee38f1a69894ac77a",885063071.469089
"1fe514ada76363511cc79105",1066613092.01747
"885a312d9a5bfa8a8db5279a",529331326.734935
"c716d4dfb5a3c2e1120bd84f",610112580.528227
"689aafdc12fd1610c2393a6c",838191344.414729
"c0c4ecc8d3aefc53c4c06a38",774165212.35985
"30091c32a5046d563597bbf4",538859508.933731
"2e58c9b6fbe9c57c83bc0aed",980376546.012248
"3f7c5d8304fc650bf97247ee",748256622.676555
"56334a9db3ccc24faf138edf",735986627.815712
"6d0680692396c07afc1a260c",809143674.422347
"9e07dd563b6ff4572f5d9031",971995924.572767
"1278c9fd86258bcb435e7127",762686807.655418
"acf0f98cd8f8c8ce06f30ab9",1303871802.83094
"5e3785bd517f4faa2bcf43d6",1170928815.63674
"cfc61dd41ee5f5dcb76bacfc",560991489.950779
"2f171883b97d9c02b90f93a9",375837854.011187
"46aa67b5e0abe39dae442d76",375837854.011187
"50cb49d65d04a5d166f96e3c",438454375.68277
"06c1673c4a7444e7aa80abb7",431171364.59885
"53881f29c7a6bef0ab537466",487957120.146919
"2b028932adc74c961170a4ce",496807895.035097
"f3a1bbe01d265470a2d7332a",399808050.507437
"b42d5b5b38686929eadd56d9",496199548.361243
"bafc63f23f097c24d36c76fd",644334592.283635
"f164514211012e3a1686b148",508421232.801682
"82b90288bffe8c1c0b5a1259",483888102.846494
"2fe64bad1bc8a43fedfe0700",624182503.011758
"da5b958667b31f4f9a1d84a9",631582990.625481
"b3bc9a04a3ebc1b911326735",982506981.568598
"9ff3acb07666d53f00d1f1db",709758067.56924
"13a44ce5066ce00846b59ae3",977867287.092303
"bb45c98dbab56e5abe20ac0d",873254653.961075
"f88bade1cb7ee0fa643f31ad",687038029.290289
"e9ab6916a79b4d5182d33bf5",921237177.433259
"144162ecfcba71bf09048dae",643267092.306146
"19466034c2ce19c24a179fe6",635328575.769893
"3787f6da3e961c0e10d30e6d",1044721471.81884
"908330b0d2651093c0bb6719",793271550.977987
"66b7baef9c6c3c7ad24636e1",777044229.814433
"69cb0f3d422c2c78373c2e0c",992662886.746761
"1e866483995b30ec7f79d9e8",625859709.710798
"866f2a55f42cf30c4105631b",625859709.710798
"fede7e1a7a6f23338af6f40e",1052911455.0833
"7447156f2967391975d335f0",635328575.769893
"08451af5a81fd6a63c4012cd",575884771.213175
"f63608198bfcc858abe1ab0a",828576577.397642
"e9a0dff7ae48bd3fa2ecfcfc",711312364.22159
"cc97f62e2fb9d3e31ef1c00f",790061927.065184
"ed40f198ace8a4405cce7a1a",864872664.820118
"bf17b59bf2ac2d06894bd786",916368272.993721
"e118b149654cca1c0b3a58a2",1207238469.43763
"7f9bdd2157f6c3d488c77ddf",912710228.942453
"9350225547486ad75c0b5ab3",1182132033.35905
"d1166776fca47427c77fa8e1",1013162995.31634
"f719b387fac4f688b57dc646",1255595218.61026
"6ce8991a39ec7b9883f85000",1265857908.83438
"353743db4334fee80ac08d0b",1118136254.48604
"372a3934e8179422b5cf5729",924948252.909172
"81516aa72c98ded9223db098",1199660970.42419
"9e80db4c35139bbb18775644",1243630964.33077
"12ed2c22a923c840ef616a3c",1184931166.22535
"7bc57b136bcec053cbd073f3",1024643115.12472
"77a06084509952c6cfe8f501",533801446.059593
"73578b4214e2eca83b1e70ac",960880840.971934
"527e571030a7d8fbbf1a41c4",1016887033.6675
"961baf163a07179bceba67a2",1082969519.26167
"76b41682fa6953a3b20d3f27",960649422.187058
"cceb25e83ecf22252aa92d2e",1117626650.57976
"210ff5d4404ee8578a5ecf9f",875403714.099713
"398274b1c46fd88151420c6e",468646575.754559
"5b328b80dd844db2e946302b",375745710.035286
"4195fdfe50e42e9981fa2f4f",562038730.529629
"2d4031f171f965d7dbce0ef6",758409094.507903
"fc1b713d5605b0030421d5a2",1077252732.28999
"cf6092df1f22a7c4b8ff9d50",657395583.760821
"8dbdd7c8971a514eb7cb4d3f",1107246322.29397
"c197faa8bdbd51c075a6d3bc",725261839.555242
"1985a2a5c3b2b0c7eca22afe",823703912.689455
"92a1a8b617b6d2c3669167a6",645621833.525451
"2a330fdcebb247d6a6fdea23",912976633.716528
"c3dd975d0aed59a65a784e47",827128870.548745
"608a2339d558a6cea9478756",731653333.112995
"c0ccf6d535d1316e37e1024e",984986848.338659
"229a7640d41a8b8d6d2f8f83",1138651152.65294
"e3950ce025371da2b4ad9db6",1048822510.97728
"a7e41393473834db30f2c1da",829198277.921854
"7dcd1597e11f83093cbfd7a5",1126653612.30372
"71235a69058912dec1d355a0",1030355669.7309
"349602317da0e456d88fe24f",1116056035.40877
"ddccad3e5a4eaf791ce3a7c9",678107623.20618
"776d7d1326576f07762ab3c7",855619033.009117
"1b88c06bb3c1bc2bb39d1b86",820292724.008706
"1c5c4f4c731545aa3388c554",619067344.106822
"aaa67089a753d255215c15be",642111511.595119
"d6d5717a4b7e2edaef162b6a",569772290.942274
"0ba20e953e8e76add161cd6c",384912390.391653
"13c39860029403ea94b5439a",1269128506.81192
"d5436eeef04e1a8e51a38912",387137440.623623
"21f00ad1214253dd5bb97817",1006353573.56993
"5a3119efc021fd0f102ab958",502864081.075464
"331c515e7f0dbb4460810999",566639161.549102
"9e360588b18cb15aec3b6609",631038640.829145
"a7cc7d2ceedf4d69664dc734",495866428.884263
"4e78cffaea2008f3919ba0ae",442733691.358614
"452e0518f7164287e47e6354",699548102.120804
"74286242739391c4eaecefbe",576662941.109477
"df06b65985649c7107b794a4",468890089.494778
"b6a21387674a509514fa5518",1039834397.74516
"6752fcf8f1af18d61124e32c",729107732.32666
"a7e40088cf53acfc65f4b3f5",1233856511.68586
"61b9307a25be3119effbd0d2",542836724.014321
"3061729865dd2d68858600b1",537151434.17608
"ad38d5660b6f1eef23b76039",409596739.120481
"1d493f3954b15e84c41afc82",429213610.965101
"57744cb947a923584fc6bcc4",445329986.057949
"16f60cac352cc0d668d226d0",392469927.017716
"accf7bdeeff29ec7a209c509",409161150.68379
"a694b9ab05641a6325764e63",725868500.74112
"bdeddd3f84cb0ffdd1fc27bd",726839890.666359
"de9ab30042562789601833f6",428854391.472804
"1a95522f43288e32addff2ba",444282836.418065
"3cc722d5c764ac261611c2b0",428088939.35754
"aba85a8a7ea2def1fdd18587",449259602.507118
"b272c1025cf5c1e1df47042c",633868007.867903
"5c449356b8b2d7e0928cce59",869809848.720116
"a56d3b5bc13c9849cf676750",755325897.945402
"942c934c0d41ab822d60c795",574427667.134765
"b0fe09d086490092f1690fc2",580368793.601578
"7abc8a11d3d6c905de3f567e",501968438.125354
"16716773b2a43df0332622bb",434377060.148701
"98fdd3fc6c9447d0f05eb1c0",519179353.99843
"a59f39373ee368259b441de6",495448545.991084
"cb778195c5d61a7c4185424c",1004015067.27171
"c0277899d5f185cc78fc4a79",886027474.41315
"44effc9574c74ea4ad98ede4",647104568.08835
"e2d00e4fd93a02ea81895355",811794639.711563
"ab405cd390c0681c3c67836e",620626570.259322
"86db204f7ef6e0e0e6687246",814498053.702956
"97b791fd94b2339ba115a75a",909401402.082377
"3897d9b5fe3a0cfaed7c18a6",570761855.255417
"ce206b82f2de3793156baadd",760385678.0383
"2c924b9d45667f7168bae6ee",764710334.525981
"358eb586d9649d20dca9bfcd",904451819.357752
"71b1fe15c5bffb750c99f648",697487125.94184
"eca500b92ff96f10ccd45e54",834751136.067481
"7b63445c5e1ce95bd12c31ee",800518265.394355
"97d64459dfb368b1f6067ab2",814298026.341289
"1b09874d5a3e4c9e0d544198",863890342.982546
"54fb79bb019bfd10e5481ec9",769152517.667215
"b3b63d292523ce0a925b871c",773191871.854105
"09759befd8899fc1e359935f",845767201.236277
"62e0110b1c8dda16cc7da89c",855561297.012611
"d98ba43504fb49a4f0bd9c05",978079168.484487
"48815b454dfb64fe60e2cde4",658942343.411393
"40a65310ce666e80a9611d4c",872193355.287068
"a8c5674b5d110d99a1e097af",805286579.477815
"ee9e7dcede0ffc20442b4407",997197501.942388
"9e858250fcb7320b65bed9c7",1098696172.77361
"bc76b078832a3a81b6d637f8",1007152785.51166
"b06d3ee14ccf3d46fe2431fb",883034734.823793
"87332a7e03cb851342667b98",1042188625.48433
"faa37a79a1d72e4b8b0c80a6",1042188625.48433
"0821109831351eb2501e362b",1093899291.87511
"8d01d6561223272181235c69",934165580.587502
"a0f1c94cd34fcba92f59a59a",967229344.250698
"f6a5c88d1bca87c1e89d8084",1119468709.26066
"55118881731616058c929b1a",1087560459.8398
"bed1fbafde11c156b655e04f",740518148.351237
"819d2a7c3330480b7217577d",1092620328.17749
"e1967b56ab8ecd035bf39534",882646111.203475
"08d0615cff29645ee70e20e9",1044552902.58636
"2e8af16a155fe18c8c6730a2",1019000160.25053
"882e8e77fa1a71288f6b61cf",1101524475.58245
"7930bb0822caea5f6451bfa6",1061344598.65638
"993a18ae04d78d374f854262",894206913.174142
"e5527bb25c85988e00da339d",1068867354.5588
"07bd45129563bd2fd974deeb",424657755.065149
"83727953ecffc17bed632d94",426106194.342385
"2e2d3f42f4f8369733b3bcb9",725427475.937798
"3b23a71bf40e800a66bdeab2",430443185.64324
"894f346e0ad39c57fc0f369f",1082411064.88505
"d1fcd31555048d043cf084be",637803464.341524
"8d48f73816b248d1166a09db",865025522.44977
"32d5a20c542a8194a6aae965",602214605.05078
"53870de54350a8cd7c13f014",739248098.688802
"31cdb68dc6476128c4bb2f5c",1005423666.53525
"4be6d93d8ae1375156444f05",520571325.288652
"33a7f6aebc3e2d480d287199",938600267.76912
"e1e188d3f9940f9dad98488c",938370889.638599
"76167f6ca3d2c404104b77fd",797870393.863635
"9297c340db8a74e10dbba148",897865094.080186
"0e001ee8f27e1a2fffaa0225",1196258067.00552
"ae3868ac8c44128b8a955829",883787841.064642
"bcbd20cfc50e2f032b174b56",407227633.711771
"253560c855216bd9eb102595",627135305.930466
"c9c769e7ccc99016f61269d0",525076919.815092
"7c07ba1982289ca3abcbece3",659034570.727946
"c5c024d11b3ebb2cd088bf6a",1022617958.39843
"f0a8fb06fcdf8997bcdcb03d",892198393.5827
"806f9ab2a016e774689ce2b9",363238362.938417
"4491bda913188aad3c66ef20",786693846.425457
"0c37c0d27631960f9e0fda1d",786177282.187912
"b50b45bda0905a116f238c1d",585939550.737696
"f0f8e755058d48542b9cc4e3",897399821.014434
"b3005057f48c1794b7974f4f",627901266.433028
"e1e5b0bd721a67318a3848ed",375500381.610056
"d96155b72c02bfa04f7ea98f",545964145.357154
"3825ce5030d951ef0fc2f7c5",439566157.276917
"99587dcb4237fe90acb15b5e",427747803.831042
"452ae373210337b8008ea2a3",1213472050.51205
"09ae7df5577582ce7e7b0aa7",876529723.056306
"b98967876009fab4290736f1",824681591.568845
"24a4a43ae4c687bda1066227",1085656921.56036
"c509f2036a11b7132c633d2a",740014917.399248
"bda914dbacd42b2b7c6c5179",692389583.593058
"5a681060eeb2fc8f1b3261da",620163249.629548
"016bb199b12846ccb0b03191",881774885.417537
"ba94676bc0385678ce3780a3",635722477.453032
"b2183e5bca67574df7d5985b",456084249.567417
"baae43ea29f7e419bbecf998",634610391.094297
"ff1a7adf260e637bf316812f",362774883.270208
"8e56b5dbc4cf628ac12e5bef",1216059617.90321
"c8941b8d7626f7b33628158f",1133915178.14476
"d504ed869ece1b1d6e724452",344348854.683598
"1acb5576ccae1f0534f614df",597510287.984354
"ff228869121d053ca7bbe431",1155975914.43214
"ee4dea05e93581750d613c59",636775803.527805
"5d507cdfb7c233cf96dc6a83",807001707.044319
"faae4324336f1211ce4c7809",714185141.903125
"9a8e471c8f4488c3799483ba",494540615.702935
"d040e15e50d655f4d19bff54",411260197.370847
"efc7e89ddf3de559154d8e0c",1069333199.29803
"e91598736dbb7319952f0dfc",724527921.63034
"4046ebeeb7ab85affcfe337c",1110690611.33046
"d12059af22bc7d6ff170430f",1256693835.96211
"99d39d72083d7485e8944a3e",430390774.214221
"b9ab2dcd8d1855e4bdd540c4",1139782867.42532
"97106114a8d353ffebbd07b7",845557886.69943
"d5c950db90c92be5fe753189",896845057.931878
"119833a13f3f7df22d2b270a",558302358.082645
"b2078743e33e1acc49c2d2ca",805782320.385773
"fb9371f86ca6f4e62ae374c3",526682672.640926
"6a39a747417143f0cd24f3bd",1385949828.17124
"7bc0c9e2760e4b1488522768",1213772162.69107
"3898683e5d24bab9eea24d30",801707718.409932
"be0e466ca7d6942282c8626d",894794113.842004
"2d65980024ded46854c25260",1239956878.86631
"87aa28825a5b8ffbac5f2e2f",725728528.867298
"918b0d900ead8267aab4cdf7",605641033.447329
"0c85506b301862fb58b467cb",531669384.932037
"4bd031478b15017efd41b2bf",1078614175.63375
"48bee96c1f65b8e283d67483",465037687.682855
"7618cb8d215425c931f47886",482054838.507919
"a7a219e7cd18f3c4b83649e0",477483485.233804
"9d3f5b59b9735da05588b3d5",493931287.818498
"6ac5f5f52cfeed2f0ac9d018",589945063.918762
"d885902c923752eab7b619e5",397696127.198484
"b183e2562cc4816244ce0e1e",593451809.679565
"88622b66e6c47cc62c3824c1",813189194.846297
"01230eede2a4a74ec4ee5105",753480111.987802
"060451a9e3e0416ff41d253d",919109739.231107
"3ca0e7723afebbf53e390297",874223138.765522
"e2ecbfaacf11ed16fd71abcd",530769253.718241
"1f0d83013ea5e4c3f4beb583",669470742.943811
"450c4eff7e37a271fc24ce3b",632937735.687112
"a70d331be751cdc3bd0aab29",352147358.834841
"41ac76d4fa450fe0c377a0e5",353933789.031011
"2ef8a530db816223dcf474a1",540624537.255864
"d09c1af87ddad4ad11b82626",475666477.321586
"35b1cd8020e7efbb9ba5adde",980356173.601437
"6714f846f2fa3527641ad96c",873080806.744566
"4cd5338bcf246ebf263baa35",445876012.267905
"0878a639ab8e6b6e69a3df41",979466712.956841
"f4c118396d781c140d8c9b08",479798844.931632
"27151512d4b592014137ac1f",783237889.183877
"8e5123f5ef1da66571ccb600",1327724662.30499
"c491a13a87fa1ef595b35826",692858147.121474
"52d6c4bcb442eebdab338116",1268666964.12207
"e23d93ade25e73614d7bcd77",1263928843.96345
"43059ceabe98412315566838",940022940.166062
"93b7fc7c4f07a7f117e687a4",631934465.975469
"09caddf25db3ac8e1a98565b",779773732.550913
"e3034ebf243b024cbef83cc9",484863894.390991
"63cc884a9c5c888de176461a",803225792.266616
"069fb1f8d0f06ac2fee87314",672319872.172905
"059aaea3859c4b9662ab4df8",424366282.894596
"148b157ece514d99be0a7f93",387374941.203291
"9c4f397c093dde7de5d485cb",793976934.246886
"e28d8dac5c1c75d295a9eb3f",424366282.894596
"a804849802cc0820d25f955b",424366282.894596
"fc43df7f26644fa464ecb090",538409502.672944
"608b26adceba64d9ebc5486d",424366282.894596
"be8bbf40db0dde8ed4cf338c",424366282.894596
"d255f73d4066fe559065266f",438826669.922292
"c552cfa8e6b8c8be2c963ae8",425509182.333648
"5ee020d4adc767b3b16fffdb",419281284.044318
"2a01945c2ce528c02b391c61",605622544.997372
"dd7ee555ce0b2d58dbd8a9ea",403804608.138413
"a732aefa7ea4715325e9e80e",621634244.297678
"c6faa40acaccc1603c29df96",538409502.672944
"fd8caba10cd4d1df27605358",437588936.754584
"788c49c17df556bce0abf6ce",879138236.154657
"2d0d803cdbeaec6e2626eebb",584571712.534043
"0872074f7bd512dbd4609c85",473270043.927026
"3f97341f90b11e6a7a7f7c2c",763659215.714276
"2bfa301ea435f929e6c0d1ba",653946982.212516
"1d029020622a600aad4c2991",773282144.018913
"8a100bd7f5da66664a2680e8",529899289.507746
"1441a28c376a20c90d72cfac",536888886.997375
"495eeef459e80680720a0ec8",494223561.945253
"df81d07cc6e8fb0a01c0f404",703696267.206584
"e23ae41983b9f112f05bb703",638051444.633337
"a2ba273b099221390bee92a9",525575283.767191
"63dfd58a5c43cc7c0a468209",406672786.114687
"27aa789e29e52ef8d78b9bf5",820054958.811672
"fbd613ac06b6bf20d76822db",620003318.733376
"2a805135d8030b614d9df9aa",738996348.736205
"22c9b57a67cbef0920d09174",394734219.16546
"fb76da6072bea5801e407990",563242597.567034
"9050b1061469970ce28742a7",433872844.543588
"96f5db1dd0f36d1087172fcf",743392943.289757
"38cccc333e2c38bd608e1880",735277150.841709
"efede59a47d17737f90f4bcb",771700499.460653
"bca5301e6460eb859b7ef34a",570025054.072071
"a23a13e43f3e08ab82c6ef82",415818413.89499
"8437a42a8e7ebca46eb088cd",526388054.740867
"6e3cbc252c449fd4b758b97b",451831517.277189
"6cc6b0672aaccb8909f3a751",567803385.625301
"c60c2efec3c12959d86fe3c8",563998961.420368
"d0e45d520227ef8a1f53ba28",592318230.595022
"e45293f1e6ceb2fe79f6e0d5",615263673.161984
"4202dc3f8255586e1ccfff46",488872035.832048
"1d04d5450762d664fcfab674",782627311.949598
"a3f969063f78dbd95e6ee795",609643114.305147
"2e3fc1d628f6727880d3d4e6",451238488.962871
"22ea31eadbd3a54216443137",406672786.114687
"6490a1eff73727bf62458b0c",776720826.892609
"49721aafec7123f6ff4d8010",819923266.940433
"bce608b4629b6c8512ea2fde",683419988.44643
"a7ba3ccc4831ae7e539f0cfa",555847248.723541
"959b2293af0ee4f7c9fea7c0",600719295.215692
"bbbf74a3abf9cd8718384a65",470220859.958221
"680a71ef7ec15bd919c06320",769193907.420559
"0bcdef6d56052acd2afad93d",472097348.533482
"1bb885a07f57936b919629b9",507810383.843096
"8a222af682e2d7796643ccf7",590217530.908391
"3370a48ec22302456c41ded9",470220859.958221
"46fb04e7578da5741f6da4b8",483182317.540781
"e9da7f2549d914aab6a30e10",531400698.729922
"10d0506d84d778da572ec635",722775320.564146
"966e8fc9af08e76f8b276245",454877882.914205
"0da2a849e0f83b17b006e50b",695319389.732666
"f7101a05db93cbefd6a3b31f",419211089.904327
"b74fd7f7db38ec233c6ad71f",440506561.602938
"0d63e52a47fa884e36f10810",597465591.38783
"77fa49bcb52539888d481ab1",580235336.190802
"6f412fbb33519fdd31e741c4",564985334.940547
"6615da422a3864d415b28fe9",585997406.170675
"f258fdece395f0c4f4da6a96",742822781.42331
"c54c645c340f59dd5f47bea4",409010079.799021
"bdd287e9de82903f210878d6",673008043.516932
"e110abe74ba0ad062c9b575f",593984356.871859
"47e5ea8cb7f5ab6703803690",731484062.312337
"e71c6f7437c633e2d9da643e",627103825.730945
"783161faf2e3501c38c0aaaa",435689127.529681
"5fc3de15eb0cd87be5ed2e6f",604907836.708724
"4066155e224520530ce985eb",472368640.862335
"7745863791b5cc6d49f84c8b",430154063.034574
"aa7551be1b8d6278d38fbb00",783154517.174569
"d654c9bbda61c4c0ee1ae2cc",531815642.487502
"d224080523a2bf2e81698d15",454139194.521135
"5f8d0a2ab1f9136de446528a",727149295.338061
"405fec98d5a3c8981173311c",581654534.916845
"2a9e77fd00aaaf773d130914",428114671.300079
"279b76adc4bc9f8dd86759b1",681612045.582094
"f815ec1a63e980717c9c3290",573584311.351309
"a8fc825e34bd9bd56ec5331f",603074624.290199
"248ed6abe6e528dedde951a3",549820963.911827
"2bce6544d58b6970192a1838",550950599.306428
"352a76b301243d22d1b31f79",557300517.259269
"bb9991da696d6e1f13a32d0f",426769056.483712
"8e88e6cc55ca769e472aadfe",597905371.651852
"339ca7bc687766f517ab3274",417703091.608666
"93375efb2e74f4913d21d94f",558750228.706105
"17d7e6d321bb7394546e6b7b",510288831.333497
"0f601f5ee798174ea9d52caf",545601929.459994
"8ec8cac469f2448654312aaf",909002962.949284
"affb62139f02e524692ebc5b",598835516.629673
"c01199a4b2fbf0f6cbdf2a65",811509907.531571
"4d1f49443787c874ba19f968",959818519.7499
"035c61042b7dbc7ef888d1a7",969055141.353343
"0fc7d98f75bc1c0b782a328e",1008003265.98673
"b1924a5697dfe829b5b8ad76",530890786.570869
"d0100c18dba3c334327b29e1",711422404.317952
"add1a20e8bba47aad2edec69",985054102.175751
"fe8a78de9ba7b59a112e0046",621572481.99943
"b319d049a3a8e4a095940106",753040613.7777
"303dc73dc1130de9aa2f70f3",704531201.518742
"e471b2ef30c388893119a010",1030360114.75559
"9309d812688d0d2bdd33d830",819377469.747688
"fdb192e57e3e48f70a492b87",804285951.240416
"c514c9a35632e5a9c0476a31",744476772.643617
"3bee8a9981a1e9e13a05cafd",736716320.030176
"9c942287410db3d0739e182e",665453738.568128
"f59b9c03bcd4e0e06d23fb47",736665089.675323
"4c11f4ebc622483532c24a06",730077213.6055
"1f53612f7029a21e2e9f74e1",853107299.757561
"1f4b6eaf52fb940e666c1c93",799615453.418971
"dc65f0bafddf39c6c4b2c9f2",693573269.531716
"344823ba2777540ffa2a8fbc",828314594.607563
"8cef9b18f20e9c5a32e7ccc9",939554926.503776
"413d6e4fb772beff60f73e2b",758340483.194391
"15d3ae51558bfeef80b9e97b",760333733.449792
"b81c26f2ea6b66c8315d1146",986790878.924176
"c3786f81345d39fd8b353da3",882279196.349076
"6c568d2287dcf12b2aacd388",859944105.934186
"e6482f3b6184515453d16bf2",989942470.158683
"32c7b848ef60432d98f415c5",747934189.569821
"1689c3e3982382e27a4ae074",780925901.926766
"3d0cc51b7a2392f3be3b1666",726502298.610136
"1dbec7879e793ba9685741b4",772113356.139338
"82ff2a63a863c089ea90bb5d",868298181.368441
"3d9856c3ee0a4b5a833c69ab",632820361.154962
"6f293451319bae38c71b8266",802204993.79935
"dfc817b569fd71d2dd47e980",925488341.714285
"c34d46d83e76f54d53cadcb2",746071803.789581
"e08ed8c82d05dc3cad8cd2c1",849129736.139965
"e21f2a8d9c641e45d442686a",982632894.548063
"f1793973b462cdbffb1ad648",905291287.438224
"b15bcd6248958d98867ea585",846554285.286442
"e640424f3b7d1db403c36ba0",867956655.764073
"658c0b009a09339a3f312145",776816235.852831
"f01fa45466e2730f935a4128",716056313.949614
"b4d69c7bc93efb3790eb1422",1066921176.56137
"c2242a77d30c0abbed667ce4",993223098.496324
"39542105a7c46ded0cc373a7",948106024.848004
"13f42390057bd294cd787822",794633385.684533
"183d99d88d1e7d995180918c",610906886.44222
"60dd7dc49139e7816dd8b143",777124072.07294
"6d2ec752890a2f1c4094044d",1056474153.91448
"0e776964ba3733f3ac18a7a0",667371077.274047
"92369f73435d1ac3fa95f185",742757674.277718
"8db285eda04ca37b86dc9724",1001721159.31411
"a7b14faa46e7b73ee4e95ee6",772642147.75212
"010e676743f6afc01fd0838b",1072343331.76095
"987199d3a23c08ca887b301d",744828355.151522
"4fd8643e1c43ce9a0c18a19e",816929524.79852
"4d0985935e1432b3916d45be",757895842.326209
"4623317e8c9044e314ccc4e8",750769680.047965
"ef8430c4d15e5887b8103bc3",1064334594.27949
"cd6ecb0f77acd93cc1c9038e",1038397118.57765
"b0962bfdb6a2c79a0ca84e48",679749583.450893
"7bf592c5c34bfe6a5df3dd40",779918842.869492
"9337becb0628955b47e45b98",1064334594.27949
"9ed0bcdb62b2223d716d40d3",836875511.380264
"4255eae670033d9c9e9a6e3c",784312096.287756
"c5346c37454ac2b13b92240e",932562854.341876
"94fd4bb5f41087921ca12b58",591192708.903943
"ded674ba9c7b76cda404bac6",757171121.164774
"ce25e9fd3bce9b75050aef5d",997293230.181343
"4e7d3cbe3c62123fa7e2d969",904961863.80151
"dcf5b42ecb23800a458562e9",967265908.915789
"0d53bfcecf0397ca27e5f78c",844570081.450536
"f4ecb15ef992a677e8b4fee7",701499670.944956
"46eeb8f186f86f7859274d4d",976045558.801992
"b5a7d4288dc7a7868678b9e4",994544634.857398
"34f99327fe595ba6e32d89a1",703836965.227574
"9a53016fdce3d3b5c2baf3fa",987627178.96038
"26be10d0ce8b763e9b457e76",662451700.291727
"2e111ff939191cc6df2c59bd",784333253.640413
"ddcce0b9776593e3ef3ce21b",750265788.366101
"937c0b6350beb0f51e53ff8c",619262771.798892
"f50941445773dd62e87e0416",1030360114.75559
"93a1aefcc4ccafe4866bfc76",642944011.185199
"70c0a72b31dbc1b97c102c13",1066949680.04609
"8aa9e1e89993aa49c5c3eced",739387553.17957
"2a5ecebe40fc09b45d6ee5fc",524181158.446992
"5f798656baebb094a3c83793",1080834097.42604
"596b6f435f76058493a16cd6",1060750718.95151
"1c510a71734e955f75187106",1043641896.59926
"07de14db9dcc2d4f9eac0dd2",1107100387.06302
"29503210dfd57bfef8f16802",751523153.137088
"89575a90c7b9b960c8f4e052",992616422.631895
"bb5a6045d18e19613325dffd",1119349093.66558
"f984d34c8f27e3cdb7c2a44a",980059425.886824
"90822d4e3a369948cdc4d998",735064170.429173
"5b9a21a42d5f50ed4b10581c",984438165.709279
"1be01d052c6a65c5ed286bf4",1069914597.01154
"b73d317e1e8ddc3d5d0743ef",1030612058.43816
"bcd302e3b5342ecd8cc056bd",1059451764.88162
"eb8956f0c4a885619bf1ff79",946724749.927832
"d5b950c5510c19ccb926e7c8",998005410.088478
"1e37ea0918a00bcfaded3453",778799908.135313
"1d55f4694f3e000ee3ce47b3",860362803.347868
"cdc3e114698984145df842c7",1009254202.09432
"9c611e246a612ac6906abe8e",1111921162.26699
"c0c820463dfec602a6118ed6",1011177080.97241
"6302d4fff078a118c3211794",1006846152.58363
"c98807fc596bb2f505b4da9b",1113961046.94613
"cdde8657b5a215915a04126d",1110937711.50285
"3b2fa7905fd8fcb3e11ebcf2",1011177080.97241
"59764968800501c68631aea3",981025772.400536
"9eab02171cb5f15963670172",1103753850.67679
"61f84e5a07f37865c31d4a07",1083763984.03733
"1494f223c9d3ffba26e42738",1104852119.43149
"ba137cbd10757ad20e5991c4",854008241.60885
"d2fb81a477ef3690cb11c93f",1186512851.60054
"ec4f7794cb756b995d5d207f",956943807.587782
"ea4add08aa912717cd42f9f7",1137885459.52967
"f11d7627e2f18c9a75595501",1097045271.14928
"8095589d5e1a55a76281e13b",1033292903.12017
"f5add08cb615eb18b3153bf2",1065634971.02058
"1894346a27970572aa703cd2",963419121.197906
"805a491334f865f06ff42329",815067754.795525
"062d5544f5c96db90fa3a526",1103532014.14594
"332201e2583141f3a02dcca4",1092904716.82778
"4baf1bfced8e85013eca94b9",1011177080.97241
"8bc002e1f02beb4d83a6f6ae",950957311.907109
"adebafcf3eb0d34ae31718ef",1116981723.36089
"60b5b0aa0c1319557cd0cc85",1252443389.25324
"3393fece8a6ed311ad865e66",910657219.632961
"df4a1968046eed5326119599",1118544895.46474
"b044b9a587b2c6ca00447177",1126470046.49306
"005ab848b35907e42aa0f4f2",1169688171.41551
"140a0002732574ecc516e9a8",1097105178.01716
"bd850d1ccfc4b21a72f3ec44",1088186756.24348
"c6dc8c201ce38ff2ea49cd68",1128061273.66517
"572ae40f693551547e13a196",1183269149.4055
"b39d1b2637dd8e307c8ba13f",1109618869.00238
"2ad02d6d56b95ff3382b53b6",1078106538.66011
"5201393754f4a5f2a476ef0e",907134204.679513
"72a66bc6d15390eb05a5c688",964510270.83276
"1f1f3e47f3593e4b2824e628",562490828.886864
"bb7e14611ea6b5e4abb5b89c",737066734.29718
"b82f8abc8001cd6731c4ef45",713508203.073642
"6228854021e72af611d2e59a",711716518.651452
"6d21e1de9c880bfbb17350cd",828182570.709999
"7cfa0c98191ef9b7c45f0520",360913160.719243
"a739d80c3fb6b166a2c2182b",467497574.419361
"36f85981124e858c157f83df",587700158.492533
"3d6d51ca99f2747d6b92dd19",805757866.074154
"092b7b5bafe25bf485de37a4",648838721.990712
"f2e0163fa07f89820739dfcf",988781320.511712
"ba47346e7a53412e78363ac4",699424306.318984
"f86e80b2a831572b85b04e55",490379560.514865
"199a6f7df516a685f086dfa2",433306057.144034
"81f6d6790aca5e9270c3d1a1",453411097.91165
"74f099ca0d949c8042569d51",410390589.70769
"4df3717406f9852284576caa",533633146.8292
"5246f7d8023a4c178af6d10c",600996563.838202
"69d9908e13bf7c8ac4c30531",416003582.662932
"e336d9d892441c7ad886a98d",556074690.102193
"f82e1c70884ee1285e1bc491",415094640.43161
"0ffbcf7d58378c85b4103c7a",668933477.4667
"3679e1844a35c0c87fffefeb",525408707.64384
"955a15a734e56eb287555307",438894534.333924
"722f262a44b2bb6fc05ec35a",443890683.530939
"48c346042d9cb826a3714466",412099873.109013
"bc4b7bbf5df92f476b6be103",432414632.687608
"667685f89a61aa2ad5c9ac7d",429275312.646938
"8be5fca8f4339712c6f3e29e",522828388.155363
"09a5fd22f920267b464e2a00",825296165.008227
"f6d2d31af94a6a73912dd9f5",868192969.707689
"0e9a5ea81f6d91038d8711d9",724623331.841215
"8b2d8edfa6788ddc0c7b3eba",786199302.937515
"2f48a73bfcc91272161afd39",863871932.6559
"a78417c74b8c99279912e427",855792490.787412
"4d69f7c7e0e837879abbdf78",512796015.972728
"926a7b18e48cdbf6ac3b396b",665875165.581018
"a06733f7b3ba964c20ae2698",794036910.02074
"02d598a32d864c289e3ba6b0",802520198.297175
"3977cf1326ff502251f78f66",787767028.91632
"c3cdfd0733404ec885eb3edd",879650604.714729
"a28bb09e30bca82627e595c2",899568385.026448
"0a2f8c8ca6094e6626d4e8b1",804360047.36019
"ac9baabfd96d58e376149a7e",859293539.303589
"700a052900adbfa149dd5b6c",1057160944.00289
"4b30968cdae59b4ef3298f19",1015331104.65242
"c673d94552bc3e451672939f",1006363815.77917
"75392e8381e1c891377fcb29",1012830951.0857
"a55d7074220aa6a750297c08",1010931512.83146
"81eea19e7c12d65d21e23648",1053393802.816
"69df7bc1d82d9723c70eca70",1015338238.64332
"815cfcc4d26738f74cbb67ae",679239307.234771
"5ea150753f8d07c71af45cd9",988540537.951297
"f851b02d18e74610a900bf14",1117343325.18296
"76b9af8036e38d5d30ac4c7a",1265130829.90508
"4ec5ab39cae4afc3b0e69438",961891189.820601
"c74020c85c9fcb2a2cb3ac74",737768570.92613
"6d6ad5e3ebaba1c11dec0f16",704847523.397018
"acbe4eb98668ff4967a8cb86",804215973.887219
"16a40e3dbfbb9c703e04028e",675561382.015119
"ee5fa0932e098cba28d950b1",886483889.663973
"5f9fa56b99677a489a9966bf",737066734.29718
"4045e30cced205e8c5b2373c",496191023.888131
"eb2c7a973d4d6ce8e6ae87a0",1109260156.17228
"99c69eeb96e1016a7e53b33f",830754933.662501
"aa7f56d05ed29183b825d61d",545651135.303941
"4630a9af58fb79c0008e5fa1",588685087.465142
"ac003932eba3a174c5b998ee",493227822.122034
"56a7470ed14454665aaef75a",1276296380.8146
"a4e4f56336e07304cb946b1c",871556795.332709
"00ce045307538da1b0bb7972",676315749.524957
"cad720be1395e2ab5869807c",448250523.435371
"344be03236aed65e74b14a2f",437239646.997519
"58a86bf535b4c16b50dfca06",400830296.981485
"d52c3915fd7d2ef8c92a22fe",412093362.461186
"8a4b7e86a90a296e10a49ea3",414098890.304731
"e1717a317481b0765a7a6a0d",550388335.702878
"97fc10f5ce4a6fd7357381a6",437239646.997519
"428f4bc76d4cd315ba8f89e9",450908599.922114
"4d882ac2b82569f74aa08824",404421601.035933
"948ba87dfd7993460c967cb4",435953604.098222
"1bee6a5aed5417181a3db77f",454669460.08149
"63cdd73026431f5566fe246e",494161715.024974
"013e2a07f94a99323b64d370",978722217.495615
"ff56b24cf15289dc6d14800f",672801861.054021
"7bdb94165857bcd37206cf18",510754808.681809
"1d1e29d9601aa0eddb4d6c2c",634051558.557353
"a8c9489973c54b93737dfe20",763810936.164307
"254892c6b84c59ff5ac4f354",464421012.586047
"c6e9772058edb2268434d7cf",891751587.170663
"916a413537580440c4ac6028",617220819.869383
"bab8e472424cd57faab87ff2",556191179.330284
"eae5eecfa2fe828afbc94b0a",467730416.633121
"da26059a2cf36e02b8702320",483635114.538242
"e18fecb7e40bbcaf26c863cb",774195207.821291
"a55906464634558b94d9298e",527375636.962042
"3032ae39e739fe46e9e198e5",840745569.880174
"663e062b85f16c2419f8456b",572767217.009284
"aad0e527c4bf6283f76b5bed",829729230.799381
"32fbc0f1934f7325a404a2eb",979062639.995913
"07d1137c1f0aaecbbad32f7b",693884962.93964
"3058b792e3f6781e438a2e9b",819881621.061741
"33d6b1bbab4524c3aa03756c",520758970.000862
"c75d43b8089321e359e14264",690869054.870652
"29ea1796aede16cab8a50497",419733450.886067
"bed21c41b31a3bf2095aa273",633678874.797343
"ec232a7ee3aeac713516614b",716524095.245338
"bb7c68c2652c7e124d88631c",535560858.522377
"697b6c6f7666391fc689cfb9",795762809.878214
"d912e45dda1a3a628fdf50d6",688450091.453334
"96fa88a07329d3988b6b41b3",814224628.174572
"66019487c37339e9354ca999",638114095.427324
"fd2dcbcb8a31e97f31d22a53",895660659.042334
"1a309175498997e1b8f0aae7",1188539211.83356
"e83119808dd08ca090f5ed85",657026168.786795
"1a26960e24de046588ca7837",722403174.785145
"379c4fce87557848548b0944",423630622.399054
"b2d7355eb2aa975900776275",677670960.198958
"3b05e06aa0bc40b9db16416e",425625130.05233
"4a5405b1e181f5b10fec35a6",722681967.053203
"aff22625564f00844ea2610b",567603796.027187
"b40addfc0da42b0e530503f0",762790934.761175
"9200d647b6ce9aea67ff8ac7",716329102.534414
"3057660e38fb757dbc8bd898",826871660.712329
"799be2171dae4763df530e4d",617961320.368803
"819265a930d32a97533d132d",1009116561.38713
"9ba689b29d0696fb7ebc44d5",1228605833.2061
"0f7e28b6efb9d550ba28a1e0",720659878.340422
"57551742fefae23bb32571f4",657874619.126971
"9569a50febeb4163e28c192c",943987291.154471
"1d03efada56f8a70bdae6aea",715421990.461686
"bfa56d6230b858591743473e",829349124.308154
"ca54914a1cf1028b9c8b681f",668639319.164557
"54304b6117b797791d266cc0",724253873.448518
"166ae8e3d0704209d6715240",738305346.883775
"b56659e70367566a4ddb81b2",965059019.511175
"2641f220611056a1f5616dae",1015478444.65187
"08a82bb9fbe4b7abb50cece1",584790097.270998
"b40a9888ec0379fbf85516a3",1333766593.26201
"d35462df6c686296a3c7bb23",744269908.409765
"db244703ce223e6acacbe85d",827540024.75128
"a90df94f959030227fa015b0",613428817.591854
"d97d462ac4f5d9cbbf04e9ca",836635342.521391
"7fe6ac57e87b8126ac4f8530",1067905090.10863
"69c28dce8eeaa86605143419",1185902743.78524
"2bd6682ad8343b69fae1a59e",1019316020.48901
"2e6fb29cbc1ccc3d97c92c72",892303371.433633
"9eabba4531191127ee91621b",1050319176.52969
"d0c411218ffa7c3ebc10783e",825726800.36109
"0c61a011d7fe0227be2b3575",747828957.867966
"2c47c3ef9e139d8c4513a090",617270843.745735
"f6503aab62a68ca16eba3fec",1152208602.97384
"e7dc05756684b070b36d681f",783731594.185901
"17484950b143d0395907ae6d",556861520.19561
"3d997123b33373024bd2cbe1",1093525588.1905
"ddba305c2a3ad29db24a0658",953506906.200915
"b65efc402cfddc0aed4e1d76",821039389.20774
"4a7ecb05c9886bc35f6b9160",699176366.8392
"b4e14604b888c994b64f94ba",824397829.8992
"ab37764e5f4e00097eac947a",1066653952.64389
"764da64c41700da5ee80b8c7",749264264.011426
"8a84a073b855e37a12327357",935471339.424842
"5a6878f8a47f1fa2fc1d600d",1215073458.28857
"505f3d545ce83d0c848f828d",1031686256.62932
"6687a2299f38c15598d11eef",1111964181.82485
"533134592237b2748915eed8",1001413864.31204
"daae80933675e767b50bdd17",995433146.834376
"945f85a061dc4e95e779e27e",1138182272.00666
"62dc69d80cd6ea9fb7fe52db",742113984.080581
"153436858070f7e724f0cbc1",936320810.340927
"7f9875a5336a32d73df2402c",1000556543.9014
"ac11141115d391be44e6426c",717810001.17436
"f8243b7b679dfe8303180d73",1213855638.78988
"1376106ebc19c929df27bb62",813508677.962278
"f591597c9a1ddd9852eb3cfd",974301694.612503
"a748841236a7a7fb33138845",517025449.046483
"6ef43ab43841696400d91859",615699954.364489
"601310d800d88f0d387235e4",1122403194.4859
"db81ec58863dcc5d12839883",481821654.100891
"68d35dadc6d0dea61bf4b513",380630512.013737
"ba9be0b67571b1e9242664e1",739685158.039119
"1690af2e30b05da545f1576f",1217759511.28816
"fc72ebf9381496067101da61",418623588.185481
"3a2e95f5eddda4df84b2e2b3",579981438.124429
"a660d5809085b4823e287a5e",516718915.559502
"799301c01a3e7fc2af5a14a9",924409925.614429
"824cad597aae34d7d59ac939",602263252.227542
"23cfc154896b93bce4356ae6",491327881.4733
"a9b96d2a23ed155043085e87",1020547769.26647
"f5d529ff6a35fa78ab14de21",611047374.77141
"9b337cb1451a8fb078dc9a07",929651373.994715
"cd1fc7362660bce494b5117a",436147421.08852
"26454cbe44a07cd0df12ca07",989022673.274499
"cc5563550bebb29c83ae3054",970425740.687196
"109bb36f29b223a81dbfa340",953366548.343158
"31081c78ce92e1d8dbb315b9",633120647.132645
"502aca1a1097438b32eb362e",1235745381.62228
"4c90ce573f1d61d11294d05c",1226334397.48558
"87f1e9ca16a7ea48de04fa73",1153257503.89504
"224f6e839dcbd91491f3f1ac",416443000.22882
"8ee7d2e0692e49bf9d308b4b",952829500.18715
"a3ff6a1fe37a1bb736b1100d",774499060.494713
"97d49e61c1ef55451e52c8e7",844558447.220073
"b6514cdb1e2cf37e3ff8090e",1281220769.57843
