property_id,price
d56159653f5d2abc5ed5acd7,862378423.942267
45550aa81c0151f1fd9fd8fe,751747578.5523188
735deef3382aa15930482f3e,635670070.0266744
0dd49fa8bb7be52b851c6dc9,684339749.1866602
7d3220a91e78f8bc2924d1cd,725440880.2058575
d3054072b2175deec2c1f8dc,331424740.77352816
b7574b06d593fca4eac59815,330501536.7687127
79e822115c5c1a4531366001,423851706.3402784
d3ed5316a463d38c1bd321d0,830710209.6796491
2f1880c9b8f7ac2715e1236d,678158017.1947349
dcca1c7f109175760ff531c6,439560995.9474124
dfc4f3facf91bbd93ee0fa4d,480543761.25246876
30e134a6cbe61d7954d0f56b,389351123.1217701
385fee7bd9ad7722d45dd034,486914306.7885361
87199c236bf22903d1aafdd0,492765445.18343174
19e19ad0cd6b5e84d8aa970e,484118665.27027667
907f968e78d748fde69dd44f,572890924.9936469
be094e5db0f784e3aa013aae,421044781.6344142
7ab96f83915bc84f8c03c1bd,420824513.1183945
07f4aa9b9ff5b0b05d31e6c0,872112264.4831716
e9be8cd37abed8ab510ba1f5,828644707.8626182
5f6ad58df27b562db077b5ce,731384137.6500154
ee96d947484aaace40f9b77f,804847130.2140377
15c4aef8401208054697b81e,877967998.4749347
22d6cb11333f2839b8112b89,1184919747.7755122
288c09c33907dadbae495c11,1103556822.4176433
f71d2bca0c5fe2720a1544c4,779103671.8109483
451744cf3ce55a98db8a3562,763979255.9848944
fba9ae05a6a8a9e0c6268a9f,624200294.9355265
1338e58f7dcebf5a1ea59388,666763277.7602509
a817e8da0ada143ac87277ee,424613532.0580298
46d8bb3e9a0ca584d3c7a317,636219804.8230739
b2506aa9463aebf01e1e00ca,425343277.3623987
7ec025b9b6e6f33bf65af41b,515063789.7696044
2ff531e27672ecd2362eed55,824167085.5649377
9b3cf0d1b91b9c6a2a887647,571805587.2541288
7db5291ce4602d9b2b266872,407139706.5815446
65d5918e826c33bb950fc008,540638473.2543484
395c34e4b8f52cbdb0522459,723643078.1461233
855f4b67d2bd6d18fd03d8e7,739775230.9957539
9ff06409b37e5b5dece4604a,617720100.838641
0508cd7bd2c77ebb6fea1e56,557758594.6787374
b45fff2e718e54772d46a3fd,615555104.3393369
cf4d2297b73dbc357d21e31b,540764752.1041692
0ada7044c5b29925abc90879,604624189.704091
6305f02255274ab5fb6bd39c,617892289.1000588
d9a94194ae1350512beff3e6,878488463.0918403
e3896296cb80d50d9ad3f903,813223125.2274396
6514f355887c64136edb5595,772409531.2651101
f03400cc18e12903b3ffbe5a,714871168.9075965
4e134600155a64783b3f8c3e,765701491.9245594
d63ebc63c82fbf66d8b6ffd3,731545302.5602278
1bd64811bd59706844230198,762972688.7661583
a83921284639eedd4a511cb6,741115818.3964132
a2f3f7a1cd573e2a33f52e2d,749968252.8687078
47344a66471fa51f61c64652,729048954.5747811
78fd849c9429091347d7e5c9,690112695.8471702
c3daf2abea55af99c9579319,631439678.6918527
52864916eb1984abca41ec66,813666495.9809515
c62494a9d7aede44f2f84023,898482839.2609339
a2b576643f7a032371587e5e,1171227659.9536316
e53bc68f0e97ccead24f3e56,586560288.3162483
fd82c710aad91bc90af490fe,738738697.0604575
d436abc2ee37ba3dd561e940,591554127.5451726
216a598114a403676011cb51,774360740.8029374
ea230d5eccd2b687888173bb,644273176.3035783
18bd0dd7580f2a7cb19a90b9,479796128.5563632
b143c8ca6d334f6a73c3f2a0,305627531.3639976
ab388cb4fa511968783bafee,430364029.3484566
6a4f08cd04d558a56af732d9,444447976.03028864
7216c895aa047c4f405c4941,572736938.4462677
a493488dcd906dc74cf8a604,673641652.3850446
7844b0b2bc65dced90a355c6,556924859.860657
c1976383069b6b82ab29d092,578166169.2328014
e5cfd99e2308b7b73581dbdc,469886202.05615366
c18c2ea88f4ac53970b53d2c,689979600.6260314
842c9f0e4edf1e5a672ce15e,765265548.847119
7dd1e46dcbddc6bf5ef694de,588858795.6155639
6cc4f32b39180bd1ec7e117b,597134056.4424816
79e643789a85dc4ffad49a25,730017874.9245322
b3402a9173d289d6db78e09d,851891696.9299692
a446507813234e358db8b573,539362176.0410138
c8ef57ddfb35061d1876f94e,726931652.3784535
360be0df2c003005e3db080e,1031356155.3374213
9ab245a4c91877cb7a8661ce,952408483.2307875
a57a34c7486e7a40e8deb316,808123248.116324
ceba7d0f56f6cb03538962fb,720589991.5841291
d5475993f9db58c3e4baf7a3,725038210.1330526
d37a1dda09e30da13ff5bfc3,677594203.7794834
68a8b8d077a8232723bf37e9,731384137.6500154
e1eea7716ca6490b7640717a,727484219.4078935
4ae6d75b10848d259ecba576,841656265.5061127
17afbce5c0b56732abbea936,684081006.6385071
84a2673eccd3cf3bd7fd3eb0,813666495.9809515
f2f4e6cbafe527b155707f01,1083287058.9284422
de2e3a592cda5b76c9573c5c,840305202.7269421
fac651cf404a58f24dc7d286,1288540368.5713603
e6f312a0877af26b69855a3d,1212783973.8524241
333a643c623a9bc75f3a40f2,963546397.9941295
64593641e470908ef23b46cb,845621246.1224706
ce9f2f0071be658ae75ca6f9,1186494646.1381571
9ab385e399a4673732b6a799,684219133.5198828
3429c774b736cefc051e2c55,618108685.6045324
a51ad0372758b2bbfe73f8fd,671993579.3284075
8c801a266256e3fbabe7e3d2,620618734.9461304
ca2f81b8fb6fda20aefb0ccb,594819280.7331983
3c1b1f86087f9b99380e387c,813883298.4593726
b0cad5d612954b8cab18101c,778566633.6790686
7eb991f4c69215377e4dac8f,906361128.5792755
0d130b8bea4321300396fa34,915674016.3470213
8dfa059401e1dca80ae65ae1,814481810.5097463
3e3f264cd0ac7a65ed2349a2,840180068.2787759
112dce80bf512f3f24391d23,638001848.118318
ff25ded6333278149f8fb68f,670654794.8458793
d555b82c192794e87e9d536f,715998412.486647
a787382d96ef9fce8f27bc70,907177214.717027
8c3aa295f7bcfd9a43eb2037,888948776.3057642
13ac95652fb3cf6c43dafc66,538692017.8921044
42fc6a80b882c32f6264ac10,524171475.1013066
1e9c53e09220d689a0210ab9,387467192.986176
3348706086aa3db5c92259c3,428653960.91523296
66d402a9b7d05f29282ddb00,726142147.3576585
cf88be51d6f31c10e5868ff7,399967735.3887344
30b3f38716be209a894b0942,426460091.39308965
0a5908a92d0ba3e36f54b1f3,387328932.6945806
dd206b6ea2d7f6555109ea39,528040526.3599954
c641febd8bc2ece3e4d2d8b6,615273938.7576432
c11fdc02a288af0572a2bca1,738298220.1957895
35dc60a65969b264ab283d6d,552763385.644864
d9cb0f637cd4feaaaf8a21c0,579722541.4683981
7e8dfae9a5f1faf8afa706f7,478676881.51095223
a280fe7610c254b935c9dcfc,477681642.6735325
85524880fdc4e4daf90e96fd,508458290.9745154
f361109d06f6609c16724b39,540638473.2543484
3f6b2f0c0876c21755369cb6,617892289.1000588
de26819064a290ce78d8fcc1,581388415.414472
91be1260a84ab7fa3521c495,957423489.0954218
18c8dc4549d38c918af2972e,723112392.2919081
782b0fb8641849c2c34291e6,464661304.0955638
54933f8b33a4fd6f031ed5be,849772740.81101
953176c9a901b4f61c030432,764263378.8544129
357e2add3d68167a4f3ce15e,772101857.7114271
90332d50e91925eb9b614bef,865625075.1348206
11723d1d472bf1a3fdd8b72c,949817646.5808952
01f8b6799e2910f7769db175,524006104.19910014
a0d5001f7dd42d7f0c91d2a9,451506782.6398799
d4439c35bcb88e1490916c67,524124695.9125606
4a73dad0ff8a5262e8b07c4b,790645732.9203403
3dd8085a65f24b497ea59557,1028496815.4546931
39ef085809bc80e32e7b6af6,998197177.9738141
b98ee16e8fd7d1c75a9da13c,924689970.8413647
16deb26bf740fa61e258f545,786253574.6861368
732a3bd457d7798e1fd892f6,661418670.3456851
1376058cb128a1c7729cd2e9,762358606.0041175
cac7e7c3e13af91bdc7107e8,777857417.8138996
9f3dfa6e1422f6aeac527c61,565029624.7101309
4dd3d1288ccb66ee4fb9c097,1086035881.1495225
15fb97d6a43731d61e95d004,744630488.0964878
dac29573163315edf99e0e7a,591151480.6987003
b93f2864087d41c3c92d43c3,650370422.6831732
cd4656aed92f5c0a0b6b7c0c,650370422.6831732
556210496090b42ac10cf1b8,1171227659.9536316
762979729fb21e56a32ed14e,1171227659.9536316
ea935b76abe664d5e2c4736f,540638473.2543484
40e9ef1e7c6749b7a8d04ea9,633486705.5081451
058265732a484ac8d5497f5c,511189186.78621686
6f52ea8340cdd283f9a79720,682422706.5082097
cafe7c1ee67458e05c84d5fb,617892289.1000588
3f45ed2f08a2b03b738fbb5e,405724831.7861246
f203b18854b75c4564d7a17d,678906039.278701
d5333f639d11bc3ab073ed72,798444771.6485953
c14f644116669a160446a945,573665278.6340488
de585856ff546e00a5a4672e,499786098.4785811
7a80663cae7c191b5d025fa0,761343573.4008392
71f80198e68fbba902650b1a,648860936.9991186
f3523e0626df8cea803ead0f,494291862.5754733
619abd5f978b1573761be86d,642777673.5771098
17a2323b855e93533a9f09f2,573229482.6511313
38e8630f2c05ea38e2257c21,712628909.8575034
1e3798d739f85ee0e5a314ca,395957024.73781204
46d0544f411bbfb6b452858c,643211451.9650413
605e7a71eecb13b23ffca0c1,503810759.02413654
7515b37b7ae7c62f3dafbe7d,585981350.770751
28be121ada9c9303be802474,647692845.3701084
331d54f8a1bd3dabce73d6d9,755960118.7975422
22d167639ccaace593dffa31,580068418.0385336
36cd68fc3ffab79fcaa340ab,499950182.54810154
db924733e88c361cdfab874a,687937640.2808149
64eea2e9a13a8edfe8ac7027,651146303.163675
97fe6eeed892111bfa20255b,603469499.525671
b54e6757829ac95e2076d954,786807298.5538719
dd59b8122458557041903207,496237253.31746674
b35c58fc1c05a77433025318,819109394.8769729
c41964afa164d8b75f8dbe92,653118492.2843193
96b3ea80cce599b68f96f86e,642079298.6859119
a4bc87ad4f1ad97c0a63d843,644195137.3719888
16e62269e6aa2ea052d05f71,577329328.5934477
518b37b51f824fa0fb5075d3,782074838.045186
e083d83369cbc93fb94842a1,634567766.476531
57deff02895d5286eda10d89,798841877.8614305
7ed35835fbe694bc237abe38,640724579.4652116
b48efa9ddf36e85164354f26,750890422.0423436
5910c9b29a1025bada93a5e1,645270688.515571
10a650e8cb5425c97f08f68a,622761141.7354438
9e0feca2ec3043ae6f840631,758142544.7219129
35ce37bbecac6b164fa21e6c,549490915.0700251
c4955010d066e013812a85ea,767115802.0570589
d5a83c31bec18d1c3eb9af7d,637004735.2285712
70217bd08583854329722821,641376539.2812009
28e748e7aa0a447731e06706,708433925.383315
27929c0a3e0fd2d6d2969e03,547312481.3892007
5c5ea0d8bae75e0a5c88414f,763540630.7179599
2233f50cf7b04791cf1ddeaa,704872282.3277773
bf430621f17dcaf17fb91ac7,729437495.9029716
d8dc9de06461e0220bc55906,505608743.02976
d988975f8c4e6ee8fd8dc1e1,654119672.5682591
bab884e0f99df269805e83a4,636396126.0458717
8fa9b20af1508af7a01e2267,702865570.7136469
b6f195d44ddbe10b78b97191,625153479.7581633
2ab0eeac4a228d5769fb4365,545537822.7346092
347a4deda03bfdde6d1c163d,757207443.6243981
17230f18b30b94606fea047d,457679658.7698442
eab4ae491bbbe7b8ab107229,804399095.7449877
07c753474a847bf2bccd55b7,712273543.860943
b7ce05400f0261743073e072,596742894.0080483
4a33d213841d2af537aa967a,662791976.2432376
04eb0b590ce7483c615b043b,646159402.4589555
a01a51af09a3dc387a18b58c,425982922.68617177
270b930a9e22d5016ffa4019,1029198336.2892329
5ed1320fe84a518e267ff537,795810824.864385
f04b574dc221473cfd616e22,554109786.4600793
6f7e390aa6135019dc5a828f,654149693.6171324
776d4a19fb3852fe6dcd3ddb,494501903.07516295
b7f164b79658952248866c34,578163133.2712253
aafeff5826516e363471e439,439958202.6247888
eba6a2b80a17a846ae560ece,380529121.2479705
90e62f8656ae504bf6175e0d,499789878.1187769
dc4331d09a1e36baaa6bde53,542104581.3731537
372d67ccb9d251e290891f0a,309298821.5182709
a7801c67a0ddd71c50ba38d3,420824513.1183945
e4d6b81f169cab8ea0244d75,544462538.134671
cd5c6655243a4be0912bc92a,808123248.116324
f7a7281a19733251134364fc,762189828.6910197
a716ec25a219961fbe90f367,1083287058.9284422
8bd45966c16d4eafb49ee2a2,1011886746.9487255
baabbdaa5e8f69fc90d303c1,942944601.8891429
8bed46960db1b2a7954ffbcb,1172214298.6203856
dbc123f9502159d660f375ca,1139141414.2988355
a4683facc81ccda10e9ae388,1186494646.1381571
3a576586fa1aac85c2ffb75b,943927240.7967331
b1fb98d0ba25b21c6647d423,969598919.2853427
97fa4be3ed93c37c048f507c,419831457.40394986
cf184cc576effe39c0f857b8,517765119.9635255
784f67fcb2d009d352740ed1,518704456.6426941
f4d6ce332121f814aa663fca,646867787.0234952
c87ae84ef029febca1e633e8,560626144.7626227
e876c6fd9c161861fb92ad5a,800872850.3052396
9047c4764f2c6b1a10b87e99,899272423.0463531
234c94e9a248ae57bb5a0771,685676438.413618
a49c2976ca4f24f3a6b622e3,489025053.8540767
ffc171cf73514bed077339a6,511937624.5753292
fba83f5feea2522888377066,508373531.26855403
1a593800d5785ecc36c25ead,854606367.2670075
ab157c9601861dc387a91b82,742883883.8179283
f87f8003f15b0fbc12609514,633817976.6361215
f44d035ea2b15b2c69d4da50,726636628.311197
fc815b59cce7934f816f0502,752197990.947615
32915b77ca68000ba9eed6d8,591774504.6600708
cb083fa7ff634f424a351840,585589384.8480635
4f3c7b9bc78f882f858b3d3a,435143801.5537548
53d33316e237830ad463a26b,565914183.1469911
f5d852e25d51377686c43bc8,558303148.3779775
64731b6eaf4fd2bb6c155013,867419479.4883327
dad7e45e4706ab2564ef9cf1,410088621.93497926
255914e9b13ad94efa6ed365,740706594.7495427
5a8950a64b4aea4ac13dad45,756389564.395406
70f51b4abf26651111305b1b,758280225.2474657
8919ca18fff7571002e440ec,986660153.3129243
f776a4e0c8c82b3d29756b34,1171227659.9536316
7ea4af39a7e577ffbd600f0d,639490837.7468065
45fc0d46c7a4df7ff6976fce,727878234.9025121
7cdcecc706fc7c79cce45b20,759454618.395136
3503f56e09e639be4762ff2d,663146360.7409521
f70ac0d227db6f5333aa821e,752158260.9628034
20db610da64f80afc1621b12,366285708.2507061
c80ef212c870e2f20ed2234a,645476131.1609379
7dc68d5cac1b7fcdab35586e,443827302.0950898
a478fb93a131fee4119bb9f9,850390610.4837487
7749b2b534213ec7b536372b,502674658.23488915
43e59f5312e304fc21c1e052,836538984.4437937
82a7920524816f3db7f5a4ca,676890573.68543
1a7e331d9ff88ae5efafa8ea,928990196.244137
a57350d4c79a415137281cb7,330226701.721689
f3a6132006d54d0e22a17e84,659086488.6673723
14caab87a129f51b2b70508e,699466679.819249
ba2423d79744d763aa3744f8,893237110.871751
1caac10c1121a795a172889b,800221339.478038
40768729f2697b87ed6519d1,622203643.8754965
843234d3c6c20bb60a17fbee,735903802.8183886
cd2e4dff930a1c7a1a569992,821309696.8030963
5a6eab133b7e95155f6a9012,471303821.996892
5bba6c40aeb129c433d2c58e,839567713.2334901
ad3c644b506498127c7beef1,656543357.027399
a379656c49f4cb1cfc5b3f03,797614313.7232491
998c1a6ace613d8a7468ba5c,765701491.9245594
dd610d7ece83bb02dcd7a22f,596438453.4051356
539467d04a2b3e78c592b11b,481861487.6176858
e40fe4ac43cabe82c03dda59,620622041.5023135
5561eab714583013b422e7d4,556924859.860657
d9110b2b5b1c02766da9e24e,631357309.3531967
c72cf05b93b9c290c063b08b,688978311.4773493
d71cc157c0c43935989009f5,729155054.2411683
4199eaa19ddf8ac436bb2ba3,851891696.9299692
d23d12bd86def2657038a481,762189828.6910197
ca438e13d8aa6285858da0aa,813666495.9809515
a173eb804f4bcf6bfe889417,1083287058.9284422
9b3677d498c2ccf69c756ec7,1171227659.9536316
f8c787390e4c6d2e99fc7c3d,789603705.8599598
a188aa896d1b4520ccd6b65f,538832735.9346843
9fa39c9eb4b10a20dda6c3c2,778555337.0244424
7bc9022fa1eadbd9ab39acd9,792449765.6088591
46f0731f62232b32eb733dc3,652907310.4980464
b6767d1e329ff5e28c42f632,593410275.3420415
abde4b06769fcb1d5577fa7f,671993579.3284075
1496d159d31717ce254f67a7,547168629.7498974
1470749d0d2551a93827e441,569499307.7123694
3ac517f74dbf8cdc8feadfe8,669310082.4492975
fc6616c62030a53d2aa46b12,769632339.9816201
8497f34947cb4c0ff18a0eaa,572484257.5967098
3b2936127f5a4684a1d3de22,569523216.0865997
dab58562904cd13a93d913e1,607442224.5762683
69d1e47b6bdc57512f1838a5,642191559.348772
23c7f9a0534a4ae6a24e38a6,671442683.1684881
640e9fe41fb79ecba89d8951,967035742.7827579
31f6a25d56f3bb36386d07ae,806991343.4957707
bfb30ae71cdca27f5a5494c6,797068105.3523058
baacf0dbd690644d74f3a929,588498802.7859645
cdcb874d2e62220d12230632,720397393.6410161
1421bdbd9cf7572b799b732c,1133598195.6449752
ee9e5adab1455d38edfcaa6e,859954649.7878839
1fae43a9450fae02919962b9,702273873.6821439
5f9ee280509afd55d24f39b7,660336811.4269152
82902f2082dd405ab538ff58,568631803.2551565
eae52c81f779a61f57cb5b58,719087125.1638836
4ec0aee1b202642d2739068b,861352064.3568159
f4c6c3210a3c2eb935c6d5bb,1002735690.8332157
14a14706d405569501327924,351977046.588272
146a5a4f3d111dc7b955ce42,844395811.8842808
99bdce7cdea643b0442976f5,677400674.1819924
733c7cdfd50db77066a67140,499474845.66996956
de328410e22767c66d919423,796195193.6850302
d0116b53467b3081664fb268,634097025.6721854
dc722ea5c4d62773f9fb6bbc,547389011.3878617
e84605e3aadd50b064c8eac3,901684943.2828386
31a3719e57ab1425e7267fad,738374043.7182255
34993717af3f861b9735df6e,629560394.7810799
543822711986a454cfd764e3,769440268.6704113
5bbc4ff9cc3ddacb39469e27,801466798.335319
d7ced905983af0800c19b7fe,799297701.115388
02d5bac2567ee9e19041ad42,881922904.8615978
f4897a8a0a911a2acfb8e8c7,1083287058.9284422
4ba19ab08d1fe7f72d0dd37a,713247325.1540847
b7c07f8afe037d55bddb8e41,552645211.0494114
40b20b5a3a986802d64f7675,442237893.24588245
01fb5931cb55f5308382818e,928619008.3592092
7cd0c7174b957df1f004fc88,786811988.4855782
ca13bacbf6dc8d1b09fe4c67,740466414.8135036
0ed0dc77661be57aab63bc83,653096448.1309187
d03558acc19951a882bd568b,508546978.33345187
b8cca0d70fb46f3a31473e98,807407781.3094531
f665a58fa8eda69547c1a159,827392878.2160585
8aa5ae4637ba83e672cd3ab9,674282241.7934049
a6da1996f66e545041d920d6,703751395.5785707
b828609eff041a68fa243a12,844679284.01837
3f39a260b81dd7de1dff2b31,669577727.735762
40fd167916ff071afdc44792,940466197.750845
6ca31945172976c3a11732c6,873491579.054725
1437d1f1601d26a3dca7594f,700533144.3495117
ebab054e5f256bf4e382002a,1171227659.9536316
0838d0df248d723da4e25ea9,822557996.5759066
7a134e45b9ebe710c6c6efe6,656703478.1596433
6e9c7f27d6b89c5f9696fae6,430364029.3484566
bd12c705950c46e679c34bf6,1172214298.6203856
fa2c1092f17ce021964f8953,819691468.9297566
e3202b635974f7a3367c0ff9,851891696.9299692
49bdf0f970af03d83a57dcff,799297701.115388
91af29fa680d8033188ffc39,826498191.7516524
cb626b981c0997d254388e76,481861487.6176858
155a8e4186d1626fdda4d0ee,839887087.7686826
d337476c2cfa780518523a6b,639209709.9210839
7c3ea8523ece273991a190da,726981812.3618846
674c02227165e1c7189c54e4,1073631841.9198729
17056748001fd65cb961b384,936157826.9251294
f56bca5bebfc765162c8cae0,991860547.6258249
5f4b0ec9c7452b888b33c3e8,800693275.2474804
13dbc077e552640736267a49,402699543.50413007
cb645955c851790e83e696a7,784676673.0738266
649cca8c83352caf7442f20a,720768977.5566776
fc8836e71725949c5f3fa7f7,1184919747.7755122
4f431d80287051ca323f2c08,558627422.2414141
42defcc69fa22e4c858f3c24,867615337.6241239
291a2f9022933c9d81311e81,874629555.3540272
d48a061a2040d851937413aa,914862556.7843672
55d2ad80322427ee3426dceb,958223971.7234517
8c41bfacbc1a6ab831b26fa8,818560230.1925006
c7214222fefdd8d2ad7f8f8f,698280759.2172474
b3d9a095c9c73004643c9e78,893384714.0572954
d49aeae19e13909e75dda2b6,856214039.9803758
dd10dcc52d2549df85f2a8ec,603169461.8003546
6732b448d2e4f32679f235ad,913757183.8247975
f08a5c2992cfee4c0910f68c,884872803.2567935
e3a62f080c25f404ca995e06,866840624.7119672
7634d584c3042533942e2dc0,643415205.751991
ae58dee872922a9c678dbfcc,962217718.0275185
5ec01e911785dbd5b49b166c,680392476.4155191
9bc12d9c9ad95064412c3413,695052018.5428368
7acdaa0cee1ee62e15f4490b,596392421.9557729
d76d5b14d0acc5295b8057e2,633523660.9243796
32f3364ac1fabdd13db1cfe5,314034329.1229103
8cab957b322f1aba06bae4ad,546407564.0598326
e3dc8b417819e9afe3fc7d0d,520295264.0783756
c71fbecd8f7310c201adbf40,597785517.3370543
54c9bffcdc46819f67e4b3d1,678110747.2788961
4d94a2295f612b96264a0db8,629560394.7810799
874f4a836cb74be301e068cd,905980371.3697155
a18925f908acda4171bfbe36,887933663.8470644
a587c7419568288d68c46feb,773462950.9910215
19994da77ce4f2db3efe6660,612871616.9884315
9c4dece6127f1f3f3bc1e0f7,613359418.0846939
09c28a830f8093802384071c,654117322.685891
5766f7cfab59c920081e3046,613359418.0846939
964b7d9de17c1ce396fb83fd,532238816.4077512
44f77a86369d6607753adc09,635809681.5116632
7f25471be85adf0baeb8ebbc,590735095.5408885
6859481703fb0cb34c1e564d,521558922.5564681
7ba0c14dce0cb09ef5735d9f,596585135.159472
62cd6a29e98a5b7a5ad38050,608622883.779824
9c6d7e6260e4fe83d43706d4,618765756.4055327
5dbcb55dbba823dc31b041f6,840180068.2787759
85abc5c0353c5b678f087824,655310293.5774109
56dd1bc39664f8e9f316851b,659613635.0267651
b23341faa7307d9d6009c6d8,538054092.0421811
2af941adae2e8dfd66542055,536575092.4424219
268f887f25d416dcd3c0c9c2,741960979.982714
9ddc7272fe43f07035d3da63,1283637542.8328202
4002635ca8b087877ad22d5b,967474425.9501872
b515b1caa608ff42574e5a06,574781144.1165531
710542343cece039a279dbee,807020705.1938486
187a143dbd6d4bd81d6d9c32,546982861.3222022
26db92c003c8e67d92d88aaf,973085258.5242149
641ac8f4f60ae2b9cf6add93,537390913.0517938
784714647351cb6745c867b1,807020705.1938486
5fcf1e2ab4edf13ec844decf,639490837.7468065
2575d932e98c421bbb38b267,925610283.484217
af9d2f5f62bf74a7fa9c74f4,792923167.7903911
4db8d529af9f718e6d81a85d,481861487.6176858
9a3368605e5f563e29182f3b,888020491.8641546
5ff696d8369101b6dc60e2ed,657844029.1337334
95ade3ab8dc04237acd6441a,370688432.356722
607ed21e896eb5ffb50d5ead,588372228.8241065
40d9a852bbed67a6036c6d8b,565688767.3570682
97badba651a94721af5df3f0,729155054.2411683
b2f089146c30929c4836f0fb,585237078.0688518
936307e2f478c3ff7b9652e3,640532217.5516256
b6d5cb459999de084965e993,799297701.115388
aeb66f808982c6308d891f55,803932367.4219649
cf8418c60f4e54dfa09b1e6e,805701882.2256619
1dcf71e8fbfef2c6534576df,731384137.6500154
c78b16f05ef58855da0d4f2f,562193346.6625681
19ecf1fc86396ada203c2a19,717347454.4702499
985fc7ab5aabf1831ce3d298,691082661.7059838
8aaeae6bcfcee5ad928ce28d,678790196.5881935
1a93cae134c79a43b13ce656,851891696.9299692
ffad647e8ee35eaea6378fb6,715080629.5673556
c21a3eaa136ef8a912ce7b74,803830815.526277
fabe0f299a4e4bc6f51d54b9,619006952.0578897
5af99278b1091dca9b0b0332,720768977.5566776
3f0c845deec1c24472a35efd,1135402498.6799917
c10f25fd39dd36287a6cde73,1184919747.7755122
f37d31c512866b575780c4b7,1186494646.1381571
5d34f871e5a5cb3a655a0b13,558627422.2414141
95bb852a958d7b16fd676e3c,913757183.8247975
24857a7a80d5f13a52eeb054,575423206.0165498
f9796e9d13fe1becef435e54,874794307.7404674
1c2739878e452a340a4e8972,1015288587.3600738
698f3f1929a2dbbc69865b65,668771721.5642127
bc230105784ca8640e499ca2,669577727.735762
622fdba953206a65224f2c82,572805508.879678
6765fc17d98c08142d3d7757,670007196.6928421
6f35fcba4ffd6a58bce85892,567624995.2395933
d8654c08e95b39e3b4891cd9,732235167.3497783
33305df46dc2186c7e3f727e,991860547.6258249
0cec193a20d720af010383b1,822557996.5759066
734efe04fa6b326ae1d072e8,449156954.3877011
69190139558b2ef3eface18d,542958963.5759221
bb084299ad23f245d7cc5b69,551753384.571652
d4c7b3372d70b898b167b92a,715080629.5673556
4a119b1bbf04b4bd6051c5b1,808123248.116324
f844345b6224bc76bc3c6f91,459586543.4223691
052505ca8210e5e651fc0b63,768609632.1452001
5731cdf8cac0b8371d786c90,827392878.2160585
594d8d78af90086bf8cdf09c,724602560.5884029
fcaddcc78938f3a234dd2d3f,487542947.85107666
1574958978c9b5d23d9521b5,648152571.1237028
55902baa0ece72e2e8c869d6,843090959.1793704
46161effff173111bb6c3a32,823908203.0724361
b3fcd9cbfd485e4e1da6c89c,685615372.9037694
213ddc1761cd6b018349786a,816794890.1609772
be3b1df5f008636e14bec3fe,867425129.9064823
dd27922be5b6f730f8b4e058,397208480.95499074
cd2aeb1b2649ef421102def7,681147930.3534755
a226b4af016a772dc7e39ac8,550013731.2729118
dcef5b332fd31d0ed8d754f3,616980871.6396987
481492907baba4574d4a6f35,851891696.9299692
10e5e54ab66b58b3f41ec381,871360128.0445201
d48866a153ea0fd23a858cd6,517374949.6473605
d273a2075d28e343a657d9de,1021915791.022572
90a711f776d53cf654614649,822356842.4643983
f87c76eb5071c5b309e3ac3a,465882683.3846043
74df03749e60c216a3e1292f,406182244.61908275
03a84af05df0f577e09d60c1,546959112.1930616
78682041182f01ee4db04e8e,1172214298.6203856
25c76b5a1da0c2d8158b3732,711156068.4610065
af8f09175265e1546200ff86,530352627.3125001
c8d4ffb290aa9cea002e8d67,412245155.481705
cb89ad8156c3428ac80a4db3,558221914.6564765
7602cb1e6fef087d8ee81aac,744835882.4601681
00c75d59ed4777481a50cbd3,705289065.8630431
fd36cffb856c2a14982a5fa9,588023832.5872095
06ccfa37fa6b011ac38422de,563140792.0954479
257b533b6a66b40d0f097c55,639067592.3602614
736eef4bb36681acbcc3c41b,611406489.8370852
e1a4437b17f7bec650d8cd97,743591125.253731
ecabfcb8ce9bb47ec3089c7e,743591125.253731
a5a46af0c9fb5c0a03855660,578424177.3934426
920b50f4355cd2674ceee068,667315232.3255432
410e5af026805ec8088f2e71,652389564.8728735
efa0c01632d13ab59f629ab1,505868611.01821566
5965d19a68a8414b0419bc68,620439520.3604105
64955a117f2d9264eb59fa82,808893145.6945368
8cd46b5c9cbd056d3712f155,668771721.5642127
65f736c3fee3d14c31a57d1f,633289890.7028351
66e9c614882d58c022de7a2c,827392878.2160585
8c787c1e6161b18601e6d7de,636566462.0584067
29a115ba5b198689fce5f93b,407618410.7141043
de8ee990e70c8e5ad167dc89,713426150.6782305
0b65098a19c2fc1caa6577ed,851891696.9299692
70ea0403b722a1dae1ff9b18,715080629.5673556
5c77e242474e477513b60ad8,588945199.6208749
1655a92b20740a11a5889519,577265708.1913204
1709b1446b20b21482dd2d36,813666495.9809515
e5dba7fa0cfb81488b0c331e,471893270.8386358
d09dc3a3270073e5f1cb353c,808123248.116324
368e740cb71b9175fe5b7b6a,991860547.6258249
b8a8ad4c0215077d3e5aa472,821708881.2694619
1f4a78e094987ce29f054fb8,716365934.1523453
aae3a99ac764b8e9bfc562cf,830672981.4837819
a63ecc5539e8725af4128cb5,852608143.5412704
a29e18f37ded2e901181d7d2,734287248.1387331
14ead7469d05e5eacce6a575,782633873.0211918
1cbf39c44f6b0fdbf9554845,762365806.7580211
9012294b64280c565a88a1d8,759345237.5622565
dc0e9ce44b9932c6e48a9390,728209395.1316638
a4f272acb4b3b4f5fc72e99d,784454167.3108363
b0a7295da89516be1c44512e,919213000.5017034
b638b937d4f62949b9eb9fce,642043744.3442059
cadd4a6e1075b57f7b74c63e,789583379.714585
a88f4eeeeac5ccd1ba9b8a4e,889848183.3880028
29616bf14b5f1cd42786a91d,708653824.8886634
f03f97ca55e9a43928c18237,532274164.9567555
5fb9bd3aee2e1320dcbea448,474006818.83714575
34bcfc2f0cefad790922879e,723112392.2919081
8c9849cf3d20991e5126420b,758603272.8568926
ca7b9296080c9fc9fb232782,934446623.1571763
63a5989d0dad994a6af7734c,648860936.9991186
7d25023ecf668945c87e0666,798444771.6485953
fde3d4a4a819b1fa40530238,723603953.6402103
e3338ac993873aca45755dc8,761343573.4008392
bfeab1b12dd82efa96efac31,573665278.6340488
2d564574f0191164ff1d068b,494291862.5754733
5529d858e9c9e3e92ce8a95a,635662082.515982
2755af908b841e9024718b3d,533753131.7296322
623df36ea9610ed5c58dbd8b,596924810.1337622
77924a3c7880310a4822e5a7,499786098.4785811
24fd0b7f75feda5db89a4127,533604886.04892135
c2b9a3b2747f32d26c8219fe,642777673.5771098
3c3c7861a9727bedf5e3cb29,733769368.5150163
822ba8fd3c7392bda84461a4,712628909.8575034
4625168852b335b223a05bb3,800245582.0365264
b732ff1637ec53286e890865,643211451.9650413
706bddaf0b87e4f076247450,864258329.1037345
917218fe1425d2c222da1ed3,573229482.6511313
7ac0428c4b7197ca14f3b86a,580068418.0385336
e828e83be8651bc2e07641e2,640343122.0631832
4d069f925100b6cad0b657b8,499950182.54810154
a50640d13126880a423521e8,755960118.7975422
45e92799de1a5334c3d2d72f,395957024.73781204
93ca9e75cbeaceee69b4f0e4,687937640.2808149
8fc4070ce12262679c381515,651146303.163675
63182bbbd5f94cea67de2d8b,729437495.9029716
6e163c3a0e30e7bf1e909661,603469499.525671
3cd016f68705e73b819cf74b,642079298.6859119
3da41d55a2b9f78c2b10c75d,622761141.7354438
0eb8f10c9d5ded1b09f60baf,641376539.2812009
330c37fb5065311564fd35a2,577329328.5934477
b849cef46f19e13d3fc9d5c5,645270688.515571
7bc034984b19479f29886cc9,645784029.4602759
5cae4522fa829a1614739b64,758142544.7219129
bf6bd06201e60a4c98c8623d,615297383.6842501
549ebb2f616d50ca778e92cb,905976483.4417224
448ad6cf4b43298a39c7b5e6,505608743.02976
e9a37a1a4150461126dbb6e9,668832498.8330818
1d4c50978603ef41377af057,496237253.31746674
bb71a24bc5ea4051d84ecacd,782074838.045186
286ab2411118455780314355,637004735.2285712
045108344bf09b01b597e7ce,634567766.476531
d714e15ab5c2d5a2503bffcb,754842641.947126
60823c81f0b98e8a57192a9b,640724579.4652116
dfa988a524343181a0d3ead5,644195137.3719888
fe8bcbd17b16ad023a202843,750890422.0423436
69fe76202cd89637a15de1d4,708433925.383315
e7cf67cbc08fa04be9f0a3d4,549490915.0700251
670583e7a2ec6e337429fbf9,767115802.0570589
796935018bf2b241646a2dae,653118492.2843193
5f5856dd16c0e5131835e650,547312481.3892007
ea2e380226005bb55c724ce1,798841877.8614305
f40defb11ff73ba4e3db7611,792277274.1385095
a4b2dd2771f49951c027eef2,819109394.8769729
a949ede7227c8f8587715029,654119672.5682591
83f402857435d4fadb27fa36,636396126.0458717
36ab522893b5f01caea4cd0d,702865570.7136469
8e4875b7ecd0898571f0b1ae,636882709.4391689
7ef3f8bfd0368696369ac957,682281552.7565032
73ec13a5687c542137eb9a41,575892227.9134816
6334eb4a37d102ee00c6e2a1,632771602.2073045
fab91f0b03598c943fa425dd,771994566.7866107
c57c3c7edd591e16c0b7c1f6,800281371.9314904
03aea1b6ff072f117ec733af,699977880.970693
91b57e8d6c41b7afe949bcba,525924382.65257215
ebbc5fdad817b304af3585c4,512370961.0668957
0232a50c9afca03cbf4277c8,772881373.8221068
05b12b1916e51a804419c654,644678462.362303
95c9cee9b36fd1d68f647aa5,773833454.2457279
3d31144a77cb51647f3deb02,843612461.8382388
ea87e3259c2b0d6263d39a2f,663457490.0884247
61f634438de4a10a861f42c0,777647707.6631157
c3ca43d0474dea2f2dfb9791,510696846.03688073
a13a3638569b89ddf1260470,572118143.3325244
124959d1429de095473bf5a0,829000013.1888652
4d85bbc09ae56cd85a8f87c6,786332144.980584
2c13f29a8b9ac9b464e3a582,549837260.0082752
70215712bdd8ae7585520550,457792660.19895715
3352469ca509e8ca652fad1a,636962137.6287367
893caa7433c200e0d43e9f27,865011933.8127952
767cb14f03c909c595c2a731,630467835.7524792
11433baf7716402e8c58bd33,805216161.0966192
e07ca567b0678126a1aec803,660287345.9933327
b2286067a73bc0049328b55b,619186371.1966054
c85d56080167254c7bc19303,776814686.5126885
5b9ef8d6defdaf13dccc5ae9,486746158.2159824
f7972b1936c6d9e95d3f632b,472027848.33734
defd03ae7d0c0a44baf80abd,748122580.1893029
6fffb7958a58a73b0e16f2b2,798114798.666382
5d86a1db39e324770ae58efa,400986088.60457623
c56163e390d9e5a7a76e77be,631241029.9468827
fd5ba2795eb7b5fe338d6b4e,743166738.949915
24d6d85cd0e2dc3deb2db896,772628844.5423656
feea3a2bd9f643219de51c46,537951426.0527016
055d7c66464d7e327711b497,867397698.513464
046aaa4162cd410e92b216d0,585975667.0445817
b6bf2760cfa26cb28fc989fa,657190245.1525742
3a6262eed8967d695182e435,638217889.8391268
cf3665f24927de548639ee4d,629253169.6932577
4c243fc50d5511a1288bdc0f,644827734.5058727
d753227b5c685e93b378baea,639067592.3602614
149e49c22fa0eb163a36c932,856865378.2639142
8baa01b8c6d29c82a6108cb8,580119368.7794874
2d437a09b860d9d46644ea23,448686310.8306676
66bd80fd26836fd426be5733,503622209.756062
a30e69524af9c1bddbc5de34,568853176.1932515
fcc96840d952d32a7300366c,560593077.5868505
659bccaa707b94f303610225,639067592.3602614
df1c66d8dfb9520c6818a32b,592667785.2493021
dd1dacc0c90022e5b40849bf,559249831.755717
1a06bfdfaa9d9ac754ad07bb,502723340.6082891
a0ecc8ce0592a40959bd755f,578939078.8204504
739c2b9be0941e4c126d2f3a,801150060.0085939
d723eb2516802250027312b4,699540602.7171166
04cc75f46642efb1192f1875,599272329.6941928
9f37bcaa95fb0044aeef6075,556037109.6207572
7be8abb5d23794ac47ceda32,512809849.09177816
c06c737cc0cef7fafa3fc4c5,575547690.7661204
48e71c45f41778f8dca24cf5,580156704.2125819
b41f7c1cb9cfbd188f8e0233,788905594.7768074
32ce96d8adc8e549b90b4a8b,843946039.7197145
c6bb4ca5a0c839d38dd8ce19,925610283.484217
1d91edf33a141fa2181abc4b,650698299.8866153
aba4e24dcc6998e5020731c8,843946039.7197145
00af33cff3ff7c6927306df4,600902605.0693586
6d2328def08bae481705e20c,665721370.8447295
7815163b8e4a54843d121dc1,681659305.5289779
c9f92088dbdc0d81412968dd,695700808.0861253
8e1bd01ce4b7910d42f59be4,647468489.0876571
5fd89a857727753eae6632f3,539495774.3162534
332e395d4ce62523a2e3208e,380636063.49774814
4fc89ee51cb0e1b9d6459819,738058758.9239537
2571fe181b6ab939eac19d2d,662743973.5443829
af98a0e223a825cbab78ae49,558199878.8190506
ae187fea3c46c3fbee7e6e8f,693884833.0835017
c681519ec1ee1a28f6a3607b,795710911.3767295
bebcca3e75e747b5a01f5485,727688405.1146247
0842a0730545c623043b1d8e,885425561.685652
973afa2d67c20297aa108bda,510797001.1970284
64a9f0bf04f1c890cc6e31eb,739542762.4605597
9e92b27f554068b7dfb640cd,539762331.0866758
57b7aff18c444fa3c577b079,573583834.4721979
6b23f191d2ccbebf9166926c,677588240.1492902
b80c961aeb98d24d968c71d3,875724915.5417128
064c1cd5e94efdf8c7262fec,616616938.6124986
723078b6cbdf02c88286c596,865145335.70914
e239ff5eaaebb287beaf76fa,799016847.6216086
b3b30d8b869eaad2382c5447,878244238.4140838
3f295e6c14e23cff1468bf82,701620299.1685679
be78bb0e06d5768ac1908247,477343229.4555813
4daf52564456895ca7f4429c,430736323.66593534
c832701653f1e7f01913660f,744420394.575102
82433a009defc21498037127,732359373.6573263
b53d3d578b1d7d9e00c8a00d,649264967.7582127
36fab4c38cdd91de650e6abd,922587528.2062228
bed932e11a599f7cd4bfa31a,673540665.6132904
1d9addd835c9fe8665e01500,621145967.9026984
d8216aa4e029c0d3d646efbc,720418407.0734206
c1b0ddd3c104ec4482d5025b,526190409.93493813
bd0f754b0fd9b7af284419b2,859086655.9341457
01e907d7672006fa2bba8b0f,766369089.923381
7ad046b20064565644ebfaca,615140956.2079854
1ac2b23683ba89e9175d1b99,626076998.1725746
ab4c55e78eb83d80c153f50e,551114988.1301318
2ad54bda875fcf8c6b675bf5,626563854.7597854
07e76c765d1137cdd7c2ff53,543912467.6241978
5531b9663c5a37a2bdd97e9a,902952849.3609959
c740655aea4eab7066446c42,521135614.83533114
3b6c37e7e6ff1c03ee4fe995,897853192.1525421
1b5d3ddc71634099fa1f04a8,641192570.2964027
1ad916edbe6fd38f40289a04,501039673.51093906
a1368aa4d3ae850bbfd90bca,960280163.8548218
0f728f676325ece6a001b4d5,542491733.1362886
0f98c4e431100aa87e6fa6af,667546288.9526227
91a08474a18644c43224c62b,559544330.9710605
185dd9366a6dd1e820880917,610784752.2481803
e364018f4d994cd15d4af374,789253761.463516
77348acef84ef77f6a076268,646949501.8763539
7f8f506137780f4cf12e73b6,553419205.1964332
809082a38e6fc3faa66845b9,774326387.9279135
2072a783a44474cd0dd10d7d,790765781.8234612
b71905255273cbb0af1290a9,595424519.2782836
c7d5f021595b58c507f47d3b,958300367.2678065
65ba1feafecd7efdcf214ed2,883280405.1471294
72eb64cd02ad2a54b65083eb,862967569.0541071
35d79b2ac92083bc439124ac,675221643.6928571
2f7d36523df4a5eee3edbe05,745628937.7363753
b0d20a04106ebb87e2cdea37,931204055.7978288
43650eb8b70dfa256ca64979,639490837.7468065
311fa1bf3c405f9bed13b38a,477681642.6735325
d12dc721a59af021e8ac68e5,477681642.6735325
36f9a0ea831710344f468bba,477681642.6735325
1eacbf36422a54f1327fa291,477681642.6735325
9567966987eb1d3117677cc5,462565589.98935556
e5bc85e227ed7dabfccbd005,477681642.6735325
d1f39f86c82916524273bada,500296020.71392024
deeb837c2c6bcbd01930431d,681175272.5476409
57aa22792684debb8d4079dc,633817976.6361215
5b0530f544da162b9a8ff772,563883508.3292447
b7d66c5f1ad06dfcae5b33ff,636566462.0584067
bc353a421fc579770e432176,591774504.6600708
45ae1e929b0fc88718151191,496768775.3433411
b04449c499843cf46ccb695e,704431770.1962901
e4d89c9d33a0f2659df21185,596250961.3112469
b2a7a8ccbbec39b63e4cd028,430736323.66593534
3be69554b1cb31ed5732a836,620918567.0129582
de7f584df6103e8bf95f4a37,564617497.0494163
0f4de499e5bd2c57fcc75013,540638473.2543484
b4fd0aa09f993bbfb1fa8abf,613359418.0846939
88a83e58eaf136a82ab1fe37,570191462.4101796
379429ee3675d1adbf816cc5,626564907.1706254
c6084b85c8d95e0ededc25d1,765701491.9245594
8eae4346936f8c6c67be81ba,485207132.7124295
a13fc9e9b4e47340a5d53bcb,674719825.2931056
7b8a4d701066372dfbdffbec,562169358.8356113
a62a6094ffed3ea7a54fee73,664055165.7653363
bf0ad098fbccd3548d834ff1,613359418.0846939
0a231779f131c36d8e6910f4,610289552.8529652
51ba7338f5900d8ef12206fe,671993579.3284075
81b14dbf863114fdddb38579,621444265.6166167
adaa406ec9ac311e9f9c0bbe,836770398.8218496
4cb11f32806c0e07b4251984,476881135.0993139
3fee486268a1451a7b9fff7c,595945246.3063878
5666f3c36f0ce4eab2c39299,593257343.7516795
8a8dff62516671aee2250cb0,839069673.2884545
ee4fc6a146e888e993a4412a,854180241.0450616
5a16b30f4d580352710e92f1,802457331.0101424
424bb491c71e913e900db76f,702459407.0015279
100bdfc998bbde3d00548bdb,832416400.8201755
d793efed9a723e77ca8272f8,900229801.124544
725c029b7c5807a4b0ba2bc9,723112392.2919081
b6d3345346f43dba053ceccc,769440268.6704113
888bc3c4ceaa108e048ad28d,851123923.4489272
267e000c89d3416e551462c2,787516791.7215513
0ab4a4b8adda35f634812221,788905594.7768074
823ed628bddea9b56792d108,617892289.1000588
a189bd7e4eecdd18ebc7d353,919777930.8640481
da16828139a19aa11bd94ffe,784454167.3108363
874102a58234cc7888902d42,679558967.4060755
789e5d19fa507823cc4c5296,661704803.8054483
174bcb77be3b7e408e61d7e1,794038184.1045281
31a1492e589f317a58a79df7,660336811.4269152
0825f2ca4baf5b34231ecfd2,898222224.4071428
ebc96ea800887a647422b8fe,866942040.7130508
969b956eb7769b6f509d3ee6,786811988.4855782
6ef9135481d8fc882a1a735f,741974891.5240692
5f501c4532ade3f412359a1c,653713200.0348269
c6d075772255b1efa52317ac,870165162.4417788
535bdffc5b79d62aa6179c48,881922904.8615978
e95653d504208e8da19fdd03,784454167.3108363
e4e529e778dbc89f854252f1,643152080.6195004
ec5866fcdb9afffad2d7f5c6,866352162.7280455
814694a725a50c306d774342,814427336.9020483
1cd6531d8539468cd5f4b315,892284680.2583033
0c3e734afaa6b7c370754082,802457331.0101424
f80eace37237614562f942aa,662112584.397912
3aee70815bcf6effcf0e5fdf,723112392.2919081
ea21ddfa37d60737492509cf,626072210.5691826
67c78ce1b8a64f36ddf90cf6,822557996.5759066
fd2efcb61008dc9d11756381,1133598195.6449752
f51658b9fea670bd943d6db7,790645732.9203403
b83b0a53ead29faf9dffc0fe,962118007.3209584
c1329245f57c5d9019105382,826931374.3768705
98665b825fb3a06b914d39cf,1028345494.3513603
24e90a7d9a2bd0c30a4f661e,762189828.6910197
6e64677f8d730e1f9ca240d2,701914801.3954513
a742819d8e4cf8fdfda6e094,960799841.2264538
ed75d1c40109eeb51fd636f1,657002088.1367422
cfc2ab56604b4e3734d7cbbe,813666495.9809515
ed5622c308bfd10602e939ca,882679214.7303718
5f537d233678443192d22642,926367371.8099866
aaa79ce67339dc53b4f41dd2,901684943.2828386
5f467c6c80023b0174823d85,761619263.9319559
46fcc0d53b263beae95b8eb9,949817646.5808952
2bd47c19e5d29a3157fb8465,1171227659.9536316
9c9c2f05352c92c02d080e96,1115348261.7373946
cf8fb8db6f74c236cad0cfcd,1190511326.6879957
f42a53a05dc90e617e0e4c38,433424328.9477628
bd612d494e2f21051556ebe7,778927163.7103457
ed1c8ac25a3db5120c92525f,472731419.32543933
2c30c2736472590fe45277c3,549549319.9562968
bbe2c06e6f90c4234a7781ab,725323002.8157111
b527813993b7bf4a10c05683,680442303.9041762
2f610d2242d583654337d468,1283637542.8328202
dc25c9240c67effcf655b02d,643839935.1677269
c35f5ef73168d03cba1b1f4f,473965591.8188819
e88009be52bf5803ba3665d3,610841460.1789069
12a63d4fcb56c1d690e1bbb1,692386239.8676202
1d58ad85a82f7731e0f198dc,1105920965.0520537
a2fdc7da13d098cfeba13b76,530630347.63033026
1969ba34b72e61337246cb5b,480336879.6832822
8be43cd8653accbb8fe8a270,623810759.9278215
10092cf2f8afb3658ae475ac,585594807.4471837
0fd313e5a0f02df07eb6b104,420824513.1183945
9b5f013e795f5fa610d03238,638001848.118318
b1ec4b8badc955f9f4fe2131,558627422.2414141
e491adef93281c097ab08dea,588372228.8241065
9a65fe451b30c59beb3d62ef,711935843.5568978
0d3245463127143a8a52014b,828644707.8626182
a0e3198470f97f6a169044b3,840180068.2787759
33e4901b6e72593513a02207,551920337.889822
f45234a3f0aceb12341be024,687931886.9532665
a71d53ec4fd0d64f8c06da2c,913757183.8247975
f1b30c4ea99f19a81d12f73b,1184919747.7755122
a52e2c893f85b49e2499cbab,739967666.3193797
b2fd7ee866066f3ae0dfb3c0,748890737.919647
5acc9d767e3117bed0fd8464,715080629.5673556
0449a82dd1667c8c564904f8,794425519.8146243
a0a8d63b5f43b87c0c7e1fb1,779759085.4640571
03de77e22e987fc3fed4eb78,683916332.412481
3fed1dd17fcfbd2b86e73143,477343229.4555813
04fe204d03bd1c9876242ccd,903153030.9304261
32bdf33933c29b1cbf89539c,660336811.4269152
3f6c05c97778fbdc86304bf4,870805565.3852705
478e13e8c1cb5bc80f1080e0,668771721.5642127
3128a4896665d38feb72b456,715080629.5673556
fba6203abad5f4b3b721f29e,549416168.633036
b25f461b3d48d833a73316a9,901684943.2828386
1282e129e1a355b161621dd8,708425191.0700407
293320b55fad21ea3f4a5899,300172734.88338464
de2f5db1cd1024a9734871c3,386507368.44193906
200897b1f8bcd7c116a85306,435986514.5084068
7023f5a68e1ce9cfd23fd021,431640948.9471785
13faa4142e9d60412abb4184,396201154.5022785
d74d0241fe5222f5c5b67222,712687573.9213028
0e51111c47813a0b0dd51b64,583978768.0366606
25e3793214088669aaaa4ca5,920867591.1630721
43d7b77a99e86e8bd21a19ff,974476257.3566091
38b87cf007043b76670207d8,1064962961.6300002
8fedbf13ebb7cd3475fa3074,1088421695.1750817
4be510fa977b93e34a789f26,626564907.1706254
8f165174bc07c28f9fddeee3,939948172.2767493
7ff6f389e364e67c4238df8a,556622818.6004257
2c91099736f3158f7f09778f,453817368.3820237
7bb1bc81e6eb3b4390440165,674926247.8804307
74e43ea3081841278c76cda6,560161402.0887283
9b948f070b94c18e00a857a7,564438378.8203074
99340b6cf8f818392d501e9e,1043926200.8541682
b27088c3ccd93e7d8d5571c2,789562412.588459
4b45cba0d601f29c2b7db97a,639164409.5169683
362212de783981c9ddb767bb,455152909.93389785
5aa78a2bc8ec5e2be315fbcc,1001216636.8485968
92fecc04105a999a622ba3cd,540693020.7282373
5098115b26f2473c812b70ed,654207147.6169207
e9860f6b4c3e6699e62f6c31,676053602.2182789
71273ae563da6bbc66aa87af,554498170.8522265
6c6e7af42a6ddf62b04c35fe,524895615.0806253
484922bbe02cb218ced0e779,473337638.96663225
76745c2648b66151008f6399,697275921.2293584
2100201e0851e80488371b67,554124456.9363761
5885faa4aac834118c5e4351,902159189.106694
f340405bd7f2c4bf524c50d9,919977705.9136993
1951c1c8855fed5db8031e5c,886294252.6810296
7dd96ddad0fa88f5c5978e39,873277539.1647325
db7535339826028d0fb3355a,520932796.5227214
4317746d5b88142780e6897c,888097014.1207895
5796e37eb1a995db5cc06eea,496672541.7792831
817915cc3582112fb5541a49,881476453.1237514
ba524c4e2f13109ce814ea38,845856701.4300003
c2439ab65fe194d1d60eaa07,975722831.77813375
92e4dcc5911b42e7f70311d7,630861045.4715074
6bf86a580c8b510b7447071a,839168285.4577495
975482a692bb98df98b2f243,526614294.3980088
336888717766096b24215b26,848722375.0082694
ad79f4fa23a28cc84487517a,891158489.328611
d925c1d4dcb68990c7204b33,957261188.9506071
f4658aee77fa0e35a71da7f1,677743995.4167244
210d58091ea74bb902915250,666480562.5498441
186d4731b3af01bbe4d08b23,606685020.3030715
b760fde2d4df27a168ce0e80,883879546.1490835
2e653d2567a47067df169d97,824888114.7867938
8b63358f3cdf8df0eb1f43e2,776348493.0199575
c09d691e4c7d7b8c8f6a8370,937311739.4090763
4502e2809bb5bd47b2781212,810947590.3661911
d03101c7f823dd7d17e49a83,755370608.7723569
f5dbd7dcf63b08f711561e58,792258073.1627942
9855712ed7be7e865656de13,608978597.2345324
5a6397b85f45fba27dd9311f,717169404.4307655
4d1b0315b5aaf21bac150d96,869743481.717555
32c7a2d032ee21f8bbc6eccf,686642038.8184674
beae197df95b84881128790d,807300915.9086912
0cf7a6d43221664a060ef681,627098746.6263295
c431fd6dbad57351a497fae8,549523552.4995533
b1f8fdc8e3e25517ab80c065,579522054.0013123
7b346d5a5f5ec7165d1f8644,576261891.3256642
947ba86487536d611f548142,1220465566.951997
8398ba3b03595704b5897704,504612375.0801662
3f895518a7fccca44e534578,588372228.8241065
232e859fc353dbff75c97cf8,687931886.9532665
b234ef225690d57e7c2af4c0,840180068.2787759
393e2e7ea1f20eb6b4148d60,655310293.5774109
668db5244c4d5b5c76b0b395,741960979.982714
646de9441934226c2ffeff77,715080629.5673556
de53880a3299626eb6c2cdf9,1184919747.7755122
07f10df13b244dc33b464582,720768977.5566776
e4aa393309860fd5e30f49d9,1283637542.8328202
8c714badfcdef8ccc73df9cb,1103556822.4176433
0f8ded86be8d3543a5069b6f,846357777.8003222
3e9d73530ff24d3f4a543091,676534229.9096327
076ceb408227ab2563a663d0,500197519.47919065
e0ae474a5307ef4057da4994,453212055.19915754
d41fc79d800458b1691bbb87,849557451.0217098
dc8262e1493ed593103acfa6,632446412.466246
bd6c24498bf413b6c5adf81a,579484138.4953907
885c77c839d705ca7d04d383,717994127.5054505
b8896656cf6f5dd7c33ae46c,606592032.8173838
34a9e3ca94ac06347d879942,799297701.115388
ca3b5cd3505049f1471c47e8,619007881.9623938
8c05c66be6008af7f6dcc10b,1011681243.3090867
565fb93190cd34ac8b01f01b,1011681243.3090867
6c8119e00b901efd2dd40f0b,790700203.9409608
34c92caf68dd0cec9fc383ef,965177672.962369
68939c438c34e79a317a4f3b,933451185.667333
dfaba547699e319462abfd6d,690836862.3752156
dd1d2e305d37d9dde55393b0,851195665.6894343
c32df77def9978a84f8ba7f1,739967666.3193797
62103a85a8ddcfbf5e40e284,828644707.8626182
93bcdd2a8ee1d5b61d00d58a,741960979.982714
9700892d7133ff2c0d1763e7,991860547.6258249
fca6d7455056792cd61e2ddf,465322036.9646434
4e84c5953b493be7ca96103a,646260837.9547559
42fc4101da60fdb41f41f0a4,986190468.8277581
12d40725335f83e2fb9b937a,591447168.4893769
2b9681901b216f2174af0089,668653838.0121225
9ab74e81283becc00a779172,454291218.92324495
8f378dc1215f9213f187c02c,575090620.207236
4a3a6698b5490216e8f8e6f5,1299733676.1416488
0dd795526c080e8efdf8eb0e,650779935.5308086
3e7217f628a1d0fc9bc47071,892284680.2583033
157195fb2358bf2d5051c439,635536509.1001943
37063e689732880621e4e733,1054160589.2222927
3bc68bc2d6a2b81f9e3b9a50,922225096.665396
ce21f368495d385fbd98de73,626498828.3056588
1a6af7fd6a5b0602052c4c27,712547434.759818
e38259adbfd953bf085a69b6,638818760.3818352
0cb6801c9b57e874102ca349,642460218.1358988
79f1a5bc0be914956d632658,662949919.429718
f571f85be35a72b2ac358d27,633130448.5785407
163bec92a997aa8263f5a909,668167791.1802272
9ce3000cd80aeec2c5188e8e,494652192.93026215
6a6178c4cae2e92a08b0dd0d,610841460.1789069
d52cd6eee468311666218625,626918263.8745936
8eccd2a6352c33d8c7abcea7,838539037.8950908
53d3e32b1dc782308e352a33,885638553.0258665
be26f0523e5cb13846539384,701758178.0147144
ad7739088e8febc68abb42e5,812182013.4223605
add4f9dd26fa34829aa25eaf,802083393.8315305
17005d6ec889a947397ab980,358272423.7358791
3fb3a581a9a74146dcf9b71f,578975413.84752
51c4a8b438bb0d97f712af31,629195764.4693093
0aa1332c56bf357f492da2c0,411905123.730595
6cc06c89c226a062fc46795a,412243548.72567147
682b38de3539b2a584446922,396976639.93145615
1cfe9cba4c2015e7b58f05a0,656556466.9427296
17d34f9cb105ca5010191142,817402958.1664736
1fc0faf46f3b533f2cae2c06,943387593.3119899
12f9e1f78c630defe302f781,756641134.0384912
87bd6ee6f17d2bd5b61b0ddf,947816767.183315
fd4ce3ddaf79d1b97043ce0b,1172214298.6203856
97aacb0847561f45a5540f21,674282241.7934049
a6dac56445613d70e49647e5,797320246.1095159
8b1acd29eb268fd684036180,579710029.8567268
656c13ca7a1974df58e1b826,1190511326.6879957
56f72c2d672b7bc3c264f7fd,766148265.137598
3771c66b9ecd6db0b201d4c4,535836540.8858377
45e2395bee937c187e3486e2,768636710.1377786
7c6880b05c212c66b8961b71,667769315.5186719
e0ae8d2a51c771aef5f245e9,555662550.2696719
3573093e56e95a982a41879c,850326082.1553228
0920b2df9df4f0e509a7efb5,501485932.6253811
43600371d44fbbc81f6b6fa3,468636792.0371206
2684f67bcc89c8a5b95e5592,722122170.8742433
ca463fbe3e5cacc152aa70a6,535836540.8858377
0935e87627068206f6d9c0c4,646377246.9209096
10afe23f1f58f96422c97934,393223376.4835108
f3c8cf1fbbd6cced1fba0930,504064099.6043496
abfda926d174a8da1d946e27,668472261.6360825
fc9fb2f209a4b5e66f89712b,655310293.5774109
15d10635d71919d0c9663fde,617189286.3115622
79733fdf8881b0d25412abcd,795851806.6730609
7254c91fc9b51e76c6fd2a99,858122635.197211
b732021729ecf88d6297b48c,787349434.9550316
edf4e11d1f1aa6f8080c3156,859438832.4419644
0706ce398b2bd64913e68d39,626523040.7218454
ea4a797b3d73d1b2cba9d651,843291761.1376486
6c598362e322971968739673,440662274.91805637
130a119701171ed3c439c527,591847196.657537
849c918d78991c57f32f2031,596217441.6453025
036fc9e01b2b1e3ef4574372,849600631.4013655
e4ee1a81aa121aa5f55e20f3,789524028.7801068
de926223fe4296d96466c685,1075594218.071862
340ae520163a220061bd7f28,595662645.9057012
11e36a3effeb0119b8bded5b,660336811.4269152
2492a7a74edb57f784f6361c,551286314.4733781
1900e7808046a5fe89d8e440,634097025.6721854
fba35c04cfb7b6db50cbb57b,825081096.9588141
daff79365fd94d1d3a2bbbd3,499653315.8127072
51230c899cea0054bb74cc44,526400227.53389776
5e04875f99a5e4476c0b4186,704315603.3521745
542db19bc6b9a1366715dd7e,687230624.0333245
a117f625c794b7d52ec67cd4,771690722.0491245
4c59acda820b7b75823fa277,601676519.454205
f040a167241599987e7b0967,539843162.7701083
4a016eba4744dd01954f137f,305950802.67231274
0d995f0ad226dd21bc96ff6b,586425282.1988682
3d44c742b1aa4c022a968ea2,426558486.44992006
e47aa2541fb576b9915fd625,595421527.1005569
61fe9ea90c8a777971db8384,726527630.4330691
4a611bd82c9216a3771ca7b6,840969312.0742491
0cc5caa9b48a835c92da7653,737293916.9748323
9a7f24ba55c92696d377bcb8,772707603.9731143
32366fe92222b329e3d03b29,747422415.8259308
aa26461420614755c2a52db2,537197028.4148366
53a447ad5e011909080c0ecb,1283637542.8328202
9d790c8c474c9de2afeb00a2,556729353.7689599
dbf200ef5f1e15211e2fc6d3,662680989.4010458
b96c9e2591a4cdf9c4e0c09d,667170839.2404416
78eb6f51d94a61a967da24f4,795878059.6119038
fb338e93dda9159476b8382c,390052037.5357784
72536bfda19f78d370d95f26,850038826.527503
7c581e2b9daf20131803eed3,694591953.0733702
50cb0ad562ab5ef4e06f84ed,616178767.8957664
a24901956dac4ee0e4b0c91f,746742559.7030153
c1b386f478152f9be1f546ea,586546404.2147919
1f34129d15f992a3b62d4b21,330472744.29202294
299117d35bcdd48afa4c2eb0,674667500.9630563
4ff6c53c0bcfd1d24bac7ad5,537197028.4148366
2e52008bd11000eb776bd80a,1450077199.360587
56b78bb57b2d1f064c47891f,816372659.8433706
ef64a8989a6444cc529dd1cb,664660159.8225374
078f7c6532204fe046b13d14,644509090.7402793
28c0649dd8b294574a876e95,929290259.4850261
6b9b9d28723c7ad176a9306e,754706049.4158524
a640228932682c0c04538ac3,754202013.0728402
b19efe9cbc26d61daff5ae90,514082295.97034323
dc69d70e4d2713fcdfd93dd9,588413117.4322543
358e85ba765ddde3ac31be33,420824513.1183945
5e6b2661bb7ba0ce4776d483,453212055.19915754
0b6dcb5c1952dcea931e2c20,650251665.8612026
cde84d2435eb1d0d4ffe2a43,655310293.5774109
bac550d41b2cbdc6a110ec7c,734397489.5343205
78fbb49efe7dc0d8e144ad83,788084347.5807983
606affed5c707249158c4b49,793817026.4798715
d44778d36fc789f8b8c745b4,702771852.7141104
27ee3504d1df34ee8ae5dbb2,699303464.6275654
60bae7a45a084f117eda823d,716650611.7664006
98aee6a36f208227a992f9b6,1128910387.7000678
388a6dbda422f886e503e685,1283637542.8328202
2869a2d2689af65497775b1a,993355171.3054944
19993833220392781bc15279,1103183852.0231588
f0efda3f7fb18af1b44d6aa5,828644707.8626182
cb915d1ef92dff803c5cceae,1186494646.1381571
4bf02d040efe5358d4a5940a,876873170.1062565
1382140d8fb634851d4d210e,1065505711.5295224
b8ea07763f2e1a3d635eb23c,435975356.7636065
8ec00d454698c119085cbee7,663827742.8620229
30d5185ca2ac2fcda2bcb79c,599900415.8652955
d0ea7bcd8cef8588ca50c778,708619700.9033886
fe6c19c6f54606a611d412c8,366928025.6113663
f22ae3d17c92427f5227cbf7,406236933.78733647
92b3b7d8dac6b2f6d5fcfd9a,755803322.0595406
8c44d216517f5c59e2611aac,470551646.7442696
b85fa4bc59149a7a25447537,412340399.2115244
99f10097f39b32a478877340,595587856.9510788
44f8d5ab70828e06198579f3,1011681243.3090867
1f674965c913f9fe282d07cd,385472750.8308547
60e768892afb284b0e5042bb,653552107.1105198
8a6d013451e46411d35c2b6a,671910885.4797943
6f953b9964d60f6a74c81226,503692226.28996205
05076b448cfbf9dede72904a,787315903.3737925
47051c25acf866250b5d3ec4,685229271.7332826
0952c73b02dd5432aebdf2c1,479553890.89227396
cc3ef2f4fd5568aea96c257e,662064376.1825522
834fe4a1e9e4efeefb5aba08,495466193.3232836
104cd052884247b14d697673,625558917.7822701
8bf61f106e60d6be03799de7,803344796.3024071
c13e387f56342f88c993f0a2,733022481.266934
ae664789baac0c47d13c3c19,674386829.8212696
ecd1e3003c5d74a3c7cbdb11,587529029.3911017
561cf254aba002fdef8258ff,710225582.8421704
98799228c26c9e4899bed65e,539492231.0219576
03025756be203027ab75aaae,687320724.3075256
8997555e7bea06f7b90ce821,673212254.5937301
e91a3f962129068a3a76d209,659755404.1840677
4bd0a354d75759510ab6bb46,653803653.8896549
f6c1705a83c039f7a7d46255,633462089.1777803
0c4afcff5f5a90cb79807682,646872347.5411315
d3222a7545e302bf10894658,784862052.36868
03463535ae93b8b123eaba8b,786476610.4979947
360e5cc9ee1282e5a6ea17dc,622505427.3663647
07f24808e42c9e11a7c20232,823485972.2988254
b80d0456fba49a40fd774e5d,794564726.6187941
f865411c20924c43a080794a,768298784.5833416
c578eb2dffe903475aecbffa,497858032.76736534
d639498fabe1db1236656593,507968571.3043339
e6e3bcae6ba114caf108049f,645952552.2723728
7dd9760286606c45e6a15926,572259838.3297032
2c5f07a9402cc93f4c683759,591602722.7873878
e3295e732bcf306a2d338387,536247459.82235384
240ccc45a242f80f817b04d9,750797967.3727076
a7ff59863f8719590146e71c,638412373.9143844
e6477c2014ad081d22f12b9d,538896367.5501522
807687fdb46614d9aa139b20,541672585.1585493
317d8f9d18599b346639a4d1,514928950.7925937
b85acd44e18ab485d3ac543e,393401969.7486062
e61476e47d7e7be706d23fee,708984047.6119916
270a97e07eec2be02cd89a86,717814212.7136902
4c9dc4494a3428435457f575,390957986.31702214
26e58d0b13e7f7f5a54585d2,786835934.120043
166e1e60acca831bfad07736,818836323.5508612
aa25d9f8737f142b8cfa970b,642164170.2043108
44cdcca08e1e66a1496fac6a,650175489.117826
d75b7730e8c291ed41d7caf1,782796226.7770464
6d1534800bf0ce97197efb6f,582687983.2702534
8b13054b3318289aac1f13db,370705027.7613888
c6cb6ccd3f5876c9b9e29685,545777282.1961272
0356797c1683d002bcd94899,940033772.085773
558cb38bcb8de04588bdfa30,601919273.5265788
0685f2225b939147c8482e6f,330501536.7687127
cf1ba56710023ede80a8381e,868882414.2769814
2d4bd56e71f90e6fb387a2b4,1469692837.6853287
b96b8e1d636f0c10c63e5c6e,628031698.7116367
534be635a841fe21c7a702f2,671702111.6337744
dd5b4eb5d20b8b9c813ba52b,799949551.3305022
46941e09b153ec19f86c0c2a,887995858.2892846
9f06ad3793ede2ba7f39de43,794217089.4357876
b3df8c66475021fc04f107a6,777020100.2781131
468df200fa490e667bfaa31d,742998020.4294801
8130ab67c5e0d96a9a67fb12,619103458.4529272
f7ea437311c0d217b0d572b2,624166617.7885492
ca0b59b35225b44447967ef8,410193813.74429464
90961073d9887bc1023315a0,395443279.08067626
a1421c30fb33a249bcd54394,379452390.95160264
c87d9677bed80b0fe06308b7,343479628.94649136
d331a4d58875a393080fdc48,391904218.3558162
2f3281ef06475d2114fbf9a7,479825662.75856656
487ede1f7f155194b69c531a,461561830.38751125
04308f869d7c992ed3ea646a,556757604.4231021
912471caea3c71e3f9f70877,556924859.860657
1baabd705f72393167dba5c8,613198676.7233299
aa4c66791884ea2a8357924a,620622041.5023135
1ce08c19161bd0545eef8a16,563883508.3292447
01eb0a2c1033c30830161321,749990368.1373993
b2759de47d28e8cc05c94e36,594637969.625653
bcdea05b890394a10d24601c,573001085.5754883
db9f66f68aa772fe29e37edc,571290439.5262557
bd094081331ab259b1076261,619203449.6253235
81e7c8c1894e0c3a9315ff27,472371487.4937277
7cc9cdd32c209a62908a18ad,542370194.4425359
1e18024ab7d931bc7ab5873f,626383432.1902707
baa146a6537e8630180fdd35,744429763.0048025
8b788f742021f2438ffbf528,363793238.40507305
66d41314804d77ea0f440695,676923386.6568389
72dec1e6e65f6117e10a2473,473389344.13340986
4066da904062a0041a809b02,575729448.3098122
b7570bfc5ddc7caaf610908d,542370194.4425359
f6c6eb3fac9658c4951c4222,572111663.0918496
5fe25ab9cf4ea071cd6287dd,556998231.8182886
0ef36d33e6c378c946b8a65e,571466514.766376
991a94dd1e99de493672da14,571466514.766376
798d87a368f073efafead25b,571466514.766376
9e8cbeb53820394a460f0879,565692819.488338
7b5582907bf47bb9e873a513,587242470.8165272
0f21ea53a480e4363b8d7aa9,844679284.01837
ee667413d1cc49427ad448f9,607442224.5762683
12bb70a95996dc6e286086ed,596376287.1701884
9e9e3655ffa5921889cd8ae1,945921083.2369945
f2bfe55b6188070fc5c3f59e,697747544.7430359
1f00fb18ad48b32c666fd319,634548003.7916695
86f15ce6ea8e97837e6b9383,677654541.4420391
7002d00c9acf8b8a4a5865b6,1015704641.2022337
3e85deb0237521f1a7a8fa84,762189828.6910197
1bf77cd1c4037f4d2ed28036,779784027.477204
ce8e1e2e4a79fa55a8547457,1083287058.9284422
73a8efbc036911954c07b91c,813666495.9809515
9a2051367d6dcbd90a4d60e0,748659055.2499992
3804d5b313b742228ef0f1d8,962118007.3209584
fd7b741b96080ca5b964cac4,843911284.586048
c4cf9ab3776289a412684892,678336062.5270244
1c51566c7dedd4a46503131d,887149364.1167673
62259b400be228a30a655a59,1152268392.8792593
e5092b4a94f1c231a0c47680,1171227659.9536316
6f435cb10e5728ef45be9f29,1085313615.1821828
04a071d777e60627223e28d4,381540701.5860244
1117078fa37ed101e9120923,763228981.5055741
d56fda10944b088d9cbe1162,395443279.08067626
e01c49250329331a442615d6,461879419.45920306
30ab0bbf876dfa515b266c9f,445685827.9770705
6aaefcb58913bb3f49954b2d,846817437.582087
629a6122db92e378f0eab96e,742684881.7513243
a8549fa4bb56a2bcc0e15b11,310671672.37759644
34291b30d129222905ffdaba,620918567.0129582
cd5658fc146ae4b5d78fb565,555291038.9704525
ce14bec246191176c16c4e27,698483663.412426
46529f0455fd35b2f4a489d0,594839440.3041592
52b3823c59546a6ff3de4d09,361513297.99567455
959b7ea50d93bf1c36e35005,859165853.1549987
5c6edbdf110bca5a66a51585,310671672.37759644
d4f6cc3cc6e923cd37d0fbb7,430883087.8676724
2865962bdff8929888a51341,839069673.2884545
105bcd15e02d39f70ec2ecb7,505432739.15231717
b2357bf117ecb5b9082871ca,361513297.99567455
273cb73a7bdec0d291e845f1,395443279.08067626
1f4cd62152d4940990ac6a9d,414325931.1867033
a13ff325f90eb49363f59052,744158397.1825804
40871d7ade3e592560d0b3e3,626564907.1706254
ad2081cd75928b8f5e506944,934207924.6794939
1508ebe40f90f90a68f6dd69,395443279.08067626
d3cda82d1fa53a7ca1b46a33,784432692.5972344
dc20d46be2470d85ad9e7e45,600844094.5893799
0a7fb26822c2ca556f62a257,555291038.9704525
40a1cefb3cbb7e2972e30d97,469338796.76206404
4c3a2b3e3d5999f747ae0d53,714027998.1017661
a8870552db951bc4e76e7f9a,502509901.39135027
cc48e66185c23195cf958612,667070604.8120847
09d4b5b5c2f97ff88215708d,692101730.9961407
a59320023948e2d915c07306,520141469.4889146
a74214a0d4d40b898ee2be88,487199103.13750607
dd9f28d722d43112651786e6,713616051.9091156
275360e29bf3309e09ec41d9,410541777.5654658
1e21ee2ab4ef88194cc85166,682281552.7565032
268c1e17bc17dd646d1885cb,640273229.0495718
33e22ea4154e8f71062dba8b,601539251.327189
5b5db88fa09ecd8f4b9cef6a,571304805.4339905
c41dfc0b917edb6e6ef7b1c8,541260440.3952117
3ba6b07e752fa580f630eb8f,897803292.3682848
fa6db64bd7cd8b0f1c0e2453,894770242.878438
2422ffac7337b402339dc550,883205929.8618637
dd6d47e2626e2bf24f842f21,664416623.3162463
bb433dc1bd769d684d8b3352,1028496815.4546931
812ad0d57e4291da184bfae5,472371487.4937277
51a0a1a680770b625579e25b,1283637542.8328202
a91fd5b9b1a791a6af59b70d,737553398.5524606
094da6ca19427f1a943105f6,788341808.0317186
7af0a604d1901925aa179436,707801432.8336369
890df90091e14d1c3a1b30e8,406967241.20502317
aac17b54a68bd216e2bd1d45,409022081.17338
fce26c7fbf0bc93937ea5198,607698791.1994394
b4245f075bc41aa29b55d324,739667677.0486382
bb70d80b0c6ad3022160c8af,437877842.08379304
ac85c8f7605ceff58dcb55cb,335011368.1499663
520415ebcdd1a4059d18e2fc,634549752.1343195
81547b223494084af3e15bf3,649531096.9509656
a0f1496a0b4a7cd8b850f010,755245680.8570184
436fd4dce2ff0f71232f4b6c,393592456.6194432
3923f0e655615aa6b52721b8,691514832.1311563
afe03b938be9cf14e98d4a0b,618818698.5580463
0f1c472b94feffc41f1caa44,631773089.3297378
5b76ae185e6b41243777cb4a,485674926.3240633
d70b133f81d6f1c9d93e2ed5,563664634.2579093
865459f5342a0102d255fa07,489772387.9022113
fea5eb95dfad452d6786b042,390695165.5315568
415622d0f7adb1a9f7009a63,355734541.3085443
543edc342ad39b149501aaeb,408597001.2349593
89e1d01cb5bfdf567faca443,731596854.0492934
e86b99e5dac8ed0d8296e950,473218742.97482353
2c85b19f02bb3768c10d14fc,632151367.3345082
c17a3139c360750a6de5950a,491234605.4203474
cf76e6077d47a14abaf0cfb3,386420447.2525903
82ad4b3d5a215f17e745d77e,742781548.3101672
dbb4260c89524c78de7433be,542987454.5856439
5b312ebdf71ab7971f9fd2d6,610840478.5157168
b3413352f0280412f53562e0,389054349.0136234
28fc5f188c5e11717cdb4a98,394988201.99949425
c4d7a906b747428aabd368cf,631998416.717241
a4dec2ce375ab5e4bffa5966,716132910.1036456
546d570784c7ab8746bba80e,586425282.1988682
cca9a08bc4a91f317b851f11,888948776.3057642
bf43226ba66a3e2033d32fe0,673543775.5775985
c2717194de73e1a1d8dce40f,379306167.68013304
acfc06021a7a81313d85f62b,439622615.83257306
2d531a26f8b1a8afa511e3dd,545348935.0349213
4a8acae29064919c68fc8600,549804191.2483239
691b030abfe1190802349715,394090636.5630287
a302ef23e1d0d6a273274cd0,450696542.0749037
a742f415d6c57e8493762c57,626767433.5376736
4672d1c9c3b04fcc87a0ae9b,848510655.2304791
371a0ee537001f7a9d58465a,639794940.5183998
ca5eecb01282d4a84017bd50,641732748.6807177
40eefaf8c26b8b4736308bf7,567264809.233088
a7ff08f7e09b19c1546453fa,630886000.1430258
07a6da2c9c4833ee4cbe8625,537771242.4597176
b2d32589626abfc81e44cf70,632964953.643534
aeb68eb7eecc4aecd5529717,634021754.8210715
3c0b438c7a4fcbfaff9f678e,623505415.6572456
c37b357d57918c3a651a5760,625899900.9982226
b65c0544e9deed76615a3138,539911699.7432415
3a8b7b9048c82797fb01a8a1,611904614.5204722
7549cbd5c8003204c85ce1a5,675944898.259212
21b4c1ad11bb1feac4d02308,744925928.24089
b972611aaf1b68340de16545,696083873.8539271
eb3356f3856526dc140be7f4,688982835.0746881
93ba409ab36d3e10eaae18c1,707160415.4916344
5717732a654405ba208c0f5f,831164486.8674254
aebb556fa6c9275a9b5c543c,1185617447.0670924
fc72e535900c592d6053b806,804829949.9316128
04d77c8ade9a55fddd28b00c,602732020.0558927
028adaf559a05c8882893767,634526146.7489493
95781f187bd3fffa3d1b19f5,592949281.4100248
cc2c78d41e3fe29de0b4ec4c,768441012.498972
f78886545677e19e472fd0c4,487586403.28094906
3dcdbb92628e6a200adf48e8,1363604221.8428457
4993d1487d78cd9ae2c23619,996379440.623859
a8a2c61f2b994411af5d9bde,915674016.3470213
57fd11f829e31e198326ac98,907177214.717027
59b9a5730cc8a41bb7a1d16a,846770115.0247055
85b8a65f1b00f78e67622bfb,704079981.2933115
971c610e55f133a1d1e6c2b2,818922374.6853219
0f9867abe3ea0b9c5363982c,760202191.0924507
086521dbe18727963538aa7b,710815659.0976241
bda3c74ea6f73407a3c0a17e,658112287.7962779
257c765ac81bcf773473039b,354721023.1525031
80d2415c0460088d69574285,1064505459.8288213
1554f8aa4c8fbe17e9e82d0e,670386935.5856112
00f6a62599f25ac506113149,612490784.9502648
ae26e4726c16cb2f6a6d3f2e,721273853.3600127
8018df1613094a9e4606c875,630072145.6234366
eae4a1cce7c039c644f01c6a,752047462.6543696
b07cd6c30350efc5de211a8e,1441661004.459768
5a2624a08494481388f6daff,876785334.3217136
b8eb177e22c63e84738e7788,610311490.0996959
ca02c904cf5eb96ad20705ca,558038141.4061224
8e6dfdcc28f830f2696de9cf,826328965.1746528
99fdac6a2ddb1136f7117f0a,491130609.1511093
22e9f1b4b5e887cb5f0dbfd1,493856252.39037025
d89f812c7edfeb3121bf639a,802479399.7256523
19957244dabc3f727733527d,508446742.8568202
ad1322132f3b533b4aced580,430839173.2904075
40c2ea5f89f5b77cc09d1455,685676438.413618
140c4de69883df9f3fb3a538,363222398.3977877
5529091bcc05ba5cb2156b15,585400976.7312771
55c5e58ec636586755df3dee,610448598.9411886
6049fb02c166ec9b4471a7c6,684631581.0207032
758b4df32244a51b2271a891,533423560.33364457
2ed1ae5e6fa77e447af230fb,767340757.7560053
527a1c27e038e45d2d1fcd9f,475967550.6379896
1d0c3ba50087cf01637de6c0,589041542.8513687
d0804da971548399183ecb85,1011681243.3090867
46a7d0f520dd1e78c0cbce0f,1011681243.3090867
57e5120d0b71ec6a67746a59,725048474.7952958
b5292c1e1683d40be46bc2de,689013895.9138752
01e9c7531cf3c63c04b9189f,633667340.5672036
06e91b526821a6ad1372fc44,452061958.52751714
34bca71dc9c74a2072f11e9f,788732238.8415297
22385ae2b3e7640e8c40411b,662406886.2158717
6e4adafdd872a2837921276f,456159331.15548384
8cd3031963c612efd0049f8d,574008159.4487226
43b2fb09efd1593a94b61b4c,621840292.6345886
74448f56811e9562536eff6d,781773307.8606564
44f0e088fee626993778e7fb,649414005.6534235
6e6f7fa167c0f617f50c86cb,817813971.8079561
83da5fb4c15e3daf727a3cc6,720279566.367624
b45c8a6224ae2656b4189526,686678830.1230106
0d926a0b5ef567c627a7eb0a,1005843581.0992306
c73a1177d787a5ed72b8a9a7,846676102.2947793
75c1083db5c940e626c02f53,337377640.1325004
b925c9218f5132c6c81f3a18,389351123.1217701
9a091c59b3cb4c730372b34b,400925541.7125295
bcc704b2e178dd20497e073e,420824513.1183945
6f65de020f663622146b89aa,457363375.4422782
9f3680d00c86707fba024dac,678284768.1887048
18d5cc463455fdb4d443a6f2,556982642.1025233
f1d76d78f9266d9552bb86f2,561638098.3310467
74dbd25d407e51337f883659,818552823.0486914
88ff73eb829a6ec5bfcc0222,755229306.5858078
ed5559fbfaba86299e87ed89,602578658.5565497
5d97aad3e83e26b551c3399a,796218888.6214834
2258ec00dec6a2b85f439135,796218888.6214834
6c94fd185169e708a08d3535,638684341.3923205
ddaa88a11432ca21d3eca774,507554440.8500925
2749b5cfd2728ebdf124a0a3,614460422.1391907
a7546a6c6194506dffd65360,802198848.9848717
6de7bfc5e8149ebc40ec0e4b,646483647.561686
6f83f14861e13af92a2b8cf9,470128252.3685698
d71d0c8357f09fe2f77bedde,583552530.7903254
90b28f5125a0b8a0e3b10580,725323002.8157111
940e08f8fc66ac29f6d76687,694397614.0244149
41d2864e1f73e29f222c61e0,673253012.5803268
f7399e57df358ae7adc9e08f,665418684.2367201
1679719f26e7c650f24eee6d,680442303.9041762
0803ef3270948a30b3fee2f0,533737865.1809372
4a3defc2b7d2cd751c9c970e,804642045.8745674
8bd2490f83568ba653cb74f6,957295494.4032012
b4ffd0a2cdcadfb962578199,745920957.0606041
7e5064603267b61520d8f83b,528446432.2815263
88964e1202647db0519a8a00,509426473.93340075
f3d94d0616744b87ff139533,649216390.8972486
60704a08df293592e4cb5719,504521850.49555796
347d5081f7bd36c8edc1f352,896446464.1223546
41d3afc1118758b5314db48e,674068953.1262499
80a1dc97797c41b61f46ec6a,620673447.3204005
c0ff8812c1e8eeab07c698a1,452066343.96500534
a9a4a765b1daec2f3ed59a80,622344927.3479165
33258f995a375ca192ca4d3c,750975360.1338314
80b6c823bad5b4c0fff46657,920843396.1285102
719055eed27f361071cb9eca,844321553.1332436
9a354d8c526efc5bcce59dca,586406284.268309
9850d970fe9fd9bae89f09ad,1389903331.3517866
f2c87b07466aad7328b7e0b0,557408125.1449738
27ca0c2320c520342717355d,475991337.31430036
e958bd2b19db118c31f893cd,475991337.31430036
46dcddfc78444011abd29870,739730280.7041389
061d3fd39da1b4b1397054c1,604200095.665637
3d1a8884a9687e53e5fb0bb7,511991799.3233305
1c0236d4bc291372483a9151,625516018.6315893
c1420f278d45b85c56f415fa,694536471.5200639
ce6fc507df0105c68c29214c,452646058.4885679
e4f26a73bad4e41c375dd897,749160393.5831975
719190aff81379902beb6497,741985972.0336641
da627dae6941b59d1eb98e35,663276009.4670985
2189d3297ea703e50ec34d96,729391161.1255838
c7205874bee601a7b01a0cd3,750343299.8260924
a22bc19d0d83b13a53630b7b,594844034.4307853
8acebaa9fd7e917d7e3b391b,855441635.6974528
4e104916ab915cf3c0bef846,655460444.8872964
b0df95e9fc94d9aeebc960df,604461048.2691772
ab419cd48b81038c5a30c721,492888293.4460178
5b9bae6f556700e099fedf08,944778961.7055132
989360149d9cc6088391db4d,694314672.4211569
bad7560aac04600e1ec1a9ce,496237253.31746674
08d9f04bc4ebdc74e9d80b16,759258260.1696888
f4311c45516bafcfe8864c70,781124001.3749328
c84e1db639ee43ad83f930c3,816372659.8433706
f778fa43c92344cfbd700432,641971329.9775122
2019bd32dbd09fa285a388f7,746587066.9669535
4db834146c4e73b515d510ce,669483408.187978
9f9f2548425519863e2cd6b6,593450710.3797966
6c3bb7e1696df587990161b1,518447453.82987267
82f08aadf1eeaf2058b50592,629729050.9180756
753e74e4dbefeccf3e6b27fb,548160294.3371749
a26149f589edb9a903782a3f,637385782.8869978
bd264728a0464376e22b6bee,540638473.2543484
2d5564a502635dce2d46ef8e,733484252.2747743
05bcc7d7db8d352216a4af59,623746155.7777078
4794d9994512f01a4bbb6c48,548267523.1212424
64a4528640fe492865ebc0dd,749351052.4910171
f655ec98cd42b0bf2d7cfbfe,685596041.9644318
b09de5f1e028d4fafeb8a22b,617892289.1000588
4c79f17573007a39bb2b4b7b,674758187.2041867
824894236c20b081af2c9868,689974856.1303662
107e76f0c913e19217662faf,840242316.5641356
d5e2bbb69ba3876b93af2d3c,1063626197.2134355
a2905faba4c1177603e6cd5b,937646670.4789907
d13e3d432783206eecb0e192,913431620.2346011
6fecee4b1e5f50c0b27dbba4,1241992239.5035377
57891292fbd530872cbe68b2,960033126.7889467
d0d6a1b5c60ad420ebf2ab8f,801867071.1706067
711736da4f0e8282fc8c9e69,812788291.8110766
f32a3b542efba398907ec912,587920653.3218173
299a94a02e887c6ab1de59c7,516112991.8894712
ad844bdb1150508a4c6d57b8,877154055.6741378
78c17e6ceb87f7587364c873,594315665.1961105
22e8713e2051c88cdafe2364,614794011.5204748
79c5085c14068e492e402a26,853540814.6327035
205e9d987013859f391b27b5,1114126252.210023
36aa7d0cbfe40adf3c86a134,707387312.8617437
d54d787189cc8f014ae58aaa,779928096.725654
fe2f1459eb0a380dc31e3a4e,848741235.1439246
ad663952ff2ba1953efdc460,854723381.8344245
b7320c35e90f33fbb1c28813,686801818.1165559
8f90134b8e68948cb18fced1,596258725.9554688
2dfeb06300828182d4109c43,660177215.8614364
3f5a0cbba1433e9b6588dd73,612338142.0381593
f952c40e24c9df4ab2d62017,640569782.484111
462c7546b358b00e617ce012,757725365.9439033
e0df3391aeb8d3f4b00f418b,655646462.3067302
1e48878318d35476c3e87520,896469032.457665
e3903705d5a48c6d9f828ab9,555151959.4599651
9e590ad7d22105456bebc767,887909390.4729955
d0fe3d393eee5c0cea5bb6e2,890295179.3280288
57b3791f2c5acffb0097f7c4,559226548.8806955
e11f9a5cf9d6ab0ffddd6096,922085675.1137191
9a3920f803b087c29b487cec,531809508.0103022
6cc0fe8ddc318f1bbad360c5,763613776.3414785
3e0c656b64d39ab38201a112,527117399.48574406
cd55abdb54bd56d54b11fad2,763613776.3414785
7cd39eb8de56700519d8f287,612698039.8239946
d762007a4ea5de370738e875,656556466.9427296
f4fc67d9b9c6078003f9af35,761273559.7869414
dc0a4632d7378c25be351760,720768977.5566776
530a3bae5a13291c69bb8474,613626123.6966703
32b678be83da2a07b37f3012,450960528.0545684
349768047d470d2fa6ff1930,741960979.982714
e017c3311e2fdeb50a686547,835583412.3254789
bd0329ddd50f2dc4dafebd26,800872850.3052396
f6252e878aef5f8a641c3d6e,555556731.2256259
45ae8ffacfd00fb4a4f53d0f,793974867.0100942
d186e369ed884150e71906da,1018199213.5489985
7b9e6b7eb3a5db0443193fbd,701070372.6296378
1ddeeae13139b7c9ada353a3,521586008.67723936
a1ae6f9f5d02548c89b23904,664416623.3162463
dc298d37c5235e15b4cd68a3,731219861.8280194
f640753edfd8fb1a995f1de1,559101259.2349845
69a1f439de0f06e1143a0006,645837879.8472204
98f253233bfcd16533e2a448,835583412.3254789
ece6f8c652d4227370ef0fcf,742433272.403928
599506739a6544839bd97b81,678336062.5270244
a12f49f4ac3c5bb0dc7d8d20,436555845.67722553
9da00f8ff8e19d26c1342274,726050517.735401
cf5213877dfb4df98f0dc10f,592690500.3801825
84c7006b5a63add890a224e8,674801516.02123
88aed38ca59c09e1a6202672,598083822.4691472
e6bda9370c80a5f7e5cb6b07,720164051.8833629
3b54ab53b6e3453e333a0939,537154640.5639249
e72ff7414cceec6b162df345,757222424.2923737
f2d4c1faeb7694370bc65ec2,514553812.4060778
e1ffd027cce28c44c0d2f80c,684641758.428023
5c5039602efa36222e64108a,736975138.0746231
b50f2c871166ee1009416be6,661951066.8113037
5e7e36116dbc08932f5fcbf0,781750948.0806445
325ce336d3df17a078db5166,528836474.8442202
a26e967b288a1eb6d8e71d46,616191940.5836116
139331d23d9e3c40cf083a7d,692669630.5238132
1704b2d5f4a33401fb153608,546172366.5282973
ee70354146295365bf241d9c,595421527.1005569
fbb0a76f05908c118f7a3df6,506817444.9156516
2aeb794adc9892354aff7240,567857675.2444274
b0a32581cbb586f9710dc3e2,694913192.1997546
ad7f3aae29fa1e7ec900b563,778927163.7103457
1695225258263bd2f463b21e,708084701.0668273
f72fb486fae49fc1de1fdcfd,865448433.8092101
6b8f7074aed7ae7e6cfbb090,1101974001.9188125
619dab52b321ab297a604185,1069259814.4813764
b5bb9af24f9de68e91a1df76,1283637542.8328202
ac3d21f51637207d3e031c2d,617892289.1000588
2aac28d03c2110d871b5f274,629295615.3756009
9ef498b11563827597c82947,694846709.1316557
4f2ca698ff03df0c6386e48f,556924859.860657
606df4826416ea0f146ddf99,508570078.14858437
9ff08a6ca1c63480c563442c,801889362.5849578
ec27554aa1c62314f4d46fc8,476529527.38898844
762374e94f17a8783a66d598,540638473.2543484
83ca3a41ca4b5337107c197e,729260514.0934203
c166a9293fa27e910e1fa9c1,670390586.796583
57f8a1e37c4ffb1b8cbd342a,628251810.7208551
393d99ca47315ae98fe9e7c8,1115083055.3068938
9bef4aacc63605f2b2b62292,514576707.2452669
a266efa4e41df357ac4edda4,1013099506.7805868
adfdb0eda9aa97f0d3005c4d,811452692.6852617
f05aee3e433cb036653b4375,782489304.9006925
2dfd1808bb95170a088deac6,631757083.8524103
dadf0a00434e8ceefb3e26af,946286117.09953475
4336ff9b2dc1d97ac8f9694a,385949678.43829733
eb14a5813f860bb74740da2b,327494816.1655011
3d580d0df1bf9dd124c282c9,595662645.9057012
49bb5311607e4c7600caa03b,633817976.6361215
78a39ae05ac53535ba0fad2c,683681693.6171124
936e18fcf06ca3c46eda7c8c,559374472.5169526
23f12add67accdc9ed40f59f,370496721.70623887
eb1b9e15dcb88964f79e6a4a,591774504.6600708
e2b7f984616fff25e3dd6a3f,799297701.115388
b8e2b98548a234a245d7935c,683010558.7914435
79382c56606e701e44d55033,991860547.6258249
983874e637a1a5782f31089f,540402250.5877801
3da9de8f610e5c40401a5b78,672581004.0074873
cd69a049dd8a3822e228ebaf,622761141.7354438
604f1b5149f770a8f370fc75,460026877.03096557
0d24fc1c5deb78eb1a0caa51,730136668.3669273
583af1118e60e46c347ec593,817357901.1326561
13b181b46359620191e6e4c1,323714149.4778489
50d8333064f0560cbe549f89,521721590.1820175
d9000c1afed253d05de7819b,400924345.70171416
792ac070d1a314f585f09987,500079792.2457852
3e874c25176a3abb336b31ac,543437831.5508137
419ce7158ed62eb6897cf09e,468861830.2209116
b6b87c05c4238be76d94da2b,337555051.08922386
980d809e549333b475477bf9,557433176.3325958
a7df3d344010d5bb7dc70bf0,497535395.70262825
3d474c6a88ceb86e00f68b3a,501651054.84122926
be4bdb73add69f12f7aa6d06,484442595.9371789
fa5234ddf23dd0d9cbd3cac2,557727111.432456
91a08f81b621333ac58c3845,630050383.6766995
702aaf395bc78986a008d70a,715506484.9720969
86b0c9c1277e9143ee765b43,530182634.8951147
9c2c22e70cffe6836f554f24,697593857.558629
31f56b841b122b35615bae2c,506724382.6299103
41227dc9c9948a5f0688e426,586177482.7121164
781989d4b732f961f91bc3e4,539401971.46584
cfed0221146f4d83d641e1aa,456946364.93996334
8ec491780efb2c27df8dc08b,716536732.6140004
8a5866428508658b4a2a4cb4,548812185.7388304
156dc81d6e14a71716aebcab,632033517.10359025
c24be8293c8f4080562ec0fa,540423750.999727
7fa11c05ed1c123c1a457b1f,688843614.8354269
a63c36f6e7e7ce7c7e7fe457,597348637.1839489
f9bca38d3e08176649504e74,726209016.5002373
3d389130627ca7bade643f47,643506048.0957971
70314b0bd995a4b03c771ae7,462905272.4756343
a3c3c9fc04cf2e2a051a12e6,574180972.3744442
4cbe75a162b076c4c454dfe9,538686961.8401866
0c62d4d501a426cc8fde0c36,725897833.7654947
533363375cf2cbc50d86773c,668663679.331663
21d0f28d5f30a64352e60ac4,605086056.1591691
471b5135fced50f7cb4197e2,734037831.1917096
1c7586fd8a1a38bbda9c92cb,591025948.8229283
a0f28aaedd12f3d0eee8c6ea,516214174.67420405
8923182b6dcc9f2d8be1ab53,575547690.7661204
67f694b29bfa494bd9d9cf44,720432906.88607
b721a5846527d5338322c9d6,687891040.8857627
ed09fe201c9ab02a91779dcd,769952600.0139223
f49045b312d12268eefedcba,586019337.9474275
22ae194316f34d482bdf404b,540423750.999727
4f450ba5de4766e5ecb8a4a5,581587439.9177445
235a2209cde8f8b0276c845a,553878071.17171
f563f0899884de7f9bdab405,698165092.9638284
5b462279f602c5b67ada82ee,710816783.6918782
fa4af69aa064a4306cb110d0,650817191.8882898
a70d32ccaa78ae9417aa7e4f,585696269.3315456
77c9e5e3a6d965ede708cda6,628090276.1774788
5637f3d3278ea049333afff4,571647636.0989941
1b1c220eb91c9448b520b76a,715271187.523835
f4a6ec71ad7790df9578324f,747168480.5141351
217e1715fdd5db76ce93cfe2,712585782.1352546
2cfa1397c901b4e940d9f673,506840132.1838398
44672de0d6d9d0cb3b4ae938,576114228.230361
1c50477e5b3a67f3d8fec62c,588566586.026
0a2a67e8b310471b115c60bf,624836796.9557238
06220a42e68510eccb4d790d,666635214.5813736
611a3e1d63c6ce5ff8779243,668752733.1788373
1284d7ed08122731aa7c0461,386744716.00255245
d44eebc871d1fa6981c32ccb,756758800.7375785
43272151f217feab78190393,652101307.9175406
6bff92260afd556a98d3e3a5,858573394.7918557
00586a92b53f4a8f9f6b3022,680562615.775933
745e7f6a83b55196f231466f,639694693.5581535
9c558e10e5bbf230f16968f6,905610073.8126272
1b425a31cbb73b713f291e19,868733311.1057373
076ccba20dac8bfcf184b8a8,663154855.1071707
c8fd8b729f4ac6270aff9c9d,902575958.0430193
52f026e670e9851b08c70542,843946039.7197145
00304df33a3c9a7e396ddd3a,696423619.9818329
ee27eba49457286b5ab76172,674772039.9826608
97b57932e5e20416bad6919e,918859812.1035591
e570c5f58a20fda42bfb535b,690276568.6274548
79acb227b5ea365414982957,831574704.7118735
d24258de8d2ca10186660a1c,735506006.0008327
8a8c202c069c20696c2de85a,657114677.6154183
40f301afabee5be092ba20ad,646524547.8099048
afa842858299a6ebee166e31,673547193.378356
7641dcf512a05ca754930bed,556496116.5501668
8c9b472c55d4b99e44041de5,810456419.078573
88b98c026b7650192034535f,798994709.7647653
9bdb1bc52a9ddfe92e6a948b,693140203.1494421
4abef5720fd889512ecff70a,647514829.485626
58b139bc16fa2731e4b76f28,673747307.1762103
9ad9ac8728cfc2387285c24f,626578890.4329522
75fd5603c4de9678627f81d9,843569924.2065876
9f4a25a5550f016ef2370229,906037170.0675488
d4f4d0ed36ac9affd71f302f,618102446.671811
51bf7bc1c19fcd42e71f2463,602980322.0344945
49ce19caa1325233d0de331e,828160350.4031221
5aa1667bc8db26bac1c72f5f,608569303.0298853
b43b36ea4f81bbfd4dc4d781,789258765.9943895
2a623b33f3cc1f54620b5233,711544860.9673831
8745eefb9e2761ff7eef558f,819301683.8039399
0e49eaa5cde9375b1f026820,675268905.0607716
f5acbf43add5776430d8d4a9,698359421.0062929
ca50f7143937a99accef865f,798823348.600595
0e1bc8ba1953ec8c28e53b9e,625069414.2087935
980bafcd065c8e3d6cece127,784349504.0889233
c81133d5a58d7e8eebb10c8c,809092251.2178978
09656004f0a7f544580958fb,769658978.4567292
edd342f84fc90478e344ea1f,576226412.9094199
76974826c758eec5c255c5da,754890131.5341511
63b09e45c1b7dca181491030,727484219.4078935
89952b237fda041b09f0efa1,786811988.4855782
219164e1d9b14cabb9bbb8ab,592302686.9228549
ac8aa244c21a9b86de4ed599,774483797.8761885
92ba222e2dd63a4453a30637,615118874.770212
bfaf8b7796c8c57bb5997be7,717120907.9904059
dd5a565f854eaef90976c5fc,720899091.4636781
f8ccd21343b112d8f9e7123c,756641241.0734692
a90991f865ac81cdb3de201f,720195138.5501217
fc57fa9bbc16d1b8106c2c70,836440148.5401875
9ee3218bc61636cf0d7f8107,724385233.9016942
c00592c7c0c3a863a1bab9c3,731692466.3061231
f0aa18bf86a36daeb59946e8,903712510.4882706
e186499af986f1959f729b9b,710133315.8025695
18420ed4661539a2d72ff400,812729048.4821963
957731b9940c9131d92a22fa,810228069.3621488
9172caeeaf6498737fa0c6dd,701277467.0382159
c798ea36d2e4a8119723eae7,758882544.8548625
eb963f082209fc077aa72bc9,862626818.4996952
07b7ba964a8e30dc16d66443,839979340.7550616
7fe364ae771a7689d2fa5584,838661443.4693263
c59e06a2ed37fd750cf39976,1096162018.4630456
ce03d8ae43a426e074ed35f5,1076881765.5159566
b76c45ccae25a06dd5fc432e,939824631.1459918
f855725acc115bbbf03bacec,964605246.9698577
b0b0db3bbe07839bc2b600fe,1097882157.89106
cfc8dcf337e020b875ef1572,924129802.9908197
390107256faa08574d7231d2,734651631.0596558
fb10f3b45e865b4626f65ddf,650685095.5414076
75f167e2273fbecb2c81ac0e,801585655.1659443
a7b15424d7c025d885636a72,794425519.8146243
f9c11e980254045d7478f273,952853396.9945884
e0b13f6dc213d05133252d15,913431620.2346011
c12f362b9060344ad044cfb7,730025433.0660365
f872f224d2af413cd104f24d,785722710.5884007
092045750c36a8945c526a12,503002908.1526203
5ef33cf17d4b45277edf35a1,676533609.902048
fc64387d7c3c91a6e6e876ab,592260951.0089822
c1168159d4e2fffdd5662757,697369883.2429945
cb604e3a56cc847189462004,824958398.2137494
9e95710c61a4706e21cf70b3,676360082.0726538
ab37f67a3afa274e719ecbd8,696266182.8672864
970cb360eb64128037be7e23,705813559.0338881
e42fc32db529e088f15cec8b,897803292.3682848
8925028d6e7a6cfce9967779,516026616.2808141
759e76e38d84a4188dff5446,714284562.1882827
83a376df2024c4c9fbf2a0ca,527561555.0998779
a8bb80d99280e332084b3950,631078855.9224987
c16ab4a11cf67a39fec6f049,763351173.6858802
9cd1127b1bc10db6b8ce5d4b,1186494646.1381571
ddfa979b1d7cdea1d7dd0a86,504118313.01821655
d78f7a1592c0779093150ddc,825435935.3935248
97ce3e0ef38ad12f7fa8c4d0,389351123.1217701
5c789f2834a1a69aede6316c,501948047.3240481
c29ec380fc7295a9a770a74b,420824513.1183945
5987f6171a2bcb37062ccc94,687931886.9532665
1e91de6194769980800b4de8,669124176.3705022
0a0f206f04bfb10c137388d3,904111733.8696806
34dd15023216e187daaf5a07,720768977.5566776
33d2d1db291a13affdc209bf,623441722.7147013
6fa5e5160d7c2bed824bc0d0,558975339.1753058
8c04aa7506b8c80c1bac23f5,859328183.5410173
e5d445e39104d9ee6b244822,678521211.5704451
2ca6b3016a89139ec7590f9a,742937711.5062499
e567e9e5862b13f0085505d4,490698881.5134896
edd1c4fdbef4e6beafbd39b8,669895513.2016764
039a9029c4341b1528ca6b46,471226329.7313896
fa1533051ea4145f7f710ed9,613800382.5894748
9c99a85c5dd878568582dd9f,562763170.5552652
9ec426691c80918203394ee1,490901043.40014285
66f58d9d1e1eb7e81cab24a2,849264416.0816356
0d0f8ce05ebe99dd3bb7b23b,847031089.5982912
6a65986cecddc5c47fbddb9e,852031049.6636157
a82fc744f537ddc6fbd16883,666143317.8323004
d4c40178c19d6cb2fcc88e48,579804943.3040917
4034cb3cb77e9cb39cc98fc5,633537654.3345354
41ae9d3d280d4eebe510606a,671993579.3284075
4aaf6763c105ddf2a6eddbfe,526802864.96112263
633a7038a23ffaf4b3f7896d,723112392.2919081
2a531aa9576c5f91891cc8a9,809441443.9026748
85d58cf85a179e167428ffa5,908207061.2807187
42f05e5d4862d653efda75c0,961223318.7573452
256a46a6d45d168169f63aab,533704180.30418116
4b0fba692104472b36c38c3d,923822310.1266106
253c85b226a15d0ec2fbbff4,844740072.8636104
b0bb2299d5f456f800993a11,760805684.3477736
47fe78f6299f757b231be10e,768400034.5257108
4d09ece928ffac7e7d270bd8,452813952.4755739
fc762d2d172737cabbdfcc75,643284153.3311807
2809252a96f47776d12021af,641195524.379802
29eb473852b36dcfbda0c702,663413010.8356737
231c050bebe12f568ef92afc,369306005.3407795
acaf9e18bbc7295633d92e01,677961956.6405417
860435300909449c0443c10e,699633648.6009016
f967ad5e086f485c27f09990,797068105.3523058
678927546243e932b48d6058,917937175.0991614
c537ea2620b8c3a3f013c0b9,1002897965.0298815
10037227b2a24d9a72ced322,648138062.2142475
1b4b3662ca18e731acc18928,1087746056.7922778
e6717956eeaadb3e95840256,899272423.0463531
ccc4457f68fcc1a416e3acf3,783479232.6283631
94d91969cc4b9aa1e856d801,622653616.3301932
2cc821cd7b5fa82b27308f87,524338135.04751515
f05b3779581ac0015f29571f,620000962.5291479
dfe09a5f848e8e819c361ac9,588372228.8241065
ba87ed2a657b0b042a05460e,616090004.4389591
f967aa89a4440cc1c44bdc54,495759466.31058455
81fc8d666c8735e1095d0d4a,773576976.4133164
fd8b9540f1e9da778d566d25,429182667.2371603
70baafa9789d2fcf1bc212bb,887787338.6634314
4911f8879e5bc9c27ac13bb1,537325385.1519856
ce53f3477814fdea2889cd2c,453200946.4873158
62f022e19ce6608919eab5f9,424158436.80616546
55657bb933aa2ea3083e0b90,464435440.46496403
808dd470aed6064f02aa5103,484847810.034061
39bc028f3b42d9ea48808ad0,474226917.2147703
c0c01ecbb9189d77098659b8,469601977.70897925
57c68d470f6248d00b6719e4,680442303.9041762
26c66cf2f43bea00e6387326,803009490.0506138
b5f0dfbd34392f6855bb4b52,661725358.4109086
25202264e18928158b89278b,600465445.741946
e93abbb49b24717d3a0767e8,636667317.8539485
906e1f2e1bc5cd51a55b0266,725323002.8157111
eef1d35ffd08dd161a36a2d1,1095665899.772009
35e0cac576415a4e61acec80,1114126252.210023
53ebe061b85f046ed12ee9c5,709543934.5366956
059d77736dc72013de7767f1,642381933.4211223
17d7986a62e0b066e4e5530e,546732368.027305
8236c798dbffb3db51d5d744,481518468.11345226
587e67078115103d184970be,370688432.356722
7569fb4aaa9a52d6a525e3b0,374049554.58378315
db122cadb7a9c33f420fe246,374894586.28153366
e852246b7661d30dd2e1f0ab,373627753.28282917
f04eb16931448e87aec205fd,576908768.8514688
90e858d3740d4aec0fa21c12,680201726.8700128
65647ca6e47eb2b9ba20058d,825116407.580951
d0792d22549d1b3f63baf3ad,421311728.4708096
76c4045b5dad9a8226e9244a,583654967.4129399
fac4f0bee67523194fd4312f,522470950.0417653
ba89ed56d156579ce288dbcc,588151661.1527534
adce397b6d1473b9b6d02865,805193910.8524034
f1a924badef699637ea8fcc2,593091233.0376647
3bdce823d3b96e8f0170d96d,679744696.8464582
439004dc23f97a878ebf371a,597128741.8121094
192e05cd731950f91fef1d83,1084227496.475679
5110c49047db23ac3aa4ace4,604026442.8398416
f4f7bd9d03eecf35e9f37619,701875385.5098178
141dfd80a005f7b32bf70375,694894089.858961
08513fe1cddb2cad74874a59,457190429.43726456
6b23aa3ca5edd20134811cea,366285708.2507061
0fcab263453a9f196468e552,673773235.2950557
127e08fa99afcaa339eff684,476123715.6388874
d2c46ef63db73ba3cb7e32a1,624760385.9692663
7c50c93bc9e8846345892c12,786811988.4855782
63698398738ebc7ccebac817,610556823.3838477
417e974a3f0d97e502e49800,820195421.7771333
6483f2fcdfbd26c621a527fb,926342335.7068717
3b739666f401ca6b2135652c,890731716.9396222
1b750e6e2e92e8222482cb46,627173351.1987827
dd34882ac55c57480663f7ec,680442303.9041762
026c6384ceba017c5f2cd66e,582412909.330301
3f4272a3a4b14ce152fc3abb,667044125.1614479
5cccf025fcc0a7d9ea01b170,521297922.6518875
c8d179013c5bb6379693ef03,627346542.3580697
8c258d10ce32150f5fe5b712,894370014.3103719
eeb6fa8f820ec63aa0aaa303,725323002.8157111
ec8b305ddc2bc211a8a05d0c,658943542.0443459
5a84e6d2ab8db0fc60775d03,610098758.1376588
015d17895f32e2a8b616ca1b,805056263.6482074
6fa35f1af6d51d341a3165ae,788543408.9050897
17821a9cb766b0f3ecf24e83,619698585.1555603
23141c17df584746755dc508,510902414.02179486
00076c8f390d5dcccc133309,649032035.3526859
25488b1c8fedde6250b413ba,571060420.9874908
5ba6b4953759b45cb83512c7,813902314.8160903
8ea02baab0c59eac6584f62d,848925899.8618306
b5c34f90096fc88b8ca758f2,1114126252.210023
35bc25d0f9de2ed4f714fc8c,847763318.8392396
8b0e1911b8ab8028409dc9fe,800135785.9374536
2ba1672e49c023258d262d1d,869694252.9716932
2d778563921376962d126cbb,793204072.0684068
bfe7c873b2fbad871327994a,842471093.9492452
72d0f19409c85dbe32cf6ec4,683522679.2714481
d406baf5cc9b4473ae9b8426,453382902.8740106
070912b7e5fb205918c1f4a3,525508923.87533003
659abd72d12756ba0670f466,473389344.13340986
7a464b948b65544159cd0db0,596982841.0384585
e89774d061d50c83b409a071,374775021.5857949
fd6b2efe5da2c35058333bbf,562021968.098358
4577c1623c8407e95e893e63,574437947.939462
21adc839dec9e8efb128abf1,595421527.1005569
aa843a050ebe8e4b3a04e9ef,785394302.340708
0252fcaf7bcde09274d34be5,741960979.982714
46d77c92811f0c87d2d4907d,847600495.0524836
a8c662f906075eedb098ae5d,639094761.2728729
b8b46931b93b7750e0d1ada3,646455648.9919177
efde559422ec1dcc55abc686,738298220.1957895
339bc881458ca34bdcb771da,900352208.1967739
d7ad6527cae719481f849927,909065003.4325083
df3abaff81c430b4ba85d4a3,810457474.4042429
bfd2f20a7bfb0d865d7f7193,1283637542.8328202
fa3ee96e6b6ffdfd00aa335e,1102320514.7588027
163228979751798ded8c3fcb,605672625.0447859
3578144f12e13e98e8cb2480,643576753.0863744
7136cad475a0480044707984,757638347.1933948
93f5694b4854068f42ffe55b,901520176.4471538
51608bf64739db05c47a3bc8,669486271.0055376
6a01b6d09d516d67f4a2fb43,599775254.5101538
5f26f33bd89fa7563ac6873f,408566917.602333
aba54b001154ad881dfeea6c,347703771.12392217
b2eb63e5da917ce649a72142,636566462.0584067
1427aec89ee9564b95e93cd4,510556414.58506113
a0087db5e9e2cdd6073021a7,647877330.0403094
4396f94f7f3c403c43d3ede9,533201724.2713707
aa703cc78a1ce659901e711b,737305589.9454983
0dd1bb83f0f18af30da139f4,773772145.5262784
37efd3e2a5b6567957c62081,558485268.1125118
ea47ad6335e74dea06228b16,735600679.9519888
8a975117ab302b77ac057823,639988341.5358377
ca5949c4bcf0b63e5d1be784,431064225.8941019
e9f3f41366d5d784c2928937,724884654.7045496
7a9c505db21b777203d34bf6,713895679.0172081
238cf9f99c4b01777a97f82d,451506273.42511946
385fcde12021f4bbae6ac2fa,581649704.621138
d9eaec557a7a6674565db1ac,676809090.8261201
30b0c440c0bc8c6005855ff8,612284118.7392175
09feba43c0b8f3560fe09be8,769440268.6704113
2547bcc87b618d3d7e22dc21,613419626.7525777
1240a616080d6ba5459335a5,930066097.1488289
7cbc8fca4f84908ed4e7192a,784454167.3108363
151a16e94d538a7a6d658ee0,815532755.0778617
a8ecaa9120c6da21229cf145,822023699.2981354
3ca34fa833e6ba10cb4b1944,752872211.0344479
dca2e851b82c512f01611ade,916566601.34712255
3747996611a842c452865a9c,659960363.310325
3528df61a44a9895248336c9,616296199.2068236
398a67970cee5dc873d71bbc,836209303.4254311
1ba2c2eedb352ef9bb59c638,697467246.8356683
f6f4a467f40bace72ecff598,940466197.750845
b2af9047dbf58867ed0c42af,789532520.2373405
012b8d616667a6dcece0dfaf,924255181.8384593
0b117f10e699f10f97a7e7c6,813666495.9809515
8d5192b6208902ddf4804839,1032557716.5210229
b86cad78da7bf06b5ac39f99,972253547.6824179
4cc8c95dee29e43463a8dfd9,652081323.9363625
76846ed8b7ab36821b848f2f,778835051.0601197
5428bf7f37a94ce9fb2dd435,665170816.9415277
b22c39c3df7d8e32cec2ba43,553157480.0907379
44f5380847c175a42becfcdb,1140015576.4498184
fae53fba5d405b2e6a3abf01,262321044.03020492
3b52bd5eee5ef8e3871dcb3d,1317369135.891659
21eef7da02b0f2a2fd987135,585039198.9148691
1dd6b0ade195edae38a4a20a,602783400.2503668
f359afc7bb50cf6a61ac63d6,506626596.5839787
b0de107a8cfad95f09876eb2,886230991.2373886
2e8c76f4ed59cd3924f7136d,829290913.0227537
06a2efde5244f7d653ddfb8e,698664315.3453856
f72e2f6cfbd32d97bbff3ac5,632068620.2042928
9705748d2bb061678a80826c,912170736.4121861
9620068cef0622c404e15960,851030140.8451425
cf2e8824527989d3cd29c058,874407291.4225339
6e606a7c8bc632ba0ba37184,520413020.12377876
63fa384ea296390350f23d7f,829860131.5609919
4d3f5e7ecf4d361d7eb55f5e,542892079.9300827
e31a209077a3e47712588730,672776671.4264917
5f18524e839c2987594a11a9,712295703.690184
def06f49a0b8230ab613db94,660271203.5268012
faa72370e4c7718964930805,660271203.5268012
983503bb75d84c410d1c5d3e,794641265.5098433
30f381306494ebaa760b990c,560879392.6811585
5e72dbafa642e4f416e6f01a,652389530.5896732
3d5ece38670c1c96df4cfff8,560879392.6811585
1bd6861d451d128c8bdb72e4,669229131.6511676
072a6f084d31a5a4be4060dc,849361840.9123415
4d8deb43d663fb079262708f,828223693.0274972
f00b8eac1812a500d7a732ff,705679992.7166922
77a62d5e2c89da24f66a2118,682858513.7558875
961886897eda4b0ce54d1d82,917039457.1793154
6f6c83ff891e43b7c84728e0,801848892.6618215
ca8c85e8100f64416146368e,733053420.0649775
24297f4a3e14c24c941e7720,892624383.1837739
98d7f0935f021acf313630a5,950106101.4390936
a362533eea6c235049bf3359,685519413.1818681
2ddda0ae748b38a6258f660c,1040675096.3919389
b18107a422b9eb6da9fb692f,815557634.7985405
11cd643195dbe5dd4567b62a,799954613.3276794
c9ee7f0666429c0c15c37499,327737380.61350256
c386d1ac4fa8dcec4cbf9788,689600222.0872716
21e0bc9789139640ea33ed09,781355803.1948034
cacb91ac1b835d62422b8a8e,872552351.1883426
bc41e69def6bc7490800c4a4,430899015.8603258
7a13669d2d7ed2e50b80b4d8,497442851.2854634
08dbbd8d672fd09463c061a5,589331904.3092023
cb93b0d5e9a26628b0462b14,562321864.7528038
d6a43f209f810455fa41dfd6,490315108.3796561
ed5dfe95f82f4c087af07045,548745022.9806099
02060d2f56e979a61427f806,659810471.1414798
88ffa9f0bc3f6c9f2e589a75,981129270.2920462
b48093abeaa178d1f7fbd83b,623612592.6953324
b42734770dacb7e580a6d742,675944898.259212
d3aa845e96d22f31a3656aa1,563791179.9857297
becc3ae7a71d597bcb16d261,567264809.233088
8dcfc24742ba669335a2d65f,639794940.5183998
45e2411d38589a2d85774c5f,625899900.9982226
9761b0f43949eb5307472ba2,804829949.9316128
e07035cb49625760c7da85d1,383397586.60209197
f88bb9c5a471504c13d3616c,631773089.3297378
4bb5265c6e63449e5fbaa270,630072145.6234366
ac73b8700744cb7835f328cd,696083873.8539271
a632ececd6a023aae8a7b730,489232696.2010649
858288683063dea9d5c57420,488121431.41333824
d04f549fdf8f34bab19a171c,618818698.5580463
6ed5fa8f114431d158d35f43,386420447.2525903
f849dfccaa8163d24ed935e2,612490784.9502648
bfde6e7200fc27e6e6f1497e,768441012.498972
59c11d3de7153d2605cc2273,539911699.7432415
33ddf4e1ed8c864e9db16887,487586403.28094906
00f5ba660a4fcf6ddb96220a,716132910.1036456
a13004b87c6d7e7bf6b75730,592949281.4100248
eebc02ff14b6d270746ca055,641732748.6807177
65ba6e178f3565a84c6ff973,634021754.8210715
a57f40f00f80abc7450aaf9b,611904614.5204722
df37b916acdce817865197ae,623505415.6572456
b5c074ee2e2538aeca099fc4,721273853.3600127
004c9da9ef1b3b5e309e475a,631750308.0615426
c5b47ac5c4b7476d50bd56ec,537771242.4597176
778ec765417db9ee48d697de,631998416.717241
b287339babba162e290d0fb0,491234605.4203474
4d35e00e86a9d508d82ea90a,489772387.9022113
0dc2a023fb6c5e0b92d86ae2,621404637.9055125
5787d7c671378e596edfb58c,632964953.643534
8595b5517cb3f1ff8094d67c,742781548.3101672
f4d53276bdb5899c6f059c67,634526146.7489493
9562ef63320854bc6f94b5a4,520295264.0783756
c04e72fb6244d9a9b28322b8,807168851.6231244
3d141576443a97b0202c9672,828282223.7742662
7caa4bad394586a46dfad854,665904278.1093831
8420bb74fadc0c8853cda025,377068296.0787687
b274adb68a37458cc5181fe2,629243552.1850977
8561bc940a91f029147430f1,687931886.9532665
258a968e403e747af5693a3a,853926404.5328671
0de34892fee879f449facb19,652615417.7524529
9634cfebe7e6b095f0065ee7,717133778.8606315
1f3544c9f47bc00fcdf59d74,449432508.7161537
e3077f6e47d130106e7165c9,859727620.3113098
f0ce47907c3c30b6b5e990b1,848719381.1031685
1432cf7de2beb14fc7603ae7,972408543.7928746
60f0df18cb4324ce5f4bf650,677654541.4420391
7c1dc421f5a689aea5babe4c,665443292.7343765
020dfae44183c65b708727c7,489157507.30851144
92a9c07259efc617e7d58f9c,641838169.3900867
18531c57f6dca78763d360bf,539969637.0641735
dacd62440872b6e94ea56fab,710276177.4666636
b607bd072e8293d6594f3829,890944755.0411106
eb86c1da60250e5559fc3cfe,661688742.705436
fae649fc7256b9a3ec036583,636393666.0848683
b7fa81aa571906a93e9b6cba,713350427.4389622
0823be832fff81b3f1291859,430088715.74477994
fca3a0fe5db369235960d285,477724346.02867585
496fd5c93b2a578d970ed55f,482001597.26258767
9c63c6c27c74c03f071385e2,677174443.1799339
6ebe90f7140b738b3696f086,409276203.59772694
7110d6374f3fc282e4f4bdb0,613800382.5894748
d33994c75d98941acffeeb90,796488405.3825299
b8e8d84450f5e0bc8a721c94,692163315.4008002
cba57e3b393b3e392c7431fb,844920593.5151184
fc2ceba651bc629e7f690849,663862056.379625
857761b5fc5c7d101cb765b6,689534446.8932921
55f67dd7302b68477e803399,547528716.6574723
19f538269846412f3e150a4a,886212957.7402943
75e0fa8e5c83c49d3a0dea48,925565873.899907
fcdbfb9e15352cf210cce7cd,771285786.2001188
c2b91ce4b1bc8c576a0ce1c8,751338689.7801343
73eaff92528288fdbcd61e2a,1099790452.0817456
f6544a1c169aafe6c8142907,806648724.4187254
cba9aead5bad82b31da51e6e,809754094.2894428
b239bdcbfae846bf74791728,660495144.9734596
3b823e81c5378ee3c977e863,668204450.9543673
1b4db5fcd1f92d3aadd5c28f,771408533.3830453
b50a6b85399ea2c6b5c33405,749990368.1373993
1e6176a558f301d81bb050f8,840305202.7269421
8bcc1b035ea93a5192256b37,707780998.8489327
71a3f0980cdfea0ebb869935,475503933.3416226
8cd0345dfac13ab380240b0d,668204450.9543673
e66b2c71519ef8756db69b97,611227344.5780128
c843044c1fb30819300448d9,464181552.0362477
4ae10e7fec364242c88e511b,558303148.3779775
c9e92b994e48df83dcf9976b,1193019714.8938158
27f41f09ccf8d182c79cd48a,1024844091.8698521
d8a7c0b01bb545c414e12a23,1171957250.141477
f3e2fddf1dbb400788a5517d,782622353.4073293
89a066b7d6a31dd066fa0d32,685596041.9644318
c245bfa6587eeb55227c8a4d,773124515.4572302
500d7c5346ca11ba934e7ca5,720463862.3585426
536fa59adc007df763949045,847553860.5340394
223813dc0188fc229b63e8f3,1073631841.9198729
7c972ecb7b90537b1da0deba,554212532.2954632
98d8411005ac05d77cb12516,749351052.4910171
d12c08cf48be75014a149873,847929732.0033858
955544a0bc2eff312e965c2e,966410162.5246301
20488db7a62f765ac8da0a2c,590754899.8264064
3f370094239ab6fc817e9ec0,960033126.7889467
ff54bb34225682d25c551178,847929732.0033858
d0c7294b2184d0b4d0e2fa07,960033126.7889467
104e960974eee31e7e0eac6b,764657610.7588624
0d477acd9c95e9ec63839a53,634371663.8416144
6d255e0026d70dd44229a2f7,916825819.2519926
926cdc0242544bbc850520ff,490040744.1418676
e75a05dc0018f29517948ea1,447096102.8090236
dc40c56571cbee9c2b7770f0,851687485.1675726
2f76a2b53e091df35a125b13,520932796.5227214
a4a49182c79c72854732594a,502608141.5071052
50287f73d47b4cc4c2e1840f,717328529.7456851
5efca36c25884a2822bb7a81,457234297.4935704
4347bf26ecd61ebc7a16b4a3,758433077.9320999
7c979648ab3729b2c0cd2106,845877654.8846635
f40acdcf5cb9925c09c9df7a,644892837.4027272
6ff3eaf8b5a2f16efddde1cc,597907579.945319
d35596846155e74d1a637d7c,860355462.3579761
a389a1ca097a820fd9af9d15,664416623.3162463
ef450748c440c4958e5db54d,819851598.6283896
02779b92b2f9bafde0c75c11,657825831.742575
77e5e0b64140fa00b0227a3b,522530252.8283533
eb55b0778607da932c3b311f,819851598.6283896
9fa391febd5d0a8e4c6ecb8f,350110656.57880473
6270356f1cc3dff186d0ff4e,593558767.5529695
ea7d5c601c3f8c86ca8f15e1,762747052.494081
072efeafd082025bbc5a25e5,767855597.4175527
d8bb6151d30573c7595ee7c0,430736323.66593534
f26c43f2304c8c694c818a9b,613198676.7233299
14ea4a7c57d830eba13638b1,649264967.7582127
c1ac42dad98d2f23dcbf140d,695381738.9995033
aa6af44635b5d51da4b02059,758433077.9320999
291a4ea1a695347e1901bd4b,798491393.0938084
024d2e34a561efaf4811c17a,788905594.7768074
e5a40a555d11d4429b9675c3,652158376.0586067
3a10398b72905bd710ffe9e1,725323002.8157111
340d1313fc2dc8e5b6918262,680442303.9041762
699bf5460c63a4d0e4542ade,991425267.4963399
e98bb3a89bcec8650e33e730,669838346.6793524
5de86bddd492f76596b17a0d,887426036.0124496
95dae083200a9e43a5aaf210,869097832.3359003
23fe512fcb21a0b84781a318,418185596.7334494
a9dd62f527cb0dbfa51aeb7f,695525223.7707641
8964dbb5b0cbfe509613a63f,929383574.7457389
f75009356c700f7da7106cc7,596741038.2769496
6f502f363fb55811478e3b88,478723577.35619396
a48f29071cf207b27ddb03da,571664336.0226866
b46bbf66cc82a4345c5da177,682850737.4536306
a460aea3370926825b0dbc13,804847130.2140377
7a21a8d99a85171334695004,673492715.6494834
279f6f594d3f8ca8e8a5e2d5,1184919747.7755122
bc3c509022e3f6104cba5203,882194019.7408503
654d2a3a0e02065560ba2484,577134434.3926369
02a2ebb6eca5772e3526d78b,633028139.9258703
d4646b7f4dbebf9785963cfc,775513282.1835636
68fabddb27fc928b57efcfea,804119726.8656286
53688de79b052b3185fa9435,536320812.3267293
bb962a9e3861b06ae1daf833,674857854.3741797
d80c5f0b8ba55e7cf105d282,653335407.8250006
ed88c773fa9ae8bb29645fbf,561800544.3092456
0c3af9e0e9c80a68acebd041,496753879.62935376
0faec12daf0493a512b2fa0c,1287907441.259316
1807debb0a0b590b9ba4ebcc,579016190.7896827
20a2a0dfc963fb8a355e704b,643937948.2459103
a2c033f497e62ea10ff8ba3d,881861378.0645663
985e40843a30150e6892e4f9,644637010.6953651
2ba0807f8cbdac389424ae04,628876450.4265424
9a565e7220cbc3d5d340e8d7,872996061.8551588
33598222854631e92fb72baa,889257930.3466201
03fb5bfbc1895115a04e8116,755960118.7975422
5045ba9a65b4bce4fd305f82,633429075.7675333
277f6440854cb0c98728e685,592014345.2691913
12c7037cfa63de49e984a789,532420498.37032217
ed9976e922a774cafb601f5e,552419283.4828632
ccc70d1d8e4411331730bd7d,406605157.2561734
30d38a7bab2eaaef1ff6be0d,641732748.6807177
31a6c440ca9eb29acc0f1086,845393643.6790078
7a82ce4b2dcd2b43485f5047,725295288.5587652
a74be48ad396ae4aa33ffed6,743775702.9357002
4ea46b833575642ecb2ed1cf,389351123.1217701
b780a0ec18c61b0760df9433,713094162.9348685
b83a5c303a2b079585b9b94f,535099734.34728074
a3c45875c0834b144f834798,471707419.4997262
c3ae3f44bbae215f7f2fad9b,402725021.8205726
5d54a0a596d49d9f85f1b5e8,718528158.0491611
355d1fb69bcb4e8e8ed9ba1a,725323002.8157111
cd791a46ed616911ae7d4fbd,680442303.9041762
d2d2f335839ed35571b19bb1,798112739.6710354
0823b0dc92805ab05d3f8650,1137517802.2631128
f92f4d135119fa88994929ec,1099191657.1891541
401f0de98764e9fdd4055406,551751464.7077426
68a7d01e50462f7506f8c8d7,663943185.8591318
e4434407771070783b97c014,919184197.443325
7e1153d411af129357ae5c10,781637774.0459148
f409c701e200046f574f4e06,526639094.92269266
30a8b9c197bc42f088d0b873,636157876.3199825
d5abd56b5a8ab8c2f61a07f3,615071992.0269696
805a27aeafb3ca91cac56d14,704629650.1797683
1ee04111d277e8758f740139,572216052.7218189
b9de7d7b9a8ef7c64e5f6bdf,577337032.4794432
5a12a15af3c0585d81ba8f5a,483481971.4331612
abb63383766a9853c1091c5a,727590946.5227376
1f95c205d5094c674f6e45a5,869706134.7294006
4911a6285f548dd30c8061e3,633562292.2269754
0b9730cff49bcaeb4d703c06,587486471.2835095
f033750cb9db15e886b156ce,861952633.5076711
fc7e93bffb7fbbdebebfaa2c,785009120.9360722
4f500afb7f7bb42189820a18,667148785.5734357
3921d7b508fa1591d40802d4,457798102.5354779
caddb9dce27a7e8012478da5,583959075.6235789
4eeafa126ac5f301cf60f9ff,505432739.15231717
59afb00a84b4f2a9ffbf71c6,716724355.2810115
7baa3608aad1fbf357d789a6,700499898.5113082
a5b8869e9cd3d0cc32a0b298,916462163.1119379
d084dce4ab9c4008ffa3bbc4,755229306.5858078
e3ff13537ffb7172336ab5c0,773622511.1118801
1bc2ae31ed1970ba52b1ff60,1419546624.6850884
eac7136b26bccb3c5d2b6202,653467744.156925
073fccba71b28afd815be434,627994393.2746419
9b1c23d616e9407fff6553d6,463044027.88326246
4122eca7b73c1347a7814a70,829860131.5609919
cece8267e60c2461d6c409a2,916382674.7046202
ba4e89128058d5564987dfc5,463044027.88326246
69843aedb25a928097a22a89,590989834.8177074
a45863121bdec787e119b14c,342578438.51607245
02e8811bff38125bcf8e1a6d,599775254.5101538
d709a76487a49bf257489c0b,321375069.7181878
46c42803286c800351fe633b,718939104.2084614
2ae3ae7f794d558ec119287d,676923386.6568389
76991a35e9c1b69e1616659d,620149653.042171
3de5d35f742cb4eb68d5f314,610954679.3462656
a53c748935206f61751dec1f,485212201.14097255
ddaf8a1e5e6922cc3dee5caa,568639259.5656506
841fed959f036a03697868e8,613636707.3731381
ebe1b5c9471f3441a388f7ac,649341912.5721968
f0f9bedbcb57383511805d17,749683145.0824648
f9402b785deedebd3ddbce6e,666094649.1168815
d1f92e6b18faf07ab70ca1ae,795486131.917202
6e794276348acc39751eaf47,799154584.6029831
4b04e0296820d04421db5219,558204687.5831234
ea0ca17e989ec57a480aa464,851891696.9299692
cc6fcb8ea6556f676c13a76e,787362215.1905609
2778de5e56ad7ece898249e9,795669044.9929076
9f0bdae4f8609ec93588de3c,760365079.9118814
90dcc3f9428a4e7cc396a15b,720756434.724062
2d7bf0032580e6b6dd1ce36b,725323002.8157111
c45d86d17d1d0519b455b7d4,814200175.9726586
4c7e7cfb286d82aa96356fb5,1133598195.6449752
edc204c3e18368e0a9eab593,1137244589.21576
e789e801fb5d4501b5d64e2d,813666495.9809515
3997c10ceccd2f8c8e43cda0,1083287058.9284422
580d8eee8dc4b7d43cb193c7,762189828.6910197
c823e3fcfbf0c43bf2d82586,929523211.142944
30677852542c78698083d4f3,981966268.7231612
8fc78c514a2f1cdbc5ae6e1b,1171227659.9536316
73c618d704a2e1ac2bc41954,712696957.612181
4ba85374c1d1f1d3f4632ca1,320494252.70669603
9a471715e4c4865b822a6b77,491539661.4536303
4e9f1e21c855f1166428fbdd,444447976.03028864
f11137d27a5d7fa57f94e97f,680172352.0732944
5fe5f3c5919c0ebd57ec8e36,426349148.2911896
e40742774df7d2b614f32de6,414644181.63808894
24b28522c72f7fc359f2a718,700609598.0562214
26ff1e1f4a6f6bda702fdabe,671852935.2908185
9e617d1fd8a4f33d7b66098a,1304411549.0446784
3b4e889562e4078f8f369172,654792780.7780956
3a50d40f15b1cf5bfb338092,384374347.14367056
cb2188cb8e534973ea3411a5,595662645.9057012
fa57f96bc6affd285d10c4f9,300577862.5667736
c0ea6c76eb977d83c163fd7a,493445447.85986865
367cd12d7f4aa93124047eb9,591774504.6600708
54952b5f463c64c605576601,413562818.1401651
57eaaaf24cf82d885f0f1dff,633817976.6361215
f2ba4a7a0765c3ce737b5c81,679077986.4819012
5282c3c48495dc31359e70c6,537268984.5022773
552b01d72edb192663998c4b,656703478.1596433
5f3a1ab21669ad9234d4dc63,808123248.116324
68f431548c330f84c46174f6,784454167.3108363
048051ce9bf8f6a48e9451fd,886030887.8449087
fa4028ad48fb2082d167989d,577398035.9320291
5b1902dd7768f5144ae7704c,799297701.115388
be0a8f4be774eeaa42fe460d,715080629.5673556
16263617308958055850aef9,828644707.8626182
729f5fab1578f8cae4fca8f9,828168670.9858688
bddb9388922dd56737d8847b,839402394.7185639
9847a4ab995b7b1c30196704,947165658.8006858
d19937a773269962c7f9e8a3,991860547.6258249
b3c8714dcaf5322475ce2c60,884649749.878053
875126e5776dabde40e29b09,782196987.6163702
3a36f59d7c0e6c4eb85ca0cd,934231716.0724814
630f00e15cbd7826475d1509,913757183.8247975
434782c3d1dc2b9ce7bcbbd9,720768977.5566776
a470bd174fc7587dc1449c89,1184919747.7755122
99c6f87ac92cc323c8caa005,1152268392.8792593
ac9ae945fe25a46184057606,1157920539.411658
15d910dd93e0aec22ccc2083,1186494646.1381571
6e1a9c8457d3ac6a57598052,836636711.0386776
14e179618d1a44c5c55e23e6,565354899.2920787
2b8b979cf1952fcedc63ca9e,437877842.08379304
7cfc3061c0b2f3bd48375ab9,752176188.5379103
7200e3ba2013876cdbbde972,717347454.4702499
9ddc1924043ee8361201b39d,857682949.2738107
f22d6cc8c9611a7c23fa8969,889663933.9061462
b7c0a0a4f5c5b986a70ff249,533205520.3879793
adf176b63ea23e08d252b5ea,596771924.4498496
77069fb9fac6b61aa6a89ae3,815460088.1344792
7f0f27f6d30c743acb3e867f,777064738.6449354
7e299fd8c2d53ff1cf95aee3,839654643.9717036
f309733881a4f89d9c8a8958,787349434.9550316
0f937643c067371018c8deee,1007033532.6837002
8e35609c1265ddf59e1c015c,561948285.5319079
c1ba606f32ce0337cbccc2b1,716627540.2352649
15f02dd18da12f4d7b0ac2ab,557805932.3309258
bcbe8ed608f233d5ed7362c1,795969710.2242459
14611fccccfa2a6499b2acef,591025948.8229283
b10b428245022d55db248b72,417216359.0056689
13e6c5cde1004803fed93cfc,459711899.28276116
ba31c38eada33f680d44627a,776147514.2155913
3786daeec4a4fb40ef07d8e5,870165162.4417788
7736ac030d8b587f44f7898b,720747564.6309803
98f89d21e5dbe53f8704e745,857714495.868526
981fcb79db3881259eb303bb,440138252.4728532
08bb88dabf0070f72a801a4b,824872725.3470128
32d56542ab5486bdaf4466fc,823719365.6180736
c0f911fe7ee2113ec59cb5f8,650881152.2371581
3adadd50e603746e5e4fc082,663722117.20994
d117e9672b3ea0435e7a894d,440138252.4728532
020473766363019ee40d6685,772612103.1764956
b04d16faf40ee02eda59a9af,440138252.4728532
bd6f3819a1c0e551598fb9c7,418957602.6732931
5520cf373444931ed8630635,477443018.4023784
40355fef059659469e16e3ec,466896373.41202116
deb844a2812586991b3022f4,651977728.0357629
ac0b895f523b53b4abd013dd,718965804.2147926
ac208e250f5ae3e5e1008351,543247766.6641115
0064cd1c55914cc8370a096f,469073471.19600123
165fab7a9f8dd404cf4e9d9a,517923033.71727735
df3eca0f59974a812b4ea9b4,779053207.7269785
1b7c062b606d0560e850a2e6,432940530.76980245
87ddb3a17b601cf7c61e8c07,641900369.5212499
837cb6389640f3919bc73e9b,831189691.0889692
77bab76414ecb20888cef7a1,831032088.2968119
a9268ef5b7133cf6ed1a376a,827865270.0485647
cf7cbedea50333cd2dfb0e30,649264967.7582127
b0cfed2d25a5d78c96d39d20,494598241.01539236
ec0c283eeb8db461c20af1d6,835514846.6152079
27c3b7ba2991e7bc0c9fc322,683681693.6171124
0332c7ec0d3e547ec6d61664,887027514.4339553
e58b92216ee6438a921ee0d4,689409298.1262479
f7959842378c94c9f620f561,742430473.2403235
cd0236af88ded6bc15b49eb2,720747564.6309803
d40e0c2222c0debe89735e88,742430473.2403235
2bc9bbe0f0216ed9d865a85a,619801709.1466496
e9bbc31499ca187c6a492175,581454313.3166344
f2409d037bc8b3e63ca69fd7,756121187.0000057
5ad71b7cfd356a75021174ab,535430635.7468233
67dec8c47ad4de9605d56db7,577099715.8473407
c6d679cc07ce4373197748a8,898554665.6166149
a36ff3637b7d2b1c52999ea8,676601449.9602699
3a384d68b7ddab45e01b6e99,791855206.6680192
42d34ca2252acaf6e777d23b,1149573864.5901232
c4b2a42a8908cc35e649fb16,618490075.4445069
18c38418824075acaad8f960,581408802.5236033
85bb6775065df76bda33f738,643152080.6195004
14cee0bdd9dd5537b96d0786,674049897.8812758
ab332133aca64315672a7192,735479006.0118554
d53b60b0f2c65918153ca2e5,447635752.9439812
ed1f81648083d4d2726710ac,688850760.2369232
b6692a933facd74b4b11569e,434552329.70266575
90e00fc58569167c00fae7d0,609494051.7687042
8a514fffdec277cd46c7cc71,742836393.7734069
7f0b4b5851c77d78805320c5,507180292.8490364
fed1a608e3c0f2b79cd02ebb,667403588.6919544
075a5474294e25da55373a09,369850157.43493617
8826b9e008064cea38855d35,525844139.5214757
660eb3b40b2bcd07df8f5c3f,435975356.7636065
d55cdfba22aae78b6fab5491,393592456.6194432
ea6e83dbade169818975e5b3,541783015.0059401
dcac44d3f8024c6ea1632432,429712734.1688291
2772adb268cffadfb2917c2f,489670648.5434339
3192bb7190b9130c4e67be4e,819358906.3362483
9d892f73b02f001c2f715607,505961968.1798134
c27d72aa1fc5d37f4cc105eb,749210005.3960115
6c0ac32bc8a66844197c5fb4,752934023.967861
52338f4f7c8af6c649106a96,520932796.5227214
356815b8ffc300fe03073b7a,715161268.871763
22c780d56cb97fc34f29e9cb,388686265.67612785
806907598158861a6958388c,508463908.14662486
449cddc4dc3ef1e93b7f7c26,611406489.8370852
b225270821758e45cdead76d,478796865.2147528
e07bc486c6f5541e4788f83b,626918263.8745936
970c0d4928a9292748c0fd00,781065202.129097
f73f720abdfe4b5adfa2bcda,514096057.07122636
48d3b0ef6e5f999bb90fbfc1,625591425.6180503
b3ec2f8af6e9adce047536b8,715233950.7431355
0e1c66f843e06f14d7264864,541992211.2175556
91c4f018fc7939d150593935,795885997.8686022
102434eee07ed18268857a9d,696989691.9047767
a4c70eae507d630c2f285eb5,835126874.3306837
45abee1de734dc32936d0b1d,668832498.8330818
82bdf442e186baa829e06da1,621840292.6345886
019cd320e02a64ba3ba9a37d,679776375.6547815
ba1b3c8ac8afafef56233c84,787231222.4265019
3c3a0f57e030472879f454d8,775868511.5391248
d520e90e7d0c44a6b8852e5b,516842109.8530953
38328747d2e1e0e568c05523,578288944.6864082
659e9ad0f593b644071cd850,609385311.9582537
3e6645f2cd377ba17ae2e46e,383916609.29291946
307eb683db84db535106c445,612759839.8342878
26c8961848e3a77d98049638,640558651.1803459
52373e15e9dc1ad371a0c090,515123247.1869275
e5b2a446c12222efc187e02e,611032343.7401009
156f706d1d30de19f7e369ea,537126807.4065166
aa94d2ad36bc0e91bf561be5,824759253.4389557
8ab41842b8e41b89d8670ecb,460363690.3179245
b19ab02a8e22f3e88a26031b,758433077.9320999
a6b1ca7a4e91c4c0f4366984,750740403.097556
a277d5e8216fdc3d7c93eb2b,661437013.0251935
f939b7271c4d399a5e647f8f,709284882.7059553
941392f9a135909273422dec,657600504.5060673
e07d8e9e38e309958288a516,657313062.9538275
258f10f742fcc835d53063cf,663758895.9931452
fb672b4cb1b66f2022f36a40,667703516.2351432
ce9dbb6d009cbdbe654edcfc,803003490.5123326
22e524f1fab17d5b8616d741,1053388737.0261097
7f0d874df9235245f47b04c3,727500361.3994306
27a8a052b815998c771a1f55,1053388737.0261097
b80593fba07e21f8bdbc352e,1084757290.7208493
d18d990404e7fd07424f5a77,566066807.5683295
033599f7e7ecd8d9c8cfba46,842471093.9492452
51cf2fa527c3db62914169b7,649216390.8972486
2b2fa2ed0055a19859e78446,669270104.7227285
a8e1adbf076dd737c079129c,860567555.3293115
adf948af7b24f9b6f29610cd,537126560.44694
23473bcde48f634641769e22,412161191.7946679
c90486bba327ede32dec60a6,644930518.6069295
d254d88ea0989a609b71fb72,588372228.8241065
2373c595d24a7b862b518ec5,759592701.4009348
ec401de1c0ab2dbc149da048,720195138.5501217
17c0a8fd3a2c8b5b18d61e4b,729731143.4120624
1a1016e7a96da2237b391be5,577871310.6841497
c5b40b510bf7f121c93a2332,765784779.3187381
aca37e216a27b4dd5337df99,706196310.1860746
96f59167d17d1c99f31be997,706531646.8982896
062b36cb4a87cec372f9f91d,646524547.8099048
0466a7e06b152c1860d44334,661704803.8054483
f44726680d0c594a2d430bbb,867566777.9310695
8aac8946e7ae5725971c5557,842574743.5998069
e1aa6c46135f4d1aa1b7a1f4,728885407.9570463
fdbe5801070756d1744211cc,814669531.1467288
6ec4c88b8d3a16148e2e7348,816678957.7277426
57c87ce038e4e523b4ec189b,666407598.2921656
9bd500fb24eebd53d8262b62,780318033.7699065
85a86e01443aba593f95dae4,634243652.6384281
13e2ec0a12c8a48a753b85ef,393178514.297868
b93dc01af5f49e6dcfb7a547,436043133.28949606
71a42155184509caba01a1dc,403147196.0900926
25fb1c0c4aace859265de172,668832498.8330818
6f63e4f866bda86d5c993c8d,516214174.67420405
72bc42a5c73e7b1f9d54c835,685229271.7332826
c06f36b42021a1512cb6e3bb,427420338.0001119
f1a7fa5dc1996591ff97a34e,553878071.17171
6128a8deb1f0bfbbf0d67769,660506655.4198153
b5254c6c29b4f6984d328216,426421920.7000564
6cb19c3e491a60bb2c166669,430736323.66593534
dda4ee9f3811c29e2b261a5c,516842109.8530953
7a564ce9a4ed3d2b8fbb1103,668832498.8330818
63b982fab95cd17211a4a58d,485375885.5432464
5272c50f1d8fded01f7fb0e0,531593949.89161736
02b47e60ab77588aff6cb433,697593857.558629
ddcc7f7a087aa5f4797a8a5d,409276203.59772694
77a887ca508d924ad5203194,697346905.4774647
b57ab7afef2b8aee016ce6a0,762957166.8520554
640a801d503d85835eb65a42,788905594.7768074
767ff947b16b2271f516c28d,719394374.0800288
1dbb46a250f504e9c8673bed,699319929.9009311
fd6e9c9ed7679485dfd0b022,660586371.4655964
7dc4f9de14c2924b229ca0a3,784349504.0889233
3064379f468404110d594c87,810456419.078573
6005ebd6442c62f8becdd2f5,774354854.2208325
b62e960eebdf95c2eaaaf9f3,828605052.4378544
7b0258f1aaee97661c34de64,595146207.4688017
91e2f9f7d4ed776d38a3274f,640532217.5516256
d505277049a254f960e114ef,840708787.008568
32040dd7b8edfbe331773288,817312638.7549075
70e427235490d7d9c9239676,886150642.1379795
1a2aa38b8e18fd7ed5be77ff,550356143.9703269
4883f7ce7086ba9c8ddd4315,846126766.1619943
4116cde03803e63a3e87e847,774483797.8761885
d6de5d741702387dc3f4481f,772210824.0314513
2346533f4712f3bbd036d85b,796488405.3825299
f6a12c0f02fcff1be042ed0e,663862056.379625
eba3cb8156e0115bd7dfb525,1018693707.2689523
ff27ae490bf03513b6bb386f,913431620.2346011
e87779bf2f8af86fc4ae9583,343479628.94649136
4a809b3987cff0290c1df8fc,442626945.06588805
8f4241a17d1211687bf232c4,490915958.121994
bd8c1ff6f9919ec6f1dccda9,636569163.9926077
081e008e772c6a79b809a87b,774773174.059782
0eff08cf4bc42dd442a70231,746891451.6703886
b4e084d14962cc58d4089955,778927163.7103457
d02c3b5ac6fa0ed6db06e490,840180068.2787759
e8abf103cbe9fecbdd758516,778927163.7103457
05308c4f3d0e0887e4a68a92,642566133.1627884
256a6ba3ff423a899229f154,566746655.2920088
097314d920292b46eab5dbc1,611650273.4529092
4ce0fcf14266d144c82f8d4b,501677797.86566275
548791b5faf236b1c03b7523,631051038.0229727
40ef1682158d0c3cd07f484b,814730431.2490618
7b473504c85e9cb576f951e2,567003314.4708902
730c7382d76a07904f559b28,638684341.3923205
e05598d3c49f409b937ff2a1,529623126.5969077
844dc89fe6588acccf0c7536,591845615.7682207
ad1492590bf61d2cc83b493c,744953181.9287828
88fce3ad9b8a965dc11336cf,516114679.0172345
b76d853ea415967415ace0d7,586409005.2895353
c12c81b3eb12bb329466e88a,928496218.9890027
4e27458d179a469435d02ff4,632360992.9212784
8d15b4bb1447eba7a680ef47,397147754.02086586
482c7150c7555cb35558398c,766092521.8101008
e5d6be06fd53d317c8e5c7c0,533005997.6560831
f798e7105aa8aa66750a2c85,814427336.9020483
eb24e0a0ebfbe16eba466280,819551854.4456588
618dede0dbd48df4fe610af1,798233621.0070546
6fd936b82bcfd3cd2451bdfa,665699256.340207
adbb5c4ba7be2903799a51b2,799832587.6398898
3a99197868ce338c738a3b20,613419626.7525777
d4c45f35f214fc226ec85b36,810557523.9447508
c3140ab2134de662162af508,374771013.05527633
0fe23ccd8e42605f4d9f78a7,264468140.14510044
8816e8101ddc4e704053e23c,676923386.6568389
64ecb100d7882ddec6bafbcb,726500081.4512306
9151a8c65e1f01ce591c595d,619406872.9483299
c8a40314be3014c2a218f5bd,776821183.5050992
29bd4cbe11f44759e07487fd,620515411.17016
72ddab9ba5f24941e4dbed6b,841225130.4928663
1f18df9ee1b19359816ed13c,637619768.0788355
fb82175fad61a81e9b665fd3,839976776.6332289
dee2e190c4e2539124ac3ee1,637004735.2285712
0cc2f3a49dd703e7554ba638,667329607.6794112
ece0394e38b152e6c1571324,1152268392.8792593
e14328c988a27176e9fc63af,802779389.6925753
a91664b9f15f9d6f262e7b2e,864027898.4931016
d54270fd6b09b38a978cd7b9,707282970.7837776
40c74dec061500aaa78f78b7,602016416.0688645
cbf6faf7b47b43b2a77b3654,778735141.9994233
52fa1eb3cc7cc2f77ff98764,597583539.5829188
bae512bdd3b04405c519bf4a,641483562.7200047
e7fbff0a25cde72a38e7c7bb,920457899.2794453
d3f297fadece964afe5f1cc4,803009490.0506138
2679ba671751ff16e76f1807,679432059.2877448
8059e45ca26bfefbb18d8e40,840783657.3392066
9e7ee8e17b1e76965e96ef95,860908167.730375
9039bc918a76e486041842d0,759291233.5749158
1d7912750a5e345f7edcdcbf,426961709.6380517
4fe0482ad622080f55a0460f,607374804.6969126
953fd7541735fa8d9a342642,883556430.7208749
0b3021c156324d1e7974ce3b,1016434501.6403633
b0a8e4b4ef6678e6b43865e2,614321239.2900292
bb47fda808b52f30364a4d6f,533201724.2713707
d846dbe691d0ee3ac5c3bec6,909701396.2009194
21932b5a5fa65d237ddb6293,533201724.2713707
07481a101afc1d5db45245df,786390551.881958
d99c00c516cf57b6fd9e877b,563898891.4038616
6dbb494acdc64c03742fa730,689704424.4704008
35f69c7a9870ac62735d7639,437167423.16690725
2721f5495ef5dde16fd29cf4,910259044.6883553
0c068dbfdafa3429c71189af,964528705.2000104
f3293c4064d71f9322ca97b2,735577443.6059687
5eb268b95d7b6006b064f9af,668771721.5642127
e13a1c06ccbf814945dbc768,810891208.4087124
935a1e8c7e62ca9d3bff398e,723112392.2919081
f0c7ecd3b2261873d3664748,827392878.2160585
d2f20425e236285124eaebad,560979135.1587174
05926b977b5df59857194ec1,508450527.22976756
f548ef815603ec44f4629a60,987921255.6415908
6cd147720319f60ed2599361,693140203.1494421
6302477fe8172d08f3b4815f,559136847.845481
b0af9b1e84a1886489d46b91,671993579.3284075
5f3a2a31f6d1838e0a9531fd,841543687.5966791
96786aff35713dc21f6bfe5f,786811988.4855782
68de232e27aa83405b4a19b9,1093441171.3105803
8d252e9b0912f09703110b81,517374949.6473605
f4e646df504728ee1e6ad0d8,602274249.64666
e89cf4cc82c5283f3db6f5f6,498829354.6300507
1bc2c099466f9a989266be0d,407354585.06717885
bef2008b362c4af1fc3be566,596924810.1337622
7988f76ba063d25a4f467730,702229594.5215973
391a98a344e894c6397d62f3,399294650.8727819
5ab0b8b0d6d93c4654b5cc14,709430306.4768351
305d6abea2f3e496e3b6fcf4,880162620.2175869
f512fde4fa3f1f7fe885de83,642079298.6859119
c7b6e7a287602275f7854ef0,792277274.1385095
3d11a16b008c26fe43deca03,628876450.4265424
ac7f21d22d013874c362d440,533395067.3014806
c933750eeb53302db0245782,496237253.31746674
766a8ff17723a5c34324576b,622761141.7354438
802fe3175a2059f12d7edb99,907926597.1755371
508bfd077c80b6cdfc5a10e1,841414295.6951841
ddf8733adb641e15837bd728,560593077.5868505
17914fbe0c3634dae8ce9d71,814771674.0119381
09e4397bf9794fe24d87d07c,617237971.6881605
302918a3460b98acb64fafdd,577099715.8473407
a7e57a8be8fc8d8a844cf9f0,404383879.63370734
7b50b071f4d795c9b5ad7531,691082370.4556531
91a7bcd95c0c960e4cc22d91,619801709.1466496
5d4a23137173c0e2288ec418,582898175.996017
751ba0c00d4fae1078c02fb9,557805932.3309258
e6bc998ad1d87c5be3559ab1,674442952.9444222
53aa9cd32e2a6aa346d3d789,674442952.9444222
06f22f7a8e4e78f45ae81638,748791730.5354106
2105c17a4e2f97183e24aa4b,692989423.6998516
ec13a869c212c39b6ba21b57,680236533.1748819
0b49dedfb53ec812962e31e7,728568406.2974828
69e6fbd4d3816c4cc37b265a,755229306.5858078
ad46f8bd482500f3bb935737,646994711.8822258
368f7a70a62962bf31ec9583,1031356155.3374213
07412230b931192771072334,838660512.599297
e63d334d9ae8b672dc7b7d5c,1031356155.3374213
3e1c2c5b0831edf78f7b7082,838660512.599297
226277c02e8532922a1c769d,747230257.4637536
7902ada9116a1cf7458933cc,1011886746.9487255
b21f6e217d6733230a8eb7b7,897535325.9519181
09ac622c303bce9ad5514442,573453660.3201126
ea63bca8e3a77fe88d88fafc,441834036.50163525
a3c7c54fa12d5b57dd997210,530280567.69287884
cdadb2607807935a0a5597e1,620861565.3345863
8d041784b65d33c76e5245a4,875685625.0780959
e6807209b634455bad257998,592702263.6008754
b1e3f1efb232cb0976506cc2,739864071.039212
dea95d98e8bff87b905f9172,964652942.8606954
44b6382d9195ceb3f12d4939,865991006.6699871
41f33deb9990562def18c917,493127411.03288615
0a61250b2c208d42a3077bde,712696957.612181
c714b30713eb7877ed3cd92a,461561830.38751125
bf120b883bfaf7641eda65a9,602448924.6336117
90b34ed38e0f18988f11d77c,761286972.3760136
feade1f4b3b06fdc12ec213f,663862056.379625
00bff9be2d524083e3b3149d,642566133.1627884
f1e38e53ddb8a9d5b641d934,803800102.2654319
49dbaf0bcca86f32f86e641e,860661592.659522
18539b6cb6884f753e0ac18f,778976364.0582272
7586a79a0151387a1c0cd85a,721617466.491537
d533a334c2ad9d510865fe54,601614287.0700996
95f7bbdcfb59b4cdb41b0394,642079298.6859119
4a2ae08359e1ecd39b43afbc,643207691.8574733
e8cf39cada5b7755f60306d1,628380826.6674657
0489a476b376f7f6efbc193b,407872690.3392545
7b31b5e53015f8116fedb0c6,825804610.5012424
4c0892a39011cc6a37fc1145,639638163.0196662
92d7d4fa9fd09075bec14a3c,804369626.3129269
5e5ea93675900efebecaa19a,466435243.4938834
084de1226de9a6f4a6075c2d,573622209.5741783
54f16cb9563346e15b019102,444995748.5513696
512a6de80962ab797ed2bf72,690017844.9306983
871befe27fa79fc1e1813b19,1106538835.0916402
4e0b1df5e05ac505c701f519,474944414.5965064
37227e66adec69299f853e51,712273543.860943
0a0e3ee960f60d04ffd6bc0a,565130839.9471997
82b15a5da307865c7045dd56,666935932.9843893
44d596fa36e3992208292ade,787244500.0174018
3569024b3ae4865240973e6d,425106659.80915344
31d3215c8345d48ce9734c65,502884051.31951565
147e7f5381d3c951fc446376,506394502.2358734
77deea164a3a622df41249f5,646105182.1280925
3cdee5304896e4cb9604ebe3,888671178.3528852
f5418917530b72c9fea14f66,496237253.31746674
ffcbce226963f10da8c53fd7,610142760.9574153
2fffe55a1584619bd7c489f6,622761141.7354438
3920eb3f72b96fcb58ef778a,410193813.74429464
d10bdbfbd411ae625dc80611,420078031.8788277
d61ac80c0d4737c3529f4a2e,446921429.1553208
f8948886cb4cb018eca25d19,482670345.24801075
da5bf7f1c7b2f4ad670e2382,669937674.9723806
f406c9c3c92e9b31310a50ec,689002647.0083221
171b560236ce760573a990fb,1093533800.580698
4d852bd93332172bfb081aff,1093533800.580698
2e1f7569d134a931098a2ede,712500301.3308967
6d8d2ba62c52445d78f687ed,765701491.9245594
65ae1a893abdc2eaa63d9271,1233111803.888043
c9c51c39725d7df94822fb20,589477243.5404227
56ddb54e50deaf650a25e82c,547189177.150074
aeb330dede55fb66654901fa,762189828.6910197
4f4e3350c429c6afc0bb0094,679558967.4060755
39377d0d271da03ad85c7bd1,633817976.6361215
bda2fcbba2b412981e708054,813666495.9809515
eb89d0b7914010148e6bb597,663834421.978051
513d0ddf1ce44ca671675fe1,851891696.9299692
14cd5f188cf6d2433240b5cd,591774504.6600708
dbbe0b6f5eb07a5f9ec873a2,556924859.860657
f9acdd3fa50068bc0180d008,751483746.9002837
4a85c36fb854e922936b57fa,491088175.3919645
937876bdc44c3b8fe063a9aa,589477243.5404227
001399d3861c5792ccb8b515,1083287058.9284422
f28514aa4d6ffa36104411c7,538054092.0421811
3b185e3e31f7f5e6a1b3193c,737140505.6711898
f4c7cc4a249ae7037aa0b35e,719223207.0196152
b74a02ef5cc838952bb9afd4,537227554.7175199
75f5aff9fa70208ddd843779,539478894.3781691
b7273cac93fb7a0034039600,859027175.3797945
b73bcc0cbfa173c9fa404369,818552823.0486914
3c4c18326318a7207b589dbd,405357011.4880033
29a230f7dde5753e65b661dd,844934165.0369235
c083a5c64c4d6952accd7bdc,588481138.7369618
1cf29f882ee8b458b8f27091,687642957.4918239
94c15574aacdc5c3cf5a406b,560667493.6871346
661f7eaf134a5b142843368c,614950634.5927306
14a5bf235097782f468fbf23,561915081.6543096
d2d46c70dc048c92c8e4f09e,694397614.0244149
f6faf74c3f4e02a6b333b7af,831353791.3072054
6dfa362ff7a0d55693793db3,593343881.8222815
b070e3747bcf22ed67509efc,605253548.385381
7333f19416625d6f4244fe02,731384137.6500154
3c86651d9bbfbb335f15b544,705964012.9667662
9d8affa93ce4dc7c1a21b3a3,804847130.2140377
eb8cc67810d95d1b102410b7,828644707.8626182
047f94605add5f6f84fc3f90,739667677.0486382
56ba332c82c36f07ba6bd271,1000487706.9080148
5814a1dd61362ded4f1d8d8d,1103556822.4176433
141ac7bbe9637f9e5142135c,1186494646.1381571
08db0ce5cd15db2404ff3d28,607489002.7363414
c38677ed0876b7996f596336,422590951.84923834
daa4d7da8d7df8efc1adc9d1,483284326.52508134
f15c6403c6d4e3676a607780,708831274.6808217
4d0cf77f8cfcada2265ac585,499414119.59988326
4caab3951bd6cb6dc71ac8a0,596658547.5521863
7cb64b94877a9361f20027cd,480597652.6641448
3f438d6202cfd4527bd8f983,588151661.1527534
b7763beef728bc2021ebb841,479252863.3321264
4cea8ea969dcc433fcb59d96,801781046.9909934
24fadbd1dec637edb728baa3,769192795.7213641
63cf422266e7c39a6c895b3e,719605199.9601678
dbaa5d47ff63125584bf7ac0,732908981.4075127
da12ac932dd8a2fabade4bdd,718486790.8876797
f35538e95b4a567f9b834034,759187026.9102173
6ee1e976768b68cbc8008950,643710289.2004421
a910019b3d18da92b4c6862f,647043086.53505
a09413ca0b723170c26652a3,606973929.236017
2b451da55be3683c33e4de31,871791693.1974272
561840990333852ace562b82,472901843.88627815
b6695af1ce28eb50d7a2c25d,1003424504.258628
9327563b40f2a0f888c68f28,1157259085.1633823
3438e5d77044f21743e56edc,652039336.6984448
63cde4fad1be942dc5ee695d,433943785.60794795
8e712705b7de6e791c8735de,638001848.118318
85de01c0aa787152c77c6180,414258321.7139813
c9b0673becdedeede0209697,442642685.40318114
15ee6357e02b76367682d6bd,840180068.2787759
5f284a75ec8e9c72abc76695,730152560.0104483
37e696957da15625da71146e,761332389.5874661
96a478c359fea0014fde607d,751979518.035405
1a61721fb7306d55dd77b6ba,751979518.035405
a7577260fa10bf408f1997d8,667519766.47559
b3f8ffa761119a5441a44ad4,967440028.334643
a5c85b445f503a56e0e2a924,1174325076.9412017
5aac1a1d5da10b76ba4b690c,919977214.4064599
1420543e2eb5f38e4d38ba81,1283637542.8328202
a530e3ff6d7bc1abe333245d,665699256.340207
aa9988248c7dedb016d8b6ae,802909364.5464954
fe8ab5495cae81b5478026a4,595146207.4688017
b463c62e3c21e339e7acb52f,663834421.978051
00a5133e7373eae3f0be8f2e,581587439.9177445
38b424cb0e54f0f7f2745781,660336811.4269152
c43530f324a3ac90f53a8849,810557523.9447508
abf93b2418fcdac14293c9a7,553878071.17171
9b1be976725ddd512cd222a8,799297701.115388
9b7f17ddae12105d47fad7eb,642043744.3442059
3caab5e89722761d5ab2498a,591025948.8229283
a2f40c8227b466249d6cb659,634097025.6721854
e6a5007ffb7c1321d4fc21a8,625538777.3153355
0d50b435188b7830a6949026,597179850.820277
d4bee60a74c2e2235f507ec0,641376539.2812009
b474103c4b637ca25b5d89e8,671221808.5864307
ce6ddb82d2ece3b8d58fcc63,427083102.1501985
28403f16831effcb75471738,407615935.51661766
03f518e2e5861002772345fd,400924345.70171416
011a6d0f12ba108ef15076b4,324150288.76255107
93ac0b004ca60ea56cc2bb9f,553853028.2664384
1b70fbd3e46da8c47c3eed61,496974071.35223943
cb40d6ea6a1eab77a60c1ba3,649101384.0381188
87c73db5d50e8ec3a22e6ccc,717744905.6080427
9aea45bade274e4ed91ec301,619203449.6253235
43c22bfa9a14df7b0126c12e,457147559.2512819
6d848e54ee68e6d8f23b3b1a,485207132.7124295
e5cd7a2aed48057b0dc8d970,573001085.5754883
bc4b94c892fea57ebae3eeb6,522970567.024249
e7bb12e99318573a6e6ce1cf,707142102.6097491
4b52ebb0f0a8878def4170c9,812182013.4223605
3e85b447edd3b23b5a0d3b79,744574107.4397146
15005fe7eb24aa25b9e3cee7,619007881.9623938
22e00f8057294350ddf4d42a,883371041.6356841
ddf2583bd65f02abf7ce3280,779527132.308582
704e5657734af93d19a0e5fa,641755317.7559791
cc1a11362066152d21d4cc60,523404180.25215083
12062de068acd322b610fcf1,765701491.9245594
e9804af0513b2f68daf182b3,496193346.2622735
f13d8f4b2e3114d71e5ed941,775670413.6618907
11bccaef3431fc17953eb81c,849361840.9123415
ef2b9c11f884cc5f31c26f60,841382027.3413461
25986c851e13c92ede6c6d6b,972567724.725488
37e28ed39a51956880d211af,1099790452.0817456
9530217ea0b5d2395adfcc9d,1114126252.210023
d8607e3261ef1546eb0c30f0,775321199.5529076
22a025ad47ba22ea9fd1a094,738174299.3405199
1c88ddc21f3e8e4ca633621d,385658144.004588
e45ba581daff88707ad842a9,617446247.1449816
d7e97cc158c6c54b02fe635c,724783029.0761348
04bb7cdebb8b66e783058248,564996823.0185845
d60cf6dcb7b4b40077536604,796488405.3825299
85ceb648cee9f6f3d221254c,692986429.3934343
f58528d3ddce3bc6c71bfce9,819668264.8738
c269765ece36cd93058efab9,597454356.76751
919bdfeb16dd0bf67787d53e,409276203.59772694
ed8eacb8746dbcc3c2ef3aa9,674719825.2931056
15ec532ec6fb73074b9b12c9,621444265.6166167
58a724e8a0e05140b07539b6,663862056.379625
2b7a5be93795a65d29970b02,701914801.3954513
6dde9af12b6597425160a47a,1159288570.3300483
f0ec99c13c61e89310ca9b8a,615874516.2756315
65c83da72c07b8e74bf581f5,826075259.3357728
3ecdb7a7d178b48361340ea9,882688126.8238987
af22669e3ed10470623fd8eb,639659667.1037385
748c981380925e1247b9e64e,859438832.4419644
78ab6cb1f62a7e781d4c4d0a,425627585.3705163
e80ba06329760362c7685ca5,589558309.2254641
3cecc0cc43ef46670a8e69bd,570667438.9900309
527e4b1b06637b5362c8f17d,718435528.6648673
cf9eb2cd0f20b13cc8816bbc,466006154.87333876
4b3a6baf8196a59bac8c08c0,589015938.2703006
9bb9864a6bcff25b17477717,584323747.4571674
4f7d630c921cff500705ee5a,549066463.856061
7b7c0544ece4aa383fd5b4ce,700242698.4374626
191094739043620c72aad2a0,808713622.2140638
a20435d582c7646db231e7d2,700609598.0562214
1555743ec7e2f38904852860,729731143.4120624
1c7452cfc46652a60b7a4f05,738168299.4280682
97439d5a82f970e7f50d51b9,754390059.8265809
7667cd57d0bec809417c9b11,598190104.1415541
103f6eaf04b44c4013acf097,1057916048.5917989
e6ef433629e193042bd30f4d,951118462.4414796
2ee7f959d069c9ca223115cc,891506814.4326284
b46625b69fba1afc154471e0,761215178.5576475
5cc0700421954934cd8dc445,635401649.4444925
066f1b68f7c053a196662fe0,586207271.9558176
645e1c7b799a489887086a1d,827392878.2160585
f426c41d6d8bc99f359f480c,397416523.62800276
d1be4eae680cb16d0c842606,987921255.6415908
57a5f4f83a474ae156f207ee,668771721.5642127
53eab0ecc3ff098d55666699,1058505900.3855066
54022fa49ecd9cf290aefc89,884234173.7193494
545db4962e6294cc5ed07727,799297701.115388
8e17bc9f09099ba3138c232a,818994547.9838749
3b4b303bbeece313f92cb85e,694134684.9280365
d0119d7bb15452c473ed28ba,548267402.0457358
1a36f98c62f5126c8064314c,656703478.1596433
96a77e8e42d676b0da3fa572,674282241.7934049
d7d6f668e3e40d957163276f,731882084.7794403
5b908b8abd8dd0862440c172,621232563.5338942
81716dd4aedf72a6a14392e4,473814311.8143373
47d252717c4bcae3e1ff19e4,1011681243.3090867
4f0b2f7e4d787a108a4d2537,823670040.4202327
90a43053efa1d292af692a87,548194189.3808167
c3df4b9fdaa4dcb13723b5f1,662925747.6345959
4b905620f76873355d317dc1,641266225.5543518
ea16314310144a10c81da9c7,391677170.29742134
0e5db1a36a521a5d2912b238,611922719.3309106
c53c58dd7b26902f67c3becd,827842314.7369093
6c17875f20f58b1fb211c18f,860440330.941417
200020552855ed39d1af999a,617762981.1377125
b44b862cbd855d46954eca5c,588422262.4616979
ce47299ee877638c4729f60a,591455724.9736242
3a28bf9841e6a9d3f1bc293a,678800838.8343176
3a488b9e24d9b8fc7c222e20,428070056.8393464
5469c33200ffa87952b356d0,379262482.6742931
b57174dd86ed451448dc501b,697268685.874157
ebe09efa32acf6d680341840,838370291.9862486
33f7d5aa494288cc90d60456,979650721.2941695
de9a32ec454c2696cf75eb0d,810937715.0350447
df4400c44a166c851ff46eab,705834909.7006493
5dcc8f6a6854a864dcd27a87,697286590.0843053
bc08ce9f24533cd644ef08b8,476984467.86544347
2935cc0e053bf558a8b73054,697286590.0843053
f08001f2590d7b734467c58b,455082678.2105611
5a9892659590355b91442979,709781434.1795608
ea34dfefac91681864c2bfe1,756061496.6201153
ee3b5d47d05a80c07751f7a1,919777930.8640481
448ad01af4c5cfba3feeab26,919777930.8640481
bcf43ae0b4b15ae168abca97,745511542.2222493
8ccd326e4f515bf7e817a14a,653807487.4667888
94535dcf38c9c6461a73db02,484765358.54565847
9b3557302e940d4da341cdab,513920396.6330967
edf8c961862a4ff8e1e44f1a,810519192.9339461
6e508fb72f189a4fa91bde58,640678940.3085903
7d0a4771afb00cf9a38ccb81,1283637542.8328202
8c32b6b31d1a1d5736c4df61,934909126.5304595
da782fc0c8a79e3e250f0f67,427098112.6340087
c86e643b7f7b57b4482020ef,571709562.3083769
4632f1e8fc93e268ddeba07b,699251590.0101115
2cd372392fda500e6526695b,625346741.856435
a05ef49ad8b2d6c466ac7412,858263676.3236572
9f50ed2b7e40847ffd877f4b,823511359.4770458
c00083aa30ba7d953361674f,391822733.2587438
50857161c59b991304f5c55c,624199281.7016543
3676f63aa0ab23ca7cd344b7,539651625.9073294
3710ec95af4702c45f165279,619007881.9623938
16db516a238934a730ced1e8,676129890.2674857
d450dd622183c7cc43a20d70,628503685.7368592
ba84fbef80c8a82895ec599d,1032697276.9068193
ee85a12b8f764bc15164dc7a,587059535.5175898
0038a3b703f4ec779bbcfe6b,617249344.0555779
aa643acab634ee591a2a43ce,655310293.5774109
d6438814f4ff3853bf6cdb13,680442303.9041762
a37522af63bbed2f4d10900e,1283637542.8328202
0b715ccd3b3e01444b855857,412912475.883353
fbdb9caee4455e99259cf921,679425958.4374889
b3c02569b8fb721934f51c52,444436857.52635866
c07e2ef0bed4be12e41c783e,615824677.5513211
1b4e4016cb766bfadea42f73,430364029.3484566
ecf4e968c925cf8322f8a0bd,481861487.6176858
6cc0e6bfd30ed93fca2bb217,472612155.04518497
3e7f514983daa92e49a7c87a,381116405.6610427
97a22807207cdfb341d5c50c,341642971.35482216
3f9e95762d2f2056e9716039,492095379.1626613
255c5b92d71a00c3a73b9aa8,451862892.98275685
58d24ab99d74ae4c449c90ba,663154855.1071707
51d1df6e1f28c40dc9074b74,1266769824.275815
16261339c3a99635717fcda8,863585711.6522474
1475cdbbac4aa486266e439f,753312274.0916427
2a9974fe07b1e4427e386e06,563883508.3292447
cf76689ebaa20c70d9db4d51,851891696.9299692
f9379319f992cbadc43b9189,686846146.1675632
62313cfe4272d263173e1ea9,621762861.7236964
b2c62bb0cf8d210dc4635653,962118007.3209584
5d2fd288d33283826210cb90,1114126252.210023
3454ab4ad567d2d22d990fec,648146321.5051582
58be66aeab226c35330d57d5,639644678.8531557
315ea6fbd6b3261cae7fb900,646530983.165997
6930d8e260fafaa5c317dc82,540240378.3810295
0fa99fd0e8cebb71a3bb0871,366141206.2527258
fba946e4ceea37176170835b,530822426.6537013
b53d4d8d0bd4a0ae84fbc22e,475597588.81026113
8bb1a2ecc997779d1addf12c,389629627.82258546
6dd97377cbc262b07ea2eb99,423060058.53025335
5c50853824c890a5a7f0cd70,691977095.4208833
4c3865a97f5877090e7a9649,767650259.0105298
a3cb2a035f98276076f2d848,447881594.6986219
40d04ff9c405cccfc82ed5a5,497094994.9551307
22caf82aae904c79057fcb3b,579768591.1244186
eaf87358d89af17c3e004c21,756894477.6209952
9ab5ef2c5650c4bd05248990,430364029.3484566
d96e3063ce77ab1235e2ba26,496178721.8368279
665d62a8019b27bf5ce6e6b4,530584227.5981975
56234f11aae98489ae00a8d3,644549365.7326075
76a5158e1a5c1f9fae8ee882,504791234.4948193
d974970034de145d469d09c5,482772630.8849855
7b5db1e4f4f47b4bf7c827ee,643144672.760126
73ff6ce99ba5dd8cfab0faed,540638473.2543484
e1cecc8f17883ba6e2723826,540764752.1041692
857870b1412b84f0f19ed751,636566462.0584067
d89dff35fa1944191aa9ed98,601595295.8055269
86b89233e0176e034ae3cb7b,666381980.5831506
dd3d529f3745159d9e7746b2,759997333.9421644
af10ec1529a63d0bc10b056d,698645996.7921481
a2645174e4e15c49331f576a,850211644.577773
311dcf366691c44243b7b89c,686396056.3506713
4cbc74a93e33f7b4812e1a7c,487545688.52836615
6e0140e1d667cecd155c6e23,553219586.0620852
dba6308e2358f30b7ec33f59,722115775.1694001
761ba98d35074faee3594dbc,760954372.0711145
b961220d34be930fada80887,678906039.278701
c9c3973bb37b5c688a7c0157,723073371.5523248
79a0bffec81b17d606a606f5,850211644.577773
135f6f92c4ec95847e8840eb,427111519.77473515
05858b1e4445f56f22e1f4bb,779011044.4409902
623b7d96c0fa09e50148aa7b,775670413.6618907
e61e5d3288f02b904d3b1e38,847929732.0033858
0d173e7afc8f8babbef6ae97,829774738.7213
7635a792e5002ab99ceef583,530030946.0960581
4da93e7126354a474d435a4a,888543785.6781915
a4c71322f79dbbbedab3191a,702194769.8800563
57ef53ecf8b709ddc05aceec,617892289.1000588
65c3e09ee6f1ef0500ca4316,1039909533.4333131
74d0b6e87c2045f95fd493c4,865141165.3844229
4a3d0390e005fa5b4c9403f4,921289064.4139637
a3aac701ae444b6d91b7bb0f,643498582.8989695
4afa3a1b63c076123e7a5279,942811658.3748841
c97adfa6f5ad3e3db6b80edd,918775873.2754831
58cdc29143b85386c76bedbd,952643331.8838905
1f81176d8a0c61a7177c6c2b,883472252.7797782
1c2e69465c75fb3af2d57351,918443079.7061552
7a10ffd970cc822108ce7cf0,952780009.6846751
3bfccc757ef82ff2774f2db9,1146403951.0825663
3c753ecb3a4f8ce43077a6c1,1101777758.6167746
100e9e2623cb0fc52fb08813,974048173.3558142
90a269d52e47c1705f9b6cf0,1171227659.9536316
34f4df9fce2ec05633d0cbd1,746027706.3868135
1e4fd826fc8693b17f6efc3b,804474907.8192366
efd9d848677015f13688453b,544916389.3304899
07cd866c871333283ecb2d23,765725110.7042145
76a307d6b36b8a51115e91b2,652120975.7324824
080969c751cb94822aeeb755,460954739.01560295
1e37fb708b70b6b5e8fb5cd2,570125285.5507945
4e47d2c8ccf9929ad9c84544,563504232.1314142
3c877a0fbe08cda958ff8f46,727590946.5227376
ae59a0d6441697841d86cfcb,581896382.3479989
2fdb80ee4f9a35663e92b3b2,597052584.7389722
3a513410a390c75fc14b0b3b,505148818.1935475
0616401503f2ebc05af7ce4f,781672146.4996109
98b973c8597d5805f87dd074,575326333.234321
7063abb555d919d5300af3aa,656158819.1685405
88c4b21ecffe12cb6c408a6c,640532217.5516256
75a4421cced1111492d00298,595662645.9057012
0482cd89d767b3b7de976c3a,611526190.023317
bda9e5d8048acbbe5a9d49ea,524513165.3180522
2152ed6b2b2eaf16ec272cb6,527966676.5347887
9bf2e0c1bc82010e92da2540,793817026.4798715
110af3c21ecdf156898c7c0d,840180068.2787759
2790ead3eba9370f00024472,655310293.5774109
9b06c7cebd33cd26cd6cc089,1283637542.8328202
fbb89795386c14f5088fccdc,741960979.982714
e8a3d9d6134ae8d631791e52,1065505711.5295224
5c535b7d92e34c0fe4b66891,716814861.7289796
d88544e4e85add30aa795ce6,509979851.36864746
01b78983d268b52137e5ac1b,611000005.5699478
25414034e50ca33fcdcda4cf,517869553.1019545
2212e0125cb7f75390020951,568647501.9123324
a4d5ea1b907e98be72b5c49b,562044445.493162
2df90c0a3e2b9138fe276a75,733486395.2442768
c520b7e8de3796450ce49a30,522232793.0970513
35114fa32397272437e67a54,638001848.118318
bb5726ac16b4ade709151159,702958597.8849512
b4dc6733589bb35444b74c55,611340692.8490989
3b0b0bb06d95c5ea1aed2d95,504226732.69031394
fb7bd85c05cd74d945d22de0,579944251.9844577
6396667677a878ff61e1b536,441960538.35388297
47b5804ba1a998c3e7544092,704025899.4546696
ad4d91ed26c1fd5702b94064,747422415.8259308
2b802261b8bd839aa0b04b16,741960979.982714
0bf9fe130da23aea7142bb7a,614995611.0595448
90511f2411d4a37a7224b995,822557996.5759066
1355fdce5b97bb36da15734e,917994623.750704
775a6affce535c5a19ea5f30,662112584.397912
e36d70d72c2758d7fef242df,691851618.3457179
2fde05df6a3aa9f57385e6a7,583985439.6279521
5e0100ae728e347eedce5b14,987921255.6415908
a636ffa140f80412f003734d,713451553.5610772
74746d24b9bd86e23338bcd9,668771721.5642127
99c539fecb3bc233288ff905,805193910.8524034
44760087930212643641eeb4,1172214298.6203856
2c5d940b5ef2276f1fac1ca5,827392878.2160585
b26f22f1fd5a991ecd1e07f8,680402905.4455439
1ffafa78622c45ea4127ce82,900229801.124544
32a555016892e7a74d231545,674282241.7934049
8d06037db08d0754bb67da4f,586207271.9558176
80255211d99c72e343b32798,1087746056.7922778
070062cd1c769f3be9255af1,1172214298.6203856
0451f65828e628c2220df77f,694134684.9280365
d96f6225db81dbf3d1a0e9bd,479535162.3876664
b1527eec2e6709dc51e03f9e,784454167.3108363
5464fe43eded098294d634ba,822557996.5759066
ea37ad89fbe4159940586718,541749892.8296629
4057a676e7012fd37af9c3b1,490040744.1418676
51273a81121232e7f30cfd1e,525046358.94606125
3cfd9ba5c6993718c0c532ff,583149563.7450156
8567e677b30c410df80004c9,797361131.6172127
7a34bcd9f86f5036b526c3f4,578662841.4215904
3dda25226646e1e91f4c948d,578662841.4215904
a2529027db6b525e365e7be0,595572009.9105629
c6115d5e908e04e67915a581,668078012.9344429
8d0ae601094562744c8dba4f,539838676.8588175
55209683056fe2f9faef7fc8,546768149.6439117
e840095310907e82a159d683,578662841.4215904
278fcdbf16e3064ba42c6785,712185323.7838109
74af10afa02e7724eeeef108,737845412.0700091
b763f71e8a5bdeecf0f3f0e5,496277089.2138692
5472d536d1b6b731537bb67e,947935715.0161345
995ba6d1fd63d5160fb18e71,718694472.9407394
f424ca724e7df1c37ed78aa9,644141011.6712948
c2aa451b62293042b7244fff,929383574.7457389
d4ca9506161d3f4bb3ca57fa,494636725.9740634
799862427c1f335eadedf4e8,513210377.0428791
1f3b3bd08063993c23586c93,457055860.2306248
817422f4c278ff27a22b05d7,612082097.8237195
db9798a3f9ac287754f3ae01,663554656.3025322
7ead45d1f505649429904307,623067057.696971
ac7ab254166442188c6c5c25,627010843.9521278
67250a8950aebdbc67f7fbfa,871282690.7861311
641f4319c315cbb74872b8ac,423255062.60605365
710b0541a025b1b6a5a80c41,435311580.99222547
a10f459124248ef30f290cad,618258292.8919263
1aac53220223d0d823e70d0f,699644602.9522029
9d0ae0c4dc11d8c6d94e545e,709920529.612897
be685d2954b8c7337ec94942,734946715.5047
e43151473292e4e98f121f63,463182334.1316071
e04fab3d74d14be3b8dd2c8c,641048483.3437635
c77509a6eb6665bb8eb07d95,680290530.8063669
9753470e033b35407a2eca2d,493944051.69225127
825f57ad0527d4abf41cffc9,755758073.1295722
0d8074979d302868c2534262,896150235.9531856
15a3e60c7a5d55243057d7df,727732668.9122789
6de06f867a28393a9e95c7d4,350779208.7522475
4d418d0079828e244dbaff5a,675373266.2663537
2de93fc191360ae22b0402dd,528964863.27995926
86792949f2e6a347208cbffd,545530690.3377576
6d8a0768adedcc1070d28390,849377281.3277465
459963742bbaadbd9db97723,739667677.0486382
235b10cad7233d579a966948,531862379.4325582
4443407341bec8b7b0af40b4,741960979.982714
d7047492f4c53a0cdbde60e5,835583412.3254789
5541cbe23acd6ffd4aa0d939,646994711.8822258
1d0853f825cc0aec6f5544cb,739967666.3193797
f016623361c6ccc5163e79d5,800872850.3052396
d280fed64d1c23ac9d79ce20,748890737.919647
7e86f11cd63ff6c8a3c12fe2,779431455.8172023
9d7f161ee660b1bcb54574b1,1186494646.1381571
a0722c5527c6d3cd5cac9477,1172214298.6203856
278a2cd98528eb1341a6b685,533952389.3657226
b755f88ff3907bbe2a417e07,628675409.6708183
2bb55b0a92d62454867bb158,775691533.1698115
960c9349b6ef9b747ebe5829,1047005650.7009032
2c8352c418097f82a50d9bbf,839288976.7464384
47d7ba800f164f397fcafa9d,537386586.5224689
610061a0e67aea7d222f08cf,1170000622.2460825
a33de2559b5f56d1b3cfce08,631599084.1583143
f020fef57e9069e4dea2d71f,1087702124.422737
883f095dd3f7e972d7dd3c2b,630574673.8920981
b0b784bfe2d3c1b3b1320613,634636030.4829546
1ea66dd4a72d93f5967be730,778360234.0542568
90b04117887941ac898a67a8,402095376.513953
022357a3d48ea87d58ffb46e,503415278.24993634
292224fa68b0303a90063801,688319507.1441693
6cf924390dd3ed4454403887,457792660.19895715
555a293dbc104e00f182fe34,625134293.0928602
e13ef02a57d35f71a4fe6121,607206491.9978917
c82929467d22589ec62c0475,676116926.2565562
18a74c9a49ad381aee5e02de,596585135.159472
da40d46cb91d9e59fe12e6ba,685377929.0536015
6320f26d77fcd56675db6b97,646951230.5517377
3307731f3bc518012912f1b3,686603509.3222622
ba94572d1e050bb92522f112,382312698.25417227
6e0d6bcb01e99fc4959d3f7f,464890021.9040359
dc3cbbb2fa00043d02958219,825181420.6358318
495aa774f4db66db6df30e93,505350237.76684195
6ba298925ffad32daae55385,430736323.66593534
8df5099d856c7f9de43990ab,612783090.8355639
93c5c5d9d1e99824178be9ff,671389560.7810662
ffbce3ccf241890ec95104e4,578125234.2567297
2c03c38782e365e68b32d6bf,582199428.293303
7734421098413f27fae86fef,561829662.3365284
2b50969f1faab80655bb9104,568299397.2010235
025a98586386211b1519f9be,486911982.6549175
6013b8c04f7b9fbc74ef1ec4,520570918.4084837
11075db1cf9899c8640e1b90,715524440.8123353
61ba09084039a467410aeadb,650158433.3272794
eb2880c2433c4b2500fd40ef,445283781.3940112
f7f8607535159c82dbfc6c14,426247898.0877184
35c7a7c0ace36f4b95423c4c,407801351.78094697
c71123c31d02408cdaa74daa,621444265.6166167
dd8aa138623604829d56ac2c,464890021.9040359
cb94eee5ecfc75d0fd5ba6e5,691977095.4208833
ae6bfb4eb4770f2266e3b961,589972844.6976746
573ea1962372999346590c0f,829544930.1604816
9f7204b4bb3ffb8591e3164d,886212957.7402943
a4410bebf9843297fe32d63c,600902605.0693586
2afd9dd680803e3c12d5242b,658137466.443451
a7618c242fd918ed894304b5,645808848.2439526
5ebc5cc2c1488f681cd119f2,735987807.6520092
cd53a991573ecb5c53f47986,843785918.0557528
75ecbc0c0e8e76bb8d734f60,758360215.0529994
47c2934aaa5934c68dcb9e51,634588296.2441199
386ad1ba1cada9649f3415c0,658862139.4108613
9ca0839c9c294674e86eb691,884234173.7193494
bdbaafd11259af6300321a89,616592625.9160377
2e41ceccc918145dbe7de0be,588593882.809113
11df35a3fbcef34e47747e38,560689036.4987854
b0bcb64f2f2ba69cc712e0ae,494598241.01539236
bce0a4447db2d54d36661011,540547567.2396181
ef7ba10407cd74590ea3fff3,713900014.0298729
a743dc3903eaf3576046ef3d,679588481.3768541
b3d072ebd7908688d908d350,942985418.6225338
a48abdedbe3d132276dbe403,788905594.7768074
c6b7e739125907c86a8997d3,713342541.6219469
813d9415d9abca46ad4d92f0,816624915.6393751
c631f8920a2fd1160f6b15cc,621198209.8416306
16194707d4e85fe332411bd4,649264967.7582127
31e241881acaceb02ef915d2,795112283.6166646
a3f1214ea44063ad10956fca,735181224.3873268
ab086fddcb949e3dc0ed9b5d,781782426.9167815
ec4df02b32d90c019125d108,689520755.4229636
09eb808ca3859318d6328db8,562937764.0689994
f520fd12dd3ed32ba78d357b,792056651.2385787
0a2f7379cd1bed7d2d2d5a01,867526032.7807908
30652905d3eacda34ff61a9e,787854966.8224038
0509650d34981639b9c64a22,650673026.7366278
77cd6b199ee485314bc74626,600903690.8681397
10c836c2e566dfe9edcf3d8e,972021692.7061715
e109ccb29c02c9b35b789c90,1056676640.5824112
2d60a221b478264cab9816f7,806648724.4187254
d34c48ffe935cec3358b2247,842256424.8276564
9cbed1ed72b444c22d8c1614,705110364.5493858
735c3aff4c151dbc32f9a76b,941763139.639455
a4b6ceedaf89cff74a292ab5,823943426.4500136
052957f95b6e7b41bc625009,808312562.5158762
33a61cda27fadacce0d1aa7b,855960803.4776442
6c3bc8c58ce67b8bb9f5894f,852385917.9934634
1988513503246248b80c7f17,960754595.200513
57c29184563b31f5f752c5c1,986691187.6771755
bc6a7d4ceee8bbff9ac5eda8,804521471.1434183
f1b7ae24195b4414e6d6a001,1051818131.732213
e7b3ec90b47c9e6009ca8a75,1026933709.1788073
39b62c6fca161b80bc6726c4,984458799.6078564
55163359d7cd910861059389,911822301.2104993
df35908d6ae2847dfc73cf9f,967474425.9501872
ac822dd448e04e9f8dd1721d,893246176.8056005
7e86148f53beefced6e0f3e4,525423334.1942981
6eff15cd6372aeaab2e665d8,372050730.8167785
0a1af9bb571b90233856289a,521269538.42332107
b3cc5930a3cb26e35a45e09a,578967767.0195005
0c12f73305bc7d72bdbd9789,617317992.1046648
ac048209de77cae737d60545,524805188.1985212
9239fafbffc066dff0811302,327737380.61350256
8e0ba427ea909cb7943929b0,642117600.3620293
b3c99f30b16fa80cdb4f213c,632751500.5194697
d1dc16c82942902c668a5c9b,816432733.0165858
5cfc9e48ab90da0f4e98a7ae,702982384.646973
9abad9f79352ed42d1a9f099,521145244.46450436
dedeafb60b4a39950e7a984d,521145244.46450436
74cca5cd08c4bbf5d0404d74,702816839.8001505
b6aa1cb0187c4a1715517fca,521145244.46450436
e22bad460ec1bc991f14bfbc,485826749.491708
594d46a91315527995cbd807,656509812.911339
2c0b4c8269cbe25a4e85e049,530626761.3490465
1014d3a98e886e1a7358e29f,599200399.5817295
73d6bb3d6ae08921a6117f5d,651606921.2686725
de3b619a7c80549db6ab16af,464862161.3631459
da34d6cd832009e428d2b467,414231459.01392674
104722434c2deed04a901aa0,464985698.1030793
cee66eef685e4764b9553a02,540638473.2543484
58b40969f1b73182cb6d30db,540638473.2543484
964e9c3f87176e761484543e,582390872.9056143
19487167081a9b0dd09d7975,873281731.1064193
7d8e345c9b16d0fd69f848ea,823078422.7584487
7d4ba999100c8e694fd820cf,997952093.8087025
c6b157e7a6ca08d04ec4de4f,472581839.37667495
84ec2d5245cfa146dab05065,716042194.829746
c844a386941b86a3d4c0312a,541828928.6920738
0648aae13097ac649fe714b9,882468317.3438241
34f220a8ee1f24bcc5790364,465015510.20677286
d12eda0ba04f846d73cd7acf,864344980.4409584
c12904320223ddd043f39c63,539651625.9073294
8bce0097d22b34a804b502bb,531247998.0640379
ec1171cac1eee089be6f427d,561322013.4672009
5d85d77a06d0f0324d15d162,840180068.2787759
0349908483ce628a0a5fc164,788084347.5807983
d74da3bb780515b1273d741c,741960979.982714
64cb8fc8412c9247a5c243ce,1065505711.5295224
3a53919313bd750f2b1af906,892613457.6852233
91d265ffaa6b407e9747b15b,699303464.6275654
1db1d1b76e09197dd915a8f1,1595902476.096239
6645a3080e5d10779672d139,844171523.9949175
3ff6e77706eae698f86eec29,596560332.004439
4670d21fa84e40184f03d5de,370780864.6703025
ee8bad3fdc93f7fb79c9cbd8,994642723.124777
b624f0438025478c9f66fec2,868455617.9372783
37dba4927e327d3a4a0c1d36,597090886.1855941
8d16b1bdea35630a3b09b192,556720860.4491782
d54a4c353cebf18d452be515,729257389.1625787
c402811ade75f5e3dee73ac3,738374043.7182255
dd926903e87d691a0f15dba3,930890605.7351989
cb01687abe09df6838e1b224,591962373.8562421
6ad3e1a47d1055b55d14e091,830185180.3105963
b8d50a94e8166e471fd8282b,966198745.9398571
a77d82703468f2f9e8f2ea0e,705905139.0231924
5d2be469f69f31090769efe3,638821010.940693
c4e8559ee733a551649a5dcf,1387913129.2222672
5996fc90f923d6e8527097ae,863101539.7498617
32d5772adbcc785ecbc2c55f,866711700.6845245
5f088237d263c37e78264bba,591677445.4106168
799afa0396b9f268f239db51,408672912.0341305
bd23b1463f0936d2ced5fc67,681381042.3641458
8f35a5d800d98481d7a8b6a4,646625897.7698928
371b5ecf08973fc6e6849d14,667769315.5186719
fa70a55dd0e2053a1b566de1,427912312.96115345
584364cece0bc4d17f0e7fac,325216655.7305174
cd968f8973a267790a38f2f2,584306897.215339
c46b122728ef4c9ae8be444f,674250275.0168891
4056182cbd8c12cd87ad9e84,741042829.0338541
6ac747618b6ca674e86cd275,515263264.07190424
afb02897c700dbac941ba8b1,616287520.1548648
198cd3f4e9be65b83f01ceea,570538538.4610614
c92bdf97d7f0a9a12c024406,511966562.69814765
e00e5934d1941490834c3145,999988601.26009655
5b139fdb19ff722a846d71f0,741960979.982714
8b554961129384797391d1ae,689134481.7393407
854e27be18fb8f24fd433eb7,747422415.8259308
241d9f8599ce6cadac1d6609,746026315.3415827
b85b37ae83ef95baa03752f9,842370294.888728
5b3ba9e56e24e08e1f81e220,594902483.1024636
58c6518f9d2d0526d31e7566,464939964.2985974
38a1e2050dcab9b4c70c5e83,549033181.0018779
da94e4a5fdebe3ae7bb1adcc,966024696.2273676
49fb2771ea6c1e8950cc9a57,944960612.8529487
f2b67c40a560af8729bc6072,746928438.3809954
13fc2dd1cd32d9cfa457a5b1,728004786.9228106
b6ebc3b8408793f5058cbb90,853091646.3695947
75ce506dcb994b10497e6816,568758656.027591
6dbfb281abaa9a6956c080d7,328951207.7686211
af67a68803a18663e4b03eb1,473708740.56684285
a9c212f77a048ddc33ecebba,482749706.2590465
df89fa06e32e90b0b6c2014e,576555038.3661845
f20a7f264a8285a75dacdc1d,764956137.8571858
61a363a73f3c93aa1775c4ff,896583750.9399453
d8c1f7303b205fbaba2890b9,573527561.3059676
70962daad7cd15ee8af564fa,754348522.3165113
087caf4bce7b0a3fe3c47dc6,869694252.9716932
5d2200b04fde91f830478aa4,516112991.8894712
821eabfeef3dcc622fbcbfc4,452905739.38615006
3d722d960b860b4bee79ae2f,663228756.4093966
4d3d887d2236c2f897f3bbd4,469750149.9148605
7fcbcd9e274b75a157cf5d5e,696632907.9082854
88ea2d2d7cb6d641df3ad76d,893741101.9813129
c06088db17767866b7f4ba7d,840180068.2787759
e4a9626b1107b9397d0067aa,647537765.3532628
82abb1fb693f34877bf1327e,1010194866.496716
3279efb86571efde18eeebef,761391483.093284
afca7b219d52b22522abd00c,695525223.7707641
7712f963ee37e91abb7342e7,637508976.7673535
2a2f455525c8e0bd709db91a,628587699.025857
833ded72a8cc9c0d606a7a74,630667430.3951465
f3bf0be37be6292ba0a8736b,794549424.5849057
c06c8b6425e3a7c2d7481e42,492144477.1099029
27d4f17375f76219b446c092,352747811.51383257
9b7de95ec90da0dc8cff7011,684407294.6031674
8fdc9f203c3de5d486de7ba0,430364029.3484566
ebf2d540aff82f1aadf95f9b,618453394.7994171
51c48d17e774d6cd84f4c355,619203449.6253235
5c1d1ee26cbde5b766cb4ca1,765701491.9245594
2d26b8360f1da9a677670fcd,563883508.3292447
ce1b06502cb0c5d9846cff9a,423790061.66120857
3186cd0a3125adf3b25587aa,678906039.278701
f839de5370a225ff993f5b2e,764770656.0070488
2900dcf3f944a7fcb33aff36,478035337.4284597
3f54091296f773f5a1bb240b,799702798.6819539
499f6f4997474415f0bd596f,861797101.9939744
110539d2ac34e5180e3fd95b,708023058.0844377
dccbc668caff517f649cadbb,809241707.64138
823c9c7abf2d00140766a2bb,1197669387.0046425
94af5eccfe170cbe7d428184,589714668.75481
dd21457e18f07d7a927c0104,586777859.3519065
5219cb469fff40cd9606bad9,477681642.6735325
5a83bd697db5076016c0671e,456982406.51079994
2a1edfd6cf74573521ed74a1,570675978.558146
40aad45bb7a980c9c5e1884e,617892289.1000588
a315b497dd8e80464bf0480b,703299096.6094868
7095d576a0b963eb340d8fdf,540638473.2543484
9d6288cfead77d622f5f5b95,831785616.7507309
4caf356c110a50c6c94f3eab,748549184.0198398
23101b0002252f3d4b3e1d5e,854940808.3851581
8d1f7b0cfde7e496e7bfe972,646261987.8462918
28e572584fea1555e2a517ed,540405298.7826158
6666ab486afcbc162fb560c6,1037623997.8159361
b0978c973ec3291e950185c1,929927922.3190242
d6cfd3ddca2a59f0b6999d77,674667500.9630563
a77f5c03a98636d90f50e11a,882977092.1040832
e6387696767d20cfa4918ca9,532263368.77894944
1dc0fe5bcea9d08874871326,472612155.04518497
ccdf0abddccb1a670f31c2f2,672654651.6878024
3ba769d65f02217656e0f5b5,742883883.8179283
628b3b56449724e7d945351b,833991794.8497435
b47713520859d58efa95bb06,850211644.577773
e6c6625db90e519f9dcf1b23,451671265.3568335
3e1a1b2a518d3ca2fe3950b4,430736323.66593534
24849579dc9ba7fef1b24396,633817976.6361215
6103571d9525ded3c09668c6,488942802.24647415
a678e89692df9b14da9f19b2,469094757.49390405
47bed52dee0d311ae0016b08,538384924.3671106
36c0d26b83e575a500a6c30c,551856163.7706326
34447730b60ad12f4775894d,1083287058.9284422
aec1778ae3b5e60cac280b79,788905594.7768074
d95f38f5d1293c74ac52e823,1083287058.9284422
5dedb7b64b6ad0b514de2bfb,702459407.0015279
60c71a98253b5550d773a529,532263368.77894944
099ee1a7c91105ef46b5e7e8,783090097.9212687
b56533bb19eefcb244e69470,931734873.7396259
62f46b8989bee43db86ff589,497282603.139045
4d485ae48974213b1594c905,813666495.9809515
c627c6287efaeb6fd9049312,636566462.0584067
976945e68af6a66f6fb0850d,591774504.6600708
93e443a5b3864d52765e6484,701914801.3954513
6ef9ce7a53ba3bd892e21f1b,592045062.3901323
6f3041147f930cd6cd4fae05,489025053.8540767
3917b95a3d05a5e58c117f68,509220322.1665637
d61ccfd4239026feb484cc93,368432642.07167184
b443781523fa0b5be4ad7739,757354010.0296751
6f0fcd78c473e4e04fd411c8,703027983.5148114
7f134c92e20aa9c6f084edc1,533871444.8728055
75075631f0fd84fb0ff49417,648092817.4951533
eae4243c274735d616c6b9bb,1105815418.7451577
25d233d2779009affadf5e91,649148376.9206321
1990717d8c7aa8e732bb1165,870561704.7698517
71b99de83d83dd970b00f07f,1055817965.1362478
243ab5db6e47f3536d04d312,686150701.6251732
61cb98125f43429f7f93c898,741960979.982714
6ed772640e5a311cbfd17c31,717174173.3905706
d9f0b4c92bdc9476f50638ed,638001848.118318
796eb5ae3ca5b63c9fbb240a,738298220.1957895
e6f3eee9f5048005f24f0943,747422415.8259308
291ff191bb029742387a72a3,761933668.8225079
829bde7f8716daf76f65ffab,694397614.0244149
110a2f124bad0f9381edce7d,621533111.8939035
76b719681617ff7f28d33df3,873880914.8175945
eaa6d58e226904e9993b3493,608731782.9032013
af3e3a83257eb507b96b2a1f,817357901.1326561
43969367322e86c68b51c2fa,460026877.03096557
50fe589dea73e764b7735938,395832771.9973826
13c9960a03a1c446aa5515cd,613198676.7233299
e7834f52ebad3d3cd00d069b,492827870.65425456
fae37ecd6046e53ea121b1c6,581366129.6644392
8a0d2f8860a90322d6c3b61f,647015417.2304331
008c7a02d158f3b17ee8e015,566738672.8252392
3ea6e8da2cb0bf83872dfd8c,702795017.1445445
9b184e58842bcb14dd42103b,554368656.7747236
43eeb2567c61bfbb059fcd4e,594207320.4239041
ac7f6087e19c2d3502368fac,577474486.9504957
73494d52196ef9838b1be34a,994642723.124777
112d996c4c0662bd13af3ea0,723112392.2919081
8c3a02c9ca043cf0f322ba84,644247230.8535867
a757ba01a02acbdee50462b6,918859812.1035591
64e3401f22d18b573ff0504a,612572963.9471246
acd7394afcee30e084844c63,582701698.4216516
35255f80583ffbd504250554,793997975.1280743
370a0d0da794efd58cab251d,787855719.8805866
cdb5f8327360c750469cee74,795112283.6166646
dbffe8f46b3d9da2e57c97fc,844171523.9949175
25b1ada57fd1e5c88d939c71,827766719.340112
05f79195e285c126125d258c,904159900.8786477
62c017eac96743cfbb61e86b,675060657.6181281
3ca7f183cc0b303e5d455309,781653530.2214547
a3dbd504524f980ac5325150,977622475.826793
5703df84eef7ca9bec5bde45,868455617.9372783
513aa9c91c245ee4be31507c,829167190.1633794
d41d07d1aa700278cb81ff30,841250616.9423207
207e39d9cc4402edd48864d5,668335029.4820124
7134b03f54b10f282ac34fcd,759957189.7554399
6d860c215908949c4ba1c536,366314486.0619939
f35f884365b1bf6fb303d7b5,629797896.7575787
4f480aae78aa068901ee9468,642982126.776481
39a12600317b58457f68b5b8,494291862.5754733
5f0c7a6b4f46203648a0bacc,573665278.6340488
d01f6c0b2b338289e9fe3768,498462022.09065247
613ad83abcebf6598f0079ab,715840442.8550798
effc32659ff9bf30faffb3db,678265354.8087496
73fbb3e6b22b957ba6b7557c,548349695.5459371
6c8c5e22025ca4f450a428c3,647692845.3701084
d6e333e793f75c2ab34fb127,499950182.54810154
b82e52830b51e823ac7187fe,393276391.79438275
35ed4187f732a1ea68dce712,889127716.3853863
0c5067ff99e15fcf99792cbf,889127716.3853863
0ad01fb039a198262ec59b72,755960118.7975422
906014f0ee3f3f4f0576d4da,395957024.73781204
13477d8ef90576ca84258984,401996157.26383024
3083a7ab1deb092f7aca6a54,643211451.9650413
a92ae34df90cbf8af7695ed0,732654932.1005768
82d22ca21e31222068e1ecba,651146303.163675
11727589f7c66554e9114407,653118492.2843193
9982169d6f3e9ca61dacfed5,577329328.5934477
2de0ad9bf15232d6056285fe,642079298.6859119
eb6e6060b78676d13d6bda48,547312481.3892007
6f37300b1fefaaf746f53907,665234405.6329751
7698775967b96e3e7bf66e6c,644195137.3719888
863e5cf88a808b8ca96907ff,645270688.515571
77b5c9a5f534a5b80cc16d09,634567766.476531
ade0c9cf1f9106e342c69bd1,637004735.2285712
6fb45859693c703fd9c812c8,549490915.0700251
45badd183bb1a4c630174f3a,505608743.02976
f66bad2cd4b09ac29f540f63,622761141.7354438
fa3017d74586eb4c3b5b7db9,687937640.2808149
f09bb33b65b5ebb8fffc3a21,758142544.7219129
600dc823c42aa64f60fc3ab9,708433925.383315
c1d9119fa7ae7d44362f18ce,888702066.9725457
a1305fd943ae63715529209e,819109394.8769729
8d81b4681ad0055c274e7da4,729437495.9029716
cbb10e7618b1385cf922e815,750890422.0423436
b09111ea69c4be8ae120ddc3,645784029.4602759
099f07f9ec4ff6d835337f86,603469499.525671
c70f6bd5ca138bacfdf8b5cf,782074838.045186
a6c86ab7381f6c43fdd61a01,496237253.31746674
58c2b87098ad454b1fadb13a,635138994.355635
6afff7782d129021eebee968,880254385.2428395
ad92f3ea52673dee0a56902a,859596630.8594532
3e040e87b89a043564f0d0a2,636396126.0458717
49d020d2056717c2108b0927,734070830.2623472
a4ca465294c114b1065bfead,641251004.6057584
ca9520c7b8432b0521b2e8dc,592455080.3533134
4d20f253940a4492b4f6a9f0,589521303.2460756
09b61cf8ff3ff09ac892d073,566572968.6261272
86e81141e429bd81d7f0e73d,598630620.1484103
b9826d7a6132b16df1bf58e1,658332326.7641871
a90c60e05e29b77963a11246,494652192.93026215
6e9984a3c3daf63fce5cd3d6,754595579.2863749
a9eafeeab4ba51d3644f4052,483037282.748063
f74eed3a7dad1bd8d92854d0,690418236.9215163
5b377636fe30946fff973f3d,758620819.2036202
5bf6c1862c0bc967da2cc484,788084347.5807983
cd5111edd2fe80f56db29531,643915090.4915717
c76c4695ed005277a59451f4,531589596.88126564
7dab6cd1002a8521e5825bcc,815532755.0778617
5b57258272dfd1babb29e7fb,734491991.7630013
f68b7dfd0579838324895097,892507826.7171844
812646c7de863919cae5edff,867728362.0500358
0da10eb6093728074b34fb75,854748594.9916866
c64346c8b0ba32a55292e66a,835583412.3254789
ad6317cbcbb8bc27b0774fca,800872850.3052396
9f43c80d2fa31a09592b030b,842256424.8276564
5b84f5de073000ad4d4b1a04,1065505711.5295224
d94d18cbc812d560c1e38ffb,1034183120.7767009
ab3110b5dc8ce81471f69c16,901362934.1236037
138a1990291ba31024455eb3,854867720.2712407
646bb3de5a1cfe4bfb7a7ea7,995798731.3545407
d8fde541f142e6a7f0b28099,714136254.120589
ef61986cca74fe8585b1b287,564860723.9330057
e1d8eacecd35515eb19f9135,1020630959.8177246
8346d64ed6211083fd420ede,632411202.7757766
4340fcb9c80733260565c24b,645738544.6494892
ff5a27ffe7de039e65170f9e,619103458.4529272
ce407c1e25333d7c7eba1b0a,617249344.0555779
f927027bc766ae6c111fb685,382888060.3914772
3f9a3edf25152433969f98e9,606690831.1056112
987476ca395533347581b2df,698200421.9052504
17d0e3208fdf10c77e95bdf4,594151737.0907987
b485036419de03f5bad01f35,659993816.2031356
d3f7847147c88352bd3b9707,662601389.4645784
aabaec5accad3f545f864a3d,553343391.7085965
400a103762ad652e81c8d3c6,762965310.4616977
acf15357c1a919b6ee78f676,1114126252.210023
8d983b9ca65f19ff3d69985f,943927240.7967331
b9a80a4d84eb918792324dcd,682532067.3697897
223b3c04803ae7b855f9fd10,783968382.2635311
e5c8f2d536c3f931eff2d70c,639316669.5183243
f976ec33e004b2d4d32c2eb2,703857047.8330299
cb00e44cea76a92e9c44e793,703702850.5051974
0e6dcbf136294f2a99410052,808087125.5115665
102de0a5ee4f19454b922b96,659386699.9284503
cb1c8ab11838d9f0a1197e25,930757996.7331898
2e2f1072d8db7372b2c2419d,619759236.4529607
8c4cc779f5034e9c10b2e698,376693832.56215143
85734fd69714897264ce2214,506725598.0479079
5694c1f689779fb5ca95686f,702815166.3567762
f3bb60434cb36fcdfe218478,464231467.79217017
cf8bbd3528d3e7e2b8f50c29,710073203.7063355
7db1c8214f229d865da455cc,614437335.4687546
f3478cf008a7ad268a434ba3,624034572.2190151
5440ee15bccc4eaf827fefa8,680364953.2729883
78e85ca7c532a77700bfae6d,679665766.0018014
eb5e382e1372c4e94f467673,677693517.9720738
5a11cc89d3b01eb87535ff1b,816678957.7277426
d0f5cebc2059ca89aae30c76,620622041.5023135
883371e374936fdd74d09fe8,701414740.4841722
9ab4e5f8cf2b807603329cdd,578118002.4591011
c37c7859956931d77cd5c9a8,770548334.1166496
730804efcdd755786bf734ff,532238816.4077512
9d021f3fcbe5f82fa1c1fd94,630762643.1726065
975ea2f56001edae07f28fca,430088715.74477994
8fea95d0a70b1ea918803f58,650158433.3272794
4718488d664194a3c0c5b446,648397658.720937
1b87ffa033dcbf4e2805dbb8,568299397.2010235
1a77ac51e03c77ad280be447,619203449.6253235
228d165257ef052ad50433c7,582199428.293303
513a83ac5bfe27c5b813ce4d,518811413.1214174
73bde441e18a9548c034372d,608622883.779824
26301269301b6f96862af599,556924859.860657
7b30dbf2f6d835ea0c14b392,547189177.150074
254de3f3fc52b8cb62141baa,561829662.3365284
f566603aacc78da47a283804,686603509.3222622
990c8d65ca11a97a1d34c5e5,594207320.4239041
a9878134c12696d8199a1ff3,640939685.4619671
58185ef7646efa724e904f5b,616404362.1689662
37d5b8f329ed1ec29d4bc035,605613450.2043376
e6f948282e81570fd03e4df2,704807544.5941119
8b801b4cc1d254d0277fba5f,645808848.2439526
33a334a16c4547b9d7842c3d,616592625.9160377
1ad9e105d9da875001111075,880396313.9875358
08ad96681afa49c74721daad,784600814.7652904
beb73d27906bea7a7d880791,829544930.1604816
bda5b2e5a87a4905a30f3b8a,621198209.8416306
5cf70a67ec25288657d6fff4,679588481.3768541
baeb4e9d612bffb63ae3564a,816624915.6393751
1902f509aa05287ba42f546c,696973114.2323422
c0cf9517f20ae81c79ceb0ed,898222224.4071428
2ca8b22013c529b412ad764b,634588296.2441199
b38816ece917027a179663d4,550356143.9703269
c89167e42af0d42c88e8573a,739686701.5313243
09254c66d93cbbf2675b775e,713900014.0298729
89f8ccb0c1e2136adf87a10e,834873234.4662777
cff851746578050bdfd46090,804521471.1434183
d53ddfac67129aebbe054024,823943426.4500136
53b5ffa0cf0dd12e4eeb6a2a,941763139.639455
62db5fd2a4eb831d281ba8ba,972021692.7061715
59b5fe8d4f5ae272dbaa5ba0,1083287058.9284422
3c1b7a0a306e16e8c22d78c9,852385917.9934634
5219c3cae1c92b52551a8571,822047476.6625828
de6aef9a5e47a614b75ee576,738228173.0607904
d168181ef0dcb853171cdbb4,1025738522.6949536
6c8e27967ec63e6dec4bd6ac,911822301.2104993
8544bc14286a51e60ffee7b0,1220465566.951997
ed48916725be6970cd2f273a,416453778.7086392
9ff3268cd15cf039ab958413,497363939.243216
16cc5c280124618cd5d00027,452426363.6913888
ac028c1580f6e4da4ccedf0c,716996325.1152867
673f2b913006ee8b33e75b5e,859773745.9901747
191f96722301456877893b22,618248147.1063787
a7d8e636db44cf5d3ceb67cd,636663709.4762849
1310e9cafc0b9fc21c212f73,678419014.197761
1bbbe4e1eb264f5c69467e50,543079422.5288095
283c1142d027be336a7bfacd,420824513.1183945
4d09c2354c67243c968dbbcb,699241222.7613742
db3edc43e89840a65749cd94,579646654.667294
0274166db611aabe4e946a83,525384022.36747706
8153b36347669087e363801f,583152882.0498185
e04473aa943812de1d662058,848827293.1957546
7742e8923a4b832e3d94f3c7,558627422.2414141
536b5a8aea016aaa90fe744a,776854140.82768
d2c02052de9c97c531a4453f,751394179.8759435
48378a6148532f71abcc2f98,715080629.5673556
fb0dbfeedbab00cdc7eb93ee,640876047.6705219
699412bfdab1157487c81725,823585031.2812741
a63c26369cfbabfc9c2603b6,828644707.8626182
34e5602cb58501859e32dc9f,745780681.7276002
da83b03a6c9d405f55714b0c,1006948167.4026041
d938d682332fa9e5c4986024,720768977.5566776
e9e39766e2c96bc783d580a9,1184919747.7755122
fce89a9ffaba32f9f7c5895d,1171227659.9536316
2d6aaefe0f50db8acde6fd1b,1103556822.4176433
1710873f951e7f695fca3568,671458373.0699716
0ce068461fb3bf34eee000bc,627160704.7553695
b5606ddf3a4e60e2a0e0d6a8,763613776.3414785
2c2e56e3e5210c111c7de708,670143762.4465272
94118bd8c3da3f14f9c7836f,525384022.36747706
d20a5b3eb857e1f4b548066e,753624732.2816765
ad37e23456bd4d90010f7784,548625510.8616563
c5602c608080e2546dea5463,394334237.29728323
e3bd8bd5884a55fc1a151687,547708041.6212177
aa31e5995379bc38dd40b8f3,671435658.1176186
fe8a10fb4031669a9b21c919,913757183.8247975
08eaca41f26eb387b67bf30d,1174325076.9412017
23ef4d57d130e4130205f30d,651338910.5998763
d6f1594affb8db7a865e3452,567738682.0588638
abd9cf3c36309d590e58c2a7,609745589.1163492
1c177af5bb41e26ac0135b4a,787374628.9702212
a05da8df13eb4b121d536912,584008078.0850518
5a5a581ad5540fc82cd3c2ed,605781848.4303846
b50ff8bfc0b4c4b165c5ccf7,700609598.0562214
2abbf26e80643dfc1b75edcb,755758073.1295722
ec903c33a379d8d2cc04ab36,775449441.3085676
c062d873af3b7cb98ccbeec9,984739783.966335
927de0269795dbe0566a0326,864524948.6272613
ee703dca75c4dfd5d035c9a1,918637026.1038198
b8a42b02c50438c2ad7598a1,511445945.4163799
f7216fd19f41ca5ea66a9169,511445945.4163799
f487761a658a4247563faa38,552968717.0891961
caf878b42daeee3c7de336e9,737744936.3239024
29d0dd2d4b120dd54c34b13c,827588898.2918404
1cfc7d60ce613536d23b093d,848926520.8839247
c6c7409bbf52c86461aa1dd7,619617867.5776778
312ef52e0250429a5ecb3b27,885310884.4480501
48299e52748ecff3b69f7a90,574473943.1919626
a02f6ef1f148659297d46b33,771828696.3279059
67f664c8f9250a22c10b4f67,558627422.2414141
4977af03eebca1aa266289e2,582330455.7505091
39af71aaea23b5c1e987de32,588372228.8241065
d69b019e6d54faa1cb044d39,741960979.982714
024e94e72ae88464621539eb,720768977.5566776
b980c778ecb2709696265c10,1184919747.7755122
8780134f8b40f0fec4d1b661,913757183.8247975
107f29b67164ad6861cb7059,1186494646.1381571
c8958d280d0cf2d8a0b481f3,651344865.1890074
1f8f74ce8831d5532f330925,808123248.116324
7be46b6dd9891ab771fc4be4,536609818.7539961
4f4f7d2b14079ddf8754d6ad,822557996.5759066
5921ce922675f6517f8f0007,1172214298.6203856
49f0323d28ef0610248c87c0,671700282.8903219
3ef167ca6c4ac77f6968d17d,674282241.7934049
8d2f9968ec8aece8d1a20137,816298449.2299578
4bad47078442f3416b2c1ff4,397595986.50762004
5e1cc2905f7a701f895123d8,728885407.9570463
a8633d3336d097920bc8a9b3,799297701.115388
72fe83366bf13a53937b7034,827392878.2160585
ce78e1dbbf0f7aee98e244df,656703478.1596433
11be39d287e5a8bdbecb5994,715080629.5673556
40a561bf79fa7a08155e1183,651451195.1870606
3dbafa8cd5225e261ec9b6ef,400924345.70171416
68cd88b657b59f5671f59e04,416001526.89264107
6a2ce95a8be0654f193592e5,492921120.72618824
4e613cde51f9760d3c051562,694134684.9280365
1b69d2c7fa8f802c4af1369b,674282241.7934049
f126c4b36c00d0ca11c21a2d,713426150.6782305
e6a7e6b41e6c6bbdc16e1e14,822557996.5759066
5a69ebde2e113923ddbcd18d,857406034.2846023
72f0540aab38ebaaf9a389f6,586207271.9558176
75b5bb7b5ff8ebcc863fbdcc,808123248.116324
096912698fd9a59d94935478,668771721.5642127
f0ad965090221d2349e90d5c,784454167.3108363
1c224347a1445ae01184e0a2,1172214298.6203856
0ee7273686a0a92fbf48a383,987921255.6415908
e2094d28cacad3e2a711c5ca,366928025.6113663
f50e0ea2c3831235704b8c72,681738202.0533149
1e64759f297a66524eb07b7e,751312627.2461159
7636a187e29abcbd8fad6244,489670648.5434339
9b858a70a031475e422e375f,693755473.0754054
56c2e8e14f9c6c9a9f046a08,533201724.2713707
1bd7b990be19afa5acc78bc0,481556831.8279514
8b36b7364e4a4c80a6e50bed,657600504.5060673
d348d38769937c8f350297bb,803003490.5123326
f4350916cbddd5a544c6ae46,421794719.1898985
237bce11f35d32ff029498a3,766842834.4494162
faf92fbca9baf8cce4a00063,619212447.0801617
812c9b5407424f956d308b06,960999125.6471527
9fd4adb5c63fba5a11661b23,395277111.9128908
168f81689afa1f055d8bf7c8,663526229.0087764
2a9bbffb1b98c49d79bae509,616075157.3647894
b95ecad591e5c69fdad8763d,431228254.3520518
dc51caa89a74da37ae644ff8,431228254.3520518
d97895a836e6ea22ff3265d8,396206050.96849746
de754bceba2d206a9cb4f116,581649704.621138
036177aff84b1901e0f18759,620622041.5023135
8a6cb559a488d6ce1b641585,828701944.8162857
74c4f233c7f385be73168e0f,591774504.6600708
27a6f3e8f9649ccce7680f0a,718116445.2387702
711045fc099712aae3fe4d14,619203449.6253235
01e033f5bd502c4ad398ece7,633817976.6361215
a99261116e0158109b3e3bc3,390653861.66828096
2d8d64261ba659302da4a481,547189177.150074
9adaadeeaf6a403e1c8754bf,742883883.8179283
2ab24b9c5349427998338d21,712734583.3322345
09ce36a03c52d6721bc5276b,582090843.6171032
80b37d5ebdb325edef39258f,693140203.1494421
78a080fc98669c0cd9153904,860621162.4007518
2d14ad8ab9573c406e203ed4,603469439.9295061
145f33a8350a080231306bd1,679558967.4060755
b0aaae3a435fde30c4c02fac,762189828.6910197
b3f5af523b5d6d938693ebfe,813666495.9809515
25d62e6b1a1a52cd8080354f,814495393.7983121
5a06a8b33611251b62d77e72,823088882.4879346
e93a9b257ecd815c860d0b82,817872974.4289984
610f192d22864016cc2df1c9,854028184.9981027
4e665d479b3bf2e25cd463a2,638004121.9887639
343be18b0f77260f32ec05d2,537746601.9541346
33dbec39ef8c0667e4c3f039,630929897.0742741
b24fb90a2aa5d9d0c7e1541b,568542377.602001
b56a3a017449fc4ce417009e,494322902.05310595
e0dd5e6879d824a95c3c1773,591803511.9273324
156a20e2bf9e48b9a360f9c4,564643346.036298
d5583fa23ed97a3b9413e910,653575144.1263628
4e6f695bcd4d3c0d8497c1fd,1018412079.3518003
da7a511a5f470d99ab2bc4a6,794757535.5357481
22a6058ffe790c98a8922258,686406526.8171237
0c19c54de06d1c139df99ab0,689317180.7632247
48e687093fb26d29cda9ad6e,472275646.4210908
3ad3c519ced4b63ddbfdb0a1,365060137.4112193
0b221ebf810f632568c1e2c9,442757042.5735976
7930f32456e796e40fbf78ed,725323002.8157111
f084bfc530f4039f6631537b,649251623.1073346
f9793063f561dc76c0b49a9d,756389564.395406
4d2ec23fff8eb502a9d93353,973745440.9614019
a6f570e11883e74654898d75,872410391.0797508
cdf11b53a23fcf9b6032cc8d,727528019.8507768
6f968f62a6fa4dc255397bf7,888889713.8097792
d692ba46b098c6658799ea8f,651552703.8338047
774a4b48d34052a978b1180f,821309696.8030963
acea4c7aa1185baaf6d3b60f,571664336.0226866
07ce6f95a7719abc9a204b6d,847766431.1589631
b371665aece480b8c1602773,944833543.219062
5edc37d9746cbef8352f0fa4,654680409.4255532
26617e1fb3b4f0e4a70e1b0e,656025674.4652942
b1a13541b37964b8b85f4669,740842340.2110463
94213637892f5fe643cbe8ca,743354261.5422926
742acc26686d04596ba60a34,664626961.7430085
acb1d16ce30aee0a39f01f09,611440259.8975945
e0d837e6d5d74fe91d39d23c,856373778.813052
29028322a6d692edc5ca713f,664790179.012364
03d54a6e80d48c96a7f6a1fa,701690952.4882005
8616b310e335f539ab1109dc,747422415.8259308
6c21f6a3513869f93b32e9ec,1124388392.5956247
10084cfff54a17bcda6f19d3,841094301.6319754
169c742419c0d4335d09fb45,629240779.4062824
0f06896d7502890175cbc4a0,689528323.8331752
7d2e3464d5f2f79ac29e6c0c,685095898.4825865
de9053a55630670ee8e59c9d,602110994.0244431
8d54b9bd24cd9da341cc942a,846779982.0957202
95570bee1792641c7c12e4ef,899654269.6944687
6d0c5546a498fafba15f2e17,379142896.0457111
ed43b0ac46067bf886457c01,619181285.907218
8890eca19a9e1cdc9e0f0541,697810277.5855687
760a5dbccf4eb4ccc2622b77,728193713.6329951
20fe2d7fb3910ef786cff965,592493199.7168258
602abdc140c40112afc1dc98,426578196.9107224
b7f906741cae6861bd5fb922,430364029.3484566
4d45fbe5a5d39188b5eccbfe,702803493.1386365
08f74ad7f06f2c409903ddf9,654264664.1506146
7be186f4eeff5c0efd58e424,774811498.0819076
3d1a767dc286fe1cb86ed9f6,765701491.9245594
2ec9f5265334241fc594976f,680442303.9041762
d737b8b7b39e99f7d877b7ed,729155054.2411683
8fc50169e6ec98a3f4229ffd,740839053.3693109
942133ad6b84f9d08e1d4e7d,686396056.3506713
c965b03014d21473b27072f8,814427336.9020483
f1c8da86597a427e24dcd557,704807544.5941119
8ed5e7770d03c43ed19abf42,674789803.5063275
68ea36e3f441cb6da8d36198,1185310168.7677524
c97715bec6032974060480d6,851891696.9299692
e6eb47d050702ed49ef5c49f,876890790.3089955
5a82fa348f3b97e74cdd3a61,652421531.0712199
cd05166ab9bf3128c23fb8c7,878517683.3653169
cbe4318f63d73fea6238079b,948702324.2920371
efcc8d268982e95fe2fdb311,1065505711.5295224
c45d7f326a2f279760d1a4ae,745780681.7276002
7c5ce0e65cb26773edc9ddef,972567724.725488
357fda0abf79ec95f73e3584,572838290.584538
a1e8f0c7cfbfecfd1549b0b5,613332212.0960773
3f208f32cc24d8ce1506ed90,581485439.739839
87ca8a2b3251a38d45730f5c,541007785.8905624
728961e03bfa6e3242f06d8a,598164380.4277371
b9f9dd0d368df912e6e0ce70,773923886.4397721
429b049255a7edf227a980a1,519995621.9976867
a6259664a05091ef92129c7c,526190975.2067926
674c915c52b27df2c06b8bd3,691103658.7171355
f8be64dc83c5923983fbb770,619923368.5112038
445fa7f5e8e9d7f12e8991d4,807392672.6274786
0842816a5ef4f24435c8df22,670379793.262057
40558b62d83e4362efe1fe26,350124046.67988896
bc474096496b98177e40f590,778287715.4464289
2b55989b2253416428ece917,778287715.4464289
7158e3a6d456211d4533e246,503051706.0380411
d4fac54e137f5d27ce5f457a,776758773.9932628
faee80ca0efce20e731823bb,749946341.0008235
8ec09555f5a47f96a8683699,848526024.5968293
2d7a48a6b9fff20ded24f86d,512558899.16737485
514b09016ef85b9ddc4fafb2,724036745.4717985
a1c975ab16effc6f97935e16,633949241.2995608
e803e3806630c6579f004610,696600225.054458
26526235b34fa5b7349df00a,407262234.8447939
ba762cf12cc038e5c43bc6f5,662406886.2158717
45aa335dae223bccb31ff7cc,687843529.8964887
1dd3d7e197075859c1ff5b23,801889362.5849578
2db9b3463f85dfa87347d6e3,828935792.3101653
f72cc14d79ce15491a96ddfe,909863462.5021377
4e25bad08182b79f5ba9639b,923836168.4716779
e724a1db86d8d0c6334041b6,777799227.4838704
8fa53bd51f5d54be50b3fa29,409923659.2220837
fb7048ba61e9e6b1de829bdf,653225206.3163791
4bf70f19da0bddec9241d310,504455487.71646494
13c7f3592bd432c7cd0a42ab,659010588.3428022
cb64b363295d36b9b0fde3cc,523417412.80716103
bdc17ea3f30318b11df30508,888783620.1691854
cb7f62ac4c1afbb4256601f0,506891400.0715262
5d6c275d9d3326e738c875c8,676296929.832839
9865836c04a9582688f50496,448731762.5420025
55a615b65a28b64d46ec63e4,491345272.7527618
dcc9e2c9c1151bd9f93f44b8,687176542.1908482
1a2c0e46bc18bf3224450064,808516955.0444225
3de8187003cbf6c4813bee45,458038271.150689
d62663a447beaec69808f85a,467902446.2454461
1ae17f134221d5d9ee69ebd9,632423240.9431788
35e55d060b1c4239a85c0ebb,392885870.2189082
45917f1bac415feac7e41124,463281584.452219
ed44705c17c414af8442b6ae,671702816.9363732
6f01f2c67343ebb8ec717a5b,609218501.4139464
8f2218126da9580268661c70,759540460.0609863
5b36bc6e78872d2ca6d3d1f9,535910284.9816034
c5c7631ddb5b485d0e992f7b,497383572.59871364
43c88f1874dc7f91c899df36,765721514.8373839
dc544c90e6ee38346a6002bd,752650887.508736
02990998f3621fc5a3d0ee63,640689163.7172067
dbab5ea45ae910567c97fbb0,807281281.8488532
bbf80c409ab3a6784028eb6f,415662156.9978159
40e56beaf4a7f28f8108b132,415662156.9978159
e857db57a89e165eade00770,491007706.7307562
41fc4ca2b3f48508d840bbb1,512708393.7362304
08c1db1e620e975c4d476b2c,553843997.2980374
8a1d93bbc83f4728657317d1,625025663.5316714
6be0ddd4180b5eb92908da05,325397801.4115097
ff1498465e4db86f4f652e87,431362004.60873026
6410d336f6e61c4a81403c61,707758209.1246723
169cdb07bd175b4325fd28fb,384154245.2165075
546b56fbf616a6dfd1ad9d88,854216934.2517191
666af58bb684c2d8e7574e86,676808028.1753029
9fe75dbfd537f9ebc6653f18,819895568.3149875
ef961c130fa3b9015b103154,852290661.8562238
035ea0f13f2ca01c902d5388,564752549.7316321
7800f742ee14c4b4142f8b58,657222320.5868175
0c621256c4d7ca81045fcde2,670155644.7459314
50db9d168354ea3d75a03a6f,862328986.299943
7bcd1fe7a140b6eeb4df2aae,628564488.3500649
49a4cebdb22fc2d72bd1aa78,567767054.1416788
69ae1f2868fe714ad8e2f114,354463744.05099326
ca4f4a66d83f2043a7dca261,359346190.97941494
c0ef32a7a294e5891505bf35,359346190.97941494
5ad6f4091b77715b7f74587c,504277017.2305086
331e915e2a66fb70380282d6,637072299.9061589
3a00543fb00cbc044a5b3527,370074538.0920423
81df59c6d8be19568d16ea3e,445240492.8263717
88a4da0d72977b0c56b31061,840277062.0191642
3ff9e75c6de41de517d1c4a4,355947035.0732502
147f80fbae69dd577ff19950,661710415.5638596
78beee9b7fab8600d420fd27,634508510.419271
c3733b88ebafc0a05f5bdc99,541885079.0945226
568509a7aba60f8fe2d0cd5a,485792893.6629651
f6d3f7e963c9aa1783b3adab,689026570.9290227
ffcf6794a400aba909383b41,794898568.9337946
fa0aa00078cc178de0cc7d96,608550253.3647517
eec51f949083f39691e37e15,680879432.5181959
26f3d5bc3adcd1396747a414,1114126252.210023
cb9e058f82b10cf80990beea,754564932.1459262
22a0f3315f7600e5120db131,545198901.027143
bf6845aac15fde9b89a7208b,678373274.3914071
6e3cbbbd3f4d0578144cf021,831986294.5654291
98a0289e513d5ba036b24252,435567116.44891053
597d3f78e2f413acabf825c0,499347001.70399946
43a91a731e86b9a0784f717d,565132429.7442753
f34ff57e272cd08056e6a243,543387981.1391078
6f68b289516faa0b7ef36a34,429614901.3208237
8bd8a7e19b6d3b8bcabb84d9,564860723.9330057
74b64bd536ebbcd7c30ef8fd,774678326.7073805
f968e756cbe6504fa0f32458,1030474750.0984015
e99d9dcb9880cbfd219b4297,812333178.6876737
4c9e6812520f4aea4ce435ae,781131935.1143801
78419be95416d2991ade8be1,549639934.7183315
d417ff438d2a418b1f9e50b6,520400157.6456113
3ac77ed776aa4630c7293240,700609598.0562214
95173735a8f6e554f083c065,1018618821.9289366
83da39bc1a2eeb75e2825c22,585815186.8961886
4bf89c9e50c5417ed669c481,754009826.3445328
f90fd39477c8da38e33ba0fb,798898479.580938
b45bb2d0d137de6984d4e1ec,409257367.26153743
bb812343bd6cd66e9cf9a9ba,434741947.6343488
e299f614cd8ae525fc8fd0e6,786685252.3076974
521e9326a2003c7b56fc4365,728402884.4947908
dd59ac4f6706a1399360bd14,741960979.982714
d6c6e7f923ce2cffba8ff9df,747422415.8259308
df07a34d0ee2f78f115c45cb,700675079.6493186
db6061f876f890071f7ed957,773622511.1118801
b31601cf48b268f3b4107564,664416623.3162463
3a9b2ef74c59e96a6b107357,458385644.2899464
d600310e19c926cda14ac923,835583412.3254789
183f2cf1a1c7eb9700b6e72a,1065505711.5295224
42556b1bae874a5c09777873,800872850.3052396
57c1ed738536d177d66fc52c,1283637542.8328202
26cdd114566b7cc63cd96fb8,788084347.5807983
0f679cc583a47b30ea132bbb,655310293.5774109
32ea7e13e8d9391aa9b7ab9e,420824513.1183945
0a482968c7cdf212401d72b7,846126766.1619943
85e4ee2583c51592d68ef5d9,453212055.19915754
f4ce15aaa352d707b68cf773,717347454.4702499
7d383abbb6ac49c6599ffb0c,755758073.1295722
6c67b1b0991a1d79251855c3,969598919.2853427
9e52ce2cb6f6b7e2a152dd54,575423206.0165498
bdeed3a7395cdb9b175273a6,828644707.8626182
423ddbfe2f575e6bcb22e7b8,716722102.8794119
3247399a31df838ec5fe58c5,927399615.6979315
bd57e5cd29d935cb26006835,646994711.8822258
bf00f36c4dbb273d7ba4b7dd,585451761.5285417
48b9efef82faf72bcbdf66b2,723112392.2919081
d2526a3e39ea01f87c99d073,808123248.116324
651d5cd65f80c4938deb7da4,722426432.6480635
0be7803a34b11d89133beaf4,915939665.1804081
a54b0b282edbd217e9509287,927712625.8446063
550c5061428d09afa0c409f3,646777539.267682
7538c609fdd115c9dac551f4,631170148.9618464
d7e3cdd3ac239a5c318f2e9b,877126386.4061236
9bb193ea939c5308a738fcef,640835963.5710478
33425419e1a8e854418c5180,375535112.33526874
fedf2e30e390f5cf74b27e97,477932494.4194897
024c5c787d005adbe770b9bf,508355608.4509291
13f681a090b36edf38a4abd0,591049867.4045556
442c6bda79f63bae28674b1e,644176738.6045036
47e0c773f65485ab7c78d49f,612530772.2885956
9e30b310c820d0426f504d90,503051706.0380411
8cdfda9067e0934a8ebe0894,594854844.7271452
0a8aaa78f68d43e3b1bf6c51,722134379.807906
1101f533fd18cae5d32c1cbe,722967103.6420496
9f6af9ac2404a8d55f24286b,607746442.847755
75060f295e0aba8e1224f766,487743347.90228957
f0e68102ff84f49d90fe38f4,488744269.2784922
3c45bf3e3e31e7804ac91704,637276889.1702359
f908e1de4c4be0d77411a998,594278007.6588545
ca643c04044fabc6fc566d12,778402530.5934724
8aa76df8fea21a42fb6229ff,672452728.2320875
c214d2383936dafbe0652c51,723112392.2919081
993898470c6676ce46ede92d,750507473.1213897
18f6240cad6e92f9151099c5,797335762.7495601
1e63fac2629793fdcb793f1e,776758773.9932628
e0137390f0186c98f4e91263,802220129.4643428
e35f95823a486c52b0f4c2b6,586255797.7095671
ede10672118071a215ae09fc,745511542.2222493
fcf46edf6d612ff1f5ed6134,682945570.3735788
df4be33c0931aa86231b7a2e,855632523.6868216
53fdb16ec08e794dba9a10ea,646524547.8099048
74c24c5e142e5267456b24a7,646994711.8822258
f1bc08407f40396c094e0499,813958798.8594425
496ce19c015093e97144d375,485166182.3875478
a183a1c009abf7251fd725a1,781964354.2749101
6bdd97526b1a9cf10853df1b,684661281.7598157
f083a8f187e2227696695ee1,718528158.0491611
2621e068043a5019aeed6c8c,808618599.2871898
3b43e7acfab46651b099b1ed,973745440.9614019
6565b3281cc2d632febbb6dc,903879712.9863508
09e47ad8508e7cfee83c6d68,793974867.0100942
88b02e7b20ce6db956afcdd2,947129934.5745325
bfc41facefe9428865e4c29f,954846085.7078278
569bb17b961fbdadf7106d56,1020573394.7275658
2314e3ffc7242a429e00207c,842178859.7049184
4bc1e2cf5e5ffcbe1020df08,854000515.1305821
949c4a5382aff4750b4dff83,1025738522.6949536
a63b4a22614d334b4a61ea16,901058628.8239768
734fbae84cebd50aaf71c48d,1000809652.0130208
f92935374a7ef86314223c5b,871319799.1680446
6cc8e22f11d382206273af23,816155123.6034045
701768887155444b77c4f446,453382902.8740106
13c86cdff4dd32a9f8b9adcf,819955146.2947314
8002e2cd1b70ddcae88ebc4b,1008694152.3591418
d0d77497c8a7d567f01d3afe,705498126.8976452
95a7b01cd60cd10e7364a600,571931761.7369136
d1e38d7cbd32567c874e194b,613260667.8347726
e674ba41f9657ac8f30d4f7c,915311255.8320671
6bb760d54e5b0f54d9612a8a,586207271.9558176
9e3bbcdba89c647e4ce53182,722059271.7459086
72927abf4bcd53d6907aeeda,694134684.9280365
aebaae467e5f01db3afe69ff,531723270.05706555
3ad457c8855ab8921a7974c7,827392878.2160585
1f3d3fbcb686ada1a96e01e4,510556414.58506113
0775d831f68b88ca59eb871d,836209303.4254311
5fa3b0993cb43d3c72c30093,723112392.2919081
bef19d0084cfc9f6fa37ddd0,761018471.3161633
85a856b4d0dfb1fae861f513,674282241.7934049
07fa1ad76017843232107517,1172214298.6203856
4049086139009c35dfebb3ab,431064225.8941019
655120f80a39c19221623311,660251068.181334
71dca93007d6ba45fa40eaad,822557996.5759066
9f41ce015f02d67e193c41f5,475991337.31430036
9017bd24d173b2fcf564b32b,987921255.6415908
e5ef29d41082025c42f7c921,773772145.5262784
5c60d7880850970facc54bb8,984011596.8083218
f51fce25d8376d48fbe73a43,644191578.1112158
9dc7b0a394309d8b76d0bb7c,616972269.6831692
a12ac99bf63b547fd9180a79,456357232.43387145
378d846a7af35e0c3efe53a9,838325393.3877094
0872198056be7edd5eff220c,857435696.42867
efddad1eec775ce61d3b7b64,763907601.783483
70c19d59c6b9e194b6bc09fe,816794890.1609772
b0d3d98076883f346cee8d04,932677841.7222495
c7694e92a97bb66794e62fbc,558942070.3397162
7b4fcc72822460a428c19282,795796666.0086582
a6baf4631223d9b24de8b590,420078031.8788277
a6f616d63d134f14ced205d1,835473451.524452
50c123baa5783185ddbe29c6,637783931.4667704
24756921525595f1684929ba,501545641.9687246
caf9c761d21329c993a0bdf3,938609943.896634
193d70ead1ff1043845e7671,616754708.376484
62ea31859e01c2f4d4e97baa,812061206.038563
272b5b5c28e46c6f5ad95c22,639067592.3602614
552ab0964056c1d1d1b7398c,780662363.7900138
23799891583435710f66303a,656630393.5396789
34896afec0b639648c527483,864013875.2860693
eaf53eeb911ecbae638409e5,350361978.74183804
b1fdade0fbf0470060fc2708,461349671.3723468
8a20478528e97700dcc84abb,447881594.6986219
702525f05b47353c95b0905e,555597168.842252
b84c837c5a1fd0f1ebc5f8a6,601694411.842018
ee2d16316e6f4f2388494c7f,524729327.07633597
ea4af07bef4ed93e81ded95c,894839924.5128291
1a71d0d3503f9eff28acef6f,849138027.0022259
1fe392004a09aeeaa6e8bce7,889622481.396325
46d4b0cdc81137aa56f516df,854245284.8688405
4d666967b74ccdf5b04e9787,499195146.0861475
fcf79745f8cd716d3ff9d27b,483895949.5333686
aa8a19a2fd3e2cfeb3b7dbd9,455916356.8152781
f055602beb49dd6040641c9a,654126341.7148458
7b1377c8d81755bb9b501064,458331781.4004081
17d0418e4a439e9de8006f5f,796195193.6850302
48f1c6e343a4724ed865533b,851218298.1545454
353207faab3dcf10feaac8ee,871658262.1224812
ff188e88378c8e2abed8119e,673747885.8135436
424b41f5e01ea2e2ccd3ca48,640979403.5896405
608cf4f46a188cf84f853c72,447795778.27870977
f9e7582dd99d36bfada56249,903712510.4882706
d52f04fb69bed41ffb10fce8,781742099.5663275
ea84b58f733c8e491db98a52,748890737.919647
68699eb9653684fdd3fc79b0,799297701.115388
31f52502e89beb1b2e0dc3d3,739967666.3193797
fd41747287a480d5c4dcb56d,991860547.6258249
b7afdbc1b57b52e6fb03accf,1136479480.4518652
48b270a493af4fa28dab9211,541351288.3888606
2a787b39e84958ca6b7001d0,574445274.3740115
e439c77c0d871996bf06bf88,617892289.1000588
91b8b9db5372a2c3a5c30c58,550983818.3717237
038272b33c075765464761e8,688748010.9812526
fe8e45caf7605fb91d6bc5f7,692093624.2731706
d354a2581dcb183c0cd70540,721553202.4985603
9421ce9f204f373a50357fce,652612043.2759082
56bd3b61805077405af098a9,913912966.4810945
0a606d19ae362a58922b172e,553862432.4791391
ededebb1a544fb3246d3e131,503851446.2184568
6b6c365359d20be719ce815a,755042359.2350217
b8b22c1afac62b05ad389dc5,474825218.2605167
3e3717eda8ec9a68c9d83027,483886777.1262063
03be8ec62dae56680beb2cf3,809736142.7703347
fe6c8cd2e792d62a4c324da5,625656207.2984538
f9c133f7a12f2b8c1b2beedc,869909682.1248465
4ec47b8100d224499ec608e8,790776647.949233
143ca16847cc47d4a4c01ac0,533201724.2713707
22127243f7ba3a68c3fc33bf,676637379.3116281
835eff7679889fcff6795d8a,852356424.2212334
4ed3eb724d4e57a7b35ddf5c,879677853.9207158
4d743a1250f7d91e2782708e,601088078.9668024
9f5cf735a842860e7ac753cf,604362980.4571873
e54a8b735724b2af56c7a36e,612194586.3394202
3b39471f854357b7e5d2853f,810233708.583644
91bd11b5a8e0c0124be78f46,409891979.13735783
6121943254877ee48716c4e1,476293279.5438309
3f4c2c98a5a6cb78d7d26327,434617349.04227525
2b6d63d6b072901effbc8e1e,680442303.9041762
7e4b240c601e37977faffeb0,680442303.9041762
ac29d71a80307cab65f29ff4,706367967.7738872
70c77552b1bb67a2a71c2ee1,1114126252.210023
54a09a85767156b072c808c8,697863651.6005123
244210fb4bcc0a04f2cdff95,1009511713.2219025
9a2b53c1c7151a8b26a71edc,432940530.76980245
918c48a512fd6ff22fdce5d3,598788137.4376265
effe4219e6cb56e5ab70ff6b,857714495.868526
936e6d2192f28a2b40939a4d,984983497.6207407
ad9a1b23979f0edd2ee19f38,888198702.7378943
8a8e4996e24142eb413c0d12,903879712.9863508
31c69cf4d197f97ac594a896,876747076.5676193
143f07eb2a8f0a9e26fc4c56,698752478.9339856
e5fd3cdc6a19653275c7f4a8,660101624.8236432
5c7efb015b8ff7f108c99723,794762257.5555277
394718d9d069a126e13be804,689409298.1262479
56f30ea777f5493139f22384,1149573864.5901232
37d5a902f1036cf3d80c275b,661495815.4422386
3f418a8bcc7adfa87e0f67dd,791950991.8197528
051416c05445860d5b4095e6,545166779.526044
887761f34ce0996bb05ac48a,912456574.9057288
e02fa06a8de8a603e417d5ad,448130689.12522805
6f5929e67fb8da068b91096c,769440268.6704113
291479f573955e063f2d8bda,881922904.8615978
e60850405ccec092b8fb5d02,597337329.1728369
464864b367e16547fe319229,660336811.4269152
4c14547b7e02e75204ca9f4a,761504887.3539083
6183257f16bce94113879745,504882561.85853153
46c34a4e5987c20eb1f5ff99,595662645.9057012
3f39b25dedb96409dc9d1947,901684943.2828386
e7a85e64ee07971696f555f2,634097025.6721854
33043b254b9085fc82ee1f7f,326241241.37940603
bd2759d469829bb8926dbe09,646261987.8462918
affae17b6cc59bdaa30e29c2,818988679.0209155
e611d41aaf38a58acaa0bf23,664329826.5840492
0de426088a306321990cf60e,449419266.61071247
685982808b30597cc013e2c7,495965709.1792639
4cfd1be6a93641b110fcaf67,326242394.27741134
68fb3b3cc3e5b13440eb014b,1046702523.5803287
532bf5813d7e70958f71a480,958077964.1883339
06ee1d8f3ea326a0e3a9791d,671059922.1167428
1862e0c4d8e89fd2302ab376,1758459085.859718
f3dea3d678d959aaf6b2849f,1138238636.883298
2478e48a3c6bedd57c13c72c,941856605.8042908
efa36c7738fc14a11cc352eb,784460956.6356837
2f6dfe9443645d6629eeccb9,466701342.40583634
bc7e867cad6f221dc44754b2,675548020.3553019
e4f2fecf58a038d7b18f7160,810094381.3023603
a7620d5599ec354541c8af13,1135402498.6799917
484cde8e47fbf62a339c8219,814165198.067972
5fcd9836a3ea537fe86d457d,651676437.7304226
1b288024824312c8b1681bd9,532630591.4679795
44e4574527acc86977f5bc41,548936810.5128634
8b716bc4d6d833f9bff3e729,669302009.2909794
0ab85344c5fe6ccb0edb6313,812340974.8016713
03ad99f1799f2a20c8cc0a50,707130648.512999
6db318f828d464be421eb572,693928281.9065408
c3e648317c360c76b94bf541,605706683.2161659
19cb65620d2330624252d01c,378662500.12738794
dba9fa9642ebc97ccd765db6,487690104.93566203
1d2467e5f991b935d676e906,405163153.58910596
4091a115125eb4a67f494620,562096298.0031979
d197410ebc0e3b9937464923,464857889.1782429
722699e593085cdd72102baf,464817024.8459233
c059affd0c19f6d4d76f37c2,502621387.52495575
855dcebac302ec5760f67121,665622403.6351674
f433278518a80c3301f26cfa,649264967.7582127
66a45b0aaf5f696d35f5cebb,544374381.444746
0152ffa8757aaaf417e9f997,1647455026.223388
55b72f6c7163a9b0b3b0b262,448686310.8306676
c8346a875be8391145a2f9aa,366407936.8736193
11c86230e62bd2c9ba44131f,824888114.7867938
c4b97a459e2c6d13710fa273,399249586.0695303
8bcebf3cdc54d4ec99ba0d88,578625459.2653922
ad159116d166e45b70329bd5,739470474.4346185
6f060a8ee8d6d15f46289759,599926116.869742
ab5f089f9d2ac1bf52222ec5,557286701.6693062
f4fc2da675d6a2583054fc56,431278447.75252545
89eed91bf5148b5645408222,728346964.436314
0761d0b7c6e319a75b06d420,528817342.63462406
ce84187750fa7aadd141b5fb,658465744.5009025
ad77298955813089bce818a2,822052603.9922328
3abe8f334f0f20f8006ca5d6,592121765.745757
36445c32822146606f75dfdb,822138376.7239155
f9798cc6285c9fb3ed7cb668,721487107.2285842
59dd396f70b8458772307895,724893184.2674308
83e91710343450cb0812a6e4,751885538.513544
1e7a931100be734988955242,1091346270.7185938
bedc5ab20edc896f814c3f06,624545840.9905993
f884247fa6414f384480bf38,645341309.4502008
f34a38cdec7eb598e55fa41e,895657784.532743
106ad411e13ea21ad68e5f59,907177214.717027
a87c585acf2a147e381005f5,466500344.98227566
ad755859e7b6afbc021fcf6d,913459896.2753477
8015080cf97316a08453a9fb,888745188.839843
f56d8f5cfaca0691c6ffbe00,656254908.9442769
8ad016d414e2d2be053d7612,666198502.7607456
8b91a957eca1985938860c28,831080110.0776654
20bce83e2b75fc535a148dc8,676233197.5027055
5724ecee1b12e888d538c1fe,687222343.3655562
1e90d068f3c86c6f691649ff,932050370.7091198
0fd954262ee740999c31d407,441224373.36115205
a6d7b144058ebc326b9803bb,701566537.4292986
a81abab882910584371c7b66,515971448.75005317
9e41c4b41cbdc2553d80e362,866332240.6907421
b6fcc49ad3656cbd3f4c2ea6,662806738.690973
9a296eb9b63ffbdf2a07cd0d,746742559.7030153
3fbc0746bd620a0baabbd859,700855921.8279208
3043d0b025fac4ed90b448e6,630956146.5107093
219555efc5b4291791143252,497028371.52127534
a00863c7c53b2c059ce22dfb,442972537.03110516
28b838c94d10823ceed62e0e,538692943.9509046
7e64ab35f5e336d5bd2e1b51,959254557.3601898
52f24ab479fad35c8bb5a8f6,947935715.0161345
0d1ef14606c58310cae371f2,498606360.0756064
a465a567a4f60ac534505bdd,998758572.8327025
8694b149f7c0deadf820f0e4,822210948.8267117
16d6b756f5ebcacf221918b8,815158737.255182
7d132190218425df1857b8b8,847510212.7241464
7c7a3f51a58dfd1588d7c088,416920007.28294975
64d1c45a2968b0fbf0eeacaa,686849533.8417784
4fdc382b65441412fef509ad,911650151.4730594
04ece9352b3810031f3f9a90,867340702.3067534
8b5b351e07a26c25cf51e176,415599984.3993146
f923bfcb8cdb543c23bafd52,579646654.667294
a15a12446d2e5993a0a6c423,657804485.1252289
ab3e1642655f7e705cb047a9,579646654.667294
b62fc917b3e8ddd64bb81018,595525320.7050222
835842cdc8ea0a2206c2b46e,740223029.1134609
02ce5bc5d5d286a4cc0928f6,765822066.8178155
d8e51f7b40bf1887ac007163,673641652.3850446
90f320e94aa429856e37bb35,501656818.115562
967a7676754d6f9aa3e14473,494160744.0485163
9251f3dafa0e747b6e78f295,765265548.847119
17b5e8357e17b516d947ebe3,720589991.5841291
f943cfd29effc9c048b8e106,649636230.5631251
41719542347401b04dfbaa59,660690553.2136068
bd6ad9a9ab28aaef9b4955c8,816882756.5841196
bbff88040e5b20e874cfad9a,841656265.5061127
3d6a9a4f2336a46eb62e6a47,1042703756.2537878
493367258be5d63dc8db97d1,1042703756.2537878
67cf2149b4c214da77694088,779759085.4640571
8d2e85825e95f6941445cace,754706049.4158524
01afa737bcfa6b1ab530eb09,1010461995.6005429
25813f7204a2e796170c4836,688356605.5863373
3cb1773d90dc240c4ffed5c4,864524948.6272613
6c81a0b90366db9f514362b4,873213291.3435194
44c8131b88accb3b46b79ba5,512558899.16737485
ff185be4fdbe3790c72d00cb,350144621.4373747
851f50292e30b0a464c0804d,474488669.020709
6fc2a4f29e3b896bce631ee0,638001848.118318
cabc4fd04b60a66bdbe2cf9a,840180068.2787759
61e9c2375626a18bc9920c5d,621720526.2412441
396c8060d9767b4debf2a54c,807371587.7205888
92ba019bd942fa33ab742924,648750343.7653456
ff71037ec8e5a91aad6f0686,413298143.97559166
d162a90b37622c1dc6550690,444988019.57361865
e1490f0730f8fdc36993027c,536432622.2325588
5a066d6bb65d28c2094051f6,719907692.1226898
9c7bcf000cb37f48d9f15422,669755826.9472176
528a6345df87dd0db33bf822,607203487.2224979
579ee47bc31f5408314bca28,691960002.706303
eb61a13df1c8d8d0efc4db3a,637885773.0748737
b649d315ff3c97c4e8e9db73,312641164.7231161
d8dd26eb78ff22272358e302,748820937.9434193
6ae2221c504027acfb7368e8,561813149.1507043
3ce908c9b70f349158f7d04a,778927163.7103457
7cf74cbec871e465ec2f6a61,778927163.7103457
02e9b077d6cece81387fda35,882256480.7749537
865ed399cc344e0638e45128,794612074.1974484
d9ed55fb72efda67f5144330,731893755.1305617
9fdbab0b428f19e7e8dc35b0,744542453.9173208
c061b886b7136a1b00c8ea2d,825421869.5844971
fd0f6c0b5234ec1f6c7d1fd8,755598458.0589541
9df90c0644948ea5539939eb,755632820.0968133
547661e79bf0c62cb8de63d1,777854370.7668723
68963f5f3657cb64276e3beb,678381907.7361083
cab0a460167bb64c037cf25d,439958202.6247888
31977cd5d4c09eff149e74ea,669554041.3815918
23264fdd1059460e079e5810,621670335.1408824
4769743185eaeb0e4158e0e0,719184322.3829879
780c809c52509bb4855a4efc,708667731.6529697
f64d4e029592761bee698958,503415278.24993634
be364e85b988ef8627ece74e,338806351.3788308
c73c38b652e9418f06f89b67,410193813.74429464
213032fd36fa1a6342570158,584450918.723157
d519a8de5fdd1a84ca1baac3,612783090.8355639
df91a494d5d244f20dab0eb0,481861487.6176858
9be92b361ffd3ea2c69be23b,685377929.0536015
cad16b2ea432d926d961109a,518759116.5590209
56b22bd973f94a4bfaaf6b33,676116926.2565562
84114798ccd01ae3dc97cb27,492963221.0683658
fe2bf1f402addaf17a213030,646951230.5517377
e01c1b69abb6a4c1c69c77d7,765701491.9245594
24671f63cd061228ec0b5b9b,562193346.6625681
f54c16df774e70d49355cf4c,407801351.78094697
5537b994e85c2688fe555d5c,573942352.5759279
1e5919cbe4373aa261d672d7,430364029.3484566
cc125d0f70d6d0819d6d90ee,625134293.0928602
51f94ebbd6d2533862a1fdbf,572890924.9936469
fe409f9ea8d18c9d9ba4d02e,464890021.9040359
753b47e2a3b9fcdf9d7fd9fa,520570918.4084837
6bdb3153f267395eefbf588c,607206491.9978917
9bde9f216ecb90814670e87f,646951230.5517377
7f5280804c59f56fba3d6201,588372228.8241065
ceaf16e097500022498950ff,382312698.25417227
aef06b27b0a080b5ee539b6b,486911982.6549175
abc668bf93ec7d1951c65cf6,464890021.9040359
56822f406646f93fb39d9e60,426247898.0877184
2690ba8b22a95cb837cb87b6,441121447.27278674
180172e4eee8ba756207b3a8,573001085.5754883
c11cd2e00942ffe56db5ae88,563883508.3292447
75a287d87aaf6ffe7b6db546,525807123.09275544
08f35bfbfe1bd663c40d9e54,715524440.8123353
c2bbdb2e5d0191071e6db37b,558627422.2414141
b129a508d1d98a1b6dd2f61f,825181420.6358318
335626f385c28e8370c207cb,445283781.3940112
898ed7299f0c7b8a99e4877b,688319507.1441693
a98022fc80dd6ff27de693f9,505350237.76684195
a59f1631e721d231eab4d146,851891696.9299692
98c9c866109bedd605ab7dbd,658137466.443451
cc9743189c3671adbb1be49b,795112283.6166646
e22b8126863c9ca8fb04df9f,843785918.0557528
247715511199c5b680088b56,674282241.7934049
6e51ca1a9c2bba9fa0cbe5db,853778964.4649373
ba8d6800443dcf95bf9c1037,540547567.2396181
5ec6e033b9dcb454c57050c3,735987807.6520092
156ecfd8ca6004281b191db7,1048068246.145362
edc3879a1102740f2f96227a,867526032.7807908
c02ce25a3334860d3bad53e8,562937764.0689994
d041129f83f1f13fd7b35e4b,942985418.6225338
6946fb4c877f35e9215ef4be,699599660.8819268
ff2897a56a0fd08996d19424,658862139.4108613
e1b64df8e809ba220c9722aa,904902798.4953024
c13263f9c8628bdef086106b,792056651.2385787
e2b8d1aba0c583984aab25bd,700609598.0562214
3786baf40b31a20f3bf3aa80,560689036.4987854
bcf12785c25f6e600eee8fc0,588593882.809113
f85d09bb2ea40bd4b68465da,748890737.919647
1f40dff9a973064aa4737eea,689520755.4229636
79beab95c6857412ebbbdedd,739967666.3193797
5ed8cd2cf2c6dd5b5241d6ac,799297701.115388
ca8dacc29a57d39640e3e59c,886212957.7402943
723655990d58df33d55009b5,884234173.7193494
79a675215fed2e293b27f43d,713342541.6219469
57999ba0ed9089739a1f4de1,758360215.0529994
00cea81b78d6007eb405d5b3,781782426.9167815
c00facb3e4cbb27c47a621db,1184919747.7755122
d1481d9d2bc9d1a3811f2faa,808312562.5158762
26313750bd29b2c59a81b58e,1026933709.1788073
2bbbe93b615c46483056bfe6,986691187.6771755
0f8fa0a074b743c92f0fc56f,960754595.200513
b925f9ef733930be26417458,1056676640.5824112
0183b38955437e8d0128a013,806648724.4187254
1c9f65b631d2f2856bc97079,978642816.2609948
c11d82cd360eae99c04009b1,991860547.6258249
4a80ffd8e908a3291a32fb6d,1051818131.732213
1a0134583a5854d5aa9cdb9f,855960803.4776442
5f5346deedcb7cf5dcd1e9be,705110364.5493858
f17c8b14e56a76ea84a45fd6,984458799.6078564
b8ff548543842246ad439703,1172214298.6203856
53462704cfc47d32492b4847,893246176.8056005
25f925538316d3cdda8218c4,942944601.8891429
ffe653c61bf13df43fa22190,652557223.9004648
228d98c82021e2325263c7d2,493089470.64450896
f32a7d08d176bf9177dbcab1,654818339.7809824
f2c86c1edac4eec6c01ec11d,533491368.56298894
06e350e3c733e5a0afb613cb,539102570.0387174
e2544529df4efb7e90afcd21,459065001.46274924
a639ec3b943cf90cb28bc1b3,594004691.3800745
a1320186028a726935bc1cc5,793201695.7131431
97337d2f347a50e0ef518516,391822733.2587438
8f619dd7fcf5e1a17af301c4,834861389.7832235
72569ddc5828fc702b2fc773,871278913.3850725
ec674ba8cd16c2264d270901,1161122178.9528093
2b05f001ed1a84425a45d0ac,528836474.8442202
0a7758f69ddd8fb27a839661,612082097.8237195
e3ec7a8fba3e1ea07a135dfc,573047163.5489312
4163b665043ed27d7bf26c00,449293145.25284165
69f7b81b70ea61f304ccd36d,627010843.9521278
ff61104cbeb37f077c565fd1,482670345.24801075
883ee78c03efdb4bdc57796b,596438453.4051356
fafaa5dcf66d22bff322c72e,516085926.16476744
eaf0f2b00b6994a9ba8c5ed0,538527312.8721597
9b1590945c0c7f7b0704d287,688186038.5949203
766d34ea891f3af53f1391ba,911369043.4347986
b8680f925773229571014e61,395277111.9128908
2fcab31c752b699af5e8ce8b,918791076.018736
96d14697ed6847ee757d113f,609956731.3490673
ded79c11c30167a9d8accf77,816372659.8433706
ac50dfe70b599ae93ddee4fe,785020136.29032
3fc7a0f9c30978f24d688fb7,592505584.3213052
083f05fe52ab15e8d481ad41,755229306.5858078
075be16d8d9ed6831d139b2e,599070891.9268631
ffce0b151f293cad0a6f770f,994182325.9573162
5997da918101ff14bddf20eb,586255797.7095671
e102f1d841d7cdb596d50624,375535112.33526874
a2c3da753f0116aa5842d4ec,680442303.9041762
43228eaa1230dc0f7f1473df,526174410.5724774
4349d6bfd5a518fcb231cb3f,641857475.3794082
c6c978051fdc655d21a370ab,720143031.6805964
f4cdf3ff86fe70fae3e59f4c,511150074.47682667
ac154aaafe98dae45bf9782e,902076357.9449415
01f6c99999c154461765f4c4,645119478.3743743
d7d30819fc6ad6e7e41453c1,757111425.4262761
383b3198861942064a63184a,586977713.9834765
3a2f110334251e97abe3583f,442626945.06588805
9b9db425b698a4931173b5a4,621865139.5103841
3b51828a1e891f3a52a4653c,640939685.4619671
c94dc49efe0a350bb522a56a,803945153.3433608
39e4765ae5c8284e1f3f618b,793328622.4944754
04b28e63fbba92daf83865ba,749615210.3359075
b9643a26731cf2a9a243ef33,1031908243.5664239
19e03fc1a7ca4b0761eb9ef3,648263616.96225
c0224f0cee5a388014db4f55,1206402031.8824012
c4074029fba935dafd82eba8,378293846.7298437
0a8d749a2336d8f66a4f19ef,556400934.8481917
e84da6ce78339d50a72cd87d,347135946.5742451
e9830411c3092327f4e66a99,614582267.4219427
17d51fdfe8fd16185bf5feb4,683636868.5711555
f07126d58455b20f547c4380,729148143.1114025
8fe7db56d501b9c11461f62b,620636859.4309376
1ae2058fbe26f384be45df4d,692220336.3238393
e74a31e6edd4459d4e215c5a,596383903.048406
c91945dcab0bf200c3ef321e,687930818.340062
933018604a8d5a9020aac221,802457331.0101424
876ebdaa0bc953890e323843,561386187.4103795
4fd907c202de4f06cade3b3b,837942597.5423232
e40f616637f6187024b34086,526657388.03418255
f9038f7e24e0a29bd9f3e24d,861113969.0077752
b27fc4e7f6042d70a7651038,641307918.1985148
e68b18b57fbc5fd6cbb477e1,537591990.0447658
326a82671272d893ce699476,675811403.3401031
d2655e69f5dbd09ddb9268e7,795572737.6259551
440cd2efd45c019c7151902d,657755142.4704361
e5099db945e4f04aa3f0bfeb,792144337.8228998
3477d85a434f66df58fbc094,968643891.7958043
56991f74ed430ed942b2d6d6,916355798.3506559
7ac1b85bd87929705b7a86ca,835833708.1001427
0e1fbbe248919eb71e53ea75,632751500.5194697
75c16273d3a593752446c27b,705795172.7992476
7e74469fe0b030254756296d,807151597.2629913
35fca2d53ed17ea7637c528a,820084130.5162235
963cc728f3bc207a7ad74ec4,810519192.9339461
fa9dec2129f7218b4c4d4b35,657157634.4066932
1d0a6bf40e609fc74a319310,671473053.6703656
b9551c416341fb167049d4ce,623606194.2507101
89131a0af2db172538723b08,829751931.0048714
3e66557e876a876c259c40a0,638001848.118318
078144699729ee0c46f36123,749438874.1379404
fd15189b99da46b098a949e6,669381858.7179108
d69209d7a26bd306bde5a37d,785491190.7437598
89690c80b7adcb8a8afe531a,550853075.3614464
0e0d19168609ac1d75253edc,523036977.2344464
6cd0aca2bc40d83473a39885,784816947.3412293
6ea0d50e822913d0f444d89e,593165068.4543015
39579c195f288da8d77f5ce9,647212711.3544927
bc54f5dc4e9ce267ea592813,721940472.4779143
1d43fd3f7fb4e24a0b7c9ec3,769249542.6997632
2566d8588566312ffa4fde42,626228878.2792919
8d27746cd9d2532fe9cfc408,397712442.25005096
95b822f76b4d3d6ceb0c5077,626383432.1902707
eba86391ca00fb217ed1f774,589169878.1642615
b9a0575867a59dc5dcbb9cce,457242249.4841251
0845e73ae95dbd4aec3f1f43,566847158.1354074
419a2f823e87ab67b1311bee,816822398.7279725
552217c633d2562cdcaa81bb,689416526.694307
4fd7984773d2872e51574ffd,706077776.3593146
a87ed2154a2351cf26f0027d,762093691.5125424
a2522c9d3edb7e7a23a42b74,975065887.940367
357e58ef96c53f39e267b80c,1114126252.210023
cf0ca58262feb1f8b0dc7b68,965352872.185378
1cb79aba890b35f9d2a400f6,1253375466.3982387
d5c79ef12f43e2bc19e22fdc,684507622.6240426
776e1192349cb7cf1579056a,779561175.0076743
7de63633c7666484bd098e2b,720600817.3810325
ca1b1c17572f776fc1059691,571903061.7691691
53e94de217ec45ad576fd83b,727690591.7049975
ed5c3d2952d2575b1bb757ee,865559196.296091
bdfa334bc331e3e547f7568f,755229306.5858078
9c6a01e3c7ef87d27185e9f3,772582187.8834375
05d9818d3f9f2a5c358d3911,985550462.833705
f6c990e406b3756ee39b3b30,674175449.1951586
19ace6cdfbd8bed6e99c86d9,549837260.0082752
6a04f8684e083eb6319b5272,574285796.9792774
179bf83034539c8a391e0310,668243913.2783583
a42081eac6834da0560ea4ef,830738625.2085698
784fa9e78f7cfeca4133e8ed,870098040.9374238
978edd828fc71300e6723e06,959521276.9944397
61d6969334fc63611c810e2b,639932250.7100829
4d592a67596afbca92d26bcb,679497974.2684578
50f8068603edac10c87411ec,484404348.7439305
9965f598c5b95b3cfaac50ad,758910386.991762
66cf83769d16a4d659edba6d,606805862.7655311
9c2c2b01934d1d519e651786,708330118.9237639
2b4913f28d07628bf2d3ed92,909863462.5021377
9baf7967c49fa209de8dda95,664956967.3941461
7a0f887a9426270ff3c24e36,702323822.6095673
c1034173dda31d20c4efbed1,642566133.1627884
c4a3d64de5e401a86395a919,503418915.2342341
c4cef41167a5e8354a61feb4,697822112.2070197
f52226b24ca3d5b04b7cfcde,840180068.2787759
36d5003f0b5ec7f80e89262d,819624803.5402645
641600a4cbb13b35dc7913e8,851912859.12558806
c31c4bd09d8cfba562ed2b41,883205929.8618637
0df96c81adcd6fbc2f7141c3,779202331.9000119
4499adb2aa3aee94d1f1a1b3,834745880.4297589
4ec06163d39f96baebe11bd3,655365130.6339755
692cc1c9949d35ae11412fd6,434277497.3173389
f1da5388b772159ec90c3210,837292792.8009121
e7ae63f81f8fad37bb9c1b32,957038844.5701338
d39797a12d9a4aaf15ac11e6,624034572.2190151
efc5412fb02ba9d8f604e493,728850711.2257118
bee2e008ee41f8a711fb8d29,611141408.7613916
80279a7533c44bbae477ea4b,918391595.0639322
edc43e57b2905405a13f8f3f,284935790.3435974
751795587d1396e0daa25783,684407294.6031674
6d90801ea8cbc12f9e2131a3,699723812.3800597
71fe067a5ae994180f530686,699723812.3800597
2e99240e23b0542f1cc75026,566318295.8031387
fd6112c82d5808311b08e29f,649624695.7702508
0ac639a7c5ec115b3df8111b,666368744.4346726
af0cfebd54f32b9b92c5fdf3,699723812.3800597
b0015b31facc48a49f1313ef,466896373.41202116
2347f69ec1ce4a3fb6989eb7,528045472.5915845
209bf65e11bd7053d9658824,690355168.1057703
41877a677d1856bf609515fe,801307431.6724737
cf60297d9d9bf1268f35ad95,919899799.9853269
a33800eaaf178e01558ee926,961223318.7573452
69e663ffb4935aecb875854c,768858526.6265047
595415e95e075b70c39d5c5d,717483604.2088925
719679261d84d6b93035143d,913057580.3652215
9f149071cf61295815e3f875,789532520.2373405
3d24d985b95a3e200a734bc2,950663001.1250883
bbe705b86c6ed4da775b68f0,482629323.4827874
e1d875468eea7b2eecbb49c7,822557996.5759066
0802b7e10706252dab8db909,674282241.7934049
2f412384597554f3dab07985,694134684.9280365
da8b5c8a320821ab8ca00a80,656703478.1596433
0f10d20cff5664f9564bc88f,1172214298.6203856
ab8699d3c685fa834d7ccb3f,586207271.9558176
85956152686438c48c52e018,824454431.1383607
ed9c4f4e06183b15b877f077,596662426.2079161
12e32a758e15fbeefa255207,654139295.5719055
22cfdfbff44541dba9091753,682764335.916182
314a1e163d0b77b0f384da29,408559307.8977356
23959a0f6e27c8c2b4a7f436,888391750.7351495
6ab5a87a537d2ce326c867c1,578120564.1966538
d9ebae84cb53d29bbd8a466e,400859207.32158136
9511afb73b656135daaceb43,858341279.6282581
9231ec89e58a3daf459c5b43,1153687831.438748
8d97cda83fc7353a86c9393a,1192397375.2651484
3b380c563ed2505b7630feaa,978717047.7914445
6e5ca223128fa2de422b4009,596581458.404396
ee30ab004ac5270daf59758e,626463841.6971388
d6fee4f680569a54f4267215,905305442.0466669
db3b84e5b3a9097392a57319,724854444.2291822
cef379fa831f936cad745dbc,537685198.2086561
4db8d32011163bc4fe01d02e,680456143.425788
f842221d74340270e757fd41,876466442.0471257
f6173e36f95ad05b8e94321b,896043886.5858648
5960f14f2a81075fa66568f8,681665402.3694185
cdeba97450c735185e486eab,744754016.6814965
f9a802cbc802d49a087cf23e,1132258916.354283
6a9ef848f22fecb9569098c2,812120222.8481988
f3986309e4fc4cde2b5feed9,858037442.6563386
6c3435048735371c36dd3892,836862722.2003273
f019dfbfa7fbbddec988fb25,997422990.0624171
4526cb4a2b8238dcc4e496e3,1213219710.7106693
95561bd325f60967cb6653dc,940255906.7685919
9f3e09a3461bce2fee7e1c40,1340097496.3934863
1034b1af0331daddad70f3a5,451925488.5041463
3ee9cfee7b0acd482672ed47,737459094.2442956
adb51a572f3198367e3760ef,653166740.0830446
5c802e198dc0906016741026,559101259.2349845
671603ba1f755be5d7219a01,584005148.857342
001d77bfb387bdf0b53e9e83,898939308.6501658
fd9fda1abfcdd1066a177e14,641852219.3191153
e1e78f3432ea2dff6b69c6c0,430270202.6227063
378e6374da00b72bcd7920df,728284395.2282217
54ec4fd8f49c897c644ce83a,889663933.9061462
a67ef3a182aa268bc4d9ea14,651629376.9685777
8100a4b0288d5d9d9dc86d2f,409926048.7692979
699ac8957d9b4eb7fcfbcc40,1084456236.6604495
7b35a3e9f3e67fa1974f5c25,834918540.5641298
6e5383a7f9a68147c2788565,895195227.6538855
fca1c40a338288036b1eb25c,945921083.2369945
237da4784755f090c89f07be,613395204.5129462
21a7c5d6ea818dfb25077e13,594272905.4185492
0cf7dd52e117832b4698b310,647738622.4005075
677c8056695a5a539dcfa3d0,530772695.0990356
e4b85269ca413066323f66e0,1008667542.3533953
9019f1dd02ede61479b62406,437710996.33921367
958f3e102c6ecf5f6386a004,539756296.125455
b05c741bc5013a7a6abd31d6,539756296.125455
2c58f2cbd00035febac060e1,666624443.7340829
89d36acc5f617a6a97e02f23,717338153.0030292
2fba6801eb9a7bce7ed2c081,632791903.871944
45ccde79aee811756030903d,684825195.9424468
5bdb5174517b8faa23df9587,1032557716.5210229
36a11817b32bc24eda6ec8eb,510556414.58506113
f1319a9332946bd68db250c2,550165100.8153102
39f70d6b68b22668a0631f37,676360082.0726538
3958d0cb732f3d623764be54,711456425.9826802
f67028acda5ecaa4c8781ba6,676545259.0354525
76f50ce5f30cb96d48a69357,483886777.1262063
9e5efd4741a57b9af54e9265,648979589.5757123
8c45ac143f5cc43e9249c17b,989459415.1874365
2a66eb4d2a205bc4474c0afa,750975360.1338314
85cf1ee98e1a85ff4619e27c,750905727.8510644
84c2ab0573d3cbffa0be90f4,822557996.5759066
48976c41de22ddaea3f8c296,501309779.7809905
001c03f6103d35389825b62e,640532217.5516256
ceab390b6906d5cbe65fc402,622292287.3374438
79f989fd66108a2c38a9764e,715080629.5673556
cc385eff95aa00310eb22111,649205871.3419988
ed764bed1d05cb1e9a4e67f8,862149334.0295606
857c5dae475eadef41c25603,799724186.6993918
7148b0d9e2e1e92d41633230,804040024.3330286
7f3e02524981fc7e40eccfdc,420824513.1183945
ccc625df8f51248e3dc93214,560913665.2746118
b38776cf09ec8e90fceeec84,687649130.2916408
48ebc3d79e01061c926066ba,389351123.1217701
9580bf8358095abb15a10c36,321294792.7550276
d26d35e33a0cf88f735a9322,602093288.396759
b4c2a0a1a63d35a9a08a6e15,588389720.8920364
1bf1913f806bd4b461233551,371085913.82083976
34d1394dbb483e55d1cc2da5,425831291.84016794
7bef2da7f3c160e94fe91ead,533921968.36374205
528014ff6b7cdbfc174f4fcb,625522353.3864806
bf1dae54bab00fcd3e8c9ce2,555248359.9612788
f270dfd9ef449a02b6d7ae2e,625804898.4484605
31d6f089626c4fd08536fac0,528817342.63462406
259f4f7fd5d851be70d63633,382326720.30738026
6b74ef5c8ab1df614bfba866,700609598.0562214
7ee7fba3a30e0e7c2ed3043c,759234321.4075483
b24bd44eefc3ccf053939dfd,571664336.0226866
0545fc14aece3f37864ced2d,572890924.9936469
e07eb36210e90ef0419fa0d0,779167510.2026289
3991b04509fa61b36a8f7d2a,755758073.1295722
387af5fb4b4a7f5c3fdcce57,575423206.0165498
6852e8bbadc1a9f4fbcd695d,708084701.0668273
8c3373f9c0372b87ef021512,952166957.7659022
6123a0dd128e45216f832e3d,827820402.7795576
0913364c688d7375d0f7af5d,481861487.6176858
8831ae77efac99a6c58ce05d,723112392.2919081
b6283a5714e0b977110318ea,636566462.0584067
d2d8f5356f77507f8839280c,847929732.0033858
f36bb15462fb29f80b127458,1083287058.9284422
7abf9cd6b26e2e2bb6d91e5c,915176937.2180074
1a5f6f7e8b7af9d48644f1e0,690208904.2162647
8e2a5f8431996ae0db65d0be,787611155.106272
29535d858fa3a11792697820,762189828.6910197
8e4df02eee6cab9bd1011987,556924859.860657
5a4039f0ca12767138ae585f,809647408.7619971
d84248b3ce8ff6f5fa480a83,761343573.4008392
5838e86b74020a5bead56161,499786098.4785811
02091877f01c926c350b013b,642777673.5771098
df298574e35dda90fb568023,494291862.5754733
d8b83253855448caa81f7780,798444771.6485953
1163ab2c0bc8c998e121b922,573665278.6340488
14f9ab54432e5f54a50be4a5,465643818.90149826
f4e0fa1172c1d4b70b6c4d73,645581684.5506542
4345863fe83682f6091d8a77,499950182.54810154
6c5bbbfa3a1515e5cdec9ae1,702229594.5215973
742da63af109164c21dd57af,643211451.9650413
fdc28a68bf8a5bc86288b4c7,882759226.8679708
0f4b077de4ba5f5db6fb0065,633536569.7066927
320ff6c0320674fd278f6fc7,712628909.8575034
6acf9cef08906fe569c38572,794552313.22288
853febf898a1dba351d6f917,573229482.6511313
8ae41ff6a828f175a9f628b2,466031394.2147466
56ae6108c1b53c649da2f6ba,647692845.3701084
aa990d4e5f1a0fc4f0bb29aa,755960118.7975422
cb8b826e929f4f8a8e3687bd,585981350.770751
b85a7389bab2e651f05369da,395957024.73781204
1fe929afafa91bee53df4e86,580326503.1897798
02e89c055b7692dab024defc,467294494.2570186
66bc6e56bcac9bfc4a7341d8,687937640.2808149
63cee15dc4a6808616a2c2e6,496237253.31746674
9a889078a0225c013570609f,478052593.060149
3548fa5ad26ba2ea999380a0,498199676.6327107
d9d8aeafa748f8f1ff2fca22,644195137.3719888
9e2c21d635fc25f7790cafa9,464862161.3631459
f99adfe85d32b0a66f4d483a,641376539.2812009
eb64fd330053a41ce5be4a7e,467678427.6625706
ea8d704272b2cd066a7e7867,645270688.515571
e7c92ef9784a92c8b7fca693,819109394.8769729
a9b83e18ae78d307d1b39b15,640724579.4652116
ab8d6823d905f1f0ccf4a75c,769171229.9196231
8447ca83d928dc34c2e7f9fa,480975768.87012225
5bd24b842a67601630036d0c,664416623.3162463
38d5b9319bc16bae99fe73b9,547312481.3892007
e1558509b120809eface5b87,622761141.7354438
4b8d7217da1b1f225f254914,692436983.2207025
09e0c3a1b90d46c361007323,467678427.6625706
d090a9e520ef74848bb060a6,603469499.525671
07284e4caec09fbbb16adf2f,758142544.7219129
f8bb20be599b79cbe29f36cb,798841877.8614305
07dd30f04c5953f325df9aad,634567766.476531
622872d345b4b0d9c1b9302f,637004735.2285712
fc9151dd6f8850502c747bab,646110786.5540862
0fdd03a2dfb18e323d96f468,782074838.045186
ad7cfe29b56c915dd016897c,549490915.0700251
f40a182d82c489f55c64ab7b,636396126.0458717
fb06aae0e711d628b16eb910,654119672.5682591
7dabee85f750266dce02399e,702865570.7136469
ebcab2f8506c64a461591d1c,584780845.6302289
340f96c7de105aec5b7a28b9,601935235.0127927
be1c6023731fb633c4f41f96,634881272.6381339
d6b051fbaa13e3d92a798521,803922042.7746619
bd04c8b6b5e381cd5f881379,477510185.0150789
2ca47f5c36ea5d1cf00dbd2f,467118617.43624556
3f2c18ea5d8e9a25adca4c42,800831029.3886707
5bd59dbebb0d6fa71efa4c66,522653079.27982354
bdac2f1c4b306a7742f60ab9,864766772.4585661
a0e26a9d56cfb3b7228e5d75,636685292.0598
933740e21e9b61721b2c6053,623606194.2507101
a3b9c1a3b81f17e6b22b6152,600207765.0696076
445e241d8bfaceb149609d6a,493152426.5668463
937f0b37f566f65a1871615d,588886057.6728169
9a76a405640f670c6355630a,571948438.7891701
7a0f351e8562fb7aafe6e714,539309752.0777496
4c5b79f3656501fce2e2178d,549419473.6672282
201053b106a0b89a0a47e2cc,681533011.6832126
724a5f9542f86cc43334d3e6,419086226.12761635
afaadd87a196e04b934e0b1a,440801528.16354656
a46cfad2458ac7ca4134818c,642502489.3147274
f640eb21bdbb9369acc4e863,445283781.3940112
8b3350aaa66b9fa1c682c15d,687339592.7588631
1340b0805cb34eb9a982190f,620622041.5023135
055d5ab6b22d4d0ac325fe73,556924859.860657
faed63c1287896e97987c4c9,746153155.8173431
a094be8af52cf76977fa5083,761888344.5106387
feb3384733ed8feeedf9ce8b,761888344.5106387
eec4d59429b1d1bb75b4d686,532567296.09813774
3e9754a961d2cf348c9ff7af,671389560.7810662
8f8a92abd28c8990534e847d,728910559.1241993
256491790d0a2d5e1ebdc2e2,492017917.3180964
ede7995bc4e7e672fda4fa5a,797272695.0117918
9e8a11484838eed1f4673a32,709430443.106067
8aad5795547ade3c804c0ef0,630062110.2145112
4ec4683fcf928d9fb33eb7b9,703390543.669111
ee18825bcf4065d29287b54e,850428945.4231114
485cd615660dda11586f797c,765827447.5521605
8b450ea6c21fe0b5157529a4,791855206.6680192
0d45e78397d4bc0d363be47e,697467246.8356683
bfa4cb65827c4ebb91478e53,965640257.4864935
deb2c93acfaf6994bb3c0608,672667116.9516287
571e1a8c252cd67ee0475974,886212957.7402943
04e337d3c692f3429d47aef4,695093988.6563383
cd2913f013727119158b98c0,854480437.0254836
ba63594585c484bbd20ed3a1,597884571.6672281
beb7b99cf12926d8714d1c5d,788812618.2328484
0fbc9e52ccf1b7ea8136cbbe,782726022.0693016
f36031f3a3f77a3fcad337aa,824051114.1882831
7738f18d533d0f0379e3a06d,772061456.0467749
20c3cc21b44eb37d0b359c1a,806648724.4187254
78257e76c16db549022fbf2c,813666495.9809515
4baceaad0b0081bdaa37473c,762189828.6910197
6bbf67d88846e94a63014eee,972567724.725488
edb259013ceb62ad9b23eee3,1083287058.9284422
ecfe155a407ad2c2f74522e8,747418607.4726171
6906a20be4962df7725dda7c,1114126252.210023
5d86b884df3627d93f206952,911822301.2104993
cac3eb4606346268cea48e32,942944601.8891429
e7439820086f8d1cb13d7c9b,552712070.4319332
b940561f2d48444e139eaf71,404732792.3905924
4433060d0fa95ae1382f2de1,512344106.4449916
27dd503d4fbf4d5f5d850d4d,593654916.3551165
42a73bad238f2d3f5e376044,609366696.5749452
2b53b13cd912f353cf9c4757,710331490.0189537
4cb59b46927df31150830d5e,433140464.27036315
2f3d01cbf0ee0b985386418d,485380722.08245367
d12e6de49fcca906c3586994,523130166.0258899
8f541a839df1ae79d563427f,503570963.2932747
ae5ff2b5eb4f9ac44fef666c,560667493.6871346
ca77a424800783bb9c5c0450,666222823.6808757
c0ec1e7ae2c6c3c2f2ae34b8,637455599.4800259
2372f7c0499de8aa2e5ffa06,843120558.0215765
46de3fbec5bc6c0e256e7751,495902537.8825789
4d8b338266822739bc9c8fc9,703682454.7732804
86d46a3fd9d7bbcac3319829,686283342.0671574
b13fce1462ed87e57ddec917,761226945.3236985
625caf4f4f56f3f6bfd3f786,401229848.6558831
2214e2c62cf8d2d14f11d47c,642205675.6331284
cee8fedd5685633435d77a06,806162601.8159033
061386497cc2dede3ea70b1e,540638473.2543484
3ce50f34a7974ec17178a79f,688187810.8605112
855ce1721230ba103fc0ae84,335589522.9033436
ff3b85eb538fb9a7dd03f459,344677107.3998171
111bf82100a6fab0c9ded743,848863882.749092
8877941794810464749ba5d5,617892289.1000588
1122a042822658cb504dc147,848863882.749092
d7d924ec35768a3e6bd39b20,525557835.8289783
27cf45528b4266162f7c9029,544844249.2489389
916f946082d03023ffad6f2a,571446910.7463368
68181ef118970fdb1d83f030,862149334.0295606
2f0bbbbb466fae3fe5c4f614,836770398.8218496
17c8b228fa2591e3a234d55c,674826491.4937754
e5d9afdaf318dbe749bf9950,674826491.4937754
ce2cce355f493a75ab59b242,520932796.5227214
b6825cfa2fde9b42fcf04c59,582136133.9832268
6fb3e33e16eb81331d389ad7,464862161.3631459
e29d9a401a246c00f5eb2413,758433077.9320999
fdf103976a39cc12f5effaa2,758433077.9320999
d1526bc5e5446680841a9cd7,657313062.9538275
a96cb9d988f5dc99bf5df4ea,657313062.9538275
760125efabf13246774a9f16,610657363.5791844
229607e2faf76efeeadcdfce,582001340.4160548
f14b11d270282b317d9cbadc,660336811.4269152
8a41638edfc5183469b6c43f,718388969.9619527
ba249dc7eae0609f20ccf234,730081401.9255452
0dfc7d77d3dca86a221fe62b,991860547.6258249
ed7f61ea4c9095bd4aca258a,539847371.5198383
d2ce77db7cade7f2c6189002,636566462.0584067
9d18c354e8939c9f18598f22,586258068.8631827
b95689add02915dab555d9f7,871657160.7986388
1c35d9468cdc55670d48db84,851891696.9299692
caa4aecacff2beded2e76beb,556037109.6207572
017487de3455d9f642a7fadc,687123410.6120914
8ed9c13717d2bb274a81e460,813666495.9809515
c2eeb1cf0549df1359ef4dcb,347703771.12392217
3a413637f3108ddf7bd53bcc,595662645.9057012
145a241c80430b1e4ddebcfe,673437085.7065828
c954618c48b70cb00efb49fe,693476780.8645313
fda6cee77fbfbce6ec0eabdd,607442224.5762683
b92c9c464e23f8b987290769,518811413.1214174
d81b170177769c0121b8935a,629472960.607598
7a832790d068e1e85182b5a5,491444648.3409396
462ced9cfb28550c160e5664,827392878.2160585
edd9a278b86b1c56e237a0f3,591333022.1712054
fe9b6a82fcc3266ddcb3e36b,799297701.115388
fa74fbeb90bdaf8eb26f8329,668771721.5642127
a70b6661eda6ef616e19dded,466896373.41202116
cbcf4d76223673724b0f9811,622655229.1190859
ba16ae6ca55dc3c0d5480944,879519822.7869923
3c840c206546c20b3e53d4fa,820824460.5207388
c61076b24927a46ef506322c,823081419.7483141
2e797c8302fb7ada13ef2d4c,744081907.1259162
3c9e3b97db788dcd10acf0e1,730136668.3669273
28db5acb7b224d44e3d7ce80,630243595.6355218
c7aad87d39537083a5620757,806659222.7920449
099721566fdd0a32546fedbd,830127796.0074861
bc67f29c8679adf31353bec6,708633507.5964063
eb40a304997a6e66c550b704,672676063.0699819
3882da646752a82db088c614,696053915.8914589
68c319925551b9484778bb65,607330116.3830551
711b570ff195fb77229deb35,619174652.8436354
e7a2e8e1c22a52f78ffd1b19,725807515.1019527
814d93fc94b4de6d3a860bcb,566363733.22415
817da44fa842fe304b93c199,414325931.1867033
5cb29f5aaad14b6c33813580,440801528.16354656
8a1105028a1a1b83c5080abb,290424300.18370384
82b69c38d041325a4bb2fbce,302417323.76451534
a57d01ed5a9641ad64f7f032,620622041.5023135
90186e67d802be6d12eb3696,604990170.987051
f781bb1ed340e08b23258ceb,477724346.02867585
db05818b6de8d77c1c3fd053,562193346.6625681
f4ed8924f5d1a3e6374715aa,717347454.4702499
d792d1eec60822752c8d52f1,630472599.3820305
47a3c63f65a9794384c655dc,556924859.860657
ebacf31727972e81d0a0d904,516842109.8530953
a759e4c03e49c419c8f0cd2d,668832498.8330818
0648a4bd7ca088f4b3834401,755758073.1295722
b25734bf3ca94e775f467e85,426524023.23042405
65a8795e7a5b88acd7a469c4,687928500.8260508
b799aa1dd2de813ccad401e8,871130166.8182638
c01440b8ff0d80e7bbad715c,771408533.3830453
a20cd5193779526b43612ebe,535634062.0301983
0cddda1c211fcdce819d5f8f,724385233.9016942
69bcce6b58fc3702580d3234,735087102.2559055
ac7c0c806b57e4942d9ead3e,805320880.4178624
aa9e131fe4e7982a374bbb84,690208904.2162647
290725d6b15062397597b954,556496116.5501668
5f0fa37b7c5cf77e0508abd2,848442878.8638262
c76f482d2a8f8db5eb79ae89,988827905.2243221
f651cc17b051c962e4124795,643889736.5835015
250d84aac8add089061d3204,964605246.9698577
d3f9cf66c1c05f55325b894a,1083287058.9284422
7198cf5aae5d0d5ba2e43b96,813666495.9809515
766c7906cf0493736436fdea,1042425417.0774307
78f670c0d7a26c0323281ffa,696066175.4604305
ec0eb8d68807f52b681f138e,755243028.0976089
446138cfd3749c0b6715b0c3,824960656.7786523
64b4837e4550ce39f2f85342,687213085.3098862
1103c663f6b5ed0309a767b2,566349577.6512557
b9a573a3f2cedd87c7dc6477,710744693.4292623
de54862f5b7b8ff345c6b297,572086652.0744631
16b3311b337c0cb9312ddba1,620622041.5023135
a1c2003dfcdce97d21f9cd15,556924859.860657
262688a95a32f10fa070a887,575330629.7228329
8e374b19fb87640c56243088,426524023.23042405
4032d6a6a13399797a794ab7,630472599.3820305
99f1712af0fe96f67d11037b,747168480.5141351
bcc584e6a08822158e2a1454,574883187.1770904
ad14f4403926de76de2604c6,453212055.19915754
01f855427cbe3eb51b38288f,575423206.0165498
4673ef4fa28aabb0fe61043b,420824513.1183945
f4cf541f02d99ea1851b9f12,605790853.1853622
bfe19954cd4680149c682587,530118017.41495174
fed8f3bf4a2d7a426901706c,701070372.6296378
480aa7fe286f4aa31f56d4b9,715080629.5673556
1e9850a50070dd51861a5e63,729155054.2411683
e26dcf5836f5bb53553cc413,731384137.6500154
c7ac975025713f368bdb0af8,828644707.8626182
73fd5bc0aee47d89a160f5d1,794017962.1628588
5bb9dac6e0e9409e89aa6cee,712788855.3833042
9b15aa6c85804621f5c42566,813666495.9809515
199fe72cad28e4554e359ff1,762189828.6910197
b28ba88f3665a2f26c2f8e47,1083287058.9284422
453ef603a66a34f17ae22227,767577272.8416797
d8f4955ed4fc363d6d9ea897,699056834.1156576
f2eca7e3226f625807f7d6be,1135402498.6799917
361ccd7f37ada9c07ffcf71c,710063779.6955626
e7d1ee027da436cbaa122f48,1171227659.9536316
554ec896fe4f9d8f2e8eabe0,1073625746.8057454
ba79c72aa8bbb0517c899b59,819716362.4734706
69dd957e78fcdd4d8e874acb,551806997.3899308
df91a3c7f364df5e6831f2de,926357795.2696991
77866048ba7b69532d0a18cc,664339293.3957279
a792bde8819aebc5b2d73a6a,848482057.6005362
6293e4a72b5c84782bcdbf78,673023274.9649886
bcee01a5d6a36f48d99a5e4b,759936874.3800937
c58b56f1202d1cdffdda3021,713408187.3855475
ed3275b560f020baeb9ce3c0,547993037.4932365
2a872557ba401f4c95e0ad2e,725323002.8157111
6b8c1c7c855656b0e56f0bb6,680442303.9041762
d6297cc548b16bff11eea51a,755229306.5858078
dadce7c7a446a6a177821b73,841807035.9653426
f5d9d8082e7652e97973e0e4,1099790452.0817456
2ef9126614eeef828f797e66,1044211907.0901222
c70439fc435337f1e8fd2f5e,1085802460.030903
79631cac54b1e71c1022da12,1261991073.348044
6fca3b70ba2c68d9e0d2540f,475643232.11673784
5b29d453bd368190e0e356c2,615255136.9868279
25995099875f0ee622ebc31d,738298220.1957895
34bd7be0761ab3d43da7a81c,544235464.8289131
b8e15d182ac0c74fba332b8b,644500001.6139302
901e3b835718ccae27c8831b,558627422.2414141
e1c7a101e5d518583f9a2a7b,788084347.5807983
02f6ffcfcdd3dbba94dd7b33,913757183.8247975
2162e09e137eb5f4a1f32b16,678977764.1131291
5eb815f9023e6eb97786233f,1184919747.7755122
d2ab14487e0ecf640a785277,720768977.5566776
437167a9db41b677da7d5a7d,588372228.8241065
c3f889c41c1effea85bcc706,540580743.5080477
155da5ad9ad19d57a7632cd0,719940736.4778326
43d1fb0646562c3f1dd6fefa,630842173.5518954
8eb66c4b057dd4b07b5fbca5,802249126.0413997
f9718594fa52500c16e3cd71,731085014.2463807
d9c46d54ba6df0d21ed4ca49,642186699.6124346
d3f688e0deaff6648f2925b6,460026877.03096557
093a92c6846c924f88ba8750,699303464.6275654
9b1223cd8c9d7b348d6a5c94,876873170.1062565
8209afd76e36d8b5c4f7a991,485285834.0094882
29fd909e7cef62de53430e1a,755061280.8430401
76df3d616d8bc1de789bd83b,495293039.17894334
8aa5d44a72b2a6851d14ef86,706756335.3737212
eb4e1b72abce1d184dd4d5e4,656613081.779911
2ba24fd47c2ef8520bccf6eb,401850486.0617837
1c9e38cd216595b33e283134,857587787.0079167
2fc150cf6ea4141106bb8ac4,337080187.3137379
8dd46fd8ff592358e4c3e7e5,626453973.7913971
d5e001b2f1dad3962cfff9aa,660636320.9631156
6e73e42a0d2ef8d6e403112b,482163855.2452435
2537dfc786054c61eb3a80b5,674442952.9444222
19c77db46d23e0c07a06a8b2,584450918.723157
e6424086fe1cf2a2931f4847,674442952.9444222
66526276a7e8da597683e8c9,906264337.1758908
cedd20027ebbf47baaa0dbff,906264337.1758908
ac7c323295addefb43c62acc,834684030.6614947
a8e74eb5eb523143cb291cea,897473514.0112277
ad393e9070779969b496fa72,673542346.7333379
64d9dff81c79a16579cef2f4,1031356155.3374213
ea91281d5eaf6b8f436d47f6,1031356155.3374213
06e59cc783be86bd145a56c6,828962508.959577
7458171e4db497a4cc1365fb,774657934.2715038
12d73fb8f4ca87b19ca46231,834684030.6614947
5e935d4a03c6abc86ac5adfa,880396112.8969388
2754b4e12a7604efe8e03f5b,799888162.3549399
9ea7a0d65493cb5487ed2084,640043519.2480006
7845cf57552577b059dd13ae,602274249.64666
6e710984bbf2662a9cc7bc4c,420824513.1183945
47720fb9e2586dced75db114,539651625.9073294
cbd48f3342e63a84173a8dfd,453212055.19915754
cb83c138aefeadb184d2c7e0,436452877.3272185
397d4e490eb2db8a1b18051b,559101259.2349845
4f65732875c007d3c1102140,537958068.2929446
1f8ad363a0539a6f2455c3fc,579079330.2159247
9535ab027f9f2a9a8fdc21fd,532664335.48745954
248993a27da888a6e3ffefe4,588372228.8241065
cd07b4553b6d3863a9e444e8,837405754.4436357
f53fe605b0a2857cf3facf73,640532217.5516256
ae48e30b60ec254bf0dc89ac,835326602.5280854
2a0e902f3c07cc9696000177,496735168.1929481
d57535248bb34f65ae678a39,619007881.9623938
9949cbc958bbc0114404960a,720454185.0274713
841c57617a075690ce412083,727016462.85978
9fc4385ea76cabf741d38789,480796201.172915
0367da7dc5374f1957a1b7f6,687931886.9532665
7703f868650a8252e954e457,731384137.6500154
4cb9319ff5adaa62386b713b,725323002.8157111
dbb30f9d010677de2aee1b71,676923386.6568389
0b54c51a787fe58bdf677658,796488405.3825299
5234aeb6d817b8ad876e50fe,618765756.4055327
77359d0d34ba4c9d825e46ed,531247998.0640379
b84795015be5077f942f5170,561322013.4672009
75f5290d61164d42b39d9d51,562193346.6625681
b46d50c84edaa7feba938671,725323002.8157111
be8c05b72ee7867fdcb05455,840180068.2787759
356712646865d98127b92a57,655310293.5774109
ab765acf8b87daf1673b3a97,564996823.0185845
3a2cacbd3b4f9a23514b1433,647312576.1150838
3c6d485d7b01ddd6147746c2,552551260.139664
054cd21c3b12f165bd520313,793817026.4798715
e114160e3ffe6a703eb42440,549523552.4995533
a38b2d75349c56ce04f02a94,738459148.5096194
71fdd2b1214b9371ef149c1c,977315563.0220016
10970057efd092c98037498d,562793454.2170888
7543d0e85e6328ebc8283d75,384374347.14367056
db1cfd89dad114c11ab2d409,788084347.5807983
760f24a443eb01721c6ffea3,778220682.6290787
a1508f30ba87423e7393b4fd,991860547.6258249
5814dc311aa87b24e26aceb3,661704803.8054483
f26c2bb4d5787541e9c36463,785722710.5884007
cf07a5af6ee98d735bde14bd,577451915.620354
8b716c3dca89b7caa7db1aad,709430306.4768351
df89e7dea6c313b0cc262249,368563229.46231365
3e2c1d2cba8755ffad9cff27,790650922.3581507
6771a8c70428fec0f21d51a1,720768977.5566776
d8171d498291341094daaa39,1087947184.0474176
3d43dd23536f843c2c5bd268,925607057.9818192
785dea91d94ab384bbd6ce3e,755758073.1295722
6c316d2bb84fff36bb01f14c,1184919747.7755122
08ba99aa6a8ee752209de6ae,596376287.1701884
d177236e8c725d4405025916,892613457.6852233
9a6b537a7319b3446977919d,1067823457.2017763
e2e7b03feffb21bad63eca2d,763882889.1835824
f2fa898e1bcccbdb92dd91e9,713089180.9459605
2c340ee014e39ad0fd1309d8,988827905.2243221
7ee83e5d70855ed21455b6d5,1186494646.1381571
fdd4b5fcf9ebadf96545038c,828644707.8626182
512b4ad817c387bed877b7d1,1283637542.8328202
3ba644c7be754c21e3cc48ee,663862056.379625
cb38dc837baf3e0531c6c115,624581067.5506229
5e931fda1e62fe41ff0f2ba2,585738770.898452
0ce9a7d4b0682dbbca68e070,561325928.4352635
8d114cef336100a8d8c81ce1,741960979.982714
ebc3a6574ebc530ef715ea7e,797068105.3523058
4c2b14bfeacd87b878cbcc92,558627422.2414141
577b17cb350bd2a646725b6d,913757183.8247975
0dbe463995c605bcdffb133b,605613450.2043376
88f3f39ea06fb882c69bbd10,409276203.59772694
e54567ced41a40938b85485b,575423206.0165498
cb6d29f005078d4d4efc2d04,1031251641.8750465
1d0919344e52b315441aeafb,580439287.4262077
62c39ad30e9a26d8cf3593b4,884931499.5531113
a02bf67aecbac445a12da958,1065505711.5295224
06baade01a74972cc4a419ec,572890924.9936469
3943b64f9550a575f15d6d29,967440028.334643
b62d64605362afc574ea5b0b,888651424.8698788
0ef45eb4356e2f0331ad2457,1152268392.8792593
6700ad4d4d7f70def59a5d59,809118608.7932823
19ad2fa7e170c67870ee58f7,910845850.7697697
919c1e281329379c4d130416,1047005650.7009032
8a451ef547efb90a8fcfa6c8,832863008.6255479
5c208e5c37aad07602f7cd7f,809817868.683702
164fb89266e40a2530400599,460026877.03096557
5fc0f0c4fa019b6f1b2a016d,583499933.9949101
3b16ff50ec7fa717efbd62ab,705834909.7006493
30e6d4e1c53e9e81ff66df43,562793454.2170888
cdae3bf05372c13649a2adc8,384374347.14367056
170a69c11cf4f855ed015bed,811859479.3260934
e14b31f8a454e47c383cae94,585400976.7312771
14a8134a56af1b328321cad4,654480634.886586
ea8cc21bf7d48979bcae1458,599647190.8039138
c287dbff188e95f833ab21f0,575680979.877218
2cd0b2d7561919f0223608d5,420824513.1183945
1acc5749203f964fa8b2092a,419591857.0980942
9543c16bd5eea47111e6b266,561322013.4672009
d415dc486936995f8b3704e3,531247998.0640379
ab946dfa5b9d7214a3756978,755758073.1295722
803711fede531ad1621a6823,575423206.0165498
f83f29f28978d7dd76cf5942,558627422.2414141
4bf284e6ba81bcaa21a437fd,572890924.9936469
d8ed50fbd5ed46d36b3d2dba,661324797.6205834
b40128f5e17574a5d3da9a32,700484613.3490727
506d4cc6613a07c313a12de4,745420636.3588744
558b7d06789a1c8e488c38d2,632090110.363376
38410183814a757520143737,715080629.5673556
560a750cb6f8683ccac4563b,808123248.116324
48740edcbe275bed3c82efed,662550345.1917803
50b2bb276e598c9cfdb42b0b,674282241.7934049
302adfed183564312f9e3087,828644707.8626182
063e53d45e5e7945f1f10fc2,713089180.9459605
6e2c39fbeb5392e6aee9b644,943110520.133296
8d6c523d4100ab0c83a31fed,828530236.5198218
6d6aaf30227f16b2be29e79c,991860547.6258249
e73e5e75cb18f52dd7239361,720768977.5566776
dd625806063f76dcf53582d5,913757183.8247975
a4b16572b8bb786561baa3c9,1184919747.7755122
9446f801f30e8b2997fbd72a,1109298825.611519
941569c4352c3a2e32c908c3,1172214298.6203856
8b4c54125d9165554e4123a3,976236684.3705114
d50f33fe5acdaf5caf1c6ac5,420572331.53209794
46ff039321805b51870c64f2,848827293.1957546
1ac6c220eb690db798a3d4d5,653807487.4667888
faf872c4bca132b52dec368c,747422415.8259308
d92232d77f7a124e7ff13ee9,741960979.982714
f9a136d7944cb7768b598a88,826510132.3342321
e03610db09ed7315cfcd64c9,584595008.55225
8c51f1b43f15b70d2a294918,375875835.86626047
21d141a84af5f0e2ade9b0b8,671993579.3284075
55c7cbf5e572d2342d0d7071,626072210.5691826
54c0e5e6d368ec51f6e75c1e,852748054.5168943
434ff40bff8fad0962ec07e4,772470206.4242696
0a199d5741b5a6213b39b793,744574107.4397146
9931470b50580f51e1a4fac7,490182687.236903
89498fdf642e770ea75be7d8,787516791.7215513
aba39002de605f9ff34bd542,690001448.7534504
0c1c0ba7d75dc4090b7183f5,882132622.7352098
2ac425aa592565b44b25cdc3,740428391.7339928
c0cdcb5f860e3a974c401861,654235549.1910694
4ec741bc6ab20515070cf1ee,628427660.5716493
3d4c48167a8de8cb0e4956f6,786811988.4855782
f5741fdd9f509d3bb02e35bc,678155659.0795478
c1d0c0846ec652774ed5474b,722376995.2642895
ed2c02ddcf0e54789d9d2675,756150592.8725141
0e05eba6eed4e55e89dc5f14,833948748.8559383
b29e5a75740c8439aefc9321,744315038.4743274
218445f989b2da5eff4029f4,870561704.7698517
0c7da0c2613129bc322b1da5,813645031.3807088
a41210034abe19957b317d1b,982011710.3743129
0cb4217cde38e09571fa73ba,1176790546.9114404
9df0663317db1cf4121a222d,629048181.30534935
62be98264dbfd418ba21cfac,1133598195.6449752
939ce1536f15c0e6bf203dd4,1075205223.4307296
d9028df78f9b14a720dbaa8c,1075205223.4307296
b05f4b5fae2f2faaddb377fb,688659416.8979015
65ac61968819927b8fd9b990,691416316.1670939
1e83b53963792d7445e19d27,650299526.7877388
72eb1af691a950fbb7e8d635,484813128.25830275
94fecb92077ffe3a72aedec4,524770618.28670835
f660a48b0eb17e98dd77c0bc,579615388.9238297
27fe3fc3838695ce34c5d287,451630572.2788085
9ff4b1fc1970cd5c102cb755,992200667.4536355
b54940561992090411749db3,583356577.8073217
d4990842f549d8139fa94c87,563446103.7093261
f6013cab49ef9188aaf87972,644195137.3719888
cc2e8713dd087d3b842d2f11,386709140.52176386
fb8aa6b6c5d2499d404f3f73,547680141.9448003
6a8b9fd89b745a52703715ab,572114723.0399884
4721d06c49413558bda1fb68,536842009.9996313
0100b3a412accebf6a3aa4b1,466649589.9052718
215e8852679b9cb6c4029ce3,630467419.0552644
0afec1b2e7060b99dbe41a10,492859283.37899244
4ff17c9b88aeeff105b8301c,606021409.1535782
6eee8548b87c9349ce90ac2b,503218375.04394895
9b264d26a196a76951308cca,739470474.4346185
945fad7539481410e8bb60e5,584595008.55225
f727924f0f35ec9fb58d0c31,320450624.592249
c7876dc81e250503076f43f2,631137677.5930793
e4f3e425e9f6e393999d7a08,514676566.395791
cee1833e8964355b9aabbce2,621444265.6166167
9a1819c45b01c341647a2410,674290716.6910185
ce95aab452311a0cc27e0c7b,430736323.66593534
e6eff72b7c5b0fc2677af2ad,591333022.1712054
3b368c10d243f6bc9c027061,317829881.6988994
510c03bfb80d92d180803887,514870539.55142885
664934c8e209352d2c79c971,615824677.5513211
689ba3a92dd7c12f1965031c,554406029.4568908
93d4c413d2a1ac59f1b46830,499952501.70116556
08b09c586530266c14e611f9,572598175.2690539
7157dafd306fa99e4c2ad233,557228851.864008
74e15493f395fdd312d50cc8,401466093.61338955
c34c94e7129f84267a5e4fd7,581522050.3918781
fc0572d7185e132770c3bad7,848863882.749092
5c1bd88edef0a4146c871fcc,612572963.9471246
a28a31f7d0e3fc6298606078,535537765.85494417
f388112376e68ccb2290074b,678906039.278701
05d1c33ea8c89ded7391ea92,585958633.0593834
dfd84193c81ca8430fd27ad0,848863882.749092
8b89813a4ae5f9209f854be1,815195994.7277104
d7b9566ffb28c753bea96f0e,726981812.3618846
8062b4109c12a95dd62bd43e,626922271.9133085
6d305d6f3e3c2a53515d5f6d,932677841.7222495
ff143fed55f12a0105f9f88d,626922271.9133085
0fd9a2a99c44c9e5565fc17b,824343911.5716763
7f85c59323701ee0e75abb92,827580530.6052748
19baa03dc4143a83920a7d2a,832197769.8210613
bc23ec33573f28442b36f60b,545169690.9329221
9957e5492f63fa295772246b,674758187.2041867
62e376b22a4cf0d84b7f6bff,778325788.2518097
0867853879129bfb46dae700,788905594.7768074
92c5129009b7e377fa004a93,730858727.5999438
6b9d38e0b9a3e28e3e695be1,776933940.3727939
b6da2728ee41d035da57c822,1085962338.7157629
adf5879151c7236f5e055e1f,840305202.7269421
bb31607d0bc3ee4a37fc912d,748659055.2499992
3ef8fee6a5cf42827d8bf562,964987920.3720584
e6016afcc032d20fc9d6f2be,1031338877.159038
f3962b552d34eb8bf38b4763,876509404.0044699
bce7369d51094d3a9d3495e6,963546397.9941295
55bfd350162592f2571e3a0d,799295500.0615295
3f226452520ee8f04e306bb9,993153497.6627734
b16fda9be5edaf4cbcf07122,776933940.3727939
e6f5ae869a5b7a30e8f0fd0d,994802614.6019919
ab0babf6941ef43c35acb951,1007165269.1789902
3bed16373c8ae820187e3d5a,634097025.6721854
bc1335d419a1c0f6e6860470,1171227659.9536316
98575cb25b358dde32ad042a,1034183120.7767009
fb50f2f13a30fccc3903577e,976182062.5088255
7a608479334951a3afdc655a,1036288258.4096457
9cb40496518bb99a7a00a2ea,1193019714.8938158
a69ded1c20e05bd6b3a90028,639666543.6643572
71d422db0c0c638e448142bc,821912977.9398059
fad033a3c81708df7b6ee73d,662890622.0001712
99fae85157be04554b236007,519139052.1853613
dcd314dabc7d162cfc29c81d,649604943.0385438
1c65d5172e53b4c7f1c4d6a9,600449850.6987647
cb6d4db44c789fcfe8236b40,714128457.7225629
ee2c509989c7155bb472c5b0,615358106.2683036
73b60c9053ff8193c2dd2823,849694225.0036858
2a487cfffeb12837a5586a41,528798672.7192892
c9d285946ffc4c4b3ee95da8,851091031.5854766
6a21be8a7a429eacb1de8c1d,656962564.9600055
2a7fc28219bee48a2368e730,697363343.1404834
5b169f28ea1dc473ddf11580,389351123.1217701
58b3ab31de2f9fdb0da0dc8d,558627422.2414141
2054c61f0162a18c6fa2291e,420824513.1183945
39940234a26e7264b464450b,621031423.7429247
550157aa4dae5fafc5d795b4,732748608.0918062
ca87bd8401c0c7bbc4b3f286,849600631.4013655
a8fdb6fb681aeae4d5c22f9a,888948776.3057642
998c864a446f06d114f42fa2,914603164.9959235
bc57535516748048e38d4a2d,696127047.5881813
ddd55d8001b809f304883ce4,572525738.776468
b9fecb3e6a507ba17764c303,430899015.8603258
4bd30aa3e2b4aa077ae27490,639817739.038911
d7ee2851bb69088f851970e9,673413388.0463626
40eb0c78da8b51b53548d914,1022322352.3737738
1097d9a61690cc58a4b91e62,607489002.7363414
6aebff5b1fb3a438c2c7969f,532274164.9567555
af672710affcd7e44eee9ba3,590989834.8177074
fbe3b74f9e11c829d4dc69d3,976182062.5088255
6b7219005737d8660d134ace,1111416432.5222325
042bd2cfb2d33467149ece1e,679779076.8602036
d5999beafbdc8acc8a6ad809,630202606.1288561
4ba65b1fb8d8ab0a914b0b8c,536070816.6317816
230864c9c9c5959f9f0d36ee,701254614.2085493
8520fdd4f5fec0ba861ca9ac,481518468.11345226
447dd594fdadb1b12ab32e6c,685676438.413618
3d405df6e5dd012419f43ba6,865068732.4579974
e120c33346ead011ab7789ce,558303148.3779775
505740f7746e0154932dbdc0,392278012.1186225
e9a427f23e80fa59d9d517c0,366928025.6113663
97388d009acd9e5ad49e7c4f,430364029.3484566
a100f050c34e438070ff487a,636566462.0584067
96d14a1d29b7abc2cad573cd,620166620.9849457
f69e25355ce3887bb1078fef,634919762.1840274
86276ef138e0babab9863276,400955644.9408738
344f3bcc1acdba48c12f8441,824197316.4691695
f3dbdb2b69017cfa026ee18b,726124170.6724281
ba32f2964e8b68ff5555fc34,843240423.0057873
fb7154b2dfd2a48c13ef70cc,575434133.8356642
089dc5de66c6c4132734b9c0,655435130.2074753
5c2ba5028fd94a6b9859de70,516842109.8530953
e8544410d811163a13c6a326,426524023.23042405
74d8df07206df08e8f3dc232,847929732.0033858
6fb4126e3ff41b8052fd0657,439427731.9717782
ba35cce2e715bda1684c937b,813666495.9809515
d7997b9126bef50985bab347,454706337.3374069
da3aafeb2d0105f8e09c051f,657768393.0568978
5daf1136686fc538db40afad,660387290.464323
88f632cc304cd769e2d4be27,662562891.6742084
c5dc941305b5fb59e66479ba,727892803.1683252
ec422df56b811a0aa42d8bbc,727892803.1683252
bc8bd1feaa8fca4c52e130f6,458711236.3962892
60c116411ab3cca49f7f49f1,498429823.6046582
75ae43992df8ef41eaf9d98a,404416498.28516066
87ee5c7c49ced4ec99f44d5f,844306086.460558
918f56ffe325f21522cc60d3,432605797.8484817
dae09210f48e5bbe0d31c728,513994179.3358768
c1ae2af40e1ea9da6380b8ee,748691034.507035
e7b717278f7c95cbfceba80b,576979543.1416793
387f18b1f01b1aae536752e5,599627192.1899929
c036fb38fbd2d1b59ed5b7f7,694198274.0655046
76c510c0ad11fa67f0e9a4de,666379727.2138399
ff46d9f7dd86b8bff7cc305c,601240361.9625425
23d95cbbc056b4456b94c97d,734582582.8765265
fc65a77fbdd07fb490ad870e,776796692.4641593
8f0a61533b6a01badf43b6ed,900229801.124544
c26990b034ee83450a4517b1,919106405.4530057
53ffa19a09c447f3759f86f3,577329328.5934477
86d80d3757377df6f2b8a0b3,669320774.0781735
c757b3960436c23dfaed4f2d,809366207.8539644
fd1431e595693fac0406151d,466194417.059737
42b6cf2a5225dc62342d3a20,625861103.0467379
6f8a0e8f1bce0243ea50213c,605231230.6752268
02277f636716264116015dde,425123996.95477706
b72459ea34fa22d1fd012dc5,733371032.3807533
cf4ebcab3fe4d12e1a20146a,856918771.8419536
ae2c10850b4a8ffca934cc72,1041839368.6176434
0e22a41ec27869c8f83f9be9,886817375.1628447
22a43024821ad081e654c5be,895658530.4795986
2054c223fcd48a48f67d02fd,464436547.6722089
9af6ac77a9aa0c6da3cdaeb0,420824513.1183945
6601706d2133f96aecfcbfbb,620622041.5023135
ce011b7462e9be36184a2984,499363427.5559865
f759f71e444c16a59187a067,681182392.330193
84cfb0342a0bf2c6777de39d,509813204.4928177
760fd4c893a56a4586030772,619203449.6253235
fc174b19baedc11f78b647d2,799297701.115388
aff9e510eba008f3ba5c1847,878345665.2804903
a5a4c0f268548993b61d65c6,756668553.5359212
6cfb8a07fc1100569413b33a,674282241.7934049
94301e20cb91669986c4b34f,494501903.07516295
52c1ab7484e412ccbf5d57a5,690141848.0283508
2538cfce1c108ebfb1056c8d,646532055.7256055
d57541684e5c00bd9354cc35,561325928.4352635
123106a60208725514f3a343,556924859.860657
7f2a2959f5ae816761be658c,985557055.6118846
fd5758238e7ec91e415779f7,729905066.5127863
e3197263bf47b3d37f027e11,739967666.3193797
8e5661e79f4fc282abac1f37,780108748.5902442
cdfc387f8246a1bb3110d724,748890737.919647
c53f3bdfe8159bae98ab005d,972567724.725488
200ea08f57fa23013d0e661a,991860547.6258249
603c736378e07570fb985ab0,954766054.760831
cc019e30685c91634d2fd4f4,813666495.9809515
b0d394d6c9b8967250854c66,1033255797.9970026
f7a79e1211fc72e06a3a82b6,1172214298.6203856
8a1ea9d91b3d8a66c6341243,629026714.6104219
22903633f8c4d91158f65c58,486794271.77284354
bb67d95fc94532b1fbe80ba6,600734342.610565
a8e696037f8747f562ec98fe,423325004.2069299
72e4fa00e8aab44cf210251f,723482670.3676181
d70948f87875325380885803,1070613660.1350576
a0e53cdd1132bd19b8ba0c54,643900207.9415058
882eb7115cd5b8b09fca0e47,821480458.4900126
529d6599d8a64c63566a11e9,573665278.6340488
e26eafffe4ca3c22b7f4a272,924835436.9446083
4e4abc111c07656e5bbdb0ee,682745830.6738226
46e7860100b0c09a6a475b9e,685451602.3216909
7bfbcfd0fb8f5b6d553c2d0d,737714807.5290273
5fedc401fc32ecc4d9ba7e89,532147899.2404014
aee8b22ecf19495fc5894a08,737714807.5290273
313e17c442fa3040065b7489,621702119.1786685
26206185deb023a344eb2e99,834231867.8900183
4a9e2358d64df916e2cfa213,691026604.2497063
2f6515defc3b21d82e0ca4dc,432940530.76980245
a9b18720f68c7002dc71c3af,414550431.3215308
af911ba38d5376a8aa53fcef,734984768.1772225
025b094e1ea7248f4aba72f0,347434030.2909283
f81aa0f575dbbacdbdc681f9,584581285.656107
848067a69d18a171e7fa34f2,614100780.5041399
e22ca3f1c8073e246079d57f,556597233.9792949
11444a88bb3b230b4feb5b58,593891065.5164577
7a9264f3a12de839a42c1783,594637969.625653
6d825b439d8622ab90245049,568683885.4744258
d2d317f2990465269ef58c41,720195138.5501217
2860e4435c857cc8a661ec97,825322194.9514543
39c70622597e64c4821d0731,949436878.7109001
2d6f5bc20de99dd0bd4e34bc,725323002.8157111
37ac1ae3a7e2a3319eafbb58,752872211.0344479
fe6fb32f623a9e3d5586a8d3,680442303.9041762
501531d637608f7098ba6242,712021440.7968075
69f59487924240bac2e75bd4,755229306.5858078
358e1287e24c3c4fb353315b,764022195.7491333
55e307c88e2a943acd64a9a5,740068447.4509624
19105db21495d546e6792a25,643889736.5835015
375419559910484b17782b47,990299447.9286484
c9d254244e315974cdf5d921,1099790452.0817456
adeb9a6ac3d357bd96c019ea,753986565.6260747
b08e0cfc5bdf5bdf5068ebdd,925315915.1198736
8da2439f391c6db92b9260f5,698752478.9339856
d0751cb5e704e28e03514fb7,712635950.3318802
9051c6d14018b4894b560e2f,750376081.2227603
54c3eff286c62f05ebe2ba57,513579788.04803383
975ee5aeee84593bbeb331b1,452621056.5104521
5102f4786cc032e24781c7ab,921680781.4571075
cfcd97bfad6e013aeb57a2a8,730055077.9119283
f304bc9e9edfc24eeeb720d5,639932250.7100829
bd05a6f6ebf924adf92e5577,849138027.0022259
a7b459470ef58ef3bed7437b,591999032.3170089
37e009a57645b845b1673b8b,556656446.0022172
b70082fdca35092802f8745f,387582554.2617914
8a69b9d7461107db6d16d1a9,621031423.7429247
adf055978a7a8e9bbd88e741,535186822.69256413
6c02bbf7f6b087a1f0c8a47a,597169983.6252422
d91017d9c530e058ace2e017,627451205.8729743
89016540f8b3fb727d863bec,774657934.2715038
506b653545eebba4c8821588,1046702523.5803287
01fe5add1e7df4b15dd73bc9,561553446.9353886
4911d01ea0a4505d5db5bb2d,499138647.6477221
68bda8b092d5a53a35dfaf07,1258981270.4297876
70bec150e1d8ac537cfd90e2,960621399.8359511
0e21abdf04b36e5f6a1fc337,1086833203.285135
f53efb47de2bca5912ad7517,781352609.7940983
82d6244acae149ed9ed88e8e,546346826.7623147
755a4fb96ff2b2276836f49b,639941423.5281067
f15ae83fbc4e4ee3f646b4c9,511721959.1701261
eac458ffc1da75fa1a4ab384,662924428.6742352
6f7bc7fd41ed908494d8e098,661277741.5158137
12d1678bc86ccdcc8ad756be,947471173.4136112
6e07d31b81f3fc9b9de8e1a8,1194910775.9427516
6c618bfe55cac120a4f1e08b,537197028.4148366
22958cc4622a0050d1aead77,655809423.0462037
c7c3da1f12d872a3726736f5,638001848.118318
ce30c2c7cda56a69005300d4,433651780.7486827
7a26e5936765b409b7b73cf2,840180068.2787759
8d5a73b1d27a66b3f72fa662,725323002.8157111
3b8302dabc47048245acc09f,747422415.8259308
909182c92bbc39b00536ce6b,422982518.27524704
963da21c3c571d7bbc36f1b6,705964012.9667662
a73504d5982fef268f5ff589,653856026.1045252
50563038c05963223b459beb,662616661.1933695
b9a0058c58cabd619e226178,700038823.0652047
0037d98f6ac46a86e36def45,617798664.8514044
38117bca778373247df86e14,504455487.71646494
4eeb8b5347526d721092a7be,586476158.6894416
0b6cd71df4dde546e665f865,586476158.6894416
bd066d5d19d41c06b904d51c,585580629.2809349
f10e210fc04e3fb073568323,586476158.6894416
9f504cc4e6b170155d38c687,586476158.6894416
3e4c1e6435ea1a9c3150aed0,504455487.71646494
052c93502aa794e0574db9e9,586476158.6894416
343f45e7d178eb780a9a9818,504455487.71646494
c0c4fa199f0ad751930cf78d,584239406.7203991
5d86154fc1769d4dccac1269,584452205.2853708
e1fb88779e55aef2b66f2c10,617798664.8514044
c26af6fdd00a85a17b823d92,586476158.6894416
be3ee4457a26c6b6ad4237d7,578625459.2653922
9bdc79dd02cdf39f92e8c869,617798664.8514044
1d4bafec52ec7575161bcbe0,649647487.4257264
0f15a78ce3ff90b6894fe3c7,689065558.8567655
afa5698724bea14940667231,586207271.9558176
4d8e365b35a6b8ebe6d7a15f,686535523.0531411
6ff848f65f2507e58cfaa231,465191919.85636944
e13947242fe19bc3925919f8,573339028.0748365
c02caec41084656408c2696e,674719825.2931056
d6fd079beb9f759fa4c6886f,430364029.3484566
d14f7f939468e641c43abfe4,588423507.8164892
8f6076f8ed13e87862d82255,498384371.15623283
8d5e662ba25a71727f1eac77,740706594.7495427
bd2f9648ee9ebc1fdbfa53b3,621444265.6166167
da8f986b6ee6f594780f4a91,740706594.7495427
af7131ea57639ce5aa1e102f,740706594.7495427
30e10a03626eeaf8bc2c380e,738374043.7182255
6caf180e36fe18078703db02,553594791.6913873
a40861d6573e4539ee3c23e5,658165601.5710939
d5f905cebe05262cfc44bb11,715080629.5673556
809800b56b7b29399986115f,693168293.6833133
6b2d7f88f15cbf7d998986da,808123248.116324
a0ede3a514cede68b721d994,674389158.0167509
179d467dacdf674a66c7310c,672654651.6878024
97f9cfef1e35be84ceea2a46,818994547.9838749
b7e01962fda2102f1402a444,694134684.9280365
6665e5bc4774d04321d1ba9f,606911966.6654285
6c09a3ccddc797f77d63f1bc,847929732.0033858
97986583e1c988373765eab5,827392878.2160585
56807890f8587cd75893aec9,668771721.5642127
0f2fb3cf22613a339c88f7e4,630924950.5477211
a967a4f0b1dd36d7264cb408,853430416.2291453
08ead1ac0b9b30c2a72db17f,987921255.6415908
1b989360ec91f5da55806bc4,959324278.1584396
b289cd856f9d15493d31ef6f,913884559.0214267
88668347361a227b6dbba15e,826931374.3768705
ec3f1679451b9c0037f89386,900971702.6711991
9cd01a5cba1674559752f5c4,1126067574.3025575
2bd96c7fe678945fcaf9662f,872401916.6222581
9f118569fb8b084f0615fa22,510000221.03748935
033521a46dae036839ad6c90,351908119.74725646
bc1ee1f8ffe1ac88f08e2459,666368744.4346726
c62886167530efe1f84086ba,524309929.8961279
d58f191c74d26bc1fb02cfe2,595421527.1005569
981b55d5c38361caaddaddad,651766835.1438522
ef26c0f1cd9e3203ad16558f,640619160.387882
74cd885ec200a0c21fa9e03c,609318925.9765434
fcfa51e5eec6829b9f4f2c59,461870887.21799773
c3bbe8c09f5e58281dddd412,655310293.5774109
8f36d25584407d9e3c326e71,739667677.0486382
51f4aec91124a9a96f4c5372,605659593.5895307
b7becde9261820feb7cd926e,568834090.2236426
65070c554133f2b4143fe051,723364702.7719553
c2a2ddb94f60de25378aecee,675908726.0140855
5ec3abf721e13b0d55829bba,680442303.9041762
502aff943d74cd4cbb976dcc,720768977.5566776
11e6e5ee92c97e31d34db891,1011786192.8117039
b1589aa1f58f6dffa93a3a61,1283637542.8328202
783ecf989538582ad008fd95,1186494646.1381571
1770bd5b0a07a6aa785e0caa,714320005.2726952
53715a484e20d6152c76fdab,942228372.0233814
ef73428a38c201019267afb1,649550532.2251709
932a93e3ee2093d7f806fef8,697028142.8148191
00e9afbd1d27062a7bd40a3c,908442241.195499
a11a82cec7f8a243e2f90539,653807487.4667888
e4a70600296b0bde6c28fb19,747422415.8259308
0a1b1a3d68b04cdcb2d757cb,835583412.3254789
7c06a2f06cb4226f9043578c,723315294.7486854
5e113e1e878da12e312cf875,800872850.3052396
a72f5204153b7c92f52d871a,741960979.982714
fc17f35d300be9680971f95b,775714795.745621
13ab6a062601d40843de37b8,740941994.9940865
22abc78ce812c519511f8a4c,823054741.0234321
faee4c33e892029b79b63742,794491130.0503759
c8d39eef5a5422e0da4172cd,628963895.9184624
b13683c625c97c23333269eb,474623224.6970511
00e7c5894c739852052f566a,680986327.5435243
2703313a3e5a6fef2157928c,671993579.3284075
8dd453e986d05c6c1dd104d2,503236206.74381626
22b34331d7ca2ea642d29946,586212105.3806355
23187388f9d6e2bffb88b9ed,876747076.5676193
6b49a668de0edbe7f8110740,836432852.517343
ef0e5b23069a9fe377b77ccf,898095248.5172186
c37348f8247ade33ac513855,651082283.1092579
1d19edc1e0d907e5ab0899e5,688239675.1784748
c73ee8d419b96c6e7c53f95d,697291809.8164806
6251cda3676ecbdb6555c526,539492231.0219576
d12d6ea066b67c3db9b2dfb5,1133598195.6449752
8ba4e8e071e458a13efd179a,673591949.8067588
9b8d798a2c455a960ee74503,530480864.6885743
d663ca1a0d29b4cbc5cae9ce,772019639.5736843
dc3b8d97b11cc2af4cfbcc79,881930267.0701032
7d50144c4b2ead9b7b9f594c,796086766.879057
ff9cb7bc0b972d4515ea3837,420824513.1183945
267e46cb9eaec6c7009348b6,484422480.0853772
1769a8ec5ec94aedc397b4ae,503036438.1463828
dadd9ddd29102f529caa3bbe,539160367.0182042
251903f4b947b337e0134415,556924859.860657
e1b753c283bb9c6d4e438bec,755758073.1295722
16fb51fd3d35db53eebbe5b8,779167510.2026289
8f543f9c31af1eb17ef1e353,572890924.9936469
20c3cb2d4fa486b23eb81bc2,837829041.3868412
6fb9e9ac6d44d3a286f317ae,593091233.0376647
15b57b0ad8794d64a2784ce6,731384137.6500154
d9ce31250d4ae25c3b850124,700609598.0562214
f90efcbfcafe544674c02586,649636230.5631251
05a98feedbd3f422bf063112,668347506.177012
ea359d571ad0c986f826d31e,818552823.0486914
b02f1997e6e6f97dc808b8cf,725990707.549343
307acb7b4044cfa5680e4227,830710209.6796491
ddce386b0ad3199ca09aac93,708084701.0668273
9e28972500d8ca3fb3b76fd9,828644707.8626182
687b1dd576eb7d06a08c3439,739667677.0486382
23b2b5b9f5bf3e1208f5f80d,806897039.8129395
dddaba511b6a18f49b41c1af,813666495.9809515
874e3e3ec6f67c160807628d,857714495.868526
67ade5109553a9d784886a46,1083287058.9284422
6879f05563a9f0748088cc65,762189828.6910197
dce05cf86b42124fc93d41da,1042425417.0774307
1ea5db844a6d3a926480351b,653807487.4667888
4e9acf6e9f80f65178766740,747422415.8259308
a35450284f8dc27e0ed717f0,951960306.696144
069499abc4e393fe540777b4,482444851.37638056
cd10d6e28fd7ce92518ea31a,838774242.5406531
3edc0e70e7cf6a21be2f0d53,420824513.1183945
2e2ff1e620063f416a387058,558627422.2414141
1ffdc10c53bb83d3be84c327,591172056.0349106
3c95dcc4bc3788b4cd5602d5,698625711.5965674
aa592f388454d575e0006206,699241222.7613742
f7e5bf5b0f6157ed1f604d37,389351123.1217701
513c6ea5a3c2c560c409eaa8,1006366847.7151362
7cf15f80838e8edf4f9cdead,975168144.5556185
49737c7682eff2513869b3f7,737293916.9748323
4e8cdb49a2bdf68ad8d12625,725323002.8157111
86af11931b004aad3fd27b88,655310293.5774109
90921c9fce21986dd23bc645,744429763.0048025
d79d71be963d418a4c9dec68,835583412.3254789
c27b2b735106bd5a77a15616,680442303.9041762
b6129a71f8e320aee8abd0c4,680442303.9041762
26922ebaf11e35a7a320d30b,800872850.3052396
23f859b889afe2639ad55a21,684572601.7272105
ddf47d32045769c0596826db,1135402498.6799917
1d0c635770f2e51aed4c8664,1283637542.8328202
e6144e15d5cafcfe87c07c9a,522743781.6721931
a7c7923f9a4d004eab43413b,811530485.3728781
42b3b56289972176c20c4990,485534669.07504886
b63f49396431089dd646837f,572734175.3527802
e0b041a39e732783f98bde56,926071431.9229572
409eb9b8f2ba87ca299a7f6d,479736808.51608825
1a46c13974f3634ca6dcb51e,704140129.9257652
4b068c79664179605b145a15,929415904.5808362
afeba13fa3f81249549cd2eb,454127811.1731033
3a3ce11d981d0893ec732e22,655310293.5774109
ed68664efdb7377c33f4010d,736313686.8195448
93de58cb0d8fbe74b0cbb556,707794092.2731739
faa204421a94ef95b79eddf6,680442303.9041762
acdb13c4c8e2a48b0bdabd91,742433272.403928
5271cd1cb962066407490051,826442111.3071837
933251193ded6df07c83128a,1039227109.2182723
524e00e537f841c13497cd52,466242126.6202305
a9d4f256527be98066c493fa,786811988.4855782
2207c1ed62f59d6eacb3c18d,540638473.2543484
97ea5dc81ba49ade4f8f580b,732404573.6584245
72488318dfb2181843f17c03,918487631.5592115
76698030899efea431dbb81f,491088175.3919645
e84888d2f22e14a5016ac789,635966319.3209817
d9398ef84ae71419cb7cc82c,617892289.1000588
6d32649478d9d86d840969f6,487078570.1564518
81600c1e6b6e3ae770e40b28,891774339.3731415
68075b0ac8e779bf5e66dd3d,538726770.0609378
6d7ac64b8b9f27f61fb155ec,531409101.02022856
d3bf3146ec856cc26c607d70,1210280114.7401924
d12298e0d398e9d21d2e2eed,450207910.9956827
97b69097fee8d8496a6b8c04,592964064.3623754
fa6e53a7107c0e33e3d505d1,1133598195.6449752
7279c610bda9354e1c840b0e,635966319.3209817
6f3070318ab65b867b2702f0,393592456.6194432
e08aabb998103a941d24d0a9,499359655.4454908
415e1faab81016a460db7a0b,547488523.9832039
8b871cc48b99bd4190877bd3,617798664.8514044
7240bbe28e950ed75637b504,548392709.2971832
831629494c6d15d5ff6a00a1,617798664.8514044
1cccddc33bd892b44d7e4b7a,677868575.1510128
f9cc6760b1112ce5197bf399,692969216.0058674
0901e845b6c56d4761377a09,543638852.2976227
2a33fa5b25963f3dc928f668,710781443.0738739
83e9507b9ca2987a21d1b195,606782434.388735
9381bdf491d48236e84590fa,539614545.6307622
c041a933261204155415c2d4,905624187.0118415
a1cd867286d6e82181e5d1bb,740706594.7495427
240d2474c81482baaf79b6fd,740706594.7495427
ddc1c85af165e47502447242,586455080.4703982
58f02c785ee9a506e899b967,537225539.7377353
8b353ba6823f4f800635f0cb,706640559.6381912
68cda50b602acb4efeb275a7,789164664.4458449
96cb3c08c80815907de81e73,641067933.4015738
f54dbd8f0aa752f79c581e5c,786646045.8305712
52a438d024af0d5c38627ad0,660289816.9093227
1b5db6af0a1c0f7787064020,725323002.8157111
84a7286c91f1ca3ecacdaaa2,840180068.2787759
bc6d6249873222ac7f22b73d,680442303.9041762
12501015fb631d7c10ff08fb,857914228.8716203
85b633e09a41cf22a10f28c8,811452692.6852617
7acb92246dbaaec1cc7b423f,577998279.1424954
bfba8fe959dd2e44a4202943,778927163.7103457
5325f16558ed6d2689bcbb46,569366483.7109396
d4653d505cede3d24e258d4b,778927163.7103457
5146ecaa8b7ed507c4f30785,741960979.982714
f5b9cbae30356fb3a1d005c6,738464915.2073401
205ffcec56fd884ab24c5600,711465640.4782447
ae7ce478fb66882a2c952012,644534663.312062
efc9ae02fd6c3f18db866cac,627462541.8079468
2221052e00c236f31e6d5a06,672658970.946064
54673ffd4971d04493a1b1c7,764150131.5122522
b0bbdcf0916b246ca95c4721,780968820.7139341
1ef15e2b882a0da85858269e,578163133.2712253
9881fb167319b34cc23da955,873541870.2716825
9d2a195e645a9e8556683b4b,809572916.8368984
14acd96163e6b3e17177f35b,692485195.5980753
b2c5af8615b8899deb16c896,585341912.6730038
4c40683e401dae89f6537ab0,578716862.7877398
dd007a202a0a3d56ebc4868c,752085587.094947
6d9c89a406cf2e755d4172c5,486230832.3673318
7387e7e385063c180f05a7cb,580460601.3582089
9dfd5df5a2efca3fbf2c07c8,657511449.326203
2a9e75d221912230f98485cd,660869006.611543
86ce27f9ca03821d13030f18,772765044.4375894
3dbf89c6e97182647bb44e69,673347569.6659713
eaa4893a313d85fcf38dbb6b,599068607.7822602
c57e1c323ddeaa7475e5189e,761895172.989623
84856812b63dfd9630fa49e7,785339059.3672854
945202a450bea48fa7f2a95c,645509486.7831118
fd689e54d5c418dc9f2425e7,972472190.0962576
eb90d9e9eb53b44b07ef9613,815153588.633595
79005399fa92d05558fd6f6f,795256703.864202
5cde51bd6de3759821216d5c,806735607.5609593
230cb38e035b85a4353220e9,744125670.647432
a22ed42197987a8534abf76f,444853437.5653144
43a2ceffa8ed90bc1a43255f,508723886.7190277
8f2fbced5d357bcd6b1c7de9,783837548.9774852
6e895a15d402ea7fcee98156,883309758.5608219
b6a2406025f0e1fa09690c2a,508723886.7190277
f46d46ccc7fc415433e471e4,562336952.4740566
71710d25975271eb32c0c8f4,465524593.7970446
01b7bb1556b5c32df8f618cc,647997601.019261
56e5afaecb2cac6293cde16d,465544869.71136934
70209b9024acb3e5baa769ff,755758073.1295722
efb0b413b3f661b23d674b3d,811530485.3728781
251db9c4b7398902b38b4a4e,646102438.6460619
e3e7ffecb903d2daccbf8a53,632751500.5194697
a92ed9a378272ff174ce2688,489663689.0202369
40a53a3f3d49f7905966295f,816547130.7086575
bcf2c303fc03897585831351,833279264.6999816
4b0ac2ce45d7ee385ca369a2,941151742.0156568
85c7e8ac008493b34e8e0176,616160643.0802348
0ff24418ecb6888dd8ec734f,1185310168.7677524
3164e0ecd246b8ed6cb6d054,1138535659.872157
5f52e316136696cdb56e65a5,458778644.1358415
5ba4bb943139d7930cb91650,926409587.5549409
ba12ab0869d66e03df12b6d2,487180255.949042
1a111211207627bb4c840442,862328986.299943
9d2ec1ed9eac77d534ed514c,586476158.6894416
9030f17b47b3940c2e2c4093,586476158.6894416
3b224cf6107d815a2e78996c,763016015.5907601
ab0e770ac42dcc82b472c55f,689065558.8567655
75fd66abeaf040fa76eae2e7,572890924.9936469
c31d98f67673691ece007a65,668472261.6360825
60d5f19c16554cc2d8e5940f,755758073.1295722
53fd196fd0c0558ed1219329,421774947.84249693
27b06d060ecf702fc88c7956,779167510.2026289
dc014623ed69c32abce2d0f4,555248359.9612788
f1a8f09837660445961375c1,901824416.5388459
b98a462d9782988cb54ced54,1114126252.210023
6ae4843a827b36bf189a32ff,546038704.1404549
84e4f6c6b5dec0da7f7ca0fa,565458363.7172621
b8f2b9c2e63f0091b6038ea6,504038437.3866128
e54c7ea1f012656f7fafa49c,631092122.6752515
f25f5df33f25576f805a95b5,638748721.7526996
ce9474244dc2d40f357146c0,492859283.37899244
54bc553b5b8abad0ceed4d53,630467419.0552644
e75d4ce522cf587cd66adae4,631137677.5930793
b1f0b12c28c9bd2d16b3545a,499952501.70116556
412e7b9e1de3df8c3dbcf198,739470474.4346185
f52ce56f20251f018d7864e0,572598175.2690539
6641ef09c0bf5f3180952b30,403752118.9172764
ada53307260fa34f3a6411f9,609798785.2002264
51f0f76e2a8cf50ef3650901,514676566.395791
da482df3d0fc97f9f8582e22,445701697.67431253
55d47b5f3d0d2dd7c2bf4034,567188988.6128762
1a6714ac2350ad371d8280ae,678670693.1251159
0006c9478f4e7edc53d84916,437344492.70792663
dfa7461510c6dbe5e119d106,615824677.5513211
5df95b44c73b249be0fc69e3,467928083.01821625
76bd7a0b87bfb6d2723766ec,511439745.63978875
8570a1d8156dbcc267d3b495,674758187.2041867
94116b7517a06255bf4320c2,651901273.7891473
8ba2d7afde20563e38892304,626922271.9133085
f86ab537a2f5d8c2b223574c,848863882.749092
9d0d2774fbcb6fcc66b865b8,612572963.9471246
9086e6e757243bdda003878d,780063775.6476115
5a3625846567d06dbe4cea0a,932677841.7222495
f51a78ac4b03665561552b0a,730858727.5999438
561a262410ca91d69a58645f,795580807.098467
08d90f931e7e0a6f43c9d0e0,973761792.2000449
f47c64c8ee69e744e654d4b9,799295500.0615295
fcc4c878af8bdbda6e1fc86d,993153497.6627734
8d9b143cd8eb71b05d32cd2f,776933940.3727939
ce6a3868227d78852fad9f62,963546397.9941295
d82f743ff414299f8c222db9,964987920.3720584
9b2c7e6cfb2d6c66e1ee8a6b,748659055.2499992
6e9009ad01cf466e8f8136e5,776933940.3727939
a4bf0c02f139c695845c9507,994802614.6019919
16cf0d7977ed97d6ae8d2cc5,1034183120.7767009
d96855b0ec427f041e7a36c3,1036288258.4096457
63613a9290bcd9e1bcf2786c,1088211966.4139092
32036c1eb131e6cc4f3bad3e,496566088.13898987
ad47e82c9efcfa36ddac0a95,483671246.7844278
d5af3041d95f5e89969c9868,549418669.7464248
f2387712fa17435f56d7b102,532273223.11746484
c1c8024bb6c3635ff655843b,588873158.8275948
11e4350271e9cbb37bcb75af,535942299.5014152
d012efd4a77c5aa5e8d6e508,841067235.0214052
6240b85a47c079cd0efb077b,616095098.9544497
85e332a999931ecd0e04475d,457050226.4450726
4ec02a406caf200b700f5c62,636059843.3954762
f3270f2ccbcccf3046346809,773443142.4541641
bfc5aa443994e3f3f78c6105,723112392.2919081
aa09cc29ab2f2cfc79e5bc7e,691276637.4371421
6eec5b03718975e5137d5e92,655524457.229389
6974d82e41437d61c627b16e,811053490.1030715
ae3f7f428b49e6948ebe6fff,636360997.743103
a9a710b78e776c16eec24be6,655460444.8872964
249cf6f96144f769030d1b4d,552255415.3095204
645f3c4490ce43ed68c7df10,646994711.8822258
3413f37549869d2172b76d6e,745511542.2222493
956600c9a4ed31e588f8c593,1010461995.6005429
00ba709f184e70be13e5bf9b,649105894.3491349
275c8bfdd3fec33752493861,666397126.6289027
3206523e850b5b5fbce567a3,711136888.297182
9c9ffb3401ab6ab90fcb555e,1115348261.7373946
4962650cfa3decf487ccbd0c,834231867.8900183
a541b35c62878dc2c425235d,911822301.2104993
2112e589911b979db6e05a6c,814825389.4270905
c9cfeb97323bd6a0564e1903,733406327.5275127
30e1bd4619483b0e896b5229,556924859.860657
48aa146a36aba8a0270a8a1d,1083287058.9284422
678a80840673787b3aa64228,674559529.6035689
392abbc83cfacfe87c401e27,474488669.020709
51744814dd3a7e60c0791041,648130043.7122796
c6faa5d2ac8e74c26fdaad4a,620608923.9133427
1f2c22839c470363ff41551f,813666495.9809515
5438c2127072b47e3af428d8,762189828.6910197
32e182242a654ac03a8f3ea8,431064225.8941019
0a45eb817938241ca988c2e3,818049637.5754495
e74d815ad652f7046ba33295,588139385.8520098
2887a0d34994d284759db20e,641971329.9775122
621c3051ef29e8da01e6bb2a,788593450.1629635
54de2275006e273686ae5fac,823015578.158667
b0a0cc38f73c9d90bff6ad92,626871209.3926042
f4df4ad4366bd794594c111f,950732006.2051184
763206de4c26e3825b69f4c6,820546746.0013294
d5ddcb0a54416bdadb4bf57b,671041095.6638105
bf17eca5afccd9cd6299b9a4,781750948.0806445
02888257efaae858fdc7938e,655253103.6985874
1f8ecf6c089ce6168b3be52f,875567800.7339921
fd7a48744bf966e417f34a51,965323469.4634027
655d6eafd78be856479767e2,776508209.9639574
27472c6c6a801eb749b9719d,660329288.6455857
18fd9bee381e7a8c29a44c4b,662201722.0245433
da5d47596a755078a2261328,684641758.428023
737c83218f0e486ef4feba40,446901828.2579942
2390c275fccc98eb4fa33af0,471149800.67925113
35616923c84423b44d1d1438,854374018.3501168
22fcf0650753e2b5a2fa3786,700457746.4697356
9d8e7178912841c2a1232ad2,575090620.207236
36c2cae6de0add92f32d29f4,719256790.4773358
699b68daa574a0f169436ccc,586933976.14083
c3bd0b8277a37832f56be54b,632652313.1113913
6b3411cb8c50c1498572e681,656662959.0496784
fad4ecc419fb64b3f77971ad,679173214.1438575
4034cd9a70d18fe0c883a0fa,499973624.48776907
8f9417de118ef8486538955f,933501054.4749494
33f4f9988387bfc237d114fa,851116069.6063292
40c9f947e826f89c6ff3f898,319366058.4513861
351701c5d1b821253e2c8c42,471338036.4329427
f6b405af32c398147475dc9b,812103139.6083195
45750daec6238508791d0d4c,617956422.953036
eb85bf9ab77f59615960fbe0,840469928.1544936
0ab6e52af85ebf23432d7698,593462885.8770275
9b13a371ed4724d2e2966447,821432116.8949536
081bbc273db70f1d2cc84ed2,651561113.8675289
e113c48e4e1b53adaca275f2,632131281.8838605
4bb0666c55d174e0280482a0,707436099.1465884
ca516516b33dc09d712b3154,821432116.8949536
631e6aee6ec1f720f3c78775,475376439.0979585
c7746198cb5871bd687c2538,672939719.7674036
58a5dacf2f664512c2b00ea2,698196895.0126218
6d8998442d831addafbc878f,716540333.5356327
7d4ffe0038b3ebc149d8f4cd,584273722.6564809
55ae7bc854658aa5fa49d368,653762186.8935493
042ff73057dce4d92d383cf7,383891549.79402065
807c04729620ec60ef18598d,378149390.0316857
5dead94ad2dd86dd41448994,633817976.6361215
bb90c874275456d5fe0de83d,591774504.6600708
6ea5fbf037ba7e5c74d7ca39,685392352.9333775
86dd7931177df94a649a4d62,564106159.1408674
58ac250fa52a1ac7ce39f70f,461865646.17755914
2861f1a224b4c879b845779f,387187743.6948065
8d06af8e439c45e0e125de91,695618392.5416298
bb2dedf6198be0f3ce2c4ffb,664746834.2634976
57d8cac189a13c180f08cd2d,482670345.24801075
db575f8a4e10a29fe81b335e,808123248.116324
e8c79fd41b001fb1da0d4fe1,674282241.7934049
b81679b32ea288e9665dee49,1172214298.6203856
841482deb90d19ecb1ec8a06,632488122.3867567
214df9371aa59f68e5740212,639425019.9202607
bc52abbda9027e10b879ed50,586331222.8696712
ce8ce41a36b610be164a25de,842968095.2612172
a67412a01feb64ca6e772858,958223971.7234517
d87896f889ddfe1ba210d74d,366141206.2527258
556a39ca66e10ba3545f2234,557279500.5206395
50cb893af4ad0e21a69f05d5,697286590.0843053
3b5a5d6536a9fd24f02e8ba0,385900425.05348605
121cc20fd81d6322f56d5c53,621031423.7429247
b9c893f3c3ac4dce40d0ea19,667175557.9644752
47bf8d322af3c13e8868ed0a,697286590.0843053
a4325969a50a14c948446f9e,810456419.078573
4583a6b01449530079415768,919777930.8640481
920e2bd03c9d34e36fc38ad5,919777930.8640481
0a59b506798fb96edd7681c7,712063938.8444924
e8d2cdda77c1d885e21c7bbc,1086833203.285135
8abe99f2b71b13dfe7d71616,1042425417.0774307
c07e98122103d1546d995f9b,985796837.9382683
29fdab43da21ed0d22c9c71d,426999638.18268436
f2ba7982bed03cac394ef87a,669437050.9979295
eac89e705cfd337a99417320,466638073.4015265
40713332e88c6d3a393c8b2a,511879519.05891794
a9aad230d22f7dede73acc8c,953557563.8851293
3b7fd4008e14e394dd09a0e9,1283637542.8328202
098327587a877bd50df27551,595421527.1005569
0379b6a001e4018c34e944da,642566133.1627884
45f24dd99d362f49c0adb875,379912525.7068366
dce1dd028695bfc5a47aa6a1,535485000.35158914
cfeb702df06baadf29f12eda,426275969.23063123
9ff5828e084070628ef2ad96,638001848.118318
6920e6d7fff656d66844949a,747422415.8259308
31ed69311bfbbe000f4483d4,594388379.5800325
d300473e3d2ced1177c9fbd3,602439225.4755315
2cb64650b876ccbc7337a0e4,392145001.75901824
3ab2ed6d140698cfa41f2e3f,620527018.5065942
9f8697b55cb665ebb054f9fd,457288416.2394441
7e844f8a24422ec3b833b4a8,407450567.49936664
55a615a3b3919798d54e885f,753106789.9537914
fd26da8e62b5d1155962f0c5,430736323.66593534
ee9171c496fa78b1461acf88,882646089.2836144
d5182c47a954c964445f25d1,746054665.3040823
e064b4dd7b4e64a3e0016f0b,788905594.7768074
36753a5e31b0edb1eecb8bcc,621444265.6166167
c2ee475efec76c46efbf1b08,672883979.780534
3baeb28cb33d048bcd6e42cf,399941270.0984253
6a6d990b9b1bea0f844d3065,910571784.7109307
e93dbc804920c0bf7bcf8cb3,657334788.4258105
b9ea1b9fc0e46ba0724cbc0c,562995995.3153294
95e98113e39820523e95adf4,682289259.2386143
942ed340950f02adf9749a36,519517614.99604434
8538a41c0e0fdcb3829364e8,596586419.1438826
804289a128775f7d1652cb43,743943838.1587371
3dec1da01706b06f5d6a9266,512342522.2822958
fe004acdfad6ac6b00911ef0,547312481.3892007
6c679d5b6a1c1b74bf483478,651146303.163675
ba54b5ebc5d4f554bc56dec3,505608743.02976
5b9469c3ff6b197bfe3513cd,728850711.2257118
2ca6ce8266afc6721d179335,883205929.8618637
94160aa4e5c54bb479b1d0db,396445361.1580737
eea6a2137473c3ba6708b576,384031470.1306093
9969f6f4bfb29e3a97c2fccc,575274751.4219025
68006626a3321fb0de032307,469088469.2734448
2149d04442f73cfc78f93bab,689426400.6092734
01cac7d033166094ab9f87b0,678864467.7816933
15515ecdd35e9f175842a738,676923386.6568389
86f1d6fc54152004e69027a0,897357971.0486029
0bcf7987c4b0ba485c44caf9,604083457.64932406
107fffd601a2bb7a3e4a69e8,843946039.7197145
5a44636153b1d4a74d58513a,576226412.9094199
5ae08e5999ca2ba0a1e2d8a7,833939910.9548953
369e9e64898ea16b7ffefb7c,688844360.8155581
192b505186d0bcadb46b7032,650297448.5836835
6dde6686bfdff12620f198d3,621840292.6345886
503a04e079773a04f2abe075,757870474.5479087
42b5ebbca90572b9cea79177,621444265.6166167
0b6f2534f862a7ef551a116c,775721413.9084198
05e06a93e9f01dd3984a85ab,514082295.97034323
c6706db3eb4f0bbb0510578a,756001985.7109177
2babb357d1d828c49bb89be0,794762257.5555277
3951171501fc51e2d830cc82,877721405.3922486
fb72b8e0457c0199e158e599,913070309.3007125
df865201353bc7b915b56ac6,518250389.58162194
8d1b3071f5396359c0b6cc62,784842161.9744197
c451b61851c8ae1e6222109e,815524561.4523404
e1c33552eeab60683f2f89d5,1152268392.8792593
1d8d51cfdf78f1361710708c,669607304.5155108
bdc8e1a1e06d387f9c7b026b,669607304.5155108
2b36d797d32013a126e15709,586476158.6894416
13b3a55d79b79ea89a73d21a,584239406.7203991
e57ad52764215c3d54740ac5,586476158.6894416
19e11b2d60326895b5e6ba01,586476158.6894416
f6e1752b9f4a0a3c8573910a,584452205.2853708
062efee92601be294d7346a1,585580629.2809349
e2c3acee51cdd03b1f211278,680801817.7176348
9390ae5c166e1a976e53e16b,488744269.2784922
db3aeb3a96304f3c255e8a22,409276203.59772694
d353be29e7ed2c35b920f7c3,726736575.785703
893c1b081e383de73b9f2e16,776323536.7050858
8302e2afc48d6eda16784da6,848460103.4932812
f1e9676bc91a76740f4e9b0e,780359053.9212282
ce86066ad78dea43089d25c1,930237499.175543
c89ac55660cee4608bff27d5,573573549.6009706
b183776d007d85bef0f6671a,833348172.7285064
e8872302ba40e4ea413689da,518102289.62844497
0afc6cbb60f34f1cf00fdfb0,786308461.066127
a811af7cf12afb1dd9b8eb86,651344865.1890074
7947f71467036449efb99972,926367371.8099866
2ead9549bab6f1386b7a2c77,802177513.3392527
b54e8d557263624947f979cf,800573676.0549362
fabd2201750747891eb6af77,989935064.5496781
7c3f7b513bb20c918a51dec6,651167395.23268
0dcc222d83e1bf05f2c2c090,868964784.0354158
3ee3ee47bfa21462a1fd455d,619760190.2120702
1dc3b6ea53413ece15bea33b,833491640.1681343
f44362b932a8b70ad4b99a29,677842540.7520998
5372f93d988c3c917629f9f3,572852270.3415715
5c25ccfc7ae77f1d85981a79,625111058.8689047
4df222356df121a41adadda7,414231459.01392674
bf38bb7a2a7ea663cc8f3d57,572852270.3415715
ad0025f5b240d00936c82f9b,581388415.414472
2afa66b726ed0b1492b9e01b,732234284.7791841
a528312b77b7f84741c2bf29,635536509.1001943
1cbeccacfa11843a256b2e2e,726884819.9083849
d11eadc78d95c96f50b41a10,803763065.30516
c918e02b3e6d80125a2db1cc,557773441.1496841
b2af005e93b0242e0f62f298,565461585.3477082
ed9703ed896c6118a3458e78,494940937.4103808
8ed11c1d4e7aa1ccf0ea0508,442148648.37266654
9717b066e135a82feb422181,632751500.5194697
294985765f4d12e51a68a451,755758073.1295722
edbeef6a08dd17a941634d49,793059632.3368131
26cc292628ce4aa87cd287d6,721145715.3195249
47f7065118bcd4c3878e50fc,656556466.9427296
e369c63f83c44329ddad488d,629509333.2928344
383c0948aac71636973507f4,779170839.7343723
6bd1a412c01387af8810ce57,1012526303.9755406
4b92ca1cee4739104e620871,1025187211.5194728
0123237414f757b9c3809f88,968589405.5477269
6e36550a6ff6fdb2711a88c1,1091257241.8251505
1b5de74aea685b506a952f4e,310784814.9458635
d85fafb4d5ec056e6db9a79b,555183963.5586259
cd097f6cd92275ec8ace1f20,700912675.1672144
ced1f52def08143f0b2b6849,869909682.1248465
89a03e25c43a555b47c53864,723546173.7348497
f8d64df401009704c152bcb6,530280567.69287884
2a5aedaaad2d908122f28f22,725323002.8157111
edd0b57b90629fb00d036e34,702546697.0053953
f8731413b0d976c03b7e05ca,932397196.6894462
01abe3cfc94be46c1153c82d,838904240.3117263
aa7f5d0d2fd5474cc67cc70e,661129876.2965324
4912c91afa6e4aff6ffdc6a8,815125035.4575999
9d805330fb0df9ae73003ceb,680442303.9041762
7daa9115f755a6c70411b9cc,755229306.5858078
f5896513d1cb044108d23785,1227767898.7561512
3ff2a2fd905d81f0422c54b2,611280323.8730425
02ed31afcba033953c79d95d,720600817.3810325
c2164829374d5e880c1a1f31,862328986.299943
3f6eba5c365508ac192f2b82,491444648.3409396
3289958459cd87f24089cd14,455916356.8152781
ecc3362a649cf08afef96fc0,474944414.5965064
264e00a64cecb861d2c05b1d,821977317.5237495
d5b5bbf927f763a43190fabd,800927439.5431204
2691d7125e9046e597437f2b,724142018.6603736
7cf183ed411cf82df26640e9,646937936.6491699
f81107599bc083fec4a13ca3,646311821.0044644
3c2a535f1df831771b859a86,665336940.6532545
9e871ee8a61b183aa9051b72,851811841.5897194
e066ee04cd3a597dac8ced59,400722416.29158807
2f4ed160fe2a21722e6299f8,562793454.2170888
e0ae53aa3cc9e9ba7ce65f74,580192327.0860714
78d727d0e61a7c8b1cf6fb1a,584692801.7972163
b42f936db049a74c7d24b0ef,875294570.5458112
62e9330888566f1f826e1ee7,630546562.5032678
3fcc5ff04edf753621d6cbb6,914197956.387303
d4ae25b207949fbf0df3b404,484635617.708625
14bc234ffb3ff7f974afc8e7,575767503.914749
64fbc9cac3f15c0f1a16f4d7,614100780.5041399
5fa1c8237da8fc7683bc10e0,617446247.1449816
7bf4beee26ba81ad0b884f9f,588372228.8241065
72a47f70aa99d42320e54787,468806910.07955235
07641db461323a5cfcda4f98,485690253.38846445
3af2a1ec9efa6884a8254d28,733634129.674025
3adca5eeda4939a5ea11444b,687596914.1891958
37d39cb7d3849a784497ed0d,672529727.0924301
b9baaab70cb83475ac3bbab4,616404362.1689662
74e178e2398895d2288e6fcb,558627422.2414141
ec15e2a131d9724b012d68ea,674282241.7934049
ee042a4b4a0bf9a1dcdf1eab,660271203.5268012
35381d7a5b25317d7588ce77,709273463.6599437
18ac3368b1f6d8f7171b07b3,808123248.116324
3dbb09358256bae5199e1318,738525616.0957309
4662aa1c44351dfe271e3a9d,812831014.9089578
034a30994bb2e0e446e35957,715080629.5673556
4cdbcefc434b48ba3d51a498,807605614.6610138
3d3317303679a6a5a381d0ea,907177214.717027
68f4e3d4355bb71db0f35a65,707512244.6086091
b3c77f4a398b61d9c204f8a1,751885538.513544
3865974fbc1b412f24c47eaf,729815191.9245557
84ab3ece52fe00ee50f057aa,1042135781.0474592
dcdb8d97ae65daf55570c88c,782745104.1607999
7ea01fd99b389d08ca50c0a6,720768977.5566776
51df325f026f4cc5ed2e9a65,1184919747.7755122
1f11cd977996d909ffacadef,1042425417.0774307
5ae03c0e33dc7d3e0e0d54a5,680886504.718939
da88bf5bc2a7310ff382be4c,913757183.8247975
035de58d60807ee2c272ce82,1172214298.6203856
0cf82b1128ebb8d1087b640d,969598919.2853427
bd8b005383020611b8922147,476985725.4885035
f5c79a564600bcad99c74f03,435878091.53249615
b11672f22fafd555f940a8dc,521457939.76476526
2bc88a5c4bea2bd00fd8f13c,614892734.5726132
b2b99019a929584b4904b98d,916674344.2160616
678d0e011f710cefa49f6465,505771885.48712856
f7de22825945329521642f49,585746219.0711167
79b5a037bea858706838a62d,621031423.7429247
9f339d547d83b4ef956a3690,745742091.4125843
127e197a2f70e7ddb5dc92aa,467387103.2990601
65b8c48546af394a924decbc,511581780.5743861
cdc0c282ee62c51e3a20459a,725323002.8157111
ec824ecd0319e05d1ca6a9c7,687864825.4449437
95f27bf0d25bbcd0d1eb9cdb,639661473.6751423
ac0ee54bdc08632efc0d771d,571664336.0226866
904ad71e7d108930d69a7332,640939685.4619671
7f4e6f790de012946197e0df,653807487.4667888
473cb30713e88ecf782651fd,513274430.31999034
59a309a6af425b2028a2ad69,709578120.0641776
8a1b0f59f86e33a7aa7c2c23,872111393.0236125
1e884932e57cfcab75ebbacd,923862156.5980014
8e273f1dde4801825fb19742,776618642.2046908
1f9c0f9c3c6460a323171d72,1020391550.1215279
5dba98aa20e371c3947c19b9,903277584.7257539
51516e102f8d43a07037ed29,847527154.605947
6eabd14e55ff090e8a93c727,616516070.8117052
e224f9ffc7bd70369a5e8b68,1086833203.285135
35cb50346289f0590dd24d83,800221339.478038
2aecb598de8c74d9d5108d8c,788024956.7048194
69c7e97037c747b93c33251b,888948776.3057642
b9b95c89c988f68429822e81,617189286.3115622
fa2c5c19c86087f207c379ab,652159141.0864726
9bcd34e7a974c977f65925f3,1309908610.4740005
3611c89dc71078cd0aefd2cd,621031423.7429247
9ab273eca8cd5dd4b6339ca4,556879915.5572813
4347966ceb1770f758cb6e37,774657934.2715038
2a68f627f4dc8060484cdb18,1041925947.982538
55ff644abd72eaff17d533f0,1113906702.2402966
db563e5a1cd9eb1be832bf5f,1214961952.5074096
a0e9310061ff0084d63dd242,866585273.7719332
7ff62b2f8a28d60f6c4237c6,1063698307.171671
c42c59e8a08e8657ab4201f1,440817332.7208377
de28370454624724128a0688,656556466.9427296
514aefd8a44ca048a8088c51,694479865.9173493
3d3a318662cbe218db0878e7,725323002.8157111
2714bcd5c0c503c3bee0e0b2,680442303.9041762
5461aeb15c7f826f0ce157e8,547230550.4163662
db352cbc2aa3066ea9b34184,662996560.0214409
22b066e6dbd0f2562a0554f1,915674016.3470213
daf8d6d3f4ba21513341eb3e,907177214.717027
523605d1fbb75b0c5acec5f7,814065834.8504097
c59c2a19b93ca666b7c389d4,652342802.8278654
61e57e5539c40e5ffeb77997,814065834.8504097
c1fc25faadb151c73ff254ec,577653612.6785612
63e73f1b8b385d89de1329c2,470730530.19186735
80ded3bf4f2973a5ceb1ffb7,463654298.78812826
e1f5f0e96e5865370423c142,672202012.7079268
3bc1d407f7e7c8e67f7dd27c,738298220.1957895
d87c489d3572187e3280965b,1205883630.3513913
110d49e1d79a3534e146b300,691979642.0523506
7baf3723bac87b0b393ba52c,710821924.2609977
8e9e35321545774dc1f85776,700607874.9156331
e0d6155cb3cdac98f81d44e8,582759850.1419605
bcf775187c0f5ae1cc0e8ca6,630877488.0499581
a792122a1b292f482caf25d1,469168001.75965166
09fe153b0027697e58bd08b5,267855034.41027728
a7283f1587ffd80f4723475f,351908119.74725646
67a10f161cf7215302b6ca1b,360525713.825491
f403b20cb52d4ad3f9469ee7,703465813.5634586
643e13f00dfe7787a19b1254,638001848.118318
0eb7c68fb7ea1e58f3e76345,778927163.7103457
cabf47337c2cd619f12fe69f,710849177.5426333
55c5eeb4861e8cd71731274d,854828433.5879252
363c96b85cf07dacbb10b92e,762840612.0985134
49b59d19432dbeb8921e57b8,898493159.2239298
818ee3b0c3862d4aae6e7776,320494252.70669603
b15c662c56b19d3843737dd4,590332612.0266914
03243195c467c67e67a7823e,530352627.3125001
5db50c50b523f3d454e94dc9,737305589.9454983
0798af235e9926b1e7e4642d,572684720.2028751
83852e78afcc4127481adccc,514082295.97034323
7fe25ebd70b89f4602bee6a2,756061496.6201153
175590951b6f8c6b8b4af9ff,515263264.07190424
d4dd48521efc020762ea141e,444447976.03028864
a681d6e9ccc7bc60eeaf7e3c,836209303.4254311
e137b5003b8c8f18892ee9d3,697467246.8356683
90dfa0d7be06e7a1dc15770e,626578890.4329522
7fb856eba0ae98a40eac3efd,786811988.4855782
9f52855eab4ca5161f1fb492,735181224.3873268
494580f4974c33d7ce0cdb28,841752809.5028554
d972dc3dfccf2a48a6384e54,923677580.6663504
7cc8772ebde8902f55e14b44,585040130.0581068
deda3ad684384ed67711ae71,536522100.2924065
b288c52e4d0fab9f579122a0,635986519.3051039
0bc16b384acd3f8263e386de,700570096.2712895
b40d1d2b7c1db9cc57c65fce,826931374.3768705
c2580329ee6d7a03925725aa,863035009.5344995
7e73516d57a251061b3916e0,897565172.3388448
7749f3bcfa8339444b0a8b7e,522067586.72386134
557e40fdc93c1824b0bed769,522067586.72386134
edbb5db63dbd0452c51047a0,611227344.5780128
383af3a5794a0ec3efe78b2f,616716919.0239305
90ae7af091c23957b88de5e9,710012197.389371
b1d9704dd39c6cef28ae3d17,617703689.9768821
44916ca9b874075f55949f87,664935682.8668908
0515734883eea12cdacb7aab,521655042.9327369
faf9f8aa50d936c1465e880c,911779580.1258117
f37c9693e058492ec3715de9,656030028.7467682
562c7846b05072561d96698d,717798029.6019899
4a629aaf60a113402834c042,865860852.6630927
ccc4e48073c3da10a2e2d08a,720463862.3585426
8532c64eaed74b64b4d4707c,682633280.1877468
528a96aa31409c32bc9f1f63,858807176.4619259
36fd9fc1f1d9b2e10c1c6463,519672671.8199727
91561030d87ff5bc0a497f1d,671725778.2946842
eb09010915ee68091d6675d4,608093059.1361969
56c41a58ed5b9864b68fc910,504521850.49555796
bf6005f6f71da582a6fab8c7,589800583.9624811
86ee80cbe81724e6919bdb73,520120573.81435007
0caa7856aca178f826fe90c4,776042676.5044775
9e41f25cf2e77f3fbe903368,834861389.7832235
019f4a25794ef01294845b51,602172082.1183801
d6fc6059bba177ab56d85ec6,834244125.0156677
436089e2bf605d00849691e8,695213995.8184198
02a9c37b3d92a6da473c6fbc,519230578.59960765
bde81ef5ff9edabfc7e30d10,752729512.6439303
379fcab709c66fa146d3491f,844476027.6191715
28ac1562ebb5050f1492f576,632957827.792776
e68f5a98070efada9b5538ee,514433130.48380023
80aef024b0ecebb01913504d,432430238.1606917
f45161bb79292e974dc88b5c,430364029.3484566
6de3c3d53d6aee18ccdee958,518992886.9128743
5f2f7596a284915ebdb81a35,445512959.9718859
291fc50c4ffe7935b01e5d9c,445283781.3940112
42ac33321bb1920fe2a78036,560879392.6811585
c8e00b4dcfa2d05d6a7fde26,830373408.992674
5c0e328a04f881674ae1046e,787611155.106272
c28cb417dd28fe4d4d41d114,584281232.8554004
8e160f094a0425aca23f04ac,906169389.62242794
a8944be7383b5689b5039c87,903712510.4882706
cb7ed5960f325114bd3489c3,797271589.1071265
275d73c7dc0fda7cbecfea89,787613216.8118358
85c24df2d836cc8addd9b7b0,667112927.9126736
0fa87864632b7bbbd161f879,544374381.444746
c7f422224808e043753683f8,1101155758.827108
c51d1eff1b6d29b4164df520,1114126252.210023
b50e8c13de383e64711193f5,480543761.25246876
1308dad458274c698b2fec72,480543761.25246876
6a1024c5da689de67bdfa274,677138026.5165519
6e426f60d25aa8a4c6f8c9e9,487959469.06627154
b80f3a46440daae51308d459,706911670.0149761
f59ed9b8ef1726f1a55a4dc3,445948664.269552
368eddd8b6d39bcc7124a41e,595421527.1005569
391cfff759030283411dfe1a,562483332.4803755
4f140229175de685a0999773,442992449.4596054
cd365053914fcde97b7ee9a8,702438586.5962086
16a05fee8dfbe78d26664c3a,655310293.5774109
c462f0736fdefd319cee232e,857453964.4471833
b419d977b283e33c0b3da86b,809504249.9834782
6eb27e2a66d08a8a60567272,950012710.5205544
7486ef139d41d91423317e0e,677054105.3012657
e663064dd77e3c63ab9222af,920384731.4802079
9a6849637f1b8332ab289e27,1283637542.8328202
498de85ba30cb01e9c686081,717146503.2020023
3507f260c3c6e195fc444533,686547160.1616741
e538d52c9b2dc994491be3db,379251286.62921035
f016ba59a64f287099fc4af4,625346741.856435
380ae516dd46442f97acfe14,901494575.3103242
c97e4d7e08db3171290e939c,699540602.7171166
f7847aaf1491103fd931aa5b,775758946.7034955
08f6bf438980d55b35ce7537,775758946.7034955
a6a06973b5a4c990d5873b7c,703449406.9145424
6e26918c69487a735a639c1c,852665243.0908211
cfbc690c55e5c2bd8dd9d89d,680450106.4276837
56fe5c13f11813b82dfb04f8,794762257.5555277
296f0158b5cc1541cfc8419e,779784027.477204
6ed2970ed02a3e50ac984aa1,710476682.6252345
4c9f3af11fa91e729384580c,662806738.690973
2ce779caef0637db97954912,602036727.1547316
d743892816160218a63dcd35,695304758.9532644
758efd6f99db309c67cefb12,476069820.8664604
a4146ec09d782b08e8198e11,808208338.6284343
f415c2bc1bc0fdca091285cf,1033154727.7641286
39ef4fb2a43fa3bba15a0b16,803796906.4715462
874ee4f1b9c6dfd3d2358834,954271689.6830368
e9d514f90ebff0de1936d09c,667835557.5095031
9f15c77d67021f349714806c,653639981.6969494
a600ed86cff36e636d204f39,649839504.9422278
58f55e9bf743e2e3ad43c274,622894063.5620543
af1aeb2ba89d29973f73511c,683528893.2991741
bee721e93b8d8e7cb37dc992,675667719.2115692
bd52dc8dc5398e5ca2952473,415643270.1760744
b71095bf5e80bcefafb12d52,550778520.4922785
a7f48fbdf807da68594e9ae0,580227626.999727
50de04936770f874e1eb86c2,540229738.2449769
2ea47ef8f02712c32613fbd1,590745968.7191664
27eaac0ebf8a5ee99d143218,718231756.6372328
ee594b6bb0751dab39055b3e,483895949.5333686
eba0410242fa1e8dea90b194,778122442.9438679
a619d30d6f2e2aa3b9613c04,430364029.3484566
df58a4244134d3493f3c9f30,586207271.9558176
32dd96f4f07f67806146ec46,673014122.6576736
a77ef77ffa731e8980d36b27,690191912.3194871
a2a1665a693852185673f6c1,818994547.9838749
8267eeb41ed1e68144301a3f,720195138.5501217
887ba6b287a8b3ccdd5691b5,822557996.5759066
1fc94e9dec93d52e0062e07e,778835051.0601197
ffd3d51ecc85abff64258e1c,662112584.397912
3eb79541c2ce9413d2c54736,660336811.4269152
fcefb2186b13c8bc39b17915,808123248.116324
d4a43654382201db5d318dca,961223318.7573452
15fbd295328ad698d3c76aec,837105623.7711593
7f5e87fbb4952caa0cb658e2,694134684.9280365
9d348aa70957592dbc56ef32,715080629.5673556
2ac1105447a71f68a50105d1,769440268.6704113
d8ba9eb448ce35ed404e68e3,968231857.3728993
21d42e80f6f818eed990bfc7,792926175.826472
81c890b0d7cf787a091d4081,780168908.0593643
518858c561af5c13c8aef9f9,870561704.7698517
01cda25ee8545b9fe19717ed,901684943.2828386
2c34c1e1655e87ada03f411a,1011681243.3090867
48f9e9a87e7fc0a678460e05,840838933.2105479
76ae7be5da1785c37736fdb8,1172214298.6203856
3918fa99179953461fe07f2a,1026540256.1031904
305080502cba05a1c165560b,648783369.3493751
5c3aaf3f75d6d3ae9b55cee6,595662645.9057012
2ab263b5d1ba72fa562d64e6,634097025.6721854
6d13129db564ad15e69fd534,808123248.116324
7de7a2a651273df62aa6a21c,818994547.9838749
59f9cc9b23cdea5bd4cc3ae9,785201909.7236936
d4436ad417941fde0aed2818,808123248.116324
80ab8d9f157c25b40f102854,715080629.5673556
06ca01d3ff86406e896b6fa6,738374043.7182255
88f36882dae9a0487383b769,595662645.9057012
da474e23f34cb63de4ef28a4,715080629.5673556
04f968f1873a655fde8702f6,429879448.8844046
1dc1a51628b8eb1bba214498,527684508.471806
e7cb4cf600b9d931eb295c71,496975253.2117198
9052c644813d546987a72305,534630103.40908617
1e32a8825a7ea79c28e27a8d,502913593.48709375
82f34c2a6644c4cb0649c44b,707634608.0637447
95815bf7c79e4bff3f41b233,752693800.2009838
f64f642775ed2c9f45aff215,820566674.1070485
4cac81eebdeb45eb0e8aa5fe,823912896.8999593
c6da2874d2dfbb2ebab542bf,859001628.6243148
e7c08555cb8f5c7d0f32fdda,515971448.75005317
10b7c99bee9a4a21e1f32d50,679299549.7198274
f21625fb82740d6f4cf1c325,401731656.0595179
1c3236613cf95c84c5791bdb,509522531.16252923
b11c3a4642f7eee2e443eb32,854942023.3771353
cd08976dc2d69110375f8541,597198497.9902056
a44c7ace8ab50de7ed8e5a66,379452390.95160264
fa8f13da6d8be3bc1f05fcee,430615123.85119706
77bd7837b02bd8f2c290c9f8,330501536.7687127
11a79681fb0a3f6eedf11d1f,697286590.0843053
70c3b086af66b0c9db4b0b96,697286590.0843053
64ea18085495f759116f62c9,684027933.1164138
ebf4bda17341de806444ba83,729155054.2411683
54228579fd8812c3ea160341,941151742.0156568
dae0265a0f2f79d3dc010ac8,919777930.8640481
7340afa659775cc18d83aa4a,763125549.9017671
5ba05f67a77cebe5cda31e74,861732029.3812543
33dfb510aae260ccefa4d349,927825590.6867983
82af190e32398942775056d5,919777930.8640481
a9b9263f6aafe8531f3dadca,751581766.7291863
9a38e7293e9ad7d8462eeaf7,1171227659.9536316
5852773a80f7f1b929c7dabc,1240305473.1557415
52fbef3effd854b0ad0f62b1,1133598195.6449752
0016e35cfd881ee2e37b49b3,671993579.3284075
380759598c614cbe10ae4bfc,770912237.0613806
fb63e870ceb7ff355299f3da,734738826.8294772
285b8cb5e9c887794ed2fd1b,699152420.2646245
f003a46a1c8e04da0052d72f,562450346.7382206
a731b326a61043070c3c853b,573402016.4326437
d2644b46136fd95c0fc2353d,698165092.9638284
8248697f70c21fa361840755,1066056058.0215968
075b5c16441d9d67cf638386,543356951.4853339
6bb2ac0cf2369cd8fd85bc12,794418085.5361067
2c0b3d69fca6677ba9e95327,746628277.4823043
c73ffac843c155f24985e6f6,628692810.0384458
78b57a58368ab056c11bb0dc,775868511.5391248
90b25b6b913c1bf0396c149a,535748611.2026434
fa29c89363ac9cb59667a43d,775868511.5391248
eba756e88209c420d288c4be,621840292.6345886
e7081fb59ffa298320321633,816669979.2195221
db1c3ece26da7b342eb7c8a5,775868511.5391248
f9ef8fcf24d28ce11e71d758,651655397.8067417
2f854c9df6212c39091bcf28,685712921.6382865
ccc66d77e5f68779b1c016db,804301618.7960782
47d288f8f9227013424d6976,403430932.12326986
3e891afdcb568befebd66fe4,649550532.2251709
2d1f036c96e92d9c557605cb,553984537.0463432
dd9d63c612aaddbd86676c34,571773413.5754688
13cf784fb3553f75acf25a4b,553984537.0463432
57dd353ac00d0e99abdb3733,1099009275.859465
ed0051ae106fd0df60a14586,750428533.2691276
0997324f14c5823413463546,1148428113.653497
e2cdca1756b1635dd1ac2b2c,716650611.7664006
7700df9486a1684157527739,816968727.8667133
e790b21630ab963a65c53df0,636989387.9446748
2bbbd9878a1e7c55bdacb330,567891912.9081283
decb25b7fdc0eb259831cc71,688659268.8836242
fdbc74fb5882051327b3caf8,712547434.759818
39dee9b1661292cdda6c4823,670165631.6938183
354e2de1e3a81a63e7fae4bf,839345337.3555063
f80b9e8c51cd71c5be281652,334701992.94352055
a96b19e82d9811d5de1ed0e6,381933262.4112171
5e5ca2753a908aa1b7fe80a2,711100276.9896996
495b6e61d1b887f8b4c1bcbf,489670648.5434339
ad8ac9edabcf2d4b06ba9fc1,674029147.6255808
359f6a66a407e30b40979d2c,823896361.9751356
ad351bb6437583ec871b1739,691078437.3015107
262b1c8ce7db2b4aca2400a1,849507776.016262
6808b10f5876ca36f569a4b8,954947301.5655054
54c74b36962edcc922573792,553510491.0474242
e7fc4e6b1fdb38ffe68fb680,731005805.8604835
1c9325df5599379a73e18053,757230622.2258333
8c9bf9031bd378c1105e3f3e,748936800.5060474
be70989d473cd731f6d8e580,669128193.2128404
46136f5f078dd31170c58e64,701511713.1883686
7055f85f7749c4646577a51a,419718152.59924924
861aa922b483f9bf7884dac5,418547851.2247846
45f18e0bb676d2495a227dfb,389403480.0299001
9cca7c1e9ff65766c8dd2e29,368906435.27896065
b2b7020e66872c8d83468cec,487223354.2403347
7634d7acd4197594271c84d5,520507534.3790359
11ffdf367d817b582d590db7,608619562.0149553
103687e73b0528ec29725f1e,490974508.4424766
8b5369b126b75c497b1a7b73,594683180.2695835
b33c9b03cc12a253e4936cc3,650099699.3705218
ab177c5d60492f2ff087708a,462905272.4756343
05bbd028f30492fc0a9f35d0,594683180.2695835
2b9fd26383758104d567d474,594683180.2695835
4addcabbe23020d3d0d46ac6,594683180.2695835
d93ba0c32244c455e0f7baf4,594683180.2695835
92b772a38d5e38bb51a3f621,824167200.4864535
135ca1dc80ae4d9993ec46f5,605234161.546203
ed5192bd8038c77ed2e46f0c,582816390.1326821
3a878d44356885ea61bd882b,594683180.2695835
c29c69bc6758d5976024e455,619203449.6253235
dc486a3d7e9e2e608ab2a7b0,594683180.2695835
1a34acf8e509659534a56b63,706092698.8368658
5716ed7d678cc2575397174d,388346952.92007834
444c68a7a6cd0b794768d5af,664203583.1171463
8a724286cf661794084aa87a,804037600.5642194
ff9c4796bc3ef18ae7bb724e,786811988.4855782
35984f749eeb84eaf938bb08,768830264.4260645
0998999f12dfdd50c597c6c1,801116369.7669581
58bc65fd2e0e4430fb353d83,663420717.502177
fe483817d899e0044abc3787,640535675.394027
183a8459fa248605b8b5bc1c,657563988.9076724
a1f0d61cef676fbf798b5473,662656858.1240854
d7d3cd587d291f389ba2e8d1,607442224.5762683
ff8e7294270343a00978dbc2,603009558.4169058
0996cb112fc3919564e87c37,642793865.7452533
f183e3651c485e0001e64880,804146174.3146914
e28474959994ea9c0c2eeac6,892544548.4092872
682c0a5f5f3130a61b5214d8,895306329.1263446
245663c600727f7c214063c9,633123883.4481442
dea79d1b25bb9c78d331e3e6,575661152.2860343
ba212b5f12959e34b4887315,631367979.5570467
dd4eb14b56cb00130955d021,997582060.9386936
4c94103d4366bcaaee4b550f,782858645.4239968
7bd9cefba3f5dab498ef926c,1246388869.8611298
1d7a2572b466070f08c6e564,664579192.5426825
a38e7af984a471331b2d758c,871900532.6658269
b6775aefafa4dcc161eaf6d5,819212500.5758486
8654295684292e74d0245238,560826612.7026242
f0ae62ce6eebc4d07415c48d,862274576.8711125
969219d7b193ac92e7a008ec,794966757.5249865
651d6af0968fc05584cb3d25,655605171.6223302
4f992c2a0526c0074bbcd875,503908072.3906919
9536c686b6ec514d92493f9b,645807495.2982148
5384587ecbf956275d86e60a,367653794.5053235
bab5690da7c42909464cb9a2,720165668.5284646
bc91072d808fe7b43e972f42,344310488.0656301
37cf2c5c1c6fb6e601d2f76e,450923022.4880431
4cdaece5d1dd4e089a99f47b,503093847.402926
b37af80bba5adc197cb51649,459227919.3167981
552152b60bdc1ca16d2dbb71,579878584.5869995
32354bff9df0267a5e139156,654526653.6005971
fe4a6d7d7ed28b85c5816fa2,972253547.6824179
afbc7773755043a40a7f9d6f,720404306.6681149
daf2efda70c6f3cd9257d0dc,532491216.1884139
66fa7c9e82a2876216b14b1e,600163656.8179995
e34517b1563d829104e230b4,341138725.927747
222a35842b0bc09f48e1d0cf,658332326.7641871
c5a64fe5ed5901734d98a22b,581587439.9177445
05db9fc492801eac98f69c7e,446517745.7358485
6e4ce81e713a571601d861a2,617446247.1449816
79fe5105ed7a7861d3c0187c,307323797.52378654
70ea911907d320da1f7f9c41,536992628.2870517
e60024d6e0b5aa52e27a3b5a,635662082.515982
bb63f086543cde77832bd4ed,635662082.515982
b3c2187fa96006fecc6b8ba0,366928025.6113663
9499edd83df77bd6a90560c8,366928025.6113663
a947158782fe2832cea53040,765691985.3896863
2e1608b8c646a102e27df16b,639988341.5358377
77fbf1f0c35c1025ea4803e3,735600679.9519888
f9e6a759b069e04b0cbf0182,773772145.5262784
1e158f436f2a4caedd1563a2,737305589.9454983
67af004f80b08fae38f472eb,539756296.125455
386ee01c3f7bd8bdb91181ad,916566601.34712255
36ffb5566bc35fbce9e42679,510556414.58506113
b58533a6850620b0960db713,518759116.5590209
41353584f956b9e316c6c67d,631137677.5930793
b1d1bc7ea83d5c584988b95c,558485268.1125118
6b1c0866e6f12f7fa8de94b2,700608502.8430105
fa4fd8380dd2620c672facc5,710376940.702745
44394e66504a4d77587ee105,659960363.310325
d841d6a82425710e36460f64,697286069.1379505
33501f96ba3b02da073d586d,451506273.42511946
831693b6fb81df1359e45db7,552873307.1482803
7192b9d32e4ad55f6af9e241,610179620.8051529
4f99b97100d003ba3a2ecd46,641455356.7508554
83d969bfc020aea27d2b829b,682608874.7164495
39be6f994f2cd3d68b51126c,614821633.9049388
712f16cf2506710d7f2a2e8d,589618361.2150218
7ba618fdb1fe8694eaecb64f,664746834.2634976
d8735967c942d1a7b0cff7c6,664416623.3162463
b4ef40e00d089a35d750888a,836209303.4254311
7d73a548c2a29ef2d9655e1d,458806812.01087594
63131b8d125073c7dfec72f2,895552900.1433815
a65655a4f42564ac48bdffa4,815532755.0778617
033d3f8ff56907db4c453700,697467246.8356683
05e8878bcb68d03e3b656eb3,822023699.2981354
2ff0775d2c131d19804f2a2e,752872211.0344479
9957ccd807718945178bb847,817473242.3960327
7bcfd82ced5d6f1ae390d388,482670345.24801075
adcc03f332b427be46f118a5,695266165.1183661
b5dd038cf35169bfd0e62eb7,924255181.8384593
35b789e1d63f8f25980d21a1,792926175.826472
c9a215f284e095850c809425,655593214.1067789
d26efb0e1213e19c378edfbd,788064067.472474
9990217fa4eae1d1c4ed051a,930066097.1488289
2e9390c4423db604e1c7c4ec,632077685.484451
6faf9b6c30b176e36f2f1d32,602980322.0344945
5b83d91f4d6364d3e4be1428,625150738.9350271
0d9616f0ac8b0c2e9e0a97a3,521457567.36351454
9c9fd309cfb505b628f84fab,908743395.4529706
98b77fc0888335702d082f8b,636821560.3926486
051d68945b95562009d4029c,636821560.3926486
eb8021804e63016fd934c9b2,669677955.0207117
ed6c8c45bc8c1d160cf0d0eb,806148715.6075983
9fc8c3523883947769b2fe6c,866943085.6021888
3e9cdf767389ee551b5349a3,514082295.97034323
512effa47a1c7a5420bdcd6e,319386902.93339586
0768e70fbda0e09b88c1548a,464284988.63808614
acfa7a1cb136e4474b7efe32,677972552.3018689
a343e6ec6eadb287711d3834,695452270.2167805
a698d80ede6cf6243fd9ed99,974639166.0170442
fa5c81237a94f2f78f05977d,676129038.5529072
999c8da7dbed7412dcbafb70,810962128.0202795
c33613eff66948d1bb8ea3bc,634813377.183511
a642351076b7706a733dc52f,676809090.8261201
c69e08214cb1fbc09ced0971,419017706.129042
48a20e676a060954308c9ecf,555080605.1961743
304ce5835e685778b1c2b6a1,780756765.6528188
c859144477dcaacbc1654a8c,703686699.6103828
98865eb2f40b8a30893cd351,791903929.7931504
68dd15c8e9b71171348ea24b,1178888891.9204898
3c660885ddd7e98ba5ea26a1,1361651900.616454
c670315562766401f92913d0,365557464.44631755
777a8d05edda0a335d89e90d,672159444.9940095
81f5c32a2c2d3b32329a645b,493122696.01036704
40525fc425906c9485f1ddfc,464256951.3839146
8b6efcdb553f6e936bd90f3e,686817942.5276392
94dc108f1d146641b221cb81,495411876.90381503
1034ee7a5160fecdb5e8c27c,580388406.1997651
48b34600046c903f0ae4e6d1,977820990.2976993
edca31377b4f7299f8b45187,983159437.602705
b1586cdf68f36926c3bf72a2,398239926.18472046
70b15c2a38c404e62ad05171,431954833.3260079
ce18358366157fa869bf3833,764793663.4364163
6883fb90099426e6f3922909,602274249.64666
1b7151cf29b565b2f1caa559,810775985.3113676
f2ec3a3598c99bb8c38cd680,415322012.7253841
38026eb43ff9876cd5767ac3,500418789.9064623
9f68ff98e302ab06df4fc672,552419283.4828632
2d2ee255ed2144b9fa1fcc39,631998416.717241
029224b78e8f358aa9c38e94,395957024.73781204
88da5851280dbe750968c565,540402250.5877801
1c67456195075a051513b28c,406605157.2561734
9741ff1b895a038c32205784,755960118.7975422
75fdbee42ec89d428143066c,422043904.33634996
9f27627b9e439fce085cb01c,709430306.4768351
a4a4a57cf20ad739291aafcb,760470350.0104873
84a074517742e09a7eb6f320,532420498.37032217
28fd0437736c1b17c7ea1f33,628876450.4265424
beadf1de0732143f0699895d,632964953.643534
b027f75411dce9c742c5d0f1,643937948.2459103
182077fd9c5142d503309490,637619768.0788355
b1df92683a593edc3f2b45ad,532073759.0218241
38cbcd7f88c1520fa083af9a,645270688.515571
8ab5eda5b66a6c2becffad29,642079298.6859119
e68ceeb098f60054c19fda0e,644637010.6953651
e6ac4d158437142c15bbd4d9,889257930.3466201
a448d8246781ae78dae61619,633429075.7675333
4e878e99ad2fc34400381c3d,592014345.2691913
beaa09cb49a98e8025fd7e8a,496237253.31746674
3df855d8893dbc62eabd95c6,708433925.383315
cbfc3ca911ca23517da8c2d0,799100240.1016682
a020e479dc5db78794a5fa77,889769162.3106759
6247fb0e5261d4225f6c9f1e,826478363.2558159
93822a34ec8dcf104e7f49c4,641732748.6807177
17d311554f40ae8b40234c31,622761141.7354438
762e044ce9371d7b8c7acb6f,725295288.5587652
2fad468e1c248f40ee3586ad,872996061.8551588
fc25df25f4151a16cf0c90f8,750890422.0423436
39c1613acc0ba4fe622c1f31,663470413.456784
2c15a0733cdb932ba8f2225f,692720317.5259714
1db68ed64501f35c51d74c5c,798918682.1431358
1d968cecf268a7f14def1af7,881861378.0645663
77c886207faa6965238b152c,453212055.19915754
86242b25bcb2dd775d25191a,542892079.9300827
a8b457cf82926e25cd862af1,725323002.8157111
fec1212eae4e6369d5555d8c,914828835.9676234
8f59ec48e38092ab01c23e33,796488405.3825299
490b89e972abd7e64b5ba6c2,659960363.310325
f8f217756d32f31faa784c2f,680442303.9041762
1c2ec62e8ebba12c6146a04c,633047019.3122427
2afa1699af46ad8124f76e4e,666101918.2579588
8c1695c9a31de0f956e4ccdc,557702934.2829556
d88bba495701ae7a44eecc64,999146452.6154922
00571815d5a7f208eb3e7737,1099790452.0817456
d626a635ee75c23aee2fb327,1020391550.1215279
7e3937cfe43dc906983fd321,825893920.6606305
ddd8906ea4a22b782c7888bd,836889557.2053498
258abe0fc321f6b24d37ad86,466896373.41202116
f637a4885488bbd499199148,749730681.5156946
97f5e6ee143998e0b3fc97c0,671993579.3284075
be4b96920e3aa5c57baa13b3,284935790.3435974
6e7f3a0cb6246f13656fc95c,975985280.8727959
0cdcd8cd52bd1967dab88a5f,550490116.0383697
83da19e7fbbca11083090574,586258068.8631827
f0cb484eb3f6e04b5b1806ab,629611105.4689133
fbf8b0f1159e89428778c847,525304993.2405511
7c316b981173919b6cae5516,633393044.5263786
d6496a3215daad9089fcd5c6,1133598195.6449752
e104567c1cc70000692f502c,859067078.736617
c4476befe0002dcd0c315993,563074401.6588191
3008e821640b33a8d70beec9,647327163.6152301
9eaaf577807d86ab64fb14ae,462891208.6427028
9db120a76af04028d2f0ce68,264468140.14510044
81e1f8b1c0e3b15f2ebfd84a,588965002.1391113
9943a2530009f62cab6b466f,612817787.7466772
a8052c48a500926214eb2e1e,395957024.73781204
3335313b9060ff29782906b6,603947378.6115435
cb93bf58a01eb262cb003061,642079298.6859119
0e04f84529d92f2832ef986f,451859133.09607625
807d7f5155bd299afbb6491f,708433925.383315
76558d67def95bc708039f05,797068105.3523058
bb19983466b1a1184ee7ea1c,664416623.3162463
34067d9b2b4e45be1e5cfa32,488097341.24018604
1c4fab7d9cf798617fa90a19,671725778.2946842
b4d610e0ecfe007c133a5ea4,638542959.6583875
ffbedc0873b99654d10188a3,390718542.4671204
ac413fd87de33153899a1d04,699723812.3800597
83349bba5fbddbfa2db5078a,830818641.1174127
0a759932f763df64a463ac18,788914866.2453933
fd9ebf37acdbb0e4bffd2fb3,485873883.0043569
f725f6ebcc3fdeed22bee385,528929975.43694705
ceee9fd6e692196b960443d8,485873883.0043569
bc10eea54e4a1767881a2391,645862779.2828128
4ed5718470ffa3e5b5f40bae,485873883.0043569
debd031585e9527fe00f116d,888914786.6928965
23b5f2af5d39edd25db6a522,774524533.4823942
f51000446ab65417942e535d,613937782.5709894
e6ed64435c659f236cf213a8,489476193.5902185
b160d30961ddd3dac16184b8,617937751.940873
0cad79296edb4b18582dd77c,714031583.5300368
7bbf8e16cc32dec423afa6b3,628876450.4265424
acf98212eb702c79f16bb058,637996290.6068761
1747dd033c2c2769974a06af,668832498.8330818
d54e80ee72354c70cb84323a,668832498.8330818
de901d3433ade456e9edcd79,668832498.8330818
3fea10126c0c651f02de7167,668832498.8330818
f823f6d95b4340e8e4dd0d57,668832498.8330818
ff6fa86afbf9da2aa8eb7991,668832498.8330818
a966f298e8d4d3d580a72d99,668832498.8330818
5b0918cab84af6fa6c464037,668771721.5642127
bb1ece5366ebb2ef9d52708d,374576318.436954
fa926bec03068764c8545d41,677674053.7746465
3bb987adb4ff573ef09b8c12,607867196.8667506
d7fb188814d4c118ccd83989,424308173.6651625
ba511b37b4bda08d191c68da,532664335.48745954
3c2f62f464aa5c48c470bff2,648411242.2782104
3256c6c6f30aea9cc79b7283,741909292.8756452
9844c3773f7a50c71f218e99,866902624.669587
23229e392dbd8fd9d80637da,828012790.3055018
e0f47a028df2dbe9129cde7d,866540464.4618003
a12f0f00148e564ef78838c5,855394502.3153067
d3ace27450b980262ba9bf76,1205582925.0886497
0668a4a4521c783a2d817413,732698973.1172439
768f69f0241fe339b6f52fa2,713384466.8574708
e78ef4d2b165a8e8781c258d,555828106.607111
631ecfa47fe167bfaaa967e5,480806695.836
954e3065b1e8b31a68f6d4be,961006271.4899883
e81c5c1b820636f691e5c5cc,592940965.297726
b4c779732e827ab2fec8e8eb,831951409.9126664
b58208759ce1402501f68906,694108872.4077115
59805e5f4080246ac1d92b34,833130661.7634859
a3fd38336516b98117e328b7,943274273.8921518
c0bf06891690188e17ceeb8a,616374644.32379
efc8ccaeb09a5e1bb0bfe011,527233647.9110578
8e604d41e0cfe9c93ad536d8,974469717.0672244
f770b66579bf2b55a714c43a,684403679.6150068
4e01f07ee4b1241360de460e,1021726941.3029984
dba1be42bef913f35a95735b,608328721.2722647
d839ca90c5df85e5cab54ea1,597337329.1728369
ffaca67ff9f0d7cbd5bbd295,1050987057.6738636
6f17875bd3ecf00566dd5c1b,843238948.3425367
10d01825744060a7b777ee4e,559271943.6819072
185b333862e7420f25622efa,837300288.0537269
7f7141f5e1a7964ac6dc688e,1008694152.3591418
adae78b82caeb073d84f02ee,809207530.7278045
4c0f9275581b5572635613a1,585085774.1216888
9d6810aa1035e91b72de6a26,517370182.6155887
069798704327652a899a189d,537989410.1334708
2f34de2546f13e8a9dee1edf,621624825.8693465
8147da5e5f53a163443e8506,595945246.3063878
6834b61ee23cf04daf4fb83e,870561704.7698517
59cbc0e7dc6e6922feffab8f,646933092.605528
7cfe5c3f5cb1bf095eb2c503,746527423.1109796
d916219daa90cd2d99edc609,598788137.4376265
e78ad3483c5aa5a7a4310720,596877688.7987918
d048fdc255a5a7f474d48c0a,840180068.2787759
b76a3fe6a49dcae6e6bf5815,665779774.4061756
75fa60dfb737ad50073848f2,676715851.4222201
83c1d0e2b8826844416abd9b,589052140.2931993
8c02948b66db263420c20d3d,895623028.0685521
33ab442cf58cfaa33eefb6dd,298790674.9468734
d379dc03d78685ad14c647c0,629288057.9551533
5e36efb290bb265d81706bd4,613805150.7816759
db534a5f57e92d29b9e150cf,839841588.2154735
5354a816a7da90e205448832,628928658.4024884
f0862f57dd6be5e7659c65ba,504064099.6043496
7d58eba13f418d890ef563da,642566133.1627884
c2fc3f04c3870e14b89d5fbb,602846598.6016235
15537000b6806ee84d4615bf,840180068.2787759
e82508e88e3f62fc8e67dc16,808668379.0468136
86ee57ce617b2be312a9efd6,738228173.0607904
6bcc29a0afc735bcf3621595,770186046.6226431
d79e2addf7c11180be222103,1029798120.4632616
adeadac88e573824f08efa21,747187176.1289635
922c37e46fe9e75e73fc1f35,560024040.4553422
5d09f2d1cc5fec761ac4372d,778927163.7103457
8c5aa3c826f325a9a6c6f524,778927163.7103457
fd0c010fa0c4b84dc75ede86,779167510.2026289
c23150d0aaaf932579561998,755758073.1295722
163405cd6248bc3e832dc93a,575423206.0165498
eed12d0c3e65e9989fc4f4bd,668280349.606194
e6fd53315e92a55c6b67405f,762840612.0985134
7a3ec914a15b47726567af96,588705071.1049515
7f02f056d5eb4aff92b44659,500055952.35567516
2d5d9119602c228b333402a4,427003249.9053056
43fefda5a3b0781578d9f2d3,625941549.6959836
513211d9f07fd6645711ae31,527684508.471806
c3e1e0d2618556de7df13403,645683121.2605782
b4a4d705930d9afe896dff17,577740818.4873596
e44b023e39910ed29f4dde2d,826746609.8031322
4e78d095988a92642a1bd18c,554130278.5318066
92507b623f039b4ef5be8870,707114909.4076599
e216fba4bffe753a527ecd4c,602907719.1781074
24a4199c17f9c56f0b3ed12f,638310360.1224042
6bbf09c3bbc3e3a000cd2afb,578662841.4215904
b3d45812baa819caa1400255,793023071.3568882
2688e4cd1fd441d1da455504,711156106.3970302
5dc1fd6ec7ec8c8af71e3b6b,768935863.8086786
f7b7e298ca8fb75e11e92999,621536282.5307717
05b71daf88eff5ae8cf5789d,772430717.7529726
e8a7ddb4e5d43d156692326c,1016301681.1322436
632820af2a0477aea5ccfa1e,705683701.837604
43a3fbb8218e73b956ca50fe,760775819.7197028
398c195aa41ace34a16b0d7b,947704594.3632052
ef3887783a12f591198d6c27,655591052.2462636
e6653cc1c94306d4e56ba216,633264787.7901031
166c21ff83e97c6e74169d92,844628410.9429169
d0fccd2708fc7def00c72317,808414009.3892802
d66bd7e4bc7b51d23af57de2,863585711.6522474
8b47b76193159a21c3580a3f,847985204.7712215
448d159391c38e4ffcc405b4,540240378.3810295
9ce7fb3190866e6a02e01e26,541391049.2679057
c25f892c01420855f61c3dd9,430736323.66593534
2d5ccb12ebb6fc7d4ba462b0,621444265.6166167
9eb4041ed9e159ec0d890de6,466536504.32434857
c342f6492f90ccf623e8e8cf,504064315.64713216
c3a78d9bb10165d9be188394,716599145.9607977
1978d8fc2031af21e98a4e9e,649264967.7582127
d6d581e852a025b61cffd6cc,788905594.7768074
ea28f68a1d1d81d29b88531d,596560332.004439
a3cc0422a37512ae124013d8,723112392.2919081
073a3ae443f3333f0f526f7e,661437013.0251935
57238dca767ebf3a842c5f10,949619277.4665793
113887ac25fbff9d30fe8d35,602894421.6175568
fed1a50c562ffd7f30451adf,669577727.735762
b1e9075645f4b374c7301346,656703478.1596433
6517c1efabdea4c1f93078b7,402198790.7603828
b966fa606a3b50d3ac7249f6,1152056762.228818
e0ad3e9588636f454e9e484d,697998444.0534389
d7ad46cde8eca723de6510d7,799297701.115388
447f51e37fda773ab748814b,762075739.7469319
a6b992c9bf4eb32ab3d1df4e,539651625.9073294
3a9c7ec02f3e7e419669fee2,420824513.1183945
c908280d0461c3585af94d53,788084347.5807983
b3616a055e722e3720cca48c,789496456.2815273
45a8f6d942533794501d775d,705834909.7006493
b6da1db3aa02debd11e26edc,619007881.9623938
6d12669907d7d80d0b458a93,659993816.2031356
5122b2e9638d3438434fc56b,1065505711.5295224
6367a127b452cfa27043f74f,741960979.982714
fb3d29813052141c015669c2,800435104.6994653
5fb76f2095eb1a5cacc2524d,557888871.7910753
95632ec6578a204881694dc2,545929055.1745657
846b75324c0f3cbb027387c3,783820448.6729493
940dd8311f2b49d4ec212fde,619774969.87472
bd0261ab68cf56950ccdced9,556757604.4231021
f79f0c23b5cb96b5d022582c,691945309.162165
795cd68f9a5ef45902712524,679247787.4974153
d908973d90db91f772890c9e,330470728.37684095
d670be6c848b1e92abbf415d,430364029.3484566
87b940bd3dae37b9fdac5d4f,486289408.83346546
8a7ddcd0c452e7993bc5087b,480796201.172915
8925e22f8511be30d50545cd,848863882.749092
1342c307971094041c9c240b,677850285.8769512
385488342bff3d3587250c84,881541609.0111765
f8e25b7d7e93c45df1b3a4c5,1114126252.210023
fa4f331f05b1488990a69ec8,1171227659.9536316
a71d187784b309d65cea0b14,1284899773.7018735
0f44b84024412099f27439a7,476414110.06647694
0ea1a5d32324d270cde1993a,807026923.9603629
b13cdf9314a34852e8db4221,572168938.7378687
75e0815e2ba7269a10d9786f,458342086.9218727
f42b6680baf774d27fdf1e48,558686201.4949422
5cde1a59393643d7ed4e909b,806505537.1666209
8736dfe0f1c6e2181b0ee31e,758617808.8297853
5859ec20de4a5036292ee947,798633509.6367922
1eee0ff52c53f04307cc3216,718528158.0491611
b455979bc938acd34a580eac,926667667.3187853
6921133528bd6fa3675ce8de,944985259.4578142
3d266736d0307404a5804073,581186862.2834651
f4f6e48b618064ced466c302,544226634.7073972
dcf606270a4612aafc5f9f29,635280597.5724237
5e455623c380290e0a8e4e48,588372228.8241065
ac3c9d9357fbe72959817602,558627422.2414141
f48fb9d9c42b0ebee72cfcaa,562193346.6625681
dc99f2871bc05ea7e8a97d72,926667667.3187853
b5cfd5eba0b6297cefd6d3d5,835583412.3254789
0dd30227247f145bae82f96c,800872850.3052396
9f347bf53e4ca4d264a45241,655310293.5774109
81406ce289219cdab015549d,788084347.5807983
a085fab6d9b9d8c24472cfb0,1065505711.5295224
1fce0e993a57a3e3873b8d7c,1042425417.0774307
af67d51867f382dcd9cf34b0,1011886746.9487255
432f082ac51bb0d39ce45b0c,913757183.8247975
b6281efabdbff697d70925e6,1025097992.37736
9215d29512b14aab6178da01,1283637542.8328202
6218a5d7267f02c576e5bf16,722164393.8894347
d66cca2c8e08c89af26e7622,808123248.116324
ad3b4ae81c322a9f91381bea,642186699.6124346
3a40bebb521445fcd32cf033,860380967.3931422
c1ca38f941200a9d666aaedc,605613450.2043376
a1da74ec074df16a1e8690b9,1141241914.1441932
502154647e351af240615b98,730870247.3155366
b57cd3eb0290984f061e1053,516842109.8530953
4db632fdebc000c9e64a589b,589618361.2150218
e380184391898aaa2d3dc540,687870789.7119591
dca45f1c1a79ea5ebe639920,709533559.262578
961de1cc8601447b03682e1d,725653027.5413488
60a4f09c268e61fbbe423ff1,366928025.6113663
c3191b6b40191009ae9f4b7f,854828433.5879252
478ac408d2a5c603aa23cbd5,968762916.767001
ecdb747ee4a3ebf958252309,484635617.708625
6c36e346957e336a33a7708d,753121643.8572174
09b18e3f3cabb7d5469a8d51,760548907.8941787
f1a5856ba56e7b12cbb9459b,491088175.3919645
c378ef33f40f8be9263e517b,595146207.4688017
b45911f1875da543199e97b6,842370294.888728
678c70903bcb6c90e3578d6f,876675402.833187
be22ce55ba31cbf7cd285e5b,620291980.7519294
2dc58e6aab9399e9677265a6,1049337935.899838
dae55582e86b1f514a4ec3bc,802909364.5464954
c119f62348e418d9ada13362,754163563.1104602
33510511ff07dc7354cca7e8,727591841.870733
16b79a8af9d6376c73c2478e,854407174.2174035
714f90489426e80933ef31b3,531593949.89161736
6c8e1cda487c9841c8d297d4,749990368.1373993
6d9c4bf994147d8892d27f27,774125692.4021379
1b300634b71b898299c54671,653685961.9879706
181caecd269e115cb5cfd75e,564860723.9330057
059516a91f938d2e8fbcca0b,665617316.682874
c42ce8f9f62f7a315e028e3b,551764550.218229
bc23e25cc246ced4731ce5f5,746197417.153717
de44f54fd6b1b62f30956f5c,727484219.4078935
2ef897a38b95d7b769856e78,688843614.8354269
2280b5f7c47c3b36924b84a9,633561243.0926036
16ef7eaf29eab571e229e537,1099714761.512463
48b1f800656bcae6a9e70802,629341486.0625384
b4aa025f8813a3f0b132b7e0,572463701.9558185
3c6092e8458ee81aed0db0a3,688306063.43857
d919dc64995903c9120eb61a,671823421.1960008
ef53741b01120666a08db213,764956137.8571858
c3dc5ad23dc8cfce0671adde,631415826.4470749
a270fe47ba30ef0056ec6c4c,371085913.82083976
f550bc7ab5992a6fb48eb60a,913431620.2346011
28f980b3c741866e0db5b761,784349504.0889233
c2ebd39857dbbacb99e6cc96,646524547.8099048
bb9fa21902daecf876c0467f,832926133.3226529
fea142787b18327108ee8929,660080419.281712
a1647603f732f97a99f5ec6e,892782581.358609
775f25d8144580541bf2746b,625567812.1289197
527a8fb085995119f846a5d1,794425519.8146243
8b69bb9fd7f0f19a248f5cf3,697593857.558629
3b14b48188fdbb0917414039,677674053.7746465
02259637b8ef1311c69d3d90,900786009.6225
50eeed30ba674cb079689afb,506840132.1838398
5fc3634e1fcc96b9215a6cd9,800227594.1318494
23cc24e23a1d74159ff78464,754591902.545637
44551251fe345b31ed71aa5b,730136668.3669273
82ad984f02ccda30bd60da8c,727546652.4559975
5734cd4805f5c055d36ec645,663154855.1071707
fc7ecefb27bbb5c3e25e899f,431399787.9474428
5ecbd5b92092264f4e9101bd,619584250.2039418
83a8d9df3a535fd273b27c15,1106773019.395498
d76fadda8063e44483aa024e,723893103.1489614
a15bf12a6b8749ac8f9de19c,435672578.4023861
a3f32d81f4cd99dc85a16bcb,603941919.183221
4029115038a899d98dc93d3a,1018618821.9289366
2326bb628b4a571921eb7345,732944685.8313801
471d6fb8037049e1e4d120a7,805126860.4225286
b73945103f07da807f7a30dc,855394502.3153067
d6f4479f9226e52c93d70eca,523251394.9251631
420b03095062d9571144a276,911140372.6520971
ac0185c8f724ddd40bc0d235,553878071.17171
228280554ba149e60f81d639,667210564.4243383
8a44e15417d8e520a99454b2,457798102.5354779
8978ec4c5b2f02fbc1f57820,964605246.9698577
2ab88dcecdb565b6412f5bfa,639760881.4241631
1dd6f560c804c4548561cae6,941472974.8653766
90e94b7e392f84e01a5f1551,774483797.8761885
84aa7d1c2590f37f0fd6dca1,545132277.3098748
0821fde7debf7cc445434024,516214174.67420405
b9973b07c84b99dd1018050d,517582544.02698374
169013bdcc2ef214e0163ccb,685974078.5311786
3c8eaefb3f5dd8d4c9f5386c,720195138.5501217
42d91ed3f3615247f57ebecc,774534175.3482267
a7f1397df30d6521c216e331,853352594.8996186
f6c6ee12e338b1f9730b6e2c,471707419.4997262
8f4687b666256e136148c3d0,834500583.9871423
925f83e20a153a1e094bc606,982857974.4347372
cd270a11dd8257648d1f0444,681969948.6309577
ab11db71265771ed4d9de64b,400924345.70171416
ec199e33b7557dd669fe1aa4,313307627.8360809
b47fe4670c6b065a9e1db429,549573976.3238112
918947d51e52e0caf692f22f,571060420.9874908
070543b03770991d65cc337f,930146456.2076366
f45dfcffe189327cb0d303f2,890855083.9951563
d2e7484c81358d4c79f040b7,701277467.0382159
73ff3a6b0cf4f7ffb244507b,903712510.4882706
b0cdf05097df437354564bc8,442812188.8748671
33ea5de5e8f5c639a213414d,882517641.6294212
c94056bc09a4bea0e853cc41,619270915.3930253
6d5a91ae44cad7849dc4e969,747502671.1327217
b52e0738dec9d2f119c75a9c,646377246.9209096
0e35349077490a01f25e2ddb,912253713.4483579
9a5fdeb5f389590eb46e7aac,917115863.7352247
337c81be4cb14d494ca69db4,675396825.56276
ff28f1a1ea72e21acb157f08,964884950.2007978
e83ef75473fefbf8d7e52302,419955891.8990149
6d3e508ff42615eb78862723,556496116.5501668
3b7ddf527979726fb8aa1683,527328239.34676737
7b08cade91e2be20656ee856,606359477.0533444
59cb7abb39785d5263a156c3,868733311.1057373
bc48ec7245297b4cb85dca1c,724385233.9016942
0f366a36001c0766521b9dce,548745022.9806099
6ea022e53741adac484c1798,815079820.9158393
aebd6304298f84e7d440c379,1110450521.8548963
c5b333e454ed6e93ad32d96d,693604705.3601881
bcd31d201096351079cf7ce4,526078092.923917
46cf5b18fd7bac0d3332d70a,746026315.3415827
1dcff645d389e7b687a498f2,777172642.4846036
cadbfbea1d03e6538af648e5,508529950.6170602
9dc0c6ef8389978be58daa59,840697225.0077461
fdc00f6ebd155e84a387878c,505981662.0818115
99c1b39476ee8e2ebfff6ffc,810456419.078573
8930f231a5b9d8db14e9c656,661696103.3948634
2dee15f1b082bb986f8d9513,740073386.8331596
346c734ce163296a07526a35,719394374.0800288
6079fb3769f843e99b47988a,609147532.330495
f5802200af1d28eb48466c1d,608647462.0413007
1f8068ab65469ba56a1f0c4a,608647462.0413007
1ee45a731b6f0242b6d2936d,609147532.330495
56b7a6da82134b135fb7de2d,762957166.8520554
340c4d762f830197fdaf0977,722737661.1446882
1bdc0d441e63089737ac4c27,545543975.6792163
b3d82ceeac64b64142286375,551996646.6863394
947421747f33db213e6b1326,572935144.8915446
bfdbb7aef98d4855d459ac94,745742091.4125843
80e88d50c151d5534a57f61c,844920593.5151184
d0f6e19e92c03b40a5aae3fa,1094614787.71091
6e2a3e49dd6434ed01eb5e71,653356720.4698054
89e2d612654b3c792311faf7,631499978.9527315
29425249fed4a74ada083dc5,447159337.27346385
fe0182e1795e2b87eef4bf41,733008743.4424655
dc9cd30b760a1280e0318512,704840439.7150809
d22313a06e43b8ab8f6672fa,469767100.620281
f91cc2e5edcbb704c293084a,938873247.1223177
dae776f643e809387148900f,1160920740.2603378
e55634fce84f78466095e730,527911134.237495
a507a938532411f06c57ed8f,766200743.5280156
30f3b383f2d5e4709c9304b1,718887620.0859634
aaa43db51d1ddea564d1bd2e,579709017.1934587
b3e76a0a1fcacd0218c17908,533639091.741149
e548ef7a5650696c0e968cf3,822443420.1640787
939afc1f6250d528b0be8e3a,768978570.375481
405baee61afa4b08dc25e586,825926157.8391966
0c4781c598c06d538c5fcdf7,761791688.73694
fc321e2d9b4e954e80805be2,791241898.4060569
dce18d258c352b7edc60c304,571664336.0226866
7b0a2bd964c04d01387d78de,821912977.9398059
43fd6b5cb01d05c9b1db0e65,714128457.7225629
cf0152b0a5e886e8291ef4a8,953352916.6052158
d05030b0eb8931161855450b,686397315.7852722
281ea3a3fab48c028721ee1d,845472308.330299
4fcba82455866a6931590dec,709578120.0641776
ecc5e3781d5e004ceef8cf76,973335535.0111691
409cb370961c60bacbdf7416,313307627.8360809
54445913b2dc2d6ba35abc66,807285429.2759322
51a8c190ffb673d4fc27f4e1,660214138.8845388
80e7c6b194b3229e3e2b9aae,754667609.3112601
bbfc9b05caa647bd95b3c88f,571456153.0794007
128cb9247755abf5f2801431,529200779.989629
ac180e846fda5cd7f1123f6d,781107482.4539272
1e7173670334937dc61243a1,971880318.9136451
c2555955d5175b31e5f783ac,732021038.1584685
d87bbd60fdb8b84a9fe23ba7,484144564.8343651
825012911321d636425cd0bb,1038728901.8378797
54561e6ed5570577ea97eeeb,763267126.558649
3a2a2df4f07902b04b809125,693356133.6647654
ea7e3ba584cc5ee45ff8ba7b,883205929.8618637
25093735f186b70beb018317,647528426.0559125
7fe1adc0a5873cbba4b021d1,1130055794.9005892
461749398bbd48d69b444d7b,579010856.932061
eb8f668912b70fd554c8c723,628503301.1957128
e2f00293305c464b361b6178,468266189.7541381
02a0a38b45e1b196165b0098,870915744.086422
0e6dc789744b678028e74d56,657768393.0568978
58954e79191c62ceb1ead100,764137234.6836301
23aa0804aabdc61650b8562a,738846981.4625995
ef64565957b5278185b2429e,540919184.7613368
253725ec3d7939088faf71b7,489163137.770778
a9683df184aa8b4ad5d0cc5a,706266806.5938125
3c38153bc36b364b92548965,666322095.229473
286cdf6dfcd95ee9edf73a93,371087742.14845735
df93a6e36d9f19e252fa9de3,685938534.1720846
586fde402c82c1eb5a74d634,524481699.20261186
5fd3b0299c0d52e48195fbdc,525818890.56394774
06d33fff99a62c330ef2d585,591577061.09312
df98fd10dd8ae59956994521,485941673.0983852
361715cb422c5fcd9125d5e6,443825110.99560946
af68665ae8711d009e8810ff,615788937.7058042
63f3295df28c02953241e2a0,523055961.78233504
62d338c26b44153bb075b234,961466607.9808364
41a269c661f20e443a7a25f6,752069863.7261826
c5a8695b7aeba06e46266959,631926633.4406818
17e5796a30da5eaf310d02b4,545921514.5621634
69acab4a6f82ae943850b9ae,587440209.7625489
5fc3ffb33090bf75a81aad8b,629988588.1997864
02d89daa77bb313328fe0c4e,514768715.6107136
6ad1fb94accb91bbc30449c4,607826262.6967361
a1cd215fa99b8776818d0b0b,407800307.5656693
0553a3aa7d961ada6dfcd52d,538187757.5740802
c6ecbe7b57db2db74b0d788f,816367798.6366935
a4b23fbdbc7bbd45c5ebf80e,803960640.1966695
3bb15c6313ee70bf4d88f4e0,615574707.4716121
e05c52c9c8fcb792ace06b61,568781016.5643792
5fc77edb0e5bec0ed8e72a60,657953022.034856
85e15a0a63ffe482c68ec474,1012910458.7167903
859025f2f41efa521a74a00c,526853304.5118678
1672a21e6b2d8d0525df1759,511143111.7438943
7d4097722aad95158c51d24a,505120548.8359016
174fa597347f2b1d3e9016e3,697559180.7092346
3f081fb77ad08f8370569bf9,526224489.6049204
74cea4c9dc0e00dbbcff8b1d,878958356.7234688
4f5de1bc90694fedd216ef40,1054831324.4823301
8fa4be9ac1ef719dda1f96bf,454288206.1531194
3db3b80a902c10004cd3a3d5,1043654258.4444026
bf02fad806fde4e3575e75c7,793783299.2828841
edd2afd07fa1305fc3126078,410381413.4379266
bd5d2030639ef16370cca032,638992974.2308666
87e74ed42a2c8c97f7bdd239,920351892.9576404
d1c6037d0750bcfe47d425a5,511336515.49132216
763c9a528d0f99f34e5b0031,430984259.59366107
8b674605311d296990ec72e7,541884050.9130477
d7cc3d199e538258fcc83f75,498548289.44067097
ec6ffe86e9ece6fc03556ea5,473676016.45290446
9762ecd72557ad6728274e1d,721996992.170844
49a2d111903c77053d44573f,549121117.368816
d06ab7503c6deaf9cd405f66,1144647302.0499494
23e7dd821ec2601ee2c6e353,1127368230.2896001
81519727c7ad9f60d2c5f224,888806278.7473072
a4a5b6a844c14b4eca92dc49,1057563341.5465429
7e647c5e0a7d95ce87cfc8fd,887766216.5990814
7a1bca1ed03e7cd0e277fb95,524630975.477095
03eb8da7205428e61bfb2845,604907748.2084016
82780776619be0eade3d72ef,499346308.20903164
4c03afca943c3f2484b8db6f,524630975.477095
85d731901b48348f57932240,747446753.5068384
739de8928aab4ec77a1ecb0b,627251804.0439756
7f45d3809b08bb32a45139f8,530331119.2955693
cd14f8aa1613d754221c4735,700844987.4229865
537a9a2dd0ace0d0131722a1,700950028.1099391
2d4a781f969a4fa2a4f04a7a,743810099.0201089
e3676f99542f27c9037fca29,728441835.9808367
bb33aa4f1a7732fc8ef19039,385434165.66280955
9f11661702873852a3d65ed6,440125744.81622446
d7f22a4e6daa572583e02640,359118626.2982336
f6ce37c42fad91fce47758aa,379338425.68649435
f57cab248d2d832725d78135,677634578.9090053
9d73758bf7569cab4837e49c,638459193.1785406
322bad590ae06fb48f80c533,467837332.4665733
5a7b67d4c79ecd83b7ab66e9,883676136.429739
8dfd846e6df9a040ae1188b7,410000750.02285916
44a587fc89d6b6489157ff49,776907523.0852333
f9ce5b7edb104d4e8407a344,634921682.9460856
73786d11f1fa714aaa9f1f90,711439507.1451181
cc72295ef156cb2d60d6b10f,1026481716.5698636
c9851396352bfeb05fbd7580,1135766961.7655313
b3561144c745ae3d329dfe1e,461601622.90346885
7ccaf332cf87e07b38b340d9,1106488591.9882016
d63fe229354bef8b02b4a934,744256299.6018398
2e0a8235637e98dfea862909,683144787.3021185
0a1b14f320e330b405b27a6b,936574541.7084746
db41266d7b500a6daead96cc,432985347.38337463
364b8b8759e3c408c4005021,676546145.5200523
73bcd7efb7a25587bb1c31ff,712736240.6575304
17060f24d81fe2661c7628c9,646111780.2924618
98318f22c00ab335d8aa23c0,819899245.0080934
c926feb307c493aea729001d,391904218.3558162
58d92e8a26589e37b7123716,627153354.2585454
54d11dce9374378326f7ac62,616191940.5836116
8e79eebcff019c3362a76a26,809767576.7746322
02cb957c3db9ded3691a9004,596478031.6905153
561689dc0f267cc5011ede3a,848345158.4979974
1533da89d388196f19e2c5a3,852177437.8386738
069ddc5d1f3c855e6498ac50,523825158.87390786
d3aee2a35856634eb710efa9,720880345.1858603
4bad966abb5e8c4121ec69fc,569312010.2426816
f059e39d22124eb9e7e8e20c,746219649.0293834
3360f48c1ec30dd1c3175101,531523454.79271317
2218c6bddc994984cdc6e567,544120116.2468156
c2a9b4b389ae6f20140e21eb,711780363.6591588
d135cfa351ed6abe4ec2033b,685974078.5311786
668e5bdda1f4011578534f54,921470433.1730561
d2aa3386ae240d7387424e07,616237049.2777052
e4f2ec7e2f4389c1efa52c0f,606980818.9924182
d4f90a6b73b1e179d3f8eb70,735359190.5381569
5738bc8873b341bf92ece0db,624538369.9044513
2906d21b1d96a1ec43bab50b,814018639.4279854
4e1bfbbd8689a95fc97fabdd,486640524.07898855
78410b0193dc989de2d24da3,831332133.7998823
fd7f194d9929a6f28ea57cf4,493006642.21091884
5e7ac1ffc0886c27471d1a54,815354124.9776701
879d9e3b4ef9063de41ddaed,665892607.1880248
4bf620c6c6d4c916bea70e81,649556614.9194406
573bf87f57db6e037aeb94b1,652941983.0127692
3ff7b739ce65f0b3066806ba,901535181.9162633
a456f85bbae3f189ff424e8f,548381081.4432198
6683685692e955a8ff172c89,718838775.7414829
82e1ae440b386c7da3a580be,837563427.6144733
efd178c4aaf3fc9d05b8dbdb,470412303.4511129
55ea155410b001104518e992,467765949.22992647
32a10e550bf7095627d17da3,487891864.06031054
823124264778e5ed64d8664d,690221123.4714538
fb01d990afd25ef96ed048da,1189043137.0723245
df22426db407f4c660681c7f,508608204.23107433
44fab96fa2ea501e0b94548d,882197112.7058957
871204bd1b3505acfa632954,637645005.6073698
3d63320260d150d134fe8648,613135201.5787114
b8b9b90d5721a9ed5e72b328,679780889.7221091
926d12cfe05643554837664c,362511460.01269495
cfba6db03f0e38d1aa0802a7,643186740.7815847
97b12012ece8a740944aa547,739705536.0401332
8de317591cefdbc375a41483,695163374.1697468
46d34fc9a8edcc199a537b30,837811384.0640134
262e3b4091dfa6b71af020ea,946298734.5073752
396761edaa353e0828949bbb,535673126.12843287
8c18d3417886c150136a03ba,431794296.4201756
f053d3918234bad409410755,645219241.583453
8f5444b81998e52ad76b3ddc,716928744.6474723
0daf89cf494e0f40a94d3e5c,700609598.0562214
dd8c289ec872be3fe3352313,669479905.9554852
f02f6c5b97b8e3cc5d5a74dd,642562284.2435834
5f39cf56c4e1bd43f61ecde4,656266974.6786224
5e187b07578d582ff3d8e189,681837677.6855423
bd018b302f732baecd085ff0,673114536.5602834
674cccf4c7772d6091166aae,863872367.3562818
38e84c560b0455548ce186e4,629689346.5038116
d14173913bf5ed21e3ab50fb,485817898.8809529
cb8844cf2070d8697bcccf27,437150140.2448028
6b44648a905e7f4c0de6c855,478391961.97952247
148aedc984c7f6831c7f9601,460792096.8705037
ff9d1cf7bd90c5e47a0bba3f,397463640.3942225
9353136b0c791bec58f93ad2,636452661.4401324
de2137c70bacfd5087bc5c68,635797632.0661619
12bf6b9badebc2902cc11c62,465764440.3770251
c0706c78d5d98202dc24e46b,826328545.6958205
4394a27b21889bf78927ddf8,538005942.7198793
0ebbe9d3831727f90d677ed0,875271698.916173
caec584b5b6998684bbc6a70,573639312.8668965
0c302f1c924f8efe0b6bb58e,672782504.0172673
e056ada7a37336bbe878f38b,809856125.8812865
905cea21c0ce1cae97fe86ab,755862007.8920285
e286b12e5aa7929334322842,720037205.3672448
6cd4e68300a8bafb9d22700d,815673686.416859
39124b1ec419566a371af8d4,792413965.3476995
6110b5bf07cf38c437c7ca8a,1238975428.4272559
6f8a22e4dd21f44bc6d383af,1163905378.8007717
71eebcb108c4828b8bd5b84a,687981949.9762758
5d61946d53efdd9bd0af140b,727640603.9106578
c0620585c12f3d9f1298696f,655745625.0458366
d27283e3c941f8fc256c3f4f,559742456.1019267
2acc857ede19953734600dcd,689122770.4352851
32474481a0f8af34a4edfec9,678696394.0189432
6720db016112cd2a4a5e0358,587520760.8293535
959d0cba47f650933b9a5168,931030850.0843408
32d2c5f1707b00c93407a19a,606731677.6675417
0ffdec8eb5272d9fe4775251,561839718.7957568
c77d7a08d5b9abd4d3082fb5,643587607.9491731
a3021c7c465dfdd38cda9f9c,721206682.1885536
aa24974831a0c608635bbcea,662149224.3170056
eeca3f5c399785a1cf15b1c6,627351722.0098284
0b51fb3a65a86d7799f27264,471704509.8120971
1af16b7f14dc04f05edf71ea,545132277.3098748
e0d7e4dffa0f3dbc40c7da53,659335910.146059
cfeb42023e2737491b3e4283,823764280.9445429
dd4e23681e00fa1cb9a679a1,577305571.1590455
153c89081fd85dcc66a02421,655867722.1339211
f25b2ce0d988bf5490fd780a,415302951.19507885
8700c9b62ff5a5c3394b0bd8,676546926.1265596
a53b105919c7b46c0cc1b003,633420268.9764818
1c835128915211131bc561ab,551930538.8006679
a0c6e0c6fe41e32b3bcb2b26,843818155.9506835
4eff2f2297ce85a0a3964d2c,739928979.0418682
57062f248424c47282d3da30,637713675.5962651
99e860bbf3033ee4654d393b,676227778.4387618
db8912c5c5e5e49431b2c85c,730389976.9865395
3151daf55106dd159f27a8b6,524534970.2455698
3e8a4318d93b1fed4c48f48d,845570050.7910347
4c8ca73cb51a58933de61f0b,577740075.8162196
925754da6fea9c9cdc06e18e,617055704.4443591
05119815bd72ced29391ba87,627236810.2773105
aae7cca10bd7f041c8e02d23,703449406.9145424
4890edc33a555cbbac71795c,578072307.4543188
902fbbf9f5037be8759775a7,819397137.4168983
d013a0e910b1fe2e3913af7a,456841722.4316557
9c38b9798313a3091d13b340,920100818.606003
f04d3ee8b175c8f2f30f4f39,1185095245.5008748
f0f883c45e8470e74280e8ca,859384310.8536764
af820361d5f20198bacf839c,604566055.5133152
01636da0aa2bc223af023a13,617314761.2934241
cdef6e87c007bcd9b4efa9fa,988320862.2747428
1d45332e2f04df18cdac590c,557625536.3023009
db3dae76fed5fdbed29862fe,640075797.9051292
f36a379e0149d4800e793001,614941462.7872015
30d2ac3ecb8150e4d4339d1a,835849893.6998
7f78955c480d050f2c8ae3c9,662492447.149482
cb1dcee1f4ede0877be1ad15,816444375.1899797
a32d2c51f2bd5f23bb519d12,908843958.2938163
bcac2a4cacf13a91805557c1,396201154.5022785
a21afcc258e50a538dfd43ed,489792468.06548697
7202b83b651382e2630359c3,588372228.8241065
77d6855eb6a30d268e49eb1a,585019089.3871078
204ddf6ba4822d55ba80f713,382846736.055226
e0587d29cb717f725e991ef3,789691077.173434
c606665f3a3f70ef61fa5cf0,828188501.1361283
44412a9e16b2824c4a520a72,534828319.8705573
313abf19d78b719cce4b3188,825677634.5688568
99ad7b36c3c916393e951507,700171141.8299862
c34c2aabac06323fa180b24b,558423331.0535561
37f39916813a58b844e17833,823861411.3484174
6ab7f97fb9880e48fab16a1a,497152817.6074914
0e6c74a0056ee94b10bfa86a,731384137.6500154
7fdbc3fed9c9607e6d01e958,520112168.49124265
01018b9796a105be650ec802,839142684.7163144
16ede6f8833a93677d05a131,486280699.32002157
0a53b0b7c365879a6d2cce39,865358089.5128833
a293de027279019418c070b5,456848003.5785729
973ab56a202e039f5ef37353,544156517.6302072
3e18c851788fa8724ca8b7cb,478571484.24191535
0a4b0a004c894654663bdcdb,773782359.9909847
55d4b530b881abfce2d03e56,822759957.576007
405bc08707001684d19f6edd,729936270.6217041
dffa1057472b06bfc0fa7a66,965692295.0641515
d061615fcc6355d79665f9a6,586344244.6465337
6cd96d73fc58b1502bc6ead8,727641895.5024397
db78a3ce9c6f6a7f4ecc6853,558627422.2414141
1498ce1c1bbe2e89b84a4a45,714678578.4833496
3035d7ea4b71d204b588dccf,614917317.3897835
2b8e9560dd58d880dbe77c61,804847130.2140377
e8948741a987cbb3759b7a44,828644707.8626182
20718780218eac9668776956,570336379.8379908
c0a9e3f5c57cfbb4aa9b2357,836478116.0492128
5e9e9339fe1c3a06470cf7c6,579036397.5926708
f852e0f3fb8563ea6918164f,1068961670.5850699
e38b4072ff8b856487864f31,928542693.5075625
8cfa1121fc87d9483ec63611,753176671.6190861
1a805101f78cbb783e6f919d,582715349.7784882
98502628de3c4fd3905000a7,617083567.6807551
ff7ebaf86962fd0ab6ff41f3,642778550.2858697
69442123283ab024a911506e,966151916.965774
ce6e91b53465250effacca98,998831171.9539772
5d42f42059617a5ca7ff3a32,699682366.7625481
01edceb6c5afc2af1e129e86,420675649.30316514
fdad0c86eb89fe93633c8571,492804844.6054332
831725656d9df81b63c0ae38,688863480.2319376
d1f8eacef9bb4d300d086837,1060445333.2216419
3b6d88f864f6c1759f957c73,1193968027.5101967
5a38f908d8d75c5810280e12,481331195.9551827
c7c835349181bd3f0d964eca,1414318044.889592
edd4d560363f7575aee42d39,909914714.0617566
8f3924eb214f5194d21499b2,740674388.9849182
466c542d7825d36d18a86486,615535791.9834214
0b71d334a6db66cf6f1a8eb1,714917804.9231346
7a91cfb02df63e4396b15aeb,526105300.0884936
6140125d2a94efe499a6941d,483286209.3798033
080df3efe1fe81f97e74c4c9,384363523.5215919
e148c2b109eecef0175b3c5d,571429416.1040484
40aaf6665b489033ba0e55b5,917115863.7352247
05498e49d0b875ae6aaddd83,569413101.6509783
397d0f6319465fd7fea6f710,991338820.4040157
7e6d8c4742b38854d819696b,1042945891.4075197
9a8d13d56d677379ebf9a347,893680201.8706225
06bbc353bf62fda3b3786fd0,603038263.1746153
09fd7896d5445f422892b196,535786844.9512642
57c63e412f3fceedd3a7e698,682377448.7558289
32cb6246cd94f962f780a1fa,409789039.11890477
b0f9bfd521802b0d2586300b,658844664.0552546
2a99204f0a53c4a4d0a2393f,624202839.4847404
7651626df0e2e3119b801466,648189659.1680936
59e48259a076518d929f5db8,562336952.4740566
e7b721ed96269bb195906bae,309775191.6191474
61c3c304eb8a06b5a483efd9,760772755.5975677
3c26b2954be250bfe239db68,391081646.1213405
0df87025a6351b435958ce95,838023865.6540763
df82719238ea0e102c282c09,656375955.7461948
57c74f7b9bc5e33cc823439f,827107415.9232007
4195a9d13c0a526d7cc959f8,544604307.8506775
0d00fdc440d7612434a6b91f,570848801.7136742
0c91369119a06c40623afbb4,499640201.400568
5a6b30b4d33e068d421bc2a1,790428656.004974
f4beded3c5ed9fd6cd5177c0,729477140.17635
95e561c7292d64305a2cf4f9,883205929.8618637
67138978493b84ff42daad45,481895968.5003731
7da10de45c866c7d066d2586,639760881.4241631
3c3cc027fb179e91a46f11f4,481580829.26527745
df3ada98307fc85428022d00,481842979.4597162
e029c89d59f2caf4af4bd908,655851359.4221513
105d05ab3d5334b976e448e5,679522298.2344526
253fe7aef58ea97fefef922a,516396588.6696809
43e11f10650837933261fa7e,574334695.0141199
b111b17ae1fc17e3491b7a5b,607008013.9092239
63e1ff737ea11ec607ecee08,867728362.0500358
ae703276c49b6a6a9c39770f,952385409.0275954
799bc0f95ef9a23fc16bb1d4,1164586437.238644
bb9fe73a8742dec9b2e79135,1136272761.502449
a9b3d963a14c2c7435f30fbf,964884950.2007978
7a48bc2c3f4aad08dc7fd5a8,555333063.4575545
7621f476bc8040270958de6e,769178282.8607695
c49644baf8dc51d3f76d7e7c,714452761.2266012
8c107da7487ed0cd409f4daa,921624819.6120353
1bc8874a13914055c2759a35,598292394.1034868
fcfd6f08490be39064aae41c,542285198.7825079
23178c72b063ecbaaa04b37a,509590468.68779963
10bf1c2d1124f6d8f8b9497b,796173159.3011214
c29b30cc5db2ffc273e4cb14,711060046.211991
f7d11c2601959921f536f804,644179799.3736746
acbb07a2c7a0e39c0102b3a1,789875322.7997969
844e127aa7802cdf75db074c,521786703.6141871
e2d88f49873bbcc5476f4ff5,528484861.34463984
42aa1e6f6b8220a63fe165b2,838034761.7039624
ab1c43d6fc4f08e315e322d7,625544155.2144139
9299c976b1afe4d2c0bf351e,644633114.8010628
cd62ad28163c8df131a8f2fb,784023901.6606542
e5e06913ec3c851340d7c91a,573402016.4326437
d9b46a34e48e04b5a3e026cc,696459981.9870019
782a6028457ec55d4fd5189e,700171141.8299862
11a905e4e01e7d15d35cbb82,530331119.2955693
3b3e423e248b23090a2897ee,477025525.56565636
5915093d458d4b6589e86f59,517810326.8996725
3d162a854aa05447e2cae0c0,675396825.56276
662a3e343a7e207ecc09d6b7,558627422.2414141
289db1292d4ee40a1ed6e518,740674388.9849182
d43d2bda7b6e4d5177c0d032,653808563.5772268
b57ebf09cc691bcf009ef115,939011852.0130125
21f5bac85d5eec57acf501ef,754758784.564896
2fa288389b3031d595973793,744118675.2385639
c900d19cade1443983274ac4,1078014034.195013
67bd5b20df7f2a9cf4e04358,565113162.325682
e111bda6d24089dac82907ad,512367724.19437855
7910ac9782a1a315f68799c4,838645431.1451212
ee786b818284cb382c755e9d,671147466.3336343
f9b0a27bd3619ae88ffe5455,606018138.4577525
ad1c32cf75ffbcfc842e3959,361622130.22700256
5648633b1f92de1ddaa7e7ab,533475013.89325166
1ba481abe0d3890c42884d97,565113162.325682
ce60e2ce2a420052e67564d2,921624819.6120353
87e1b1170c163689d60bcd09,636241514.0482825
bb4c7900162be66534d17541,872877137.0611272
68340674853f0ea101e32b46,500130882.87327397
d10f89691119d4a4a2c1e650,1367082938.164648
d414907e75a1c105ad2b74d1,431399787.9474428
c9b6d3bce20b7f528fff8123,520700802.8811642
be1695a7b8d3dc68c9887abc,803304029.1425519
debd60afab03fd1552719270,903083548.9600765
de060e07dfb0a5494c5550a3,395464209.4668421
3d6815fb68ce959cb95e225e,703105215.2601436
d93f6d8fe212ee3c0f7cca95,690476971.590579
1ac702e7c265717b34419fe7,786430061.4149381
a157596804522e03efabce48,803872243.4557592
069c529aaef7d7e0774c4a66,786155219.5719806
0669fb98aed75d79f8decb7f,757454843.4182355
7057326ac489bcc17d580883,671426281.512515
e3d6fe5d97bf4fe851aee9d3,832210570.1094809
f80b20e0649dcf1c16003255,556746729.2231914
364256d0881131148655e006,626966082.0558555
0f9c26956bfe983c8c7fc227,1135402498.6799917
9756b47e9dd47f99dbb23115,549085211.0179346
27d413eab7b562b984c5a682,620943165.1756123
ad17072ff24e0fc0e61963b4,617441007.2073953
473a59415b6214218a15e363,648803266.8412926
ef72df5586ad0cbe59e36e07,631230358.7486655
9129b78a741bf5e24df5379d,587440209.7625489
964734d3430de94d22c927cc,488151780.16554654
530b25326f39c347a35a8caa,483377370.2647265
482f57e65a3f4c6792775a05,590670984.8458077
738e86beb569a7bf51fbe199,357873365.69124883
c5788cd5507c577b7b585ffa,438061818.7053525
be164f9025f346390b986668,711813005.0782363
ea2efa1a857332559120b823,627172864.9360496
f3dd24a17ea51b7a2b0f037e,688748329.291073
7aa8d04246d3e84e5ac470bc,944584700.7297795
6361330195fa7cdc6d5c603b,700358606.2205222
6820ee22d6fafc9c030cb286,1131021164.119992
472601b5b5719855ae3528af,899702735.9839505
3ce2c7f1ee7569e1b916cddc,695854407.7860469
afb03f7cea99023ecea7610a,511878496.3968036
404364fe956884368e2f8300,696002775.9053118
c658639b590415bc6ea44119,616020129.0886238
42f1a529f5ff3a6371dccea5,582282230.2340934
e2e4641b20d81a90033a536a,602550848.8094304
253b34c2c5ce15cbd8b5826d,744256299.6018398
86ff8f274b698e7757ced1af,611223669.9175375
c4aef1d92cf264c548ef1f2f,406689764.5903118
e8603da6012c2116a70176b7,930574033.8520231
52b52aced4853a3e3d7fa058,528540947.9120731
7d9a9c3b4442efdb53c24448,700498264.483842
a7bacd6f783756c9e7cdc068,446039916.85950714
68a00651ead62911f850cacd,471707419.4997262
1e7e26077db3bca2821a9b45,540919184.7613368
8aa21f48a83be25f924f85c7,646167000.7534785
48107a1dd2a3b027637f250a,666322095.229473
6bbb24fd1b9df3df4e939fc3,622411286.3180016
aa45f8fda8801c3b4923f4b6,738846981.4625995
ce164af02f76ab3a68b0f980,819245270.6758341
c32249c7c0819b1a29fd611b,662999060.3302438
f8d4ec209ad5fa5ba4a68e56,707501734.4573036
cc03087e0f18d59c521b6ce2,706266806.5938125
fa631a714774fc22ca15ec10,659993816.2031356
c310efec13e312442f7e1a01,810564512.2064117
534466a857d28dcc598e3a49,1009030903.6396112
4a81bdc14b5bcc4c84f5ce4b,477607870.3735639
79ac12d8436c07b620190b9c,629893485.6551148
f69962045e9aea6b8200888c,544462538.134671
9752758072e096fce6f7f4cf,511309121.6900846
56fc1855dc6375dee0506133,678501949.9342077
2fc19f73fb877ed8b88a5250,351001793.2852336
63a25d279fc5a9e8fc1dfae3,399215355.1569992
71978c139faf2a251db6ff5e,276293958.8399073
f4dc67569fd340be3dc592d5,505353359.29613936
0b829c23806ff01a0c84e9a9,756091412.3250445
a23ff4d1b2e24f537a75242e,856740714.7596207
3a103803cf9cf0451582d89f,473713814.6460634
eff8b3fe996b6d7db10b0263,772634804.4488956
9d53330b44c300e396cdb402,741226605.6165035
301b5da33d32c0632b16e8a8,936645794.7615937
357e653c4bea02df1b08c62a,802400388.4833989
9af17837ac2bbe7c8ba16e0f,600353714.4161001
246576e24f66d495fe0d509b,957281395.5361792
cb70f4993947b640317a07b9,690176993.1645589
949292b23ece12b655122038,440292538.8730559
4bdff22689954e5b1e575d30,708458988.9008338
7c69d43fe2488db51e6c8da3,478034481.7391346
6f543782174a964402b64de4,621762861.7236964
a59e7f0e0596ea6633781335,747705518.8555368
767ae7de1818d645a33749e2,861220450.5049416
e667133c29f90c8fbf30ede7,478636521.5836809
3fcacd1cf9770a2724a5fb01,644746076.2277548
601193433c99337fe806b158,774889271.2309482
42c282041583e6e2090b50f2,733522308.1381451
3bc80c56871193dd782696d3,478283041.4764739
bee9de3e2817bdd591c02897,806191716.842729
0f761aab549e7f6bc025ab0f,883205929.8618637
3b9971f91bbe4b8dcc704ba0,700775637.9848373
8f428b58a5189effe993ca4b,385265309.5886509
0af466463f2cf50d61315da4,583301873.7649171
1a486877c62f2aced41a2ca0,884633048.9875251
c9fdc3f80534b32f1a75f530,713947988.0211458
97419310c7e696dc8ca61f7e,721240255.4013833
49d9cb2bcc98d69222b03165,812383591.7921879
99fa9611d644cf325e20e603,1110489882.1539366
976d317efade1dd77ef3687c,546794711.0594356
b9bd63208716e4e0f2dedceb,671938887.4804786
834263730047f308d71d4d8c,630038087.7626073
d6bf8bfc752bf4580e99794f,701613798.9290411
58bc2b0acdb0702732894fa9,457085321.5228276
c3b8b774037044a2524913a6,642874328.7750272
eb339d562b72b3bf51073cc1,587841652.9111568
c8244d916b0110b1acbd38ac,625044368.5977945
65bb6acd9be0f8d95fbc722f,629358460.1525186
5644b84ee2edcf7267b2189c,666001897.9902216
22eb737351bd0958d3e60efe,724828259.0003682
0e2a5d040f6361adb9927388,645711529.8094857
be9f5ade682aa1fced79b068,709779632.6799035
8445e5cf42307960535a3b11,786994408.8664647
1b002164d34a71bd06e0445b,737940155.895682
c80f897787541816ad63bc17,748751880.8645339
673c72783eb4f9a02c511b83,935815378.4094187
3b29177e99201cf4eaae612a,809327576.3668739
91c5967cc1acb3f108d6e0f1,474417695.21893996
334b5b9fc68a18387ae59ebf,369403646.1195943
c9d096d4353b8eb843e793d1,674050194.6242616
92cade7b5347d1c00a48a1fc,1006099282.0276431
1d4bbb5b756033b4be28643a,779055418.4093382
e1eb183eb261b6de96e20a56,720883540.4699417
7ea8da3b1481993b14bed9d4,546116208.41298
78bb43910ad6ed105610d9dd,696417044.9414909
32c1f617f2b1f537ef703712,816181088.0769426
a7e6d3c76bb5507e00ccb501,535013779.90820134
6c75d7867807d942c975079f,830956411.0149701
e9182661e36239f091259232,414258321.7139813
c926ee21c2bd9da7da193514,450668726.30476326
27bcae7ffb9f79b8f59fe1c3,487408191.7956104
6cda1a7622d5577c0056ba40,694924325.5283196
67c945ee31cf1fa0a874e4a6,537867079.9068414
5a8638c17d14ec4f6d447b8c,809186767.769841
82bef17c2a4db1f6dc6eaf01,715065831.2957035
09dcdf0b8b37c1d537b9fcf8,647291354.3439262
2cc9f2411f98d0fd41511211,646060679.8145819
aa1eaa63043c5c29ab6a1323,821537714.4012064
35b03ab66c19ba2049ddb9a4,708794116.7084975
90470cdcdd2b813b39f28ab3,620501718.6961621
ba187eee3858263fa664812a,400771601.68697643
c06a1d212fed896b6ee4e1c5,573025588.1573851
8a8c8f5aa68c4e530d62776d,544498122.4652833
662a221bbbd961c285069c49,691394360.7269272
ee796b35e39c7beb6aee2b49,826965988.7112817
53de17a986d62a44d7897200,508183075.11076707
68925fb9f8f0c84fa0ffa9fb,760506563.438984
6a6d4f8251ff961609019ddf,455478281.4130989
3477646f548971044f8f0494,382353149.6724351
c82434222f4129168fa82e5b,649016615.7899588
4c00508300f40d74c79f2596,513606974.1534098
27bebaf73dff207d7f6829e2,854918260.3215805
d0ba7b90f6ba3392a165b46a,977297377.3766729
61974f593c799e5d5090c067,306942229.87997246
c08b016afc6a07105d7703a2,561447782.274695
011c2017b63235bf0ed3f241,599989781.4719259
7f73a8e83d41ea252ad61197,617965054.9169537
0c25a552c34e114a1780739a,437147528.493211
21e96ca8dbe2f12b55723335,519146558.7856201
30f6404e8034dbd513aa8a30,431567550.42542815
f2fce80439462bb9231d7fba,500012522.1236107
40d5384e2e8f8fef2032928a,571845225.5205173
95f17e64d2222c904a7d42cc,640074453.6757864
59374f70d5e7da97e3b8b35f,920611847.8885455
ba30cf03fbfb0e36e5d415bf,911200922.6621189
c2424b4861f2ef50f8876c0c,738875402.8080419
e7def7d0999433ad6d3ea412,988320862.2747428
7f1a4e79fa92196101baa7eb,943387593.3119899
37e0fe114a3c7406daa57443,672459776.2679965
897c0578bdc8d59843bcbe38,473405790.6633519
7e554b821e6955ab259a25f3,689122770.4352851
23b0d67dc2a0ae6e5ebc9eee,655745625.0458366
d43f045d046fbc8f5ecf465e,704098820.6554841
498d632cf0868a8e641cecb2,399215355.1569992
6b9bba3c6afa1f999a9429bd,520113935.0610225
12db154d9d29cafa574ad387,459636542.54053706
61779f1bec05260cf10a0d2b,704098820.6554841
986defbe9082519824ebc882,802127139.9200222
f72992cff50931d2e19b3ccd,682915629.8615488
0e2d6e5882fd3b4eeb9ef286,577882653.3240925
9702737c9e4ecb12d0f9ea5c,756091412.3250445
c36cf907ee28017eb1b40674,520841610.22039413
a7ad9c8b5bae531abf68f8d0,682915629.8615488
6f3dd53b0935c9593a301bdc,547439844.3529882
11f8f836e5626605ee4b41c6,943674159.1409801
16fe92ffdb7e1aeefcde80f4,614061825.031053
c1eace64bd2c9f6bea289c4b,727640603.9106578
fc2ac43013ba8ab17da28041,834957855.2525735
5e6b54654c98c2517c2e31d7,878545899.0532407
f0e8b39d2e4644dade9d8954,860203693.0243628
22796587bee45b8f64ee6e44,669009952.5065573
dc8c76f5b3977f90839918b0,634826791.584407
27663c0e271e26dfdbf4d289,633566768.1058625
2fc96ec5fb2c8dec0a5b09ab,878545899.0532407
49d42ab711abd95fb5947c0d,936645794.7615937
b8984fe54819f5fcc43860fd,437710996.33921367
8d3f4ec0c37443eb3f953584,927551906.3621742
001dbdd202e9908ee42713a8,768983426.0386062
fc5f41aad1b4bdcbd8298037,656348818.9179674
34926bd7f9880e277e75a447,689086117.6883509
00eb120ba4410ed8efa24a8e,827828119.3754455
eb0c6a8231b38b2a1e1f789a,650862148.9869299
0f059b39ca45bbbcb996fa45,786379171.1812783
06a5364639452a9d663a2dbc,673204677.5986848
cd19dcd4aff76caaa1cffe54,388454034.049866
7272c3521b7083038ff0a690,692625986.5424385
a480b654e1b8b7134091e613,1056543685.9491353
ba24834c9fb0e87c4ea7d1a0,777172642.4846036
ac46e3eb688cb1cb17da2545,970725549.6114948
3053732169b2260529f90133,648601613.0823692
ab0c047373b5d1810fe42bd9,578246370.0831208
698383c101fb784f8e1b1ee6,514308544.1582886
1b09c89b546d0058cb09c1a9,785587554.4380679
64edef308b6a9805f0846cbc,925210368.187853
995a5799d9a1a7e4dfe4fe34,1000802772.8567258
d4f1fcd4c20dec55e977720a,967601999.935278
21264b5a73fd27b85a4e2654,425069349.97003305
d464858ed94a1a74948f479a,785056414.4353217
dc420bf2dd1759b7f281cfa6,1134829509.1869707
0a268e25a5f3a0bfd8898a40,344697605.20059615
a3460f00d48816ef66e3acc3,649127579.3851976
9559637fc2bdf96defd2438d,879443889.808221
421db6a58670e53f563eb9ad,642016085.6530844
7b6322fd5810990820167a23,531045821.8144602
17fbebdfe6bc0618ecdd247c,840180068.2787759
00f2621035b1969d53f03fca,1025046366.2195057
e97c998a6a0709605432ccb1,571214909.8991697
39e306be57a992bcc75e089a,405709077.29681134
55d0225b44a81e82eea3efcf,870646647.4981128
c7c5ee499c712082931032a4,1070468812.0123707
f15f48d4cf4f85a3cd68dfa3,800693275.2474804
01db5867a69f8ea7849d69e8,829453206.7519006
7c29fc3861c9f074e3a89449,661912972.9829555
5ae2fec22f535ec2490174c5,270018372.1094899
a6731fb85da65ce14468341e,498564526.26359123
4e327acca2e033c3fb305c5d,618652915.884195
37b8e8a194e4f2fed7ddcd96,577230658.0928682
a8dc954142c54e570bccdca5,650324600.5258671
b427d767b071c3e5ac2a078c,412573693.5141425
a9407f510e67bdb27ad59b46,767204473.9792191
ba7120c89c8de0e57e30646d,567354048.107529
4f5bc448658287ffb3d49b75,770298070.7140566
758d9f47824eb74d1b486024,946307461.3663208
84fb7e582456d7409f27cd2a,1008694152.3591418
0a6ade3bea1768aab76680ed,990162258.541925
f6e74a4b1e026352e5759b2e,672782504.0172673
639b98d0798b5670e7bb2569,898350549.7463382
32ecec7d5c47d02969368779,533098200.7329942
cac82fdc4d960947bbc590c8,568648113.0827836
c2b880a6bc90cdef9dac52ca,788092460.2438215
dd8eff6162c32ecbc6972509,642117600.3620293
6e2f79cf68ac0ba2b1a6b0c4,999672616.1735152
a904fab9fa4f41a11f673fd9,778990083.2049582
bf11c5dfcb321e020601e9ba,868553511.743035
488cdcddd0938ad0205ab8f0,1310153717.6790862
b92929668e884453d3a0d633,627267559.3394234
09eeb116cb0944a28742d282,785365961.1288707
c16e9d9444f85bdfade710a0,740484945.6970637
c15cecbbe717e72f09a84271,620162454.1536083
0bbd23df46a4ea4e4734b680,797705371.2704929
de28e62bd01870dfceb5d78b,513829999.7876194
92c4faf0ba1fbac44db6d1c8,617043461.8948562
91892eac5e9565b12b2a99f7,510332656.4233002
ba72421716765ef6aad9b4cd,845343132.989367
a99df3a2cd4f2346c6e903dc,351908119.74725646
59a3b1a44c35ed4936cf7843,670611453.061856
cd74b689350ef612ddf1b96a,608523229.9073073
5664cfe452394ff9376bcc8b,536584697.13289934
d4c6dda51fa949743a46e835,474529157.13618135
b7f47484bbd8113c62cc8c1f,482703093.93354475
d4dfddb6564c9f46b26e7aab,446661727.60784006
aab240140aa4b6602234d88e,427111519.77473515
29671ce02e285f69afeb3fc2,847291878.9684347
5cd742ea274b4a8832114080,668915710.8829445
c876ed979c9127674000b740,607848147.7884557
45269f56121b796d0392e2da,1239958517.0488966
e981d4fb3a33f372ac26901d,1094256665.0856702
2f13a428281ffc425f2c2e38,562399770.7298508
407e4196114b64578beac143,573298079.7642375
342027b17940a0cc5cdbf8d9,967528089.8676605
dad2bbb0fe138e426000a33e,659602168.7449316
e77da26aa7ecdab5505fab60,693117181.0122892
8fddeb4ca696706f6cbe573b,593099587.6302075
fe368a7d2e09fe88b1b972e4,527821615.87237257
6fcea2c6b9e39576e10581ea,830056832.9323894
91d35b9421c4982b54dd520a,578899198.6111579
eecc82010ce9803ebea6dc75,731808273.0516796
b957548768ef014088a61b5a,562523127.3409458
5790e4cf8102dba35e184ca1,455721625.01482964
cbab68c32d78424452249d9d,824926604.4808502
4e0b293ec3d5eda7d9fcf8b6,942592265.0123978
1f8742e662666147955c9872,655157629.7071644
aad38b9f22ccf36b0fba4e7c,564416838.5958263
44e9224b9735235fc7271672,481645705.39388484
b61e9e4f3a2e894932b58ed6,526398650.3155035
2b36d2ed79caaccd687f2ab0,344595317.1814796
7bdd64032a4f011bd4fe7df6,630453714.4313331
0890a0d20f33b9af2bfe488b,438426979.67050225
ea7c9e327eab66ca286f6726,717618945.4446099
98510008e150296ca9d27d0f,706249003.7423942
41abd8a2cbca609cf868f227,667210564.4243383
83196bef0e5dc6c981bc57a9,832958577.5156585
20289e986c1959f0c83a6a4b,645482708.3100178
fb39ca089d05381b3a7ba847,457190739.785388
d2da963bf6c2f6fe724be23c,827053371.1437131
670f7dfbe2eba87e55176257,705409408.649179
469b33a6f153ec334b6123d7,445338886.7786361
c38ce4f3763795c61efee6f3,575163477.4120799
8553a05c2b30be81c64a6295,920482362.9844064
d8b3a1d0cffc913ebd05b931,941552113.949713
f0fb8232343d235741a20586,825970519.6721756
887d749eeaaae288b2818b86,693011855.0249377
126f4d890004b8035a7de091,852455371.1842608
7d157359b413e107f5f9cfd6,607936708.1304197
65010e340fa495d060e32f7d,521015260.4213575
8164023f628f550f322aad61,524274357.53501093
8c2423c14aefa13d255fa77b,573648458.9818323
e9772a54bc6638c723dcebdc,585345766.3894986
171149ef76fe0a2074c5bf69,770851013.1495479
96448fa0eb077563a2d168ca,367239361.1802574
3bf1bea2a835d7fd11e47ce8,508263118.4325851
2f4b0b1b81c792f43f4ccd5c,508263118.4325851
086540702ba0876c0c05c5d5,774125692.4021379
57d17db2cc5ce1aa889f1f50,855944857.846471
3b6cedd9966332f0722208cf,416163788.363478
351a3e1b62cd51d46913a8eb,1001907260.1339977
33b702ced6de5f7ab8b29e7a,516500756.30897737
e0e6852c6d6393d6d3719131,886265573.3447067
bf5e687721e030639ec81416,615788937.7058042
314479aa7b73ef6ef44e1c89,603822388.7335775
822896f609e7761b58e7f6e7,530331119.2955693
5b6f21752f3744ec6e529d74,700950028.1099391
5d91dd63b6aef851e0c78389,627251804.0439756
0a369278a1ef6f5e9d79e2e3,693126414.9566481
7523e95fc2afaf31bcf30979,796111491.0967141
cb9de5719b978a78c71db699,743810099.0201089
af8c90983a23ee15c72b8e22,1105092375.96771
e35d8f589e6b1909f5e4132b,737785671.6571175
ecaa5e38ff6cddc14942eb7a,892553758.40192
d2eeec3fb1ee4d686758534e,894094334.8094132
e97d03ef9638c8e1d270ed2a,480844931.9723165
cbd78f55af1db4d89b53b496,507337387.1271095
1b2fa2ee5927660313569617,879490377.9398786
f7f00e13da4910d724aba4f6,453557722.1015172
9a6b77dc2c414f0baa11effc,589841753.4473919
bd4d0b8799fa5999c5d2ee3c,1051564579.7696733
bd6b68abb113370c35786557,1029567280.8498659
4da8ef54252a92d9cc62c174,799319638.0068175
38d6c2a9beac610279bc110f,459826824.663929
32e6518755191bef743b28f6,898326757.5098201
4fd8d01a5c3abb90ad70cbe6,684825678.1753755
5d9f8f380a6434096a0cd906,511323217.5312102
724c854b1a991f060701d005,430422354.5611642
1bd78ecec17b584e827dd0f9,408822748.8399727
7e6f68184d84e09cc9ebc09f,691631337.4192029
c0174ef555bfdd648acf4346,543741441.540488
6463505a740324c7aa869d79,692775950.5962316
f239b7fe0de40d208c01c45d,666216788.3899937
bd98add659faedc1820f96a0,483377370.2647265
ad662354d28a9b2d65f537f7,818461782.046792
8e8852450fd5556f748c98cf,805769587.7854214
8fd5b95f5808b4676043de35,634918651.209246
73a23c9d154fec88d396d2a8,966868564.5146946
374ca1a16b8eba42b35374ac,607630040.0903628
ff058f978e97c389e7a31f6b,610946295.5703418
9d7f2c004fd359136a662c9c,651164195.0556715
2cc0129b386acf9cdfa4eeb3,578156589.3302972
c139bf6b72a93a73155e1f5b,411334315.7210209
0c017cf9740cb67d530267d0,545830123.9314014
44ff213b9cfb3604b7e4b66f,491061241.958659
a09c957598e6cde56cdba03c,588230454.5633223
c846d5698bb295697186555d,707910864.5266296
a84cafc064a35cc0ad698009,446828576.05248487
ecda0d714f52da919223a520,783969804.7254531
b9398d6bec5cc44fa39b8bdc,593248643.6164752
79d230806fbfe96368b83dbf,1127076992.0341523
a28b1d82d3f7dbf8746d5742,692708953.8849438
a6555836840c7dd496ba9094,611956391.2102435
83ce7c2d2823f888f2e06ea8,914219932.3555512
631f4c509de8dd64f1c400db,906848427.2194349
2afd31619c21dc537e4797ca,882239537.56896
0be57099d9c3ad8a16984861,761183620.8563156
ff29f12bbd7ac4b860909966,900388669.2604015
d955edf16ddb9d3f59501a9f,852516226.7033734
96298da2f44ca873f345867b,559112002.8463082
e6396355c1249c6290906b78,763682234.4326873
39f9f736d802b166ed688224,1049690331.4354314
38a0fcb41f0dbe8b0ef7af8f,735638635.4685074
79b955adf84fb2c52381921a,624227758.671391
e335b8464a61ea0781f7928d,962940879.512091
71a929d79a6cccbce6ac5d79,777543491.3271374
41454361857cf70c44e1f5ac,554872492.5792164
a16ca6293e2ee2969f3334c5,886910755.2892289
4083248d3d2f2bbf9589b971,690066789.9022945
de630da5e1c9e27bfd94efcb,926071431.9229572
f2a4f5010f3da37e27505ece,507782567.82286996
53647abd1d1b10c9226eac73,525042401.2978395
e51873d6421addab3b539dd4,583356577.8073217
be8fbefb8e06fe169237d4bd,691867496.5054464
257c889187ad5de900a430c9,626121263.1643617
3198c4acc62c1a2276bf15de,675831055.3990214
b22350d505b87dffaae3a5e2,917806065.0167155
49ad389014995f0187edf726,674283965.3571062
025d96090a8e5bd6f786e9b6,686302952.0585306
4a7156189e1f06b0fe87a7fc,584999430.8383889
e91425bd357561183b935d27,585617505.5048494
c9d996f458794961d9957c1d,586476158.6894416
084de965e32a2a65bd3aff5f,586476158.6894416
880bd21afee7038459b5847e,811721327.412058
2dba091723891d8907905a74,766733095.7008147
a39f9fd2f143b8ce1f7e1277,589191986.4523268
37050aba3553f3869d59f809,620349853.6756588
35a39cf33d16f8f5ff75fd6c,684313535.3824258
7c463a59e7d2f2b4bbd07e12,590039488.3388969
035d955df5a765531d1d0d07,772019639.5736843
be706475abdfd64aabfe45fb,585283438.2824513
bf41b26c090dbf0a19252e43,638686963.2131734
21aa860fd839233ed8b82653,514387774.9870647
b870c8bd8f95426a7e1f9c88,584687517.8111262
c5a5676bdb1698f8c38cdcd5,599031677.3928074
3487768de3a13b7ee3df0254,716841194.0423479
dda7a886135a1fd8106d04b8,895658530.4795986
ee102e9d0791ee82ee4da2e8,621451687.35272
1d4891dc27e0050efcc6c403,628689820.751449
dc1fa8fcd0ffb8872d434dbf,613739304.2064426
2a5f727304ad67d1cd269361,672529727.0924301
2b10af4fcbef695b327b7d0b,772586564.25187
516881e914708f6ea6062ad1,687596914.1891958
5a428139d5ce6bbd9505945c,848581830.7265929
38dbf1b9c5963e9c3d008340,864161052.365142
02c6e8c7f36a2c68851600c6,691177266.785259
d2684e676cae87d75dea5ea0,641544238.208472
027947dd01dc991ffefc5082,529681045.535449
0af13e27cfe9b8f237a9949c,510465290.4440067
32421841f7eeda76160d7959,555680201.4150677
96ad0e75433cc18f20ed83f5,649310577.4186145
b387b5eebf501a620f352504,870615583.0903926
8ed95f9bf057114664ea441c,634990903.0792223
114318a8e5822ece53ad897c,509742712.9752357
3bdd7be0b5e18d266189d991,652159141.0864726
0d2c4bbd8a4dbeb6337b5c14,471118673.09153867
a98637742a212e332cb5d1f0,489698605.4967651
acbec9114912932b9cbaf0a3,671295433.9878373
fd81506b0a00fab1ff680b64,540919184.7613368
49e531941384af389b0aff59,444305993.7048844
8f221efe392ba42b519e5f57,706266806.5938125
1f33395df1e4f6a185c507cb,489163137.770778
fa823373d2e7fc9443ebb6ff,687870789.7119591
0a6966f19bc2c303886ca82c,666322095.229473
15d9a0353ad54798ef95e0d3,930852787.933726
0d95d756b838d3a319277424,465355964.44492066
d644b23e4bce0e6e50ab9356,860642557.9225404
6dbc77ad8c5c1e39f72cd2f6,860247221.9568154
2fb5206d246ee7ab22fb8143,738846981.4625995
f1582fc47e7b8c0eb0cc9949,657834167.0944244
8d7dd9de4e919fec5916862e,822989332.6668624
0b67da6d74bb3998c80893f4,584353863.0732161
736d25efc9e570379d32c089,727308668.2629328
4615a8a7af9d7cefc7fe4c4a,913829234.5570053
8b753628bd37b9759dad06ea,498004593.89470243
5c7c83526b72ced12a08e573,712146550.7920535
9baa578a930a94f761119fdb,509596041.1228773
8fe1a07cbe9b8f3498cf74b0,452905739.38615006
67a7cfe6e95aa5200c064717,642566133.1627884
b7e3b0c90c0d3bfe5befec54,559356000.6416019
e6a547b2c0d126c9b6800515,739773692.4358451
b08f88ef973c9d1c3a86695d,706856237.689841
5933c18b8cb17cc6e4ae91cf,853950957.493145
64a24372d58a2cf535c3aac0,747815584.4548143
e6f9288cdadc5851d29fabff,946812859.6545222
71ba2f992908a5f91f832406,644451219.0199775
3af4b54bb5ee5fcff80f1e53,384734879.2463508
40d3f1f00de86e74e0304bd1,569028680.4203368
3b758c26283c2f11251bfb89,986463868.7196398
70cb6337c8c3f5225fa80026,906659073.4292163
0dd510aaba8036e8fd9d667a,836816333.4203514
ef6ac2a5102d7be910a3e4c8,427377865.77132946
24c32572ca6161a603a7d0d0,471222112.29205185
c7be09a810b9e54d2dfba4b2,603451896.65558
01a5a230e8a808d844e64397,1010194866.496716
5ade8e9c79288d511ce1fd79,647821770.6441952
7cf50019422bc9569a985736,843059962.5311797
d4716e228067a7bb0f30aa30,656266974.6786224
cb79e02041eddcfa9225346a,708316082.6275036
b059afb753452ba358fb432e,1139654849.4257357
fd9f78fb2d2f4d01e462bcea,782745473.0693232
6337f924f515625e7fa638a4,560175738.8502977
3adcc2c662c8c7c9db5f0982,630663640.5557164
6b7aff233052b9bcb6b9448a,1156703402.2595923
cc51811e23409f4d77995768,531060089.6861657
e3cd7b6dc0495d5109086407,818641307.7468529
e63f468e1d9f86530d47ba4c,353444799.5901173
8bad8a7faae115ac9007b13a,682798506.511263
d563312854016e9115d034aa,721912008.6385568
57c7684f8cd8d78909711b53,456045085.4890577
76b8190137ba3daa55db33a6,542323181.7527122
2bcc6a15181273b2fad05e3b,664011821.5900118
b998aeafe2cc93bbd96dd9fd,396448536.40846705
eb77734d12df7528af57c674,389161553.8153611
e8df85384a1f51c31015ba08,959254557.3601898
b0a03d567e287bf4cbd7bec3,649061265.47305
dc8bc7cb687a3a42b7e7d5fb,767245961.1294332
147de03212e554abbf3fc3b7,958467072.0984914
c09b8c236316b87a92a620b2,529523733.50013375
f5006b435fc92111d55c0603,455489587.11519194
ed70b749e030cc8715c0eba5,799722599.415802
2a9bbd878f3f45745d76f059,824071703.6405993
503f33d11f75b6b5102ba4ad,463347931.8590294
41479709513815cf5fc1eac9,565132429.7442753
0181972aeb6bf451012a47c6,650893426.2969879
0b35c4a3f20cc0eb751acbac,557602330.4492124
e5de98822287c2caf8b209da,694985141.713318
f3d82ce1c6fac06e4997f7ba,878435060.3681835
8e17d7d78e7acffdcb04d982,527335044.0675904
f1e7a0c7804083963b5b6de6,529464311.5951309
918dbe66979d16b147bd3322,674667500.9630563
35dedbaace193598c9c438a7,448579540.98081744
e67fa931031bed13c711ad00,541527562.0678279
eb2bbf82cb615e3227305b55,547537928.9245043
e8d83f7dcb876d5d05ae3e98,557793037.1947234
2be93bf5132bb788bf045c28,508529950.6170602
ac2b1b560e8bc4fa1deb6f87,677282619.2240402
674ea6932fa9e6b7581479dc,564275170.1200563
4893b21db2d6aa4417e1cd1d,922335410.8575406
2dbef742d0c59d21ad7392e3,854764367.3654618
fc16776abc877decb82a5954,1018810905.4160905
6f84d405f419590075610c5e,860470569.0903598
52cec2691ff635031fce9507,484125753.72499657
830b1a2d33f7754b9acfdd82,837550480.7003329
fa908c8dd43fcbe9f721c0d5,891571243.1366842
90c3b93badfe7231410e95bf,852311066.4644277
60a495b86d6eff1e345ecb06,505070149.8213805
0468cf58f40372acb9d5fefa,691307160.8658527
c523380518164e1e317cf1b8,741293789.0144143
142cf530f13cbccc3cc9d0a6,751962075.3920519
e0432ecc0c1fb2b00b5435af,456456255.0005105
3af3a702988bfa0599727982,702814372.990492
99fad8a7877c57c0af05b318,517810326.8996725
b57250de388b7172a39dae8f,825322194.9514543
42fa0158217c9cb820f2a06b,652532840.7239116
8fd452d3f5f1dbb3b65f5274,808483982.2499887
27881ecd655786b093349ab0,801889362.5849578
38029a1aa22c0a5beb065edb,803606668.3776091
6750be41e08a725705256b0c,902146256.0111884
90bf218565cd67ed83240033,986090572.7905167
c6a089a9bb326c22e3f3aaa7,769991769.8862246
ede08c77d6090e0900654eff,962692955.0226796
2f7784465c1c69c8f786a0a9,1103556822.4176433
5943151d9a76010179f6c297,525373934.3968546
82a3742862a06803242b703d,557793037.1947234
b815204eed4398e600b366ad,825986177.9541274
11c4dba68fb47eb9c49df169,455233466.66575557
4ae7dd50c6b743bd47340f20,863297680.5034759
d81a040e22d541a74122f3c3,298790674.9468734
34c84d0a410920c303ba69f8,702606364.3988438
6b0828221f9cdf5cf39e7c15,492938706.77018356
c50d5b4e75f165eeeb2eba97,662228457.3865442
572488a9a75f64434dca5dc5,504417619.1495295
0e67ae9abf1e2b2f66a91a28,590686031.9807742
cb00154afcad81df60ee58f6,594179462.633775
75801c34fb510d824a7d8366,421321061.0415249
98f2d7810641693c44096ada,670846741.1091704
1fb4c88bbf995f77f2f29b7e,731678145.2015476
0abc98f7ea1e477c6fe3425c,837247407.8241035
b3401023d3097815687d1160,717039323.1153008
f1ef14babbc4123c5157eb9e,558627422.2414141
ecf47573fe1ff641f6914d0a,1183286739.3046505
0ddd21dcfe89f72e2246ed79,646869799.0481474
402f18888d480f5af146daab,641406672.0730742
61b3bd442f6fc8838e2f45af,711393612.2374586
c4eccc400db2dc9627c9879f,787322042.4966869
ab38b4fae64ab90a55b5a403,646605966.8692073
7f4cdc01f9086bcee46d1d6c,813908155.6037726
1be9d865ac8d01f0378bc148,944728037.2755113
f2f43244cda8e2f5219f3db8,547439844.3529882
89ca905d858c7731313c82e1,633566768.1058625
5bbd0476c27c53e2bcaf9462,669009952.5065573
7e177acdec9c0fe684d8fe44,692682190.843376
b764bb8ae8ba0d736bf54f5a,507716871.516914
75f6d6beb64d846d965fa9ef,860203693.0243628
b5293710d0cd75f95de001f6,311491927.2434253
8b8ec04a78d3826b2c8a5754,603534654.3843603
e35579e8b9b24dcccf93abba,538584931.048564
db5e320f51680100f1ec06f9,502705650.0404816
59be3c447844f31267366cbe,475562548.60923755
0f3b424c398a8e8b53162c37,730628588.1165758
57f4a3f6fe2e41ad97116002,551601177.8901329
1c6038b67a40f0749a72e6cd,628151964.2879516
e5da0e3919341762d5beed25,756285254.3436414
40efc0dc313284d3b57492f9,676356172.9443699
601da8fc375ba0b3df3b38bc,1060052199.4592745
61a12496ac1e6f39c5ac5d3b,1145031022.3836617
8635edb61b1dda6f4742cac7,1118450130.7011712
ce12b48120daa5704a4c81e2,338287276.9230853
acf4d60dad7953065b59ced3,816555881.625873
56e3e7d822e13838ab9f85b0,573845034.7198385
7ea2c18341f69f21b523906c,739196142.4041568
dd2396a42097b2e8bce52a72,649251623.1073346
41f99600339a7afc8e386e6e,702430423.6749327
b2d160f54ce5f98f46818e4d,937968997.1688023
00dd36caffef00fcde85b235,967126355.0906519
471bd64a0576aa67f494eb98,818481058.1461549
79e307acac5f42f2696b0436,1021979077.3912277
e65a4eec62e2a5bbfaad5565,653951312.7966781
4845ca0d30483b36bfa55061,659445529.7368706
6784e116d96e03911e2a07f7,432693214.3167166
4184fd9a546823ff1fea0b74,689013895.9138752
616a5485bc7721ecfcc21c70,438732191.77527416
6ff3186df9d15b65dae5bd17,442710283.3281394
886706f32695891af743f986,805137616.5303775
daeb02020f23715e663b4a38,606245344.6692739
93fa1c8ebb75b77dea76ab99,700950028.1099391
ab25a6737b3ee0c4e9cf4ae6,537308630.1450806
c5641447732d3d1269965ffb,937302065.0757749
86b290218a62d0c51b099a08,1025046366.2195057
d7b82133acf54bd3eac338c1,1281705513.9746633
10fbecd8de540f1fe4c57b7d,468048522.3359945
137baf1609138c6ca2715c7c,476134093.96304774
f5534949a53bef05de31b07e,581153353.4452387
466d4240af2cfd09a31cf3ff,665892607.1880248
7478693f3e7e8963e95be8bb,423349386.62783957
6e537e91af0de67558bc1ee2,650050153.8176572
f5b0b51ed49be034c290efd2,785005582.3465763
a4885ce6808ffdb878c41f97,528222552.2650436
a14506a4800c27223fc34728,604839201.6054531
e8e97b7919856f9cbb9ad02f,792605684.7688658
e16685dae2bd3b0a4803ec9a,850113285.4117298
044b8431b186eb022cf6fc24,490692005.8891708
60de8c37c9eb96efc432451e,751582080.8543025
59b88e154c07bb7c0ddb4e8f,669550211.7778057
71590ac868415f3a185dc15c,793568580.8203081
6388b4cfd09e2b1219268cb2,795633355.9321839
f865cd15368fefd8c9d6aabf,629055977.739717
ffd916080b1019827491de0b,743810099.0201089
6b8ce573bc2ee68ace26a67f,627251804.0439756
7ce704ef5752dd496a61d857,700950028.1099391
6b1a1afa055c15908a855e9e,562825245.8662139
2a9338f62c99dbad25aec5d3,671088668.4275417
c2282da3ece2dca6e8a3bca5,734918020.0308491
5e6324cfe41c3676c7d0a5da,847397290.341593
f1a4afc2e543ce4260f1d781,784212410.8977219
5d17daf3e98cf433267d978f,1291660411.3402047
d5f41dd3258aa346367d7725,587171551.139516
da35c757f211ecaab20aeb3d,485166182.3875478
8d9cd237c737f6e62092a08e,964652942.8606954
9dd98816533e4ca8516a5474,925437020.1496629
27d14f352b2983177e836e3c,875685625.0780959
3dd4fa53bc59e5852f9fee98,1000809652.0130208
3ca74495aa9adbd533ccfb96,861216864.6763862
dc93d8ca60d60a118f61390b,580156704.2125819
dd7b4c374bbbcc60bb090fe8,865045797.3748126
f925a05397ca6163230f7ad1,545219155.9339898
66a59937c54eff29ab14b474,661497741.1175226
077db8e0877b924d1b57ab1e,426922426.4072839
aebc3c6079c1a80f8b2f1c7d,794777329.616275
ae41a566826a10d5a6768d36,582230749.1874692
489fca3e6dc044412d00cca1,673182648.6278372
fc2f58cc289d29fffe8a5fe0,833417587.1921296
59519bb6d5d299ee0b767224,693969435.9805776
19921a97a52bed6c6b8f4135,641229693.3175062
ae08b7f31e69fd930ef4c832,646170036.9088815
1b67fbd144a4a3ef40bd9824,651719858.485507
9e142165bbde850d4379a49d,549475802.846379
d3e971e2e224a20530ee295c,643652961.7382294
a672cd6c8c284e14913222d8,690965873.1801764
93086ab3e32aa9599708382a,967978125.2179456
63773145b1a896df26504b0d,554853190.5538174
17707d66753c1eb0aca28926,557487793.9161639
6a2d4d9a257fdfb2ead837a1,512050308.615598
f9158cf51f5e9f644349a774,486525058.08588105
c09c39339b5bbd48f349a430,581781354.0535841
d470d84f5d8299c52fa24499,508506182.0757702
9d028997ff036c154c3fda0b,985800253.2167614
40ce7321869b706210eda9da,601071135.8587817
3fc826461ec4648e4f7877da,632244254.0072651
0e7dbec40eab1b3e5c6bc665,785899107.3452855
81b3256980dd7d7f49030c78,1104956704.0655515
fed2e1459e9ccc06943a05d1,966961281.206491
c535169307e21e5df7ec88e6,535237695.8000823
d78d84e4e42f145e02e423c9,840139449.3137162
3e523ee3a6c2d89436539792,840139449.3137162
5f2df52db15d2e0ebd327a36,495646734.9281364
1c1ff56435675288e78c4735,770983401.1406003
ec4226205a38a45d97f35828,836995299.1876162
3214488a8fa9cf8b3dae877a,711030459.4895467
4a4fe76c58f5735ce6b018aa,875226878.4757298
ff3696c808d4835d6c7cc9e3,623617068.3256347
1aee9081ac4a04490eb3f0e9,792347111.6499492
8dd954e7312e6e6a07d6d4db,577288715.9239588
daa52a91f1fee77f75550246,644895784.014135
a4ad34eb244e48afe23a780d,560354486.501671
0b4b741487c001323f508d5d,840139449.3137162
cb383b7a746ed55b21a8b245,853076969.0526422
4b092d4d5885cc224f6775e9,399320572.99737567
ba12305002d24055c159ed34,298790674.9468734
bd74d43d99a240ef4190ecfd,444420808.6638454
4957e0b129c5caf47b026c58,757520091.5159273
eb270972f0f69f1671a0a740,717991986.4021215
d51d3ef396efd4760c979de4,556207186.6377289
ac65d147ee69785195ef7da1,727546652.4559975
53ab42a93b6deb152951f82f,828937939.2910106
5826567e12ee3192785e36f3,873320394.6156808
ab64918f2b2b4646e87297c2,973337620.1604096
88b0d688281db2ef0a782921,828644707.8626182
dcceb6a2073faf9f89f3431d,852346230.6723591
73bf75d5762e3dd30fca7b3a,751558580.233647
a45ba5d63cd1971de19c25db,972548565.8713597
8467eedcf9a48fee0d72d95f,1025097992.37736
6184f12f3a903658f3319290,617696095.1681631
92ab018394a5398b832d0b97,727381883.0125625
e8e215437d023387c4a55515,493717555.81411135
7b8a6949d55b5bb27c3c6839,761130227.9187942
33f1a7739cb556a78af083de,844897770.510944
39c6bd862f908b7e8088f0dd,802198848.9848717
ae556ff5f318b73d3b29142d,618569273.0547794
e2fed68e0b614e65c05200b7,647777345.3942887
c62a4288a4a0336b1436132e,666831842.7581495
f23b32fa4894b6d59f73c151,804787925.7403802
4ac4fbcacef08524ccbf3623,351908119.74725646
5b5bb8156b98eb51a58e73bd,634139124.7821628
53fbed4f9680917f0615ae7e,479530444.21611625
730b528617c2841eea5addaf,597869898.724645
13d08f7e14471fcf517c204a,383912448.10257137
da273cee807e254fc9aabb9d,639059866.8594918
b8f7bd85b61951ce83d7f57b,1247685777.4297934
4954ce465ba712543bdf34fb,479825662.75856656
b7483c951d2c19de665f07b6,385616539.07191956
913cdfdd62e35472522d0a6a,572111663.0918496
be28b90a71e2922437f25110,565692819.488338
b71857f1cc385219f114035c,556998231.8182886
a72041a40ca87928c695b2f8,571466514.766376
65a626faaed9d9e3b172415d,572111663.0918496
229bcf400e309619268dda31,571466514.766376
367bc4fef78a9800f8616d02,571466514.766376
dc0ac888f1e87924e3994b4e,542370194.4425359
6996e88c10a94d9ee7d05357,429885072.8717499
cb8fbae1b4141461127c97da,1025653819.3232138
d2de34876a7a6914c2dc479e,892876530.5108929
c666974c4303d43b87714c62,600628045.5302606
e8491a7994738d098a7aede1,1002987430.9452293
9a6440e5318b2de28b180a2a,704226484.8117843
9ebe11eba1a88fcb24fcd141,579981615.6776234
78b0f0bd0494fba0293eb0c3,625198327.9226494
047b0ded64dcae203a3015eb,648574707.9390364
7b95396ef4d0e97de8fb4986,882157865.2267565
08f1c136d5a456c0215ebea4,639350855.3715423
0880b703bf2064f59f2bf20f,800761899.5796325
cfc069bd55e152e40b3a1391,712074705.3261511
0a00771ee714a2f3f96c31a3,653768335.9494092
06acca3d0ef4685dc055ffa5,393116350.6117371
f802b026db4bf9d68cf00b16,328490645.94884574
4aebacb9ecd0a117307c7841,902907860.8526701
81ccb7e0255eee6274f5d930,1056654200.6264842
cd17bb739ac79f80d6f651a8,1309016588.1862662
917829a0aba571cbe794838d,540165495.2424744
5b83b73ec31031582aabc527,360851996.7883197
5e18ac352e3f3119f5f9197a,876873170.1062565
b7eb15346797508f47ae094f,636386039.9515197
5ac98c971b9293bc6a8a6aae,859208684.1455821
e196b7cdeab1468d5d4e07c5,1051876711.5151104
0ea201bfd515584bbf72f902,960001974.2328471
d2e6ab3b3106f36f2c3fc119,566138681.2538602
59db28ba77489750903261d5,791782886.6723608
b348c76e55613f53c8bbc94b,949650199.112822
a1e38854d6725e9c48c128b1,403581298.47055894
b86c526fed01211fdbb62815,809809861.7915782
1d2b83d973547da8c168f743,493524248.5709524
0fe3dbfdf25d4b013b842b51,734710626.2042944
71a20a4daea6d31de942b2ce,1118382328.9581723
35352b370a31d01748616b01,1010516606.9935374
27942219389ecffbce2e1d9e,893518502.1132625
62fbacd4e172983a2a998daf,860756566.5644417
00c1165df93a4cfe679f54e2,915273012.7973763
207f669778ed0db0e619ed40,570915042.6653292
5ca0586ab7d20dce5e9ca8a0,686658845.1201779
cc27435df779f16e6a62b0c2,851091031.5854766
7a94d3d31471ae313659aeae,658844664.0552546
efebd19fc5a2ab30f2ccedcf,849694225.0036858
8037e40c0c8b20ab6e0d4b78,450758644.3805414
5ae3359bfe2a704de00e8801,618296545.251898
a5587c93c012375dee920f71,574008159.4487226
ee7f7d547af56773a4b0afaa,829503816.2136915
9ed988dd6739eb7ad7aa5a06,901301793.2551559
26c08d7331ae19e1934a22da,719102427.7806275
767024c66d3a88bb18407b6d,1021775075.5670909
6afa85ee6594d1c8296f04b2,590541050.7122579
551ca6ad1ecfc7ac21f8ef0d,915789305.8016891
1f79204a8f62c29b0a1b29d5,418260492.49833417
3dc0fa238745fbc31ba88853,429666816.90268
4bc3f597867c6844e9b47fc9,489792468.06548697
53973c17ea7e89fbee5e6cf4,316480965.15272146
05397b2087e5cf381809f169,620109560.4014682
584990ea9718bb5598495061,385455261.34098303
2e7c6a89d2cf2d835839f5f1,764062315.6803516
5c02d79c59fb636ca4cbe86e,578491600.3431954
114436e00c03b44096823522,791866483.6246278
60caee98c3cc8526d16d7f44,582715349.7784882
8207612808b5947f2802d2a6,787980697.7466875
31a73382ae20331521bf2e6f,729936270.6217041
c58947cd4f238cfdc0007bf7,1322950782.5067601
a7ee02ad2a4fa122799a2dfa,1027180915.8402846
c77a63e92b9f727034913d8f,576551889.8158158
56c6bf831d3c6737e3844969,678923431.8946728
73ec6f4da3c277958cd2c228,965692295.0641515
7dcd1916c0485e0b80f9eeb4,1031614506.3024155
cafa94c4a56c23ec73ee9071,1158621285.6183739
d5ccfaaaa739b2bb2b3d46f7,443180130.08572024
e6d2e862f58445084b2980bb,1250334087.0174513
62f96ed5c1e5f28117949a23,486592465.49531305
20d8980a4fa8e094b7a5f00c,486592465.49531305
0172678cb0737e21a317eda4,459607023.7885918
6254ee88812e303bdedb8767,1183899042.7454448
a812ed43db71868625b351bb,903786005.3931718
2bd1c70db60a44d4400847ca,972485717.3477025
b057dd8a9c2082d1a78cba88,420824513.1183945
2fb149a70fa14ac05582ae69,625326682.4736575
47e282cb12ae01243d713178,579817227.0846432
ae47cf27964393fd56a52d7e,759233181.1400061
21642991a20d6b0d17dea2bb,697916649.2082642
43b10ad2660d7552ab6c3b10,621204457.9730734
64e5093d6bae57e8b4298123,801153899.8660573
9d8d3e6fb432174770c74e71,686417708.4238793
9f2498c12d7b41c213bec0ff,452802435.2176298
6461c0a03ad3ecf2f8112759,595848811.8284057
09b15382686c42fd89b24285,1027838429.1133863
da846b08fe2205d2e2a3dc71,461790334.4840849
2a89ac6511416d0920f1b9a2,849797010.7177322
3e9083411c44213130b2ece8,704390375.6850502
0f0df5694eb388d843e1f17c,647446533.2725048
ee6a288e644183bb191a6526,512367724.19437855
8f570610ef199a3ecc49a0a5,678353834.491357
3115e2391cc3a078b5e6066f,668183784.3310848
c7e45098251c687efe670815,633952570.6490017
8a3b7f5a8da339fe19e8f138,769037036.8915
2f801cf48edb712627196b2c,578841658.129303
a147a8c29757c5d0c592d347,479058474.5735177
86b0aa633bb16582bab5640f,605543089.1764705
c9620e3e2dce92bf95c57c6d,786677692.285661
b746e4a5c9d04cf4dbf887da,694460326.4927071
915842a8a03914c08a6607c3,394427685.17143047
e9e6e054c1d09a22b7efa20a,594733810.0267318
4b6fb9b705d80ff350bd620e,495700185.25916505
9a51784f33b0cdfce8312163,706655865.6147679
176c9a90fcbceb91569fa3e2,861816877.7419884
c97e70a767a3661c4869bf86,582657961.900649
a6bdb6221b88a24c9f8381b0,682474153.0632633
0a1e6a95a0f9598150c121ce,940949788.4812763
37d12acc69d0e3e92420e62d,665904278.1093831
d433ad6c3cdbd707e6839082,806315305.734416
36bec92975612d091a3c78b1,680418529.1416583
3eb97ecf8069775b9104af85,751560822.0640913
9aeed339b2d916cc89f38bc3,630560396.5603181
f404deec9ec16a8460397815,599302711.6204339
8a0114372706f30bf6867a2e,671045873.4088633
681e772045fbee930fcc9ff3,1151296504.6652367
0816f29a68aa35abd5978e7c,716288404.1972728
670fe8f7b8ebe006885b2777,709162174.6174923
d36dd340e5875df6cba999ad,952302250.3050305
8ae869c5033c248f881ac313,1058794150.3787509
294b04da3eaabadd55da9c20,880395802.2669176
17b360d57782208f5afdfe4b,915607153.9196364
88ed5ebb575d026f8d440c60,526763459.0487922
e611a37562f88ebe07bb28d3,493815007.8735313
e685650979374c571dea2ec1,561906516.2537485
10d47d2c73f0ccbc97979bcd,613813875.8769779
fe96a7d758a874b1f0c42145,488912057.5043793
a7634531887e969c9c5469d8,405879722.3046678
42f38b1b2dc077c88a746c1e,582715349.7784882
25e832098d9e6e7c2f9afe2c,769582529.8525959
b7dc47c641b46ca99fb83a0e,892079720.8643622
0391d158ab104c5cdba31872,784299815.5489826
a3c4d0ba7b85b9a6370e131a,1039591216.6859828
27721beb237824844adbc289,811681537.9772995
6e807e25b64bf0de81f51c12,1184406893.2655916
d2637d64e4022075c8f539e1,855691990.1991761
faedbe92e3296977872a4aeb,1012474589.9081359
5bbc190cdc5ff3296801ac0a,630762643.1726065
9b0abbbbfe0bc85686304ad6,636974168.6483787
f8263893418eb0752dae48f3,325423641.2279493
1e73d6064abab2cccdb6610c,329473853.3193358
c0155096575af5fc8db843cf,367948580.7991101
9c7f7b0ebe440f60d3bd478e,325423641.2279493
25187d9f4cfe89a525ef2493,340840380.85908735
85815a09bde2a30e296f65bf,327143133.09879184
fd45b984efcdb0b434033fd9,612255627.7210318
5dac2d2027b6c81c1b7ee3a4,326195637.3530165
7df538c0c831520e6d36e39f,359824175.6458873
14b81320fc31c7a513242171,325216655.7305174
8026e480ba395cfe1e09cec6,328694098.75199246
80bbc51dd90d131d091521a0,731518711.0153141
ae6ac510d3e46a50ef24896e,328694098.75199246
06b90d41ad3ce1d0d389fea9,808612438.3888993
8d911c1a195567dae3cad99e,523713282.8624355
2876aa9ef0b44e43084393fa,443473837.1079255
76556774906f9e12b319c232,325647831.52310807
9662cce3c4b92d1c99849899,947589833.1335535
de3d078e5d524d8a7b65841c,804930199.199616
547c8638128424b89d602f50,918031829.9159995
c8a3dc3654c53cf66953de0e,735587360.8277465
21c8b93e50ac884e63514f10,830347536.2039165
49a0715897795017ee0de843,457984593.6808127
5d646ababb10f51c141e0d8a,646617047.7407064
da598f8a82b1ad1b02961cd1,649251623.1073346
84d8f7109615519f2ab0a48c,682080986.8300804
0d027b81f8391d73fe0046aa,789679357.8506198
079bc331430e94ee76f8097e,615665739.5547016
61055e6eb1910507640ce6b4,712087030.9202971
3f6effb8881ea683838437be,936447519.8792671
92c8d6ee8496b91821d7ba3e,629932634.6112257
78a08f21f7d7c51ff4d5b8ac,839572270.314888
f7ee7282cb9edc77740f392b,724224636.372694
694b0a500f1619c4ac4c85fb,832863428.6716541
13d43933e04c3c7a9e5071cd,723243456.5429238
5abb555cb9d65db8e6c28201,566417340.271376
ee8103b958673c589b9cb27b,835583412.3254789
5b3a467a3b0feb8ed81be1b7,1093106901.1424212
e570a5157e02d440a78ca008,759803696.1714213
70298b5e8fbd66aee975ff14,728850711.2257118
2b552d7b1a1488dfd618b120,408394115.5889447
f4ea9c80fe71a1bd0b692475,613748722.9489914
e6a9d5c9a82ba73e76817a81,743839920.7064009
9b58b5c993540ec3ab1e4a0c,791848941.3692248
00858277a3cf4f31b8e3f738,710483096.3706777
d937ac866f671e4a0c090879,738899060.3791403
7d02b3479cb2d89d55bd4fe7,901721862.119743
bf79649b531e876c5f03883b,554106240.5875151
66a2ec5aac8969b2be538c1c,901721862.119743
7637c251618135e082a9e2b8,679223881.8666186
e8c9070ca596f88bc2e0868a,556472826.8174151
64adcb2941e9553ee394caee,457974191.681058
0bc8475715e42b752649b4e6,663756982.2872345
956ad3b1dcbe8f236efe2d2b,540140359.891206
dc81900a751b64dedcb4ac39,633561243.0926036
02e52d3895522d9be85c4544,524463942.72282887
49d6752dd196e7dd583baf44,557740879.1893911
8364aa431b2e267e41efabc2,615753129.5642822
1b59d33f9000d2e1aad46239,472034693.42118025
74a791baebeffcb7e7b917d0,599174947.539061
0a3911a1a9284f2ff81689e6,416137033.222719
6276bb8ceb13d174b8e405f0,472351735.1189174
d573d2caf8c67aa32bbe592b,505892347.5468485
57cafce17dc4de3bf8a9ba90,819499397.6073744
1dc9e5c684c831b204d21585,955650470.6149199
48df432642971a97d3d4bd45,523055961.78233504
4902ccbe8456d3f0a29e5059,545793256.5390859
3a810dc80d3a63f8cf106717,762196938.090255
c9859204696f3440cdb541c3,821855048.9555326
349fa9cfa15d8f8bdcbe863a,1090068130.994243
d0bdb51c8020a37fe8344650,882517641.6294212
7b037e6e5d110999e51b79c9,764531447.4228573
f677c51266f5ada9e23f20eb,403436131.3375747
1b85d69a0f8ce1d6ac4d4475,642946693.9370563
4570a3ca0571c70657b4a1c6,701632459.2945524
de32ca7785b71dbcc76a50a1,768469002.783726
4e3cce6b581e74879c2dbc4f,466832639.8988757
09c4d4b5d1c0118d877d5734,729091991.4170476
b9809baae395914981a9296f,708670692.5287232
fa56058283c975be76d7c990,738762953.5338951
7b32938ebf0b1b167a3d2d20,665690418.231093
bb38c1c17612ce593e5ae7bd,318702822.95866543
bf0485c2e267d06b9b1d90c6,781794694.7830416
0357d0ee6e0646113ea543cf,768396289.7587082
ddf5182c482fca7d881fcba4,857809266.3165201
47e6a61fd652a3dd37556ddf,590331480.346045
a9054883a22542257c7e778f,298790674.9468734
d7c70d831e88d552da09ff29,928577351.7304518
d4d138bbc80a0b29ed28a4d6,505965142.87470776
dc9119767bf4f21fcccdcc69,802934696.124626
e8caed8cd754b0e3d43e6954,680592074.0476353
033307467830cb865a785e3e,649879992.9848064
5498b3e3ca091bb81be87166,597892365.5767289
bcaded180edb36336c2f5b96,818658775.646325
ee4377ff95580b93e80ae08c,760539895.5472211
c25e1e289cac1bbbee489122,825904064.3955853
7e41d90a838048eda035fb27,723314904.7463484
f418efb887a15127cf2563b1,483210904.8822204
93b27fa67eae8cdfcb846772,574992385.6160699
6a42271a0b03bf9a856d1acf,660189727.9224374
2af9e271765438a47fa7e7a9,405709077.29681134
11429e0923f804d7dc5d27b6,1040596140.9307029
c218434cb0b05ebcef935e5b,720880345.1858603
a98e4f4db7afb8a6c9f69400,705027765.9557921
3c35c8993bb937164ae4a880,847628996.5018778
c23a1372c81ba03e6dabb0df,608522494.9605539
cb332695a296899d1c798426,654596672.4744807
2ace3da2fc4e0c022f7a8755,941291921.7769153
14f1bf9aa68aee1ac094097c,780208675.3540857
649a2784beb9b821d36179af,658895039.6554878
6bbb8f89bae38eff88c89c46,469324191.98399234
1905b860a8d463c3048b4e46,537867079.9068414
3ec50faceb434f716d73613c,1217376504.608859
99543a17b33ab955d03adfef,876247369.3891875
edbafba81b92efa9b1400987,890712712.7439729
9b3846c7abf642e0a6220e7a,479182988.82565993
691c35e98d0d5780aa82aa06,610343977.9418588
395fbdeb9f0c0586a2b20edc,537367566.0389173
4803a3aedb6c20eb194469c1,543703051.7307705
bf95acc88b60a3d531fbd42e,502234504.3633083
b936e36ecacd7cbc3498cee4,546545708.829063
293c8a0a4a358fe7554a4ae1,921624819.6120353
5a72e2a62121158efe59069d,580342899.8932312
605276b332b5e5984b83ea8d,405765941.7721229
d3de7e975a9215d04567e467,509590468.68779963
44b623f7fca1a306560172ac,600641129.4335029
9a6a8802cbf3549870c55031,507913738.25686926
f43c684b789900c58c8b5fd4,509590468.68779963
dd7ec9d7dfad5364dd303f49,615497579.5295733
506f2b1ff3e4e7e43a5596f2,730029091.1542033
090d371309090bf83b6fe0f1,689509445.2131941
886be9a1881866ab1f300533,545605624.9749377
ef34f331871e8ca6573981e1,504821543.81258273
53bbf1d3345eabc2a8b7f5ff,691398635.1803609
5bb87c8d49ba8ae67a659b52,700105396.7401966
21dd47ac3c4e1d6bd0ed2485,571664336.0226866
f59686ef2740247394547078,1029309073.7190803
8fac177c5a8b4faa21b33138,371789411.1412688
b2bc172a3ab25b8caef50189,785549574.1060948
a10055de743532d7b7bd29a0,574907665.6666449
c344e3be381326a1b6cb5989,624495593.2221562
3fa4ef366575bc72ca5a0582,698455671.0387995
e9205b722e624eba0fd36145,1033641693.5009142
e75699a7693c678786ced75c,580511907.0893698
23208132621583ce4a46de77,1060337541.492712
558d9e4b57fbe6c7e0a09a95,871839623.949659
1a6ecf722b2eed8cdc19ba20,824512229.6084788
11734add51785f1ddb999c5e,659654966.5745611
82c9ce0d018c1d620b7a6689,597276994.9301492
80d95b058cb11ec829b5ec96,649439961.9732765
cd89201cfe3fa19a4eb14bf1,571664336.0226866
d0a5f33f0689445e22db6626,441138591.3802597
c7c99ae9259b34bf9b8ba799,464918582.550472
73806685dec82cf637f19384,467379106.6805628
83007c444fa52b34482ed55e,708924928.4620895
e08561df5747246d74136dc4,446477625.9213389
5b0219cdbb8ed527aec91659,905319867.6407895
119805b72aeb50f05d3a5bd9,840697225.0077461
fd20cc372715855081e24eae,813923304.4059844
e4a021b625f4ffbed391c6e7,824872725.3470128
902d4fc2c44ae5ca2703426e,695259573.4895133
71aacbd62d72d3eb29a744dc,735355096.5512595
7290697f96d8e2101089984a,629951122.793623
314153750510e92ddcecf33c,818045992.7927356
9d576cf721ad30ab1a4fd554,404472672.9269222
50160783a9a0503df5a38dee,603343855.2925938
0f4abd70b68453d3500eebb5,424298265.6548881
42cde300d741cb134a529031,481030867.4700613
1e9cb258a0b7e08244d7fcb1,650866247.7872541
febc9a1b054671445d756cec,610698325.6480746
39351adf139f820864dfe8f4,892756776.3717052
b4fac45659e67d4e91fe65ff,298790674.9468734
fbe555f6bd0edc1bc950d9ea,841118405.6740524
67308f6bb80d2a203e306104,421403172.5815218
799cb909791d43a1eb305eaf,766978228.12129
4354c1b6b27a87c451ddaf36,549355579.2809308
0b937a3ea4864896b744108e,360283508.74173576
b96d8b77fb5ba71ebce2fb26,643048457.3273189
f4b1645da3f4286e39f2fe4a,643765764.511525
a2d1de4211aff373009809ec,534828319.8705573
50b619ba3e0b2a4c6512bc97,700171141.8299862
3d57abd322b0077efa1091df,793701976.1456754
652793275729ff3b69e86072,638615062.1605686
1e2270f9f49aaf3be01dab49,1170296387.7120295
99970db787f55a4d1963942e,413476588.80944633
801d821fd6ab7ee01b62a800,659543299.8286444
2abd46909a251b8ebbd37133,558540341.078082
20a783884d6bcf1aa5697772,608267088.7640798
2fc38ab2689eb24f63e32efc,774234825.3216859
1f592cc4ed728909040f953d,964754169.467865
d1dca15e36fcc5ec14dfd870,964754169.467865
54f7aab6b91b48272a81fb47,932299652.4518924
b6d84e7d569d8d0f0d0c9066,850861445.0964717
54d10cb2a44179fd4d726f1b,944270980.1751468
341c307eedfce3f735f4a63f,724155128.3589625
1e057cf20757627d1b006141,476233262.93178576
798bf22408ef6814759da1f5,770620201.689128
9ef3691cdc2bcece41b47e78,804184179.5262595
fd5793113661540ee34b8cb8,784505876.786744
9c4ce4e9f12764544cc8bded,598938928.1334449
542b5322e59a3273e10dcda9,875020652.0547663
af578bfec5d84cc2f4ffb8bd,614744631.2102557
a310528e34207b5dd813df8f,643765764.511525
ecf5c9bd618e3976ceb5697f,893414077.2495582
d342a1ae299065045a957767,1245264646.8335404
f5dcdfdcc8f414cb7a38309f,626487232.0347307
4090c1b86074c8e769cc72fd,504947437.61776924
7ef2d4777310765d0c8121af,861634330.2451998
39222ab30001b3cf45b7de65,628503301.1957128
91a73bedc30e0c2acd95d6eb,642977543.1460192
d1e6d6900eebd9ace65d6c36,614415214.9493058
592c9c45c07388359f663219,535446366.6555432
738111512f5e5052927468d9,913459896.2753477
0db51d4771623f5fc1026d74,498903836.5006019
82c9556e19072558cbe3a7ff,446840270.2370121
c1e51ab95336a51885b4c672,691975526.2336808
0eda675541a035b1f620ccc8,810726315.207844
cf379b41b70374ac4cf82dc4,506617169.41953635
d90c961aa01e51d63e50a2de,841509147.7998806
990379c9f9f210206c6f1916,1099191657.1891541
f8189811dc639d760937df95,571297644.1953058
3d1deb639d94b292552a123c,599260892.3405582
43041a793a13a4171f22e492,626744836.0301478
052d00805b2602cac76fed4d,794729969.2812383
c76207e622cf8a208910707a,672696107.3012687
ebe33bde2abbecd6d1fb0cfc,622396239.4579735
2e23ee2beaf5293f57a5c504,525040916.119311
abbd422c412c2d57f5df62ba,477202015.03450483
648217f4d8b5e0e65dea066c,752683552.6466843
52e7657a539be5f36f48bed8,974752571.4206482
3a276f0df8c12422e14107c5,815176921.6679986
dc537b5973d2b94acf6f23df,857091191.7314183
0a41279a5ea9b92bf8cb79c0,1006338868.3138304
80ed77aff62d4c57ede6ba94,635160220.9291773
1fbc660f780245bd72015f07,778850898.7637523
df1f513009808ebd46ec0847,669350040.4789062
58708fd9e83147daf1a80c48,491584723.41350245
52b699f9900d81ae85ddc7d6,696459981.9870019
98c5b154ec80083bf6f51835,743810099.0201089
588400f7829874f9de919e39,530331119.2955693
46a2a88ef09b2aab932ea02a,735163847.8009518
31474c62a8f39e250fb2882b,952475526.7506038
b40873d316de1c295f2a97ec,689957724.5140644
bf4b8b23cd87377169684e98,752665894.6683283
a34b3b037805f2ec489a95fc,635864890.1393442
963985c57392ed0423d74caf,652159141.0864726
a93a37e4cc75c069e14ffa00,695977664.5506523
071f284d07719a3517c55567,660258733.9712433
5d030db414b00948ec10d18f,435626954.6714773
6e57de8c4ec2e42832cd4b09,797805084.9501563
d9ee40ccf461ce3e9ebb815c,691924824.9499015
ee13d186a24af238d06e0c2b,673492715.6494834
f27397321c007765244e56e3,902857004.3967395
959397711c3f452486ae591c,823299289.0721222
a41222195e5c7d7987dc3c7e,460719475.7883309
ad14cc63c36789bfc1bac0ef,429124934.5746852
79ea72e7b03cfd4fdb5219b3,575770922.6941024
cf68e05962a41395844e9c80,632115900.9471301
4a20d03d09fb9d0ee5565ec9,463089113.02150154
734c9446d0674b8d6545bfef,849600631.4013655
d9706de7190ae64c83e65769,653959018.0014285
b778282fc4b9c43055629e44,828644707.8626182
a4d4d6480b56d6198c0120d4,636821319.6727464
7557a9bc12cf0f2901c00264,842461439.6577284
41376f69b086937257387f1d,643162761.8012193
2910f3631d1db77e4b61f8b5,579115431.73851645
3a8a506c99ede47ae2257e87,638930807.6327885
25d89911e830697217d460f5,594382802.8395722
365a227184022e99f1d2a816,623532289.1220716
c6e34cb4e79a729a5df4183a,794485552.6639845
c5c3f06bbf812593d1b95a40,785155406.9416958
acd6ad0081960c0f17b144dc,822583412.9285165
344a104d2210954497a5a388,694374215.8817365
c0109086d0f49aac6c3f3f18,566560729.226123
c42c99f5da3248e7bcc73fa7,722969249.2436845
8e1e9ae57400052cbbaed9dc,1304172748.4191525
8cdd55d191f206b0841e56eb,820838105.0606256
c1e0b47866cf4a0120e4b3d6,561294843.1821808
45a033d121ca5afef24161ba,562231436.4269246
bc834280fb45fb308d957640,551508905.5197145
9ddc14c8e7fe7ffb078e0019,874678425.2708136
7d66238672def6f73c25247a,523100870.4321356
2c12cbaa1f14553c1d41b958,492153348.90390414
196969a98960a68088266261,696459981.9870019
a5a3cab55661982b7d30bc78,606466299.5543231
6464d5cc161ac659dd963897,502815172.31072825
e9f44786cf982100af0984e4,816527446.9942498
6302e608d8f37e63f4e5cc27,463483403.67728174
ab614a5008d68aebe34aa201,736245103.1298987
06bfbccfb3ec0b1f65f4b351,819086938.1522485
f7f46ac9158f0a1edd01709e,708776975.0268354
6e233ae6294318baaeebb59b,985283273.6173773
bf6e713a689f574b532edd4c,866536064.5267721
a7e97bdf2d4f2f62f9889c3b,635100535.8782494
784822ba0060eac9358cce22,416806678.5932317
13c51ea93d19df6c273a1502,576992133.5559077
176e00102fb65cba56279287,543735383.0925097
52e5904902e4d75ad87afde7,655453703.3897694
728ce22c8db9bd0abe3f20a8,798571083.796186
e8bf121ec117e383c843bc51,1448010858.4920309
878ff8ef3c862929bbb19ebc,662613734.2883224
ed80ba018de35d5d76d50db4,941472974.8653766
9267fcc93ae3b6df8c12d9fb,554393536.8310765
babe27dc477f5e1b7e438422,675831055.3990214
a4173461aa676e09227559fc,471560063.25266993
f0b2a0602bb5a83f0827ac75,729856713.3438829
2da346c00d6fc39268f12b82,687125602.3970363
9ec5fbf8767dd0d2744a79b4,599206614.7753391
c85e9bd6e20ee2a883d0a7d9,381712802.80070895
191cb509fd44e580ee32486f,882583689.7526342
053d37bf1d988505b5e91809,679826286.5528758
4d3a66e028dc8f3e9ad9e9cf,570549785.1999698
c75b265c0eb946ce77e32ce7,789796434.2187208
d233eb8af3ef7e325f6c8f9f,432578156.1248088
7f7f5313341b3ca499968716,614441924.1767172
4fa51848638f4437a3e31682,789937693.3133013
9090236db3ef719edf72a330,1126240490.7728112
4dacc190eae91b059dacbb00,1002645318.9056709
ccd2f6ec8e9841f1068b7c76,664849216.1006254
a354cdbaff42acd1a0b5d82d,664676339.4695069
da8d3092ed0e085a83a7d67a,689690056.4541609
1181e18553eafcf5edf6fa05,930868346.0669092
5b146f1914acf2ae78360fec,931446945.7456999
a0fa0aca2f6c2ae65a98ccbc,728850711.2257118
038bb35043651579f443c481,675247736.7559485
430c46358b85ad4a741c7187,289227928.2676837
4becfb041b0439429f2cffb4,525042401.2978395
feb87029d5a2e8125e165bef,442546602.1077364
61ffbbc24b30698ab8f735c0,569299383.8624321
0e3067f71dfb9dc2e03bba59,557720847.6089973
b8ec643c66478da376153333,562451802.4913071
c8bccdccc9186136a332e995,744753360.8974645
0f4765c8929a87746217e957,1068201077.8584156
68c145df0ef91fb4d14d001b,465438658.7914609
e5b92a0c67c506ca6e92315a,587841652.9111568
a482103965890c922a66eedf,635459665.7079846
1d917f9f5a3cd44cc4dc8d2e,532992135.69348377
4cc968db25c2cf03991c0041,652366190.5030358
91ba0c5b21b52734d1e244f0,601479687.3784844
d6a8f4abcb02142c6dd15b30,474456831.37052137
0587e7e1f03af8ea6c46290e,530502071.9724819
61e1e0c49f3aafee6ec9179d,673152260.5120374
797da4e993a993ef80277108,724828259.0003682
b8acc8e72f2c498fede3fefb,737940155.895682
ef2ae24039bf2cff1caa4340,642851556.2622215
cfb8d15c6b0c0e6ee4b92109,723249843.1764126
05aecff6fd8d866c6c157a9a,753124623.7696503
b2e37eb7cde5cf4290649ad3,876760948.1705258
b7ecbd35179a7658f3c11b41,823031710.182138
699095150a7f3f32c40454fe,1136188606.667047
989a4fc1590097414d7c3fa3,461817074.8405594
b6853999c45e21646a0d1b20,298790674.9468734
6ddb6863958ded0d72fcc6a9,406092857.98857003
f6fc3807b54d8c69459c4f64,517810326.8996725
6528ca87df8bb477f4b6b8c7,508606940.6122525
7bba885503ea7716ffea503c,544156517.6302072
846e6f1ba1c94966314345d8,706456395.9580609
04e6a79dd3e4d8d17c8b5387,1031994736.6890717
4d60db10157fd0b5eab9a23f,898801210.0122598
0d7d434afcc5e93050e0b86d,892782581.358609
bb9ffa04d913d06846d082a7,794235686.8564379
80abc4c356813c1e4ead1e1e,507831190.6196011
df8979b26c9971dd7c3500d8,776858954.8106115
6ea18874ea84b5b4840f9b85,527912143.5026638
aa75ed5781e6e8584143daa4,643925982.2409544
c8c8d083c9b9600059a8b8d1,498432653.94778585
5c8f3b7ccb4340263c255d00,647455862.0866785
79b943894c4dd68bfd8cde7f,612646589.3002645
64f36d32a3a64853227fa69b,1000125526.6532692
d7080c3742cd9d72e9d0ae48,544452510.6049876
8333d32b98625a2742cfabd6,671253233.7012063
bddcc7fb72bb973f84b864dd,806917399.794548
5a80dd0f68dc2cf9fb1b0c03,523222470.1778028
5d82060575bdb7be33e63ecb,830880106.6090568
de416f239b27327e0f78b862,950716902.0924488
816f93a2e035e4fcf61ee4c9,807429486.6108218
aca1776ef24acabe172d573f,794379377.040642
af32aa018cdfd081a81bbc80,664936322.3502734
7d133cde943d189c9abbb6e4,914301451.0659052
80035ad5b3b4a948469800bb,677733240.1855903
95bdebef7fdc2ac0e9541c51,841269325.213691
d038e5695b32bdc6fff1f72d,886942838.6572495
2979f2d91d649a8c14f5453c,688245060.8396306
a0be286778d94153d3b22ccb,735347252.6046079
57e8ea351ecd1ff0825b1324,898282104.4515752
c84f96cf4570158c3832c3f3,714496873.6600058
93ab279de0b7b414ce758153,639206719.1272608
2018131ad3f6e5aa8f4be704,909863462.5021377
eb055771816b45213df3ff3b,412043747.07994205
8e3700ec731701361d7bb7c9,532918288.5336692
422e994aaca85628ff759004,647997601.019261
569e2cad5c18a5f393f80a8d,801724512.5597448
7b4ca3a8d09968e48c185260,659655052.0698626
12785f791e04b3a49547fbc6,978879387.3000613
02ea72128a99862e9537718e,708221010.8350914
fd77ee8ca0551b5b614b40e1,856561848.8214574
ffbf6a54fb00029ba24dd3ad,459759280.90005594
a295b12b773127f15e83e174,574325717.0840309
90f0cf22cf9c8fcc290e495d,466475238.81615007
220d466e3737f1f2a8ed06ae,420824513.1183945
235c56f4afd6d87f1b3e199b,473749234.1536396
eb0f3b14782c9a484408c606,689802864.6956207
4188712d431ba996cd59fbe5,600079104.2524579
3dfd7e954d6f7f40af60bc9d,505826562.60421634
00e80be4feb1e8593b7713fe,591628736.3093343
eabdd1bad2bc4351ba4a2635,745841002.3406125
850342685ececa472945f7ed,543291735.6837544
ecc4d05489c5ffc8164d5469,429666816.90268
2406d47133763272a965ef51,441558770.1437653
b9430e8c145c2a0d7efab2a4,603081658.477832
4f8dfb8de411b8a05c55dbbb,658774284.8505406
574b6bef16abb21fd67db401,546155540.5434579
e7ef0d61e27de15f10b0d643,745841002.3406125
647ec3f486cedf045cdd3b68,544987073.115697
69d83d8492db7ade6c37c3de,541939912.0769397
6c07175274fba6a0dc467cbe,616424742.0785656
a5a71962df1b8bc45bf5547e,665062422.1048278
ff61abc1e7843e20b1bf8656,460022309.9611738
540c4d7a79864885d73cca95,464247168.84417707
17d0f69ae2c4f1aaa1aca9c7,624551316.7803191
80de6a9303eedbfd1c69601f,664413811.17550385
7cf573f273b14a6cfafa3ec8,544654342.8725141
eb9ab213defc2de5d878653f,557206586.0346577
69f7ab8608b5328f106b42e5,707843065.1874007
9daaca90887e5144c35daeff,485330734.0981154
2bd08c0964ef4a95295db843,786767405.5072609
34f0542a538cee9f3624d897,427377865.77132946
847a7fbd4425fd2fbc4b3edf,1131277678.6626413
22428154baf95870f1d83fdc,644264273.311387
18e89f083fdbce3da0a82a4a,980091827.3192698
63674e7ddf6f2b4d7c6d5c1b,410847831.1974849
0e97f66cf4208c1a57d1fb17,468660849.648436
a90f7cd68b662c87d9fc2d5e,638795201.422826
2086639384041f3a9b519140,694374215.8817365
d38353aaffa4af168518c6c5,633803552.2414744
d994f3919c3c8fe0ebd538ad,893666283.0474658
ea9d6dc517c77ff8bffd596b,884998165.7586875
ff83788b9f8db0297f6c0148,915286066.999189
9d9564415e52518c2817f66f,523489745.0419777
9362189c5d784741c9b0f8e7,793645625.0096813
ffb510bd3f847f4ede255fbb,418212216.14818305
7d3e4ead63a869bae978027e,749124987.1054771
5dc404d1c214abd2d45b2a0a,983624940.541938
64335f6d4c1a7514377be77d,543405908.0882622
b81801f02a73feb1db7f5e83,980258159.0800899
b5d6fe84ee7c6a703891112d,973417550.6545583
af0502ae1fe341c2ce1b5325,545074963.7012697
ec43b2789c9cc266a8e0d1f6,492690050.4226879
7ff8b0b5ab4fd12f3be399ce,635986519.3051039
d5c8073e3ceefbfbb547eee3,700570096.2712895
66379c5752189c150954b4f0,430450471.2031974
6a3f9046cfdbf4eefca3ca69,536522100.2924065
b549a72c938d767ed504bd83,718660979.2981509
f48e503ebd3908838c1f2ae6,517856907.91484636
e58ba64bfa5280630bfcfa97,638618518.6862859
07edd16680605925192efcf1,619842429.8213644
70b821bc1c7dd846a8be343c,469767100.620281
d84d7edc4a4896c4a8722328,510492223.5849387
6d592a69209ef3356e656c44,493661513.6207991
ca9b2ef10b512905af6be620,727066173.7945353
bbf16146922556095f53b5ea,794672983.6358674
86e80098f5a3e7dbd635838d,712403899.3164865
dad46c20f9f7d834e522fdd1,853352594.8996186
e2dcb036931bf4b2aa030036,1001367888.1444826
aa7a25411bc0f9f93dcc40df,444304251.9358737
e192181121fe58a8bf94aecf,522794073.43651825
5aa715bbe2b178ad0c9e4b08,844331616.9608355
43b5b5a9a1615eba48ab8b66,489792468.06548697
dc91e3fe1b190fd8cf2584c9,520112168.49124265
1014341bbcd2fd5775631f78,505272108.4853484
7f2e9d302a6ed1770db9f7cf,729936270.6217041
73f4074e5e09e52e0e03598f,729150793.5919323
0460eacc73398bb95f0518e2,1001726835.7506437
5a44be6fad8878eb2c394ca9,903957408.2040898
936cdcce007bce08a72112b7,563847416.6098601
8334a4cc7db8ed5c0071fe95,567320476.3101857
e3e9d1d073b129c697c1e9e9,643405065.7163706
dd9a60c3d502ca3cc98d9b73,634569816.9696441
949184accb5878f82fd5c10f,908087025.7136452
bbc675f7edfa0425c78c15ea,715066407.1089125
7436750d73f2e56b4f29e98f,622273366.6197898
cf81103f31f74edfe0453de8,775777101.537695
620e467297aed5c47e22735a,346985457.92729026
41037a3f8625082544979179,515075889.76090086
6a2db40e5f210a31b2f7119e,608323887.5182102
0083ef74db679d22463a1afe,703972393.1220734
b19be1ad7f60717a943ff0f7,449618313.6260391
0906b6a88fb1eb0d7bfb6bb5,486501439.2650135
f82adf71d17c261b41a5231a,761359313.0001346
bdda694c42c52ba4803d482f,750187369.1587818
80f633154b6f94b8fa24f213,577265866.1382996
f69aa18a64d8b8494fd9fe3f,418645507.1824617
3146f3ec9b237fa0944cec7b,575336341.7883081
5db3d671b5aa03dc33f258dc,408672912.0341305
d5239537894ce7f2a9cb5a49,495752471.50835097
bc28e66374356a4fcf9b62d7,588812044.0056484
3697e556be961a16a621f3e5,463063788.857473
bb6f66493fbafa76d70b0a34,655487510.8644216
e78a4111d943044a9a32ed80,782726022.0693016
044e2daf937c0d8373f2e914,729815191.9245557
77668d4325802de9d63609a9,668942218.6566668
a85ba83751915d8d5d1a0e09,747567596.6054559
429460d5f5c5381e945cf449,697747544.7430359
a53dc5c58f7384729ba37a21,680062909.6693226
a4dba76865fbd14aa19c0286,1042135781.0474592
7573c18a79e5e3ee0610d7cc,747418607.4726171
f13f72c1cb469db92b25c2fb,978886994.9459063
45dd7eee4488e88d71d46783,1204276965.9598525
dd4fd04b9fd80818bd543f9d,759181795.4847254
500a3c5953f89b431184fead,933720108.1526122
d2e737461b916ba78030c76f,797520824.3141499
e1e69b5a90431b8a44265487,539503668.0740663
49cc8164d94a2afe8b750af4,516189159.84528697
e9b054016b281140d2566d88,889331373.470081
32161228e9c502d2c21beaa3,556867049.2815409
9017accdd4fe3229fc45280b,306942229.87997246
17fed4a312a9b773f64861d3,433318457.633924
8632f5681d04d9c934675409,1044965302.2397408
8356123e4d10a479a12e98bb,573833814.4625592
70463649ffbda5fdf3c10ec8,684758265.0926104
1414ec3cdd3f6ab772fc7584,700171141.8299862
937708417ef2642b7d05abad,1010484185.1424439
afbe90d764c1821cdb26e38a,486085352.63459826
14331a3db021936067b15890,543368073.6176505
793efc460dd25b67c644e92f,612952851.167728
0a9e4dd0eec86037a36fe769,594240464.3951571
e5168779de76d99010e37c7c,817974077.2848701
016dd08801ad1a1e7f6e695b,963867024.6231381
ce509ce153f452ff8a997538,774610925.8216734
66d8ce8e6aad18a4963275fc,761332389.5874661
8398e3b96d1311c7264f6603,990796910.515756
e9081115ab418ef1031326c3,496719297.9885957
5c8240a1ebf6138f81dac715,800194717.4055234
18cb1adb2078fef29a613a96,539511931.0388291
4167fdc804227ed43224a32c,873041256.0934043
b5d0ae257748ea92c47d8fc2,394348875.07206833
1d17f0ff708e6f0b93a990ec,784441439.7515122
764f506bb2aa1ac4de918a71,630890382.7168188
7a861f1e3af4dbbf55b2c301,510772314.8145547
1562a23a312478d7a05a33dd,704866348.7988235
0a040fd24e23a77f0c58495c,661115914.6394057
7f0f5931fe148f6187ebf512,768326634.1697904
9fcdcb2be94744d00e734a3a,1003811402.0779319
f181f74e96a93820a23bc0a0,494727807.6403574
5193b43c32a2bfb3aac6b2af,884633048.9875251
6cc7718e834ba47a429d6874,595300065.5740974
b8d06f4ce0d6e71ba0fddc26,692031081.1841811
30a30e4ab286fd822c68ab5a,653817391.8074467
f99bdff027d28ceca0caacd1,799722599.415802
f46f5e911c6c595efb5b7ab5,793016447.697477
a7f0c831d82505044f370b1a,438939335.978942
17069e9f4ba45c93738b109a,521228634.5844533
dd5c910c2a3d63b8fa92096f,590062784.1017969
a33329c9ed11ee8b87aad6b4,467230870.4020191
925b457b5df270a68b84753b,346744730.1688095
d206aafc71e8aec2afc3f8ee,492201098.6495679
f8232717e74332384075dde8,399573528.42403305
f60d9f0751a14efe41be383b,349380801.1210011
13adc7946bd4e6e3e4416e52,434339567.515546
230cdc90e6c825d391d5025d,445948664.269552
e98cb170e4383546988c6829,590062784.1017969
5bc46671989de2534553ae49,541285831.5430787
3b98c8e46cf8477a1968244f,621743550.9589878
f9f5fa4ad495197a5c9b492c,347354373.7893951
0bd42f8ee9d36dae4cf35886,371822698.1308818
567ca46ac91cc53e3b479547,419955891.8990149
f0ebddf2bd5aac661e4945ce,551623368.0142326
eee841bc785b1824b6419a73,720267268.5119673
004776514ad269b380581066,524695075.1872379
bd3edc7854cffd6b6debfb98,656605265.4708165
0b42bbe66e438fa81a2ff77a,592387254.6893144
a33bfa6cf99e26bd9c49f8d8,602928067.9649339
8b45db8a4f2c0f772c8d44cf,333734300.1475193
262b5b0bb408d7cf53073832,457245612.4782877
5844c83fecdf7e09b188c2f0,582048792.5344602
9cc3c05f0e81b8f6454b80ea,466127462.0439267
07c46b493733d74c4f384b79,646146014.4204967
932ce2fe93b8e1ec0e7bbc8f,423486831.8449279
559fabe06aaee537322d0af8,436183641.8641149
f4da2c8dd901cca9cdd51025,582192678.0152833
84eb4861db0816bc8722f379,602715402.3982667
d0dc69570223bce949a4c17e,535786844.9512642
abc2ff9d0e7848169fca170f,388840202.6432726
3e3880088f0df7c447e27840,566307664.7673585
3580dcbd0a6d7d6d3546dad6,737547839.9443123
f123231ff18912a3dfd7cae7,510428360.3910585
78a7eac41dd672cd1863e3b4,790980120.9113384
97def72de478566ad58020a3,746461211.2606937
e3e2e3080cc309d34014e8fd,583939198.7060435
71be583d473084bc0608d066,660916486.2347888
ac6a4c672dfbe20f5bafbd89,602783400.2503668
f4fc081a112f5ee1b3a09e70,713618276.1368979
d8add8f5e0aa562a63c894d7,737556879.620731
88ab887e18e38d0b8315286e,773675344.8726221
07c8af84608e6c9206ad6961,604423031.077158
2b352d996677e67156391e25,576540175.4462061
ced624c6debaa01c732e9f60,702468447.5641867
ef92f63b46f27ccd2151a21c,604445489.2706332
f4022026c279a9b77a894ee2,601510497.4553002
e2e2218086e6ef5377c01b68,727089361.860411
4af83eb7718f5823ae69fe47,682377448.7558289
ee98e745afca6de4550fe570,602517983.548879
bd1fda425d792fb0de7b4499,564445464.3836012
86b2d3ad1dacb372734f810e,566307664.7673585
98abd5139cc3ea136faf7c8c,701760570.6215755
4582ec985de48290c5f1f5e1,644933369.6302688
312a6b2a57dc6947f95213a5,398446581.9643171
86a47522586da2884181f128,570061347.8516293
b41edc115f6b439caf392941,492817675.32709146
fac682b61b813044a3e3ad01,714947173.6826775
63f4e57fb2cc22659e80d6fc,365408438.94615006
4310c7a552b20afd46f930d9,657391833.8159356
4f18341de355d2cf57a03983,494189595.8439492
a418dbb6d04e505c133c6c1c,650378596.4467332
afce1d7c5576dc49c80bdabf,556367574.3006309
5ec12159380f4d1a85e8b0ef,482390569.1689256
78d10967c36cbf346bd58f63,621895179.6998923
f995364cc33c431b3c93db45,703439349.1276046
99b31d0b5d5ab75a2653b1a1,497735311.25247496
42d42ad031a2c62be9b5cdca,602761662.3894044
73d09646de4e0ab46feaceba,485950565.6032854
bef4759bfc25c7d44a8112af,582048792.5344602
c038742e427830aef3ac1c17,469562325.05280834
e96a7f5424558193663ef6f4,684828184.1539657
1af243eb63d893b1251f44dd,604445489.2706332
a083fd17c5e7c9d33540b922,436323689.1586112
549024cda1c093c9f8bc2ea3,432674228.67474526
164cf5fb9a759f2e4be67b6e,628343322.3318235
65ff6cef76efb4c83ac0611e,518514112.73675084
784b1db005d39c2f57666efb,629599191.4717762
a2f06081983f748fcd74652d,457152796.33984375
66e4f010db2febff23b4a4f5,542370194.4425359
9702cf3039b86f97c003e20c,668224934.2330555
48de5d43e88caea594ccd27c,758620819.2036202
6732c28a236aa1ccc0cb2c86,920114410.3800054
8a1d1f70adbdeb233ed3ec3a,619290038.7335635
c775d4f60fea55d5511da4d4,600240994.1867657
1f4109e1a4b47a9b11c2c019,786559493.194736
31ef69bed8e54b5e1fb245aa,679837507.7382923
882907ccf178b23a02ce262e,512557368.31828755
2868ac4225657a13f6149e6e,655945947.8010737
cf6f0a3cc030024f4e9ad06d,676835812.0335425
0a1cdd0d5c3c8b973ab1a98c,829880736.4049958
0d099b1e1a314dfd9aee5293,544532168.86264
898d1eb301c92ab6603e0b81,585619117.4821539
9fdf7d85fc65849cda3afda7,707224210.620936
f5ee97750fd4e04eafa9d1d7,672380363.7025526
ef9cf29f71434be184a4ebd9,703319444.9107593
e4559824c3390efd6282960a,567243810.8242159
f8dc73052c66ab334cb7be14,657507413.2130725
2e992370de3eed4ec1271589,677809661.0632201
e2bbe9221780d01a265e2ef4,688369798.5613331
b65a2a140ad5fc6e3e26b6e3,486051118.2572721
3dea0748459a295fcbd2f0b6,553049617.3714008
7a1cb1f751cd36bdb6412ba2,664459780.2029577
1381c0399ebbf19db3a11820,486051118.2572721
479b2c9c12602551bbd0212a,530561215.91457915
d463fae95232d30e0f78f93f,469773424.0300525
d0df2748d371d98d76408d66,592763208.2886878
9551dc6098b721dd495e5c57,819415456.5512239
fa736ec3f2f066cba4328908,649064157.2409309
37fc4ce5dfff7faba6bebf8c,797197597.4484522
f336d60e41c8bfee91d58728,703594343.0306636
65e1a61d984712e76829c821,851483464.7893065
65eaf65f8dccb8e49a93b753,668142103.658442
36eb8139a5ca1b8459eb52c1,700132197.4167417
c357cc3d2f4b45ca3e1250d2,619916209.7058704
4b75f2b374e8674e8b55eceb,879504158.9619982
9c20784acde0823e9479be2f,648567816.3500873
0f2aa0d9fdcfe894caa8fddc,737153989.3151624
23374ef76774d4f95f022473,953942494.8524919
4224e69acf9fb071d4cab498,891452515.9250453
a41d05f2ae3e022c16088bd0,936408289.3379787
9b30c679d7da9169580773a1,836592280.6079638
2795cdb2f4d568a782dcfc3f,897240169.0129527
5399af7ea98c97b5906efe1d,816468315.930631
5e93ed2a9b36625c4450b5bd,727212466.5056044
d04d42ff91707e3957b4a29c,890349202.980652
f32ea78bc5ea15d700d3c118,601188777.6545042
8ce2d6e505ad1da079f34a8d,907730847.2726822
014799b9ef7d5244fb6640ff,911579197.5742716
f50a72cfa82f3742189b7fc0,972148785.8425455
8876b38f90f5571639b7d879,914947975.609922
239a2dd25f604c730136c720,914468261.5009387
db297b6ab332cbbba338e7a0,604733566.0563962
5aaed76349fc95f6c12ced7b,1114041864.078528
10c94f25ce3f7532bf4f3152,895610236.2224574
d0ac1f63c75987c92038bd30,726168202.8245213
db5ea791b33be91840a6d045,847627415.381479
8627562772d9d63bac507fcd,791566914.4026486
b1ecdceb6ac00b6b047c241b,826415050.8490884
f499c1513abf0b05aa1f460e,1082398143.9237611
0d8b0ca08838d1dac052d51c,897973788.4166058
c54a573c9aef013dfa2abeff,988837908.5479624
f02865ea64b156bf4cf4cfa4,1187348647.6895726
087b564ba475edbea431d4e4,724142018.6603736
2d3236cf646f19a25932676a,936932945.8595651
68b547621c25c7418cfdf5dc,760709995.2873533
097a1a08a389439cc2c760f8,355332360.6312971
e9c905ff64c7e2f8c21b0a9c,374527940.62291366
464039bbcabc650d659f6683,681686529.120811
93c24fa31fa780d28ecbc318,645320108.1472805
a73206cd21136b209f25c7cc,525750620.52025896
852a11f12646f0a1121824c2,450816825.47756916
61953f4c9bac7cac5ddda5d9,785604149.4010758
5a5377f2d087b7bb183783bb,703519199.1611478
0a85c354c48921e0ca202d15,1076346663.475875
12f9d50fad58e4e40a187d98,754896014.3076595
45ac018012e7dd91d41a5876,551103673.5330591
28f905e91295a47d106a3214,966961281.206491
395e3718423aeac3d40494a7,642902659.7541382
1fd7e9b1e717578f751c21c7,631205215.596199
e8bdc4a088a6b99a538a6f0a,510789295.85112965
45b894a8b028be29ed137f1e,1103556822.4176433
f5c866d489889ab2f124799c,789757750.661698
3d0de71d822da8a999bb6222,660080419.281712
ecd0b4bfd66fe04c278dd4ae,618296545.251898
9a61bfe6ba2b8364a92e5a97,709673955.3941557
e8b8d0c4cb87efc13344bcd2,921120481.4337084
1f39ea319382fb0e41ead713,939011852.0130125
d61700c4ecc128290bc42d3f,382399090.4798679
d87cbdc4896e0e0160999520,500088269.82949024
d1281c9f037ea5c4fa683b84,525644234.567288
310e768d2e8836432f8b3e97,491534757.53578985
c5498cdddd7856e99d21f52b,573087084.9998404
d3169d4a467cb7eac41849ff,632791691.583622
2eeb4b0d7afa57b63778b69f,1051689073.6116868
7b3621124731bcd2e543562c,707794092.2731739
5703b4ab6e77d88f751bc6e7,735208815.2323967
2c567face144ca714454abf2,985365193.8368667
7169b5a3b9a796162de685cf,940033772.085773
fd19e1b2e61f5efde879f6dd,700570096.2712895
55f0e95dc857256aec65ec1a,1245886862.3144736
ab03c034e2a420f395ca094a,593512875.87378
ee3c0c7fe3fe73ad0449870c,1567717209.271924
e59afca092e0ddaf60c9419c,605855727.0230435
99e48a46a1a599471d3260e0,420386100.09829265
419398139a3aa2ca2be3f941,475113645.895627
54c33befb89cc873771c3be6,835507671.0606377
cb29bd3ae3d5da88c99d3db5,694845004.4239972
24258361a4ba8f772a83ba7c,751609565.5647192
539c12d2fe8cbf950b75a0fd,442756559.965363
7b81996f3abd287b50adf8da,1057924949.6205144
0d9e73c14529fa3f1ec8a56f,659378862.264643
dd178fd542fc716e32b4136a,534828319.8705573
9aad22f3d25e46538e1558fb,802413709.5854411
93df4118ec3536b312822d90,885885768.185958
7c6319c04025c4ed6aa3f051,659378862.264643
98e04fd660ca1276d1510a72,690023644.7089278
4a8eaccbde5a4a6747818d29,627411407.346625
9f6ae3eaafbdfd8d5c0e64c8,857787176.6859959
5929c81cfde8ae068a8b822c,805169215.6756262
b94ea2b8b847a47140d04008,919300721.061405
ac1b644a8d2ec042ca91f89c,784842382.700958
8df9256029f526ca313202b7,861490405.2620516
e029511780468f4cfbd10d3e,643186740.7815847
0878fd8b66aeb22f6af2d7af,608520972.7957249
76258b7b7e8778cd60d3435a,612959293.5493581
d64a2ad3297e2fad8ce66197,577518471.9314665
8af6bb75c85a2789156b3696,335483984.815842
40db880aba8951909e6e4ef6,739106950.4547116
c9e20cadac540faa59d9aa3f,435672578.4023861
7d5459e48101349c75d43aec,620406414.2645756
fb0664d59b6333ae1861f343,731781389.7864859
bc6b57600fa9edfe13fb3118,681969948.6309577
d309cdb5688ff7bdbb682d17,683684155.0344746
d17ba799e68d7775f2104b3a,781936743.3603128
2baa6afba131b74487c94d74,637132649.0087881
0b7c8732558fc04f4fc51ec1,767197082.4337544
0d8cda2859d9903f6202af54,528031498.1640008
0f2913c5aa681a2bd45a5484,694343268.4157853
de6010c57fe78d975be38c2b,668312951.3764071
54b474bc7cb126bfe8e6c144,821153375.0219675
b1dea7d384760535b770311a,615425392.6806113
9e90e02c8ed3ad137e4c3abc,490181738.9326992
b59711a5971a3b482db4d9f7,708221010.8350914
2c37a1280b18e095b43e19f5,673317362.4766922
fcd7c10d81aff25d9233214d,651233680.4149178
c3b8bbc492a7d7bdd63da22f,741601521.3164244
42aaf6521fdf1dc9bc50f88e,523653304.9730266
3c268e9119b8027f78f91954,671195538.2377437
c8d5a0e9614dcf96a500206f,478521734.7210104
6c778557da9b5d99f90b1238,758616489.4831226
4514844d15690b7331fdb6cb,569763613.4644874
d8e981acf77bb46a9dbd3109,707187566.7786101
b940ba03ea60d4cdc5d2d429,605894869.9638555
4fab4e66ead1948498d2a4dd,479890315.09011084
a5620899d410af623a3ff4a9,1062100095.1478741
f45e3be8500d7bd91cc8855a,514644810.96335363
4b82eef445edeae7a55fd019,597023654.115427
29881785ae39aec014c4982c,833474716.4217582
0d9f91cbcc9339146bf75bba,650675474.0718759
b839e76df5d73e7d53691707,790036931.2053924
7ac96f16bdc50ee7619f3548,948517040.5159596
a102a0a268840439c2c8f4c6,437150140.2448028
e1132006785632e4ec5deb02,614524667.3096796
a041ed3fc0b60fc4ce3cf847,747517990.3768364
84b758716f47bb0f4e4a2bed,678113083.9241195
84394774ab45e0c8b733bed2,525974858.0720838
2c1c91f2bb4d9dae38a44360,598146072.9814785
8ba9304ea7b8d2b071bb0699,649046345.867332
9a76cc7c650230c670e703e7,771763507.3376503
9b0833992397c6e50b54715f,653084616.5635269
6f192e6a537c1509521e1e8a,808663942.4266424
d1668e2d35a939ed126a3f8e,781352609.7940983
a17807447696896bb61ef8ab,981702681.7061923
d043d368d2584ae95ad3672c,750639928.4525839
7f2e3f2eb5abf86b56897250,744671813.5768679
fdb1cffa6b7346fde667d72c,494315949.707428
58a3a9f44bc7846ae26413e5,559593535.3449748
af230af0c73a5f2b72787c1b,873229510.2201142
3cd5562115870363ed5d7558,803901501.6964883
cb9d8fe7c18dba6827836403,612899115.6884446
742fd57dd463c1b5cb79f63e,528254985.6679525
0d30768d188b6bb53d599ea1,757043217.1053385
c455b8a15dbfff94c2909f37,560097130.5892732
8541eec88f0dd8229b4fb041,615867225.1973395
54aad3aa4a166d2d50df48cb,882534116.0455381
eb9a59d4e85a3f124e866f47,727862960.9973878
d65946f9c27e417e6bc60057,425684383.9441116
dfbb0ed74ed85bd186f40ccc,438832302.06198645
84b05da6a859ff5384f37ee7,456126093.7032987
e2da7c1bb33be76b86b9a07a,524365674.81661016
456243bb3fab3e74df21b5a0,524217321.06833464
a947c2ea296f1da3d10b0a06,451586574.50315446
3929df6d73b3ba01bc018476,388010278.33790255
ce44699aeddaeb77f23c9b9c,972665847.4033002
3cd3537b5f9475657060cae8,1148070185.796998
4520ceed2e5fe3458850a805,943987888.8749334
00dea98fbfbfeae74c513bb6,973878115.7297014
16da41b1128c039ff8f83919,550412652.7694974
111d509185303ed970d710c7,1193291818.1216986
83ad1ce7ef6d70842ec986f2,582123164.3506179
74f8ffe35e8d3bc9be725d7a,539052983.7513986
f5e7ab7c2edf566fa22501b9,886406808.7627954
2e1f3fb2323fa16150f8bc88,598549888.7268007
f8bf37a8f81a310e299385a5,594690929.7206877
7b71229680a50bc26677a427,602126916.8696457
1f7daef9ba898c4d8ac1c81b,590304216.1164455
415b68c7a5cfb073676c443b,601138709.0172023
856559e93205dd1561d8ada3,722789111.1540025
6d534e4baa1740d7839664eb,583600984.0084112
9ea78159ad117bd9c0b04291,529640968.8222111
38faca2d6e338d328428f986,554212532.2954632
fcc6c3c10bb52776accaf06f,737204462.9415505
9120f0e5a6f505a2553bfd58,837860666.605186
583a8d8c5d7fa63125f62155,685429446.9441168
3d04304c8644c81114c36f98,745025359.0895534
21fcb5c7e497f0580b820379,795625194.4104346
6542b39cc8d2d13dc828772d,793012604.5211375
091f6342ad934f4e7f84045d,1130897714.0061376
fe8305e287f6a8e7899c9459,699684361.8337108
d4492ffc4aaa4ca9c4dd2357,820545376.3507041
319b9accf9980ef2ef81099b,837178679.7045535
fa84c07cc90e2a2058b57c9e,665734976.7928234
c4749eb8f59cca469236df01,452145921.639805
b8a5928cf1f7e704e9933bed,542821624.7914659
c2ffdd10fe424afa1b09f31d,555890259.3930129
f221dd5d745def063eeb7258,850458589.9312887
319ba1ec06c9b6ca6990f4c1,934306703.2063648
29e7796eabea247af4e8a0f7,740273746.37183106
ddbca69ad74877086c4110e6,783573437.0767068
c858f0f3f5594e7bb0f3b6a4,932397053.7365464
88ae3f4a8ef76675c66e925f,1060605409.1971053
27e0810a702796d97878c34c,462580358.9313904
7450139ad1b39b2a380472fa,957553932.1580604
35ae7661d8191507cf9e7cdf,561553446.9353886
93b8ea95ca1c1ff3881d91d2,598058518.4099782
8e4709859d50a75dd08b03e5,497815644.32131803
7026113e0cd7b2d17f8a3459,525823262.7197941
9af956dd8d83bc715592b97a,391192873.5831856
df10ecb67d79e645f77a90a6,640577452.1956009
14feeb619f409386e6eaeda5,468815986.55886424
1a6b9a6d92ec5e905ac97cce,690904489.577407
057585ba19d6144408d4e2da,592551973.6646049
72699647b590d11ed9b2f2e8,461593615.64353794
cbc99d6202cd3a31e1c14a16,499138647.6477221
ce1d63bc4411a615b816a76c,849374348.1313494
04f0fd25e2456759753bd2bc,697000193.1410813
8c0154eb5be437746213aec8,920351892.9576404
e23017438478050a655f6d67,734747516.1735657
8f0b6d6dd914911c7e90d302,873248097.5973407
4b38595746dcb78fbb459781,472954116.16385263
95aebb36dc0b4ea86db49492,966003797.6843153
f900f7a9c5e2ea51689e8992,911246971.3750582
3fa0d9e247f28968a5bf8476,450603129.5633758
1240f50cf2d8ef1d8713e671,465764440.3770251
14a55e5887af840860b41ddf,492153348.90390414
3ffefb3f453c54585fa6ef22,758616489.4831226
c3b357d17afd631df02dc39a,782822765.7291099
a15aced0fffc97e219f99545,445301241.9091015
cf707785919dbb92cfc7b5f6,1104979057.2920861
70ebbf6a402f0f707b893979,604454647.2652388
aefb3cb6ad2de9ffa90b9534,504804453.58703804
b2809471a0164e3d41b8fa60,1022656016.2556081
6d11001f164d81734a82ec1d,491268198.7735944
ad71acd782a4fce4d9af04be,612638181.3443524
ca86f53a857c23b15eef428a,845841324.2086687
580452a616b4f5170eb628d0,636871224.1368083
7dc609a3c7a3ab1f9a3146e6,640344171.3448313
e8fc9a1fd4b39f946b914398,381133663.36151135
0d3bc6532812ea618d154bdc,824033239.3751055
1ee436f045a0662037f9d2cf,607977858.4969095
8697b1d337145af0ef8e4619,1108038690.6971319
9a08127164a0bb61cefb3680,539148782.8351542
e08e1f260e5c3231c49e5a96,447317916.65775424
b96502e30fecdfae7796f1d6,537867079.9068414
a0b178016cd26a1d2072e7fc,489497179.44020253
5e3d7da3cfe55ad1fe609579,683294410.751078
30f77637dd52e728efaddd6d,797903442.8524761
2202c5c9a16b771d1e242c18,741333400.2352047
3dc8277f29d0a2406fa25ce1,667073036.539648
a0f86ac00934b57d85b44dde,669750631.6126276
9168a08b1fac4c5448626ff0,696024276.1582934
cec8daf847f52cb2845a9f58,783360370.663526
ab7559b75b340275587e50b7,1156460270.670399
a392f7f9ace844d712ab2b4a,805662429.2332917
dd21c6799a32ce6ef27f5281,650777328.2997133
275ec6bd936600c7eceac599,1037401276.3783276
978195f1745ab7e3d69e1f50,876873170.1062565
0e3f82238c54e85ca4229977,707167471.2623705
bc168cfefe964762cdf8755b,742265878.1858526
d22d5776b6305308c9e774d7,666519303.3434652
94d3fe901550dd4ba77ffbaf,755229306.5858078
63717ed97f95e32b2ca321f3,710279197.7278754
a7df0496d6ce217fadfad10d,685057061.7701751
51a696388218fc2e412f8806,674169363.8688202
a918c218ff761315988c6335,774610925.8216734
d3609eabe59175fcb4441ac2,1051876711.5151104
8af2e264b801b3e155e52be8,1016930096.2121074
76e4ebad138d50c690f0aec1,379514148.07589346
9a9553eb431458a3e30fc672,721352371.1913408
117f37774a78d65f9e68f906,510927754.6397275
0c8b133effcdbcd49d52add5,616522173.8204024
5e8b2528c1c0a5c12a476919,850113285.4117298
38d6842c2807d54f386bdb5c,747530243.3599031
55f747145222c070fdd50175,829503816.2136915
ca7d715827b39c417e5b75ad,713960697.6756119
b219848e66fb065d4d2441bc,778383216.205291
a04d3f4eb8810a346fd29ab5,877827741.4983672
0b06da0ceff947975cf8951e,930422842.1407161
3f35c44229ba13940d8a705d,985209458.1992457
8bdebb8914fbcaad625b1764,545979249.542049
f4635193372f669612744011,898473533.5866853
611a369172eb6e3e2e4bdbfb,1062747999.0883167
6689af92cae5d7c9c3e2f215,998367128.7063339
e382002b0685aabb01891743,612198332.06659
edbb6dd10f8c9e7596368225,660366555.5057054
89b0592a715c9e135967f947,557398920.3544699
a67c6f6400a176e0a07d6772,861987277.5862503
5c6e6dae74e39d33621c7119,822730209.2944219
0e1c100d8e57de8296363d6f,484507781.66653126
e2e639b53456889ab5350ba0,571764089.0094832
93acd9176ff299221e0d2152,704607674.12507
cb482d76b3b4904c595f2dc1,550753841.8288504
a0e15809e0a284fde27b16ee,717462090.1979824
9a958690c3947f5a8f05cc80,698527691.4718577
889bd77c8271961a6e4925ea,632848348.6372322
dc082fe46a714afd43b9dc19,879623267.9094894
99f8eedcdc31cc0ff6fda7a6,465765337.22958845
dfa744f733abef97d82dbb32,683357126.2291352
d50b80d68eb3b928e4bb4317,623963797.6632141
a58acad50184e66794d8d704,517555292.7562139
52871480f7bdf5ac3d785630,633634530.0121448
8b083d7ac086f52fd2942a82,787006945.3426635
301ce25214ddb4b5144373ef,945700235.0586181
6d76a22793aa9b571da64572,783857869.9712965
d7c48db0385bdbf7ecb7088f,1141486480.602607
874e2c6f3e9f90db80d243d0,474443404.60056466
249667af8d0835c9830e2b37,529878466.9291411
75d3c9e0da9a24f4849f2078,620383667.9305435
9e45b127ea0303f973bac9d1,379029724.12217045
daa0be53e7a1d7ff76f32955,699974583.5745983
bf7463534babd284da6ca671,438061818.7053525
0283890ab76b10547b27e634,502567756.9461219
5fd213a5236154ae5206c372,1052174974.9350373
317e95fad7d399673719537e,662105264.9693038
fb14ddcaa459b49a3b30eb3a,791608457.4828304
4cb5e4aa83c476a5b71d77ce,760555271.6615725
f54d358d26af89636906f686,853126905.3379221
f002603a6990ec405d82cc47,835507671.0606377
e3b7dc4e8990f3cd436bf738,536134293.86858284
97c799300453ab511bd06361,648162235.520334
3c1ee7e502c6bfb20873b47c,616156727.5802939
cf7741583fc5315ba70b70f1,791997368.316047
36a0a1f0432c954604825b6e,644967067.5897468
9836bf9b64f27104c7863b79,632892061.0434324
68a3f9ac977f56cd39a6a1b9,934759639.457346
b676ed2d0af6807cc2b28ac8,1106957281.7415671
430112bf4fa9324f0149a879,488546556.41142184
fa00e05d83ee890a38c3a686,580983080.1601487
7d503f126b5863fa0626d4bb,683363980.1380478
ec03a01c961659f2cfd9c973,661534525.6796576
6a112af84d5a81f3d16dfc32,996618891.8994788
4c5d3dd8802acb9ee22ab912,633657484.4621345
d029158b36963961fdcc3974,636593755.9816226
c2071e85fbffa3d2c2168319,569855148.207406
60a04215bee81d26f20cf0c3,596511490.5617478
6d4a961e099de1939adc6496,652405654.561076
2383b8bc2cd3d307caba34ba,584623835.4756521
d9357452fcd193b6c5284bc8,965285052.5372823
863f8f2aeda01a9fea1cb3e0,818389050.1166047
d1a6132098a4bd640321c7d3,491713005.06847423
6edd2530070918074c8e7d07,601067442.5105622
1cfe7df5431f3dc6a9289551,829098465.5287316
c617d1f15d294f0b0aea8ed8,629135061.9362648
bbdd78a7ed332e679c8e526b,402972425.4645025
45969f25857aa7263927b400,740628799.2013043
cdacddfdb6ce41a3eb752496,507528446.4472621
3f87d08afecc4aba03587848,956197367.9841356
f21d2c0802e3858d493c1984,934137906.205963
660f3f9ed9a72d8875a9efcd,661884770.8166127
04e29dbe2175919265c82463,718648264.7694962
e4082fa99f92fc7a89092fff,685788214.2936676
05402dd344c77623fa053ffa,641074073.5232008
c5f7f0323f554a7419f78359,595530273.2852536
501193fb57014ffbd7bf218f,575782045.9802128
0922cc27581d9058e55a2239,593722302.6933131
4dcaaac494053749f30875fa,758109372.2058918
506763d35b04358fb0e967ff,606013383.843275
8c40078231bf7af2f3a06457,482503408.4255461
53e14e867f8b02c6043ae02a,391312164.546909
2364014bfd851a68a824d1da,786155424.7305454
f788ac4a8b2a6dc11c458c90,708575839.8862768
093c849ad2bea8292c4d15f9,1082527978.0566487
71a8b68f38fccf71a229df76,610118264.2143989
ebacfa0a8e569ab603cccd11,381977488.87776303
c963faee3ac527dfab08f61c,740073386.8331596
ce3deac5963eeb96826c14f1,500006194.8119233
5607cef08511dbbf3288a5bd,557792582.1917428
8a9e6d0839f9fabad2fc3214,592732987.3693141
ff03a8cc833d067d439b9903,623347244.9006877
d3e119e8fa4d96abaa8c43c2,716199519.4138498
25b893f6073bd66258a9cf03,819335516.4311159
0d70ceba3aea278cb4a2082a,897114891.8736424
07f9017eb4b8c169eb9de536,1101070162.3550403
7cad62cfb4fc3ad9acb09f1f,544342718.979703
41d174db6f695472063ceef3,713211464.7268625
4ecf579a5d5e70d3b4314ef7,768264404.238754
41df29e27c0bbb52aa8ffe49,571477806.1376516
cd77cb445eb0f72df89b9fb7,668272331.6617036
65766c8572b629744f00b45c,622974318.5437492
946eb4523f76bb23d0348309,652974772.2152623
453202a234f5b370ae9e586f,648579254.5745864
4e1b5798dcbed1842f260b17,640974214.3895488
f1cb3c0b97ae1c6819fb86e0,1264524080.7106657
24a89527a6744456750baf54,490830244.51100916
a281d59b685eda4978e0c84c,812648379.7604777
6cc9d912370da36c38ac2cbc,748976455.65668
10563c278e7ce8eb2066d398,744342967.0899109
a1b0b8d18cd78b7cd555dd55,882876259.3869964
3cf9282136fad24af0f7ebb1,676722940.992113
077659c14c3cebbe192f8247,793135646.831559
c372834e8e7a4279f861aa4c,604963825.649125
29daf0d5008fa9e3f0f30132,504881127.51143444
08e1ad8d1f0be0287a395ef6,509290967.145362
19c07fc2b01a0edec4784e64,803604607.770551
c2b5216a8050ea0fe4008f59,815115440.1602339
29cc054742b256e6fbc6da1c,804662383.9312395
755a3e09dba04bb6ba6c9851,681238469.4710907
c98157c582392cb895071f28,620332964.7004476
84f47e531a916b7f7dc1f1b3,594981167.2837677
231688922448e4d64622120e,606790630.9226213
9c7c68df14c238ce0b497dd2,761225464.5152658
d5e29042106130114cf3694c,593962467.8129957
08d4fa42a34c74c94db5080b,996410362.564902
e89fbcbd4d3414e30c30fc29,616490148.8220682
22af7bb676cb4c9ffe014506,440856510.3642895
b20d6ca58e91ae70b6e0a1a5,767988178.840068
5c372bd1e01f3243256e27ca,444489596.33957696
1242d7e61857ba8ad285b6f4,838524640.069661
196ac46f656726bcb8087ba9,687149600.9873185
ae513b65e06b69e1ff2ad8ec,404265855.96732765
bb26b45df6a70b6414958912,401525941.9309989
9425283b41165156aacfd43b,538406968.2563151
689b510fa99bda54284cfe7e,558559729.3269988
c57d333e383039db0fcd2620,706881834.7705152
86e98ed0bd2565b661b81ef4,717540063.7647985
0e694269bbff1e45395190d6,854569114.4537338
6511180e3128e083bbbb6940,721222771.0989953
59b271bf9e2d29ed35352f5e,406102844.4106844
a4c324b1353d2f7ea3ae9727,406102844.4106844
193ff8d291a9f163a4f3301b,523412038.62884074
8ee4a7cef562d388b8444c29,388102414.1077457
53bdf5c3cd800459acca551c,464409644.16415435
35ef99962cd5984ca87bd326,516063256.68118095
dc33d5ffcd2aa2b7d56d2ad3,593962737.3508499
05c47739fa4c4f00285a2c48,781586572.8265562
a51d415712d8d6c8add7009b,756979744.456615
71493c81121558b8ba18c1c8,401525941.9309989
853a14b680761098d4bf6136,731475575.933913
c9d5c08973c493f3acdef892,660205253.3876654
7dcbeb0aef2e2cac0d73315a,379514148.07589346
ae5a4da0000f79f12142e2a7,669996599.4158775
1f6050fd5261a2d21d5a178e,298790674.9468734
e3f39c6e4a41fbdc4bc30e0f,715564708.1585327
9d157878dbb41c14b52a956f,572510799.7394909
e1fdbdecc84b991f582a2e00,618243459.460123
3a26efe201689493724ba464,537867079.9068414
6670cde3fbc11c263c6c3163,558627422.2414141
780ae52ac9eae675f6fdb312,504028037.7464961
24f22d76b86498d5c3563288,809250454.7712164
fda25a0b6b9f62f92e3ea6b8,689383019.3668675
678ba0c80536dd27e385b31f,408338249.4416805
ba0d0663943a118228fd12bf,448571857.0818436
81ba4b47e9222c15c4102992,544156517.6302072
d9ec26c1c3e1811e38f070b2,588372228.8241065
aa850af0c6203104e6ed02fa,544740000.1675653
c697ec00214cad882d5e9812,492998372.88718545
4b193d78ea6e3740bf37b36a,492998372.88718545
08c61259a756e617d976e8b8,638484785.41328
c1c1dc8df6996a94ef3c7d33,442233829.5823882
3fdfa23ac43d1df0503ccf1e,679816902.9673669
bd4526ea5b404df442892788,450154480.49468684
1062419f9cf94418ba88b6b8,531060089.6861657
1102f91444b8e1abb636f1bc,804847130.2140377
b96b4bf38bdbd61d4dd0bde5,747530243.3599031
45ee2db87e9ca0a1a9faf050,614917317.3897835
556cb23459a9007127b3ad46,836478116.0492128
a613b18945052b4576595c4c,823861411.3484174
fce385656705a8f4389cbb6a,829503816.2136915
bdac560af3e155db33d13d57,696551092.135997
fedc2418db2353b7c97a260d,892876530.5108929
4565bcc95c54bf0c8d376eb0,788650816.9678124
5fc559104e0ba1112ce00f5d,853833778.3024224
74fdeb4c56b29662f13aa8ca,793341240.3455964
fbaf74ce4c2c6e88950d3fdb,828644707.8626182
5de0f045039122af0052c544,782822765.7291099
e18337bbdfb106a3f1739960,731384137.6500154
e1b9ae3e0ce3da16f18e1079,852346230.6723591
a57435d71ccc5f032baee302,622400683.2302935
fc5e8e45dd0a338ab5835428,685621836.9785004
918bec54bd7587daafff66e9,638668103.3441104
86137b9624049333f7e0315a,645620413.4347578
0fca6767d8f442da1f8bc6d2,506883051.3948517
3ea5478270517f299b20bd06,653565173.0757065
dfff73eccd591bb26453eec5,608156326.3678
e2dad5c148ecc797018439b3,667189095.3312488
b5a62d480bc544f891fd8521,761327678.2019796
cb09a84a1d7b929607d01ee5,682999909.2936764
af067a8546e1177eefe24916,737897602.1108277
d6f9abcb58befa3d05373a72,844589745.7804526
ec2f16aabd36fd9ee2203276,984354175.7630357
dcafab7adc7b763bb934496b,879384872.2719462
ede43dcb1715b959ba34a37d,677418951.4875028
40dd67aeb6e9979211c9345d,678321979.8187591
31f630c44db4be5360a57640,649251623.1073346
ee8651631861c1b94283a953,953707986.5985312
b7d245742eef110adc91b5fa,689878240.4663954
ffc49242bb0edf3e22076501,784212410.8977219
5c5963c17bafef1a1bfd5e03,1010484185.1424439
6c589b7e6a3cfad34e98bd87,1030037780.1315048
71ab3644da08b8cb0a0b34b3,730152212.4555906
aa668782ae5d0c16e57193fe,861281549.3757563
46673c69814a0b3f25818dee,974572769.7466837
b2a417a8d2440f9124fd2ee8,730234744.4839165
3e0ccd899ad73579898fe73c,1230677732.8498755
e6f2c7d7317fd433e26878e4,1032289562.9177792
2d91b3a8c62b890fd246183c,1111164353.690956
fa653848d69ce620a41a73ac,1000268806.4778965
3b6c94e3e3684eac73b3e7f6,1103556822.4176433
a6a07d35b3834bc6f81beb6d,870505465.6800283
a39617b7adfeb6ae7d5ee5f0,1123305347.4009054
95e5e774dac6f0159e8afc0d,590414449.17664
995362e3fea8e54538ac135c,674756324.5181104
42525c57e13abbfafe9bb395,922154466.2888249
1ae6fd60628e7d186a5e0174,611608890.8649657
082293a465231208059c5d53,595457135.3399028
732615f6d1526ec9bd519eda,595105955.3432574
99e9c4f8fd7fb7929da10a20,442658880.8028787
1a75e436fc23e7f48e639b9c,520619347.1583596
54cdeb67ca9ea56205e4e533,888481235.2867762
c412ab869616d6576cbb8309,515508010.34927076
b17840ce59c9d9619b46534d,654147565.9110591
a14f071d8e5c338d9ebed23c,449477535.1850894
84d8504f0e860b0760c3592d,662421018.1903052
a3d03a25f84f4d50d2a308b0,696459981.9870019
bcdcce01d86d648c4502d42f,509290967.145362
33379968a83c8a90c23e77dc,538406968.2563151
ecc36a3a4610829ee3f88993,406102844.4106844
f4eca80958b7a22922b0efa1,404265855.96732765
3b4ce006ef95420847da20b9,401525941.9309989
4fb644a95cc04f7bc6cda786,388102414.1077457
f8fad48343ee5134dbae918f,388102414.1077457
6e8e08e09da8dc598b8a8b2b,406102844.4106844
56ff1f7e81fda0c8491c354d,404265855.96732765
444f102b4d54503044154ff5,401525941.9309989
e0eae2174807cc7ada38c726,488546556.41142184
afde90f91b01b0282bb94335,584623835.4756521
1d35c364daa0f021ef263c60,402972425.4645025
8c47395a28f8177923d7b75b,533227393.59564954
98c98982020ba42198aeb45d,592732987.3693141
ff424474d2d10a2c2a1c1892,507528446.4472621
971a322e9087b67650689ea0,934137906.205963
45a7517c4d29f5bc7787dedf,596511490.5617478
74a51274abc8358d628ecfe4,633657484.4621345
11dc32d92ac579720303c019,670370488.7774723
4c25d939eb3ec218403dc4ce,580983080.1601487
55597a7b8637f24198415ed8,717540063.7647985
eb7173223a27076d16b87f33,575782045.9802128
709d17b62bc95253601f243c,636593755.9816226
fdcf0e439ae8b2ff5730680d,641074073.5232008
2524e62e917e8a1aec5c9c26,571477806.1376516
ba601c13d20602c988d57246,616490148.8220682
397a7d1cfb809e34797f2bb4,708575839.8862768
b54d3ce25f3f03cf3fa0127f,391312164.546909
d51bcf03d649839ca803c357,456504358.8517605
e9fac47a0f02f27abc96d568,782452346.2795402
a52bd93aa6b0d965914f1101,601067442.5105622
16601a92574531c1fd57a359,593962737.3508499
0e64230b70f4a227b444115e,718648264.7694962
ba2118c330e19baf4f3ecf94,760555271.6615725
055e29f236bb61603d4ce9eb,882876259.3869964
7c5c0f2d9a0e355069fe1c64,716199519.4138498
e781547cf6f8cb4ec0742b5c,676722940.992113
8caab74ced535ec5e75acdfd,464409644.16415435
9d64345229b60ad1853d94ce,516063256.68118095
d128186867f91603af4fa481,615623770.2733198
f8fb6d1b0dafc28920393dab,623347244.9006877
33b92225cef255b0e4b4edf9,591141204.6409634
7eb78d4dea434674a230caa6,744342967.0899109
833bd3c8ef9d4da2f304a94a,897114891.8736424
331f0957d55d7f03df7fdc4b,838524640.069661
cee124f4b9031f59c4fbef47,800825283.0401199
8a9663cb622a55f2a1a8e3b4,761225464.5152658
25d4a0ec9301ba5d53deb780,629135061.9362648
38d4b1837c595b6d9a23e994,758109372.2058918
a21923caba05da05449d60f6,661884770.8166127
63cff4b5ebb2b6528ad34cd6,662105264.9693038
948c392520e1cb3a030ce86c,786155424.7305454
b2e7fd7bcd93309664cd225e,756979744.456615
9d6be7123f2c6e610971374e,965285052.5372823
3676e34e4824101f3fd9aa2c,606013383.843275
f849ad486e84a82190675b89,558559729.3269988
2fb8b2990751692b8ef1ab6e,595530273.2852536
5155f70c7f8978e487e71479,740628799.2013043
4f076c220dad47bd9bf248a6,706881834.7705152
480041bbef3a540df2a36ea2,719714687.9320757
4ca66e564ed478d06c471357,569855148.207406
454e4126257189bcce9b681b,1238975428.4272559
10ce9c7a0a58aad19778e5f2,996618891.8994788
dfe8e2542755d41d920e28b8,395930904.04253477
5115b0da9c95559dcee9e58d,1055998118.6180067
8a0053376ffdc75d0bdde77a,999078999.7353917
5688288ee38f1a69894ac77a,699855356.2613714
1fe514ada76363511cc79105,901757382.8005784
885a312d9a5bfa8a8db5279a,489163137.770778
c716d4dfb5a3c2e1120bd84f,666322095.229473
689aafdc12fd1610c2393a6c,706266806.5938125
c0c4ecc8d3aefc53c4c06a38,813509626.2305658
30091c32a5046d563597bbf4,572407588.0993711
2e58c9b6fbe9c57c83bc0aed,696552036.9921094
3f7c5d8304fc650bf97247ee,708219536.6425617
56334a9db3ccc24faf138edf,646877821.7066214
6d0680692396c07afc1a260c,666400928.6442062
9e07dd563b6ff4572f5d9031,891449867.0882031
1278c9fd86258bcb435e7127,775262604.457157
acf0f98cd8f8c8ce06f30ab9,1042441350.6173763
5e3785bd517f4faa2bcf43d6,908545443.0035262
cfc61dd41ee5f5dcb76bacfc,567938981.026606
2f171883b97d9c02b90f93a9,333377447.91363996
46aa67b5e0abe39dae442d76,333377447.91363996
50cb49d65d04a5d166f96e3c,541689756.6865385
06c1673c4a7444e7aa80abb7,379591980.13195324
53881f29c7a6bef0ab537466,394870877.61806
2b028932adc74c961170a4ce,688285738.1918222
f3a1bbe01d265470a2d7332a,480281008.5098783
b42d5b5b38686929eadd56d9,587440893.1154768
bafc63f23f097c24d36c76fd,717490117.2384722
f164514211012e3a1686b148,504381565.97565657
82b90288bffe8c1c0b5a1259,530473945.3443882
2fe64bad1bc8a43fedfe0700,602664254.7201278
da5b958667b31f4f9a1d84a9,617079955.5508653
b3bc9a04a3ebc1b911326735,843075732.5285559
9ff3acb07666d53f00d1f1db,828994232.1977404
13a44ce5066ce00846b59ae3,813602238.4949957
bb45c98dbab56e5abe20ac0d,935929448.1458789
f88bade1cb7ee0fa643f31ad,639334005.1375571
e9ab6916a79b4d5182d33bf5,793851137.1361809
144162ecfcba71bf09048dae,785933179.1351105
19466034c2ce19c24a179fe6,575069498.3575264
3787f6da3e961c0e10d30e6d,1078448688.6808388
908330b0d2651093c0bb6719,691280237.8138263
66b7baef9c6c3c7ad24636e1,912786409.5556177
69cb0f3d422c2c78373c2e0c,691976585.2390819
1e866483995b30ec7f79d9e8,622456271.8549354
866f2a55f42cf30c4105631b,622456271.8549354
fede7e1a7a6f23338af6f40e,971391908.037405
7447156f2967391975d335f0,575069498.3575264
08451af5a81fd6a63c4012cd,578525762.3607624
f63608198bfcc858abe1ab0a,697159506.2783086
e9a0dff7ae48bd3fa2ecfcfc,662409642.0974604
cc97f62e2fb9d3e31ef1c00f,715793897.1200205
ed40f198ace8a4405cce7a1a,811440546.2705207
bf17b59bf2ac2d06894bd786,1069195491.8980775
e118b149654cca1c0b3a58a2,1089236959.0229547
7f9bdd2157f6c3d488c77ddf,1004019980.8936582
9350225547486ad75c0b5ab3,1091096374.7363417
d1166776fca47427c77fa8e1,1020592648.3538008
f719b387fac4f688b57dc646,1220037755.6283104
6ce8991a39ec7b9883f85000,1209183202.858992
353743db4334fee80ac08d0b,1126889803.175067
372a3934e8179422b5cf5729,824947992.7195718
81516aa72c98ded9223db098,1117923255.2366703
9e80db4c35139bbb18775644,1231511761.5199385
12ed2c22a923c840ef616a3c,1131354986.5193815
7bc57b136bcec053cbd073f3,1053956361.789138
77a06084509952c6cfe8f501,429449052.7034564
73578b4214e2eca83b1e70ac,812213331.8017637
527e571030a7d8fbbf1a41c4,774993912.3673731
961baf163a07179bceba67a2,825305534.2314074
76b41682fa6953a3b20d3f27,823475029.8292844
cceb25e83ecf22252aa92d2e,842242488.0422989
210ff5d4404ee8578a5ecf9f,796602956.8895085
398274b1c46fd88151420c6e,492576426.33135813
5b328b80dd844db2e946302b,442812188.8748671
4195fdfe50e42e9981fa2f4f,725377070.4611931
2d4031f171f965d7dbce0ef6,629294035.9753857
fc1b713d5605b0030421d5a2,833799203.2769616
cf6092df1f22a7c4b8ff9d50,599427384.2057532
8dbdd7c8971a514eb7cb4d3f,795269095.0612442
c197faa8bdbd51c075a6d3bc,797696728.561243
1985a2a5c3b2b0c7eca22afe,695141302.6119448
92a1a8b617b6d2c3669167a6,722189394.4953661
2a330fdcebb247d6a6fdea23,817402958.1664736
c3dd975d0aed59a65a784e47,745788059.046939
608a2339d558a6cea9478756,798568077.1254088
c0ccf6d535d1316e37e1024e,767577272.8416797
229a7640d41a8b8d6d2f8f83,898211185.9567883
e3950ce025371da2b4ad9db6,838042756.8063331
a7e41393473834db30f2c1da,698057339.2416564
7dcd1597e11f83093cbfd7a5,848526024.5968293
71235a69058912dec1d355a0,1089000445.5857701
349602317da0e456d88fe24f,912337870.2136592
ddccad3e5a4eaf791ce3a7c9,718868346.5503057
776d7d1326576f07762ab3c7,743810099.0201089
1b88c06bb3c1bc2bb39d1b86,685959027.0105226
1c5c4f4c731545aa3388c554,653065075.2618895
aaa67089a753d255215c15be,641422677.5910795
d6d5717a4b7e2edaef162b6a,646377246.9209096
0ba20e953e8e76add161cd6c,435672578.4023861
13c39860029403ea94b5439a,1039805927.9119806
d5436eeef04e1a8e51a38912,451221356.80985826
21f00ad1214253dd5bb97817,1029325749.0430726
5a3119efc021fd0f102ab958,471045448.38330615
331c515e7f0dbb4460810999,530594411.31324035
9e360588b18cb15aec3b6609,529039115.0659198
a7cc7d2ceedf4d69664dc734,487972314.3301567
4e78cffaea2008f3919ba0ae,463086511.61591965
452e0518f7164287e47e6354,717650795.9572113
74286242739391c4eaecefbe,515828924.8024698
df06b65985649c7107b794a4,589446683.627987
b6a21387674a509514fa5518,907367174.4299009
6752fcf8f1af18d61124e32c,766448275.3454134
a7e40088cf53acfc65f4b3f5,1163905378.8007717
61b9307a25be3119effbd0d2,452369378.2954385
3061729865dd2d68858600b1,499039803.84773725
ad38d5660b6f1eef23b76039,433317790.38159657
1d493f3954b15e84c41afc82,461727203.9662364
57744cb947a923584fc6bcc4,403800283.4705773
16f60cac352cc0d668d226d0,373646600.13842523
accf7bdeeff29ec7a209c509,375986241.34638214
a694b9ab05641a6325764e63,684094570.9480805
bdeddd3f84cb0ffdd1fc27bd,657245669.247882
de9ab30042562789601833f6,491334981.1771881
1a95522f43288e32addff2ba,506031701.3147002
3cc722d5c764ac261611c2b0,501071834.89734805
aba85a8a7ea2def1fdd18587,450146036.40941215
b272c1025cf5c1e1df47042c,576323360.0943305
5c449356b8b2d7e0928cce59,711296331.5633168
a56d3b5bc13c9849cf676750,777424016.8957078
942c934c0d41ab822d60c795,580731061.3801605
b0fe09d086490092f1690fc2,578732072.3611156
7abc8a11d3d6c905de3f567e,482529545.84679955
16716773b2a43df0332622bb,478971256.3044255
98fdd3fc6c9447d0f05eb1c0,619309355.1531998
a59f39373ee368259b441de6,491930368.5190253
cb778195c5d61a7c4185424c,879264538.409931
c0277899d5f185cc78fc4a79,858405229.14320755
44effc9574c74ea4ad98ede4,710799674.9596665
e2d00e4fd93a02ea81895355,651313302.8575622
ab405cd390c0681c3c67836e,497841996.87969315
86db204f7ef6e0e0e6687246,669162689.6731021
97b791fd94b2339ba115a75a,793690394.0550693
3897d9b5fe3a0cfaed7c18a6,541455912.833736
ce206b82f2de3793156baadd,755624140.914115
2c924b9d45667f7168bae6ee,702943306.7429248
358eb586d9649d20dca9bfcd,811894180.4576802
71b1fe15c5bffb750c99f648,663531001.0636806
eca500b92ff96f10ccd45e54,858508742.0126982
7b63445c5e1ce95bd12c31ee,623266391.1768203
97d64459dfb368b1f6067ab2,646085382.6100698
1b09874d5a3e4c9e0d544198,771078940.3462273
54fb79bb019bfd10e5481ec9,728154666.9425064
b3b63d292523ce0a925b871c,672209651.0144076
09759befd8899fc1e359935f,746249845.0197667
62e0110b1c8dda16cc7da89c,678443651.927987
d98ba43504fb49a4f0bd9c05,832728760.8936511
48815b454dfb64fe60e2cde4,558689208.2603252
40a65310ce666e80a9611d4c,902279361.8091965
a8c5674b5d110d99a1e097af,853707398.3229728
ee9e7dcede0ffc20442b4407,702471062.294003
9e858250fcb7320b65bed9c7,934928298.9987022
bc76b078832a3a81b6d637f8,802941569.6067115
b06d3ee14ccf3d46fe2431fb,758446455.7394361
87332a7e03cb851342667b98,816954855.559592
faa37a79a1d72e4b8b0c80a6,816954855.559592
0821109831351eb2501e362b,994006813.1940248
8d01d6561223272181235c69,711963329.8522351
a0f1c94cd34fcba92f59a59a,669317816.5509624
f6a5c88d1bca87c1e89d8084,966366624.0373392
55118881731616058c929b1a,898237302.4761279
bed1fbafde11c156b655e04f,689469996.9808621
819d2a7c3330480b7217577d,930008026.4176885
e1967b56ab8ecd035bf39534,779382361.4153703
08d0615cff29645ee70e20e9,896167389.375571
2e8af16a155fe18c8c6730a2,858477383.1344975
882e8e77fa1a71288f6b61cf,1012736407.2212595
7930bb0822caea5f6451bfa6,968499775.464127
993a18ae04d78d374f854262,858856390.1938177
e5527bb25c85988e00da339d,1110672700.4761503
07bd45129563bd2fd974deeb,489247459.98935777
83727953ecffc17bed632d94,442756559.965363
2e2d3f42f4f8369733b3bcb9,567515135.8755145
3b23a71bf40e800a66bdeab2,406901967.0336311
894f346e0ad39c57fc0f369f,818048109.9561282
d1fcd31555048d043cf084be,559258162.9070655
8d48f73816b248d1166a09db,678442070.5879244
32d5a20c542a8194a6aae965,700171141.8299862
53870de54350a8cd7c13f014,682246818.3808639
31cdb68dc6476128c4bb2f5c,755862007.8920285
4be6d93d8ae1375156444f05,497152817.6074914
33a7f6aebc3e2d480d287199,822583412.9285165
e1e188d3f9940f9dad98488c,794485552.6639845
76167f6ca3d2c404104b77fd,753124623.7696503
9297c340db8a74e10dbba148,729936270.6217041
0e001ee8f27e1a2fffaa0225,965692295.0641515
ae3868ac8c44128b8a955829,621762861.7236964
bcbd20cfc50e2f032b174b56,489792468.06548697
253560c855216bd9eb102595,520112168.49124265
c9c769e7ccc99016f61269d0,541285618.3923212
7c07ba1982289ca3abcbece3,648960293.6360266
c5c024d11b3ebb2cd088bf6a,1051962771.9779431
f0a8fb06fcdf8997bcdcb03d,563026471.9887481
806f9ab2a016e774689ce2b9,382399090.4798679
4491bda913188aad3c66ef20,631499978.9527315
0c37c0d27631960f9e0fda1d,704840439.7150809
b50b45bda0905a116f238c1d,594382802.8395722
f0f8e755058d48542b9cc4e3,770987472.5573946
b3005057f48c1794b7974f4f,638930807.6327885
e1e5b0bd721a67318a3848ed,495865219.76791966
d96155b72c02bfa04f7ea98f,673907255.2206912
3825ce5030d951ef0fc2f7c5,465438658.7914609
99587dcb4237fe90acb15b5e,447159337.27346385
452ae373210337b8008ea2a3,1304172748.4191525
09ae7df5577582ce7e7b0aa7,859384310.8536764
b98967876009fab4290736f1,673152260.5120374
24a4a43ae4c687bda1066227,1031994736.6890717
c509f2036a11b7132c633d2a,733556096.5411409
bda914dbacd42b2b7c6c5179,575593189.4257212
5a681060eeb2fc8f1b3261da,540072861.3358203
016bb199b12846ccb0b03191,747502671.1327217
ba94676bc0385678ce3780a3,660818137.8315684
b2183e5bca67574df7d5985b,388967774.75326025
baae43ea29f7e419bbecf998,523251394.9251631
ff1a7adf260e637bf316812f,396485879.22071576
8e56b5dbc4cf628ac12e5bef,1059340701.4287341
c8941b8d7626f7b33628158f,1289606225.4546201
d504ed869ece1b1d6e724452,386968205.0968551
1acb5576ccae1f0534f614df,624829844.6112355
ff228869121d053ca7bbe431,747086063.8499115
ee4dea05e93581750d613c59,691543695.6203336
5d507cdfb7c233cf96dc6a83,705591643.512766
faae4324336f1211ce4c7809,623832599.292101
9a8e471c8f4488c3799483ba,532510447.5602343
d040e15e50d655f4d19bff54,398536818.46269697
efc7e89ddf3de559154d8e0c,937744043.2690145
e91598736dbb7319952f0dfc,661851266.0241786
4046ebeeb7ab85affcfe337c,1029352085.064786
d12059af22bc7d6ff170430f,1197518026.803197
99d39d72083d7485e8944a3e,488847571.5879639
b9ab2dcd8d1855e4bdd540c4,867224723.9072522
97106114a8d353ffebbd07b7,702014631.1912086
d5c950db90c92be5fe753189,594372042.7278829
119833a13f3f7df22d2b270a,485907623.3628958
b2078743e33e1acc49c2d2ca,705005386.934067
fb9371f86ca6f4e62ae374c3,525014657.02730125
6a39a747417143f0cd24f3bd,858054685.4819275
7bc0c9e2760e4b1488522768,992239967.5844767
3898683e5d24bab9eea24d30,756166481.3556898
be0e466ca7d6942282c8626d,716309884.5227633
2d65980024ded46854c25260,1096220074.927485
87aa28825a5b8ffbac5f2e2f,633173634.8426844
918b0d900ead8267aab4cdf7,588916624.8851813
0c85506b301862fb58b467cb,644128737.1106586
4bd031478b15017efd41b2bf,915632412.8822806
48bee96c1f65b8e283d67483,548939789.9451555
7618cb8d215425c931f47886,485653331.41481245
a7a219e7cd18f3c4b83649e0,526768291.5897129
9d3f5b59b9735da05588b3d5,566417340.271376
6ac5f5f52cfeed2f0ac9d018,580773636.7183218
d885902c923752eab7b619e5,556814956.105221
b183e2562cc4816244ce0e1e,709779632.6799035
88622b66e6c47cc62c3824c1,679355531.8471625
01230eede2a4a74ec4ee5105,825677634.5688568
060451a9e3e0416ff41d253d,590331480.346045
3ca0e7723afebbf53e390297,744056603.463698
e2ecbfaacf11ed16fd71abcd,534828319.8705573
1f0d83013ea5e4c3f4beb583,643765764.511525
450c4eff7e37a271fc24ce3b,635459665.7079846
a70d331be751cdc3bd0aab29,352703130.7618067
41ac76d4fa450fe0c377a0e5,377992917.365553
2ef8a530db816223dcf474a1,696459981.9870019
d09c1af87ddad4ad11b82626,573087084.9998404
35b1cd8020e7efbb9ba5adde,768264404.238754
6714f846f2fa3527641ad96c,707794092.2731739
4cd5338bcf246ebf263baa35,469786528.3094731
0878a639ab8e6b6e69a3df41,815673686.416859
f4c118396d781c140d8c9b08,553483381.1699208
27151512d4b592014137ac1f,881727815.637166
8e5123f5ef1da66571ccb600,1144953662.526744
c491a13a87fa1ef595b35826,809856125.8812865
52d6c4bcb442eebdab338116,940033772.085773
e23d93ade25e73614d7bcd77,1051689073.6116868
43059ceabe98412315566838,1650163266.3833387
93b7fc7c4f07a7f117e687a4,578751678.8136109
09caddf25db3ac8e1a98565b,867944478.4322586
e3034ebf243b024cbef83cc9,490315108.3796561
63cc884a9c5c888de176461a,749601076.3706565
069fb1f8d0f06ac2fee87314,586097676.4811734
059aaea3859c4b9662ab4df8,490892898.90891385
148b157ece514d99be0a7f93,269035416.4774587
9c4f397c093dde7de5d485cb,609378454.6455551
e28d8dac5c1c75d295a9eb3f,490892898.90891385
a804849802cc0820d25f955b,490892898.90891385
fc43df7f26644fa464ecb090,521724811.3234122
608b26adceba64d9ebc5486d,490892898.90891385
be8bbf40db0dde8ed4cf338c,490892898.90891385
d255f73d4066fe559065266f,518247686.9855343
c552cfa8e6b8c8be2c963ae8,406749013.2333086
5ee020d4adc767b3b16fffdb,455743847.5762171
2a01945c2ce528c02b391c61,576476115.2732388
dd7ee555ce0b2d58dbd8a9ea,428069030.7227499
a732aefa7ea4715325e9e80e,563402014.311013
c6faa40acaccc1603c29df96,521724811.3234122
fd8caba10cd4d1df27605358,389464156.19735694
788c49c17df556bce0abf6ce,594268294.0948225
2d0d803cdbeaec6e2626eebb,564106159.1408674
0872074f7bd512dbd4609c85,441937379.8322213
3f97341f90b11e6a7a7f7c2c,710180318.9672058
2bfa301ea435f929e6c0d1ba,688764567.7159961
1d029020622a600aad4c2991,670602515.0881566
8a100bd7f5da66664a2680e8,647437677.3467958
1441a28c376a20c90d72cfac,581161284.0293375
495eeef459e80680720a0ec8,454622195.6725691
df81d07cc6e8fb0a01c0f404,625596448.1536514
e23ae41983b9f112f05bb703,602840207.3703836
a2ba273b099221390bee92a9,563832305.2761519
63dfd58a5c43cc7c0a468209,370496721.70623887
27aa789e29e52ef8d78b9bf5,788932776.8792747
fbd613ac06b6bf20d76822db,659843953.1156873
2a805135d8030b614d9df9aa,689600222.0872716
22c9b57a67cbef0920d09174,439714169.72165835
fb76da6072bea5801e407990,419924981.4325405
9050b1061469970ce28742a7,395620565.5060339
96f5db1dd0f36d1087172fcf,761411528.1962882
38cccc333e2c38bd608e1880,705360135.6843574
efede59a47d17737f90f4bcb,771701876.5219159
bca5301e6460eb859b7ef34a,511189186.78621686
a23a13e43f3e08ab82c6ef82,458811651.4816714
8437a42a8e7ebca46eb088cd,457791539.23252666
6e3cbc252c449fd4b758b97b,456799831.87436193
6cc6b0672aaccb8909f3a751,560641190.0497502
c60c2efec3c12959d86fe3c8,534205768.632057
d0e45d520227ef8a1f53ba28,597032775.5481224
e45293f1e6ceb2fe79f6e0d5,555812468.7324989
4202dc3f8255586e1ccfff46,632430585.2960644
1d04d5450762d664fcfab674,658434611.1932228
a3f969063f78dbd95e6ee795,565701910.8841953
2e3fc1d628f6727880d3d4e6,456799831.87436193
22ea31eadbd3a54216443137,370496721.70623887
6490a1eff73727bf62458b0c,762733542.8145452
49721aafec7123f6ff4d8010,653829850.615767
bce608b4629b6c8512ea2fde,593877206.6301835
a7ba3ccc4831ae7e539f0cfa,441103249.3854693
959b2293af0ee4f7c9fea7c0,564085619.5630146
bbbf74a3abf9cd8718384a65,507050342.49652946
680a71ef7ec15bd919c06320,740745936.6710752
0bcdef6d56052acd2afad93d,507037484.31735927
1bb885a07f57936b919629b9,507684808.2700124
8a222af682e2d7796643ccf7,602677435.7084411
3370a48ec22302456c41ded9,507050342.49652946
46fb04e7578da5741f6da4b8,509353989.21547496
e9da7f2549d914aab6a30e10,612128887.7113451
10d0506d84d778da572ec635,702869172.7820187
966e8fc9af08e76f8b276245,472954431.2013559
0da2a849e0f83b17b006e50b,732836090.511195
f7101a05db93cbefd6a3b31f,416906694.0674086
b74fd7f7db38ec233c6ad71f,521558922.5564681
0d63e52a47fa884e36f10810,573417161.8851811
77fa49bcb52539888d481ab1,587488090.7176833
6f412fbb33519fdd31e741c4,600611793.1416017
6615da422a3864d415b28fe9,586496036.2564868
f258fdece395f0c4f4da6a96,766170404.1355387
c54c645c340f59dd5f47bea4,432160121.0968371
bdd287e9de82903f210878d6,605296237.970829
e110abe74ba0ad062c9b575f,599526329.2508852
47e5ea8cb7f5ab6703803690,711153000.513858
e71c6f7437c633e2d9da643e,648576754.2469404
783161faf2e3501c38c0aaaa,464838431.6247155
5fc3de15eb0cd87be5ed2e6f,572124769.2056353
4066155e224520530ce985eb,531017101.78830135
7745863791b5cc6d49f84c8b,419140063.26298773
aa7551be1b8d6278d38fbb00,716977995.277061
d654c9bbda61c4c0ee1ae2cc,564514760.2387414
d224080523a2bf2e81698d15,452734860.0941651
5f8d0a2ab1f9136de446528a,695055182.9616342
405fec98d5a3c8981173311c,642721043.8777397
2a9e77fd00aaaf773d130914,436649548.761777
279b76adc4bc9f8dd86759b1,614381647.7409949
f815ec1a63e980717c9c3290,565461348.0333718
a8fc825e34bd9bd56ec5331f,603661332.4771693
248ed6abe6e528dedde951a3,566286193.9914331
2bce6544d58b6970192a1838,601424647.9223479
352a76b301243d22d1b31f79,589331904.3092023
bb9991da696d6e1f13a32d0f,437554671.9410711
8e88e6cc55ca769e472aadfe,559780603.5759964
339ca7bc687766f517ab3274,457851187.41940445
93375efb2e74f4913d21d94f,593054104.7825067
17d7e6d321bb7394546e6b7b,472379907.778228
0f601f5ee798174ea9d52caf,525486846.2403
8ec8cac469f2448654312aaf,733533646.1696213
affb62139f02e524692ebc5b,496189728.26675665
c01199a4b2fbf0f6cbdf2a65,687747136.908227
4d1f49443787c874ba19f968,746875849.6335082
035c61042b7dbc7ef888d1a7,835214849.3359181
0fc7d98f75bc1c0b782a328e,838907904.3130915
b1924a5697dfe829b5b8ad76,512610965.52144
d0100c18dba3c334327b29e1,655997546.8690472
add1a20e8bba47aad2edec69,778690785.4100114
fe8a78de9ba7b59a112e0046,540088268.7400306
b319d049a3a8e4a095940106,719116224.5518476
303dc73dc1130de9aa2f70f3,647092278.2532331
e471b2ef30c388893119a010,811005316.0303024
9309d812688d0d2bdd33d830,661433081.2609011
fdb192e57e3e48f70a492b87,637646164.230106
c514c9a35632e5a9c0476a31,720548666.9603227
3bee8a9981a1e9e13a05cafd,669297680.1535428
9c942287410db3d0739e182e,560236428.0545124
f59b9c03bcd4e0e06d23fb47,714869540.0996451
4c11f4ebc622483532c24a06,665946834.5167904
1f53612f7029a21e2e9f74e1,748261202.3430777
1f4b6eaf52fb940e666c1c93,718205003.2710708
dc65f0bafddf39c6c4b2c9f2,623081919.3478473
344823ba2777540ffa2a8fbc,825069531.2596958
8cef9b18f20e9c5a32e7ccc9,769082634.1354223
413d6e4fb772beff60f73e2b,806203586.6533839
15d3ae51558bfeef80b9e97b,697933402.8483129
b81c26f2ea6b66c8315d1146,779482845.8166357
c3786f81345d39fd8b353da3,902438155.7034484
6c568d2287dcf12b2aacd388,848057457.40079
e6482f3b6184515453d16bf2,653505541.0263451
32c7b848ef60432d98f415c5,685519413.1818681
1689c3e3982382e27a4ae074,668284091.8698198
3d0cc51b7a2392f3be3b1666,665574056.9451586
1dbec7879e793ba9685741b4,674244001.0946239
82ff2a63a863c089ea90bb5d,800305241.4830595
3d9856c3ee0a4b5a833c69ab,518757946.82972974
6f293451319bae38c71b8266,709363622.2959064
dfc817b569fd71d2dd47e980,909170140.2243825
c34d46d83e76f54d53cadcb2,679431875.4974538
e08ed8c82d05dc3cad8cd2c1,850044759.8209333
e21f2a8d9c641e45d442686a,855917450.8819107
f1793973b462cdbffb1ad648,780234644.7564504
b15bcd6248958d98867ea585,666865236.3113639
e640424f3b7d1db403c36ba0,881344082.7467167
658c0b009a09339a3f312145,710306558.058436
f01fa45466e2730f935a4128,623727206.4820065
b4d69c7bc93efb3790eb1422,841255420.9318923
c2242a77d30c0abbed667ce4,807749832.0414264
39542105a7c46ded0cc373a7,907743128.9520191
13f42390057bd294cd787822,707437946.6196965
183d99d88d1e7d995180918c,579891356.9626393
60dd7dc49139e7816dd8b143,691916165.1981196
6d2ec752890a2f1c4094044d,755012544.1153994
0e776964ba3733f3ac18a7a0,851338445.5884957
92369f73435d1ac3fa95f185,677698392.3308518
8db285eda04ca37b86dc9724,774624975.7221278
a7b14faa46e7b73ee4e95ee6,691685959.8851895
010e676743f6afc01fd0838b,803706119.8976651
987199d3a23c08ca887b301d,698901179.6766545
4fd8643e1c43ce9a0c18a19e,648389607.6370133
4d0985935e1432b3916d45be,741574437.4712712
4623317e8c9044e314ccc4e8,666567369.5637561
ef8430c4d15e5887b8103bc3,789695198.5688342
cd6ecb0f77acd93cc1c9038e,761066436.1267792
b0962bfdb6a2c79a0ca84e48,634964321.9328514
7bf592c5c34bfe6a5df3dd40,758716408.0725054
9337becb0628955b47e45b98,789695198.5688342
9ed0bcdb62b2223d716d40d3,704440715.3799559
4255eae670033d9c9e9a6e3c,662692404.113356
c5346c37454ac2b13b92240e,834096200.5998573
94fd4bb5f41087921ca12b58,590189793.9533895
ded674ba9c7b76cda404bac6,593966966.446437
ce25e9fd3bce9b75050aef5d,834406630.5499926
4e7d3cbe3c62123fa7e2d969,796170499.3897204
dcf5b42ecb23800a458562e9,898051406.0407795
0d53bfcecf0397ca27e5f78c,746625846.2420449
f4ecb15ef992a677e8b4fee7,508399627.73531616
46eeb8f186f86f7859274d4d,831597229.155597
b5a7d4288dc7a7868678b9e4,707677396.4713438
34f99327fe595ba6e32d89a1,687135280.7583075
9a53016fdce3d3b5c2baf3fa,795425986.504765
26be10d0ce8b763e9b457e76,696114674.3537067
2e111ff939191cc6df2c59bd,664417997.9363718
ddcce0b9776593e3ef3ce21b,620337511.6278331
937c0b6350beb0f51e53ff8c,539590757.4799263
f50941445773dd62e87e0416,811005316.0303024
93a1aefcc4ccafe4866bfc76,580943063.8073884
70c0a72b31dbc1b97c102c13,803706119.8976651
8aa9e1e89993aa49c5c3eced,586231141.1283622
2a5ecebe40fc09b45d6ee5fc,461851343.7675588
5f798656baebb094a3c83793,950949491.7121968
596b6f435f76058493a16cd6,848935421.0292323
1c510a71734e955f75187106,715569361.8355558
07de14db9dcc2d4f9eac0dd2,1031409486.8967175
29503210dfd57bfef8f16802,608097864.5851295
89575a90c7b9b960c8f4e052,744269495.4566654
bb5a6045d18e19613325dffd,769461805.482093
f984d34c8f27e3cdb7c2a44a,761607222.2156767
90822d4e3a369948cdc4d998,655921183.2097349
5b9a21a42d5f50ed4b10581c,818784524.2474756
1be01d052c6a65c5ed286bf4,779262662.6078968
b73d317e1e8ddc3d5d0743ef,821432166.8537004
bcd302e3b5342ecd8cc056bd,974937640.8367242
eb8956f0c4a885619bf1ff79,767034803.2415236
d5b950c5510c19ccb926e7c8,909278050.936261
1e37ea0918a00bcfaded3453,657494196.3873149
1d55f4694f3e000ee3ce47b3,796952421.5139573
cdc3e114698984145df842c7,828498651.4913317
9c611e246a612ac6906abe8e,966659281.2412717
c0c820463dfec602a6118ed6,797446637.3406307
6302d4fff078a118c3211794,872552351.1883426
c98807fc596bb2f505b4da9b,955180348.6264851
cdde8657b5a215915a04126d,956192675.684325
3b2fa7905fd8fcb3e11ebcf2,797446637.3406307
59764968800501c68631aea3,819270099.5633855
9eab02171cb5f15963670172,945223124.4547478
61f84e5a07f37865c31d4a07,871811927.2936608
1494f223c9d3ffba26e42738,1053460551.0979478
ba137cbd10757ad20e5991c4,819166193.5103359
d2fb81a477ef3690cb11c93f,1047834909.9464192
ec4f7794cb756b995d5d207f,803214816.5532001
ea4add08aa912717cd42f9f7,1009159122.8646685
f11d7627e2f18c9a75595501,1030258572.1416427
8095589d5e1a55a76281e13b,904572934.4155854
f5add08cb615eb18b3153bf2,922727827.0097762
1894346a27970572aa703cd2,807120105.6416757
805a491334f865f06ff42329,912906914.0803761
062d5544f5c96db90fa3a526,1042086488.008459
332201e2583141f3a02dcca4,952355141.7917213
4baf1bfced8e85013eca94b9,797446637.3406307
8bc002e1f02beb4d83a6f6ae,735454068.3328311
adebafcf3eb0d34ae31718ef,1186901088.719705
60b5b0aa0c1319557cd0cc85,1189445575.050379
3393fece8a6ed311ad865e66,734364225.2204158
df4a1968046eed5326119599,1044369297.1462585
b044b9a587b2c6ca00447177,1018893831.1139603
005ab848b35907e42aa0f4f2,1143958504.281717
140a0002732574ecc516e9a8,1111357597.746084
bd850d1ccfc4b21a72f3ec44,940266996.8017744
c6dc8c201ce38ff2ea49cd68,961749901.6027101
572ae40f693551547e13a196,1055439565.9763317
b39d1b2637dd8e307c8ba13f,851855492.7111583
2ad02d6d56b95ff3382b53b6,993818463.1936543
5201393754f4a5f2a476ef0e,929443734.645487
72a66bc6d15390eb05a5c688,1060569542.4834169
1f1f3e47f3593e4b2824e628,484453299.9567905
bb7e14611ea6b5e4abb5b89c,709318114.9996543
b82f8abc8001cd6731c4ef45,665131703.4803399
6228854021e72af611d2e59a,784726518.1327331
6d21e1de9c880bfbb17350cd,685287735.5269148
7cfa0c98191ef9b7c45f0520,416518804.1841471
a739d80c3fb6b166a2c2182b,469750149.9148605
36f85981124e858c157f83df,680515751.5857407
3d6d51ca99f2747d6b92dd19,705528402.5921364
092b7b5bafe25bf485de37a4,719446579.2642808
f2e0163fa07f89820739dfcf,888518379.9399195
ba47346e7a53412e78363ac4,583424776.9033403
f86e80b2a831572b85b04e55,511760720.2883338
199a6f7df516a685f086dfa2,536275523.2328831
81f6d6790aca5e9270c3d1a1,387351540.7544521
74f099ca0d949c8042569d51,389161553.8153611
4df3717406f9852284576caa,482577202.4305972
5246f7d8023a4c178af6d10c,609701363.1675138
69d9908e13bf7c8ac4c30531,410756617.89086485
e336d9d892441c7ad886a98d,515595809.87098384
f82e1c70884ee1285e1bc491,361765989.7339369
0ffbcf7d58378c85b4103c7a,703797347.4347138
3679e1844a35c0c87fffefeb,453495900.5169772
955a15a734e56eb287555307,414353410.6852256
722f262a44b2bb6fc05ec35a,429538273.36597127
48c346042d9cb826a3714466,396448536.40846705
bc4b7bbf5df92f476b6be103,393430718.20452017
667685f89a61aa2ad5c9ac7d,453167101.441394
8be5fca8f4339712c6f3e29e,526398650.3155035
09a5fd22f920267b464e2a00,630936282.0352007
f6d2d31af94a6a73912dd9f5,725363886.3746433
0e9a5ea81f6d91038d8711d9,666772052.0169594
8b2d8edfa6788ddc0c7b3eba,689136219.6563116
2f48a73bfcc91272161afd39,847774440.6661624
a78417c74b8c99279912e427,691110570.8724431
4d69f7c7e0e837879abbdf78,447545154.43668175
926a7b18e48cdbf6ac3b396b,515307159.85280585
a06733f7b3ba964c20ae2698,674170983.4086013
02d598a32d864c289e3ba6b0,686262398.9513094
3977cf1326ff502251f78f66,785679765.1007243
c3cdfd0733404ec885eb3edd,735043412.1286567
a28bb09e30bca82627e595c2,831010362.517066
0a2f8c8ca6094e6626d4e8b1,670241010.0816295
ac9baabfd96d58e376149a7e,741084769.6324247
700a052900adbfa149dd5b6c,889066696.5508941
4b30968cdae59b4ef3298f19,774808564.6639036
c673d94552bc3e451672939f,827873546.7001435
75392e8381e1c891377fcb29,794339481.5037237
a55d7074220aa6a750297c08,777741402.8650554
81eea19e7c12d65d21e23648,898400408.1935033
69df7bc1d82d9723c70eca70,791540237.6933099
815cfcc4d26738f74cbb67ae,616877971.75715065
5ea150753f8d07c71af45cd9,728420302.1769845
f851b02d18e74610a900bf14,842461439.6577284
76b9af8036e38d5d30ac4c7a,1076346663.475875
4ec5ab39cae4afc3b0e69438,878545899.0532407
c74020c85c9fcb2a2cb3ac74,871137896.6287769
6d6ad5e3ebaba1c11dec0f16,641188052.355746
acbe4eb98668ff4967a8cb86,634826791.584407
16a40e3dbfbb9c703e04028e,682915629.8615488
ee5fa0932e098cba28d950b1,664415220.3309636
5f9fa56b99677a489a9966bf,709318114.9996543
4045e30cced205e8c5b2373c,542251753.8088863
eb2c7a973d4d6ce8e6ae87a0,844951719.939254
99c69eeb96e1016a7e53b33f,844239266.2561888
aa7f56d05ed29183b825d61d,574662271.4280618
4630a9af58fb79c0008e5fa1,571383881.5610486
ac003932eba3a174c5b998ee,552650382.6491448
56a7470ed14454665aaef75a,1103556822.4176433
a4e4f56336e07304cb946b1c,836478116.0492128
00ce045307538da1b0bb7972,558627422.2414141
cad720be1395e2ab5869807c,479182988.82565993
344be03236aed65e74b14a2f,403880316.0041357
58a86bf535b4c16b50dfca06,403436131.3375747
d52c3915fd7d2ef8c92a22fe,387732288.8838586
8a4b7e86a90a296e10a49ea3,593962467.8129957
e1717a317481b0765a7a6a0d,579135087.4554104
97fc10f5ce4a6fd7357381a6,403880316.0041357
428f4bc76d4cd315ba8f89e9,522363706.6801251
4d882ac2b82569f74aa08824,420386100.09829265
948ba87dfd7993460c967cb4,401143014.9670032
1bee6a5aed5417181a3db77f,538406968.2563151
63cdd73026431f5566fe246e,604963825.649125
013e2a07f94a99323b64d370,893650575.2188154
ff56b24cf15289dc6d14800f,682798506.511263
7bdb94165857bcd37206cf18,526763459.0487922
1d1e29d9601aa0eddb4d6c2c,615535791.9834214
a8c9489973c54b93737dfe20,601479687.3784844
254892c6b84c59ff5ac4f354,475683055.429299
c6e9772058edb2268434d7cf,712193180.2851944
916a413537580440c4ac6028,587510974.9403318
bab8e472424cd57faab87ff2,542323181.7527122
eae5eecfa2fe828afbc94b0a,587841652.9111568
da26059a2cf36e02b8702320,487408191.7956104
e18fecb7e40bbcaf26c863cb,749506541.6631175
a55906464634558b94d9298e,490830244.51100916
3032ae39e739fe46e9e198e5,746042132.5710347
663e062b85f16c2419f8456b,524274357.53501093
aad0e527c4bf6283f76b5bed,701613798.9290411
32fbc0f1934f7325a404a2eb,717540063.7647985
07d1137c1f0aaecbbad32f7b,698410244.7295336
3058b792e3f6781e438a2e9b,818641307.7468529
33d6b1bbab4524c3aa03756c,457085321.5228276
c75d43b8089321e359e14264,666519303.3434652
29ea1796aede16cab8a50497,404406078.6320424
bed21c41b31a3bf2095aa273,713211464.7268625
ec232a7ee3aeac713516614b,652974772.2152623
bb7c68c2652c7e124d88631c,544342718.979703
697b6c6f7666391fc689cfb9,658140597.7688445
d912e45dda1a3a628fdf50d6,803604607.770551
96fa88a07329d3988b6b41b3,710253298.8673443
66019487c37339e9354ca999,648579254.5745864
fd2dcbcb8a31e97f31d22a53,812648379.7604777
1a309175498997e1b8f0aae7,854569114.4537338
e83119808dd08ca090f5ed85,652366190.5030358
1a26960e24de046588ca7837,642874328.7750272
379c4fce87557848548b0944,444489596.33957696
b2d7355eb2aa975900776275,783544186.1705676
3b05e06aa0bc40b9db16416e,440856510.3642895
4a5405b1e181f5b10fec35a6,666001897.9902216
aff22625564f00844ea2610b,530502071.9724819
b40addfc0da42b0e530503f0,573639312.8668965
9200d647b6ce9aea67ff8ac7,558559729.3269988
3057660e38fb757dbc8bd898,594981167.2837677
799be2171dae4763df530e4d,768396289.7587082
819265a930d32a97533d132d,721912008.6385568
9ba689b29d0696fb7ebc44d5,1016930096.2121074
0f7e28b6efb9d550ba28a1e0,629358460.1525186
57551742fefae23bb32571f4,664011821.5900118
9569a50febeb4163e28c192c,706881834.7705152
1d03efada56f8a70bdae6aea,566560729.226123
bfa56d6230b858591743473e,724828259.0003682
ca54914a1cf1028b9c8b681f,584757087.3408104
54304b6117b797791d266cc0,640974214.3895488
166ae8e3d0704209d6715240,694845004.4239972
b56659e70367566a4ddb81b2,755229306.5858078
2641f220611056a1f5616dae,1087251056.75435
08a82bb9fbe4b7abb50cece1,644451219.0199775
b40a9888ec0379fbf85516a3,835507671.0606377
d35462df6c686296a3c7bb23,605855727.0230435
db244703ce223e6acacbe85d,804662383.9312395
a90df94f959030227fa015b0,642851556.2622215
d97d462ac4f5d9cbbf04e9ca,714917804.9231346
7fe6ac57e87b8126ac4f8530,792413965.3476995
69c28dce8eeaa86605143419,898473533.5866853
2bd6682ad8343b69fae1a59e,857809266.3165201
2e6fb29cbc1ccc3d97c92c72,781794694.7830416
9eabba4531191127ee91621b,785155406.9416958
d0c411218ffa7c3ebc10783e,645711529.8094857
0c61a011d7fe0227be2b3575,681238469.4710907
2c47c3ef9e139d8c4513a090,733008743.4424655
f6503aab62a68ca16eba3fec,1264524080.7106657
e7dc05756684b070b36d681f,751609565.5647192
17484950b143d0395907ae6d,630038087.7626073
3d997123b33373024bd2cbe1,815115440.1602339
ddba305c2a3ad29db24a0658,876760948.1705258
b65efc402cfddc0aed4e1d76,623532289.1220716
4a7ecb05c9886bc35f6b9160,648627931.8847089
b4e14604b888c994b64f94ba,737940155.895682
ab37764e5f4e00097eac947a,892079720.8643622
764da64c41700da5ee80b8c7,625044368.5977945
8a84a073b855e37a12327357,694924325.5283196
5a6878f8a47f1fa2fc1d600d,1185095245.5008748
505f3d545ce83d0c848f828d,1136188606.667047
6687a2299f38c15598d11eef,935815378.4094187
533134592237b2748915eed8,809327576.3668739
daae80933675e767b50bdd17,823031710.182138
945f85a061dc4e95e779e27e,973522500.5701443
62dc69d80cd6ea9fb7fe52db,749994289.4510949
153436858070f7e724f0cbc1,722969249.2436845
7f9875a5336a32d73df2402c,855691990.1991761
ac11141115d391be44e6426c,604566055.5133152
f8243b7b679dfe8303180d73,1238975428.4272559
1376106ebc19c929df27bb62,748751880.8645339
f591597c9a1ddd9852eb3cfd,893650575.2188154
a748841236a7a7fb33138845,486085352.63459826
6ef43ab43841696400d91859,544173299.1176641
601310d800d88f0d387235e4,1000268806.4778965
db81ec58863dcc5d12839883,522636863.44081795
68d35dadc6d0dea61bf4b513,457190739.785388
ba9be0b67571b1e9242664e1,619842429.8213644
1690af2e30b05da545f1576f,875869367.8397746
fc72ebf9381496067101da61,442012796.2186802
3a2e95f5eddda4df84b2e2b3,551437279.5056452
a660d5809085b4823e287a5e,638364767.168589
799301c01a3e7fc2af5a14a9,773994601.8134853
824cad597aae34d7d59ac939,632529754.0458257
23cfc154896b93bce4356ae6,467512361.0248883
a9b96d2a23ed155043085e87,848541108.1614174
f5d529ff6a35fa78ab14de21,575214930.9089552
9b337cb1451a8fb078dc9a07,669852239.261585
cd1fc7362660bce494b5117a,504574400.66828036
26454cbe44a07cd0df12ca07,756463751.9560779
cc5563550bebb29c83ae3054,863727974.6565495
109bb36f29b223a81dbfa340,733011889.2804691
31081c78ce92e1d8dbb315b9,753983246.5464631
502aca1a1097438b32eb362e,978482823.728174
4c90ce573f1d61d11294d05c,920075961.201774
87f1e9ca16a7ea48de04fa73,1102934949.082338
224f6e839dcbd91491f3f1ac,472348697.85338956
8ee7d2e0692e49bf9d308b4b,716199519.4138498
a3ff6a1fe37a1bb736b1100d,615623770.2733198
97d49e61c1ef55451e52c8e7,623347244.9006877
b6514cdb1e2cf37e3ff8090e,1131277678.6626413
