property_id,price
d56159653f5d2abc5ed5acd7,816813109.7431896
45550aa81c0151f1fd9fd8fe,749442280.5609293
735deef3382aa15930482f3e,643332258.8656054
0dd49fa8bb7be52b851c6dc9,688622501.112635
7d3220a91e78f8bc2924d1cd,722822989.1107408
d3054072b2175deec2c1f8dc,345077211.576322
b7574b06d593fca4eac59815,344215317.72388977
79e822115c5c1a4531366001,435591204.58836234
d3ed5316a463d38c1bd321d0,803882646.5971106
2f1880c9b8f7ac2715e1236d,674366571.70517
dcca1c7f109175760ff531c6,451301680.24741364
dfc4f3facf91bbd93ee0fa4d,478733954.95502996
30e134a6cbe61d7954d0f56b,402355123.95564526
385fee7bd9ad7722d45dd034,456351751.525715
87199c236bf22903d1aafdd0,459968044.98342365
19e19ad0cd6b5e84d8aa970e,475751424.70437884
907f968e78d748fde69dd44f,574976624.7022374
be094e5db0f784e3aa013aae,427194325.7413735
7ab96f83915bc84f8c03c1bd,432532435.62889653
07f4aa9b9ff5b0b05d31e6c0,821612181.4710795
e9be8cd37abed8ab510ba1f5,784507016.6774675
5f6ad58df27b562db077b5ce,737340054.9466866
ee96d947484aaace40f9b77f,783263013.1629349
15c4aef8401208054697b81e,875552322.647824
22d6cb11333f2839b8112b89,1114413252.052563
288c09c33907dadbae495c11,1096919348.302545
f71d2bca0c5fe2720a1544c4,742780963.8078047
451744cf3ce55a98db8a3562,726603245.826865
fba9ae05a6a8a9e0c6268a9f,636170666.9591142
1338e58f7dcebf5a1ea59388,633671320.3603463
a817e8da0ada143ac87277ee,436564792.0953692
46d8bb3e9a0ca584d3c7a317,637320182.4824417
b2506aa9463aebf01e1e00ca,443299704.79351825
7ec025b9b6e6f33bf65af41b,511886367.3642527
2ff531e27672ecd2362eed55,789497978.7125723
9b3cf0d1b91b9c6a2a887647,573704453.4715993
7db5291ce4602d9b2b266872,411134221.99942136
65d5918e826c33bb950fc008,549074938.6677876
395c34e4b8f52cbdb0522459,674288178.6127044
855f4b67d2bd6d18fd03d8e7,693335398.5079634
9ff06409b37e5b5dece4604a,620848902.4473778
0508cd7bd2c77ebb6fea1e56,571457195.161284
b45fff2e718e54772d46a3fd,623324514.9945045
cf4d2297b73dbc357d21e31b,563320969.9588752
0ada7044c5b29925abc90879,598752536.2842481
6305f02255274ab5fb6bd39c,636199898.44540906
d9a94194ae1350512beff3e6,839327346.8362491
e3896296cb80d50d9ad3f903,781840984.3602502
6514f355887c64136edb5595,785643958.039802
f03400cc18e12903b3ffbe5a,712183382.9359155
4e134600155a64783b3f8c3e,706338804.6502478
d63ebc63c82fbf66d8b6ffd3,735801178.4179635
1bd64811bd59706844230198,737297318.019744
a83921284639eedd4a511cb6,733693909.4405373
a2f3f7a1cd573e2a33f52e2d,740861942.6101123
47344a66471fa51f61c64652,735370967.7414802
78fd849c9429091347d7e5c9,699764115.8162493
c3daf2abea55af99c9579319,635637547.4112368
52864916eb1984abca41ec66,822527917.4974669
c62494a9d7aede44f2f84023,865702975.9466398
a2b576643f7a032371587e5e,1115411354.6672912
e53bc68f0e97ccead24f3e56,584732041.6607012
fd82c710aad91bc90af490fe,719523800.2143111
d436abc2ee37ba3dd561e940,585545512.9868683
216a598114a403676011cb51,748165320.0372088
ea230d5eccd2b687888173bb,644100533.443371
18bd0dd7580f2a7cb19a90b9,460895077.70084417
b143c8ca6d334f6a73c3f2a0,326175645.1042052
ab388cb4fa511968783bafee,442256173.63030356
6a4f08cd04d558a56af732d9,447196533.63621134
7216c895aa047c4f405c4941,578174007.9408048
a493488dcd906dc74cf8a604,644299849.505961
7844b0b2bc65dced90a355c6,577674751.7562817
c1976383069b6b82ab29d092,557995785.958686
e5cfd99e2308b7b73581dbdc,477930084.4094123
c18c2ea88f4ac53970b53d2c,682088910.7287211
842c9f0e4edf1e5a672ce15e,723750127.9918274
7dd1e46dcbddc6bf5ef694de,566201209.3758633
6cc4f32b39180bd1ec7e117b,604663135.5270419
79e643789a85dc4ffad49a25,725304174.298563
b3402a9173d289d6db78e09d,806129325.2709383
a446507813234e358db8b573,544906244.5269487
c8ef57ddfb35061d1876f94e,715793550.7757316
360be0df2c003005e3db080e,953052208.4993925
9ab245a4c91877cb7a8661ce,898531807.2674948
a57a34c7486e7a40e8deb316,769833305.1353779
ceba7d0f56f6cb03538962fb,735495910.7317849
d5475993f9db58c3e4baf7a3,721854021.0826445
d37a1dda09e30da13ff5bfc3,682675517.7879645
68a8b8d077a8232723bf37e9,738135661.3635485
e1eea7716ca6490b7640717a,730217249.1261619
4ae6d75b10848d259ecba576,814077878.1667281
17afbce5c0b56732abbea936,694766293.1654178
84a2673eccd3cf3bd7fd3eb0,822527917.4974669
f2f4e6cbafe527b155707f01,1025089665.9280694
de2e3a592cda5b76c9573c5c,841833098.7185584
fac651cf404a58f24dc7d286,1237925192.725552
e6f312a0877af26b69855a3d,1149765663.0944211
333a643c623a9bc75f3a40f2,907355533.6210085
64593641e470908ef23b46cb,865221720.3541847
ce9f2f0071be658ae75ca6f9,1129127198.6853764
9ab385e399a4673732b6a799,696892931.5191994
3429c774b736cefc051e2c55,623237088.9244287
a51ad0372758b2bbfe73f8fd,628964820.960108
8c801a266256e3fbabe7e3d2,609324699.4243661
ca2f81b8fb6fda20aefb0ccb,592250455.4618927
3c1b1f86087f9b99380e387c,763166509.3448317
b0cad5d612954b8cab18101c,775430467.4273434
7eb991f4c69215377e4dac8f,852355176.5995241
0d130b8bea4321300396fa34,931815425.70855
8dfa059401e1dca80ae65ae1,762510889.1986357
3e3f264cd0ac7a65ed2349a2,798620218.3507228
112dce80bf512f3f24391d23,630053196.3504086
ff25ded6333278149f8fb68f,679911634.9610814
d555b82c192794e87e9d536f,709350846.2280177
a787382d96ef9fce8f27bc70,860995555.0326183
8c3aa295f7bcfd9a43eb2037,851463804.505995
13ac95652fb3cf6c43dafc66,548158764.815442
42fc6a80b882c32f6264ac10,534450116.1689103
1e9c53e09220d689a0210ab9,403542683.15403956
3348706086aa3db5c92259c3,440571189.64695364
66d402a9b7d05f29282ddb00,689215210.5193039
cf88be51d6f31c10e5868ff7,418192428.6977164
30b3f38716be209a894b0942,432342331.19052196
0a5908a92d0ba3e36f54b1f3,395405103.61131847
dd206b6ea2d7f6555109ea39,516872144.1894672
c641febd8bc2ece3e4d2d8b6,615819734.9117616
c11fdc02a288af0572a2bca1,732420080.1955826
35dc60a65969b264ab283d6d,552396008.0102799
d9cb0f637cd4feaaaf8a21c0,602163940.8479446
7e8dfae9a5f1faf8afa706f7,490489805.30657
a280fe7610c254b935c9dcfc,474091048.6212028
85524880fdc4e4daf90e96fd,504013728.4050089
f361109d06f6609c16724b39,549074938.6677876
3f6b2f0c0876c21755369cb6,636199898.44540906
de26819064a290ce78d8fcc1,586460015.931974
91be1260a84ab7fa3521c495,907904001.1847805
18c8dc4549d38c918af2972e,728111624.874195
782b0fb8641849c2c34291e6,465371330.18716013
54933f8b33a4fd6f031ed5be,789928862.13407
953176c9a901b4f61c030432,756851206.568386
357e2add3d68167a4f3ce15e,784302474.8471427
90332d50e91925eb9b614bef,818347601.9654175
11723d1d472bf1a3fdd8b72c,894008129.997649
01f8b6799e2910f7769db175,563698409.2055583
a0d5001f7dd42d7f0c91d2a9,455940831.0473284
d4439c35bcb88e1490916c67,529422491.5657413
4a73dad0ff8a5262e8b07c4b,786871550.641522
3dd8085a65f24b497ea59557,947334470.2858926
39ef085809bc80e32e7b6af6,958411966.0470767
b98ee16e8fd7d1c75a9da13c,884610274.4172349
16deb26bf740fa61e258f545,749716157.7195712
732a3bd457d7798e1fd892f6,681681472.5005761
1376058cb128a1c7729cd2e9,715823345.7180264
cac7e7c3e13af91bdc7107e8,780443932.2626206
9f3dfa6e1422f6aeac527c61,561188648.6745763
4dd3d1288ccb66ee4fb9c097,1073286067.224777
15fb97d6a43731d61e95d004,726869031.6995771
dac29573163315edf99e0e7a,581938197.9455636
b93f2864087d41c3c92d43c3,659687418.742393
cd4656aed92f5c0a0b6b7c0c,659687418.742393
556210496090b42ac10cf1b8,1115411354.6672912
762979729fb21e56a32ed14e,1115411354.6672912
ea935b76abe664d5e2c4736f,549074938.6677876
40e9ef1e7c6749b7a8d04ea9,624877026.2917558
058265732a484ac8d5497f5c,524907721.0251043
6f52ea8340cdd283f9a79720,652881385.7162474
cafe7c1ee67458e05c84d5fb,636199898.44540906
3f45ed2f08a2b03b738fbb5e,422440015.6658659
f203b18854b75c4564d7a17d,690241823.5772338
d5333f639d11bc3ab073ed72,757392016.3634912
c14f644116669a160446a945,576607415.783398
de585856ff546e00a5a4672e,497672299.3039911
7a80663cae7c191b5d025fa0,729296098.1458865
71f80198e68fbba902650b1a,660044224.3114998
f3523e0626df8cea803ead0f,501757074.3751635
619abd5f978b1573761be86d,642031476.1944348
17a2323b855e93533a9f09f2,575961501.5846499
38e8630f2c05ea38e2257c21,695419807.4698353
1e3798d739f85ee0e5a314ca,409989581.5720417
46d0544f411bbfb6b452858c,657966848.7884529
605e7a71eecb13b23ffca0c1,497202345.3082721
7515b37b7ae7c62f3dafbe7d,595390699.1062098
28be121ada9c9303be802474,644128067.5771543
331d54f8a1bd3dabce73d6d9,732421996.7631768
22d167639ccaace593dffa31,586660376.9490165
36cd68fc3ffab79fcaa340ab,496803575.43041784
db924733e88c361cdfab874a,681016656.4855266
64eea2e9a13a8edfe8ac7027,642415558.6178321
97fe6eeed892111bfa20255b,601192749.7921944
b54e6757829ac95e2076d954,759343770.7542788
dd59b8122458557041903207,505736633.15928453
b35c58fc1c05a77433025318,787142231.3366499
c41964afa164d8b75f8dbe92,644397977.7293235
96b3ea80cce599b68f96f86e,640965590.6590056
a4bc87ad4f1ad97c0a63d843,642712922.3167049
16e62269e6aa2ea052d05f71,582510976.1873949
518b37b51f824fa0fb5075d3,745935680.010666
e083d83369cbc93fb94842a1,645172106.7118508
57deff02895d5286eda10d89,757786299.379953
7ed35835fbe694bc237abe38,639529030.8216603
b48efa9ddf36e85164354f26,727391373.0326568
5910c9b29a1025bada93a5e1,642906783.4726018
10a650e8cb5425c97f08f68a,621989952.3000762
9e0feca2ec3043ae6f840631,728648344.2122375
35ce37bbecac6b164fa21e6c,531006155.01277995
c4955010d066e013812a85ea,726748096.2888497
d5a83c31bec18d1c3eb9af7d,644928467.5944843
70217bd08583854329722821,638688245.3418328
28e748e7aa0a447731e06706,699366121.8688318
27929c0a3e0fd2d6d2969e03,575009323.0535171
5c5ea0d8bae75e0a5c88414f,730877673.7558963
2233f50cf7b04791cf1ddeaa,694761562.3242834
bf430621f17dcaf17fb91ac7,713775536.4924014
d8dc9de06461e0220bc55906,503665434.1721765
d988975f8c4e6ee8fd8dc1e1,667977977.0597225
bab884e0f99df269805e83a4,642154690.7057233
8fa9b20af1508af7a01e2267,702211925.5546752
b6f195d44ddbe10b78b97191,614915540.3707856
2ab0eeac4a228d5769fb4365,550811639.8645692
347a4deda03bfdde6d1c163d,726105459.4164398
17230f18b30b94606fea047d,471792323.41769373
eab4ae491bbbe7b8ab107229,758439132.2761158
07c753474a847bf2bccd55b7,708107239.7438941
b7ce05400f0261743073e072,597030636.1950717
4a33d213841d2af537aa967a,668901892.8177361
04eb0b590ce7483c615b043b,647960246.212196
a01a51af09a3dc387a18b58c,434897815.02194095
270b930a9e22d5016ffa4019,963222554.1687533
5ed1320fe84a518e267ff537,751810694.0137552
f04b574dc221473cfd616e22,559083988.0199336
6f7e390aa6135019dc5a828f,658453001.9807446
776d4a19fb3852fe6dcd3ddb,499039441.356323
b7f164b79658952248866c34,563695273.6995862
aafeff5826516e363471e439,437773793.5899544
eba6a2b80a17a846ae560ece,382254797.3415211
90e62f8656ae504bf6175e0d,500215140.1312662
dc4331d09a1e36baaa6bde53,539203985.3131992
372d67ccb9d251e290891f0a,322096752.61371815
a7801c67a0ddd71c50ba38d3,432999147.80461323
e4d6b81f169cab8ea0244d75,552684942.1070459
cd5c6655243a4be0912bc92a,769833305.1353779
f7a7281a19733251134364fc,776656837.8177701
a716ec25a219961fbe90f367,1025089665.9280694
8bd45966c16d4eafb49ee2a2,970401917.5975369
baabbdaa5e8f69fc90d303c1,961129387.2810907
8bed46960db1b2a7954ffbcb,1107847018.4350567
dbc123f9502159d660f375ca,1121856380.3301864
a4683facc81ccda10e9ae388,1129127198.6853764
3a576586fa1aac85c2ffb75b,947560945.3081188
b1fb98d0ba25b21c6647d423,986747968.103087
97fa4be3ed93c37c048f507c,428825478.2529161
cf184cc576effe39c0f857b8,531724098.86582506
784f67fcb2d009d352740ed1,524632552.7659828
f4d6ce332121f814aa663fca,615169101.941
c87ae84ef029febca1e633e8,565633469.2576172
e876c6fd9c161861fb92ad5a,773829982.0682478
9047c4764f2c6b1a10b87e99,907352812.0705254
234c94e9a248ae57bb5a0771,671059248.1983654
a49c2976ca4f24f3a6b622e3,496236758.3331339
ffc171cf73514bed077339a6,508877251.0328856
fba83f5feea2522888377066,511422860.8902552
1a593800d5785ecc36c25ead,799791288.6465573
ab157c9601861dc387a91b82,743623082.8941599
f87f8003f15b0fbc12609514,651289683.1017889
f44d035ea2b15b2c69d4da50,723290632.3662949
fc815b59cce7934f816f0502,732433222.5692046
32915b77ca68000ba9eed6d8,599744529.6652164
cb083fa7ff634f424a351840,583436900.9249706
4f3c7b9bc78f882f858b3d3a,443739276.9421122
53d33316e237830ad463a26b,554594881.4630036
f5d852e25d51377686c43bc8,560183791.1255144
64731b6eaf4fd2bb6c155013,810038673.935722
dad7e45e4706ab2564ef9cf1,429164624.37770504
255914e9b13ad94efa6ed365,715968442.5130186
5a8950a64b4aea4ac13dad45,765559110.0693587
70f51b4abf26651111305b1b,715673932.6699626
8919ca18fff7571002e440ec,939892381.8694544
f776a4e0c8c82b3d29756b34,1115411354.6672912
7ea4af39a7e577ffbd600f0d,636336103.612479
45fc0d46c7a4df7ff6976fce,728867138.9377625
7cdcecc706fc7c79cce45b20,725258612.0613332
3503f56e09e639be4762ff2d,682735857.3693805
f70ac0d227db6f5333aa821e,736950860.4899096
20db610da64f80afc1621b12,394760446.286264
c80ef212c870e2f20ed2234a,660401914.7299547
7dc68d5cac1b7fcdab35586e,443844045.4397976
a478fb93a131fee4119bb9f9,838364461.491094
7749b2b534213ec7b536372b,523210699.1450533
43e59f5312e304fc21c1e052,824190245.6405762
82a7920524816f3db7f5a4ca,676374846.4110013
1a7e331d9ff88ae5efafa8ea,877193932.3190348
a57350d4c79a415137281cb7,349986778.2764429
f3a6132006d54d0e22a17e84,668371884.0129044
14caab87a129f51b2b70508e,681051677.6762371
ba2423d79744d763aa3744f8,852827914.333197
1caac10c1121a795a172889b,800826571.1829089
40768729f2697b87ed6519d1,621342958.6579292
843234d3c6c20bb60a17fbee,746505963.0536859
cd2e4dff930a1c7a1a569992,763506464.9702282
5a6eab133b7e95155f6a9012,482208125.81687057
5bba6c40aeb129c433d2c58e,783133496.6254185
ad3c644b506498127c7beef1,649250794.4802344
a379656c49f4cb1cfc5b3f03,766753948.4499134
998c1a6ace613d8a7468ba5c,706338804.6502478
dd610d7ece83bb02dcd7a22f,595639478.2573781
539467d04a2b3e78c592b11b,485175232.61336094
e40fe4ac43cabe82c03dda59,622873439.5136987
5561eab714583013b422e7d4,577674751.7562817
d9110b2b5b1c02766da9e24e,644857951.8433434
c72cf05b93b9c290c063b08b,690909222.6102321
d71cc157c0c43935989009f5,736012473.5545038
4199eaa19ddf8ac436bb2ba3,806129325.2709383
d23d12bd86def2657038a481,776656837.8177701
ca438e13d8aa6285858da0aa,822527917.4974669
a173eb804f4bcf6bfe889417,1025089665.9280694
9b3677d498c2ccf69c756ec7,1115411354.6672912
f8c787390e4c6d2e99fc7c3d,752683398.9715664
a188aa896d1b4520ccd6b65f,545857438.5559907
9fa39c9eb4b10a20dda6c3c2,750409017.7396021
7bc9022fa1eadbd9ab39acd9,746841781.9066317
46f0731f62232b32eb733dc3,655757983.0025586
b6767d1e329ff5e28c42f632,598002932.462512
abde4b06769fcb1d5577fa7f,628964820.960108
1496d159d31717ce254f67a7,553632072.986567
1470749d0d2551a93827e441,579782979.1440982
3ac517f74dbf8cdc8feadfe8,650698893.0018946
fc6616c62030a53d2aa46b12,796321769.3914995
8497f34947cb4c0ff18a0eaa,567935728.2374078
3b2936127f5a4684a1d3de22,581035662.1070787
dab58562904cd13a93d913e1,598610218.5614836
69d1e47b6bdc57512f1838a5,650673472.7282007
23c7f9a0534a4ae6a24e38a6,673578036.4463952
640e9fe41fb79ecba89d8951,918705140.8158011
31f6a25d56f3bb36386d07ae,789416515.9651731
bfb30ae71cdca27f5a5494c6,774108694.2211959
baacf0dbd690644d74f3a929,600189029.431218
cdcb874d2e62220d12230632,738031971.213924
1421bdbd9cf7572b799b732c,1038936245.1710672
ee9e5adab1455d38edfcaa6e,845889708.9142716
1fae43a9450fae02919962b9,701335910.7645367
5f9ee280509afd55d24f39b7,671381112.4087481
82902f2082dd405ab538ff58,591395092.4580427
eae52c81f779a61f57cb5b58,729808180.6882497
4ec0aee1b202642d2739068b,812889694.0074551
f4c6c3210a3c2eb935c6d5bb,942228108.2586187
14a14706d405569501327924,366094023.8066613
146a5a4f3d111dc7b955ce42,805680947.540301
99bdce7cdea643b0442976f5,694725179.8353622
733c7cdfd50db77066a67140,502326496.1122709
de328410e22767c66d919423,767152672.2297277
d0116b53467b3081664fb268,652205129.5205661
dc722ea5c4d62773f9fb6bbc,563367471.0331624
e84605e3aadd50b064c8eac3,871619130.1337249
31a3719e57ab1425e7267fad,691924326.0819389
34993717af3f861b9735df6e,634690167.5877082
543822711986a454cfd764e3,738401370.5473968
5bbc4ff9cc3ddacb39469e27,796153916.8857433
d7ced905983af0800c19b7fe,767705275.985025
02d5bac2567ee9e19041ad42,834965116.8933469
f4897a8a0a911a2acfb8e8c7,1025089665.9280694
4ba19ab08d1fe7f72d0dd37a,667568314.354682
b7c07f8afe037d55bddb8e41,565553310.2856131
40b20b5a3a986802d64f7675,469006959.5348942
01fb5931cb55f5308382818e,904852110.0695454
7cd0c7174b957df1f004fc88,764705365.6012287
ca13bacbf6dc8d1b09fe4c67,698664148.9713207
0ed0dc77661be57aab63bc83,661932244.2535878
d03558acc19951a882bd568b,510850155.8852001
b8cca0d70fb46f3a31473e98,811045370.4398801
f665a58fa8eda69547c1a159,790621599.2801359
8aa5ae4637ba83e672cd3ab9,684483488.2533296
a6da1996f66e545041d920d6,699384485.1477206
b828609eff041a68fa243a12,789111770.3763773
3f39a260b81dd7de1dff2b31,647472378.8685007
40fd167916ff071afdc44792,885281236.5340694
6ca31945172976c3a11732c6,840484594.1585649
1437d1f1601d26a3dca7594f,698178541.2917042
ebab054e5f256bf4e382002a,1115411354.6672912
0838d0df248d723da4e25ea9,790692622.7498446
7a134e45b9ebe710c6c6efe6,665853335.6219378
6e9c7f27d6b89c5f9696fae6,442256173.63030356
bd12c705950c46e679c34bf6,1107847018.4350567
fa2c1092f17ce021964f8953,806507843.833066
e3202b635974f7a3367c0ff9,806129325.2709383
49bdf0f970af03d83a57dcff,767705275.985025
91af29fa680d8033188ffc39,779961939.0856546
cb626b981c0997d254388e76,485175232.61336094
155a8e4186d1626fdda4d0ee,811529815.8010386
d337476c2cfa780518523a6b,630656672.4682734
7c3ea8523ece273991a190da,722347467.5478323
674c02227165e1c7189c54e4,1009972462.1800884
17056748001fd65cb961b384,883666120.2702454
f56bca5bebfc765162c8cae0,947145027.3688699
5f4b0ec9c7452b888b33c3e8,762165852.2360318
13dbc077e552640736267a49,411426098.34789306
cb645955c851790e83e696a7,749600108.2251785
649cca8c83352caf7442f20a,735134488.8882737
fc8836e71725949c5f3fa7f7,1115615728.8859055
4f431d80287051ca323f2c08,579341180.0229095
42defcc69fa22e4c858f3c24,817136884.3564317
291a2f9022933c9d81311e81,825517193.4381237
d48a061a2040d851937413aa,864229998.8001547
55d2ad80322427ee3426dceb,877199807.8596834
8c41bfacbc1a6ab831b26fa8,775278492.3782383
c7214222fefdd8d2ad7f8f8f,711578373.9147923
b3d9a095c9c73004643c9e78,841361540.6010097
d49aeae19e13909e75dda2b6,811635343.1081524
dd10dcc52d2549df85f2a8ec,597038395.2355398
6732b448d2e4f32679f235ad,921164907.6086149
f08a5c2992cfee4c0910f68c,839992493.8506355
e3a62f080c25f404ca995e06,821205708.3351184
7634d584c3042533942e2dc0,660227233.6630379
ae58dee872922a9c678dbfcc,969886409.7223153
5ec01e911785dbd5b49b166c,671788050.754571
9bc12d9c9ad95064412c3413,691629447.6859533
7acdaa0cee1ee62e15f4490b,587544181.17533
d76d5b14d0acc5295b8057e2,630048938.3489676
32f3364ac1fabdd13db1cfe5,332680122.4498051
8cab957b322f1aba06bae4ad,553343040.1014313
e3dc8b417819e9afe3fc7d0d,530487453.0587786
c71fbecd8f7310c201adbf40,570233196.8111824
54c9bffcdc46819f67e4b3d1,697094501.3949587
4d94a2295f612b96264a0db8,634006060.8625039
874f4a836cb74be301e068cd,926125587.0009909
a18925f908acda4171bfbe36,901394292.9252214
a587c7419568288d68c46feb,761223417.7804776
19994da77ce4f2db3efe6660,624487524.1908718
9c4dece6127f1f3f3bc1e0f7,625935713.0565126
09c28a830f8093802384071c,653427045.0809753
5766f7cfab59c920081e3046,625935713.0565126
964b7d9de17c1ce396fb83fd,540543132.3292242
44f77a86369d6607753adc09,643651320.6251293
7f25471be85adf0baeb8ebbc,589248318.6419246
6859481703fb0cb34c1e564d,524098798.7034328
7ba0c14dce0cb09ef5735d9f,596018128.5118647
62cd6a29e98a5b7a5ad38050,607360958.982672
9c6d7e6260e4fe83d43706d4,638179261.1661816
5dbcb55dbba823dc31b041f6,798620218.3507228
85abc5c0353c5b678f087824,666294245.2746013
56dd1bc39664f8e9f316851b,657556234.2001727
b23341faa7307d9d6009c6d8,540713114.1749765
2af941adae2e8dfd66542055,539191093.575271
268f887f25d416dcd3c0c9c2,758029068.8114607
9ddc7272fe43f07035d3da63,1206965878.347039
4002635ca8b087877ad22d5b,959170496.2470794
b515b1caa608ff42574e5a06,589504936.713268
710542343cece039a279dbee,791239592.1599607
187a143dbd6d4bd81d6d9c32,567566268.4703788
26db92c003c8e67d92d88aaf,989590946.0864199
641ac8f4f60ae2b9cf6add93,566132162.8759531
784714647351cb6745c867b1,791239592.1599607
5fcf1e2ab4edf13ec844decf,636336103.612479
2575d932e98c421bbb38b267,870546786.4273748
af9d2f5f62bf74a7fa9c74f4,744014372.5394224
4db8d529af9f718e6d81a85d,485175232.61336094
9a3368605e5f563e29182f3b,843585220.2815092
5ff696d8369101b6dc60e2ed,654679695.398143
95ade3ab8dc04237acd6441a,386943282.8525678
607ed21e896eb5ffb50d5ead,592283354.0467414
40d9a852bbed67a6036c6d8b,572679357.8120102
97badba651a94721af5df3f0,736012473.5545038
b2f089146c30929c4836f0fb,587126436.1761591
936307e2f478c3ff7b9652e3,660735134.918564
b6d5cb459999de084965e993,767705275.985025
aeb66f808982c6308d891f55,772363281.0363014
cf8418c60f4e54dfa09b1e6e,766535818.3729835
1dcf71e8fbfef2c6534576df,738135661.3635485
c78b16f05ef58855da0d4f2f,555160764.0510576
19ecf1fc86396ada203c2a19,721237175.9392625
985fc7ab5aabf1831ce3d298,696236981.9237039
8aaeae6bcfcee5ad928ce28d,686588196.975625
1a93cae134c79a43b13ce656,806129325.2709383
ffad647e8ee35eaea6378fb6,732085943.2720523
c21a3eaa136ef8a912ce7b74,762379466.890927
fabe0f299a4e4bc6f51d54b9,635670540.82016
5af99278b1091dca9b0b0332,735134488.8882737
3f0c845deec1c24472a35efd,1094267389.342796
c10f25fd39dd36287a6cde73,1115615728.8859055
f37d31c512866b575780c4b7,1129127198.6853764
5d34f871e5a5cb3a655a0b13,579341180.0229095
95bb852a958d7b16fd676e3c,921164907.6086149
24857a7a80d5f13a52eeb054,573338133.5854667
f9796e9d13fe1becef435e54,863359988.6866647
1c2739878e452a340a4e8972,960073233.8495288
698f3f1929a2dbbc69865b65,677089847.2763706
bc230105784ca8640e499ca2,647472378.8685007
622fdba953206a65224f2c82,583798793.5776293
6765fc17d98c08142d3d7757,664175121.9829435
6f35fcba4ffd6a58bce85892,571045570.8405408
d8654c08e95b39e3b4891cd9,730840987.9804392
33305df46dc2186c7e3f727e,947145027.3688699
0cec193a20d720af010383b1,790692622.7498446
734efe04fa6b326ae1d072e8,451110609.3898527
69190139558b2ef3eface18d,546162478.2680172
bb084299ad23f245d7cc5b69,562065165.1060642
d4c7b3372d70b898b167b92a,732085943.2720523
4a119b1bbf04b4bd6051c5b1,769833305.1353779
f844345b6224bc76bc3c6f91,460671262.5246632
052505ca8210e5e651fc0b63,786589692.446897
5731cdf8cac0b8371d786c90,790621599.2801359
594d8d78af90086bf8cdf09c,726913467.8874748
fcaddcc78938f3a234dd2d3f,506514528.57579124
1574958978c9b5d23d9521b5,656249470.052627
55902baa0ece72e2e8c869d6,811861609.1072358
46161effff173111bb6c3a32,799909690.8089411
b3fcd9cbfd485e4e1da6c89c,667606646.4392024
213ddc1761cd6b018349786a,781365380.5780753
be3b1df5f008636e14bec3fe,816727801.384935
dd27922be5b6f730f8b4e058,413689685.72637653
cd2aeb1b2649ef421102def7,688804365.2660453
a226b4af016a772dc7e39ac8,563464140.7909427
dcef5b332fd31d0ed8d754f3,621412619.8858
481492907baba4574d4a6f35,806129325.2709383
10e5e54ab66b58b3f41ec381,808195257.2228156
d48866a153ea0fd23a858cd6,521636840.59428966
d273a2075d28e343a657d9de,1016409838.842013
90a711f776d53cf654614649,783347704.1913296
f87c76eb5071c5b309e3ac3a,471267337.1193867
74df03749e60c216a3e1292f,422721499.85900736
03a84af05df0f577e09d60c1,556706746.6923549
78682041182f01ee4db04e8e,1107847018.4350567
25c76b5a1da0c2d8158b3732,721217318.9292982
af8f09175265e1546200ff86,541332021.4466435
c8d4ffb290aa9cea002e8d67,425506375.0904162
cb89ad8156c3428ac80a4db3,572816586.9768646
7602cb1e6fef087d8ee81aac,704762468.3355656
00c75d59ed4777481a50cbd3,706608508.7071909
fd36cffb856c2a14982a5fa9,596451921.5879104
06ccfa37fa6b011ac38422de,570296878.4469113
257b533b6a66b40d0f097c55,644611441.4468925
736eef4bb36681acbcc3c41b,607261934.2103422
e1a4437b17f7bec650d8cd97,708545645.1292254
ecabfcb8ce9bb47ec3089c7e,708545645.1292254
a5a46af0c9fb5c0a03855660,583625148.179071
920b50f4355cd2674ceee068,672348122.8227642
410e5af026805ec8088f2e71,652184472.3728371
efa0c01632d13ab59f629ab1,519519854.5418698
5965d19a68a8414b0419bc68,640875270.7154013
64955a117f2d9264eb59fa82,818879654.8906766
8cd46b5c9cbd056d3712f155,677089847.2763706
65f736c3fee3d14c31a57d1f,635993596.7432587
66e9c614882d58c022de7a2c,790621599.2801359
8c787c1e6161b18601e6d7de,634554281.0284553
29a115ba5b198689fce5f93b,411345293.74370104
de8ee990e70c8e5ad167dc89,691073901.465461
0b65098a19c2fc1caa6577ed,806129325.2709383
70ea0403b722a1dae1ff9b18,732085943.2720523
5c77e242474e477513b60ad8,590053762.9089453
1655a92b20740a11a5889519,585127636.8083836
1709b1446b20b21482dd2d36,822527917.4974669
e5dba7fa0cfb81488b0c331e,479094068.84042954
d09dc3a3270073e5f1cb353c,769833305.1353779
368e740cb71b9175fe5b7b6a,947145027.3688699
b8a8ad4c0215077d3e5aa472,834162434.2909768
1f4a78e094987ce29f054fb8,707668650.6745024
aae3a99ac764b8e9bfc562cf,780575745.0424609
a63ecc5539e8725af4128cb5,825542231.5273365
a29e18f37ded2e901181d7d2,735843756.9611391
14ead7469d05e5eacce6a575,761837221.9515237
1cbf39c44f6b0fdbf9554845,754421046.1629634
9012294b64280c565a88a1d8,758227569.9822671
dc0e9ce44b9932c6e48a9390,731462986.0999668
a4f272acb4b3b4f5fc72e99d,745014320.1041931
b0a7295da89516be1c44512e,848085203.4872546
b638b937d4f62949b9eb9fce,649870326.277703
cadd4a6e1075b57f7b74c63e,755586988.5811007
a88f4eeeeac5ccd1ba9b8a4e,883685041.2196736
29616bf14b5f1cd42786a91d,679371778.0514528
f03f97ca55e9a43928c18237,536122797.3717809
5fb9bd3aee2e1320dcbea448,481308287.311048
34bcfc2f0cefad790922879e,728111624.874195
8c9849cf3d20991e5126420b,759221510.9901942
ca7b9296080c9fc9fb232782,884028399.2742262
63a5989d0dad994a6af7734c,660044224.3114998
7d25023ecf668945c87e0666,757392016.3634912
fde3d4a4a819b1fa40530238,703388574.0480258
e3338ac993873aca45755dc8,729296098.1458865
bfeab1b12dd82efa96efac31,576607415.783398
2d564574f0191164ff1d068b,501757074.3751635
5529d858e9c9e3e92ce8a95a,643331257.4851869
2755af908b841e9024718b3d,545306484.5651116
623df36ea9610ed5c58dbd8b,593017302.0935371
77924a3c7880310a4822e5a7,497672299.3039911
24fd0b7f75feda5db89a4127,545168565.1870025
c2b9a3b2747f32d26c8219fe,642031476.1944348
3c3c7861a9727bedf5e3cb29,734833690.03354
822ba8fd3c7392bda84461a4,695419807.4698353
4625168852b335b223a05bb3,755033636.8514525
b732ff1637ec53286e890865,657966848.7884529
706bddaf0b87e4f076247450,832079428.9133868
917218fe1425d2c222da1ed3,575961501.5846499
7ac0428c4b7197ca14f3b86a,586660376.9490165
e828e83be8651bc2e07641e2,650812293.7859883
4d069f925100b6cad0b657b8,496803575.43041784
a50640d13126880a423521e8,732421996.7631768
45e92799de1a5334c3d2d72f,409989581.5720417
93ca9e75cbeaceee69b4f0e4,681016656.4855266
8fc4070ce12262679c381515,642415558.6178321
63182bbbd5f94cea67de2d8b,713775536.4924014
6e163c3a0e30e7bf1e909661,601192749.7921944
3cd016f68705e73b819cf74b,640965590.6590056
3da41d55a2b9f78c2b10c75d,621989952.3000762
0eb8f10c9d5ded1b09f60baf,638688245.3418328
330c37fb5065311564fd35a2,582510976.1873949
b849cef46f19e13d3fc9d5c5,642906783.4726018
7bc034984b19479f29886cc9,647277408.0220336
5cae4522fa829a1614739b64,728648344.2122375
bf6bd06201e60a4c98c8623d,614064144.560799
549ebb2f616d50ca778e92cb,853441545.3096585
448ad6cf4b43298a39c7b5e6,503665434.1721765
e9a37a1a4150461126dbb6e9,675163367.8952216
1d4c50978603ef41377af057,505736633.15928453
bb71a24bc5ea4051d84ecacd,745935680.010666
286ab2411118455780314355,644928467.5944843
045108344bf09b01b597e7ce,645172106.7118508
d714e15ab5c2d5a2503bffcb,729700702.2057723
60823c81f0b98e8a57192a9b,639529030.8216603
dfa988a524343181a0d3ead5,642712922.3167049
fe8bcbd17b16ad023a202843,727391373.0326568
69fe76202cd89637a15de1d4,699366121.8688318
e7cf67cbc08fa04be9f0a3d4,531006155.01277995
670583e7a2ec6e337429fbf9,726748096.2888497
796935018bf2b241646a2dae,644397977.7293235
5f5856dd16c0e5131835e650,575009323.0535171
ea2e380226005bb55c724ce1,757786299.379953
f40defb11ff73ba4e3db7611,738333789.232691
a4b2dd2771f49951c027eef2,787142231.3366499
a949ede7227c8f8587715029,667977977.0597225
83f402857435d4fadb27fa36,642154690.7057233
36ab522893b5f01caea4cd0d,702211925.5546752
8e4875b7ecd0898571f0b1ae,647707786.915535
7ef3f8bfd0368696369ac957,686382807.2528626
73ec13a5687c542137eb9a41,580567326.3841621
6334eb4a37d102ee00c6e2a1,637832452.417579
fab91f0b03598c943fa425dd,743007619.6893086
c57c3c7edd591e16c0b7c1f6,772203778.788867
03aea1b6ff072f117ec733af,714896751.3424828
91b57e8d6c41b7afe949bcba,524724081.67753404
ebbc5fdad817b304af3585c4,508448471.20196444
0232a50c9afca03cbf4277c8,768199714.0838372
05b12b1916e51a804419c654,650309746.5050702
95c9cee9b36fd1d68f647aa5,746308525.7643683
3d31144a77cb51647f3deb02,795718361.2757436
ea87e3259c2b0d6263d39a2f,670449264.3903706
61f634438de4a10a861f42c0,749468548.5285103
c3ca43d0474dea2f2dfb9791,508577242.5729736
a13a3638569b89ddf1260470,574075360.0269653
124959d1429de095473bf5a0,801526930.5234352
4d85bbc09ae56cd85a8f87c6,746366687.3670607
2c13f29a8b9ac9b464e3a582,541568403.0177572
70215712bdd8ae7585520550,459551006.66224736
3352469ca509e8ca652fad1a,634954412.1897694
893caa7433c200e0d43e9f27,807504210.8016659
767cb14f03c909c595c2a731,642058393.0453238
11433baf7716402e8c58bd33,781558955.2063702
e07ca567b0678126a1aec803,657205871.864899
b2286067a73bc0049328b55b,627130219.8015165
c85d56080167254c7bc19303,728537469.789708
5b9ef8d6defdaf13dccc5ae9,503140060.9160747
f7972b1936c6d9e95d3f632b,494141200.1866384
defd03ae7d0c0a44baf80abd,743462595.9684815
6fffb7958a58a73b0e16f2b2,765980110.0388209
5d86a1db39e324770ae58efa,417409777.0485036
c56163e390d9e5a7a76e77be,647582522.9534156
fd5ba2795eb7b5fe338d6b4e,714612302.22833
24d6d85cd0e2dc3deb2db896,743007619.6893086
feea3a2bd9f643219de51c46,545644429.615923
055d7c66464d7e327711b497,805768204.6159115
046aaa4162cd410e92b216d0,583219059.4629248
b6bf2760cfa26cb28fc989fa,660270918.5686973
3a6262eed8967d695182e435,642771844.9750112
cf3665f24927de548639ee4d,634796093.7890952
4c243fc50d5511a1288bdc0f,653913734.2916672
d753227b5c685e93b378baea,644611441.4468925
149e49c22fa0eb163a36c932,806635904.7894682
8baa01b8c6d29c82a6108cb8,586488714.7903745
2d437a09b860d9d46644ea23,451745803.7113801
66bd80fd26836fd426be5733,506135511.26373005
a30e69524af9c1bddbc5de34,573677251.3296332
fcc96840d952d32a7300366c,547126137.4869761
659bccaa707b94f303610225,644611441.4468925
df1c66d8dfb9520c6818a32b,589809344.5685259
dd1dacc0c90022e5b40849bf,559778715.5399272
1a06bfdfaa9d9ac754ad07bb,506276969.923212
a0ecc8ce0592a40959bd755f,579659035.6623
739c2b9be0941e4c126d2f3a,766902381.1841947
d723eb2516802250027312b4,699176445.9714566
04cc75f46642efb1192f1875,600295999.3870568
9f37bcaa95fb0044aeef6075,552723816.7710252
7be8abb5d23794ac47ceda32,512543228.2711144
c06c737cc0cef7fafa3fc4c5,574084745.9114394
48e71c45f41778f8dca24cf5,577344868.423313
b41f7c1cb9cfbd188f8e0233,763306907.177658
32ce96d8adc8e549b90b4a8b,805477743.6070511
c6bb4ca5a0c839d38dd8ce19,870546786.4273748
1d91edf33a141fa2181abc4b,664647287.9607155
aba4e24dcc6998e5020731c8,805477743.6070511
00af33cff3ff7c6927306df4,601245465.9013432
6d2328def08bae481705e20c,670717092.6321781
7815163b8e4a54843d121dc1,701590088.625505
c9f92088dbdc0d81412968dd,699934451.8459829
8e1bd01ce4b7910d42f59be4,659641394.9665016
5fd89a857727753eae6632f3,550822194.4994003
332e395d4ce62523a2e3208e,395682891.9481656
4fc89ee51cb0e1b9d6459819,716416053.4840535
2571fe181b6ab939eac19d2d,674563914.0637516
af98a0e223a825cbab78ae49,566674453.9289595
ae187fea3c46c3fbee7e6e8f,655819347.3713511
c681519ec1ee1a28f6a3607b,759660751.9752188
bebcca3e75e747b5a01f5485,714816169.4235929
0842a0730545c623043b1d8e,822755717.395332
973afa2d67c20297aa108bda,510721849.2344825
64a9f0bf04f1c890cc6e31eb,697399074.8599507
9e92b27f554068b7dfb640cd,543073457.0265201
57b7aff18c444fa3c577b079,552377584.2733581
6b23f191d2ccbebf9166926c,679175494.2433882
b80c961aeb98d24d968c71d3,828103497.2315754
064c1cd5e94efdf8c7262fec,622609288.7203506
723078b6cbdf02c88286c596,823169849.1699861
e239ff5eaaebb287beaf76fa,762305565.5496048
b3b30d8b869eaad2382c5447,828908927.8734934
3f295e6c14e23cff1468bf82,688222947.6441529
be78bb0e06d5768ac1908247,480547255.9397195
4daf52564456895ca7f4429c,445215289.9182182
c832701653f1e7f01913660f,719402897.4584384
82433a009defc21498037127,731405298.9257492
b53d3d578b1d7d9e00c8a00d,662389651.6142166
36fab4c38cdd91de650e6abd,912061240.6478028
bed932e11a599f7cd4bfa31a,675079107.2732211
1d9addd835c9fe8665e01500,607547066.2300032
d8216aa4e029c0d3d646efbc,696547596.0105233
c1b0ddd3c104ec4482d5025b,531488466.0444557
bd0f754b0fd9b7af284419b2,813129270.7740066
01e907d7672006fa2bba8b0f,744981618.7299362
7ad046b20064565644ebfaca,621181510.5297469
1ac2b23683ba89e9175d1b99,636951716.0235267
ab4c55e78eb83d80c153f50e,557164377.2650394
2ad54bda875fcf8c6b675bf5,637358698.1067195
07e76c765d1137cdd7c2ff53,549051189.2252036
5531b9663c5a37a2bdd97e9a,828629074.2838051
c740655aea4eab7066446c42,516121508.15584576
3b6c37e7e6ff1c03ee4fe995,830948448.1256232
1b5d3ddc71634099fa1f04a8,633185399.0024459
1ad916edbe6fd38f40289a04,510427137.953749
a1368aa4d3ae850bbfd90bca,886011157.0623062
0f728f676325ece6a001b4d5,555999491.1866112
0f98c4e431100aa87e6fa6af,674290944.5013186
91a08474a18644c43224c62b,555855999.8520124
185dd9366a6dd1e820880917,626979008.7866504
e364018f4d994cd15d4af374,768662080.2759249
77348acef84ef77f6a076268,624205370.2110102
7f8f506137780f4cf12e73b6,535988851.3829288
809082a38e6fc3faa66845b9,742637862.2308328
2072a783a44474cd0dd10d7d,743332206.8897243
b71905255273cbb0af1290a9,577322758.2439572
c7d5f021595b58c507f47d3b,971311987.1114385
65ba1feafecd7efdcf214ed2,837903695.5738007
72eb64cd02ad2a54b65083eb,823338781.5234869
35d79b2ac92083bc439124ac,659112707.2952727
2f7d36523df4a5eee3edbe05,701389694.4051044
b0d20a04106ebb87e2cdea37,940617117.5760688
43650eb8b70dfa256ca64979,636336103.612479
311fa1bf3c405f9bed13b38a,474091048.6212028
d12dc721a59af021e8ac68e5,474091048.6212028
36f9a0ea831710344f468bba,474091048.6212028
1eacbf36422a54f1327fa291,474091048.6212028
9567966987eb1d3117677cc5,452480331.1645157
e5bc85e227ed7dabfccbd005,474091048.6212028
d1f39f86c82916524273bada,505517108.06553483
deeb837c2c6bcbd01930431d,631864081.5646324
57aa22792684debb8d4079dc,651289683.1017889
5b0530f544da162b9a8ff772,562174680.979326
b7d66c5f1ad06dfcae5b33ff,634554281.0284553
bc353a421fc579770e432176,599744529.6652164
45ae1e929b0fc88718151191,496802701.11967903
b04449c499843cf46ccb695e,692605890.5485858
e4d89c9d33a0f2659df21185,602353274.8012265
b2a7a8ccbbec39b63e4cd028,445215289.9182182
3be69554b1cb31ed5732a836,619459754.1048758
de7f584df6103e8bf95f4a37,577302910.8300593
0f4de499e5bd2c57fcc75013,549074938.6677876
b4fd0aa09f993bbfb1fa8abf,625935713.0565126
88a83e58eaf136a82ab1fe37,576219083.9001034
379429ee3675d1adbf816cc5,623403006.5487896
c6084b85c8d95e0ededc25d1,706338804.6502478
8eae4346936f8c6c67be81ba,482410271.6443711
a13fc9e9b4e47340a5d53bcb,634383459.1713458
7b8a4d701066372dfbdffbec,563948207.6755869
a62a6094ffed3ea7a54fee73,651361967.4087169
bf0ad098fbccd3548d834ff1,625935713.0565126
0a231779f131c36d8e6910f4,611592265.5615933
51ba7338f5900d8ef12206fe,628964820.960108
81b14dbf863114fdddb38579,616747538.633876
adaa406ec9ac311e9f9c0bbe,799057562.2360163
4cb11f32806c0e07b4251984,486226297.2042183
3fee486268a1451a7b9fff7c,594745369.6043876
5666f3c36f0ce4eab2c39299,590859923.5475577
8a8dff62516671aee2250cb0,791894933.9598961
ee4fc6a146e888e993a4412a,830591039.9687432
5a16b30f4d580352710e92f1,770936396.9551647
424bb491c71e913e900db76f,702710676.4496249
100bdfc998bbde3d00548bdb,803755119.2943118
d793efed9a723e77ca8272f8,858766754.0109123
725c029b7c5807a4b0ba2bc9,728111624.874195
b6d3345346f43dba053ceccc,738401370.5473968
888bc3c4ceaa108e048ad28d,796473065.7227355
267e000c89d3416e551462c2,753576070.530606
0ab4a4b8adda35f634812221,763306907.177658
823ed628bddea9b56792d108,636199898.44540906
a189bd7e4eecdd18ebc7d353,855441957.3265393
da16828139a19aa11bd94ffe,745014320.1041931
874102a58234cc7888902d42,687334656.2832857
789e5d19fa507823cc4c5296,670070899.1063509
174bcb77be3b7e408e61d7e1,749742845.5679524
31a1492e589f317a58a79df7,671381112.4087481
0825f2ca4baf5b34231ecfd2,858521238.6945772
ebc96ea800887a647422b8fe,838241842.5460725
969b956eb7769b6f509d3ee6,764705365.6012287
6ef9135481d8fc882a1a735f,753808039.4956425
5f501c4532ade3f412359a1c,657855690.468343
c6d075772255b1efa52317ac,845563200.9059434
535bdffc5b79d62aa6179c48,834965116.8933469
e95653d504208e8da19fdd03,745014320.1041931
e4e529e778dbc89f854252f1,664586429.6555253
ec5866fcdb9afffad2d7f5c6,822838714.4803939
814694a725a50c306d774342,764713764.7311288
1cd6531d8539468cd5f4b315,849882550.2186338
0c3e734afaa6b7c370754082,770936396.9551647
f80eace37237614562f942aa,671020209.3719985
3aee70815bcf6effcf0e5fdf,728111624.874195
ea21ddfa37d60737492509cf,633815539.4980092
67c78ce1b8a64f36ddf90cf6,790692622.7498446
fd2efcb61008dc9d11756381,1038936245.1710672
f51658b9fea670bd943d6db7,786871550.641522
b83b0a53ead29faf9dffc0fe,930435616.4255571
c1329245f57c5d9019105382,815201738.714835
98665b825fb3a06b914d39cf,978900280.9794338
24e90a7d9a2bd0c30a4f661e,776656837.8177701
6e64677f8d730e1f9ca240d2,712445455.1117154
a742819d8e4cf8fdfda6e094,923769257.5467931
ed75d1c40109eeb51fd636f1,683229145.3127353
cfc2ab56604b4e3734d7cbbe,822527917.4974669
ed5622c308bfd10602e939ca,881983320.2186253
5f537d233678443192d22642,890660409.4781036
aaa79ce67339dc53b4f41dd2,871619130.1337249
5f467c6c80023b0174823d85,772094377.2536582
46fcc0d53b263beae95b8eb9,894008129.997649
2bd47c19e5d29a3157fb8465,1115411354.6672912
9c9c2f05352c92c02d080e96,1072062818.05718
cf8fb8db6f74c236cad0cfcd,1122847785.5640593
f42a53a05dc90e617e0e4c38,437936812.0635797
bd612d494e2f21051556ebe7,751356349.53348
ed1c8ac25a3db5120c92525f,480593676.2403719
2c30c2736472590fe45277c3,533041387.85880125
bbe2c06e6f90c4234a7781ab,729424955.1224539
b527813993b7bf4a10c05683,683369770.485168
2f610d2242d583654337d468,1205664938.90188
dc25c9240c67effcf655b02d,645422243.2013527
c35f5ef73168d03cba1b1f4f,487267258.6107954
e88009be52bf5803ba3665d3,625146597.9341669
12a63d4fcb56c1d690e1bbb1,663553335.4376451
1d58ad85a82f7731e0f198dc,1047049870.2711248
a2fdc7da13d098cfeba13b76,542455653.1747782
1969ba34b72e61337246cb5b,487968867.2133065
8be43cd8653accbb8fe8a270,589024851.5914017
10092cf2f8afb3658ae475ac,593630198.3850222
0fd313e5a0f02df07eb6b104,432999147.80461323
9b5f013e795f5fa610d03238,630053196.3504086
b1ec4b8badc955f9f4fe2131,579341180.0229095
e491adef93281c097ab08dea,592283354.0467414
9a65fe451b30c59beb3d62ef,679707174.6696299
0d3245463127143a8a52014b,785353517.3013715
a0e3198470f97f6a169044b3,798620218.3507228
33e4901b6e72593513a02207,555742815.9644222
f45234a3f0aceb12341be024,698898514.9835174
a71d53ec4fd0d64f8c06da2c,921164907.6086149
f1b30c4ea99f19a81d12f73b,1115615728.8859055
a52e2c893f85b49e2499cbab,743810600.6314353
b2fd7ee866066f3ae0dfb3c0,726342235.6598262
5acc9d767e3117bed0fd8464,732085943.2720523
0449a82dd1667c8c564904f8,795629365.9558579
a0a8d63b5f43b87c0c7e1fb1,786291735.4436189
03de77e22e987fc3fed4eb78,668551925.5065922
3fed1dd17fcfbd2b86e73143,480547255.9397195
04fe204d03bd1c9876242ccd,845677162.7205014
32bdf33933c29b1cbf89539c,671381112.4087481
3f6c05c97778fbdc86304bf4,832996442.4819838
478e13e8c1cb5bc80f1080e0,677089847.2763706
3128a4896665d38feb72b456,732085943.2720523
fba6203abad5f4b3b721f29e,562948087.9772805
b25f461b3d48d833a73316a9,871619130.1337249
1282e129e1a355b161621dd8,707299180.9473684
293320b55fad21ea3f4a5899,308527836.39815253
de2f5db1cd1024a9734871c3,397617987.7595372
200897b1f8bcd7c116a85306,445171696.1930907
7023f5a68e1ce9cfd23fd021,435138197.19560313
13faa4142e9d60412abb4184,407338495.48067987
d74d0241fe5222f5c5b67222,662294994.9471381
0e51111c47813a0b0dd51b64,591701618.3244857
25e3793214088669aaaa4ca5,895448964.6171551
43d7b77a99e86e8bd21a19ff,979314919.841267
38b87cf007043b76670207d8,1001136389.9214143
8fedbf13ebb7cd3475fa3074,1052084299.4611676
4be510fa977b93e34a789f26,623403006.5487896
8f165174bc07c28f9fddeee3,871766215.759891
7ff6f389e364e67c4238df8a,570353273.4473573
2c91099736f3158f7f09778f,458199391.3281047
7bb1bc81e6eb3b4390440165,683149724.2624288
74e43ea3081841278c76cda6,568427359.7627279
9b948f070b94c18e00a857a7,569177740.3388463
99340b6cf8f818392d501e9e,984101130.0495982
b27088c3ccd93e7d8d5571c2,784319907.2197151
4b45cba0d601f29c2b7db97a,654573476.0155312
362212de783981c9ddb767bb,453929283.87133557
5aa78a2bc8ec5e2be315fbcc,950852068.4785649
92fecc04105a999a622ba3cd,556162041.6426216
5098115b26f2473c812b70ed,653462605.1667979
e9860f6b4c3e6699e62f6c31,671164614.8672609
71273ae563da6bbc66aa87af,544010843.8784862
6c6e7af42a6ddf62b04c35fe,536200332.82168967
484922bbe02cb218ced0e779,474932876.7810735
76745c2648b66151008f6399,691793151.6567035
2100201e0851e80488371b67,546282748.4617901
5885faa4aac834118c5e4351,859955706.4084384
f340405bd7f2c4bf524c50d9,878149892.3531587
1951c1c8855fed5db8031e5c,849809811.8503505
7dd96ddad0fa88f5c5978e39,821016530.600651
db7535339826028d0fb3355a,514970395.88222885
4317746d5b88142780e6897c,849355807.2302035
5796e37eb1a995db5cc06eea,495249860.59489834
817915cc3582112fb5541a49,832150947.9675001
ba524c4e2f13109ce814ea38,801931792.7376047
c2439ab65fe194d1d60eaa07,934832675.5634152
92e4dcc5911b42e7f70311d7,626296202.3779289
6bf86a580c8b510b7447071a,781205339.3211706
975482a692bb98df98b2f243,526327003.0525211
336888717766096b24215b26,804408300.8405603
ad79f4fa23a28cc84487517a,850361321.6787398
d925c1d4dcb68990c7204b33,910527776.4337729
f4658aee77fa0e35a71da7f1,674876218.0495123
210d58091ea74bb902915250,680477947.5351448
186d4731b3af01bbe4d08b23,591269116.2153383
b760fde2d4df27a168ce0e80,826300972.4386051
2e653d2567a47067df169d97,790887412.0244046
8b63358f3cdf8df0eb1f43e2,740618024.8551792
c09d691e4c7d7b8c8f6a8370,867108594.4238847
4502e2809bb5bd47b2781212,764668976.6018794
d03101c7f823dd7d17e49a83,737134534.5968891
f5dbd7dcf63b08f711561e58,753510561.006225
9855712ed7be7e865656de13,611886248.6133674
5a6397b85f45fba27dd9311f,702381069.1666797
4d1b0315b5aaf21bac150d96,837375523.0970149
32c7a2d032ee21f8bbc6eccf,654606192.7271867
beae197df95b84881128790d,774271417.4811915
0cf7a6d43221664a060ef681,636298983.4919555
c431fd6dbad57351a497fae8,561209187.0038594
b1f8fdc8e3e25517ab80c065,593297021.6572176
7b346d5a5f5ec7165d1f8644,590146775.2805125
947ba86487536d611f548142,1208451171.13592
8398ba3b03595704b5897704,513006711.36760265
3f895518a7fccca44e534578,592283354.0467414
232e859fc353dbff75c97cf8,698898514.9835174
b234ef225690d57e7c2af4c0,798620218.3507228
393e2e7ea1f20eb6b4148d60,666294245.2746013
668db5244c4d5b5c76b0b395,758029068.8114607
646de9441934226c2ffeff77,732085943.2720523
de53880a3299626eb6c2cdf9,1115615728.8859055
07f10df13b244dc33b464582,735134488.8882737
e4aa393309860fd5e30f49d9,1206965878.347039
8c714badfcdef8ccc73df9cb,1098102948.822325
0f8ded86be8d3543a5069b6f,797314208.0145463
3e9d73530ff24d3f4a543091,656558415.0556751
076ceb408227ab2563a663d0,503464968.26881707
e0ae474a5307ef4057da4994,457906277.2487577
d41fc79d800458b1691bbb87,791631645.8854527
dc8262e1493ed593103acfa6,645796106.0226351
bd6c24498bf413b6c5adf81a,574061438.3085865
885c77c839d705ca7d04d383,725522239.9544793
b8896656cf6f5dd7c33ae46c,615525039.3643006
34a9e3ca94ac06347d879942,767705275.985025
ca3b5cd3505049f1471c47e8,639761877.6066209
8c05c66be6008af7f6dcc10b,968095082.5746161
565fb93190cd34ac8b01f01b,968095082.5746161
6c8119e00b901efd2dd40f0b,737761341.5080556
34c92caf68dd0cec9fc383ef,901702409.2311102
68939c438c34e79a317a4f3b,874359234.0450463
dfaba547699e319462abfd6d,679723266.8885839
dd1d2e305d37d9dde55393b0,803443843.9301435
c32df77def9978a84f8ba7f1,743810600.6314353
62103a85a8ddcfbf5e40e284,785353517.3013715
93bcdd2a8ee1d5b61d00d58a,758029068.8114607
9700892d7133ff2c0d1763e7,947145027.3688699
fca6d7455056792cd61e2ddf,469359836.11150265
4e84c5953b493be7ca96103a,659015401.8622098
42fc4101da60fdb41f41f0a4,935121843.8687692
12d40725335f83e2fb9b937a,595463851.9031136
2b9681901b216f2174af0089,679232597.7113231
9ab74e81283becc00a779172,470764782.09838605
8f378dc1215f9213f187c02c,580624771.8852811
4a3a6698b5490216e8f8e6f5,1202439507.632442
0dd795526c080e8efdf8eb0e,617646991.044576
3e7217f628a1d0fc9bc47071,849882550.2186338
157195fb2358bf2d5051c439,636308285.8411256
37063e689732880621e4e733,984356193.2199243
3bc68bc2d6a2b81f9e3b9a50,864540176.6436685
ce21f368495d385fbd98de73,622425015.3777592
1a6af7fd6a5b0602052c4c27,697293028.6853852
e38259adbfd953bf085a69b6,642035540.1780891
0cb6801c9b57e874102ca349,594942688.3342776
79f1a5bc0be914956d632658,671974047.0000905
f571f85be35a72b2ac358d27,614000040.6918484
163bec92a997aa8263f5a909,641982829.9002026
9ce3000cd80aeec2c5188e8e,502958527.04924494
6a6178c4cae2e92a08b0dd0d,625146597.9341669
d52cd6eee468311666218625,627344849.4157883
8eccd2a6352c33d8c7abcea7,804840588.730955
53d3e32b1dc782308e352a33,835378694.5837826
be26f0523e5cb13846539384,697665781.088853
ad7739088e8febc68abb42e5,772139381.4819403
add4f9dd26fa34829aa25eaf,811076889.621176
17005d6ec889a947397ab980,367977467.6738692
3fb3a581a9a74146dcf9b71f,571393272.1251509
51c4a8b438bb0d97f712af31,630606152.6379207
0aa1332c56bf357f492da2c0,419159146.3133082
6cc06c89c226a062fc46795a,419159146.3133082
682b38de3539b2a584446922,404590761.9482746
1cfe9cba4c2015e7b58f05a0,655530289.026187
17d34f9cb105ca5010191142,776349592.8034476
1fc0faf46f3b533f2cae2c06,905315255.0433706
12f9e1f78c630defe302f781,764254514.4270748
87bd6ee6f17d2bd5b61b0ddf,898371904.0607508
fd4ce3ddaf79d1b97043ce0b,1107847018.4350567
97aacb0847561f45a5540f21,684483488.2533296
a6dac56445613d70e49647e5,794199950.6041166
8b1acd29eb268fd684036180,587609896.128901
656c13ca7a1974df58e1b826,1122847785.5640593
56f72c2d672b7bc3c264f7fd,757887541.8549827
3771c66b9ecd6db0b201d4c4,533988568.2876262
45e2395bee937c187e3486e2,738574061.165159
7c6880b05c212c66b8961b71,671886810.6843966
e0ae8d2a51c771aef5f245e9,550145191.4171046
3573093e56e95a982a41879c,812764620.7824072
0920b2df9df4f0e509a7efb5,507770469.57136214
43600371d44fbbc81f6b6fa3,473688846.8730057
2684f67bcc89c8a5b95e5592,722575420.3002114
ca463fbe3e5cacc152aa70a6,533988568.2876262
0935e87627068206f6d9c0c4,627073444.4611152
10afe23f1f58f96422c97934,406277136.8232817
f3c8cf1fbbd6cced1fba0930,507631224.1188245
abfda926d174a8da1d946e27,641164693.4283762
fc9fb2f209a4b5e66f89712b,666294245.2746013
15d10635d71919d0c9663fde,624102608.3124182
79733fdf8881b0d25412abcd,756632297.0940711
7254c91fc9b51e76c6fd2a99,817274316.867541
b732021729ecf88d6297b48c,774753985.81098
edf4e11d1f1aa6f8080c3156,816792569.8466152
0706ce398b2bd64913e68d39,630835334.8682429
ea4a797b3d73d1b2cba9d651,787406451.0454184
6c598362e322971968739673,446672364.7300965
130a119701171ed3c439c527,580285216.4562746
849c918d78991c57f32f2031,574731068.9338462
036fc9e01b2b1e3ef4574372,802634285.1613805
e4ee1a81aa121aa5f55e20f3,784436608.9310652
de926223fe4296d96466c685,1017586532.3965219
340ae520163a220061bd7f28,577234053.9467561
11e36a3effeb0119b8bded5b,671381112.4087481
2492a7a74edb57f784f6361c,558394280.9571726
1900e7808046a5fe89d8e440,652205129.5205661
fba35c04cfb7b6db50cbb57b,775756838.4088423
daff79365fd94d1d3a2bbbd3,520569021.98117995
51230c899cea0054bb74cc44,517286976.8194363
5e04875f99a5e4476c0b4186,697519099.8494929
542db19bc6b9a1366715dd7e,680498393.3614776
a117f625c794b7d52ec67cd4,742426518.1926943
4c59acda820b7b75823fa277,620892715.8416933
f040a167241599987e7b0967,537736823.2168189
4a016eba4744dd01954f137f,318277915.707907
0d995f0ad226dd21bc96ff6b,589378617.3454536
3d44c742b1aa4c022a968ea2,425184462.0989731
e47aa2541fb576b9915fd625,609230214.1884114
61fe9ea90c8a777971db8384,721659814.4309367
4a611bd82c9216a3771ca7b6,798904532.3060579
0cc5caa9b48a835c92da7653,737323531.0132811
9a7f24ba55c92696d377bcb8,735646285.2015706
32366fe92222b329e3d03b29,744927797.287394
aa26461420614755c2a52db2,544361703.5681003
53a447ad5e011909080c0ecb,1205664938.90188
9d790c8c474c9de2afeb00a2,565452124.2921695
dbf200ef5f1e15211e2fc6d3,666074105.3463715
b96c9e2591a4cdf9c4e0c09d,675267587.1000366
78eb6f51d94a61a967da24f4,743331462.5643342
fb338e93dda9159476b8382c,410427195.9216481
72536bfda19f78d370d95f26,793715151.0675504
7c581e2b9daf20131803eed3,693092184.2488757
50cb0ad562ab5ef4e06f84ed,625770924.0634627
a24901956dac4ee0e4b0c91f,723961463.8087318
c1b386f478152f9be1f546ea,591157271.3537463
1f34129d15f992a3b62d4b21,344229755.99321103
299117d35bcdd48afa4c2eb0,634715386.5820261
4ff6c53c0bcfd1d24bac7ad5,544361703.5681003
2e52008bd11000eb776bd80a,1472890067.2933621
56b78bb57b2d1f064c47891f,790453232.4977263
ef64a8989a6444cc529dd1cb,674962693.0605516
078f7c6532204fe046b13d14,653700100.5994737
28c0649dd8b294574a876e95,930260163.316271
6b9b9d28723c7ad176a9306e,764523938.0416399
a640228932682c0c04538ac3,767256711.5732813
b19efe9cbc26d61daff5ae90,513593832.9961374
dc69d70e4d2713fcdfd93dd9,599871616.4555172
358e85ba765ddde3ac31be33,432999147.80461323
5e6b2661bb7ba0ce4776d483,457906277.2487577
0b6dcb5c1952dcea931e2c20,644439233.033959
cde84d2435eb1d0d4ffe2a43,666294245.2746013
bac550d41b2cbdc6a110ec7c,716560139.0873879
78fbb49efe7dc0d8e144ad83,757537453.6820576
606affed5c707249158c4b49,764594514.7084029
d44778d36fc789f8b8c745b4,665050141.8392653
27ee3504d1df34ee8ae5dbb2,706542302.109644
60bae7a45a084f117eda823d,714571128.1113106
98aee6a36f208227a992f9b6,1059695745.1246161
388a6dbda422f886e503e685,1206965878.347039
2869a2d2689af65497775b1a,936591533.4560976
19993833220392781bc15279,1056335955.4517704
f0efda3f7fb18af1b44d6aa5,785353517.3013715
cb915d1ef92dff803c5cceae,1129127198.6853764
4bf02d040efe5358d4a5940a,835167375.8226811
1382140d8fb634851d4d210e,1013375595.8713741
b8ea07763f2e1a3d635eb23c,444726792.7372802
8ec00d454698c119085cbee7,655784397.3762765
30d5185ca2ac2fcda2bcb79c,600803229.0850437
d0ea7bcd8cef8588ca50c778,678428695.9799869
fe6c19c6f54606a611d412c8,376030890.5791812
f22ae3d17c92427f5227cbf7,410361044.52862906
92b3b7d8dac6b2f6d5fcfd9a,725022688.819063
8c44d216517f5c59e2611aac,474277336.4737019
b85fa4bc59149a7a25447537,408746211.84468365
99f10097f39b32a478877340,602587809.4605372
44f8d5ab70828e06198579f3,968095082.5746161
1f674965c913f9fe282d07cd,403710241.1319655
60e768892afb284b0e5042bb,636018980.4546831
8a6d013451e46411d35c2b6a,624273893.6368369
6f953b9964d60f6a74c81226,505550123.3578394
05076b448cfbf9dede72904a,737203975.633715
47051c25acf866250b5d3ec4,649068318.6199145
0952c73b02dd5432aebdf2c1,489043705.2876239
cc3ef2f4fd5568aea96c257e,666423447.9322453
834fe4a1e9e4efeefb5aba08,502428334.07481164
104cd052884247b14d697673,626001654.4433318
8bf61f106e60d6be03799de7,760947967.2539492
c13e387f56342f88c993f0a2,734793880.9002124
ae664789baac0c47d13c3c19,690634972.342421
ecd1e3003c5d74a3c7cbdb11,583648341.5524167
561cf254aba002fdef8258ff,715846126.5447168
98799228c26c9e4899bed65e,577391631.0778186
03025756be203027ab75aaae,680195651.6560956
8997555e7bea06f7b90ce821,665704954.2402961
e91a3f962129068a3a76d209,658500031.1933916
4bd0a354d75759510ab6bb46,644759699.2781587
f6c1705a83c039f7a7d46255,643243319.3615549
0c4afcff5f5a90cb79807682,643482494.1472061
d3222a7545e302bf10894658,755115304.7415273
03463535ae93b8b123eaba8b,736682206.3159875
360e5cc9ee1282e5a6ea17dc,628816377.3367776
07f24808e42c9e11a7c20232,788203041.9863365
b80d0456fba49a40fd774e5d,755160845.2205076
f865411c20924c43a080794a,738034166.7763002
c578eb2dffe903475aecbffa,496485575.49837476
d639498fabe1db1236656593,501217189.4296897
e6e3bcae6ba114caf108049f,643311000.9570377
7dd9760286606c45e6a15926,579159897.9738345
2c5f07a9402cc93f4c683759,593341986.9885517
e3295e732bcf306a2d338387,531535925.6598567
240ccc45a242f80f817b04d9,726885139.4003946
a7ff59863f8719590146e71c,634376340.42415
e6477c2014ad081d22f12b9d,537113034.4222777
807687fdb46614d9aa139b20,538185594.2615802
317d8f9d18599b346639a4d1,502085300.250466
b85acd44e18ab485d3ac543e,412209214.64907026
e61476e47d7e7be706d23fee,700276737.9126718
270a97e07eec2be02cd89a86,696312206.3306655
4c9dc4494a3428435457f575,408706702.97435635
26e58d0b13e7f7f5a54585d2,740645293.1464813
166e1e60acca831bfad07736,784247379.2035763
aa25d9f8737f142b8cfa970b,639518901.5806949
44cdcca08e1e66a1496fac6a,642688019.7991978
d75b7730e8c291ed41d7caf1,738273589.9741576
6d1534800bf0ce97197efb6f,587673314.3783171
8b13054b3318289aac1f13db,380079718.92903984
c6cb6ccd3f5876c9b9e29685,558137209.0632474
0356797c1683d002bcd94899,936518085.6067941
558cb38bcb8de04588bdfa30,600225945.1107459
0685f2225b939147c8482e6f,344215317.72388977
cf1ba56710023ede80a8381e,816540472.917563
2d4bd56e71f90e6fb387a2b4,1464452942.310212
b96b8e1d636f0c10c63e5c6e,636979890.3231542
534be635a841fe21c7a702f2,674360316.1255275
dd5b4eb5d20b8b9c813ba52b,771914864.4797041
46941e09b153ec19f86c0c2a,841077275.6981694
9f06ad3793ede2ba7f39de43,753697435.9198984
b3df8c66475021fc04f107a6,735333218.1236624
468df200fa490e667bfaa31d,745083771.9103297
8130ab67c5e0d96a9a67fb12,622619787.3525108
f7ea437311c0d217b0d572b2,630014021.0848733
ca0b59b35225b44447967ef8,417972561.1255091
90961073d9887bc1023315a0,411284039.72652566
a1421c30fb33a249bcd54394,391850809.1615774
c87d9677bed80b0fe06308b7,357067936.77392554
d331a4d58875a393080fdc48,402733998.53772753
2f3281ef06475d2114fbf9a7,483939564.7598769
487ede1f7f155194b69c531a,448263964.5772888
04308f869d7c992ed3ea646a,568839974.982699
912471caea3c71e3f9f70877,577674751.7562817
1baabd705f72393167dba5c8,619581633.8025053
aa4c66791884ea2a8357924a,622873439.5136987
1ce08c19161bd0545eef8a16,562174680.979326
01eb0a2c1033c30830161321,714952088.3066216
b2759de47d28e8cc05c94e36,601713029.2675481
bcdea05b890394a10d24601c,573711686.0644836
db9f66f68aa772fe29e37edc,581425736.6077578
bd094081331ab259b1076261,610354627.6720054
81e7c8c1894e0c3a9315ff27,477193035.076042
7cc9cdd32c209a62908a18ad,545543620.6999881
1e18024ab7d931bc7ab5873f,629447097.4952192
baa146a6537e8630180fdd35,720799527.3340071
8b788f742021f2438ffbf528,385851579.8425386
66d41314804d77ea0f440695,633318293.9770945
72dec1e6e65f6117e10a2473,474270467.06088835
4066da904062a0041a809b02,577346633.2393665
b7570bfc5ddc7caaf610908d,545543620.6999881
f6c6eb3fac9658c4951c4222,575865191.1018949
5fe25ab9cf4ea071cd6287dd,561933638.5247301
0ef36d33e6c378c946b8a65e,575252350.4927232
991a94dd1e99de493672da14,575252350.4927232
798d87a368f073efafead25b,575252350.4927232
9e8cbeb53820394a460f0879,569766050.4344225
7b5582907bf47bb9e873a513,591512444.2212056
0f21ea53a480e4363b8d7aa9,789111770.3763773
ee667413d1cc49427ad448f9,598610218.5614836
12bb70a95996dc6e286086ed,588313814.0197828
9e9e3655ffa5921889cd8ae1,889970912.5367434
f2bfe55b6188070fc5c3f59e,714228706.6416489
1f00fb18ad48b32c666fd319,646874389.594508
86f15ce6ea8e97837e6b9383,641087583.9123931
7002d00c9acf8b8a4a5865b6,949131954.4395524
3e85deb0237521f1a7a8fa84,776656837.8177701
1bf77cd1c4037f4d2ed28036,781466065.0822551
ce8e1e2e4a79fa55a8547457,1025089665.9280694
73a8efbc036911954c07b91c,822527917.4974669
9a2051367d6dcbd90a4d60e0,745378968.8305081
3804d5b313b742228ef0f1d8,930435616.4255571
fd7b741b96080ca5b964cac4,846900804.5988224
c4cf9ab3776289a412684892,694637587.6021138
1c51566c7dedd4a46503131d,894992778.8971914
62259b400be228a30a655a59,1055076580.894131
e5092b4a94f1c231a0c47680,1115411354.6672912
6f435cb10e5728ef45be9f29,1089768216.8389254
04a071d777e60627223e28d4,401725536.6386372
1117078fa37ed101e9120923,769623011.319458
d56fda10944b088d9cbe1162,411284039.72652566
e01c49250329331a442615d6,478518929.2627037
30ab0bbf876dfa515b266c9f,459369977.267687
6aaefcb58913bb3f49954b2d,803615474.7386212
629a6122db92e378f0eab96e,756370504.464949
a8549fa4bb56a2bcc0e15b11,328166684.77536935
34291b30d129222905ffdaba,619459754.1048758
cd5658fc146ae4b5d78fb565,566862052.4620209
ce14bec246191176c16c4e27,667333675.1361201
46529f0455fd35b2f4a489d0,590798511.9448661
52b3823c59546a6ff3de4d09,381726281.57973003
959b7ea50d93bf1c36e35005,861156343.3542478
5c6edbdf110bca5a66a51585,328166684.77536935
d4f6cc3cc6e923cd37d0fbb7,441159115.8831319
2865962bdff8929888a51341,791894933.9598961
105bcd15e02d39f70ec2ecb7,516754992.9968119
b2357bf117ecb5b9082871ca,381726281.57973003
273cb73a7bdec0d291e845f1,411284039.72652566
1f4cd62152d4940990ac6a9d,415122589.38687515
a13ff325f90eb49363f59052,748846659.9161226
40871d7ade3e592560d0b3e3,623403006.5487896
ad2081cd75928b8f5e506944,896931657.0417941
1508ebe40f90f90a68f6dd69,411284039.72652566
d3cda82d1fa53a7ca1b46a33,793186209.7926071
dc20d46be2470d85ad9e7e45,580771500.300412
0a7fb26822c2ca556f62a257,566862052.4620209
40a1cefb3cbb7e2972e30d97,478910860.6832697
4c3a2b3e3d5999f747ae0d53,716551365.7878677
a8870552db951bc4e76e7f9a,511063043.00722146
cc48e66185c23195cf958612,647452368.5798345
09d4b5b5c2f97ff88215708d,691165759.1036237
a59320023948e2d915c07306,532755877.09932035
a74214a0d4d40b898ee2be88,496908427.52844584
dd9f28d722d43112651786e6,692244701.2730117
275360e29bf3309e09ec41d9,427676973.6598228
1e21ee2ab4ef88194cc85166,686382807.2528626
268c1e17bc17dd646d1885cb,645219284.099155
33e22ea4154e8f71062dba8b,603929503.2456677
5b5db88fa09ecd8f4b9cef6a,578643244.6289393
c41dfc0b917edb6e6ef7b1c8,535735573.2259602
3ba6b07e752fa580f630eb8f,836333297.6784687
fa6db64bd7cd8b0f1c0e2453,835963106.7699568
2422ffac7337b402339dc550,831511034.7774948
dd6d47e2626e2bf24f842f21,659066707.5307261
bb433dc1bd769d684d8b3352,947334470.2858926
812ad0d57e4291da184bfae5,477193035.076042
51a0a1a680770b625579e25b,1206965878.347039
a91fd5b9b1a791a6af59b70d,741307454.1797674
094da6ca19427f1a943105f6,797299628.6767397
7af0a604d1901925aa179436,705371692.9104718
890df90091e14d1c3a1b30e8,413812259.00927377
aac17b54a68bd216e2bd1d45,415078428.41690403
fce26c7fbf0bc93937ea5198,606602759.5512623
b4245f075bc41aa29b55d324,755257944.566794
bb70d80b0c6ad3022160c8af,452047749.6386049
ac85c8f7605ceff58dcb55cb,344943746.71777666
520415ebcdd1a4059d18e2fc,645583087.0281628
81547b223494084af3e15bf3,653039742.3572636
a0f1496a0b4a7cd8b850f010,744196890.1009371
436fd4dce2ff0f71232f4b6c,404111863.92603135
3923f0e655615aa6b52721b8,706606799.946592
afe03b938be9cf14e98d4a0b,631024367.6636269
0f1c472b94feffc41f1caa44,634864228.1948017
5b76ae185e6b41243777cb4a,495168985.294387
d70b133f81d6f1c9d93e2ed5,569036538.9311923
865459f5342a0102d255fa07,498476400.0017797
fea5eb95dfad452d6786b042,406650273.0507809
415622d0f7adb1a9f7009a63,358475949.15124047
543edc342ad39b149501aaeb,419394023.60940844
89e1d01cb5bfdf567faca443,730643547.4452566
e86b99e5dac8ed0d8296e950,482742198.7273663
2c85b19f02bb3768c10d14fc,633386839.7407429
c17a3139c360750a6de5950a,490280525.9753409
cf76e6077d47a14abaf0cfb3,404567050.71579343
82ad4b3d5a215f17e745d77e,722805268.6574397
dbb4260c89524c78de7433be,544033342.0993453
5b312ebdf71ab7971f9fd2d6,621699832.7808319
b3413352f0280412f53562e0,404606403.0908005
28fc5f188c5e11717cdb4a98,411948568.4895793
c4d7a906b747428aabd368cf,649327719.549639
a4dec2ce375ab5e4bffa5966,704403637.1047407
546d570784c7ab8746bba80e,590014570.0605887
cca9a08bc4a91f317b851f11,851463804.505995
bf43226ba66a3e2033d32fe0,651271129.728794
c2717194de73e1a1d8dce40f,387499057.1274107
acfc06021a7a81313d85f62b,441960408.68311995
2d531a26f8b1a8afa511e3dd,557336003.3650732
4a8acae29064919c68fc8600,553482640.2561486
691b030abfe1190802349715,412617459.36479557
a302ef23e1d0d6a273274cd0,459073428.4099966
a742f415d6c57e8493762c57,644000309.1992227
4672d1c9c3b04fcc87a0ae9b,805132784.3177584
371a0ee537001f7a9d58465a,633980618.3983612
ca5eecb01282d4a84017bd50,635937008.2730587
40eefaf8c26b8b4736308bf7,574862585.3671325
a7ff08f7e09b19c1546453fa,632549688.5728563
07a6da2c9c4833ee4cbe8625,567459429.2183957
b2d32589626abfc81e44cf70,634274077.7007887
aeb68eb7eecc4aecd5529717,634465393.4524859
3c0b438c7a4fcbfaff9f678e,636700972.9132032
c37b357d57918c3a651a5760,636460532.7865252
b65c0544e9deed76615a3138,524034024.4134829
3a8b7b9048c82797fb01a8a1,613823201.0525651
7549cbd5c8003204c85ce1a5,672074882.4128712
21b4c1ad11bb1feac4d02308,719081164.3050913
b972611aaf1b68340de16545,690183418.6320378
eb3356f3856526dc140be7f4,694575780.1281382
93ba409ab36d3e10eaae18c1,718236230.3316821
5717732a654405ba208c0f5f,846672124.2748164
aebb556fa6c9275a9b5c543c,1117993406.6907794
fc72e535900c592d6053b806,776807024.5122222
04d77c8ade9a55fddd28b00c,620607945.5877525
028adaf559a05c8882893767,638778631.538745
95781f187bd3fffa3d1b19f5,593299066.5884643
cc2c78d41e3fe29de0b4ec4c,736141516.7404029
f78886545677e19e472fd0c4,499096292.3234039
3dcdbb92628e6a200adf48e8,1273431012.8853838
4993d1487d78cd9ae2c23619,957144808.7634957
a8a2c61f2b994411af5d9bde,931815425.70855
57fd11f829e31e198326ac98,860995555.0326183
59b9a5730cc8a41bb7a1d16a,809133499.5350304
85b8a65f1b00f78e67622bfb,712780948.3627762
971c610e55f133a1d1e6c2b2,836137789.0970439
0f9867abe3ea0b9c5363982c,784247446.4587035
086521dbe18727963538aa7b,719665117.5981911
bda3c74ea6f73407a3c0a17e,667889416.8657631
257c765ac81bcf773473039b,370952312.6551807
80d2415c0460088d69574285,1036894521.779396
1554f8aa4c8fbe17e9e82d0e,672687925.9366256
00f6a62599f25ac506113149,626311946.9758295
ae26e4726c16cb2f6a6d3f2e,709215099.8415786
8018df1613094a9e4606c875,631131990.819698
eae4a1cce7c039c644f01c6a,763674140.8630338
b07cd6c30350efc5de211a8e,1368378053.9367015
5a2624a08494481388f6daff,833490869.9572364
b8eb177e22c63e84738e7788,614774012.1934559
ca02c904cf5eb96ad20705ca,565648017.5334973
8e6dfdcc28f830f2696de9cf,833901308.1257313
99fdac6a2ddb1136f7117f0a,500835362.2197674
22e9f1b4b5e887cb5f0dbfd1,510083248.88196236
d89f812c7edfeb3121bf639a,761939991.0068799
19957244dabc3f727733527d,514329484.08563215
ad1322132f3b533b4aced580,447795017.9069809
40c2ea5f89f5b77cc09d1455,671059248.1983654
140c4de69883df9f3fb3a538,372211423.65943116
5529091bcc05ba5cb2156b15,567843873.9540545
55c5e58ec636586755df3dee,619643431.8086109
6049fb02c166ec9b4471a7c6,699005530.9636111
758b4df32244a51b2271a891,532520184.64088154
2ed1ae5e6fa77e447af230fb,776827511.1186637
527a1c27e038e45d2d1fcd9f,483487598.20173967
1d0c3ba50087cf01637de6c0,576599827.0262758
d0804da971548399183ecb85,968095082.5746161
46a7d0f520dd1e78c0cbce0f,968095082.5746161
57e5120d0b71ec6a67746a59,726741375.7095557
b5292c1e1683d40be46bc2de,656682330.1279124
01e9c7531cf3c63c04b9189f,649194800.212273
06e91b526821a6ad1372fc44,447226218.6349035
34bca71dc9c74a2072f11e9f,753102782.6814685
22385ae2b3e7640e8c40411b,684560759.248073
6e4adafdd872a2837921276f,458837235.33504426
8cd3031963c612efd0049f8d,581573339.9419906
43b2fb09efd1593a94b61b4c,639608352.630189
74448f56811e9562536eff6d,786966239.9034492
44f0e088fee626993778e7fb,642769664.8776618
6e6f7fa167c0f617f50c86cb,766956970.9953153
83da5fb4c15e3daf727a3cc6,728540828.1904385
b45c8a6224ae2656b4189526,674244948.940313
0d926a0b5ef567c627a7eb0a,947457930.5033896
c73a1177d787a5ed72b8a9a7,834657487.5844681
75c1083db5c940e626c02f53,336723728.1041665
b925c9218f5132c6c81f3a18,402355123.95564526
9a091c59b3cb4c730372b34b,413257073.1887868
bcc704b2e178dd20497e073e,432532435.62889653
6f65de020f663622146b89aa,463903045.4039457
9f3680d00c86707fba024dac,648362887.9267622
18d5cc463455fdb4d443a6f2,557859081.1588286
f1d76d78f9266d9552bb86f2,549840530.1790438
74dbd25d407e51337f883659,767540627.091569
88ff73eb829a6ec5bfcc0222,734778104.8955292
ed5559fbfaba86299e87ed89,610660742.0838312
5d97aad3e83e26b551c3399a,787560194.8968912
2258ec00dec6a2b85f439135,787560194.8968912
6c94fd185169e708a08d3535,638366059.8139392
ddaa88a11432ca21d3eca774,507180208.3182795
2749b5cfd2728ebdf124a0a3,629177273.7623692
a7546a6c6194506dffd65360,758918133.2491833
6de7bfc5e8149ebc40ec0e4b,632568652.8381597
6f83f14861e13af92a2b8cf9,469715977.8986485
d71d0c8357f09fe2f77bedde,548684381.3654224
90b28f5125a0b8a0e3b10580,730212020.9695095
940e08f8fc66ac29f6d76687,700411628.5618993
41d2864e1f73e29f222c61e0,678913914.5084269
f7399e57df358ae7adc9e08f,660753924.4982241
1679719f26e7c650f24eee6d,684107141.7575407
0803ef3270948a30b3fee2f0,531105875.246005
4a3defc2b7d2cd751c9c970e,812547308.0269893
8bd2490f83568ba653cb74f6,930982615.1296346
b4ffd0a2cdcadfb962578199,740917382.5916054
7e5064603267b61520d8f83b,540880172.3904195
88964e1202647db0519a8a00,535420733.00528413
f3d94d0616744b87ff139533,649878951.5249071
60704a08df293592e4cb5719,510474705.7460406
347d5081f7bd36c8edc1f352,844172806.521794
41d3afc1118758b5314db48e,661504156.3912994
80a1dc97797c41b61f46ec6a,633906316.6313657
c0ff8812c1e8eeab07c698a1,467996837.7287798
a9a4a765b1daec2f3ed59a80,619340697.9820584
33258f995a375ca192ca4d3c,751153962.0116892
80b6c823bad5b4c0fff46657,906108616.2587736
719055eed27f361071cb9eca,796628585.9402945
9a354d8c526efc5bcce59dca,599182251.4915333
9850d970fe9fd9bae89f09ad,1399904594.0216963
f2c87b07466aad7328b7e0b0,549723225.5750849
27ca0c2320c520342717355d,473673446.6706955
e958bd2b19db118c31f893cd,473673446.6706955
46dcddfc78444011abd29870,697948081.6000673
061d3fd39da1b4b1397054c1,614139250.0981386
3d1a8884a9687e53e5fb0bb7,527488775.2462728
1c0236d4bc291372483a9151,622085887.2084751
c1420f278d45b85c56f415fa,693328503.3187321
ce6fc507df0105c68c29214c,462665101.09461486
e4f26a73bad4e41c375dd897,737809772.4173298
719190aff81379902beb6497,738183523.5472258
da627dae6941b59d1eb98e35,672176800.4593785
2189d3297ea703e50ec34d96,723864604.0085392
c7205874bee601a7b01a0cd3,717207207.9815518
a22bc19d0d83b13a53630b7b,592175294.0080923
8acebaa9fd7e917d7e3b391b,828722600.9536605
4e104916ab915cf3c0bef846,661944047.092791
b0df95e9fc94d9aeebc960df,611538954.595697
ab419cd48b81038c5a30c721,493584618.1148473
5b9bae6f556700e099fedf08,879943992.0556616
989360149d9cc6088391db4d,714928949.2866315
bad7560aac04600e1ec1a9ce,505736633.15928453
08d9f04bc4ebdc74e9d80b16,736836559.1410618
f4311c45516bafcfe8864c70,748749592.8826905
c84e1db639ee43ad83f930c3,790453232.4977263
f778fa43c92344cfbd700432,648469132.0711366
2019bd32dbd09fa285a388f7,729023611.0943116
4db834146c4e73b515d510ce,657480224.5129209
9f9f2548425519863e2cd6b6,591661587.6762493
6c3bb7e1696df587990161b1,515951424.71954846
82f08aadf1eeaf2058b50592,631428361.147463
753e74e4dbefeccf3e6b27fb,560908389.7789311
a26149f589edb9a903782a3f,632745535.9679447
bd264728a0464376e22b6bee,549074938.6677876
2d5564a502635dce2d46ef8e,748127288.4602364
05bcc7d7db8d352216a4af59,607740104.2367936
4794d9994512f01a4bbb6c48,545738484.0596337
64a4528640fe492865ebc0dd,724113819.3396871
f655ec98cd42b0bf2d7cfbfe,675068141.2206662
b09de5f1e028d4fafeb8a22b,636199898.44540906
4c79f17573007a39bb2b4b7b,686153857.0090798
824894236c20b081af2c9868,698733601.9608333
107e76f0c913e19217662faf,842808347.5788715
d5e2bbb69ba3876b93af2d3c,982637138.9019029
a2905faba4c1177603e6cd5b,906213373.1633304
d13e3d432783206eecb0e192,857978442.6964507
6fecee4b1e5f50c0b27dbba4,1196681248.1472692
57891292fbd530872cbe68b2,979164379.9717467
d0d6a1b5c60ad420ebf2ab8f,762671638.0156136
711736da4f0e8282fc8c9e69,766639312.505594
f32a3b542efba398907ec912,587821298.708623
299a94a02e887c6ab1de59c7,529308067.3675845
ad844bdb1150508a4c6d57b8,831585183.5931633
78c17e6ceb87f7587364c873,590380226.2857004
22e8713e2051c88cdafe2364,595180964.1248657
79c5085c14068e492e402a26,859692124.2208818
205e9d987013859f391b27b5,1051569944.4572915
36aa7d0cbfe40adf3c86a134,704050015.0933673
d54d787189cc8f014ae58aaa,743254920.6924027
fe2f1459eb0a380dc31e3a4e,808503484.9454068
ad663952ff2ba1953efdc460,814011343.435682
b7320c35e90f33fbb1c28813,695167845.4648374
8f90134b8e68948cb18fced1,599582844.3129944
2dfeb06300828182d4109c43,657791462.4222744
3f5a0cbba1433e9b6588dd73,625080913.1019554
f952c40e24c9df4ab2d62017,639590172.1198754
462c7546b358b00e617ce012,720237961.8934022
e0df3391aeb8d3f4b00f418b,659838481.6434321
1e48878318d35476c3e87520,847080352.9027468
e3903705d5a48c6d9f828ab9,574682501.1204315
9e590ad7d22105456bebc767,824612251.8367583
d0fe3d393eee5c0cea5bb6e2,835558797.8249347
57b3791f2c5acffb0097f7c4,541705211.6631391
e11f9a5cf9d6ab0ffddd6096,860488180.7162038
9a3920f803b087c29b487cec,554754713.0128956
6cc0fe8ddc318f1bbad360c5,735853803.3405468
3e0c656b64d39ab38201a112,537683875.7229623
cd55abdb54bd56d54b11fad2,735853803.3405468
7cd39eb8de56700519d8f287,630047009.5638127
d762007a4ea5de370738e875,655530289.026187
f4fc67d9b9c6078003f9af35,756904264.9369264
dc0a4632d7378c25be351760,734342117.3131956
530a3bae5a13291c69bb8474,612303964.2339644
32b678be83da2a07b37f3012,446427061.42740035
349768047d470d2fa6ff1930,758029068.8114607
e017c3311e2fdeb50a686547,834196000.0122955
bd0329ddd50f2dc4dafebd26,773829982.0682478
f6252e878aef5f8a641c3d6e,555078859.3964169
45ae8ffacfd00fb4a4f53d0f,806528192.9638737
d186e369ed884150e71906da,961595965.9500701
7b9e6b7eb3a5db0443193fbd,698055517.2433398
1ddeeae13139b7c9ada353a3,526868330.63190806
a1ae6f9f5d02548c89b23904,659066707.5307261
dc298d37c5235e15b4cd68a3,713935809.5991145
f640753edfd8fb1a995f1de1,559784113.3158605
69a1f439de0f06e1143a0006,653924535.2925763
98f253233bfcd16533e2a448,833296854.0622078
ece6f8c652d4227370ef0fcf,743267398.3635173
599506739a6544839bd97b81,693888865.990332
a12f49f4ac3c5bb0dc7d8d20,428162380.90478045
9da00f8ff8e19d26c1342274,689550271.2948514
cf5213877dfb4df98f0dc10f,588835346.3501709
84c7006b5a63add890a224e8,667930642.8813517
88aed38ca59c09e1a6202672,599004501.7583348
e6bda9370c80a5f7e5cb6b07,710370758.6381474
3b54ab53b6e3453e333a0939,535296005.5798521
e72ff7414cceec6b162df345,755692516.12492
f2d4c1faeb7694370bc65ec2,517160091.32411
e1ffd027cce28c44c0d2f80c,654698182.5189131
5c5039602efa36222e64108a,691770027.6461312
b50f2c871166ee1009416be6,660367262.3061006
5e7e36116dbc08932f5fcbf0,743605898.7140781
325ce336d3df17a078db5166,543470042.0677828
a26e967b288a1eb6d8e71d46,618089502.4202284
139331d23d9e3c40cf083a7d,697526687.9620885
1704b2d5f4a33401fb153608,532924988.0550546
ee70354146295365bf241d9c,609230214.1884114
fbb0a76f05908c118f7a3df6,515332198.54557294
2aeb794adc9892354aff7240,564428840.5544631
b0a32581cbb586f9710dc3e2,670758220.7874238
ad7f3aae29fa1e7ec900b563,751356349.53348
1695225258263bd2f463b21e,716946293.0744677
f72fb486fae49fc1de1fdcfd,822476766.0245336
6b8f7074aed7ae7e6cfbb090,1066511994.8176571
619dab52b321ab297a604185,1011717558.5006028
b5bb9af24f9de68e91a1df76,1205664938.90188
ac3d21f51637207d3e031c2d,636199898.44540906
2aac28d03c2110d871b5f274,631909008.8005277
9ef498b11563827597c82947,660118925.3330309
4f2ca698ff03df0c6386e48f,577674751.7562817
606df4826416ea0f146ddf99,506684983.9927373
9ff08a6ca1c63480c563442c,758997959.7038207
ec27554aa1c62314f4d46fc8,475567535.1743275
762374e94f17a8783a66d598,549074938.6677876
83ca3a41ca4b5337107c197e,722607152.0634102
c166a9293fa27e910e1fa9c1,672895569.372369
57f8a1e37c4ffb1b8cbd342a,622194878.2285616
393d99ca47315ae98fe9e7c8,1061346556.9956745
9bef4aacc63605f2b2b62292,515773575.3114639
a266efa4e41df357ac4edda4,957989268.7589486
adfdb0eda9aa97f0d3005c4d,782634269.0393864
f05aee3e433cb036653b4375,729740792.6635573
2dfd1808bb95170a088deac6,639068476.6983035
dadf0a00434e8ceefb3e26af,872682279.4773307
4336ff9b2dc1d97ac8f9694a,394333969.4164934
eb14a5813f860bb74740da2b,337319322.4837937
3d580d0df1bf9dd124c282c9,577234053.9467561
49bb5311607e4c7600caa03b,651289683.1017889
78a39ae05ac53535ba0fad2c,652006640.1372674
936e18fcf06ca3c46eda7c8c,562570115.5258223
23f12add67accdc9ed40f59f,389336959.6446299
eb1b9e15dcb88964f79e6a4a,599744529.6652164
e2b7f984616fff25e3dd6a3f,767705275.985025
b8e2b98548a234a245d7935c,691530224.0595016
79382c56606e701e44d55033,947145027.3688699
983874e637a1a5782f31089f,528510470.31956196
3da9de8f610e5c40401a5b78,679005283.6469696
cd69a049dd8a3822e228ebaf,621989952.3000762
604f1b5149f770a8f370fc75,471562545.2718658
0d24fc1c5deb78eb1a0caa51,717305937.8598225
583af1118e60e46c347ec593,784316509.0012211
13b181b46359620191e6e4c1,345880433.9244621
50d8333064f0560cbe549f89,530961070.6364359
d9000c1afed253d05de7819b,401372600.76816577
792ac070d1a314f585f09987,501823004.4143323
3e874c25176a3abb336b31ac,522989017.02818584
419ce7158ed62eb6897cf09e,472677566.21246237
b6b87c05c4238be76d94da2b,354143993.79814446
980d809e549333b475477bf9,534403919.09915346
a7df3d344010d5bb7dc70bf0,495445402.0048501
3d474c6a88ceb86e00f68b3a,511245524.41627026
be4bdb73add69f12f7aa6d06,493849870.05323076
fa5234ddf23dd0d9cbd3cac2,529905665.8322011
91a08f81b621333ac58c3845,632926614.6954856
702aaf395bc78986a008d70a,681972682.8748691
86b0c9c1277e9143ee765b43,524475386.66403174
9c2c22e70cffe6836f554f24,664963042.6778274
31f56b841b122b35615bae2c,509544958.6062042
41227dc9c9948a5f0688e426,591005617.4866508
781989d4b732f961f91bc3e4,550442048.246844
cfed0221146f4d83d641e1aa,461094407.0043046
8ec491780efb2c27df8dc08b,673873446.3267965
8a5866428508658b4a2a4cb4,556467429.9520713
156dc81d6e14a71716aebcab,630843144.3890804
c24be8293c8f4080562ec0fa,553655117.2232633
7fa11c05ed1c123c1a457b1f,647018458.6496762
a63c36f6e7e7ce7c7e7fe457,598798781.5784981
f9bca38d3e08176649504e74,684350626.9549819
3d389130627ca7bade643f47,641650066.3118471
70314b0bd995a4b03c771ae7,473333800.5213903
a3c3c9fc04cf2e2a051a12e6,583780571.8788625
4cbe75a162b076c4c454dfe9,550012879.0860678
0c62d4d501a426cc8fde0c36,678778319.298293
533363375cf2cbc50d86773c,657210081.826336
21d0f28d5f30a64352e60ac4,608964996.2145004
471b5135fced50f7cb4197e2,695740903.060226
1c7586fd8a1a38bbda9c92cb,588593063.390972
a0f28aaedd12f3d0eee8c6ea,508415362.5325017
8923182b6dcc9f2d8be1ab53,574084745.9114394
67f694b29bfa494bd9d9cf44,674608064.5935639
b721a5846527d5338322c9d6,644659349.7284099
ed09fe201c9ab02a91779dcd,724108957.2081072
f49045b312d12268eefedcba,589598988.6358627
22ae194316f34d482bdf404b,553655117.2232633
4f450ba5de4766e5ecb8a4a5,578053876.472838
235a2209cde8f8b0276c845a,567539095.8596601
f563f0899884de7f9bdab405,665815181.4873133
5b462279f602c5b67ada82ee,682928973.107617
fa4af69aa064a4306cb110d0,629572414.6363401
a70d32ccaa78ae9417aa7e4f,591005617.4866508
77c9e5e3a6d965ede708cda6,594156249.8182144
5637f3d3278ea049333afff4,573742628.464195
1b1c220eb91c9448b520b76a,692308451.7381258
f4a6ec71ad7790df9578324f,724923898.0684994
217e1715fdd5db76ce93cfe2,684679269.4249009
2cfa1397c901b4e940d9f673,517225143.6550776
44672de0d6d9d0cb3b4ae938,585108529.5359099
1c50477e5b3a67f3d8fec62c,580205465.3660702
0a2a67e8b310471b115c60bf,606724455.6251029
06220a42e68510eccb4d790d,627730728.5858808
611a3e1d63c6ce5ff8779243,648160751.964642
1284d7ed08122731aa7c0461,398054447.52036875
d44eebc871d1fa6981c32ccb,728183885.0655441
43272151f217feab78190393,654651798.9127874
6bff92260afd556a98d3e3a5,818717475.8812965
00586a92b53f4a8f9f6b3022,692684552.8600689
745e7f6a83b55196f231466f,650067789.6506416
9c558e10e5bbf230f16968f6,865019066.6609296
1b425a31cbb73b713f291e19,816425207.2015358
076ccba20dac8bfcf184b8a8,680305322.4488292
c8fd8b729f4ac6270aff9c9d,841564905.02336
52f026e670e9851b08c70542,805477743.6070511
00304df33a3c9a7e396ddd3a,704400952.1930279
ee27eba49457286b5ab76172,673486559.9705747
97b57932e5e20416bad6919e,869741331.4810766
e570c5f58a20fda42bfb535b,677920948.9722079
79acb227b5ea365414982957,795115248.7884065
d24258de8d2ca10186660a1c,736904778.5677197
8a8c202c069c20696c2de85a,670486844.1979936
40f301afabee5be092ba20ad,655751468.8150545
afa842858299a6ebee166e31,680855008.8964213
7641dcf512a05ca754930bed,550492724.9218382
8c9b472c55d4b99e44041de5,772131747.9835185
88b98c026b7650192034535f,797462217.9292613
9bdb1bc52a9ddfe92e6a948b,686816831.9167645
4abef5720fd889512ecff70a,647223231.5049968
58b139bc16fa2731e4b76f28,682482202.1807412
9ad9ac8728cfc2387285c24f,628858981.8700725
75fd5603c4de9678627f81d9,795372191.895597
9f4a25a5550f016ef2370229,860223599.4498641
d4f4d0ed36ac9affd71f302f,636098993.141412
51bf7bc1c19fcd42e71f2463,592093682.8913207
49ce19caa1325233d0de331e,789757042.1176552
5aa1667bc8db26bac1c72f5f,624936989.1442934
b43b36ea4f81bbfd4dc4d781,758398737.2111368
2a623b33f3cc1f54620b5233,698869843.7529343
8745eefb9e2761ff7eef558f,780501581.1587647
0e49eaa5cde9375b1f026820,681799816.313838
f5acbf43add5776430d8d4a9,714965318.2682102
ca50f7143937a99accef865f,766565823.1365047
0e1bc8ba1953ec8c28e53b9e,628911940.1698722
980bafcd065c8e3d6cece127,741164518.4427884
c81133d5a58d7e8eebb10c8c,765681268.5420123
09656004f0a7f544580958fb,745478221.4625452
edd342f84fc90478e344ea1f,584833619.5133637
76974826c758eec5c255c5da,733749498.9989016
63b09e45c1b7dca181491030,730217249.1261619
89952b237fda041b09f0efa1,764705365.6012287
219164e1d9b14cabb9bbb8ab,594137297.9638017
ac8aa244c21a9b86de4ed599,744277720.8727834
92ba222e2dd63a4453a30637,624501156.6917588
bfaf8b7796c8c57bb5997be7,719133228.8645984
dd5a565f854eaef90976c5fc,714189645.4340878
f8ccd21343b112d8f9e7123c,716769631.7053258
a90991f865ac81cdb3de201f,720349540.1363645
fc57fa9bbc16d1b8106c2c70,789170747.1192491
9ee3218bc61636cf0d7f8107,721139895.3423085
c00592c7c0c3a863a1bab9c3,723439119.8036059
f0aa18bf86a36daeb59946e8,865538365.3425287
e186499af986f1959f729b9b,710958449.4006104
18420ed4661539a2d72ff400,771362206.3556406
957731b9940c9131d92a22fa,769016875.5775671
9172caeeaf6498737fa0c6dd,709778514.6734546
c798ea36d2e4a8119723eae7,739366780.0431451
eb963f082209fc077aa72bc9,808263639.9819709
07b7ba964a8e30dc16d66443,844007491.4078313
7fe364ae771a7689d2fa5584,862192230.0437893
c59e06a2ed37fd750cf39976,1007595369.662347
ce03d8ae43a426e074ed35f5,1020154121.5749307
b76c45ccae25a06dd5fc432e,923073631.2284559
f855725acc115bbbf03bacec,899114607.9756778
b0b0db3bbe07839bc2b600fe,1041702314.8207395
cfc8dcf337e020b875ef1572,880684998.3817935
390107256faa08574d7231d2,748925793.6903118
fb10f3b45e865b4626f65ddf,655528487.3088605
75f167e2273fbecb2c81ac0e,806406566.2524289
a7b15424d7c025d885636a72,795629365.9558579
f9c11e980254045d7478f273,898380598.4468027
e0b13f6dc213d05133252d15,857978442.6964507
c12f362b9060344ad044cfb7,723947070.8417782
f872f224d2af413cd104f24d,786415928.0086312
092045750c36a8945c526a12,511501666.82528603
5ef33cf17d4b45277edf35a1,643293923.4510872
fc64387d7c3c91a6e6e876ab,585883259.4668125
c1168159d4e2fffdd5662757,693157918.3802605
cb604e3a56cc847189462004,788114308.8036785
9e95710c61a4706e21cf70b3,643492142.2468221
ab37f67a3afa274e719ecbd8,691322083.1795974
970cb360eb64128037be7e23,702652535.9050549
e42fc32db529e088f15cec8b,835431848.022129
8925028d6e7a6cfce9967779,516970689.27841216
759e76e38d84a4188dff5446,732000243.0410398
83a376df2024c4c9fbf2a0ca,526999783.0433194
a8bb80d99280e332084b3950,620396012.0694131
c16ab4a11cf67a39fec6f049,713219263.3683165
9cd1127b1bc10db6b8ce5d4b,1127910158.388112
ddfa979b1d7cdea1d7dd0a86,519876479.540033
d78f7a1592c0779093150ddc,786816331.415883
97ce3e0ef38ad12f7fa8c4d0,402355123.95564526
5c789f2834a1a69aede6316c,504278290.26973224
c29ec380fc7295a9a770a74b,432532435.62889653
5987f6171a2bcb37062ccc94,698145200.6913601
1e91de6194769980800b4de8,686738879.5676291
0a0f206f04bfb10c137388d3,870386443.2767923
34dd15023216e187daaf5a07,734342117.3131956
33d2d1db291a13affdc209bf,620222883.7525973
6fa5e5160d7c2bed824bc0d0,568944725.2241389
8c04aa7506b8c80c1bac23f5,865293216.7511685
e5d445e39104d9ee6b244822,685286739.647545
2ca6b3016a89139ec7590f9a,719344010.1088042
e567e9e5862b13f0085505d4,488291515.95768166
edd1c4fdbef4e6beafbd39b8,671007943.7961501
039a9029c4341b1528ca6b46,468811137.1465022
fa1533051ea4145f7f710ed9,612425537.8394377
9c99a85c5dd878568582dd9f,558318519.6416292
9ec426691c80918203394ee1,492533549.09083736
66f58d9d1e1eb7e81cab24a2,816236294.0433376
0d0f8ce05ebe99dd3bb7b23b,802602454.8966092
6a65986cecddc5c47fbddb9e,804766262.902566
a82fc744f537ddc6fbd16883,679801890.6752492
d4c40178c19d6cb2fcc88e48,586489151.427728
4034cb3cb77e9cb39cc98fc5,646271051.5213741
41ae9d3d280d4eebe510606a,628964820.960108
4aaf6763c105ddf2a6eddbfe,535665597.66306037
633a7038a23ffaf4b3f7896d,728111624.874195
2a531aa9576c5f91891cc8a9,767885073.5354866
85d58cf85a179e167428ffa5,873557381.9774673
42f05e5d4862d653efda75c0,920478919.7028115
256a46a6d45d168169f63aab,552115558.8744552
4b0fba692104472b36c38c3d,874942635.7522038
253c85b226a15d0ec2fbbff4,791626028.5470856
b0bb2299d5f456f800993a11,746794553.1075362
47fe78f6299f757b231be10e,760845756.2189455
4d09ece928ffac7e7d270bd8,457579259.57891864
fc762d2d172737cabbdfcc75,650715531.3584834
2809252a96f47776d12021af,655692900.8629388
29eb473852b36dcfbda0c702,675808169.4229155
231c050bebe12f568ef92afc,396130945.8810367
acaf9e18bbc7295633d92e01,692155278.285451
860435300909449c0443c10e,702989977.4147062
f967ad5e086f485c27f09990,774108694.2211959
678927546243e932b48d6058,873013828.5517768
c537ea2620b8c3a3f013c0b9,947322154.4603907
10037227b2a24d9a72ced322,645746720.1709368
1b4b3662ca18e731acc18928,1046500955.7991077
e6717956eeaadb3e95840256,907352812.0705254
ccc4457f68fcc1a416e3acf3,733045235.2777436
94d91969cc4b9aa1e856d801,633542973.1339657
2cc821cd7b5fa82b27308f87,525838626.8883372
f05b3779581ac0015f29571f,626733214.9272046
dfe09a5f848e8e819c361ac9,591644955.9015961
ba87ed2a657b0b042a05460e,580741636.1476209
f967aa89a4440cc1c44bdc54,503873788.7856225
81fc8d666c8735e1095d0d4a,783593797.210971
fd8b9540f1e9da778d566d25,426599126.69854957
70baafa9789d2fcf1bc212bb,853916970.3636638
4911f8879e5bc9c27ac13bb1,537229462.2902457
ce53f3477814fdea2889cd2c,469250276.8914674
62f022e19ce6608919eab5f9,430726497.3160943
55657bb933aa2ea3083e0b90,471162933.2172434
808dd470aed6064f02aa5103,494163384.68389684
39bc028f3b42d9ea48808ad0,480385885.84225345
c0c01ecbb9189d77098659b8,487112409.49159765
57c68d470f6248d00b6719e4,683369770.485168
26c66cf2f43bea00e6387326,759552766.6166667
b5f0dfbd34392f6855bb4b52,661155920.9777138
25202264e18928158b89278b,593821499.0290135
e93abbb49b24717d3a0767e8,642497375.0185946
906e1f2e1bc5cd51a55b0266,729424955.1224539
eef1d35ffd08dd161a36a2d1,1010073949.4912533
35e0cac576415a4e61acec80,1051569944.4572915
53ebe061b85f046ed12ee9c5,727314791.8594074
059d77736dc72013de7767f1,643123541.9794765
17d7986a62e0b066e4e5530e,572981161.1913686
8236c798dbffb3db51d5d744,489493734.830476
587e67078115103d184970be,386943282.8525678
7569fb4aaa9a52d6a525e3b0,390253421.7372178
db122cadb7a9c33f420fe246,391085371.5408144
e852246b7661d30dd2e1f0ab,389838110.74359596
f04eb16931448e87aec205fd,556340961.0066273
90e858d3740d4aec0fa21c12,657292472.670823
65647ca6e47eb2b9ba20058d,792237116.7788277
d0792d22549d1b3f63baf3ad,418616461.19033796
76c4045b5dad9a8226e9244a,595663593.0682741
fac4f0bee67523194fd4312f,531646033.55342853
ba89ed56d156579ce288dbcc,596793751.2973416
adce397b6d1473b9b6d02865,766001812.6888036
f1a924badef699637ea8fcc2,577508302.9961039
3bdce823d3b96e8f0170d96d,698488367.1801893
439004dc23f97a878ebf371a,616005446.1349955
192e05cd731950f91fef1d83,1044761222.0901592
5110c49047db23ac3aa4ace4,588097358.4815811
f4f7bd9d03eecf35e9f37619,707237319.802514
141dfd80a005f7b32bf70375,700927136.8851573
08513fe1cddb2cad74874a59,465408922.86386126
6b23aa3ca5edd20134811cea,394760446.286264
0fcab263453a9f196468e552,685208620.7554709
127e08fa99afcaa339eff684,484274015.06459564
d2c46ef63db73ba3cb7e32a1,628600639.8673838
7c50c93bc9e8846345892c12,764705365.6012287
63698398738ebc7ccebac817,609309822.4314057
417e974a3f0d97e502e49800,772360676.648344
6483f2fcdfbd26c621a527fb,880408105.5127556
3b739666f401ca6b2135652c,890809165.5727549
1b750e6e2e92e8222482cb46,637698966.8656719
dd34882ac55c57480663f7ec,684107141.7575407
026c6384ceba017c5f2cd66e,593428228.2793404
3f4272a3a4b14ce152fc3abb,652825057.7957231
5cccf025fcc0a7d9ea01b170,522696728.39254236
c8d179013c5bb6379693ef03,626005147.67277
8c258d10ce32150f5fe5b712,858319179.0544081
eeb6fa8f820ec63aa0aaa303,730212020.9695095
ec8b305ddc2bc211a8a05d0c,631826964.3833154
5a84e6d2ab8db0fc60775d03,604268742.6668266
015d17895f32e2a8b616ca1b,778495611.1693807
6fa35f1af6d51d341a3165ae,791803980.5060318
17821a9cb766b0f3ecf24e83,610309774.8840052
23141c17df584746755dc508,517865079.9607211
00076c8f390d5dcccc133309,650022973.6145763
25488b1c8fedde6250b413ba,576596950.0836409
5ba6b4953759b45cb83512c7,827672433.7637681
8ea02baab0c59eac6584f62d,818004840.222187
b5c34f90096fc88b8ca758f2,1052704611.9556546
35bc25d0f9de2ed4f714fc8c,798853953.6754069
8b0e1911b8ab8028409dc9fe,800815468.2778552
2ba1672e49c023258d262d1d,833418721.7319977
2d778563921376962d126cbb,761043400.8350499
bfe7c873b2fbad871327994a,792877741.9661787
72d0f19409c85dbe32cf6ec4,682993461.1327477
d406baf5cc9b4473ae9b8426,457656553.06689703
070912b7e5fb205918c1f4a3,525812415.36792654
659abd72d12756ba0670f466,473759270.208233
7a464b948b65544159cd0db0,592009503.164386
e89774d061d50c83b409a071,383876313.09728074
fd6b2efe5da2c35058333bbf,569726192.3978685
4577c1623c8407e95e893e63,592218668.9229786
21adc839dec9e8efb128abf1,609230214.1884114
aa843a050ebe8e4b3a04e9ef,784746962.1745617
0252fcaf7bcde09274d34be5,757212020.0995747
46d77c92811f0c87d2d4907d,793483784.5422434
a8c662f906075eedb098ae5d,653040608.7868767
b8b46931b93b7750e0d1ada3,661554321.2531697
efde559422ec1dcc55abc686,732420080.1955826
339bc881458ca34bdcb771da,891172458.2162079
d7ad6527cae719481f849927,889047525.1211866
df3abaff81c430b4ba85d4a3,801411649.7821611
bfd2f20a7bfb0d865d7f7193,1205664938.90188
fa3ee96e6b6ffdfd00aa335e,1099613161.6023455
163228979751798ded8c3fcb,599599906.4899151
3578144f12e13e98e8cb2480,635741965.728947
7136cad475a0480044707984,713097403.968897
93f5694b4854068f42ffe55b,860961312.3089738
51608bf64739db05c47a3bc8,668473989.5661346
6a01b6d09d516d67f4a2fb43,566807615.9085606
5f26f33bd89fa7563ac6873f,425440317.6436561
aba54b001154ad881dfeea6c,357038863.00804013
b2eb63e5da917ce649a72142,634554281.0284553
1427aec89ee9564b95e93cd4,502809036.80745196
a0087db5e9e2cdd6073021a7,626520914.1478199
4396f94f7f3c403c43d3ede9,537614355.9406279
aa703cc78a1ce659901e711b,715218841.6340419
0dd1bb83f0f18af30da139f4,726047169.1145111
37efd3e2a5b6567957c62081,558919919.9437288
ea47ad6335e74dea06228b16,707689569.4964755
8a975117ab302b77ac057823,619867228.0476999
ca5949c4bcf0b63e5d1be784,438720995.5528661
e9f3f41366d5d784c2928937,690610064.8885986
7a9c505db21b777203d34bf6,668936043.6610956
238cf9f99c4b01777a97f82d,453702715.90569836
385fcde12021f4bbae6ac2fa,558070419.6107411
d9eaec557a7a6674565db1ac,671122564.4605861
30b0c440c0bc8c6005855ff8,618915955.1795498
09feba43c0b8f3560fe09be8,738401370.5473968
2547bcc87b618d3d7e22dc21,620153365.6358484
1240a616080d6ba5459335a5,863499108.1910566
7cbc8fca4f84908ed4e7192a,745014320.1041931
151a16e94d538a7a6d658ee0,798684595.5141362
a8ecaa9120c6da21229cf145,782891517.2339633
3ca34fa833e6ba10cb4b1944,711116660.2506375
dca2e851b82c512f01611ade,856553021.7053599
3747996611a842c452865a9c,675766530.5063305
3528df61a44a9895248336c9,617192708.5809331
398a67970cee5dc873d71bbc,816361879.9810461
1ba2c2eedb352ef9bb59c638,661253963.3066167
f6f4a467f40bace72ecff598,885281236.5340694
b2af9047dbf58867ed0c42af,775716673.6528008
012b8d616667a6dcece0dfaf,903121878.2114295
0b117f10e699f10f97a7e7c6,822527917.4974669
8d5192b6208902ddf4804839,972840153.7652795
b86cad78da7bf06b5ac39f99,959170496.2470794
4cc8c95dee29e43463a8dfd9,651026148.7659853
76846ed8b7ab36821b848f2f,724296566.4368403
5428bf7f37a94ce9fb2dd435,634554326.2223532
b22c39c3df7d8e32cec2ba43,551617173.1525141
44f5380847c175a42becfcdb,1077488746.5731065
fae53fba5d405b2e6a3abf01,279085225.2737391
3b52bd5eee5ef8e3871dcb3d,1261060725.99211
21eef7da02b0f2a2fd987135,575921810.2889845
1dd6b0ade195edae38a4a20a,599562736.1934774
f359afc7bb50cf6a61ac63d6,504810366.1717523
b0de107a8cfad95f09876eb2,828787873.484669
2e8c76f4ed59cd3924f7136d,834797726.7109213
06a2efde5244f7d653ddfb8e,685790723.2850008
f72e2f6cfbd32d97bbff3ac5,634323186.3447007
9705748d2bb061678a80826c,868369853.1471345
9620068cef0622c404e15960,814141945.1319112
cf2e8824527989d3cd29c058,818935509.6665046
6e606a7c8bc632ba0ba37184,520836341.38112813
63fa384ea296390350f23d7f,780753813.5501564
4d3f5e7ecf4d361d7eb55f5e,560917163.7410204
e31a209077a3e47712588730,645403948.6731174
5f18524e839c2987594a11a9,685300042.1070355
def06f49a0b8230ab613db94,680220551.0835652
faa72370e4c7718964930805,680220551.0835652
983503bb75d84c410d1c5d3e,763739873.1416136
30f381306494ebaa760b990c,581353170.3007089
5e72dbafa642e4f416e6f01a,608580672.5369948
3d5ece38670c1c96df4cfff8,581353170.3007089
1bd6861d451d128c8bdb72e4,687789949.7230039
072a6f084d31a5a4be4060dc,819307818.6207197
4d8deb43d663fb079262708f,797416776.9764179
f00b8eac1812a500d7a732ff,720944581.6443827
77a62d5e2c89da24f66a2118,686496188.7552233
961886897eda4b0ce54d1d82,870659798.3771483
6f6c83ff891e43b7c84728e0,787006086.2738177
ca8c85e8100f64416146368e,751707606.8125769
24297f4a3e14c24c941e7720,856631858.7191888
98d7f0935f021acf313630a5,925835133.27546
a362533eea6c235049bf3359,693354270.907878
2ddda0ae748b38a6258f660c,992244558.8448094
b18107a422b9eb6da9fb692f,812509119.6676795
11cd643195dbe5dd4567b62a,807530076.7185409
c9ee7f0666429c0c15c37499,346594905.89726025
c386d1ac4fa8dcec4cbf9788,664857292.4540228
21e0bc9789139640ea33ed09,779883556.1801796
cacb91ac1b835d62422b8a8e,821209047.4438037
bc41e69def6bc7490800c4a4,445025805.2752991
7a13669d2d7ed2e50b80b4d8,512340828.151532
08dbbd8d672fd09463c061a5,594258602.9121268
cb93b0d5e9a26628b0462b14,576210794.7881382
d6a43f209f810455fa41dfd6,497499183.8888806
ed5dfe95f82f4c087af07045,551015163.0183731
02060d2f56e979a61427f806,659603053.9911304
88ffa9f0bc3f6c9f2e589a75,908567409.5586935
b48093abeaa178d1f7fbd83b,629664191.8610525
b42734770dacb7e580a6d742,671350480.2236156
d3aa845e96d22f31a3656aa1,567784877.1229713
becc3ae7a71d597bcb16d261,574242964.3602203
8dcfc24742ba669335a2d65f,633297276.4673779
45e2411d38589a2d85774c5f,635774517.8566561
9761b0f43949eb5307472ba2,775969735.8053961
e07035cb49625760c7da85d1,400695788.4440392
f88bb9c5a471504c13d3616c,634179933.8567463
4bb5265c6e63449e5fbaa270,630451719.3085568
ac73b8700744cb7835f328cd,689439497.9878829
a632ececd6a023aae8a7b730,489205696.0302394
858288683063dea9d5c57420,492425932.9802506
d04f549fdf8f34bab19a171c,630344212.1551098
6ed5fa8f114431d158d35f43,404130984.3414826
f849dfccaa8163d24ed935e2,625636870.7939651
bfde6e7200fc27e6e6f1497e,735348059.7309487
59c11d3de7153d2605cc2273,523469189.44573843
33ddf4e1ed8c864e9db16887,498558336.72311366
00f5ba660a4fcf6ddb96220a,703644389.0652866
a13004b87c6d7e7bf6b75730,592659573.648069
eebc02ff14b6d270746ca055,635251557.6289761
65ba6e178f3565a84c6ff973,633781529.0021826
a57f40f00f80abc7450aaf9b,613161585.9821403
df37b916acdce817865197ae,636014698.8226978
b5c074ee2e2538aeca099fc4,708450665.7220742
004c9da9ef1b3b5e309e475a,636933746.5441581
c5b47ac5c4b7476d50bd56ec,566847787.7724847
778ec765417db9ee48d697de,648627835.6023363
b287339babba162e290d0fb0,489752072.5311491
4d35e00e86a9d508d82ea90a,497939112.5582181
0dc2a023fb6c5e0b92d86ae2,622141041.269745
5787d7c671378e596edfb58c,633590419.4619553
8595b5517cb3f1ff8094d67c,722026186.2475436
f4d53276bdb5899c6f059c67,638090118.0244844
9562ef63320854bc6f94b5a4,530487453.0587786
c04e72fb6244d9a9b28322b8,768857924.2953027
3d141576443a97b0202c9672,793344620.1427076
7caa4bad394586a46dfad854,688214131.1731448
8420bb74fadc0c8853cda025,378289417.9950968
b274adb68a37458cc5181fe2,598949822.2248281
8561bc940a91f029147430f1,698145200.6913601
258a968e403e747af5693a3a,825619106.1291499
0de34892fee879f449facb19,665978502.4747976
9634cfebe7e6b095f0065ee7,690201821.6055012
1f3544c9f47bc00fcdf59d74,452121351.52098113
e3077f6e47d130106e7165c9,822857471.5725008
f0ce47907c3c30b6b5e990b1,813804265.4051344
1432cf7de2beb14fc7603ae7,900265153.227549
60f0df18cb4324ce5f4bf650,640396581.6722507
7c1dc421f5a689aea5babe4c,657792308.0136364
020dfae44183c65b708727c7,494386044.0815408
92a9c07259efc617e7d58f9c,639124487.6781313
18531c57f6dca78763d360bf,528175528.0799016
dacd62440872b6e94ea56fab,718507543.0533969
b607bd072e8293d6594f3829,820581386.3115635
eb86c1da60250e5559fc3cfe,664757790.2818145
fae649fc7256b9a3ec036583,652994282.283528
b7fa81aa571906a93e9b6cba,708491246.2736189
0823be832fff81b3f1291859,433260673.2091979
fca3a0fe5db369235960d285,482403964.15349174
496fd5c93b2a578d970ed55f,484685534.07832927
9c63c6c27c74c03f071385e2,649612098.1022304
6ebe90f7140b738b3696f086,424252722.23390985
7110d6374f3fc282e4f4bdb0,612425537.8394377
d33994c75d98941acffeeb90,770228744.3902135
b8e8d84450f5e0bc8a721c94,708329044.2778573
cba57e3b393b3e392c7431fb,785252992.2956134
fc2ceba651bc629e7f690849,676434568.2891803
857761b5fc5c7d101cb765b6,688207333.1998985
55f67dd7302b68477e803399,563664979.3892312
19f538269846412f3e150a4a,818360471.9608595
75e0fa8e5c83c49d3a0dea48,938692804.7018023
fcdbfb9e15352cf210cce7cd,775958494.9338375
c2b91ce4b1bc8c576a0ce1c8,751570387.5307132
73eaff92528288fdbcd61e2a,1039917095.8356696
f6544a1c169aafe6c8142907,811737842.9730234
cba9aead5bad82b31da51e6e,815253431.3413036
b239bdcbfae846bf74791728,653921396.989246
3b823e81c5378ee3c977e863,642909520.4977295
1b4db5fcd1f92d3aadd5c28f,739969698.2012572
b50a6b85399ea2c6b5c33405,714952088.3066216
1e6176a558f301d81bb050f8,841833098.7185584
8bcc1b035ea93a5192256b37,712677604.04879
71a3f0980cdfea0ebb869935,475761485.65036863
8cd0345dfac13ab380240b0d,642909520.4977295
e66b2c71519ef8756db69b97,612026604.6117897
c843044c1fb30819300448d9,461119892.7206888
4ae10e7fec364242c88e511b,560183791.1255144
c9e92b994e48df83dcf9976b,1191558922.1950274
27f41f09ccf8d182c79cd48a,965154938.8976334
d8a7c0b01bb545c414e12a23,1127756239.263395
f3e2fddf1dbb400788a5517d,738637380.0128607
89a066b7d6a31dd066fa0d32,675068141.2206662
c245bfa6587eeb55227c8a4d,709988242.2552974
500d7c5346ca11ba934e7ca5,680341941.6906134
536fa59adc007df763949045,848586208.6623801
223813dc0188fc229b63e8f3,1009972462.1800884
7c972ecb7b90537b1da0deba,564057940.2612987
98d8411005ac05d77cb12516,724113819.3396871
d12c08cf48be75014a149873,808708920.9174178
955544a0bc2eff312e965c2e,905306706.3607298
20488db7a62f765ac8da0a2c,598015587.5736889
3f370094239ab6fc817e9ec0,979164379.9717467
ff54bb34225682d25c551178,808708920.9174178
d0c7294b2184d0b4d0e2fa07,979164379.9717467
104e960974eee31e7e0eac6b,778317531.0403005
0d477acd9c95e9ec63839a53,630856919.033859
6d255e0026d70dd44229a2f7,861977438.1287351
926cdc0242544bbc850520ff,503480564.2356598
e75a05dc0018f29517948ea1,461152966.1411577
dc40c56571cbee9c2b7770f0,822460740.4824108
2f76a2b53e091df35a125b13,514970395.88222885
a4a49182c79c72854732594a,502906416.6351205
50287f73d47b4cc4c2e1840f,707614469.6466929
5efca36c25884a2822bb7a81,461093067.6449717
4347bf26ecd61ebc7a16b4a3,758162832.4258641
7c979648ab3729b2c0cd2106,788184020.5609378
f40acdcf5cb9925c09c9df7a,635171346.2691666
6ff3eaf8b5a2f16efddde1cc,589593797.0497463
d35596846155e74d1a637d7c,831915599.6975342
a389a1ca097a820fd9af9d15,659066707.5307261
ef450748c440c4958e5db54d,779751335.5892106
02779b92b2f9bafde0c75c11,656195525.0798155
77e5e0b64140fa00b0227a3b,527601915.2588555
eb55b0778607da932c3b311f,779751335.5892106
9fa391febd5d0a8e4c6ecb8f,363304212.22952545
6270356f1cc3dff186d0ff4e,601610135.4912866
ea7d5c601c3f8c86ca8f15e1,720156484.8528694
072efeafd082025bbc5a25e5,722101688.3857273
d8bb6151d30573c7595ee7c0,445215289.9182182
f26c43f2304c8c694c818a9b,619581633.8025053
14ea4a7c57d830eba13638b1,662389651.6142166
c1ac42dad98d2f23dcbf140d,710626767.5929048
aa6af44635b5d51da4b02059,758162832.4258641
291a4ea1a695347e1901bd4b,771236122.1944389
024d2e34a561efaf4811c17a,763306907.177658
e5a40a555d11d4429b9675c3,671878754.7740403
3a10398b72905bd710ffe9e1,730212020.9695095
340d1313fc2dc8e5b6918262,684107141.7575407
699bf5460c63a4d0e4542ade,944105297.1927719
e98bb3a89bcec8650e33e730,649089590.6266094
5de86bddd492f76596b17a0d,834387565.50773
95dae083200a9e43a5aaf210,878305569.4942653
23fe512fcb21a0b84781a318,419778975.8867311
a9dd62f527cb0dbfa51aeb7f,692112674.7738471
8964dbb5b0cbfe509613a63f,874287408.28508
f75009356c700f7da7106cc7,597588979.8503274
6f502f363fb55811478e3b88,478795988.0396447
a48f29071cf207b27ddb03da,567320225.606506
b46bbf66cc82a4345c5da177,687584933.4849535
a460aea3370926825b0dbc13,784108171.4792128
7a21a8d99a85171334695004,678393777.153922
279f6f594d3f8ca8e8a5e2d5,1115615728.8859055
bc3c509022e3f6104cba5203,864209177.4055817
654d2a3a0e02065560ba2484,587410511.7361418
02a2ebb6eca5772e3526d78b,637293130.4322816
d4646b7f4dbebf9785963cfc,767935054.5670618
68fabddb27fc928b57efcfea,777067641.548581
53688de79b052b3185fa9435,541605674.8527821
bb962a9e3861b06ae1daf833,674602077.7713286
d80c5f0b8ba55e7cf105d282,672530557.3130312
ed88c773fa9ae8bb29645fbf,568551403.4668546
0c3af9e0e9c80a68acebd041,509786767.2103708
0faec12daf0493a512b2fa0c,1211868298.6161225
1807debb0a0b590b9ba4ebcc,599049051.9968227
20a2a0dfc963fb8a355e704b,625039641.3848742
a2c033f497e62ea10ff8ba3d,853137556.3573048
985e40843a30150e6892e4f9,654366540.6826361
2ba0807f8cbdac389424ae04,587426694.5287479
9a565e7220cbc3d5d340e8d7,835346097.6602967
33598222854631e92fb72baa,846362731.6438597
03fb5bfbc1895115a04e8116,731632548.8730706
5045ba9a65b4bce4fd305f82,628940741.4802095
277f6440854cb0c98728e685,596601779.886562
12c7037cfa63de49e984a789,562948367.5292695
ed9976e922a774cafb601f5e,562432716.2429154
ccc70d1d8e4411331730bd7d,421323952.9003269
30d38a7bab2eaaef1ff6be0d,635251557.6289761
31a6c440ca9eb29acc0f1086,783849256.2691799
7a82ce4b2dcd2b43485f5047,708760304.0218747
a74be48ad396ae4aa33ffed6,715094690.94689
4ea46b833575642ecb2ed1cf,402355123.95564526
b780a0ec18c61b0760df9433,668387125.3532934
b83a5c303a2b079585b9b94f,545096379.8010724
a3c45875c0834b144f834798,482349976.152179
c3ae3f44bbae215f7f2fad9b,411669150.6271022
5d54a0a596d49d9f85f1b5e8,673828607.1210966
355d1fb69bcb4e8e8ed9ba1a,729424955.1224539
cd791a46ed616911ae7d4fbd,683369770.485168
d2d2f335839ed35571b19bb1,816824990.4418732
0823b0dc92805ab05d3f8650,1068283992.4638783
f92f4d135119fa88994929ec,1064102185.9088771
401f0de98764e9fdd4055406,542427751.6933331
68a7d01e50462f7506f8c8d7,674324322.1101049
e4434407771070783b97c014,859802223.5936098
7e1153d411af129357ae5c10,736729339.2762204
f409c701e200046f574f4e06,538132167.2067626
30a8b9c197bc42f088d0b873,631621439.1535659
d5abd56b5a8ab8c2f61a07f3,606617590.7487636
805a27aeafb3ca91cac56d14,711578084.7936361
1ee04111d277e8758f740139,573059467.5021018
b9de7d7b9a8ef7c64e5f6bdf,575461131.7346083
5a12a15af3c0585d81ba8f5a,499021021.1013317
abb63383766a9853c1091c5a,729581393.1919726
1f95c205d5094c674f6e45a5,826509470.9881395
4911a6285f548dd30c8061e3,594569248.5528053
0b9730cff49bcaeb4d703c06,581697625.0887043
f033750cb9db15e886b156ce,813601631.63503
fc7e93bffb7fbbdebebfaa2c,781094248.4916261
4f500afb7f7bb42189820a18,663556438.9463781
3921d7b508fa1591d40802d4,459815453.1388669
caddb9dce27a7e8012478da5,556704386.4571146
4eeafa126ac5f301cf60f9ff,516198003.8010668
59afb00a84b4f2a9ffbf71c6,713495995.9984295
7baa3608aad1fbf357d789a6,711933495.0628258
a5b8869e9cd3d0cc32a0b298,871640054.3840989
d084dce4ab9c4008ffa3bbc4,734778104.8955292
e3ff13537ffb7172336ab5c0,775363703.6219097
1bc2ae31ed1970ba52b1ff60,1412993330.576492
eac7136b26bccb3c5d2b6202,669476878.6032951
073fccba71b28afd815be434,628950776.0406548
9b1c23d616e9407fff6553d6,479588321.51216125
4122eca7b73c1347a7814a70,780753813.5501564
cece8267e60c2461d6c409a2,859963201.2130065
ba4e89128058d5564987dfc5,479588321.51216125
69843aedb25a928097a22a89,559233235.9076036
a45863121bdec787e119b14c,365725453.5307844
02e8811bff38125bcf8e1a6d,566807615.9085606
d709a76487a49bf257489c0b,336481013.00259656
46c42803286c800351fe633b,696317871.238919
2ae3ae7f794d558ec119287d,633318293.9770945
76991a35e9c1b69e1616659d,626915321.3498405
3de5d35f742cb4eb68d5f314,617392414.7305975
a53c748935206f61751dec1f,491101446.2250114
ddaf8a1e5e6922cc3dee5caa,553483678.6993582
841fed959f036a03697868e8,620028566.1129218
ebe1b5c9471f3441a388f7ac,661893122.9664354
f0f9bedbcb57383511805d17,727918671.3281546
f9402b785deedebd3ddbce6e,689382840.0594659
d1f92e6b18faf07ab70ca1ae,786209112.2123715
6e794276348acc39751eaf47,745064813.2910448
4b04e0296820d04421db5219,559394895.2773583
ea0ca17e989ec57a480aa464,806129325.2709383
cc6fcb8ea6556f676c13a76e,757243056.69192
2778de5e56ad7ece898249e9,764472665.1571219
9f0bdae4f8609ec93588de3c,769276921.8915691
90dcc3f9428a4e7cc396a15b,721723557.5875609
2d7bf0032580e6b6dd1ce36b,730212020.9695095
c45d86d17d1d0519b455b7d4,781907553.5431983
4c7e7cfb286d82aa96356fb5,1038936245.1710672
edc204c3e18368e0a9eab593,1054026190.8437524
e789e801fb5d4501b5d64e2d,822527917.4974669
3997c10ceccd2f8c8e43cda0,1025089665.9280694
580d8eee8dc4b7d43cb193c7,776656837.8177701
c823e3fcfbf0c43bf2d82586,888503024.5809016
30677852542c78698083d4f3,991291612.6268029
8fc78c514a2f1cdbc5ae6e1b,1115411354.6672912
73c618d704a2e1ac2bc41954,719682963.7264558
4ba85374c1d1f1d3f4632ca1,333137283.77897537
9a471715e4c4865b822a6b77,496622357.5081158
4e9f1e21c855f1166428fbdd,446714518.675571
f11137d27a5d7fa57f94e97f,650006396.9666418
5fe5f3c5919c0ebd57ec8e36,445471671.4876153
e40742774df7d2b614f32de6,415459976.9242463
24b28522c72f7fc359f2a718,709380109.2019747
26ff1e1f4a6f6bda702fdabe,668772677.6883883
9e617d1fd8a4f33d7b66098a,1231790922.0248902
3b4e889562e4078f8f369172,661294578.0914577
3a50d40f15b1cf5bfb338092,397593925.6624854
cb2188cb8e534973ea3411a5,577234053.9467561
fa57f96bc6affd285d10c4f9,315893846.57737774
c0ea6c76eb977d83c163fd7a,468325315.2909065
367cd12d7f4aa93124047eb9,599744529.6652164
54952b5f463c64c605576601,425550746.6140341
57eaaaf24cf82d885f0f1dff,651289683.1017889
f2ba4a7a0765c3ce737b5c81,642748773.3868839
5282c3c48495dc31359e70c6,524622914.55570257
552b01d72edb192663998c4b,665853335.6219378
5f3a1ab21669ad9234d4dc63,769833305.1353779
68f431548c330f84c46174f6,745014320.1041931
048051ce9bf8f6a48e9451fd,840588026.0067034
fa4028ad48fb2082d167989d,564540133.1801785
5b1902dd7768f5144ae7704c,767705275.985025
be0a8f4be774eeaa42fe460d,732085943.2720523
16263617308958055850aef9,785353517.3013715
729f5fab1578f8cae4fca8f9,833855528.6128681
bddb9388922dd56737d8847b,841040612.5292549
9847a4ab995b7b1c30196704,904911990.6780647
d19937a773269962c7f9e8a3,947145027.3688699
b3c8714dcaf5322475ce2c60,853163104.1729449
875126e5776dabde40e29b09,796316621.050305
3a36f59d7c0e6c4eb85ca0cd,892749748.4475439
630f00e15cbd7826475d1509,921164907.6086149
434782c3d1dc2b9ce7bcbbd9,735134488.8882737
a470bd174fc7587dc1449c89,1115615728.8859055
99c6f87ac92cc323c8caa005,1055076580.894131
ac9ae945fe25a46184057606,1104251956.084383
15d910dd93e0aec22ccc2083,1129127198.6853764
6e1a9c8457d3ac6a57598052,790579105.5374951
14e179618d1a44c5c55e23e6,577424286.0224687
2b8b979cf1952fcedc63ca9e,452535519.2747824
7cfc3061c0b2f3bd48375ab9,747492368.8928013
7200e3ba2013876cdbbde972,721237175.9392625
9ddc1924043ee8361201b39d,824681263.74591
f22d6cc8c9611a7c23fa8969,846093943.8988929
b7c0a0a4f5c5b986a70ff249,544026543.404908
adf176b63ea23e08d252b5ea,573575337.1007056
77069fb9fac6b61aa6a89ae3,793959121.0772916
7f0f27f6d30c743acb3e867f,727877970.3598995
7e299fd8c2d53ff1cf95aee3,789984626.7100127
f309733881a4f89d9c8a8958,775589962.6963603
0f937643c067371018c8deee,1012273649.3936135
8e35609c1265ddf59e1c015c,581941105.7524593
c1ba606f32ce0337cbccc2b1,725176454.785597
15f02dd18da12f4d7b0ac2ab,569941970.2307885
bcbe8ed608f233d5ed7362c1,768864636.1744361
14611fccccfa2a6499b2acef,588593063.390972
b10b428245022d55db248b72,434488725.4944304
13e6c5cde1004803fed93cfc,474693761.29647046
ba31c38eada33f680d44627a,754274115.5871642
3786daeec4a4fb40ef07d8e5,845563200.9059434
7736ac030d8b587f44f7898b,673805181.215762
98f89d21e5dbe53f8704e745,870587628.6460564
981fcb79db3881259eb303bb,445132876.270471
08bb88dabf0070f72a801a4b,842548732.2478626
32d56542ab5486bdaf4466fc,843495750.3344773
c0f911fe7ee2113ec59cb5f8,665234999.6623137
3adadd50e603746e5e4fc082,671366694.0897163
d117e9672b3ea0435e7a894d,445132876.270471
020473766363019ee40d6685,742426503.8185325
b04d16faf40ee02eda59a9af,445132876.270471
bd6f3819a1c0e551598fb9c7,437431625.1991151
5520cf373444931ed8630635,470154194.0658857
40355fef059659469e16e3ec,467755645.12476164
deb844a2812586991b3022f4,661798306.4558815
ac0b895f523b53b4abd013dd,724610155.2189568
ac208e250f5ae3e5e1008351,558277689.0407537
0064cd1c55914cc8370a096f,485266415.10390264
165fab7a9f8dd404cf4e9d9a,520512066.9579717
df3eca0f59974a812b4ea9b4,754840798.0850756
1b7c062b606d0560e850a2e6,441579563.7457764
87ddb3a17b601cf7c61e8c07,641377272.1270726
837cb6389640f3919bc73e9b,782257436.3209884
77bab76414ecb20888cef7a1,841986728.8474437
a9268ef5b7133cf6ed1a376a,842991387.876286
cf7cbedea50333cd2dfb0e30,662389651.6142166
b0cfed2d25a5d78c96d39d20,509811295.85490954
ec0c283eeb8db461c20af1d6,781639200.1423798
27c3b7ba2991e7bc0c9fc322,652006640.1372674
0332c7ec0d3e547ec6d61664,838429228.2966138
e58b92216ee6438a921ee0d4,692125044.0104122
f7959842378c94c9f620f561,713002277.8117121
cd0236af88ded6bc15b49eb2,673805181.215762
d40e0c2222c0debe89735e88,713002277.8117121
2bc9bbe0f0216ed9d865a85a,615174796.1576257
e9bbc31499ca187c6a492175,585614852.3268851
f2409d037bc8b3e63ca69fd7,736188220.4697181
5ad71b7cfd356a75021174ab,535587897.9456864
67dec8c47ad4de9605d56db7,581089608.3621436
c6d679cc07ce4373197748a8,856420003.3881181
a36ff3637b7d2b1c52999ea8,691684828.0340788
3a384d68b7ddab45e01b6e99,764332178.4438802
42d34ca2252acaf6e777d23b,1110086948.3036401
c4b2a42a8908cc35e649fb16,613329593.7131268
18c38418824075acaad8f960,587982231.0510485
85bb6775065df76bda33f738,664586429.6555253
14cee0bdd9dd5537b96d0786,686645291.7311913
ab332133aca64315672a7192,748573144.268944
d53b60b0f2c65918153ca2e5,450247285.01938164
ed1f81648083d4d2726710ac,691460020.5738785
b6692a933facd74b4b11569e,434432082.4548563
90e00fc58569167c00fae7d0,583337407.2807997
8a514fffdec277cd46c7cc71,701626804.726958
7f0b4b5851c77d78805320c5,520890079.05619997
fed1a608e3c0f2b79cd02ebb,627335943.5924164
075a5474294e25da55373a09,374965741.3283545
8826b9e008064cea38855d35,533237028.52582335
660eb3b40b2bcd07df8f5c3f,444726792.7372802
d55cdfba22aae78b6fab5491,404111863.92603135
ea6e83dbade169818975e5b3,547747660.0746619
dcac44d3f8024c6ea1632432,442297695.2363853
2772adb268cffadfb2917c2f,494474570.1331609
3192bb7190b9130c4e67be4e,809238611.0562481
9d892f73b02f001c2f715607,509255316.0682262
c27d72aa1fc5d37f4cc105eb,726381338.1420442
6c0ac32bc8a66844197c5fb4,708694954.3959789
52338f4f7c8af6c649106a96,514970395.88222885
356815b8ffc300fe03073b7a,730683501.4532043
22c780d56cb97fc34f29e9cb,407300675.16387373
806907598158861a6958388c,504201853.0407756
449cddc4dc3ef1e93b7f7c26,607261934.2103422
b225270821758e45cdead76d,477737979.88799125
e07bc486c6f5541e4788f83b,627344849.4157883
970c0d4928a9292748c0fd00,747638324.0484283
f73f720abdfe4b5adfa2bcda,521212636.31909907
48d3b0ef6e5f999bb90fbfc1,614191348.583831
b3ec2f8af6e9adce047536b8,721239489.9062097
0e1c66f843e06f14d7264864,562727692.7518586
91c4f018fc7939d150593935,802625679.3580865
102434eee07ed18268857a9d,698798966.1069487
a4c70eae507d630c2f285eb5,805301772.4357144
45abee1de734dc32936d0b1d,675163367.8952216
82bdf442e186baa829e06da1,639608352.630189
019cd320e02a64ba3ba9a37d,693395263.2339386
ba1b3c8ac8afafef56233c84,766951851.3186548
3c3a0f57e030472879f454d8,725936065.0931497
d520e90e7d0c44a6b8852e5b,513243987.9120484
38328747d2e1e0e568c05523,593475520.2163769
659e9ad0f593b644071cd850,603756355.0805196
3e6645f2cd377ba17ae2e46e,405921719.93205094
307eb683db84db535106c445,617203135.2682178
26c8961848e3a77d98049638,646627265.6801074
52373e15e9dc1ad371a0c090,522944917.91529834
e5b2a446c12222efc187e02e,590656755.6881192
156f706d1d30de19f7e369ea,519537260.4376718
aa94d2ad36bc0e91bf561be5,826946034.7409132
8ab41842b8e41b89d8670ecb,474119567.40797544
b19ab02a8e22f3e88a26031b,758162832.4258641
a6b1ca7a4e91c4c0f4366984,738978485.7242013
a277d5e8216fdc3d7c93eb2b,677354600.2278898
f939b7271c4d399a5e647f8f,724613461.5890261
941392f9a135909273422dec,663044272.338335
e07d8e9e38e309958288a516,690314323.3164291
258f10f742fcc835d53063cf,662485662.630905
fb672b4cb1b66f2022f36a40,669747519.2942295
ce9dbb6d009cbdbe654edcfc,817057655.9098734
22e524f1fab17d5b8616d741,1004474757.5998024
7f0d874df9235245f47b04c3,717704443.2539704
27a8a052b815998c771a1f55,1004474757.5998024
b80593fba07e21f8bdbc352e,1019577078.8980647
d18d990404e7fd07424f5a77,569389923.3603169
033599f7e7ecd8d9c8cfba46,793733274.7899594
51cf2fa527c3db62914169b7,649878951.5249071
2b2fa2ed0055a19859e78446,683430381.9067442
a8e1adbf076dd737c079129c,811237234.7930841
adf948af7b24f9b6f29610cd,508000527.053921
23473bcde48f634641769e22,419311688.70361054
c90486bba327ede32dec60a6,631414119.4812235
d254d88ea0989a609b71fb72,592283354.0467414
2373c595d24a7b862b518ec5,732514656.6794854
ec401de1c0ab2dbc149da048,720349540.1363645
17c0a8fd3a2c8b5b18d61e4b,717117044.5344228
1a1016e7a96da2237b391be5,594759777.345674
c5b40b510bf7f121c93a2332,762401373.336456
aca37e216a27b4dd5337df99,676853910.6693647
96f59167d17d1c99f31be997,704691697.661995
062b36cb4a87cec372f9f91d,655751468.8150545
0466a7e06b152c1860d44334,670070899.1063509
f44726680d0c594a2d430bbb,855536928.5923873
8aac8946e7ae5725971c5557,829754102.9606702
e1aa6c46135f4d1aa1b7a1f4,707983279.24541
fdbe5801070756d1744211cc,791069397.4133945
6ec4c88b8d3a16148e2e7348,766867011.5123839
57c87ce038e4e523b4ec189b,667189394.1010658
9bd500fb24eebd53d8262b62,735297373.3039458
85a86e01443aba593f95dae4,631841177.2017623
13e2ec0a12c8a48a753b85ef,407873872.20810604
b93dc01af5f49e6dcfb7a547,436709296.94003874
71a42155184509caba01a1dc,405814168.31841844
25fb1c0c4aace859265de172,675163367.8952216
6f63e4f866bda86d5c993c8d,508415362.5325017
72bc42a5c73e7b1f9d54c835,649068318.6199145
c06f36b42021a1512cb6e3bb,429062337.78477025
f1a7fa5dc1996591ff97a34e,567539095.8596601
6128a8deb1f0bfbbf0d67769,635392888.5281855
b5254c6c29b4f6984d328216,434596484.3940794
6cb19c3e491a60bb2c166669,445215289.9182182
dda4ee9f3811c29e2b261a5c,513243987.9120484
7a564ce9a4ed3d2b8fbb1103,675163367.8952216
63b982fab95cd17211a4a58d,494416185.02388775
5272c50f1d8fded01f7fb0e0,546692765.3788862
02b47e60ab77588aff6cb433,664963042.6778274
ddcc7f7a087aa5f4797a8a5d,424252722.23390985
77a887ca508d924ad5203194,694906577.6983157
b57ab7afef2b8aee016ce6a0,732882628.197777
640a801d503d85835eb65a42,763306907.177658
767ff947b16b2271f516c28d,703041649.0552633
1dbb46a250f504e9c8673bed,713309105.2766908
fd6e9c9ed7679485dfd0b022,681574647.3582172
7dc4f9de14c2924b229ca0a3,741164518.4427884
3064379f468404110d594c87,772131747.9835185
6005ebd6442c62f8becdd2f5,742185319.3752737
b62e960eebdf95c2eaaaf9f3,806632089.0268595
7b0258f1aaee97661c34de64,592774884.8937302
91e2f9f7d4ed776d38a3274f,660735134.918564
d505277049a254f960e114ef,818525080.6720428
32040dd7b8edfbe331773288,765559472.35951
70e427235490d7d9c9239676,836220435.9987562
1a2aa38b8e18fd7ed5be77ff,563882864.196496
4883f7ce7086ba9c8ddd4315,810281991.7857332
4116cde03803e63a3e87e847,744277720.8727834
d6de5d741702387dc3f4481f,755768372.6846296
2346533f4712f3bbd036d85b,770228744.3902135
f6a12c0f02fcff1be042ed0e,676434568.2891803
eba3cb8156e0115bd7dfb525,986389389.2275882
ff27ae490bf03513b6bb386f,857978442.6964507
e87779bf2f8af86fc4ae9583,356683067.7632234
4a809b3987cff0290c1df8fc,447506747.14657736
8f4241a17d1211687bf232c4,496203800.5319031
bd8c1ff6f9919ec6f1dccda9,643987224.0376512
081e008e772c6a79b809a87b,723014811.4843044
0eff08cf4bc42dd442a70231,714832168.9547926
b4e084d14962cc58d4089955,751356349.53348
d02c3b5ac6fa0ed6db06e490,797759418.0891805
e8abf103cbe9fecbdd758516,751356349.53348
05308c4f3d0e0887e4a68a92,644787486.1128951
256a6ba3ff423a899229f154,587542276.7062484
097314d920292b46eab5dbc1,582185963.5952482
4ce0fcf14266d144c82f8d4b,505322121.51923335
548791b5faf236b1c03b7523,613766216.6088302
40ef1682158d0c3cd07f484b,777247653.83691
7b473504c85e9cb576f951e2,557812267.653528
730c7382d76a07904f559b28,637677990.9939657
e05598d3c49f409b937ff2a1,537374824.4783595
844dc89fe6588acccf0c7536,591928387.2583345
ad1492590bf61d2cc83b493c,739702736.5377494
88fce3ad9b8a965dc11336cf,487391717.2746518
b76d853ea415967415ace0d7,592693734.629787
c12c81b3eb12bb329466e88a,863105711.1269561
4e27458d179a469435d02ff4,589299829.3248874
8d15b4bb1447eba7a680ef47,406086257.2545518
482c7150c7555cb35558398c,727764916.0841998
e5d6be06fd53d317c8e5c7c0,529063580.1337707
f798e7105aa8aa66750a2c85,764713764.7311288
eb24e0a0ebfbe16eba466280,774820036.849985
618dede0dbd48df4fe610af1,762468280.9398786
6fd936b82bcfd3cd2451bdfa,630008785.5073106
adbb5c4ba7be2903799a51b2,775878218.1120148
3a99197868ce338c738a3b20,620153365.6358484
d4c45f35f214fc226ec85b36,755426575.8654141
c3140ab2134de662162af508,394995620.9522686
0fe23ccd8e42605f4d9f78a7,278300297.5367519
8816e8101ddc4e704053e23c,633318293.9770945
64ecb100d7882ddec6bafbcb,686668837.7076056
9151a8c65e1f01ce591c595d,625908335.5618824
c8a40314be3014c2a218f5bd,746403868.8928869
29bd4cbe11f44759e07487fd,630682146.2667371
72ddab9ba5f24941e4dbed6b,814658536.9920566
1f18df9ee1b19359816ed13c,642992078.2416413
fb82175fad61a81e9b665fd3,804102514.9318795
dee2e190c4e2539124ac3ee1,644928467.5944843
0cc2f3a49dd703e7554ba638,678345321.4440426
ece0394e38b152e6c1571324,1055076580.894131
e14328c988a27176e9fc63af,811045370.4398801
a91664b9f15f9d6f262e7b2e,819116084.0451982
d54270fd6b09b38a978cd7b9,714990787.0817348
40c74dec061500aaa78f78b7,605475398.7832117
cbf6faf7b47b43b2a77b3654,755251963.0558501
52fa1eb3cc7cc2f77ff98764,607189235.2553563
bae512bdd3b04405c519bf4a,614877750.0208534
e7fbff0a25cde72a38e7c7bb,884246512.9983616
d3f297fadece964afe5f1cc4,760372341.0464175
2679ba671751ff16e76f1807,685613747.4191455
8059e45ca26bfefbb18d8e40,810672570.468361
9e7ee8e17b1e76965e96ef95,832126323.7705077
9039bc918a76e486041842d0,737506100.1339606
1d7912750a5e345f7edcdcbf,428941847.38537824
4fe0482ad622080f55a0460f,619799336.6211909
953fd7541735fa8d9a342642,848912877.6747888
0b3021c156324d1e7974ce3b,1010914961.2117536
b0a8e4b4ef6678e6b43865e2,627018747.6811293
bb47fda808b52f30364a4d6f,537614355.9406279
d846dbe691d0ee3ac5c3bec6,877550367.2417563
21932b5a5fa65d237ddb6293,537614355.9406279
07481a101afc1d5db45245df,789175546.9561247
d99c00c516cf57b6fd9e877b,572599238.5404408
6dbb494acdc64c03742fa730,683792448.3574309
35f69c7a9870ac62735d7639,439751368.34858805
2721f5495ef5dde16fd29cf4,863010527.2628084
0c068dbfdafa3429c71189af,912499708.7573103
f3293c4064d71f9322ca97b2,742124765.2953728
5eb268b95d7b6006b064f9af,677089847.2763706
e13a1c06ccbf814945dbc768,772663794.0474995
935a1e8c7e62ca9d3bff398e,728111624.874195
f0c7ecd3b2261873d3664748,790621599.2801359
d2f20425e236285124eaebad,573465362.612389
05926b977b5df59857194ec1,519434918.86474663
f548ef815603ec44f4629a60,948930149.701377
6cd147720319f60ed2599361,686816831.9167645
6302477fe8172d08f3b4815f,568477497.954143
b0af9b1e84a1886489d46b91,628964820.960108
5f3a2a31f6d1838e0a9531fd,794491261.7630609
96786aff35713dc21f6bfe5f,764705365.6012287
68de232e27aa83405b4a19b9,1059545782.8839251
8d252e9b0912f09703110b81,521636840.59428966
f4e646df504728ee1e6ad0d8,605910587.2281091
e89cf4cc82c5283f3db6f5f6,513684914.10445
1bc2c099466f9a989266be0d,408896167.2851535
bef2008b362c4af1fc3be566,593017302.0935371
7988f76ba063d25a4f467730,692206872.7963122
391a98a344e894c6397d62f3,410238336.8161036
5ab0b8b0d6d93c4654b5cc14,696774023.4678351
305d6abea2f3e496e3b6fcf4,833209909.7274671
f512fde4fa3f1f7fe885de83,640965590.6590056
c7b6e7a287602275f7854ef0,738333789.232691
3d11a16b008c26fe43deca03,588060541.0754906
ac7f21d22d013874c362d440,533030317.6651066
c933750eeb53302db0245782,505736633.15928453
766a8ff17723a5c34324576b,621989952.3000762
802fe3175a2059f12d7edb99,864251254.6360444
508bfd077c80b6cdfc5a10e1,801373479.2622215
ddf8733adb641e15837bd728,547126137.4869761
17914fbe0c3634dae8ce9d71,775073592.1942784
09e4397bf9794fe24d87d07c,623485973.4892862
302918a3460b98acb64fafdd,581089608.3621436
a7e57a8be8fc8d8a844cf9f0,417963678.4246736
7b50b071f4d795c9b5ad7531,670259995.4066836
91a7bcd95c0c960e4cc22d91,615174796.1576257
5d4a23137173c0e2288ec418,586489806.0458145
751ba0c00d4fae1078c02fb9,569941970.2307885
e6bc998ad1d87c5be3559ab1,647464141.3650016
53aa9cd32e2a6aa346d3d789,647464141.3650016
06f22f7a8e4e78f45ae81638,719546148.3649906
2105c17a4e2f97183e24aa4b,705843014.4081239
ec13a869c212c39b6ba21b57,685410319.188839
0b49dedfb53ec812962e31e7,715401145.3321637
69e6fbd4d3816c4cc37b265a,735570946.9109637
ad46f8bd482500f3bb935737,652327938.6190617
368f7a70a62962bf31ec9583,953052208.4993925
07412230b931192771072334,791159256.3331494
e63d334d9ae8b672dc7b7d5c,953052208.4993925
3e1c2c5b0831edf78f7b7082,791159256.3331494
226277c02e8532922a1c769d,758845754.8341814
7902ada9116a1cf7458933cc,970401917.5975369
b21f6e217d6733230a8eb7b7,838038219.8646785
09ac622c303bce9ad5514442,574637240.2364545
ea63bca8e3a77fe88d88fafc,450697813.4201898
a3c7c54fa12d5b57dd997210,540292087.9151157
cdadb2607807935a0a5597e1,623107746.2136606
8d041784b65d33c76e5245a4,841310082.5866071
e6807209b634455bad257998,597179139.3279165
b1e3f1efb232cb0976506cc2,745394683.9619584
dea95d98e8bff87b905f9172,901932950.9317653
44b6382d9195ceb3f12d4939,872215692.5430337
41f33deb9990562def18c917,514994998.04811764
0a61250b2c208d42a3077bde,719682963.7264558
c714b30713eb7877ed3cd92a,447780799.07623875
bf120b883bfaf7641eda65a9,613363827.2233105
90b34ed38e0f18988f11d77c,727135179.8049875
feade1f4b3b06fdc12ec213f,675705466.971783
00bff9be2d524083e3b3149d,644787486.1128951
f1e38e53ddb8a9d5b641d934,809894465.4263911
49dbaf0bcca86f32f86e641e,816811271.2727307
18539b6cb6884f753e0ac18f,748728715.6478084
7586a79a0151387a1c0cd85a,737203485.8133742
d533a334c2ad9d510865fe54,600724668.2366555
95f7bbdcfb59b4cdb41b0394,640965590.6590056
4a2ae08359e1ecd39b43afbc,639527674.6958084
e8cf39cada5b7755f60306d1,592512209.2765791
0489a476b376f7f6efbc193b,413022733.02694476
7b31b5e53015f8116fedb0c6,775105055.5276392
4c0892a39011cc6a37fc1145,632116952.1929053
92d7d4fa9fd09075bec14a3c,769657426.2102746
5e5ea93675900efebecaa19a,470542772.682457
084de1226de9a6f4a6075c2d,575671293.0197343
54f16cb9563346e15b019102,457338164.97917175
512a6de80962ab797ed2bf72,701901081.627896
871befe27fa79fc1e1813b19,1015865902.9307433
4e0b1df5e05ac505c701f519,481170729.46751547
37227e66adec69299f853e51,707343999.7417434
0a0e3ee960f60d04ffd6bc0a,556660634.3013703
82b15a5da307865c7045dd56,664797760.4255353
44d596fa36e3992208292ade,747181452.0006764
3569024b3ae4865240973e6d,437330940.04455197
31d3215c8345d48ce9734c65,507996367.8961737
147e7f5381d3c951fc446376,515907793.94995135
77deea164a3a622df41249f5,648652880.9088105
3cdee5304896e4cb9604ebe3,829692387.1484475
f5418917530b72c9fea14f66,505736633.15928453
ffcbce226963f10da8c53fd7,624495506.2387813
2fffe55a1584619bd7c489f6,621989952.3000762
3920eb3f72b96fcb58ef778a,417972561.1255091
d10bdbfbd411ae625dc80611,430213959.5205617
d61ac80c0d4737c3529f4a2e,465188639.0528838
f8948886cb4cb018eca25d19,484720158.3496513
da5bf7f1c7b2f4ad670e2382,645968777.1398194
f406c9c3c92e9b31310a50ec,696244157.6888523
171b560236ce760573a990fb,1005678956.4999633
4d852bd93332172bfb081aff,1005678956.4999633
2e1f7569d134a931098a2ede,719302410.6437992
6d8d2ba62c52445d78f687ed,706338804.6502478
65ae1a893abdc2eaa63d9271,1156514453.927833
c9c51c39725d7df94822fb20,591555932.9044489
56ddb54e50deaf650a25e82c,550463034.2066414
aeb330dede55fb66654901fa,776656837.8177701
4f4e3350c429c6afc0bb0094,687334656.2832857
39377d0d271da03ad85c7bd1,651289683.1017889
bda2fcbba2b412981e708054,822527917.4974669
eb89d0b7914010148e6bb597,667999943.371732
513d0ddf1ce44ca671675fe1,806129325.2709383
14cd5f188cf6d2433240b5cd,599744529.6652164
dbbe0b6f5eb07a5f9ec873a2,577674751.7562817
f9acdd3fa50068bc0180d008,707725313.4427738
4a85c36fb854e922936b57fa,499312026.4686891
937876bdc44c3b8fe063a9aa,591555932.9044489
001399d3861c5792ccb8b515,1025089665.9280694
f28514aa4d6ffa36104411c7,540713114.1749765
3b185e3e31f7f5e6a1b3193c,742974098.2449046
f4c7cc4a249ae7037aa0b35e,710095905.5165173
b74a02ef5cc838952bb9afd4,541800974.646734
75f5aff9fa70208ddd843779,543509508.2992791
b7273cac93fb7a0034039600,810806571.5061268
b73bcc0cbfa173c9fa404369,768368820.6014961
3c4c18326318a7207b589dbd,414003122.3689116
29a230f7dde5753e65b661dd,805528188.7648602
c083a5c64c4d6952accd7bdc,593158448.2673137
1cf29f882ee8b458b8f27091,690547020.7240784
94c15574aacdc5c3cf5a406b,543165637.1925311
661f7eaf134a5b142843368c,590153026.2251273
14a5bf235097782f468fbf23,577809240.2587572
d2d46c70dc048c92c8e4f09e,699656683.346139
f6faf74c3f4e02a6b333b7af,789599984.9102561
6dfa362ff7a0d55693793db3,599739772.3618155
b070e3747bcf22ed67509efc,617673390.1006833
7333f19416625d6f4244fe02,737340054.9466866
3c86651d9bbfbb335f15b544,702404212.2987138
9d8affa93ce4dc7c1a21b3a3,783263013.1629349
eb8cc67810d95d1b102410b7,784507016.6774675
047f94605add5f6f84fc3f90,755257944.566794
56ba332c82c36f07ba6bd271,943954488.9475675
5814a1dd61362ded4f1d8d8d,1096919348.302545
141ac7bbe9637f9e5142135c,1127910158.388112
08db0ce5cd15db2404ff3d28,581037364.8613502
c38677ed0876b7996f596336,422437479.0024449
daa4d7da8d7df8efc1adc9d1,495336562.8435284
f15c6403c6d4e3676a607780,684588808.6709604
4d0cf77f8cfcada2265ac585,497187150.1244499
4caab3951bd6cb6dc71ac8a0,597856618.0222276
7cb64b94877a9361f20027cd,476206777.70023793
3f438d6202cfd4527bd8f983,596793751.2973416
b7763beef728bc2021ebb841,480969117.46237624
4cea8ea969dcc433fcb59d96,775064628.0141693
24fadbd1dec637edb728baa3,750490964.3726451
63cf422266e7c39a6c895b3e,731244474.4046315
dbaa5d47ff63125584bf7ac0,733749517.6157998
da12ac932dd8a2fabade4bdd,679254491.0747596
f35538e95b4a567f9b834034,719939522.6829543
6ee1e976768b68cbc8008950,613508542.2736872
a910019b3d18da92b4c6862f,646548973.4659829
a09413ca0b723170c26652a3,622112971.2299616
2b451da55be3683c33e4de31,822048975.9115078
561840990333852ace562b82,492462166.23140466
b6695af1ce28eb50d7a2c25d,936391335.8233457
9327563b40f2a0f888c68f28,1083862777.1240025
3438e5d77044f21743e56edc,657569206.7348967
63cde4fad1be942dc5ee695d,451158796.5417338
8e712705b7de6e791c8735de,630053196.3504086
85de01c0aa787152c77c6180,415685568.80492014
c9b0673becdedeede0209697,448854662.22354794
15ee6357e02b76367682d6bd,798620218.3507228
5f284a75ec8e9c72abc76695,721091287.5992457
37e696957da15625da71146e,756290215.3245252
96a478c359fea0014fde607d,722970463.8704311
1a61721fb7306d55dd77b6ba,722970463.8704311
a7577260fa10bf408f1997d8,673168801.4462463
b3f8ffa761119a5441a44ad4,916174364.3278072
a5c85b445f503a56e0e2a924,1101780808.1348755
5aac1a1d5da10b76ba4b690c,884972850.2765036
1420543e2eb5f38e4d38ba81,1206965878.347039
a530e3ff6d7bc1abe333245d,630008785.5073106
aa9988248c7dedb016d8b6ae,758163618.3704934
fe8ab5495cae81b5478026a4,592774884.8937302
b463c62e3c21e339e7acb52f,667999943.371732
00a5133e7373eae3f0be8f2e,578053876.472838
38b424cb0e54f0f7f2745781,671381112.4087481
c43530f324a3ac90f53a8849,755426575.8654141
abf93b2418fcdac14293c9a7,567539095.8596601
9b1be976725ddd512cd222a8,767705275.985025
9b7f17ddae12105d47fad7eb,649870326.277703
3caab5e89722761d5ab2498a,588593063.390972
a2f40c8227b466249d6cb659,652205129.5205661
e6a5007ffb7c1321d4fc21a8,580941363.832648
0d50b435188b7830a6949026,591434209.7208407
d4bee60a74c2e2235f507ec0,638688245.3418328
b474103c4b637ca25b5d89e8,659039805.9091102
ce6ddb82d2ece3b8d58fcc63,444072251.0048695
28403f16831effcb75471738,413836095.614981
03f518e2e5861002772345fd,401372600.76816577
011a6d0f12ba108ef15076b4,336253344.0243779
93ac0b004ca60ea56cc2bb9f,540476389.0265875
1b70fbd3e46da8c47c3eed61,499206511.25004834
cb40d6ea6a1eab77a60c1ba3,654955647.07678
87c73db5d50e8ec3a22e6ccc,723155878.0288392
9aea45bade274e4ed91ec301,610354627.6720054
43c22bfa9a14df7b0126c12e,470418224.2285896
6d848e54ee68e6d8f23b3b1a,482410271.6443711
e5cd7a2aed48057b0dc8d970,573711686.0644836
bc4b94c892fea57ebae3eeb6,519061933.9582403
e7bb12e99318573a6e6ce1cf,709902229.6905208
4b52ebb0f0a8878def4170c9,772139381.4819403
3e85b447edd3b23b5a0d3b79,729421749.2894574
15005fe7eb24aa25b9e3cee7,639761877.6066209
22e00f8057294350ddf4d42a,878899911.837408
ddf2583bd65f02abf7ce3280,797227834.5625014
704e5657734af93d19a0e5fa,634573562.6014627
cc1a11362066152d21d4cc60,528387684.70225585
12062de068acd322b610fcf1,706338804.6502478
e9804af0513b2f68daf182b3,504113533.9837953
f13d8f4b2e3114d71e5ed941,737799472.1601359
11bccaef3431fc17953eb81c,819307818.6207197
ef2b9c11f884cc5f31c26f60,848036939.2679656
25986c851e13c92ede6c6d6b,939510040.5658507
37e28ed39a51956880d211af,1039917095.8356696
9530217ea0b5d2395adfcc9d,1052704611.9556546
d8607e3261ef1546eb0c30f0,738700694.1988612
22a025ad47ba22ea9fd1a094,683168226.8167964
1c88ddc21f3e8e4ca633621d,401604031.2657547
e45ba581daff88707ad842a9,589899732.6014568
d7e97cc158c6c54b02fe635c,690132929.4728987
04bb7cdebb8b66e783058248,571886443.5427033
d60cf6dcb7b4b40077536604,770228744.3902135
85ceb648cee9f6f3d221254c,692797946.3234746
f58528d3ddce3bc6c71bfce9,805420725.6352047
c269765ece36cd93058efab9,597912563.817122
919bdfeb16dd0bf67787d53e,424252722.23390985
ed8eacb8746dbcc3c2ef3aa9,634383459.1713458
15ec532ec6fb73074b9b12c9,616747538.633876
58a724e8a0e05140b07539b6,676434568.2891803
2b7a5be93795a65d29970b02,712445455.1117154
6dde9af12b6597425160a47a,1163521435.3347251
f0ec99c13c61e89310ca9b8a,628882410.1798663
65c83da72c07b8e74bf581f5,771512622.4744288
3ecdb7a7d178b48361340ea9,845201665.8958254
af22669e3ed10470623fd8eb,648719260.9714786
748c981380925e1247b9e64e,816792569.8466152
78ab6cb1f62a7e781d4c4d0a,422801278.66508234
e80ba06329760362c7685ca5,594673252.0578774
3cecc0cc43ef46670a8e69bd,548869632.9602158
527e4b1b06637b5362c8f17d,678049238.1189063
cf9eb2cd0f20b13cc8816bbc,456138159.11718357
4b3a6baf8196a59bac8c08c0,579921494.4803168
9bb9864a6bcff25b17477717,586905251.4848526
4f7d630c921cff500705ee5a,558878730.5594913
7b7c0544ece4aa383fd5b4ce,687252705.2325404
191094739043620c72aad2a0,782230524.2252331
a20435d582c7646db231e7d2,709380109.2019747
1555743ec7e2f38904852860,716344093.2300262
1c7452cfc46652a60b7a4f05,745209983.51241
97439d5a82f970e7f50d51b9,754267551.016903
7667cd57d0bec809417c9b11,608051529.1762131
103f6eaf04b44c4013acf097,970380879.9064821
e6ef433629e193042bd30f4d,941630213.2847271
2ee7f959d069c9ca223115cc,894008401.7192612
b46625b69fba1afc154471e0,755227763.1845797
5cc0700421954934cd8dc445,638644533.5195905
066f1b68f7c053a196662fe0,596518337.3435849
645e1c7b799a489887086a1d,790621599.2801359
f426c41d6d8bc99f359f480c,411375614.10954726
d1be4eae680cb16d0c842606,948930149.701377
57a5f4f83a474ae156f207ee,677089847.2763706
53eab0ecc3ff098d55666699,987431367.9665424
54022fa49ecd9cf290aefc89,846519749.2472653
545db4962e6294cc5ed07727,767705275.985025
8e17bc9f09099ba3138c232a,773443902.2636361
3b4b303bbeece313f92cb85e,700689947.2393904
d0119d7bb15452c473ed28ba,572288522.261076
1a36f98c62f5126c8064314c,665853335.6219378
96a77e8e42d676b0da3fa572,684483488.2533296
d7d6f668e3e40d957163276f,710054062.9803607
5b908b8abd8dd0862440c172,638426260.8920975
81716dd4aedf72a6a14392e4,474275712.111076
47d252717c4bcae3e1ff19e4,968095082.5746161
4f0b2f7e4d787a108a4d2537,786523526.0659822
90a43053efa1d292af692a87,545130327.9942015
c3df4b9fdaa4dcb13723b5f1,659148426.1055638
4b905620f76873355d317dc1,645403813.5910496
ea16314310144a10c81da9c7,407055877.1733501
0e5db1a36a521a5d2912b238,622104110.0896112
c53c58dd7b26902f67c3becd,795110603.1567004
6c17875f20f58b1fb211c18f,815885930.4116923
200020552855ed39d1af999a,625994589.7486076
b44b862cbd855d46954eca5c,593663625.4835864
ce47299ee877638c4729f60a,598239588.4851139
3a28bf9841e6a9d3f1bc293a,684360678.5329632
3a488b9e24d9b8fc7c222e20,440510231.42972076
5469c33200ffa87952b356d0,389562389.9369715
b57174dd86ed451448dc501b,708966951.0744951
ebe09efa32acf6d680341840,790483396.9410136
33f7d5aa494288cc90d60456,929868631.1016506
de9a32ec454c2696cf75eb0d,767039425.098087
df4400c44a166c851ff46eab,700883859.7678379
5dcc8f6a6854a864dcd27a87,668139853.7209301
bc08ce9f24533cd644ef08b8,495576487.6837945
2935cc0e053bf558a8b73054,668139853.7209301
f08001f2590d7b734467c58b,466341041.0949092
5a9892659590355b91442979,697568559.3145367
ea34dfefac91681864c2bfe1,710354299.2347684
ee3b5d47d05a80c07751f7a1,855441957.3265393
448ad01af4c5cfba3feeab26,855441957.3265393
bcf43ae0b4b15ae168abca97,726635747.773247
8ccd326e4f515bf7e817a14a,646288755.3392763
94535dcf38c9c6461a73db02,480214785.534404
9b3557302e940d4da341cdab,526620542.25988966
edf8c961862a4ff8e1e44f1a,797910396.8039763
6e508fb72f189a4fa91bde58,625397357.041682
7d0a4771afb00cf9a38ccb81,1205664938.90188
8c32b6b31d1a1d5736c4df61,889960697.3157855
da782fc0c8a79e3e250f0f67,431721079.3306333
c86e643b7f7b57b4482020ef,569759275.6760999
4632f1e8fc93e268ddeba07b,710884308.1739899
2cd372392fda500e6526695b,632449609.297475
a05ef49ad8b2d6c466ac7412,797053078.5878043
9f50ed2b7e40847ffd877f4b,772948962.098296
c00083aa30ba7d953361674f,407671370.20987356
50857161c59b991304f5c55c,632505248.8664707
3676f63aa0ab23ca7cd344b7,525871435.86751264
3710ec95af4702c45f165279,639761877.6066209
16db516a238934a730ced1e8,676838052.5965426
d450dd622183c7cc43a20d70,618782795.2972145
ba84fbef80c8a82895ec599d,1025258117.2283156
ee85a12b8f764bc15164dc7a,602888118.6668975
0038a3b703f4ec779bbcfe6b,627562227.8280649
aa643acab634ee591a2a43ce,666294245.2746013
d6438814f4ff3853bf6cdb13,684107141.7575407
a37522af63bbed2f4d10900e,1206965878.347039
0b715ccd3b3e01444b855857,418035988.6738465
fbdb9caee4455e99259cf921,682229165.781862
b3c02569b8fb721934f51c52,430108939.39228725
c07e2ef0bed4be12e41c783e,614266838.805039
1b4e4016cb766bfadea42f73,442256173.63030356
ecf4e968c925cf8322f8a0bd,485175232.61336094
6cc0e6bfd30ed93fca2bb217,478166741.6166238
3e7f514983daa92e49a7c87a,388615024.79853636
97a22807207cdfb341d5c50c,363995518.995208
3f9e95762d2f2056e9716039,500350403.54808116
255c5b92d71a00c3a73b9aa8,457721141.31175745
58d24ab99d74ae4c449c90ba,680305322.4488292
51d1df6e1f28c40dc9074b74,1212360377.3240771
16261339c3a99635717fcda8,818379884.0381804
1475cdbbac4aa486266e439f,725870840.3469901
2a9974fe07b1e4427e386e06,562174680.979326
cf76689ebaa20c70d9db4d51,806129325.2709383
f9379319f992cbadc43b9189,689833437.1092377
62313cfe4272d263173e1ea9,629792464.1191944
b2c62bb0cf8d210dc4635653,930435616.4255571
5d2fd288d33283826210cb90,1052704611.9556546
3454ab4ad567d2d22d990fec,653054147.9667054
58be66aeab226c35330d57d5,629008715.7510431
315ea6fbd6b3261cae7fb900,647739777.5007219
6930d8e260fafaa5c317dc82,502219798.16246325
0fa99fd0e8cebb71a3bb0871,369002478.2511947
fba946e4ceea37176170835b,495625633.5011195
b53d4d8d0bd4a0ae84fbc22e,483057733.6424691
8bb1a2ecc997779d1addf12c,392091850.899395
6dd97377cbc262b07ea2eb99,434317884.3054532
5c50853824c890a5a7f0cd70,659238674.4013308
4c3865a97f5877090e7a9649,730268406.5549754
a3cb2a035f98276076f2d848,454834542.03846234
40d04ff9c405cccfc82ed5a5,493987797.2667862
22caf82aae904c79057fcb3b,573022189.8209246
eaf87358d89af17c3e004c21,718738354.8662391
9ab5ef2c5650c4bd05248990,442256173.63030356
d96e3063ce77ab1235e2ba26,503689042.90662473
665d62a8019b27bf5ce6e6b4,533447140.06668663
56234f11aae98489ae00a8d3,620151546.8558503
76a5158e1a5c1f9fae8ee882,502768052.96874446
d974970034de145d469d09c5,480907732.7977779
7b5db1e4f4f47b4bf7c827ee,639576132.9002228
73ff6ce99ba5dd8cfab0faed,549074938.6677876
e1cecc8f17883ba6e2723826,563320969.9588752
857870b1412b84f0f19ed751,634554281.0284553
d89dff35fa1944191aa9ed98,618148996.9334731
86b89233e0176e034ae3cb7b,668786041.9703429
dd3d529f3745159d9e7746b2,743249702.357388
af10ec1529a63d0bc10b056d,712853928.6511322
a2645174e4e15c49331f576a,809881553.5587717
311dcf366691c44243b7b89c,705314655.3183539
4cbc74a93e33f7b4812e1a7c,499207513.2636321
6e0140e1d667cecd155c6e23,573876381.3067707
dba6308e2358f30b7ec33f59,723327364.2821709
761ba98d35074faee3594dbc,767448402.3740134
b961220d34be930fada80887,690241823.5772338
c9c3973bb37b5c688a7c0157,748453921.366432
79a0bffec81b17d606a606f5,809881553.5587717
135f6f92c4ec95847e8840eb,439723284.68820447
05858b1e4445f56f22e1f4bb,743157916.0273066
623b7d96c0fa09e50148aa7b,737799472.1601359
e61e5d3288f02b904d3b1e38,808708920.9174178
0d173e7afc8f8babbef6ae97,790651736.662223
7635a792e5002ab99ceef583,540670141.4743805
4da93e7126354a474d435a4a,829933167.2112615
a4c71322f79dbbbedab3191a,705860177.5102774
57ef53ecf8b709ddc05aceec,636199898.44540906
65c3e09ee6f1ef0500ca4316,973264453.5113518
74d0b6e87c2045f95fd493c4,817489045.4752985
4a3d0390e005fa5b4c9403f4,894949329.0404154
a3aac701ae444b6d91b7bb0f,651793901.5314319
4afa3a1b63c076123e7a5279,914634866.4881216
c97adfa6f5ad3e3db6b80edd,876339557.1002566
58cdc29143b85386c76bedbd,909572691.1432637
1f81176d8a0c61a7177c6c2b,851400126.9618047
1c2e69465c75fb3af2d57351,873385833.1919755
7a10ffd970cc822108ce7cf0,904841025.4766734
3bfccc757ef82ff2774f2db9,1087771268.0362432
3c753ecb3a4f8ce43077a6c1,1055680669.7586392
100e9e2623cb0fc52fb08813,982547549.6321574
90a269d52e47c1705f9b6cf0,1115411354.6672912
34f4df9fce2ec05633d0cbd1,719902308.2507716
1e4fd826fc8693b17f6efc3b,808866061.3849121
efd9d848677015f13688453b,551985482.547527
07cd866c871333283ecb2d23,718393393.0934569
76a307d6b36b8a51115e91b2,668168398.1229906
080969c751cb94822aeeb755,469075907.42150503
1e37fb708b70b6b5e8fb5cd2,568127290.6892835
4e47d2c8ccf9929ad9c84544,577650055.3938718
3c877a0fbe08cda958ff8f46,729581393.1919726
ae59a0d6441697841d86cfcb,586259537.9249331
2fdb80ee4f9a35663e92b3b2,587595280.184011
3a513410a390c75fc14b0b3b,480518542.06993425
0616401503f2ebc05af7ce4f,730831909.4764609
98b973c8597d5805f87dd074,579380235.264922
7063abb555d919d5300af3aa,661978343.4070274
88c4b21ecffe12cb6c408a6c,660735134.918564
75a4421cced1111492d00298,577234053.9467561
0482cd89d767b3b7de976c3a,614712669.0917672
bda9e5d8048acbbe5a9d49ea,536247689.7499471
2152ed6b2b2eaf16ec272cb6,515118180.626503
9bf2e0c1bc82010e92da2540,764594514.7084029
110af3c21ecdf156898c7c0d,798620218.3507228
2790ead3eba9370f00024472,666294245.2746013
9b06c7cebd33cd26cd6cc089,1206965878.347039
fbb89795386c14f5088fccdc,758029068.8114607
e8a3d9d6134ae8d631791e52,1013375595.8713741
5c535b7d92e34c0fe4b66891,704724671.2651619
d88544e4e85add30aa795ce6,516252096.58868736
01b78983d268b52137e5ac1b,599108791.7838802
25414034e50ca33fcdcda4cf,526749270.14182043
2212e0125cb7f75390020951,568142428.4208386
a4d5ea1b907e98be72b5c49b,554762346.0416291
2df90c0a3e2b9138fe276a75,720884157.0241708
c520b7e8de3796450ce49a30,517314396.3578088
35114fa32397272437e67a54,629374087.6279621
bb5726ac16b4ade709151159,681199862.4183692
b4dc6733589bb35444b74c55,597372342.0714649
3b0b0bb06d95c5ea1aed2d95,509120708.76009244
fb7bd85c05cd74d945d22de0,573398450.4284025
6396667677a878ff61e1b536,455277080.76095086
47b5804ba1a998c3e7544092,702557820.8779193
ad4d91ed26c1fd5702b94064,744927797.287394
2b802261b8bd839aa0b04b16,757212020.0995747
0bf9fe130da23aea7142bb7a,614487911.6062942
90511f2411d4a37a7224b995,790692622.7498446
1355fdce5b97bb36da15734e,871836379.572336
775a6affce535c5a19ea5f30,671020209.3719985
e36d70d72c2758d7fef242df,647776727.2240397
2fde05df6a3aa9f57385e6a7,584730153.8475447
5e0100ae728e347eedce5b14,948930149.701377
a636ffa140f80412f003734d,716124766.8956271
74746d24b9bd86e23338bcd9,677089847.2763706
99c539fecb3bc233288ff905,766001812.6888036
44760087930212643641eeb4,1107847018.4350567
2c5d940b5ef2276f1fac1ca5,790621599.2801359
b26f22f1fd5a991ecd1e07f8,644304446.123534
1ffafa78622c45ea4127ce82,858766754.0109123
32a555016892e7a74d231545,684483488.2533296
8d06037db08d0754bb67da4f,596518337.3435849
80255211d99c72e343b32798,1046500955.7991077
070062cd1c769f3be9255af1,1107847018.4350567
0451f65828e628c2220df77f,700689947.2393904
d96f6225db81dbf3d1a0e9bd,491522001.2303755
b1527eec2e6709dc51e03f9e,745014320.1041931
5464fe43eded098294d634ba,790692622.7498446
ea37ad89fbe4159940586718,508324344.0577172
4057a676e7012fd37af9c3b1,503480564.2356598
51273a81121232e7f30cfd1e,497463242.3612922
3cfd9ba5c6993718c0c532ff,593428906.0035771
8567e677b30c410df80004c9,768417868.9000838
7a34bcd9f86f5036b526c3f4,581526347.9662614
3dda25226646e1e91f4c948d,581526347.9662614
a2529027db6b525e365e7be0,594233840.9916879
c6115d5e908e04e67915a581,674961614.6907675
8d0ae601094562744c8dba4f,542166964.4420804
55209683056fe2f9faef7fc8,555051721.6928171
e840095310907e82a159d683,581526347.9662614
278fcdbf16e3064ba42c6785,718841998.6237292
74af10afa02e7724eeeef108,724702141.0349995
b763f71e8a5bdeecf0f3f0e5,502191180.90093255
5472d536d1b6b731537bb67e,870965699.5872401
995ba6d1fd63d5160fb18e71,729266756.9693481
f424ca724e7df1c37ed78aa9,641384740.5770662
c2aa451b62293042b7244fff,873345049.4361278
d4ca9506161d3f4bb3ca57fa,497497050.833723
799862427c1f335eadedf4e8,504830176.2254108
1f3b3bd08063993c23586c93,465652072.02266157
817422f4c278ff27a22b05d7,627711655.955
db9798a3f9ac287754f3ae01,666309400.1992382
7ead45d1f505649429904307,628014433.7409518
ac7ab254166442188c6c5c25,631502420.9876757
67250a8950aebdbc67f7fbfa,847619583.2446016
641f4319c315cbb74872b8ac,423027599.61139995
710b0541a025b1b6a5a80c41,422455099.7660284
a10f459124248ef30f290cad,629568511.07889
1aac53220223d0d823e70d0f,674309228.4812138
9d0ae0c4dc11d8c6d94e545e,708864256.0611084
be685d2954b8c7337ec94942,695176088.6478635
e43151473292e4e98f121f63,460931925.6956084
e04fab3d74d14be3b8dd2c8c,639554373.5104147
c77509a6eb6665bb8eb07d95,688091937.4744277
9753470e033b35407a2eca2d,508754772.70704633
825f57ad0527d4abf41cffc9,696705451.0592287
0d8074979d302868c2534262,874479332.8438082
15a3e60c7a5d55243057d7df,712449270.9579779
6de06f867a28393a9e95c7d4,356101403.12783027
4d418d0079828e244dbaff5a,686640137.9052062
2de93fc191360ae22b0402dd,524495789.5807732
86792949f2e6a347208cbffd,550797652.9631007
6d8a0768adedcc1070d28390,804471765.486716
459963742bbaadbd9db97723,756072884.7874589
235b10cad7233d579a966948,534754429.70349795
4443407341bec8b7b0af40b4,758029068.8114607
d7047492f4c53a0cdbde60e5,834196000.0122955
5541cbe23acd6ffd4aa0d939,652327938.6190617
1d0853f825cc0aec6f5544cb,743810600.6314353
f016623361c6ccc5163e79d5,773829982.0682478
d280fed64d1c23ac9d79ce20,726342235.6598262
7e86f11cd63ff6c8a3c12fe2,743536393.0335072
9d7f161ee660b1bcb54574b1,1129127198.6853764
a0722c5527c6d3cd5cac9477,1107847018.4350567
278a2cd98528eb1341a6b685,539454666.5046581
b755f88ff3907bbe2a417e07,633346610.7491754
2bb55b0a92d62454867bb158,774349015.1304038
960c9349b6ef9b747ebe5829,993564461.1588459
2c8352c418097f82a50d9bbf,857498754.6453388
47d7ba800f164f397fcafa9d,550300869.8190167
610061a0e67aea7d222f08cf,1117970856.5920687
a33de2559b5f56d1b3cfce08,608760669.7077835
f020fef57e9069e4dea2d71f,1009351403.9059666
883f095dd3f7e972d7dd3c2b,641405233.2160407
b0b784bfe2d3c1b3b1320613,634960547.1842011
1ea66dd4a72d93f5967be730,745587137.6001755
90b04117887941ac898a67a8,404441469.0580196
022357a3d48ea87d58ffb46e,516152879.9368142
292224fa68b0303a90063801,667553456.0452954
6cf924390dd3ed4454403887,459551006.66224736
555a293dbc104e00f182fe34,615225038.6263114
e13ef02a57d35f71a4fe6121,617680863.406077
c82929467d22589ec62c0475,643095095.9707388
18a74c9a49ad381aee5e02de,596018128.5118647
da40d46cb91d9e59fe12e6ba,656811513.7679288
6320f26d77fcd56675db6b97,624160912.7914063
3307731f3bc518012912f1b3,650704832.6929392
ba94572d1e050bb92522f112,404708645.68051285
6e0d6bcb01e99fc4959d3f7f,463809467.1355774
dc3cbbb2fa00043d02958219,785577203.9053597
495aa774f4db66db6df30e93,509791309.18898803
6ba298925ffad32daae55385,445215289.9182182
8df5099d856c7f9de43990ab,618083279.8419154
93c5c5d9d1e99824178be9ff,634607310.5207516
ffbce3ccf241890ec95104e4,584418175.4869494
2c03c38782e365e68b32d6bf,555318652.4576474
7734421098413f27fae86fef,572251006.0050522
2b50969f1faab80655bb9104,577105085.362037
025a98586386211b1519f9be,481035169.0440324
6013b8c04f7b9fbc74ef1ec4,527561302.0459552
11075db1cf9899c8640e1b90,694352390.4283365
61ba09084039a467410aeadb,629280662.6337627
eb2880c2433c4b2500fd40ef,453827963.71027964
f7f8607535159c82dbfc6c14,441257630.7136843
35c7a7c0ace36f4b95423c4c,421787950.4801263
c71123c31d02408cdaa74daa,616747538.633876
dd8aa138623604829d56ac2c,463809467.1355774
cb94eee5ecfc75d0fd5ba6e5,659238674.4013308
ae6bfb4eb4770f2266e3b961,563849583.2442551
573ea1962372999346590c0f,849601720.9454008
9f7204b4bb3ffb8591e3164d,818360471.9608595
a4410bebf9843297fe32d63c,601245465.9013432
2afd9dd680803e3c12d5242b,665768328.4285605
a7618c242fd918ed894304b5,651079909.4554492
5ebc5cc2c1488f681cd119f2,739714023.674875
cd53a991573ecb5c53f47986,812065466.2745082
75ecbc0c0e8e76bb8d734f60,735866039.6963117
47c2934aaa5934c68dcb9e51,656455708.23406
386ad1ba1cada9649f3415c0,652325250.2948844
9ca0839c9c294674e86eb691,846519749.2472653
bdbaafd11259af6300321a89,630277472.6512352
2e41ceccc918145dbe7de0be,605168996.2467911
11df35a3fbcef34e47747e38,567691006.0637356
b0bcb64f2f2ba69cc712e0ae,509811295.85490954
bce0a4447db2d54d36661011,538559275.6381301
ef7ba10407cd74590ea3fff3,722944391.563449
a743dc3903eaf3576046ef3d,690580433.5948215
b3d072ebd7908688d908d350,884203151.3726952
a48abdedbe3d132276dbe403,763306907.177658
c6b7e739125907c86a8997d3,722773215.7104853
813d9415d9abca46ad4d92f0,785831430.6066284
c631f8920a2fd1160f6b15cc,631022333.9751853
16194707d4e85fe332411bd4,662389651.6142166
31e241881acaceb02ef915d2,744730310.0093428
a3f1214ea44063ad10956fca,730197298.3852091
ab086fddcb949e3dc0ed9b5d,773189239.7337178
ec4df02b32d90c019125d108,702633960.3659085
09eb808ca3859318d6328db8,573469049.2155463
f520fd12dd3ed32ba78d357b,784437963.3868355
0a2f7379cd1bed7d2d2d5a01,822618448.5970976
30652905d3eacda34ff61a9e,757849683.6022407
0509650d34981639b9c64a22,665540999.060126
77cd6b199ee485314bc74626,589869476.8778315
10c836c2e566dfe9edcf3d8e,916368742.7245175
e109ccb29c02c9b35b789c90,1025005540.1414529
2d60a221b478264cab9816f7,811737842.9730234
d34c48ffe935cec3358b2247,849855205.7383469
9cbed1ed72b444c22d8c1614,706311580.9311416
735c3aff4c151dbc32f9a76b,903819549.7538707
a4b6ceedaf89cff74a292ab5,818608411.2458037
052957f95b6e7b41bc625009,817119838.9244281
33a61cda27fadacce0d1aa7b,869661641.3610034
6c3bc8c58ce67b8bb9f5894f,831975928.1195997
1988513503246248b80c7f17,927355561.2329448
57c29184563b31f5f752c5c1,939732385.7132313
bc6a7d4ceee8bbff9ac5eda8,818242312.591322
f1b7ae24195b4414e6d6a001,995816834.3671194
e7b3ec90b47c9e6009ca8a75,1007613961.3956237
39b62c6fca161b80bc6726c4,962268817.8327224
55163359d7cd910861059389,920266176.2612102
df35908d6ae2847dfc73cf9f,959170496.2470794
ac822dd448e04e9f8dd1721d,901934556.89727
7e86148f53beefced6e0f3e4,530546965.1070891
6eff15cd6372aeaab2e665d8,390353448.39692765
0a1af9bb571b90233856289a,523153015.88956225
b3cc5930a3cb26e35a45e09a,576735798.827327
0c12f73305bc7d72bdbd9789,622745331.9849167
ac048209de77cae737d60545,534462922.79988635
9239fafbffc066dff0811302,346594905.89726025
8e0ba427ea909cb7943929b0,619912965.6401547
b3c99f30b16fa80cdb4f213c,607731294.8244985
d1dc16c82942902c668a5c9b,765180645.7584178
5cfc9e48ab90da0f4e98a7ae,724205445.0696802
9abad9f79352ed42d1a9f099,519660224.6604036
dedeafb60b4a39950e7a984d,519660224.6604036
74cca5cd08c4bbf5d0404d74,698105060.0075059
b6aa1cb0187c4a1715517fca,519660224.6604036
e22bad460ec1bc991f14bfbc,502245318.7519259
594d46a91315527995cbd807,643819386.6538717
2c0b4c8269cbe25a4e85e049,541269671.5505873
1014d3a98e886e1a7358e29f,599405974.5267291
73d6bb3d6ae08921a6117f5d,659571890.6747985
de3b619a7c80549db6ab16af,467388023.4422119
da34d6cd832009e428d2b467,443392575.02612644
104722434c2deed04a901aa0,490163177.62768185
cee66eef685e4764b9553a02,549074938.6677876
58b40969f1b73182cb6d30db,549074938.6677876
964e9c3f87176e761484543e,578589210.068318
19487167081a9b0dd09d7975,823468596.2218893
7d8e345c9b16d0fd69f848ea,853711237.7992353
7d4ba999100c8e694fd820cf,940002244.2132156
c6b157e7a6ca08d04ec4de4f,480583729.4522647
84ec2d5245cfa146dab05065,716516672.3097404
c844a386941b86a3d4c0312a,523290380.0365624
0648aae13097ac649fe714b9,826074095.4818237
34f220a8ee1f24bcc5790364,482626321.18204296
d12eda0ba04f846d73cd7acf,856640173.2150267
c12904320223ddd043f39c63,525871435.86751264
8bce0097d22b34a804b502bb,539506841.0872284
ec1171cac1eee089be6f427d,578146398.1491804
5d85d77a06d0f0324d15d162,798620218.3507228
0349908483ce628a0a5fc164,757537453.6820576
d74da3bb780515b1273d741c,758029068.8114607
64cb8fc8412c9247a5c243ce,1013375595.8713741
3a53919313bd750f2b1af906,841593364.4262136
91d265ffaa6b407e9747b15b,706542302.109644
1db1d1b76e09197dd915a8f1,1512657725.5923903
6645a3080e5d10779672d139,800797741.7312675
3ff6e77706eae698f86eec29,614917864.9210354
4670d21fa84e40184f03d5de,399486851.5407573
ee8bad3fdc93f7fb79c9cbd8,955629625.573904
b624f0438025478c9f66fec2,867225832.2721844
37dba4927e327d3a4a0c1d36,608865285.9835675
8d16b1bdea35630a3b09b192,567546779.3395282
d54a4c353cebf18d452be515,692357926.0936536
c402811ade75f5e3dee73ac3,691924326.0819389
dd926903e87d691a0f15dba3,856143446.4828724
cb01687abe09df6838e1b224,591925125.6171927
6ad3e1a47d1055b55d14e091,800614429.0217032
b8d50a94e8166e471fd8282b,923295649.9798137
a77d82703468f2f9e8f2ea0e,707454167.2740841
5d2be469f69f31090769efe3,658123058.7271061
c4e8559ee733a551649a5dcf,1379134213.7410285
5996fc90f923d6e8527097ae,763652500.4590553
32d5772adbcc785ecbc2c55f,815669303.7342451
5f088237d263c37e78264bba,587839451.7445065
799afa0396b9f268f239db51,409416329.82519746
bd23b1463f0936d2ced5fc67,675371777.2480383
8f35a5d800d98481d7a8b6a4,636100056.0187391
371b5ecf08973fc6e6849d14,671162611.2100102
fa70a55dd0e2053a1b566de1,434511127.51723635
584364cece0bc4d17f0e7fac,339105065.7628899
cd968f8973a267790a38f2f2,586109691.2566302
c46b122728ef4c9ae8be444f,639444579.267185
4056182cbd8c12cd87ad9e84,696682048.328839
6ac747618b6ca674e86cd275,506635687.37257856
afb02897c700dbac941ba8b1,577317996.2365308
198cd3f4e9be65b83f01ceea,585446802.5929062
c92bdf97d7f0a9a12c024406,506411021.056767
e00e5934d1941490834c3145,942159790.5298206
5b139fdb19ff722a846d71f0,757212020.0995747
8b554961129384797391d1ae,697622453.8122525
854e27be18fb8f24fd433eb7,744927797.287394
241d9f8599ce6cadac1d6609,706514078.7119186
b85b37ae83ef95baa03752f9,854371859.5032495
5b3ba9e56e24e08e1f81e220,594554036.4241705
58c6518f9d2d0526d31e7566,480738962.0843094
38a1e2050dcab9b4c70c5e83,545214018.1946102
da94e4a5fdebe3ae7bb1adcc,924632920.5559504
49fb2771ea6c1e8950cc9a57,889130576.1094533
f2b67c40a560af8729bc6072,748168057.6576923
13fc2dd1cd32d9cfa457a5b1,718486889.6271385
b6ebc3b8408793f5058cbb90,807027913.6887733
75ce506dcb994b10497e6816,550928386.8871282
6dbfb281abaa9a6956c080d7,338564331.0922044
af67a68803a18663e4b03eb1,481067425.9235638
a9c212f77a048ddc33ecebba,479565214.3752781
df89fa06e32e90b0b6c2014e,577426432.0331066
f20a7f264a8285a75dacdc1d,741636218.2559291
61a363a73f3c93aa1775c4ff,890991651.8930774
d8c1f7303b205fbaba2890b9,582733152.4572623
70962daad7cd15ee8af564fa,754159164.8587291
087caf4bce7b0a3fe3c47dc6,833418721.7319977
5d2200b04fde91f830478aa4,529308067.3675845
821eabfeef3dcc622fbcbfc4,461499792.2811741
3d722d960b860b4bee79ae2f,616992863.3667816
4d3d887d2236c2f897f3bbd4,477350683.96323663
7fcbcd9e274b75a157cf5d5e,701630880.7112237
88ea2d2d7cb6d641df3ad76d,854184506.113282
c06088db17767866b7f4ba7d,797759418.0891805
e4a9626b1107b9397d0067aa,654760491.771879
82abb1fb693f34877bf1327e,960124739.804595
3279efb86571efde18eeebef,714430077.9430045
afca7b219d52b22522abd00c,692112674.7738471
7712f963ee37e91abb7342e7,628506007.03596
2a2f455525c8e0bd709db91a,638771511.1139677
833ded72a8cc9c0d606a7a74,634971063.3953438
f3bf0be37be6292ba0a8736b,764420654.3372722
c06c8b6425e3a7c2d7481e42,505178801.9810456
27d4f17375f76219b446c092,363502492.4573998
9b7de95ec90da0dc8cff7011,646170902.6255937
8fdc9f203c3de5d486de7ba0,442256173.63030356
ebf2d540aff82f1aadf95f9b,623781343.3221772
51c48d17e774d6cd84f4c355,610354627.6720054
5c1d1ee26cbde5b766cb4ca1,706338804.6502478
2d26b8360f1da9a677670fcd,562174680.979326
ce1b06502cb0c5d9846cff9a,439032883.67832476
3186cd0a3125adf3b25587aa,690241823.5772338
f839de5370a225ff993f5b2e,739465629.375805
2900dcf3f944a7fcb33aff36,491358073.01025325
3f54091296f773f5a1bb240b,771575383.1061339
499f6f4997474415f0bd596f,824453136.4326129
110539d2ac34e5180e3fd95b,700322962.9252325
dccbc668caff517f649cadbb,813112015.1076088
823c9c7abf2d00140766a2bb,1126997581.7775836
94af5eccfe170cbe7d428184,584413589.8929167
dd21457e18f07d7a927c0104,600927869.0388956
5219cb469fff40cd9606bad9,474091048.6212028
5a83bd697db5076016c0671e,464691752.22796994
2a1edfd6cf74573521ed74a1,540522144.5698947
40aad45bb7a980c9c5e1884e,636199898.44540906
a315b497dd8e80464bf0480b,699101925.3056662
7095d576a0b963eb340d8fdf,549074938.6677876
9d6288cfead77d622f5f5b95,828682158.0723106
4caf356c110a50c6c94f3eab,722789521.4911673
23101b0002252f3d4b3e1d5e,860345924.5595028
8d1f7b0cfde7e496e7bfe972,622770533.7547536
28e572584fea1555e2a517ed,557085994.6012797
6666ab486afcbc162fb560c6,973955553.4818342
b0978c973ec3291e950185c1,886152062.2335768
d6cfd3ddca2a59f0b6999d77,635400258.6855526
a77f5c03a98636d90f50e11a,854299840.5700498
e6387696767d20cfa4918ca9,549413816.8200408
1dc0fe5bcea9d08874871326,478166741.6166238
ccdf0abddccb1a670f31c2f2,669196838.0150214
3ba769d65f02217656e0f5b5,743623082.8941599
628b3b56449724e7d945351b,810476403.5671146
b47713520859d58efa95bb06,809881553.5587717
e6c6625db90e519f9dcf1b23,464137013.8120891
3e1a1b2a518d3ca2fe3950b4,445215289.9182182
24849579dc9ba7fef1b24396,651289683.1017889
6103571d9525ded3c09668c6,492186671.77380985
a678e89692df9b14da9f19b2,478331902.5016449
47bed52dee0d311ae0016b08,547840983.8214008
36c0d26b83e575a500a6c30c,559073562.5884074
34447730b60ad12f4775894d,1025089665.9280694
aec1778ae3b5e60cac280b79,763306907.177658
d95f38f5d1293c74ac52e823,1025089665.9280694
5dedb7b64b6ad0b514de2bfb,702710676.4496249
60c71a98253b5550d773a529,549413816.8200408
099ee1a7c91105ef46b5e7e8,767945076.831631
b56533bb19eefcb244e69470,891348227.3972012
62f46b8989bee43db86ff589,496250596.0509467
4d485ae48974213b1594c905,822527917.4974669
c627c6287efaeb6fd9049312,634554281.0284553
976945e68af6a66f6fb0850d,599744529.6652164
93e443a5b3864d52765e6484,712445455.1117154
6ef9ce7a53ba3bd892e21f1b,595969857.0561422
6f3041147f930cd6cd4fae05,496236758.3331339
3917b95a3d05a5e58c117f68,516862009.4955521
d61ccfd4239026feb484cc93,371448323.5731913
b443781523fa0b5be4ad7739,736901305.2936302
6f0fcd78c473e4e04fd411c8,716280927.3945042
7f134c92e20aa9c6f084edc1,528576761.4542816
75075631f0fd84fb0ff49417,646262618.7678715
eae4243c274735d616c6b9bb,1067797654.5779573
25d233d2779009affadf5e91,649544950.0340599
1990717d8c7aa8e732bb1165,871237273.3743334
71b99de83d83dd970b00f07f,1011898914.6711749
243ab5db6e47f3536d04d312,666175923.077513
61cb98125f43429f7f93c898,757212020.0995747
6ed772640e5a311cbfd17c31,695618608.2358096
d9f0b4c92bdc9476f50638ed,629374087.6279621
796eb5ae3ca5b63c9fbb240a,732420080.1955826
e6f3eee9f5048005f24f0943,744927797.287394
291ff191bb029742387a72a3,753464515.3831973
829bde7f8716daf76f65ffab,700411628.5618993
110a2f124bad0f9381edce7d,613352256.5172597
76b719681617ff7f28d33df3,813323237.1165504
eaa6d58e226904e9993b3493,606993802.7634007
af3e3a83257eb507b96b2a1f,784316509.0012211
43969367322e86c68b51c2fa,471562545.2718658
50fe589dea73e764b7735938,407048381.58623624
13c9960a03a1c446aa5515cd,619581633.8025053
e7834f52ebad3d3cd00d069b,510007066.75797963
fae37ecd6046e53ea121b1c6,587551541.9359591
8a0d2f8860a90322d6c3b61f,647949058.849718
008c7a02d158f3b17ee8e015,575523925.3908566
3ea6e8da2cb0bf83872dfd8c,670308932.1729386
9b184e58842bcb14dd42103b,568709917.4767628
43eeb2567c61bfbb059fcd4e,559038554.7958604
ac7f6087e19c2d3502368fac,582820229.8722041
73494d52196ef9838b1be34a,955629625.573904
112d996c4c0662bd13af3ea0,728111624.874195
8c3a02c9ca043cf0f322ba84,653062762.4771432
a757ba01a02acbdee50462b6,869741331.4810766
64e3401f22d18b573ff0504a,626320263.1967788
acd7394afcee30e084844c63,588336905.5650029
35255f80583ffbd504250554,791020155.2754154
370a0d0da794efd58cab251d,758666060.839461
cdb5f8327360c750469cee74,744730310.0093428
dbffe8f46b3d9da2e57c97fc,800797741.7312675
25b1ada57fd1e5c88d939c71,798289360.0798137
05f79195e285c126125d258c,846014154.5020237
62c017eac96743cfbb61e86b,641769976.079142
3ca7f183cc0b303e5d455309,791616389.8612906
a3dbd504524f980ac5325150,937905049.8719771
5703df84eef7ca9bec5bde45,867225832.2721844
513aa9c91c245ee4be31507c,847814568.209698
d41d07d1aa700278cb81ff30,813942099.8381473
207e39d9cc4402edd48864d5,673496056.5916967
7134b03f54b10f282ac34fcd,765732606.2661172
6d860c215908949c4ba1c536,387823685.78496134
f35f884365b1bf6fb303d7b5,639419975.7686805
4f480aae78aa068901ee9468,643310924.6030171
39a12600317b58457f68b5b8,501757074.3751635
5f0c7a6b4f46203648a0bacc,576607415.783398
d01f6c0b2b338289e9fe3768,505108493.33840925
613ad83abcebf6598f0079ab,724121936.0992894
effc32659ff9bf30faffb3db,688072698.5651911
73fbb3e6b22b957ba6b7557c,571085145.1086841
6c8c5e22025ca4f450a428c3,644128067.5771543
d6e333e793f75c2ab34fb127,496803575.43041784
b82e52830b51e823ac7187fe,409949705.62435585
35ed4187f732a1ea68dce712,849006115.411471
0c5067ff99e15fcf99792cbf,849006115.411471
0ad01fb039a198262ec59b72,732421996.7631768
906014f0ee3f3f4f0576d4da,409989581.5720417
13477d8ef90576ca84258984,417429432.4905713
3083a7ab1deb092f7aca6a54,657966848.7884529
a92ae34df90cbf8af7695ed0,714195567.2294378
82d22ca21e31222068e1ecba,642415558.6178321
11727589f7c66554e9114407,644397977.7293235
9982169d6f3e9ca61dacfed5,582510976.1873949
2de0ad9bf15232d6056285fe,640965590.6590056
eb6e6060b78676d13d6bda48,575009323.0535171
6f37300b1fefaaf746f53907,675210244.1522084
7698775967b96e3e7bf66e6c,642712922.3167049
863e5cf88a808b8ca96907ff,642906783.4726018
77b5c9a5f534a5b80cc16d09,645172106.7118508
ade0c9cf1f9106e342c69bd1,644928467.5944843
6fb45859693c703fd9c812c8,531006155.01277995
45badd183bb1a4c630174f3a,503665434.1721765
f66bad2cd4b09ac29f540f63,621989952.3000762
fa3017d74586eb4c3b5b7db9,681016656.4855266
f09bb33b65b5ebb8fffc3a21,728648344.2122375
600dc823c42aa64f60fc3ab9,699366121.8688318
c1d9119fa7ae7d44362f18ce,826273246.9241017
a1305fd943ae63715529209e,787142231.3366499
8d81b4681ad0055c274e7da4,713775536.4924014
cbb10e7618b1385cf922e815,727391373.0326568
b09111ea69c4be8ae120ddc3,647277408.0220336
099f07f9ec4ff6d835337f86,601192749.7921944
c70f6bd5ca138bacfdf8b5cf,745935680.010666
a6c86ab7381f6c43fdd61a01,505736633.15928453
58c2b87098ad454b1fadb13a,640171724.9062762
6afff7782d129021eebee968,827882453.6967386
ad92f3ea52673dee0a56902a,796368832.6970499
3e040e87b89a043564f0d0a2,642154690.7057233
49d020d2056717c2108b0927,718651014.4362909
a4ca465294c114b1065bfead,639529030.8216603
ca9520c7b8432b0521b2e8dc,589831485.8587598
4d20f253940a4492b4f6a9f0,564111973.8515688
09b61cf8ff3ff09ac892d073,566901699.2473642
86e81141e429bd81d7f0e73d,569485075.4103557
b9826d7a6132b16df1bf58e1,664691671.3172212
a90c60e05e29b77963a11246,502958527.04924494
6e9984a3c3daf63fce5cd3d6,710643421.5525742
a9eafeeab4ba51d3644f4052,487302533.3804198
f74eed3a7dad1bd8d92854d0,686202909.2983927
5b377636fe30946fff973f3d,735564244.1259999
5bf6c1862c0bc967da2cc484,757537453.6820576
cd5111edd2fe80f56db29531,655116559.7739557
c76c4695ed005277a59451f4,561301424.0699232
7dab6cd1002a8521e5825bcc,798684595.5141362
5b57258272dfd1babb29e7fb,718794963.030789
f68b7dfd0579838324895097,832078761.1776428
812646c7de863919cae5edff,814600350.1964837
0da10eb6093728074b34fb75,808381086.2211303
c64346c8b0ba32a55292e66a,834196000.0122955
ad6317cbcbb8bc27b0774fca,773829982.0682478
9f43c80d2fa31a09592b030b,849855205.7383469
5b84f5de073000ad4d4b1a04,1013375595.8713741
d94d18cbc812d560c1e38ffb,992325568.8588587
ab3110b5dc8ce81471f69c16,905110188.4267383
138a1990291ba31024455eb3,884689174.0250604
646bb3de5a1cfe4bfb7a7ea7,1027891284.2747781
d8fde541f142e6a7f0b28099,708285748.2717988
ef61986cca74fe8585b1b287,547163614.2238454
e1d8eacecd35515eb19f9135,969885961.5204382
8346d64ed6211083fd420ede,625522783.8659655
4340fcb9c80733260565c24b,648984557.6260765
ff5a27ffe7de039e65170f9e,622619787.3525108
ce407c1e25333d7c7eba1b0a,627562227.8280649
f927027bc766ae6c111fb685,391149713.5309606
3f9a3edf25152433969f98e9,619930603.8427738
987476ca395533347581b2df,658455988.2580897
17d0e3208fdf10c77e95bdf4,593595975.2066497
b485036419de03f5bad01f35,668435705.7469705
d3f7847147c88352bd3b9707,666619713.1543972
aabaec5accad3f545f864a3d,553550118.8661579
400a103762ad652e81c8d3c6,754608298.4708142
acf15357c1a919b6ee78f676,1052704611.9556546
8d983b9ca65f19ff3d69985f,947560945.3081188
b9a80a4d84eb918792324dcd,681502681.4230992
223b3c04803ae7b855f9fd10,754193409.4256603
e5c8f2d536c3f931eff2d70c,646082625.9575728
f976ec33e004b2d4d32c2eb2,707107705.0868824
cb00e44cea76a92e9c44e793,700428044.9399914
0e6dcbf136294f2a99410052,765889994.0863336
102de0a5ee4f19454b922b96,665917878.0389498
cb1c8ab11838d9f0a1197e25,875946537.2282535
2e2f1072d8db7372b2c2419d,631218257.6352217
8c4cc779f5034e9c10b2e698,368667723.99084765
85734fd69714897264ce2214,519441858.37118846
5694c1f689779fb5ca95686f,683272330.7795427
f3bb60434cb36fcdfe218478,492023267.95449275
cf8bbd3528d3e7e2b8f50c29,725509330.3235999
7db1c8214f229d865da455cc,617785918.5239596
f3478cf008a7ad268a434ba3,627455459.0082935
5440ee15bccc4eaf827fefa8,689515835.5436982
78e85ca7c532a77700bfae6d,684698924.2614604
eb5e382e1372c4e94f467673,687729347.6468031
5a11cc89d3b01eb87535ff1b,766867011.5123839
d0f5cebc2059ca89aae30c76,622873439.5136987
883371e374936fdd74d09fe8,684428244.559802
9ab4e5f8cf2b807603329cdd,564926799.4433569
c37c7859956931d77cd5c9a8,731605542.7452214
730804efcdd755786bf734ff,540543132.3292242
9d021f3fcbe5f82fa1c1fd94,606896624.9049991
975ea2f56001edae07f28fca,433260673.2091979
8fea95d0a70b1ea918803f58,629280662.6337627
4718488d664194a3c0c5b446,649498674.1424465
1b87ffa033dcbf4e2805dbb8,577105085.362037
1a77ac51e03c77ad280be447,610354627.6720054
228d165257ef052ad50433c7,555318652.4576474
513a83ac5bfe27c5b813ce4d,519030164.89145845
73bde441e18a9548c034372d,607360958.982672
26301269301b6f96862af599,577674751.7562817
7b30dbf2f6d835ea0c14b392,550463034.2066414
254de3f3fc52b8cb62141baa,572251006.0050522
f566603aacc78da47a283804,650704832.6929392
990c8d65ca11a97a1d34c5e5,559038554.7958604
a9878134c12696d8199a1ff3,604367884.6613134
58185ef7646efa724e904f5b,583783820.2174351
37d5b8f329ed1ec29d4bc035,601910172.433443
e6f948282e81570fd03e4df2,714160395.3202662
8b801b4cc1d254d0277fba5f,651079909.4554492
33a334a16c4547b9d7842c3d,630277472.6512352
1ad9e105d9da875001111075,833245345.9124047
08ad96681afa49c74721daad,764234611.3102694
beb73d27906bea7a7d880791,849601720.9454008
bda5b2e5a87a4905a30f3b8a,631022333.9751853
5cf70a67ec25288657d6fff4,690580433.5948215
baeb4e9d612bffb63ae3564a,785831430.6066284
1902f509aa05287ba42f546c,716446285.0154989
c0cf9517f20ae81c79ceb0ed,858521238.6945772
2ca8b22013c529b412ad764b,656455708.23406
b38816ece917027a179663d4,563882864.196496
c89167e42af0d42c88e8573a,730498314.8283588
09254c66d93cbbf2675b775e,722944391.563449
89f8ccb0c1e2136adf87a10e,831134007.6625835
cff851746578050bdfd46090,818242312.591322
d53ddfac67129aebbe054024,818608411.2458037
53b5ffa0cf0dd12e4eeb6a2a,903819549.7538707
62db5fd2a4eb831d281ba8ba,916368742.7245175
59b5fe8d4f5ae272dbaa5ba0,1025089665.9280694
3c1b7a0a306e16e8c22d78c9,831975928.1195997
5219c3cae1c92b52551a8571,827160059.0374246
de6aef9a5e47a614b75ee576,747178770.8726135
d168181ef0dcb853171cdbb4,1023572146.5837461
6c8e27967ec63e6dec4bd6ac,920266176.2612102
8544bc14286a51e60ffee7b0,1208451171.13592
ed48916725be6970cd2f273a,422444739.97050476
9ff3268cd15cf039ab958413,514508923.26580125
16cc5c280124618cd5d00027,461724042.5789382
ac028c1580f6e4da4ccedf0c,694327063.2957667
673f2b913006ee8b33e75b5e,816948073.3446898
191f96722301456877893b22,604211556.7127606
a7d8e636db44cf5d3ceb67cd,648538567.0519084
1310e9cafc0b9fc21c212f73,689325433.2864428
1bbbe4e1eb264f5c69467e50,514359314.5438097
283c1142d027be336a7bfacd,432999147.80461323
4d09c2354c67243c968dbbcb,672504741.0327106
db3edc43e89840a65749cd94,584565674.5192465
0274166db611aabe4e946a83,536681562.4597826
8153b36347669087e363801f,585322909.5187691
e04473aa943812de1d662058,786666906.7091256
7742e8923a4b832e3d94f3c7,579341180.0229095
536b5a8aea016aaa90fe744a,774117789.8422645
d2c02052de9c97c531a4453f,740505282.9285674
48378a6148532f71abcc2f98,732085943.2720523
fb0dbfeedbab00cdc7eb93ee,634218924.9055232
699412bfdab1157487c81725,820521923.1378335
a63c26369cfbabfc9c2603b6,785353517.3013715
34e5602cb58501859e32dc9f,761968310.0600882
da83b03a6c9d405f55714b0c,964481560.6528031
d938d682332fa9e5c4986024,735134488.8882737
e9e39766e2c96bc783d580a9,1115615728.8859055
fce89a9ffaba32f9f7c5895d,1115411354.6672912
2d6aaefe0f50db8acde6fd1b,1098102948.822325
1710873f951e7f695fca3568,672773574.0252855
0ce068461fb3bf34eee000bc,602074864.2554939
b5606ddf3a4e60e2a0e0d6a8,736647806.0586717
2c2e56e3e5210c111c7de708,666499767.4328716
94118bd8c3da3f14f9c7836f,536681562.4597826
d20a5b3eb857e1f4b548066e,703856295.6954216
ad37e23456bd4d90010f7784,550457515.5717689
c5602c608080e2546dea5463,401012745.7466408
e3bd8bd5884a55fc1a151687,560905034.0538442
aa31e5995379bc38dd40b8f3,682676080.9051163
fe8a10fb4031669a9b21c919,921164907.6086149
08eaca41f26eb387b67bf30d,1101780808.1348755
23ef4d57d130e4130205f30d,663534194.3297514
d6f1594affb8db7a865e3452,565028450.820423
abd9cf3c36309d590e58c2a7,621766221.545174
1c177af5bb41e26ac0135b4a,749846396.8332692
a05da8df13eb4b121d536912,597412240.4201591
5a5a581ad5540fc82cd3c2ed,612415156.657055
b50ff8bfc0b4c4b165c5ccf7,709380109.2019747
2abbf26e80643dfc1b75edcb,696705451.0592287
ec903c33a379d8d2cc04ab36,757903961.43725
c062d873af3b7cb98ccbeec9,924102877.5891609
927de0269795dbe0566a0326,832820239.808774
ee703dca75c4dfd5d035c9a1,875195484.5217556
b8a42b02c50438c2ad7598a1,505377646.69383824
f7216fd19f41ca5ea66a9169,505377646.69383824
f487761a658a4247563faa38,559236377.564187
caf878b42daeee3c7de336e9,741643022.6280341
29d0dd2d4b120dd54c34b13c,775499232.2097948
1cfc7d60ce613536d23b093d,827092489.0728605
c6c7409bbf52c86461aa1dd7,626359938.450869
312ef52e0250429a5ecb3b27,829420910.9840727
48299e52748ecff3b69f7a90,581824088.1389936
a02f6ef1f148659297d46b33,744620329.0902792
67f664c8f9250a22c10b4f67,579341180.0229095
4977af03eebca1aa266289e2,587011876.8404659
39af71aaea23b5c1e987de32,592283354.0467414
d69b019e6d54faa1cb044d39,758029068.8114607
024e94e72ae88464621539eb,735134488.8882737
b980c778ecb2709696265c10,1115615728.8859055
8780134f8b40f0fec4d1b661,921164907.6086149
107f29b67164ad6861cb7059,1129127198.6853764
c8958d280d0cf2d8a0b481f3,615683439.1487725
1f8f74ce8831d5532f330925,769833305.1353779
7be46b6dd9891ab771fc4be4,546265533.5701193
4f4f7d2b14079ddf8754d6ad,790692622.7498446
5921ce922675f6517f8f0007,1107847018.4350567
49f0323d28ef0610248c87c0,698209813.0865939
3ef167ca6c4ac77f6968d17d,684483488.2533296
8d2f9968ec8aece8d1a20137,775865671.0191686
4bad47078442f3416b2c1ff4,417073316.07522917
5e1cc2905f7a701f895123d8,707983279.24541
a8633d3336d097920bc8a9b3,767705275.985025
72fe83366bf13a53937b7034,790621599.2801359
ce78e1dbbf0f7aee98e244df,665853335.6219378
11be39d287e5a8bdbecb5994,732085943.2720523
40a561bf79fa7a08155e1183,653436356.6931478
3dbafa8cd5225e261ec9b6ef,401372600.76816577
68cd88b657b59f5671f59e04,420375429.1691768
6a2ce95a8be0654f193592e5,493477284.0931131
4e613cde51f9760d3c051562,700689947.2393904
1b69d2c7fa8f802c4af1369b,684483488.2533296
f126c4b36c00d0ca11c21a2d,691073901.465461
e6a7e6b41e6c6bbdc16e1e14,790692622.7498446
5a69ebde2e113923ddbcd18d,803490422.1900388
72f0540aab38ebaaf9a389f6,596518337.3435849
75b5bb7b5ff8ebcc863fbdcc,769833305.1353779
096912698fd9a59d94935478,677089847.2763706
f0ad965090221d2349e90d5c,745014320.1041931
1c224347a1445ae01184e0a2,1107847018.4350567
0ee7273686a0a92fbf48a383,948930149.701377
e2094d28cacad3e2a711c5ca,376030890.5791812
f50e0ea2c3831235704b8c72,681192560.4970174
1e64759f297a66524eb07b7e,756037094.4037334
7636a187e29abcbd8fad6244,494474570.1331609
9b858a70a031475e422e375f,692115830.8457388
56c2e8e14f9c6c9a9f046a08,537614355.9406279
1bd7b990be19afa5acc78bc0,478391185.74947745
8b36b7364e4a4c80a6e50bed,663044272.338335
d348d38769937c8f350297bb,817057655.9098734
f4350916cbddd5a544c6ae46,426582054.69478124
237bce11f35d32ff029498a3,714545017.5816002
faf92fbca9baf8cce4a00063,629024304.9351966
812c9b5407424f956d308b06,912936954.5443112
9fd4adb5c63fba5a11661b23,424259969.3100661
168f81689afa1f055d8bf7c8,665430239.4029659
2a9bbffb1b98c49d79bae509,626520804.681069
b95ecad591e5c69fdad8763d,432371162.65009093
dc51caa89a74da37ae644ff8,432371162.65009093
d97895a836e6ea22ff3265d8,405338436.1928137
de754bceba2d206a9cb4f116,558070419.6107411
036177aff84b1901e0f18759,622873439.5136987
8a6cb559a488d6ce1b641585,799177992.1217045
74c4f233c7f385be73168e0f,599744529.6652164
27a6f3e8f9649ccce7680f0a,670058333.1358504
711045fc099712aae3fe4d14,610354627.6720054
01e033f5bd502c4ad398ece7,651289683.1017889
a99261116e0158109b3e3bc3,410947012.6887276
2d8d64261ba659302da4a481,550463034.2066414
9adaadeeaf6a403e1c8754bf,743623082.8941599
2ab24b9c5349427998338d21,704722186.4828154
09ce36a03c52d6721bc5276b,596254139.675149
80b37d5ebdb325edef39258f,686816831.9167645
78a080fc98669c0cd9153904,811721049.190636
2d14ad8ab9573c406e203ed4,618646960.7461231
145f33a8350a080231306bd1,687334656.2832857
b0aaae3a435fde30c4c02fac,776656837.8177701
b3f5af523b5d6d938693ebfe,822527917.4974669
25d62e6b1a1a52cd8080354f,810557568.0538634
5a06a8b33611251b62d77e72,830067228.50807
e93a9b257ecd815c860d0b82,803222116.9749961
610f192d22864016cc2df1c9,807322284.8039724
4e665d479b3bf2e25cd463a2,640629684.3347135
343be18b0f77260f32ec05d2,538566389.0374835
33dbec39ef8c0667e4c3f039,642577460.3566594
b24fb90a2aa5d9d0c7e1541b,591407384.0923142
b56a3a017449fc4ce417009e,507738559.0389881
e0dd5e6879d824a95c3c1773,591447497.7560593
156a20e2bf9e48b9a360f9c4,567375572.5567219
d5583fa23ed97a3b9413e910,651442624.6966474
4e6f695bcd4d3c0d8497c1fd,971388330.1493156
da7a511a5f470d99ab2bc4a6,775569599.8362113
22a6058ffe790c98a8922258,694091339.0210105
0c19c54de06d1c139df99ab0,695780335.7086247
48e687093fb26d29cda9ad6e,470900774.6685464
3ad3c519ced4b63ddbfdb0a1,374368872.712719
0b221ebf810f632568c1e2c9,461000114.5715027
7930f32456e796e40fbf78ed,729424955.1224539
f084bfc530f4039f6631537b,660068768.2029965
f9793063f561dc76c0b49a9d,764733945.0321715
4d2ec23fff8eb502a9d93353,933387394.9574437
a6f570e11883e74654898d75,882078496.4859693
cdf11b53a23fcf9b6032cc8d,747033772.6382312
6f968f62a6fa4dc255397bf7,837068211.5358086
d692ba46b098c6658799ea8f,627718675.6266522
774a4b48d34052a978b1180f,763506464.9702282
acea4c7aa1185baaf6d3b60f,566708734.2025081
07ce6f95a7719abc9a204b6d,806017058.4251808
b371665aece480b8c1602773,875277994.3948172
5edc37d9746cbef8352f0fa4,652414632.3137239
26617e1fb3b4f0e4a70e1b0e,622773642.30068
b1a13541b37964b8b85f4669,714473925.0455608
94213637892f5fe643cbe8ca,716759836.2809794
742acc26686d04596ba60a34,654695958.3487594
acb1d16ce30aee0a39f01f09,590184678.8978053
e0d837e6d5d74fe91d39d23c,830830146.0409707
29028322a6d692edc5ca713f,657224305.1574031
03d54a6e80d48c96a7f6a1fa,681324030.2420756
8616b310e335f539ab1109dc,744927797.287394
6c21f6a3513869f93b32e9ec,1080172131.2678401
10084cfff54a17bcda6f19d3,809679018.6983328
169c742419c0d4335d09fb45,624946369.293683
0f06896d7502890175cbc4a0,691233183.5210047
7d2e3464d5f2f79ac29e6c0c,660085935.6911424
de9053a55630670ee8e59c9d,600980818.8126861
8d54b9bd24cd9da341cc942a,825135341.7980138
95570bee1792641c7c12e4ef,840581065.4932141
6d0c5546a498fafba15f2e17,391694317.50953573
ed43b0ac46067bf886457c01,633732029.4782135
8890eca19a9e1cdc9e0f0541,703106943.8316269
760a5dbccf4eb4ccc2622b77,702907935.8306763
20fe2d7fb3910ef786cff965,597472808.940754
602abdc140c40112afc1dc98,440140839.38457537
b7f906741cae6861bd5fb922,442256173.63030356
4d45fbe5a5d39188b5eccbfe,660984541.4891536
08f74ad7f06f2c409903ddf9,636510465.9597774
7be186f4eeff5c0efd58e424,734915677.7916948
3d1a767dc286fe1cb86ed9f6,706338804.6502478
2ec9f5265334241fc594976f,684107141.7575407
d737b8b7b39e99f7d877b7ed,736012473.5545038
8fc50169e6ec98a3f4229ffd,722328698.4471107
942133ad6b84f9d08e1d4e7d,705314655.3183539
c965b03014d21473b27072f8,764713764.7311288
f1c8da86597a427e24dcd557,714160395.3202662
8ed5e7770d03c43ed19abf42,684862554.9493243
68ea36e3f441cb6da8d36198,1094911175.4307256
c97715bec6032974060480d6,806129325.2709383
e6eb47d050702ed49ef5c49f,826654895.2683278
5a82fa348f3b97e74cdd3a61,655587513.2478013
cd05166ab9bf3128c23fb8c7,812837224.6679786
cbe4318f63d73fea6238079b,903019286.9876139
efcc8d268982e95fe2fdb311,1013375595.8713741
c45d7f326a2f279760d1a4ae,761968310.0600882
7c5ce0e65cb26773edc9ddef,939510040.5658507
357fda0abf79ec95f73e3584,571717252.6590627
a1e8f0c7cfbfecfd1549b0b5,577599110.2843715
3f208f32cc24d8ce1506ed90,584404263.3863244
87ca8a2b3251a38d45730f5c,548427683.2926347
728961e03bfa6e3242f06d8a,617400190.1991051
b9f9dd0d368df912e6e0ce70,768739581.8210381
429b049255a7edf227a980a1,519789392.31316257
a6259664a05091ef92129c7c,515505980.32469314
674c915c52b27df2c06b8bd3,688119991.5862131
f8be64dc83c5923983fbb770,623652756.3874319
445fa7f5e8e9d7f12e8991d4,771813366.3130854
0842816a5ef4f24435c8df22,683115023.1069682
40558b62d83e4362efe1fe26,363205352.2288024
bc474096496b98177e40f590,752167079.8458079
2b55989b2253416428ece917,752167079.8458079
7158e3a6d456211d4533e246,512021480.171797
d4fac54e137f5d27ce5f457a,774003215.499533
faee80ca0efce20e731823bb,756924333.123842
8ec09555f5a47f96a8683699,828447073.7158271
2d7a48a6b9fff20ded24f86d,511413921.79623586
514b09016ef85b9ddc4fafb2,736307687.543046
a1c975ab16effc6f97935e16,629430343.9536028
e803e3806630c6579f004610,692518516.8892255
26526235b34fa5b7349df00a,414208264.9893492
ba762cf12cc038e5c43bc6f5,683822899.0398512
45aa335dae223bccb31ff7cc,688888101.9788784
1dd3d7e197075859c1ff5b23,758179866.6638367
2db9b3463f85dfa87347d6e3,775508838.8092241
f72cc14d79ce15491a96ddfe,891182559.6120542
4e25bad08182b79f5ba9639b,951697169.9262613
e724a1db86d8d0c6334041b6,734832240.9496286
8fa53bd51f5d54be50b3fa29,424117213.920758
fb7048ba61e9e6b1de829bdf,658816389.5752438
4bf70f19da0bddec9241d310,502458262.9360707
13c7f3592bd432c7cd0a42ab,670845516.9442576
cb64b363295d36b9b0fde3cc,510493080.201143
bdc17ea3f30318b11df30508,835800119.427904
cb7f62ac4c1afbb4256601f0,494279469.8808773
5d6c275d9d3326e738c875c8,685525303.4349275
9865836c04a9582688f50496,454734043.2266786
55a615b65a28b64d46ec63e4,495649260.2552717
dcc9e2c9c1151bd9f93f44b8,681306009.9121128
1a2c0e46bc18bf3224450064,790851708.3063753
3de8187003cbf6c4813bee45,466869044.7739825
d62663a447beaec69808f85a,464033267.7950377
1ae17f134221d5d9ee69ebd9,626002500.2524059
35e55d060b1c4239a85c0ebb,408536725.6785029
45917f1bac415feac7e41124,462259971.1032181
ed44705c17c414af8442b6ae,660985976.0492866
6f01f2c67343ebb8ec717a5b,608124099.61089
8f2218126da9580268661c70,733104574.0337812
5b36bc6e78872d2ca6d3d1f9,541487151.0102452
c5c7631ddb5b485d0e992f7b,500589548.6567161
43c88f1874dc7f91c899df36,776216055.1676762
dc544c90e6ee38346a6002bd,710966122.4444684
02990998f3621fc5a3d0ee63,644914894.1412258
dbab5ea45ae910567c97fbb0,766987218.1052309
bbf80c409ab3a6784028eb6f,418736912.13704354
40e56beaf4a7f28f8108b132,418736912.13704354
e857db57a89e165eade00770,496347969.28677803
41fc4ca2b3f48508d840bbb1,514705582.1082886
08c1db1e620e975c4d476b2c,553336752.8434232
8a1d93bbc83f4728657317d1,621042447.3362179
6be0ddd4180b5eb92908da05,339125187.448292
ff1498465e4db86f4f652e87,437760141.66152614
6410d336f6e61c4a81403c61,682014138.7964636
169cdb07bd175b4325fd28fb,395680722.06309915
546b56fbf616a6dfd1ad9d88,809005532.0965528
666af58bb684c2d8e7574e86,640792400.3005333
9fe75dbfd537f9ebc6653f18,791367990.825853
ef961c130fa3b9015b103154,795683069.52061
035ea0f13f2ca01c902d5388,566834360.854465
7800f742ee14c4b4142f8b58,661475429.2426286
0c621256c4d7ca81045fcde2,668542008.0553769
50db9d168354ea3d75a03a6f,810853226.3298017
7bcd1fe7a140b6eeb4df2aae,634815609.4839685
49a4cebdb22fc2d72bd1aa78,580659665.4655788
69ae1f2868fe714ad8e2f114,366162379.5544799
ca4f4a66d83f2043a7dca261,366944045.9388334
c0ef32a7a294e5891505bf35,366944045.9388334
5ad6f4091b77715b7f74587c,524120927.7300913
331e915e2a66fb70380282d6,604228909.7414888
3a00543fb00cbc044a5b3527,373200001.18134815
81df59c6d8be19568d16ea3e,478670944.67625564
88a4da0d72977b0c56b31061,808764548.2314686
3ff9e75c6de41de517d1c4a4,377233062.8182425
147f80fbae69dd577ff19950,625219487.1638813
78beee9b7fab8600d420fd27,600395397.4029291
c3733b88ebafc0a05f5bdc99,551604040.3166146
568509a7aba60f8fe2d0cd5a,495604495.0692287
f6d3f7e963c9aa1783b3adab,676910559.2489091
ffcf6794a400aba909383b41,769279902.2767012
fa0aa00078cc178de0cc7d96,620787152.9516454
eec51f949083f39691e37e15,693966453.2012782
26f3d5bc3adcd1396747a414,1052704611.9556546
cb9e058f82b10cf80990beea,745254326.8888814
22a0f3315f7600e5120db131,551893532.203333
bf6845aac15fde9b89a7208b,690329513.8006479
6e3cbbbd3f4d0578144cf021,802653625.5971061
98a0289e513d5ba036b24252,439626830.226194
597d3f78e2f413acabf825c0,479595958.5650643
43a91a731e86b9a0784f717d,561179826.3436899
f34ff57e272cd08056e6a243,555433124.2153326
6f68b289516faa0b7ef36a34,433294366.53056127
8bd8a7e19b6d3b8bcabb84d9,546573848.8116912
74b64bd536ebbcd7c30ef8fd,770933148.5664048
f968e756cbe6504fa0f32458,965275899.4697051
e99d9dcb9880cbfd219b4297,782356031.0005618
4c9e6812520f4aea4ce435ae,797680348.0024964
78419be95416d2991ade8be1,561190063.2077485
d417ff438d2a418b1f9e50b6,520440397.04872096
3ac77ed776aa4630c7293240,709380109.2019747
95173735a8f6e554f083c065,1018490690.0750477
83da39bc1a2eeb75e2825c22,597162168.4462142
4bf89c9e50c5417ed669c481,742409575.9748952
f90fd39477c8da38e33ba0fb,759108291.7647352
b45bb2d0d137de6984d4e1ec,428938482.5663096
bb812343bd6cd66e9cf9a9ba,442178851.9899585
e299f614cd8ae525fc8fd0e6,740097540.9935248
521e9326a2003c7b56fc4365,707649023.9826111
dd59ac4f6706a1399360bd14,757212020.0995747
d6c6e7f923ce2cffba8ff9df,744927797.287394
df07a34d0ee2f78f115c45cb,721883068.1900394
db6061f876f890071f7ed957,775363703.6219097
b31601cf48b268f3b4107564,659066707.5307261
3a9b2ef74c59e96a6b107357,459859968.8558152
d600310e19c926cda14ac923,834196000.0122955
183f2cf1a1c7eb9700b6e72a,1013375595.8713741
42556b1bae874a5c09777873,773829982.0682478
57c1ed738536d177d66fc52c,1206965878.347039
26cdd114566b7cc63cd96fb8,757537453.6820576
0f679cc583a47b30ea132bbb,666294245.2746013
32ea7e13e8d9391aa9b7ab9e,432999147.80461323
0a482968c7cdf212401d72b7,810281991.7857332
85e4ee2583c51592d68ef5d9,457906277.2487577
f4ce15aaa352d707b68cf773,721237175.9392625
7d383abbb6ac49c6599ffb0c,697457211.8293192
6c67b1b0991a1d79251855c3,986747968.103087
9e52ce2cb6f6b7e2a152dd54,573338133.5854667
bdeed3a7395cdb9b175273a6,785353517.3013715
423ddbfe2f575e6bcb22e7b8,719368850.0818372
3247399a31df838ec5fe58c5,864917052.0211326
bd57e5cd29d935cb26006835,652327938.6190617
bf00f36c4dbb273d7ba4b7dd,590575125.0427417
48b9efef82faf72bcbdf66b2,728111624.874195
d2526a3e39ea01f87c99d073,769833305.1353779
651d5cd65f80c4938deb7da4,723740054.5218914
0be7803a34b11d89133beaf4,859918547.9038701
a54b0b282edbd217e9509287,861202559.9693398
550c5061428d09afa0c409f3,646395921.7157836
7538c609fdd115c9dac551f4,633644500.9434946
d7e3cdd3ac239a5c318f2e9b,820327818.5883998
9bb193ea939c5308a738fcef,620476700.5885043
33425419e1a8e854418c5180,386327021.2914563
fedf2e30e390f5cf74b27e97,459460112.3018077
024c5c787d005adbe770b9bf,514787729.4423849
13f681a090b36edf38a4abd0,598781463.2710865
442c6bda79f63bae28674b1e,649297074.334001
47e0c773f65485ab7c78d49f,586023487.5108677
9e30b310c820d0426f504d90,512021480.171797
8cdfda9067e0934a8ebe0894,604324289.9567435
0a8aaa78f68d43e3b1bf6c51,700648620.4298667
1101f533fd18cae5d32c1cbe,690125019.3826916
9f6af9ac2404a8d55f24286b,611397737.1499326
75060f295e0aba8e1224f766,497615380.7624773
f0e68102ff84f49d90fe38f4,502611107.89963824
3c45bf3e3e31e7804ac91704,638233500.4326445
f908e1de4c4be0d77411a998,602700805.482477
ca643c04044fabc6fc566d12,730993670.1567501
8aa76df8fea21a42fb6229ff,653479706.752969
c214d2383936dafbe0652c51,728111624.874195
993898470c6676ce46ede92d,721710311.2592701
18f6240cad6e92f9151099c5,758501440.3202072
1e63fac2629793fdcb793f1e,774003215.499533
e0137390f0186c98f4e91263,766841513.4829623
e35f95823a486c52b0f4c2b6,595322938.3534888
ede10672118071a215ae09fc,726635747.773247
fcf46edf6d612ff1f5ed6134,696990390.0748867
df4be33c0931aa86231b7a2e,811509509.4006718
53fdb16ec08e794dba9a10ea,655751468.8150545
74c24c5e142e5267456b24a7,652327938.6190617
f1bc08407f40396c094e0499,778043446.0961097
496ce19c015093e97144d375,500520189.3435258
a183a1c009abf7251fd725a1,783246728.6354612
6bdd97526b1a9cf10853df1b,688709826.2772887
f083a8f187e2227696695ee1,674555683.2647213
2621e068043a5019aeed6c8c,792313109.4143342
3b43e7acfab46651b099b1ed,934394540.8406276
6565b3281cc2d632febbb6dc,851527971.3451998
09e47ad8508e7cfee83c6d68,806528192.9638737
88b02e7b20ce6db956afcdd2,896444086.7493767
bfc41facefe9428865e4c29f,924579264.0818464
569bb17b961fbdadf7106d56,961467342.29501
2314e3ffc7242a429e00207c,831043849.7764027
4bc1e2cf5e5ffcbe1020df08,847133006.1507304
949c4a5382aff4750b4dff83,1023572146.5837461
a63b4a22614d334b4a61ea16,898830717.6839175
734fbae84cebd50aaf71c48d,1010544157.4076594
f92935374a7ef86314223c5b,808335818.4607548
6cc8e22f11d382206273af23,770889654.7574108
701768887155444b77c4f446,457656553.06689703
13c86cdff4dd32a9f8b9adcf,831912735.7774719
8002e2cd1b70ddcae88ebc4b,946812797.0471456
d0d77497c8a7d567f01d3afe,724299417.2673125
95a7b01cd60cd10e7364a600,569616150.4193959
d1e38d7cbd32567c874e194b,611476253.8643597
e674ba41f9657ac8f30d4f7c,847829011.185031
6bb760d54e5b0f54d9612a8a,596518337.3435849
9e3bbcdba89c647e4ce53182,690122520.6537939
72927abf4bcd53d6907aeeda,700689947.2393904
aebaae467e5f01db3afe69ff,522148869.4258264
3ad457c8855ab8921a7974c7,790621599.2801359
1f3d3fbcb686ada1a96e01e4,502809036.80745196
0775d831f68b88ca59eb871d,816361879.9810461
5fa3b0993cb43d3c72c30093,728111624.874195
bef19d0084cfc9f6fa37ddd0,715696312.732292
85a856b4d0dfb1fae861f513,684483488.2533296
07fa1ad76017843232107517,1107847018.4350567
4049086139009c35dfebb3ab,438720995.5528661
655120f80a39c19221623311,680117360.4329821
71dca93007d6ba45fa40eaad,790692622.7498446
9f41ce015f02d67e193c41f5,473673446.6706955
9017bd24d173b2fcf564b32b,948930149.701377
e5ef29d41082025c42f7c921,726047169.1145111
5c60d7880850970facc54bb8,928270886.7430923
f51fce25d8376d48fbe73a43,642312652.2561365
9dc7b0a394309d8b76d0bb7c,618041535.5198213
a12ac99bf63b547fd9180a79,463994047.9257792
378d846a7af35e0c3efe53a9,788118783.1047381
0872198056be7edd5eff220c,817700380.8228315
efddad1eec775ce61d3b7b64,726995862.9297186
70c19d59c6b9e194b6bc09fe,781365380.5780753
b0d3d98076883f346cee8d04,863956224.1215463
c7694e92a97bb66794e62fbc,549810372.5196853
7b4fcc72822460a428c19282,789290720.0633631
a6baf4631223d9b24de8b590,430213959.5205617
a6f616d63d134f14ced205d1,836735979.443114
50c123baa5783185ddbe29c6,663132253.9717667
24756921525595f1684929ba,533159465.91635025
caf9c761d21329c993a0bdf3,904686554.1884794
193d70ead1ff1043845e7671,625690717.4700812
62ea31859e01c2f4d4e97baa,766669504.0632294
272b5b5c28e46c6f5ad95c22,644611441.4468925
552ab0964056c1d1d1b7398c,743410889.3993678
23799891583435710f66303a,653282126.6140219
34896afec0b639648c527483,804899090.9336654
eaf53eeb911ecbae638409e5,365245664.00767773
b1fdade0fbf0470060fc2708,485882407.99538296
8a20478528e97700dcc84abb,454834542.03846234
702525f05b47353c95b0905e,539030129.1600411
b84c837c5a1fd0f1ebc5f8a6,598432490.275199
ee2d16316e6f4f2388494c7f,520931663.7581129
ea4af07bef4ed93e81ded95c,824579493.1693021
1a71d0d3503f9eff28acef6f,819470409.5739628
1fe392004a09aeeaa6e8bce7,821560805.6502848
46d4b0cdc81137aa56f516df,815520208.5285146
4d666967b74ccdf5b04e9787,476334915.12093806
fcf79745f8cd716d3ff9d27b,480600833.5860465
aa8a19a2fd3e2cfeb3b7dbd9,458311518.46201104
f055602beb49dd6040641c9a,612152834.6330961
7b1377c8d81755bb9b501064,469816460.2097167
17d0418e4a439e9de8006f5f,766325789.556682
48f1c6e343a4724ed865533b,823141713.6951118
353207faab3dcf10feaac8ee,885905824.8671534
ff188e88378c8e2abed8119e,665630942.7491521
424b41f5e01ea2e2ccd3ca48,626008227.0760038
608cf4f46a188cf84f853c72,464663460.1605343
f9e7582dd99d36bfada56249,865538365.3425287
d52f04fb69bed41ffb10fce8,743805978.2919198
ea84b58f733c8e491db98a52,726342235.6598262
68699eb9653684fdd3fc79b0,767705275.985025
31f52502e89beb1b2e0dc3d3,743810600.6314353
fd41747287a480d5c4dcb56d,947145027.3688699
b7afdbc1b57b52e6fb03accf,1092026407.5410967
48b270a493af4fa28dab9211,520337951.6486974
2a787b39e84958ca6b7001d0,576289862.2485741
e439c77c0d871996bf06bf88,636199898.44540906
91b8b9db5372a2c3a5c30c58,563645293.0469991
038272b33c075765464761e8,648965851.8395762
fe8e45caf7605fb91d6bc5f7,702586376.1327692
d354a2581dcb183c0cd70540,681364550.1596832
9421ce9f204f373a50357fce,654653578.0717249
56bd3b61805077405af098a9,871130376.4155762
0a606d19ae362a58922b172e,551133843.9355041
ededebb1a544fb3246d3e131,509840357.7997151
6b6c365359d20be719ce815a,729073409.3022395
b8b22c1afac62b05ad389dc5,482637762.28948116
3e3717eda8ec9a68c9d83027,492568722.27205294
03be8ec62dae56680beb2cf3,797798903.6397059
fe6c8cd2e792d62a4c324da5,618927405.9690361
f9c133f7a12f2b8c1b2beedc,813333533.3619426
4ec47b8100d224499ec608e8,747289302.567577
143ca16847cc47d4a4c01ac0,537614355.9406279
22127243f7ba3a68c3fc33bf,668714206.7924856
835eff7679889fcff6795d8a,802434080.0862634
4ed3eb724d4e57a7b35ddf5c,831070328.1443493
4d743a1250f7d91e2782708e,598181645.0978755
9f5cf735a842860e7ac753cf,596577503.828349
e54a8b735724b2af56c7a36e,598630891.893744
3b39471f854357b7e5d2853f,771212533.1078149
91bd11b5a8e0c0124be78f46,423673966.9521373
6121943254877ee48716c4e1,481233479.5932632
3f4c2c98a5a6cb78d7d26327,432886226.5690218
2b6d63d6b072901effbc8e1e,683369770.485168
7e4b240c601e37977faffeb0,683369770.485168
ac29d71a80307cab65f29ff4,695872980.4080081
70c77552b1bb67a2a71c2ee1,1051569944.4572915
54a09a85767156b072c808c8,702578820.3062677
244210fb4bcc0a04f2cdff95,951940659.219543
9a2b53c1c7151a8b26a71edc,441579563.7457764
918c48a512fd6ff22fdce5d3,598130299.0658116
effe4219e6cb56e5ab70ff6b,870587628.6460564
936e6d2192f28a2b40939a4d,974482121.4482685
ad9a1b23979f0edd2ee19f38,834208360.4156425
8a8e4996e24142eb413c0d12,851527971.3451998
31c69cf4d197f97ac594a896,826396548.0355972
143f07eb2a8f0a9e26fc4c56,720409656.3105657
e5fd3cdc6a19653275c7f4a8,667224780.7970691
5c7efb015b8ff7f108c99723,785470898.2936743
394718d9d069a126e13be804,692125044.0104122
56f30ea777f5493139f22384,1110086948.3036401
37d5a902f1036cf3d80c275b,663797927.2981966
3f418a8bcc7adfa87e0f67dd,741182584.1170505
051416c05445860d5b4095e6,540238042.0213013
887761f34ce0996bb05ac48a,850916763.9096435
e02fa06a8de8a603e417d5ad,461044157.40638006
6f5929e67fb8da068b91096c,738401370.5473968
291479f573955e063f2d8bda,834965116.8933469
e60850405ccec092b8fb5d02,601262788.7843254
464864b367e16547fe319229,671381112.4087481
4c14547b7e02e75204ca9f4a,705973209.7724078
6183257f16bce94113879745,504976003.7374967
46c34a4e5987c20eb1f5ff99,577234053.9467561
3f39b25dedb96409dc9d1947,871619130.1337249
e7a85e64ee07971696f555f2,652205129.5205661
33043b254b9085fc82ee1f7f,332107137.2328371
bd2759d469829bb8926dbe09,622770533.7547536
affae17b6cc59bdaa30e29c2,827075508.1926876
e611d41aaf38a58acaa0bf23,676504481.8304796
0de426088a306321990cf60e,457415459.8111897
685982808b30597cc013e2c7,497002331.23629904
4cfd1be6a93641b110fcaf67,339952532.2283669
68fb3b3cc3e5b13440eb014b,984714766.2514954
532bf5813d7e70958f71a480,908460152.8123655
06ee1d8f3ea326a0e3a9791d,679064038.7040428
1862e0c4d8e89fd2302ab376,1660159044.7541153
f3dea3d678d959aaf6b2849f,1144597603.3309684
2478e48a3c6bedd57c13c72c,899430529.2416415
efa36c7738fc14a11cc352eb,768715923.0851032
2f6dfe9443645d6629eeccb9,477285281.80797195
bc7e867cad6f221dc44754b2,681231673.6459548
e4f2fecf58a038d7b18f7160,811180780.0427233
a7620d5599ec354541c8af13,1093087923.0166256
484cde8e47fbf62a339c8219,782627467.1159961
5fcd9836a3ea537fe86d457d,652709230.1949639
1b288024824312c8b1681bd9,532215329.1309222
44e4574527acc86977f5bc41,553099034.682938
8b716bc4d6d833f9bff3e729,668731621.4597118
0ab85344c5fe6ccb0edb6313,771308752.1766666
03ad99f1799f2a20c8cc0a50,695444598.5319027
6db318f828d464be421eb572,654200544.6610563
c3e648317c360c76b94bf541,569455670.248265
19cb65620d2330624252d01c,386233075.1312112
dba9fa9642ebc97ccd765db6,494881790.94190276
1d2467e5f991b935d676e906,413069628.17425936
4091a115125eb4a67f494620,543362324.1911726
d197410ebc0e3b9937464923,471746862.0335917
722699e593085cdd72102baf,471671328.56419384
c059affd0c19f6d4d76f37c2,511373408.88464427
855dcebac302ec5760f67121,671199690.6130182
f433278518a80c3301f26cfa,662389651.6142166
66a45b0aaf5f696d35f5cebb,554885934.6371151
0152ffa8757aaaf417e9f997,1637082474.797076
55b72f6c7163a9b0b3b0b262,451745803.7113801
c8346a875be8391145a2f9aa,388552882.51234454
11c86230e62bd2c9ba44131f,790887412.0244046
c4b97a459e2c6d13710fa273,427198725.34549856
8bcebf3cdc54d4ec99ba0d88,557938757.1897334
ad159116d166e45b70329bd5,710555681.9837447
6f060a8ee8d6d15f46289759,606437756.3461193
ab5f089f9d2ac1bf52222ec5,568233566.4435841
f4fc2da675d6a2583054fc56,441687047.83728135
89eed91bf5148b5645408222,695787147.142896
0761d0b7c6e319a75b06d420,541323403.5053016
ce84187750fa7aadd141b5fb,671079451.366925
ad77298955813089bce818a2,787231357.613464
3abe8f334f0f20f8006ca5d6,598116754.8419327
36445c32822146606f75dfdb,785448599.8098342
f9798cc6285c9fb3ed7cb668,717800864.6342434
59dd396f70b8458772307895,679904268.5011616
83e91710343450cb0812a6e4,716129679.6268537
1e7a931100be734988955242,1033854869.4699793
bedc5ab20edc896f814c3f06,638207608.4163148
f884247fa6414f384480bf38,634109764.7086697
f34a38cdec7eb598e55fa41e,845619493.0446907
106ad411e13ea21ad68e5f59,860067522.9318415
a87c585acf2a147e381005f5,474257996.2650684
ad755859e7b6afbc021fcf6d,854209084.1642166
8015080cf97316a08453a9fb,824036794.6470829
f56d8f5cfaca0691c6ffbe00,662333734.6074518
8ad016d414e2d2be053d7612,670334984.9063954
8b91a957eca1985938860c28,789169387.8912165
20bce83e2b75fc535a148dc8,627684300.6992751
5724ecee1b12e888d538c1fe,690781465.2663472
1e90d068f3c86c6f691649ff,893208345.9602448
0fd954262ee740999c31d407,445815183.2050795
a6d7b144058ebc326b9803bb,691525463.5047299
a81abab882910584371c7b66,512703979.6339246
9e41c4b41cbdc2553d80e362,809693013.0534086
b6fcc49ad3656cbd3f4c2ea6,661218899.5262969
9a296eb9b63ffbdf2a07cd0d,723961463.8087318
3fbc0746bd620a0baabbd859,661597512.3188643
3043d0b025fac4ed90b448e6,596730747.1292711
219555efc5b4291791143252,497125480.1368101
a00863c7c53b2c059ce22dfb,445390443.8499176
28b838c94d10823ceed62e0e,518175940.76116955
7e64ab35f5e336d5bd2e1b51,874013711.7702916
52f24ab479fad35c8bb5a8f6,870965699.5872401
0d1ef14606c58310cae371f2,498515787.67695856
a465a567a4f60ac534505bdd,933901232.3672792
8694b149f7c0deadf820f0e4,780438063.8055269
16d6b756f5ebcacf221918b8,777459143.0612067
7d132190218425df1857b8b8,790485123.2027364
7c7a3f51a58dfd1588d7c088,433980008.29142296
64d1c45a2968b0fbf0eeacaa,687059751.42929
4fdc382b65441412fef509ad,862030937.890972
04ece9352b3810031f3f9a90,816486751.898913
8b5b351e07a26c25cf51e176,435915536.95384467
f923bfcb8cdb543c23bafd52,584565674.5192465
a15a12446d2e5993a0a6c423,644366598.1513546
ab3e1642655f7e705cb047a9,584565674.5192465
b62fc917b3e8ddd64bb81018,596089359.0033398
835842cdc8ea0a2206c2b46e,692297087.8500745
02ce5bc5d5d286a4cc0928f6,723419431.7715275
d8e51f7b40bf1887ac007163,644299849.505961
90f320e94aa429856e37bb35,505271898.72397304
967a7676754d6f9aa3e14473,500605266.8148432
9251f3dafa0e747b6e78f295,723750127.9918274
17b5e8357e17b516d947ebe3,735495910.7317849
f943cfd29effc9c048b8e106,658047888.3279122
41719542347401b04dfbaa59,657707969.5614734
bd6ad9a9ab28aaef9b4955c8,767799321.3283488
bbff88040e5b20e874cfad9a,814077878.1667281
3d6a9a4f2336a46eb62e6a47,992878064.0556563
493367258be5d63dc8db97d1,992878064.0556563
67cf2149b4c214da77694088,786291735.4436189
8d2e85825e95f6941445cace,764523938.0416399
01afa737bcfa6b1ab530eb09,948729165.2472152
25813f7204a2e796170c4836,689627543.1260676
3cb1773d90dc240c4ffed5c4,832820239.808774
6c81a0b90366db9f514362b4,838589003.4989907
44c8131b88accb3b46b79ba5,511413921.79623586
ff185be4fdbe3790c72d00cb,361565664.623816
851f50292e30b0a464c0804d,490308830.30256796
6fc2a4f29e3b896bce631ee0,630053196.3504086
cabc4fd04b60a66bdbe2cf9a,798620218.3507228
61e9c2375626a18bc9920c5d,619690524.6492207
396c8060d9767b4debf2a54c,780943384.1810467
92ba019bd942fa33ab742924,652300764.4217173
ff71037ec8e5a91aad6f0686,435256606.3750822
d162a90b37622c1dc6550690,453217203.75314593
e1490f0730f8fdc36993027c,544624674.3840235
5a066d6bb65d28c2094051f6,688005408.9036868
9c7bcf000cb37f48d9f15422,638941126.0499897
528a6345df87dd0db33bf822,569783848.2933618
579ee47bc31f5408314bca28,688288567.2438103
eb61a13df1c8d8d0efc4db3a,631661979.064831
b649d315ff3c97c4e8e9db73,326961872.76889545
d8dd26eb78ff22272358e302,715141290.2879273
6ae2221c504027acfb7368e8,566817988.0235733
3ce908c9b70f349158f7d04a,751356349.53348
7cf74cbec871e465ec2f6a61,751356349.53348
02e9b077d6cece81387fda35,822103525.5812615
865ed399cc344e0638e45128,759438549.6751031
d9ed55fb72efda67f5144330,705361338.1951464
9fdbab0b428f19e7e8dc35b0,746789744.3998986
c061b886b7136a1b00c8ea2d,820374644.6017486
fd0f6c0b5234ec1f6c7d1fd8,751481786.423729
9df90c0644948ea5539939eb,758825171.2326523
547661e79bf0c62cb8de63d1,745841186.9832882
68963f5f3657cb64276e3beb,666806646.3421072
cab0a460167bb64c037cf25d,437773793.5899544
31977cd5d4c09eff149e74ea,667012105.8925623
23264fdd1059460e079e5810,621573215.2616452
4769743185eaeb0e4158e0e0,706784686.1992455
780c809c52509bb4855a4efc,699130716.7141056
f64d4e029592761bee698958,516152879.9368142
be364e85b988ef8627ece74e,345514497.7943419
c73c38b652e9418f06f89b67,417972561.1255091
213032fd36fa1a6342570158,584383303.9554422
d519a8de5fdd1a84ca1baac3,618083279.8419154
df91a494d5d244f20dab0eb0,485175232.61336094
9be92b361ffd3ea2c69be23b,656811513.7679288
cad16b2ea432d926d961109a,519186214.40356946
56b22bd973f94a4bfaaf6b33,643095095.9707388
84114798ccd01ae3dc97cb27,494592089.1826626
fe2bf1f402addaf17a213030,624160912.7914063
e01c1b69abb6a4c1c69c77d7,706338804.6502478
24671f63cd061228ec0b5b9b,555160764.0510576
f54c16df774e70d49355cf4c,421787950.4801263
5537b994e85c2688fe555d5c,578404303.1227704
1e5919cbe4373aa261d672d7,442256173.63030356
cc125d0f70d6d0819d6d90ee,615225038.6263114
51f94ebbd6d2533862a1fdbf,575597037.3450739
fe409f9ea8d18c9d9ba4d02e,463809467.1355774
753b47e2a3b9fcdf9d7fd9fa,527561302.0459552
6bdb3153f267395eefbf588c,617680863.406077
9bde9f216ecb90814670e87f,624160912.7914063
7f5280804c59f56fba3d6201,592283354.0467414
ceaf16e097500022498950ff,404708645.68051285
aef06b27b0a080b5ee539b6b,481035169.0440324
abc668bf93ec7d1951c65cf6,463809467.1355774
56822f406646f93fb39d9e60,441257630.7136843
2690ba8b22a95cb837cb87b6,446856804.4348516
180172e4eee8ba756207b3a8,573711686.0644836
c11cd2e00942ffe56db5ae88,562174680.979326
75a287d87aaf6ffe7b6db546,540043920.0875823
08f35bfbfe1bd663c40d9e54,694352390.4283365
c2bbdb2e5d0191071e6db37b,579341180.0229095
b129a508d1d98a1b6dd2f61f,785577203.9053597
335626f385c28e8370c207cb,453827963.71027964
898ed7299f0c7b8a99e4877b,667553456.0452954
a98022fc80dd6ff27de693f9,509791309.18898803
a59f1631e721d231eab4d146,806129325.2709383
98c9c866109bedd605ab7dbd,665768328.4285605
cc9743189c3671adbb1be49b,744730310.0093428
e22b8126863c9ca8fb04df9f,812065466.2745082
247715511199c5b680088b56,684483488.2533296
6e51ca1a9c2bba9fa0cbe5db,821574119.5577629
ba8d6800443dcf95bf9c1037,538559275.6381301
5ec6e033b9dcb454c57050c3,739714023.674875
156ecfd8ca6004281b191db7,998411719.6099669
edc3879a1102740f2f96227a,822618448.5970976
c02ce25a3334860d3bad53e8,573469049.2155463
d041129f83f1f13fd7b35e4b,884203151.3726952
6946fb4c877f35e9215ef4be,699292230.3015492
ff2897a56a0fd08996d19424,652325250.2948844
e1b64df8e809ba220c9722aa,863297777.37358
c13263f9c8628bdef086106b,784437963.3868355
e2b8d1aba0c583984aab25bd,710145546.2117898
3786baf40b31a20f3bf3aa80,567691006.0637356
bcf12785c25f6e600eee8fc0,605168996.2467911
f85d09bb2ea40bd4b68465da,726342235.6598262
1f40dff9a973064aa4737eea,702633960.3659085
79beab95c6857412ebbbdedd,743810600.6314353
5ed8cd2cf2c6dd5b5241d6ac,767705275.985025
ca8dacc29a57d39640e3e59c,818360471.9608595
723655990d58df33d55009b5,846519749.2472653
79a675215fed2e293b27f43d,722773215.7104853
57999ba0ed9089739a1f4de1,735866039.6963117
00cea81b78d6007eb405d5b3,773189239.7337178
c00facb3e4cbb27c47a621db,1115615728.8859055
d1481d9d2bc9d1a3811f2faa,817119838.9244281
26313750bd29b2c59a81b58e,1007613961.3956237
2bbbe93b615c46483056bfe6,939732385.7132313
0f8fa0a074b743c92f0fc56f,927355561.2329448
b925f9ef733930be26417458,1025005540.1414529
0183b38955437e8d0128a013,811737842.9730234
1c9f65b631d2f2856bc97079,911530198.2430798
c11d82cd360eae99c04009b1,947145027.3688699
4a80ffd8e908a3291a32fb6d,995816834.3671194
1a0134583a5854d5aa9cdb9f,869661641.3610034
5f5346deedcb7cf5dcd1e9be,706311580.9311416
f17c8b14e56a76ea84a45fd6,962268817.8327224
b8ff548543842246ad439703,1107847018.4350567
53462704cfc47d32492b4847,901934556.89727
25f925538316d3cdda8218c4,961129387.2810907
ffe653c61bf13df43fa22190,651533933.5248939
228d98c82021e2325263c7d2,500562028.88160115
f32a7d08d176bf9177dbcab1,652915836.0737776
f2c86c1edac4eec6c01ec11d,517680045.1509837
06e350e3c733e5a0afb613cb,545196530.1123548
e2544529df4efb7e90afcd21,469744386.43896514
a639ec3b943cf90cb28bc1b3,604920221.7634197
a1320186028a726935bc1cc5,772321313.2783463
97337d2f347a50e0ef518516,407671370.20987356
8f619dd7fcf5e1a17af301c4,786407057.7522318
72569ddc5828fc702b2fc773,869431199.5394069
ec674ba8cd16c2264d270901,1167334828.0844316
2b05f001ed1a84425a45d0ac,544056458.4030144
0a7758f69ddd8fb27a839661,628388970.8764753
e3ec7a8fba3e1ea07a135dfc,578097119.4178746
4163b665043ed27d7bf26c00,455768867.7572971
69f7b81b70ea61f304ccd36d,632183826.2294375
ff61104cbeb37f077c565fd1,484720158.3496513
883ee78c03efdb4bdc57796b,595639478.2573781
fafaa5dcf66d22bff322c72e,530348898.4139618
eaf0f2b00b6994a9ba8c5ed0,544057019.3739713
9b1590945c0c7f7b0704d287,692730937.716434
766d34ea891f3af53f1391ba,851397793.9612081
b8680f925773229571014e61,424259969.3100661
2fcab31c752b699af5e8ce8b,879461360.596521
96d14697ed6847ee757d113f,613743104.6303693
ded79c11c30167a9d8accf77,789601235.0981661
ac50dfe70b599ae93ddee4fe,745221641.1523274
3fc7a0f9c30978f24d688fb7,606053514.5285164
083f05fe52ab15e8d481ad41,734778104.8955292
075be16d8d9ed6831d139b2e,609396105.7664946
ffce0b151f293cad0a6f770f,946763651.5238862
5997da918101ff14bddf20eb,594681263.9640085
e102f1d841d7cdb596d50624,385910615.10322416
a2c3da753f0116aa5842d4ec,683369770.485168
43228eaa1230dc0f7f1473df,534297626.5206939
4349d6bfd5a518fcb231cb3f,643866822.3570298
c6c978051fdc655d21a370ab,707056454.7536807
f4cdf3ff86fe70fae3e59f4c,516599891.40717983
ac154aaafe98dae45bf9782e,850817399.8008909
01f6c99999c154461765f4c4,659533970.2088805
d7d30819fc6ad6e7e41453c1,757943590.9971888
383b3198861942064a63184a,581127161.1279324
3a2f110334251e97abe3583f,447506747.14657736
9b9db425b698a4931173b5a4,623783702.3520947
3b51828a1e891f3a52a4653c,603716461.0919745
c94dc49efe0a350bb522a56a,774455861.9249133
39e4765ae5c8284e1f3f618b,762702296.39495
04b28e63fbba92daf83865ba,738161430.8239142
b9643a26731cf2a9a243ef33,972566253.3189952
19e03fc1a7ca4b0761eb9ef3,666847832.1281035
c0224f0cee5a388014db4f55,1156821982.4915662
c4074029fba935dafd82eba8,394430944.27181405
0a8d749a2336d8f66a4f19ef,537529949.7453159
e84da6ce78339d50a72cd87d,350231418.7796391
e9830411c3092327f4e66a99,612527066.9339879
17d51fdfe8fd16185bf5feb4,683296628.4874476
f07126d58455b20f547c4380,717521307.4537693
8fe7db56d501b9c11461f62b,585734193.2086602
1ae2058fbe26f384be45df4d,667630404.7791369
e74a31e6edd4459d4e215c5a,605414488.5891827
c91945dcab0bf200c3ef321e,648509342.1091063
933018604a8d5a9020aac221,770936396.9551647
876ebdaa0bc953890e323843,559586858.717999
4fd907c202de4f06cade3b3b,797010918.590743
e40f616637f6187024b34086,547220986.4778565
f9038f7e24e0a29bd9f3e24d,811898703.8966247
b27fc4e7f6042d70a7651038,645130222.6560062
e68b18b57fbc5fd6cbb477e1,541865757.9560148
326a82671272d893ce699476,689323235.0669395
d2655e69f5dbd09ddb9268e7,766285014.4463377
440cd2efd45c019c7151902d,668970611.8480335
e5099db945e4f04aa3f0bfeb,754229590.0572617
3477d85a434f66df58fbc094,899513337.0780908
56991f74ed430ed942b2d6d6,863654094.6849831
7ac1b85bd87929705b7a86ca,791913828.6382506
0e1fbbe248919eb71e53ea75,607731294.8244985
75c16273d3a593752446c27b,692394229.5526556
7e74469fe0b030254756296d,784484548.9979217
35fca2d53ed17ea7637c528a,790085547.00776
963cc728f3bc207a7ad74ec4,797910396.8039763
fa9dec2129f7218b4c4d4b35,673300534.9089781
1d0a6bf40e609fc74a319310,671197094.8398836
b9551c416341fb167049d4ce,631332776.6179023
89131a0af2db172538723b08,787372598.6188796
3e66557e876a876c259c40a0,629374087.6279621
078144699729ee0c46f36123,705111736.9156909
fd15189b99da46b098a949e6,666296368.4822742
d69209d7a26bd306bde5a37d,763020514.0383695
89690c80b7adcb8a8afe531a,550523128.5074309
0e0d19168609ac1d75253edc,525302416.35152256
6cd0aca2bc40d83473a39885,755157068.5096073
6ea0d50e822913d0f444d89e,595479678.0385524
39579c195f288da8d77f5ce9,658737647.144928
bc54f5dc4e9ce267ea592813,735966622.5737453
1d43fd3f7fb4e24a0b7c9ec3,731228243.4802741
2566d8588566312ffa4fde42,630793812.8619611
8d27746cd9d2532fe9cfc408,404272341.0891651
95b822f76b4d3d6ceb0c5077,628768642.0620849
eba86391ca00fb217ed1f774,601450646.210554
b9a0575867a59dc5dcbb9cce,470162494.3614686
0845e73ae95dbd4aec3f1f43,572223808.8628926
419a2f823e87ab67b1311bee,778040166.2962303
552217c633d2562cdcaa81bb,692921438.6955361
4fd7984773d2872e51574ffd,709312537.9560999
a87ed2154a2351cf26f0027d,731759845.4288214
a2522c9d3edb7e7a23a42b74,935309099.951071
357e58ef96c53f39e267b80c,1051569944.4572915
cf0ca58262feb1f8b0dc7b68,941686844.6129363
1cb79aba890b35f9d2a400f6,1199678144.5099137
d5c79ef12f43e2bc19e22fdc,689986870.6447306
776e1192349cb7cf1579056a,774469327.1648816
7de63633c7666484bd098e2b,687869093.7071809
ca1b1c17572f776fc1059691,573392214.8318082
53e94de217ec45ad576fd83b,718755778.4167303
ed5c3d2952d2575b1bb757ee,821776333.8790287
bdfa334bc331e3e547f7568f,734778104.8955292
9c6a01e3c7ef87d27185e9f3,778448109.4443898
05d9818d3f9f2a5c358d3911,932434754.4849409
f6c990e406b3756ee39b3b30,682762601.708357
19ace6cdfbd8bed6e99c86d9,541568403.0177572
6a04f8684e083eb6319b5272,570686687.9225957
179bf83034539c8a391e0310,630938204.2569329
a42081eac6834da0560ea4ef,792087632.4453434
784fa9e78f7cfeca4133e8ed,811280097.0276539
978edd828fc71300e6723e06,907182879.1377482
61d6969334fc63611c810e2b,646217821.9851482
4d592a67596afbca92d26bcb,684718357.2770007
50f8068603edac10c87411ec,489363977.2966549
9965f598c5b95b3cfaac50ad,727477815.7689586
66cf83769d16a4d659edba6d,615711983.0603533
9c2c2b01934d1d519e651786,690775661.1658453
2b4913f28d07628bf2d3ed92,891182559.6120542
9baf7967c49fa209de8dda95,658385572.9364855
7a0f887a9426270ff3c24e36,659387055.1316413
c1034173dda31d20c4efbed1,644787486.1128951
c4a3d64de5e401a86395a919,513341351.1339552
c4cef41167a5e8354a61feb4,713697257.9578499
f52226b24ca3d5b04b7cfcde,797759418.0891805
36d5003f0b5ec7f80e89262d,823304168.5247281
641600a4cbb13b35dc7913e8,866583812.668414
c31c4bd09d8cfba562ed2b41,831511034.7774948
0df96c81adcd6fbc2f7141c3,751101518.1628547
4499adb2aa3aee94d1f1a1b3,790029858.7845875
4ec06163d39f96baebe11bd3,658392626.6687433
692cc1c9949d35ae11412fd6,439965586.2129549
f1da5388b772159ec90c3210,794284275.84972
e7ae63f81f8fad37bb9c1b32,911753085.4519868
d39797a12d9a4aaf15ac11e6,627455459.0082935
efc5412fb02ba9d8f604e493,713117099.452741
bee2e008ee41f8a711fb8d29,614068275.7661248
80279a7533c44bbae477ea4b,867023209.3439053
edc43e57b2905405a13f8f3f,299572629.92907304
751795587d1396e0daa25783,646170902.6255937
6d90801ea8cbc12f9e2131a3,667805924.4758452
71fe067a5ae994180f530686,667805924.4758452
2e99240e23b0542f1cc75026,579739898.190908
fd6112c82d5808311b08e29f,629280662.6337627
0ac639a7c5ec115b3df8111b,638557517.4919946
af0cfebd54f32b9b92c5fdf3,667805924.4758452
b0015b31facc48a49f1313ef,467755645.12476164
2347f69ec1ce4a3fb6989eb7,539273649.5710267
209bf65e11bd7053d9658824,700926748.8201749
41877a677d1856bf609515fe,755980048.4375806
cf60297d9d9bf1268f35ad95,852860646.4957962
a33800eaaf178e01558ee926,920478919.7028115
69e663ffb4935aecb875854c,738197265.0348277
595415e95e075b70c39d5c5d,716137548.8886111
719679261d84d6b93035143d,850301726.611853
9f149071cf61295815e3f875,775716673.6528008
3d24d985b95a3e200a734bc2,911792198.2263523
bbe705b86c6ed4da775b68f0,491039665.5686432
e1d875468eea7b2eecbb49c7,790692622.7498446
0802b7e10706252dab8db909,684483488.2533296
2f412384597554f3dab07985,700689947.2393904
da8b5c8a320821ab8ca00a80,665853335.6219378
0f10d20cff5664f9564bc88f,1107847018.4350567
ab8699d3c685fa834d7ccb3f,596518337.3435849
85956152686438c48c52e018,830319465.9236012
ed9c4f4e06183b15b877f077,570716660.9665602
12e32a758e15fbeefa255207,656991430.1341523
22cfdfbff44541dba9091753,693246676.3620012
314a1e163d0b77b0f384da29,411836918.91498786
23959a0f6e27c8c2b4a7f436,846236872.286724
6ab5a87a537d2ce326c867c1,585271818.8612068
d9ebae84cb53d29bbd8a466e,396721858.78712946
9511afb73b656135daaceb43,833031068.9330438
9231ec89e58a3daf459c5b43,1091589016.7318819
8d97cda83fc7353a86c9393a,1166003742.2708342
3b380c563ed2505b7630feaa,931076057.7342547
6e5ca223128fa2de422b4009,600205551.6849667
ee30ab004ac5270daf59758e,634190690.5217617
d6fee4f680569a54f4267215,852711464.697957
db3b84e5b3a9097392a57319,694711871.4660355
cef379fa831f936cad745dbc,550276137.2088459
4db8d32011163bc4fe01d02e,654265521.7516975
f842221d74340270e757fd41,831291144.9405888
f6173e36f95ad05b8e94321b,846800477.8925124
5960f14f2a81075fa66568f8,666130638.336467
cdeba97450c735185e486eab,705678482.2659432
f9a802cbc802d49a087cf23e,1083400518.2379797
6a9ef848f22fecb9569098c2,776958950.0845814
f3986309e4fc4cde2b5feed9,802321620.5570745
6c3435048735371c36dd3892,808853143.8626095
f019dfbfa7fbbddec988fb25,936533798.6441704
4526cb4a2b8238dcc4e496e3,1210539144.10442
95561bd325f60967cb6653dc,873248414.8960291
9f3e09a3461bce2fee7e1c40,1372648563.46511
1034b1af0331daddad70f3a5,466229201.8709266
3ee9cfee7b0acd482672ed47,748352220.8806404
adb51a572f3198367e3760ef,651994151.9624127
5c802e198dc0906016741026,559784113.3158605
671603ba1f755be5d7219a01,581880488.015447
001d77bfb387bdf0b53e9e83,845650471.1346229
fd9fda1abfcdd1066a177e14,648171781.4062778
e1e78f3432ea2dff6b69c6c0,453780027.128209
378e6374da00b72bcd7920df,717976949.5608848
54ec4fd8f49c897c644ce83a,845181973.6388592
a67ef3a182aa268bc4d9ea14,653313540.4666775
8100a4b0288d5d9d9dc86d2f,423902454.4356776
699ac8957d9b4eb7fcfbcc40,1003697612.7015263
7b35a3e9f3e67fa1974f5c25,783764399.179802
6e5383a7f9a68147c2788565,885426603.6361557
fca1c40a338288036b1eb25c,889011649.0762479
237da4784755f090c89f07be,602669143.0675493
21a7c5d6ea818dfb25077e13,597409262.8154894
0cf7dd52e117832b4698b310,659067470.0508621
677c8056695a5a539dcfa3d0,532317479.1600389
e4b85269ca413066323f66e0,1027282127.7915878
9019f1dd02ede61479b62406,446392794.1468688
958f3e102c6ecf5f6386a004,551128644.9410255
b05c741bc5013a7a6abd31d6,551128644.9410255
2c58f2cbd00035febac060e1,689091284.53164494
89d36acc5f617a6a97e02f23,688635047.5356189
2fba6801eb9a7bce7ed2c081,642831945.4820852
45ccde79aee811756030903d,664336637.9950418
5bdb5174517b8faa23df9587,972840153.7652795
36a11817b32bc24eda6ec8eb,502809036.80745196
f1319a9332946bd68db250c2,553503589.4749188
39f70d6b68b22668a0631f37,644186484.666086
3958d0cb732f3d623764be54,711829509.9816434
f67028acda5ecaa4c8781ba6,685224149.5995123
76f50ce5f30cb96d48a69357,492568722.27205294
9e5efd4741a57b9af54e9265,660433226.319436
8c45ac143f5cc43e9249c17b,917068717.2132977
2a66eb4d2a205bc4474c0afa,751153962.0116892
85cf1ee98e1a85ff4619e27c,750529002.4632218
84c2ab0573d3cbffa0be90f4,790692622.7498446
48976c41de22ddaea3f8c296,505485146.7660964
001c03f6103d35389825b62e,660735134.918564
ceab390b6906d5cbe65fc402,587116504.3121761
79f989fd66108a2c38a9764e,732085943.2720523
cc385eff95aa00310eb22111,660878095.4597478
ed764bed1d05cb1e9a4e67f8,855765887.2388332
857c5dae475eadef41c25603,768154800.5006031
7148b0d9e2e1e92d41633230,752469744.9798608
7f3e02524981fc7e40eccfdc,432532435.62889653
ccc625df8f51248e3dc93214,551722159.5365397
b38776cf09ec8e90fceeec84,658808564.5275759
48ebc3d79e01061c926066ba,402355123.95564526
9580bf8358095abb15a10c36,325401124.6094801
d26d35e33a0cf88f735a9322,604084873.3925239
b4c2a0a1a63d35a9a08a6e15,587139414.7379049
1bf1913f806bd4b461233551,381994751.9587773
34d1394dbb483e55d1cc2da5,440850623.73762226
7bef2da7f3c160e94fe91ead,531304027.7656747
528014ff6b7cdbfc174f4fcb,631449172.6897136
bf1dae54bab00fcd3e8c9ce2,560545774.7039629
f270dfd9ef449a02b6d7ae2e,626101522.6723965
31d6f089626c4fd08536fac0,541323403.5053016
259f4f7fd5d851be70d63633,399873427.53960174
6b74ef5c8ab1df614bfba866,710145546.2117898
7ee7fba3a30e0e7c2ed3043c,743425853.076822
b24bd44eefc3ccf053939dfd,567320225.606506
0545fc14aece3f37864ced2d,575597037.3450739
e07eb36210e90ef0419fa0d0,728386689.5127279
3991b04509fa61b36a8f7d2a,697457211.8293192
387af5fb4b4a7f5c3fdcce57,573338133.5854667
6852e8bbadc1a9f4fbcd695d,717719894.1659703
8c3373f9c0372b87ef021512,900190540.025074
6123a0dd128e45216f832e3d,845417189.5917054
0913364c688d7375d0f7af5d,485175232.61336094
8831ae77efac99a6c58ce05d,728111624.874195
b6283a5714e0b977110318ea,634554281.0284553
d2d8f5356f77507f8839280c,808708920.9174178
f36bb15462fb29f80b127458,1025089665.9280694
7abf9cd6b26e2e2bb6d91e5c,863444929.0409596
1a5f6f7e8b7af9d48644f1e0,682183284.0472369
8e2a5f8431996ae0db65d0be,748798899.6524181
29535d858fa3a11792697820,776656837.8177701
8e4df02eee6cab9bd1011987,577674751.7562817
5a4039f0ca12767138ae585f,760698162.1501714
d84248b3ce8ff6f5fa480a83,729296098.1458865
5838e86b74020a5bead56161,497672299.3039911
02091877f01c926c350b013b,642031476.1944348
df298574e35dda90fb568023,501757074.3751635
d8b83253855448caa81f7780,757392016.3634912
1163ab2c0bc8c998e121b922,576607415.783398
14f9ab54432e5f54a50be4a5,466284716.8529808
f4e0fa1172c1d4b70b6c4d73,645345931.0956485
4345863fe83682f6091d8a77,496803575.43041784
6c5bbbfa3a1515e5cdec9ae1,692206872.7963122
742da63af109164c21dd57af,657966848.7884529
fdc28a68bf8a5bc86288b4c7,847124688.0495472
0f4b077de4ba5f5db6fb0065,635215852.2646009
320ff6c0320674fd278f6fc7,695419807.4698353
6acf9cef08906fe569c38572,769227127.1015544
853febf898a1dba351d6f917,575961501.5846499
8ae41ff6a828f175a9f628b2,466284335.8166051
56ae6108c1b53c649da2f6ba,644128067.5771543
aa990d4e5f1a0fc4f0bb29aa,732421996.7631768
cb8b826e929f4f8a8e3687bd,595390699.1062098
b85a7389bab2e651f05369da,409989581.5720417
1fe929afafa91bee53df4e86,586750418.5186526
02e89c055b7692dab024defc,468641004.61193913
66bc6e56bcac9bfc4a7341d8,681016656.4855266
63cee15dc4a6808616a2c2e6,505736633.15928453
9a889078a0225c013570609f,480089039.516505
3548fa5ad26ba2ea999380a0,501178785.66513443
d9d8aeafa748f8f1ff2fca22,642712922.3167049
9e2c21d635fc25f7790cafa9,467388023.4422119
f99adfe85d32b0a66f4d483a,638688245.3418328
eb64fd330053a41ce5be4a7e,468641004.61193913
ea8d704272b2cd066a7e7867,642906783.4726018
e7c92ef9784a92c8b7fca693,787142231.3366499
a9b83e18ae78d307d1b39b15,639529030.8216603
ab8d6823d905f1f0ccf4a75c,733441190.706216
8447ca83d928dc34c2e7f9fa,477074005.2863547
5bd24b842a67601630036d0c,659066707.5307261
38d5b9319bc16bae99fe73b9,575009323.0535171
e1558509b120809eface5b87,621989952.3000762
4b8d7217da1b1f225f254914,700215668.4206232
09e0c3a1b90d46c361007323,468641004.61193913
d090a9e520ef74848bb060a6,601192749.7921944
07284e4caec09fbbb16adf2f,728648344.2122375
f8bb20be599b79cbe29f36cb,757786299.379953
07dd30f04c5953f325df9aad,645172106.7118508
622872d345b4b0d9c1b9302f,644928467.5944843
fc9151dd6f8850502c747bab,641742002.6604327
0fdd03a2dfb18e323d96f468,745935680.010666
ad7cfe29b56c915dd016897c,531006155.01277995
f40a182d82c489f55c64ab7b,642154690.7057233
fb06aae0e711d628b16eb910,667977977.0597225
7dabee85f750266dce02399e,702211925.5546752
ebcab2f8506c64a461591d1c,580554918.2197047
340f96c7de105aec5b7a28b9,597496394.1401162
be1c6023731fb633c4f41f96,639248231.9170069
d6b051fbaa13e3d92a798521,762346665.3766032
bd04c8b6b5e381cd5f881379,485333067.20068765
2ca47f5c36ea5d1cf00dbd2f,462330185.97621316
3f2c18ea5d8e9a25adca4c42,750555662.410282
5bd59dbebb0d6fa71efa4c66,529983615.8604324
bdac2f1c4b306a7742f60ab9,804222788.7152448
a0e26a9d56cfb3b7228e5d75,637279414.0715417
933740e21e9b61721b2c6053,632013998.8095933
a3b9c1a3b81f17e6b22b6152,602976657.2144583
445e241d8bfaceb149609d6a,499417077.8597059
937f0b37f566f65a1871615d,587891168.9501655
9a76a405640f670c6355630a,574054763.6690701
7a0f351e8562fb7aafe6e714,542888361.4989476
4c5b79f3656501fce2e2178d,543028560.5084355
201053b106a0b89a0a47e2cc,636879757.8092035
724a5f9542f86cc43334d3e6,421032551.1030168
afaadd87a196e04b934e0b1a,438518043.79052514
a46cfad2458ac7ca4134818c,643365878.8861871
f640eb21bdbb9369acc4e863,453827963.71027964
8b3350aaa66b9fa1c682c15d,660318382.8762976
1340b0805cb34eb9a982190f,622873439.5136987
055d5ab6b22d4d0ac325fe73,577674751.7562817
faed63c1287896e97987c4c9,706419881.8864368
a094be8af52cf76977fa5083,722484597.741479
feb3384733ed8feeedf9ce8b,722484597.741479
eec4d59429b1d1bb75b4d686,539883959.7066822
3e9754a961d2cf348c9ff7af,634607310.5207516
8f8a92abd28c8990534e847d,702570373.2012187
256491790d0a2d5e1ebdc2e2,496527886.8227657
ede7995bc4e7e672fda4fa5a,761052509.5995404
9e8a11484838eed1f4673a32,714712262.7853462
8aad5795547ade3c804c0ef0,646578349.6741233
4ec4683fcf928d9fb33eb7b9,699219205.713245
ee18825bcf4065d29287b54e,819226854.320354
485cd615660dda11586f797c,761411780.1246474
8b450ea6c21fe0b5157529a4,764332178.4438802
0d45e78397d4bc0d363be47e,661253963.3066167
bfa4cb65827c4ebb91478e53,902461319.5562015
deb2c93acfaf6994bb3c0608,688477172.7943506
571e1a8c252cd67ee0475974,818360471.9608595
04e337d3c692f3429d47aef4,694527911.6261318
cd2913f013727119158b98c0,821574119.5577629
ba63594585c484bbd20ed3a1,619363654.9155818
beb7b99cf12926d8714d1c5d,756636668.0215276
0fbc9e52ccf1b7ea8136cbbe,750858250.5274544
f36031f3a3f77a3fcad337aa,776917381.6157945
7738f18d533d0f0379e3a06d,799547826.6010303
20c3cc21b44eb37d0b359c1a,811737842.9730234
78257e76c16db549022fbf2c,822527917.4974669
4baceaad0b0081bdaa37473c,776656837.8177701
6bbf67d88846e94a63014eee,939510040.5658507
edb259013ceb62ad9b23eee3,1025089665.9280694
ecfe155a407ad2c2f74522e8,769787582.8045019
6906a20be4962df7725dda7c,1052704611.9556546
5d86b884df3627d93f206952,920266176.2612102
cac3eb4606346268cea48e32,961129387.2810907
e7439820086f8d1cb13d7c9b,563276867.8638622
b940561f2d48444e139eaf71,412676583.8844031
4433060d0fa95ae1382f2de1,512294465.1172147
27dd503d4fbf4d5f5d850d4d,599434003.3955607
42a73bad238f2d3f5e376044,573639837.3242525
2b53b13cd912f353cf9c4757,669566316.0633017
4cb59b46927df31150830d5e,446973299.1577381
2f3d01cbf0ee0b985386418d,484370975.5519043
d12e6de49fcca906c3586994,526315833.7753126
8f541a839df1ae79d563427f,516181549.0902389
ae5ff2b5eb4f9ac44fef666c,543751725.0680914
ca77a424800783bb9c5c0450,671355271.8170344
c0ec1e7ae2c6c3c2f2ae34b8,634672156.7692577
2372f7c0499de8aa2e5ffa06,799722640.7436152
46de3fbec5bc6c0e256e7751,489075705.9267927
4d8b338266822739bc9c8fc9,689313043.0742366
86d46a3fd9d7bbcac3319829,692130621.3063923
b13fce1462ed87e57ddec917,768147279.1440845
625caf4f4f56f3f6bfd3f786,402955593.8952845
2214e2c62cf8d2d14f11d47c,642201594.4026302
cee8fedd5685633435d77a06,770248351.7485362
061386497cc2dede3ea70b1e,549074938.6677876
3ce50f34a7974ec17178a79f,680800500.674534
855ce1721230ba103fc0ae84,344794374.45677
ff3b85eb538fb9a7dd03f459,359498626.9689724
111bf82100a6fab0c9ded743,794080071.6622983
8877941794810464749ba5d5,636199898.44540906
1122a042822658cb504dc147,794080071.6622983
d7d924ec35768a3e6bd39b20,529861526.62733513
27cf45528b4266162f7c9029,562039342.7132411
916f946082d03023ffad6f2a,596923674.0172665
68181ef118970fdb1d83f030,855765887.2388332
2f0bbbbb466fae3fe5c4f614,799057562.2360163
17c8b228fa2591e3a234d55c,674665127.8549724
e5d9afdaf318dbe749bf9950,674665127.8549724
ce2cce355f493a75ab59b242,514970395.88222885
b6825cfa2fde9b42fcf04c59,576218450.6342132
6fb3e33e16eb81331d389ad7,467388023.4422119
e29d9a401a246c00f5eb2413,758162832.4258641
fdf103976a39cc12f5effaa2,758162832.4258641
d1526bc5e5446680841a9cd7,690314323.3164291
a96cb9d988f5dc99bf5df4ea,690314323.3164291
760125efabf13246774a9f16,627474775.9194247
229607e2faf76efeeadcdfce,583089614.9725976
f14b11d270282b317d9cbadc,671381112.4087481
8a41638edfc5183469b6c43f,678289181.1456704
ba249dc7eae0609f20ccf234,738748541.6995033
0dfc7d77d3dca86a221fe62b,947145027.3688699
ed7f61ea4c9095bd4aca258a,553251348.486243
d2ce77db7cade7f2c6189002,634554281.0284553
9d18c354e8939c9f18598f22,562961868.035016
b95689add02915dab555d9f7,886333516.1888574
1c35d9468cdc55670d48db84,806129325.2709383
caa4aecacff2beded2e76beb,552723816.7710252
017487de3455d9f642a7fadc,672476377.4322615
8ed9c13717d2bb274a81e460,822527917.4974669
c2eeb1cf0549df1359ef4dcb,357038863.00804013
3a413637f3108ddf7bd53bcc,577234053.9467561
145a241c80430b1e4ddebcfe,647422779.0624363
c954618c48b70cb00efb49fe,659181934.4198042
fda6cee77fbfbce6ec0eabdd,598610218.5614836
b92c9c464e23f8b987290769,519030164.89145845
d81b170177769c0121b8935a,628869115.071806
7a832790d068e1e85182b5a5,493704371.67013377
462ced9cfb28550c160e5664,790621599.2801359
edd9a278b86b1c56e237a0f3,594151441.8807559
fe9b6a82fcc3266ddcb3e36b,767705275.985025
fa74fbeb90bdaf8eb26f8329,677089847.2763706
a70b6661eda6ef616e19dded,467755645.12476164
cbcf4d76223673724b0f9811,596936697.9873126
ba16ae6ca55dc3c0d5480944,831865850.670089
3c840c206546c20b3e53d4fa,771383317.9402457
c61076b24927a46ef506322c,766492857.9305434
2e797c8302fb7ada13ef2d4c,744309198.8525558
3c9e3b97db788dcd10acf0e1,717305937.8598225
28db5acb7b224d44e3d7ce80,626853592.3878024
c7aad87d39537083a5620757,762144208.8433803
099721566fdd0a32546fedbd,779338009.8980013
bc67f29c8679adf31353bec6,702540976.4232782
eb40a304997a6e66c550b704,672055715.1354972
3882da646752a82db088c614,688029157.8351161
68c319925551b9484778bb65,610815790.5743717
711b570ff195fb77229deb35,633244545.2747676
e7a2e8e1c22a52f78ffd1b19,715875250.1300454
814d93fc94b4de6d3a860bcb,542394375.6009305
817da44fa842fe304b93c199,415122589.38687515
5cb29f5aaad14b6c33813580,438518043.79052514
8a1105028a1a1b83c5080abb,301831405.7174978
82b69c38d041325a4bb2fbce,319932178.5833308
a57d01ed5a9641ad64f7f032,622873439.5136987
90186e67d802be6d12eb3696,603830549.5469596
f781bb1ed340e08b23258ceb,482403964.15349174
db05818b6de8d77c1c3fd053,555160764.0510576
f4ed8924f5d1a3e6374715aa,721237175.9392625
d792d1eec60822752c8d52f1,634901949.034383
47a3c63f65a9794384c655dc,577674751.7562817
ebacf31727972e81d0a0d904,513243987.9120484
a759e4c03e49c419c8f0cd2d,675163367.8952216
0648a4bd7ca088f4b3834401,697457211.8293192
b25734bf3ca94e775f467e85,439113696.0256312
65a8795e7a5b88acd7a469c4,676149655.0620098
b799aa1dd2de813ccad401e8,837328289.888105
c01440b8ff0d80e7bbad715c,739969698.2012572
a20cd5193779526b43612ebe,550569171.8545737
0cddda1c211fcdce819d5f8f,721139895.3423085
69bcce6b58fc3702580d3234,737899007.7443582
ac7c0c806b57e4942d9ead3e,758913478.1033399
aa9e131fe4e7982a374bbb84,682183284.0472369
290725d6b15062397597b954,550492724.9218382
5f0fa37b7c5cf77e0508abd2,802954827.527569
c76f482d2a8f8db5eb79ae89,950861349.6764728
f651cc17b051c962e4124795,652191575.217476
250d84aac8add089061d3204,899114607.9756778
d3f9cf66c1c05f55325b894a,1025089665.9280694
7198cf5aae5d0d5ba2e43b96,822527917.4974669
766c7906cf0493736436fdea,1003068360.3479295
78f670c0d7a26c0323281ffa,689303328.7759304
ec0eb8d68807f52b681f138e,770901198.4971863
446138cfd3749c0b6715b0c3,794002157.5528288
64b4837e4550ce39f2f85342,681011270.595928
1103c663f6b5ed0309a767b2,571326208.8447174
b9a573a3f2cedd87c7dc6477,681342301.8048382
de54862f5b7b8ff345c6b297,573011209.8067323
16b3311b337c0cb9312ddba1,622873439.5136987
a1c2003dfcdce97d21f9cd15,577674751.7562817
262688a95a32f10fa070a887,581857531.9480702
8e374b19fb87640c56243088,439113696.0256312
4032d6a6a13399797a794ab7,634901949.034383
99f1712af0fe96f67d11037b,724923898.0684994
bcc584e6a08822158e2a1454,579284397.539019
ad14f4403926de76de2604c6,457906277.2487577
01f855427cbe3eb51b38288f,573338133.5854667
4673ef4fa28aabb0fe61043b,432999147.80461323
f4cf541f02d99ea1851b9f12,611010235.0548215
bfe19954cd4680149c682587,539551387.5512347
fed8f3bf4a2d7a426901706c,698055517.2433398
480aa7fe286f4aa31f56d4b9,732085943.2720523
1e9850a50070dd51861a5e63,736012473.5545038
e26dcf5836f5bb53553cc413,738135661.3635485
c7ac975025713f368bdb0af8,785353517.3013715
73fd5bc0aee47d89a160f5d1,744400055.0585972
5bb9dac6e0e9409e89aa6cee,724953414.8474627
9b15aa6c85804621f5c42566,822527917.4974669
199fe72cad28e4554e359ff1,776656837.8177701
b28ba88f3665a2f26c2f8e47,1025089665.9280694
453ef603a66a34f17ae22227,779133631.4530399
d8f4955ed4fc363d6d9ea897,697475934.0217335
f2eca7e3226f625807f7d6be,1094267389.342796
361ccd7f37ada9c07ffcf71c,726823644.0286963
e7d1ee027da436cbaa122f48,1115411354.6672912
554ec896fe4f9d8f2e8eabe0,1018099717.6639475
ba79c72aa8bbb0517c899b59,769374490.9218609
69dd957e78fcdd4d8e874acb,555702890.9917381
df91a3c7f364df5e6831f2de,881667716.6191248
77866048ba7b69532d0a18cc,680330747.6942257
a792bde8819aebc5b2d73a6a,795269063.3213894
6293e4a72b5c84782bcdbf78,682334769.0842615
bcee01a5d6a36f48d99a5e4b,751160985.7944725
c58b56f1202d1cdffdda3021,684734999.7264129
ed3275b560f020baeb9ce3c0,558777471.3962151
2a872557ba401f4c95e0ad2e,730212020.9695095
6b8c1c7c855656b0e56f0bb6,684107141.7575407
d6297cc548b16bff11eea51a,735570946.9109637
dadce7c7a446a6a177821b73,803874788.7197568
f5d9d8082e7652e97973e0e4,1039917095.8356696
2ef9126614eeef828f797e66,1001209896.025613
c70439fc435337f1e8fd2f5e,1020322580.9300514
79631cac54b1e71c1022da12,1204608119.3166215
6fca3b70ba2c68d9e0d2540f,488711356.4863524
5b29d453bd368190e0e356c2,594620887.7137823
25995099875f0ee622ebc31d,732420080.1955826
34bd7be0761ab3d43da7a81c,547692277.1269507
b8e15d182ac0c74fba332b8b,643558817.2497847
901e3b835718ccae27c8831b,579341180.0229095
e1c7a101e5d518583f9a2a7b,757537453.6820576
02f6ffcfcdd3dbba94dd7b33,921164907.6086149
2162e09e137eb5f4a1f32b16,652588304.0254449
5eb815f9023e6eb97786233f,1115615728.8859055
d2ab14487e0ecf640a785277,735134488.8882737
437167a9db41b677da7d5a7d,592283354.0467414
c3f889c41c1effea85bcc706,556957097.3523734
155da5ad9ad19d57a7632cd0,726056501.373926
43d1fb0646562c3f1dd6fefa,643419095.5321453
8eb66c4b057dd4b07b5fbca5,761956492.4898529
f9718594fa52500c16e3cd71,687058669.2025183
d9c46d54ba6df0d21ed4ca49,652392432.366202
d3f688e0deaff6648f2925b6,471562545.2718658
093a92c6846c924f88ba8750,706542302.109644
9b1223cd8c9d7b348d6a5c94,835167375.8226811
8209afd76e36d8b5c4f7a991,492706832.4111463
29fd909e7cef62de53430e1a,741036949.419842
76df3d616d8bc1de789bd83b,509889976.3224938
8aa5d44a72b2a6851d14ef86,700553841.4113247
eb4e1b72abce1d184dd4d5e4,663748785.3700249
2ba24fd47c2ef8520bccf6eb,420591249.63971305
1c9e38cd216595b33e283134,808982692.1910889
2fc150cf6ea4141106bb8ac4,341299712.76980144
8dd46fd8ff592358e4c3e7e5,585929526.3975796
d5e001b2f1dad3962cfff9aa,636144719.3275725
6e73e42a0d2ef8d6e403112b,480023638.6463733
2537dfc786054c61eb3a80b5,647464141.3650016
19c77db46d23e0c07a06a8b2,584383303.9554422
e6424086fe1cf2a2931f4847,647464141.3650016
66526276a7e8da597683e8c9,845537130.9384785
cedd20027ebbf47baaa0dbff,845537130.9384785
ac7c323295addefb43c62acc,788898887.3957192
a8e74eb5eb523143cb291cea,835681932.7809049
ad393e9070779969b496fa72,673645966.2189301
64d9dff81c79a16579cef2f4,953052208.4993925
ea91281d5eaf6b8f436d47f6,953052208.4993925
06e59cc783be86bd145a56c6,790368923.2737813
7458171e4db497a4cc1365fb,785489871.3821644
12d73fb8f4ca87b19ca46231,788898887.3957192
5e935d4a03c6abc86ac5adfa,857144555.8860464
2754b4e12a7604efe8e03f5b,807925443.9690981
9ea7a0d65493cb5487ed2084,639162559.2032833
7845cf57552577b059dd13ae,605910587.2281091
6e710984bbf2662a9cc7bc4c,432999147.80461323
47720fb9e2586dced75db114,525871435.86751264
cbd48f3342e63a84173a8dfd,457906277.2487577
cb83c138aefeadb184d2c7e0,470637671.23669505
397d4e490eb2db8a1b18051b,560388132.898987
4f65732875c007d3c1102140,524327091.1921619
1f8ad363a0539a6f2455c3fc,579253047.296306
9535ab027f9f2a9a8fdc21fd,537967599.4461926
248993a27da888a6e3ffefe4,592283354.0467414
cd07b4553b6d3863a9e444e8,796482531.4647635
f53fe605b0a2857cf3facf73,660735134.918564
ae48e30b60ec254bf0dc89ac,795829236.2810991
2a0e902f3c07cc9696000177,507286111.52891576
d57535248bb34f65ae678a39,639761877.6066209
9949cbc958bbc0114404960a,727445008.4726324
841c57617a075690ce412083,704967148.8493679
9fc4385ea76cabf741d38789,497923191.92355764
0367da7dc5374f1957a1b7f6,698898514.9835174
7703f868650a8252e954e457,738135661.3635485
4cb9319ff5adaa62386b713b,730212020.9695095
dbb30f9d010677de2aee1b71,633318293.9770945
0b54c51a787fe58bdf677658,770228744.3902135
5234aeb6d817b8ad876e50fe,638179261.1661816
77359d0d34ba4c9d825e46ed,539506841.0872284
b84795015be5077f942f5170,578146398.1491804
75f5290d61164d42b39d9d51,555160764.0510576
b46d50c84edaa7feba938671,730212020.9695095
be8c05b72ee7867fdcb05455,798620218.3507228
356712646865d98127b92a57,666294245.2746013
ab765acf8b87daf1673b3a97,571886443.5427033
3a2cacbd3b4f9a23514b1433,654339694.9052169
3c6d485d7b01ddd6147746c2,554838471.3970456
054cd21c3b12f165bd520313,764594514.7084029
e114160e3ffe6a703eb42440,561209187.0038594
a38b2d75349c56ce04f02a94,739442601.1830994
71fdd2b1214b9371ef149c1c,939760194.0419252
10970057efd092c98037498d,555721774.4001769
7543d0e85e6328ebc8283d75,397593925.6624854
db1cfd89dad114c11ab2d409,757537453.6820576
760f24a443eb01721c6ffea3,788637314.0129442
a1508f30ba87423e7393b4fd,947145027.3688699
5814dc311aa87b24e26aceb3,670070899.1063509
f26c2bb4d5787541e9c36463,786415928.0086312
cf07a5af6ee98d735bde14bd,583016483.0327314
8b716c3dca89b7caa7db1aad,696774023.4678351
df89e7dea6c313b0cc262249,384383332.6965606
3e2c1d2cba8755ffad9cff27,793944742.048651
6771a8c70428fec0f21d51a1,735134488.8882737
d8171d498291341094daaa39,999085810.7440813
3d43dd23536f843c2c5bd268,913054209.269293
785dea91d94ab384bbd6ce3e,697457211.8293192
6c316d2bb84fff36bb01f14c,1115615728.8859055
08ba99aa6a8ee752209de6ae,588313814.0197828
d177236e8c725d4405025916,841593364.4262136
9a6b537a7319b3446977919d,1017528866.326428
e2e7b03feffb21bad63eca2d,730084935.911559
f2fa898e1bcccbdb92dd91e9,720310598.3809345
2c340ee014e39ad0fd1309d8,950861349.6764728
7ee83e5d70855ed21455b6d5,1129127198.6853764
fdd4b5fcf9ebadf96545038c,785353517.3013715
512b4ad817c387bed877b7d1,1206965878.347039
3ba644c7be754c21e3cc48ee,676434568.2891803
cb38dc837baf3e0531c6c115,642994859.3536927
5e931fda1e62fe41ff0f2ba2,589641297.913492
0ce9a7d4b0682dbbca68e070,581789938.703923
8d114cef336100a8d8c81ce1,758029068.8114607
ebc3a6574ebc530ef715ea7e,774108694.2211959
4c2b14bfeacd87b878cbcc92,579341180.0229095
577b17cb350bd2a646725b6d,921164907.6086149
0dbe463995c605bcdffb133b,601910172.433443
88f3f39ea06fb882c69bbd10,424252722.23390985
e54567ced41a40938b85485b,573338133.5854667
cb6d29f005078d4d4efc2d04,1003464679.5443053
1d0919344e52b315441aeafb,586478017.176784
62c39ad30e9a26d8cf3593b4,845323405.1478379
a02bf67aecbac445a12da958,1013375595.8713741
06baade01a74972cc4a419ec,575597037.3450739
3943b64f9550a575f15d6d29,916174364.3278072
b62d64605362afc574ea5b0b,893501061.3126425
0ef45eb4356e2f0331ad2457,1055076580.894131
6700ad4d4d7f70def59a5d59,805507084.8440285
19ad2fa7e170c67870ee58f7,912637455.4032652
919c1e281329379c4d130416,994636539.4428895
8a451ef547efb90a8fcfa6c8,842216434.3022983
5c208e5c37aad07602f7cd7f,769005631.2363625
164fb89266e40a2530400599,471562545.2718658
5fc0f0c4fa019b6f1b2a016d,572266446.699257
3b16ff50ec7fa717efbd62ab,700883859.7678379
30e6d4e1c53e9e81ff66df43,555721774.4001769
cdae3bf05372c13649a2adc8,397593925.6624854
170a69c11cf4f855ed015bed,799852227.5045441
e14b31f8a454e47c383cae94,567843873.9540545
14a8134a56af1b328321cad4,638082975.3696891
ea8cc21bf7d48979bcae1458,600967102.2317717
c287dbff188e95f833ab21f0,585790588.5866708
2cd0b2d7561919f0223608d5,432999147.80461323
1acc5749203f964fa8b2092a,427067125.48647666
9543c16bd5eea47111e6b266,578146398.1491804
d415dc486936995f8b3704e3,539506841.0872284
ab946dfa5b9d7214a3756978,697457211.8293192
803711fede531ad1621a6823,573338133.5854667
f83f29f28978d7dd76cf5942,579341180.0229095
4bf284e6ba81bcaa21a437fd,575597037.3450739
d8ed50fbd5ed46d36b3d2dba,621868169.3338381
b40128f5e17574a5d3da9a32,704138262.4343116
506d4cc6613a07c313a12de4,700999057.8828664
558b7d06789a1c8e488c38d2,649165166.962082
38410183814a757520143737,732085943.2720523
560a750cb6f8683ccac4563b,769833305.1353779
48740edcbe275bed3c82efed,662800955.4660647
50b2bb276e598c9cfdb42b0b,684483488.2533296
302adfed183564312f9e3087,785353517.3013715
063e53d45e5e7945f1f10fc2,720310598.3809345
6e2c39fbeb5392e6aee9b644,912388393.6390972
8d6c523d4100ab0c83a31fed,828235334.3078668
6d6aaf30227f16b2be29e79c,947145027.3688699
e73e5e75cb18f52dd7239361,735134488.8882737
dd625806063f76dcf53582d5,921164907.6086149
a4b16572b8bb786561baa3c9,1115615728.8859055
9446f801f30e8b2997fbd72a,1059182821.2477561
941569c4352c3a2e32c908c3,1107847018.4350567
8b4c54125d9165554e4123a3,939300602.0486997
d50f33fe5acdaf5caf1c6ac5,420045016.63029635
46ff039321805b51870c64f2,786666906.7091256
1ac6c220eb690db798a3d4d5,646288755.3392763
faf872c4bca132b52dec368c,745731591.0480131
d92232d77f7a124e7ff13ee9,758029068.8114607
f9a136d7944cb7768b598a88,781232509.4875607
e03610db09ed7315cfcd64c9,590476599.2735506
8c51f1b43f15b70d2a294918,385188776.34907925
21d141a84af5f0e2ade9b0b8,628964820.960108
55c7cbf5e572d2342d0d7071,633815539.4980092
54c0e5e6d368ec51f6e75c1e,815343409.8836544
434ff40bff8fad0962ec07e4,744761257.3767617
0a199d5741b5a6213b39b793,729421749.2894574
9931470b50580f51e1a4fac7,503221244.6340176
89498fdf642e770ea75be7d8,753576070.530606
aba39002de605f9ff34bd542,686336411.7404752
0c1c0ba7d75dc4090b7183f5,828793849.6848545
2ac425aa592565b44b25cdc3,730676457.0178914
c0cdcb5f860e3a974c401861,664441269.2447327
4ec741bc6ab20515070cf1ee,635101035.5783439
3d4c48167a8de8cb0e4956f6,764705365.6012287
f5741fdd9f509d3bb02e35bc,683373752.8727461
c1d0c0846ec652774ed5474b,723796862.9126389
ed2c02ddcf0e54789d9d2675,765049640.0022571
0e05eba6eed4e55e89dc5f14,855625108.6541431
b29e5a75740c8439aefc9321,747337894.9415162
218445f989b2da5eff4029f4,871237273.3743334
0c7da0c2613129bc322b1da5,816518643.3564183
a41210034abe19957b317d1b,934318729.6412017
0cb4217cde38e09571fa73ba,1112200061.5396945
9df0663317db1cf4121a222d,647200752.840193
62be98264dbfd418ba21cfac,1038936245.1710672
939ce1536f15c0e6bf203dd4,1067166855.034356
d9028df78f9b14a720dbaa8c,1067166855.034356
b05f4b5fae2f2faaddb377fb,682140751.0376903
65ac61968819927b8fd9b990,686601561.7046096
1e83b53963792d7445e19d27,655549559.0672855
72eb1af691a950fbb7e8d635,470841483.59723526
94fecb92077ffe3a72aedec4,534609552.28995895
f660a48b0eb17e98dd77c0bc,585998725.1691815
27fe3fc3838695ce34c5d287,453574384.00763404
9ff4b1fc1970cd5c102cb755,921881628.1926153
b54940561992090411749db3,587263919.7390599
d4990842f549d8139fa94c87,558459118.7268729
f6013cab49ef9188aaf87972,642712922.3167049
cc2e8713dd087d3b842d2f11,406531564.3098714
fb8aa6b6c5d2499d404f3f73,559278939.0298493
6a8b9fd89b745a52703715ab,551245423.6223031
4721d06c49413558bda1fb68,535199395.93679
0100b3a412accebf6a3aa4b1,455172396.0479246
215e8852679b9cb6c4029ce3,607047405.657824
0afec1b2e7060b99dbe41a10,494252320.4575649
4ff17c9b88aeeff105b8301c,588217282.709761
6eee8548b87c9349ce90ac2b,520823279.38955456
9b264d26a196a76951308cca,710555681.9837447
945fad7539481410e8bb60e5,590476599.2735506
f727924f0f35ec9fb58d0c31,335024978.13147044
c7876dc81e250503076f43f2,637522890.0839474
e4f3e425e9f6e393999d7a08,520194506.3788691
cee1833e8964355b9aabbce2,616747538.633876
9a1819c45b01c341647a2410,640123628.1945777
ce95aab452311a0cc27e0c7b,445215289.9182182
e6eff72b7c5b0fc2677af2ad,594151441.8807559
3b368c10d243f6bc9c027061,333865887.6803402
510c03bfb80d92d180803887,512065888.33626986
664934c8e209352d2c79c971,614266838.805039
689ba3a92dd7c12f1965031c,558946272.3293763
93d4c413d2a1ac59f1b46830,503444567.85170877
08b09c586530266c14e611f9,573908448.5101337
7157dafd306fa99e4c2ad233,568699042.5934045
74e15493f395fdd312d50cc8,416140547.16604936
c34c94e7129f84267a5e4fd7,591646923.8880965
fc0572d7185e132770c3bad7,794080071.6622983
5c1bd88edef0a4146c871fcc,626320263.1967788
a28a31f7d0e3fc6298606078,548244415.8319966
f388112376e68ccb2290074b,690241823.5772338
05d1c33ea8c89ded7391ea92,580495916.6769608
dfd84193c81ca8430fd27ad0,794080071.6622983
8b89813a4ae5f9209f854be1,774703002.7265884
d7b9566ffb28c753bea96f0e,722347467.5478323
8062b4109c12a95dd62bd43e,639486184.1507021
6d305d6f3e3c2a53515d5f6d,863956224.1215463
ff143fed55f12a0105f9f88d,639486184.1507021
0fd9a2a99c44c9e5565fc17b,768025341.4086668
7f85c59323701ee0e75abb92,812134464.6547841
19baa03dc4143a83920a7d2a,808316740.0854957
bc23ec33573f28442b36f60b,558741671.1269743
9957e5492f63fa295772246b,686153857.0090798
62e376b22a4cf0d84b7f6bff,750076273.4529874
0867853879129bfb46dae700,763306907.177658
92c5129009b7e377fa004a93,740558337.2575897
6b9d38e0b9a3e28e3e695be1,795024128.9462187
b6da2728ee41d035da57c822,1009450154.7296059
adf5879151c7236f5e055e1f,841833098.7185584
bb31607d0bc3ee4a37fc912d,745378968.8305081
3ef8fee6a5cf42827d8bf562,932330691.7085532
e6016afcc032d20fc9d6f2be,1008223337.9223828
f3962b552d34eb8bf38b4763,868206320.530659
bce7369d51094d3a9d3495e6,907355533.6210085
55bfd350162592f2571e3a0d,795828512.4201115
3f226452520ee8f04e306bb9,949632412.9532657
b16fda9be5edaf4cbcf07122,795024128.9462187
e6f5ae869a5b7a30e8f0fd0d,944385945.8467054
ab0babf6941ef43c35acb951,971124751.1872537
3bed16373c8ae820187e3d5a,652205129.5205661
bc1335d419a1c0f6e6860470,1115411354.6672912
98575cb25b358dde32ad042a,992325568.8588587
fb50f2f13a30fccc3903577e,981527677.929543
7a608479334951a3afdc655a,1018493068.6481569
9cb40496518bb99a7a00a2ea,1191558922.1950274
a69ded1c20e05bd6b3a90028,636019913.6208932
71d422db0c0c638e448142bc,783380984.5765802
fad033a3c81708df7b6ee73d,670683746.7805668
99fae85157be04554b236007,532654267.78672427
dcd314dabc7d162cfc29c81d,642120334.5196905
1c65d5172e53b4c7f1c4d6a9,608231752.8221059
cb6d4db44c789fcfe8236b40,710514934.207155
ee2c509989c7155bb472c5b0,609982095.3420172
73b60c9053ff8193c2dd2823,807413452.9299791
2a487cfffeb12837a5586a41,526827550.80628526
c9d285946ffc4c4b3ee95da8,807413452.9299791
6a21be8a7a429eacb1de8c1d,675610016.1268998
2a7fc28219bee48a2368e730,687787800.217674
5b169f28ea1dc473ddf11580,402355123.95564526
58b3ab31de2f9fdb0da0dc8d,578716731.7209171
2054c61f0162a18c6fa2291e,432532435.62889653
39940234a26e7264b464450b,602938365.9961427
550157aa4dae5fafc5d795b4,722626308.4203477
ca87bd8401c0c7bbc4b3f286,802634285.1613805
a8fdb6fb681aeae4d5c22f9a,850546046.2915509
998c864a446f06d114f42fa2,902797825.4344239
bc57535516748048e38d4a2d,701230384.4867158
ddd55d8001b809f304883ce4,559048465.5129099
b9fecb3e6a507ba17764c303,445025805.2752991
4bd30aa3e2b4aa077ae27490,640836385.8646936
d7ee2851bb69088f851970e9,639107440.4030906
40eb0c78da8b51b53548d914,1032608890.3357046
1097d9a61690cc58a4b91e62,581037364.8613502
6aebff5b1fb3a438c2c7969f,536122797.3717809
af672710affcd7e44eee9ba3,559233235.9076036
fbe3b74f9e11c829d4dc69d3,981527677.929543
6b7219005737d8660d134ace,1055345581.3131002
042bd2cfb2d33467149ece1e,688178572.9489626
d5999beafbdc8acc8a6ad809,638265018.1289855
4ba65b1fb8d8ab0a914b0b8c,535795053.8459455
230864c9c9c5959f9f0d36ee,666295622.0674134
8520fdd4f5fec0ba861ca9ac,489493734.830476
447dd594fdadb1b12ab32e6c,671059248.1983654
3d405df6e5dd012419f43ba6,866478587.5926789
e120c33346ead011ab7789ce,560183791.1255144
505740f7746e0154932dbdc0,405355317.4277428
e9a427f23e80fa59d9d517c0,376030890.5791812
97388d009acd9e5ad49e7c4f,442256173.63030356
a100f050c34e438070ff487a,634554281.0284553
96d14a1d29b7abc2cad573cd,611809111.1176668
f69e25355ce3887bb1078fef,637970867.8036402
86276ef138e0babab9863276,412870314.1259335
344f3bcc1acdba48c12f8441,800755140.661947
f3dbdb2b69017cfa026ee18b,702824866.6377878
ba32f2964e8b68ff5555fc34,810973892.4376649
fb7154b2dfd2a48c13ef70cc,583407034.3721235
089dc5de66c6c4132734b9c0,659107049.9366149
5c2ba5028fd94a6b9859de70,513243987.9120484
e8544410d811163a13c6a326,439113696.0256312
74d8df07206df08e8f3dc232,808708920.9174178
6fb4126e3ff41b8052fd0657,466778885.7435041
ba35cce2e715bda1684c937b,822527917.4974669
d7997b9126bef50985bab347,453340036.9910916
da3aafeb2d0105f8e09c051f,653180241.8296568
5daf1136686fc538db40afad,651437526.7953852
88f632cc304cd769e2d4be27,653836947.6448166
c5dc941305b5fb59e66479ba,714974225.6056193
ec422df56b811a0aa42d8bbc,714974225.6056193
bc8bd1feaa8fca4c52e130f6,467901928.4520179
60c116411ab3cca49f7f49f1,504705811.96753865
75ae43992df8ef41eaf9d98a,405888464.9178504
87ee5c7c49ced4ec99f44d5f,783643462.0668339
918f56ffe325f21522cc60d3,446129215.391263
dae09210f48e5bbe0d31c728,509890301.4368496
c1ae2af40e1ea9da6380b8ee,717578717.0743424
e7b717278f7c95cbfceba80b,582996250.345007
387f18b1f01b1aae536752e5,593025425.8182344
c036fb38fbd2d1b59ed5b7f7,678811211.4059532
76c510c0ad11fa67f0e9a4de,653699138.5523174
ff46d9f7dd86b8bff7cc305c,565751888.2284983
23d95cbbc056b4456b94c97d,694388664.6654599
fc65a77fbdd07fb490ad870e,723757093.2634994
8f0a61533b6a01badf43b6ed,858766754.0109123
c26990b034ee83450a4517b1,857348146.0412201
53ffa19a09c447f3759f86f3,582510976.1873949
86d80d3757377df6f2b8a0b3,661387192.8571085
c757b3960436c23dfaed4f2d,768860376.990264
fd1431e595693fac0406151d,468244838.39737904
42b6cf2a5225dc62342d3a20,621280300.3633434
6f8a0e8f1bce0243ea50213c,598259155.8283126
02277f636716264116015dde,432607577.1368253
b72459ea34fa22d1fd012dc5,738007258.8374366
cf4ebcab3fe4d12e1a20146a,853393020.0505034
ae2c10850b4a8ffca934cc72,983072998.4717071
0e22a41ec27869c8f83f9be9,830019352.883876
22a43024821ad081e654c5be,898031776.5188843
2054c223fcd48a48f67d02fd,475767994.9071383
9af6ac77a9aa0c6da3cdaeb0,432999147.80461323
6601706d2133f96aecfcbfbb,622873439.5136987
ce011b7462e9be36184a2984,501464906.2673406
f759f71e444c16a59187a067,679227668.9855179
84cfb0342a0bf2c6777de39d,511121537.0239072
760fd4c893a56a4586030772,610354627.6720054
fc174b19baedc11f78b647d2,767705275.985025
aff9e510eba008f3ba5c1847,828568145.8794274
a5a4c0f268548993b61d65c6,721006176.1284206
6cfb8a07fc1100569413b33a,684483488.2533296
94301e20cb91669986c4b34f,499039441.356323
52c1ab7484e412ccbf5d57a5,688000473.7106194
2538cfce1c108ebfb1056c8d,628791161.3251885
d57541684e5c00bd9354cc35,581789938.703923
123106a60208725514f3a343,577674751.7562817
7f2a2959f5ae816761be658c,938218021.3521227
fd5758238e7ec91e415779f7,731683727.5136379
e3197263bf47b3d37f027e11,743810600.6314353
8e5661e79f4fc282abac1f37,754393425.8409537
cdfc387f8246a1bb3110d724,726342235.6598262
c53f3bdfe8159bae98ab005d,939510040.5658507
200ea08f57fa23013d0e661a,947145027.3688699
603c736378e07570fb985ab0,900391599.2169857
cc019e30685c91634d2fd4f4,822527917.4974669
b0d394d6c9b8967250854c66,989729732.9325646
f7a79e1211fc72e06a3a82b6,1107847018.4350567
8a1ea9d91b3d8a66c6341243,632347517.1003983
22903633f8c4d91158f65c58,490708303.92945266
bb67d95fc94532b1fbe80ba6,610568254.2342846
a8e696037f8747f562ec98fe,429884811.20102596
72e4fa00e8aab44cf210251f,711350400.2949504
d70948f87875325380885803,1028961026.1997727
a0e53cdd1132bd19b8ba0c54,648987167.0218657
882eb7115cd5b8b09fca0e47,784649649.2821015
529d6599d8a64c63566a11e9,576607415.783398
e26eafffe4ca3c22b7f4a272,864260441.8188909
4e4abc111c07656e5bbdb0ee,692770580.1079221
46e7860100b0c09a6a475b9e,685739293.5381815
7bfbcfd0fb8f5b6d553c2d0d,725393691.5639621
5fedc401fc32ecc4d9ba7e89,540751197.20028615
aee8b22ecf19495fc5894a08,725393691.5639621
313e17c442fa3040065b7489,615571941.4228046
26206185deb023a344eb2e99,790766765.1483021
4a9e2358d64df916e2cfa213,656711803.8649343
2f6515defc3b21d82e0ca4dc,441579563.7457764
a9b18720f68c7002dc71c3af,425429718.96697015
af911ba38d5376a8aa53fcef,694288834.3037245
025b094e1ea7248f4aba72f0,352905593.20603275
f81aa0f575dbbacdbdc681f9,586578556.6579329
848067a69d18a171e7fa34f2,618738402.4383951
e22ca3f1c8073e246079d57f,564505676.4612013
11444a88bb3b230b4feb5b58,596060939.5749297
7a9264f3a12de839a42c1783,601713029.2675481
6d825b439d8622ab90245049,569579431.2647392
d2d317f2990465269ef58c41,720349540.1363645
2860e4435c857cc8a661ec97,782543215.8336031
39c70622597e64c4821d0731,902925857.9836468
2d6f5bc20de99dd0bd4e34bc,730212020.9695095
37ac1ae3a7e2a3319eafbb58,711116660.2506375
fe6fb32f623a9e3d5586a8d3,684107141.7575407
501531d637608f7098ba6242,712479262.7616451
69f59487924240bac2e75bd4,735570946.9109637
358e1287e24c3c4fb353315b,742817322.21857
55e307c88e2a943acd64a9a5,743198782.9753795
19105db21495d546e6792a25,652191575.217476
375419559910484b17782b47,956011453.6265502
c9d254244e315974cdf5d921,1039917095.8356696
adeb9a6ac3d357bd96c019ea,771260598.7363943
b08e0cfc5bdf5bdf5068ebdd,942472840.157046
8da2439f391c6db92b9260f5,720409656.3105657
d0751cb5e704e28e03514fb7,710789294.6033843
9051c6d14018b4894b560e2f,757566325.741431
54c3eff286c62f05ebe2ba57,518429119.49222404
975ee5aeee84593bbeb331b1,465730651.9889718
5102f4786cc032e24781c7ab,881491226.836528
cfcd97bfad6e013aeb57a2a8,716147537.459627
f304bc9e9edfc24eeeb720d5,646915105.4738351
bd05a6f6ebf924adf92e5577,820354636.4810885
a7b459470ef58ef3bed7437b,590896380.1912972
37e009a57645b845b1673b8b,567001350.1881658
b70082fdca35092802f8745f,409971106.9897873
8a69b9d7461107db6d16d1a9,603588949.9834638
adf055978a7a8e9bbd88e741,506399424.038592
6c02bbf7f6b087a1f0c8a47a,606401046.4407446
d91017d9c530e058ace2e017,633220949.0854057
89016540f8b3fb727d863bec,785489871.3821644
506b653545eebba4c8821588,985777295.516727
01fe5add1e7df4b15dd73bc9,572943939.4741882
4911d01ea0a4505d5db5bb2d,523373281.77448356
68bda8b092d5a53a35dfaf07,1185950805.588862
70bec150e1d8ac537cfd90e2,911424538.9445881
0e21abdf04b36e5f6a1fc337,1034700671.9084884
f53efb47de2bca5912ad7517,778068010.6828499
82d6244acae149ed9ed88e8e,550195000.4000425
755a4fb96ff2b2276836f49b,648421084.6876991
f15ae83fbc4e4ee3f646b4c9,493055830.43662906
eac458ffc1da75fa1a4ab384,635800316.237249
6f7bc7fd41ed908494d8e098,642083448.935615
12d1678bc86ccdcc8ad756be,886527266.6370462
6e07d31b81f3fc9b9de8e1a8,1154061766.3332407
6c618bfe55cac120a4f1e08b,544361703.5681003
22958cc4622a0050d1aead77,635992177.3583814
c7c3da1f12d872a3726736f5,629374087.6279621
ce30c2c7cda56a69005300d4,418965726.1204824
7a26e5936765b409b7b73cf2,797759418.0891805
8d5a73b1d27a66b3f72fa662,729424955.1224539
3b8302dabc47048245acc09f,744927797.287394
909182c92bbc39b00536ce6b,431052604.9759929
963da21c3c571d7bbc36f1b6,702404212.2987138
a73504d5982fef268f5ff589,669909918.9306307
50563038c05963223b459beb,657150724.123383
b9a0058c58cabd619e226178,697296086.0355287
0037d98f6ac46a86e36def45,594403036.3202873
38117bca778373247df86e14,502458262.9360707
4eeb8b5347526d721092a7be,563873187.0135204
0b6cd71df4dde546e665f865,563873187.0135204
bd066d5d19d41c06b904d51c,563792342.270362
f10e210fc04e3fb073568323,563873187.0135204
9f504cc4e6b170155d38c687,563873187.0135204
3e4c1e6435ea1a9c3150aed0,502458262.9360707
052c93502aa794e0574db9e9,563873187.0135204
343f45e7d178eb780a9a9818,502458262.9360707
c0c4fa199f0ad751930cf78d,563434027.4309943
5d86154fc1769d4dccac1269,563498760.2814887
e1fb88779e55aef2b66f2c10,594403036.3202873
c26af6fdd00a85a17b823d92,563873187.0135204
be3ee4457a26c6b6ad4237d7,557938757.1897334
9bdc79dd02cdf39f92e8c869,594403036.3202873
1d4bafec52ec7575161bcbe0,657465120.161061
0f15a78ce3ff90b6894fe3c7,671238924.7688171
afa5698724bea14940667231,596518337.3435849
4d8e365b35a6b8ebe6d7a15f,649582617.2225174
6ff848f65f2507e58cfaa231,477309546.0972681
e13947242fe19bc3925919f8,575442178.0096172
c02caec41084656408c2696e,634383459.1713458
d6fd079beb9f759fa4c6886f,442256173.63030356
d14f7f939468e641c43abfe4,591454561.2830302
8f6076f8ed13e87862d82255,506086519.1180322
8d5e662ba25a71727f1eac77,715968442.5130186
bd2f9648ee9ebc1fdbfa53b3,616747538.633876
da8f986b6ee6f594780f4a91,715968442.5130186
af7131ea57639ce5aa1e102f,715968442.5130186
30e10a03626eeaf8bc2c380e,691924326.0819389
6caf180e36fe18078703db02,559871755.0159378
a40861d6573e4539ee3c23e5,661524873.824041
d5f905cebe05262cfc44bb11,732085943.2720523
809800b56b7b29399986115f,688869615.9850465
6b2d7f88f15cbf7d998986da,769833305.1353779
a0ede3a514cede68b721d994,677140072.9079185
179d467dacdf674a66c7310c,669196838.0150214
97f9cfef1e35be84ceea2a46,773443902.2636361
b7e01962fda2102f1402a444,700689947.2393904
6665e5bc4774d04321d1ba9f,616409223.8809972
6c09a3ccddc797f77d63f1bc,808708920.9174178
97986583e1c988373765eab5,790621599.2801359
56807890f8587cd75893aec9,677089847.2763706
0f2fb3cf22613a339c88f7e4,646315937.8948371
a967a4f0b1dd36d7264cb408,812337050.1188062
08ead1ac0b9b30c2a72db17f,948930149.701377
1b989360ec91f5da55806bc4,923967108.0036918
b289cd856f9d15493d31ef6f,879398901.7368846
88668347361a227b6dbba15e,815201738.714835
ec3f1679451b9c0037f89386,840787838.0589273
9cd01a5cba1674559752f5c4,1078435563.4923613
2bd96c7fe678945fcaf9662f,881589940.1278069
9f118569fb8b084f0615fa22,492686418.8153691
033521a46dae036839ad6c90,371746710.8539956
bc1ee1f8ffe1ac88f08e2459,637869242.3075745
c62886167530efe1f84086ba,519521121.64871866
d58f191c74d26bc1fb02cfe2,609230214.1884114
981b55d5c38361caaddaddad,654087253.3216432
ef26c0f1cd9e3203ad16558f,636515628.7159394
74cd885ec200a0c21fa9e03c,601393707.1926055
fcfa51e5eec6829b9f4f2c59,464314300.353771
c3bbe8c09f5e58281dddd412,665576073.7990769
8f36d25584407d9e3c326e71,755257944.566794
51f4aec91124a9a96f4c5372,611618043.700314
b7becde9261820feb7cd926e,573414036.5672622
65070c554133f2b4143fe051,709133900.211553
c2a2ddb94f60de25378aecee,689726523.6991333
5ec3abf721e13b0d55829bba,683369770.485168
502aff943d74cd4cbb976dcc,734342117.3131956
11e6e5ee92c97e31d34db891,1009218037.8850633
b1589aa1f58f6dffa93a3a61,1205664938.90188
783ecf989538582ad008fd95,1127910158.388112
1770bd5b0a07a6aa785e0caa,697832454.524147
53715a484e20d6152c76fdab,886658374.6336496
ef73428a38c201019267afb1,637641970.8019437
932a93e3ee2093d7f806fef8,671542434.9444952
00e9afbd1d27062a7bd40a3c,870989382.2719333
a11a82cec7f8a243e2f90539,646288755.3392763
e4a70600296b0bde6c28fb19,745731591.0480131
0a1b1a3d68b04cdcb2d757cb,834196000.0122955
7c06a2f06cb4226f9043578c,723677650.7335013
5e113e1e878da12e312cf875,773829982.0682478
a72f5204153b7c92f52d871a,758029068.8114607
fc17f35d300be9680971f95b,745244835.6627601
13ab6a062601d40843de37b8,743632001.5972799
22abc78ce812c519511f8a4c,793436654.8490362
faee4c33e892029b79b63742,765211084.3544894
c8d39eef5a5422e0da4172cd,608348073.3655478
b13683c625c97c23333269eb,488561118.76364434
00e7c5894c739852052f566a,657889612.1872033
2703313a3e5a6fef2157928c,628964820.960108
8dd453e986d05c6c1dd104d2,516723179.01188827
22b34331d7ca2ea642d29946,578416327.0733169
23187388f9d6e2bffb88b9ed,826396548.0355972
6b49a668de0edbe7f8110740,799813284.8945962
ef0e5b23069a9fe377b77ccf,856834371.3264731
c37348f8247ade33ac513855,659778678.5273188
1d19edc1e0d907e5ab0899e5,678566088.4602963
c73ee8d419b96c6e7c53f95d,702130100.9958787
6251cda3676ecbdb6555c526,577391631.0778186
d12d6ea066b67c3db9b2dfb5,1038936245.1710672
8ba4e8e071e458a13efd179a,678227790.8552343
9b8d798a2c455a960ee74503,537564920.8029366
d663ca1a0d29b4cbc5cae9ce,738237807.2773725
dc3b8d97b11cc2af4cfbcc79,843752698.6016017
7d50144c4b2ead9b7b9f594c,750797651.2886735
ff9cb7bc0b972d4515ea3837,432999147.80461323
267e46cb9eaec6c7009348b6,480853817.48531246
1769a8ec5ec94aedc397b4ae,514786226.3918721
dadd9ddd29102f529caa3bbe,544647909.2694727
251903f4b947b337e0134415,577674751.7562817
e1b753c283bb9c6d4e438bec,697457211.8293192
16fb51fd3d35db53eebbe5b8,728386689.5127279
8f543f9c31af1eb17ef1e353,575597037.3450739
20c3cb2d4fa486b23eb81bc2,776829932.555427
6fb9e9ac6d44d3a286f317ae,577508302.9961039
15b57b0ad8794d64a2784ce6,738135661.3635485
d9ce31250d4ae25c3b850124,710145546.2117898
f90efcbfcafe544674c02586,658047888.3279122
05a98feedbd3f422bf063112,671295369.3516805
ea359d571ad0c986f826d31e,768368820.6014961
b02f1997e6e6f97dc808b8cf,743648902.6901778
307acb7b4044cfa5680e4227,804750053.9592168
ddce386b0ad3199ca09aac93,717719894.1659703
9e28972500d8ca3fb3b76fd9,785353517.3013715
687b1dd576eb7d06a08c3439,756072884.7874589
23b2b5b9f5bf3e1208f5f80d,836096828.9935783
dddaba511b6a18f49b41c1af,822527917.4974669
874e3e3ec6f67c160807628d,870587628.6460564
67ade5109553a9d784886a46,1025089665.9280694
6879f05563a9f0748088cc65,776656837.8177701
dce05cf86b42124fc93d41da,1003068360.3479295
1ea5db844a6d3a926480351b,645592146.967932
4e9acf6e9f80f65178766740,744927797.287394
a35450284f8dc27e0ed717f0,898029974.4442054
069499abc4e393fe540777b4,487220342.2653545
cd10d6e28fd7ce92518ea31a,827169590.0971642
3edc0e70e7cf6a21be2f0d53,432532435.62889653
2e2ff1e620063f416a387058,578716731.7209171
1ffdc10c53bb83d3be84c327,597606505.9537508
3c95dcc4bc3788b4cd5602d5,694867431.5439032
aa592f388454d575e0006206,671779875.5163267
f7e5bf5b0f6157ed1f604d37,402355123.95564526
513c6ea5a3c2c560c409eaa8,949817541.7389693
7cf15f80838e8edf4f9cdead,916728353.6774981
49737c7682eff2513869b3f7,737323531.0132811
4e8cdb49a2bdf68ad8d12625,730212020.9695095
86af11931b004aad3fd27b88,666294245.2746013
90921c9fce21986dd23bc645,720799527.3340071
d79d71be963d418a4c9dec68,834196000.0122955
c27b2b735106bd5a77a15616,684107141.7575407
b6129a71f8e320aee8abd0c4,684107141.7575407
26922ebaf11e35a7a320d30b,773829982.0682478
23f859b889afe2639ad55a21,676212830.3496703
ddf47d32045769c0596826db,1094267389.342796
1d0c635770f2e51aed4c8664,1206965878.347039
e6144e15d5cafcfe87c07c9a,536661498.1771602
a7c7923f9a4d004eab43413b,753827635.4617938
42b3b56289972176c20c4990,490758438.88587004
b63f49396431089dd646837f,589580923.2648717
e0b041a39e732783f98bde56,941251680.6830407
409eb9b8f2ba87ca299a7f6d,494041557.42813444
1a46c13974f3634ca6dcb51e,694541912.1338793
4b068c79664179605b145a15,885451626.2416883
afeba13fa3f81249549cd2eb,466897499.8127436
3a3ce11d981d0893ec732e22,666294245.2746013
ed68664efdb7377c33f4010d,712961609.666446
93de58cb0d8fbe74b0cbb556,707745748.1593884
faa204421a94ef95b79eddf6,684107141.7575407
acdb13c4c8e2a48b0bdabd91,744069400.516547
5271cd1cb962066407490051,831066242.0708511
933251193ded6df07c83128a,1028906408.466572
524e00e537f841c13497cd52,471561817.20327574
a9d4f256527be98066c493fa,764705365.6012287
2207c1ed62f59d6eacb3c18d,549074938.6677876
97ea5dc81ba49ade4f8f580b,696580609.9649401
72488318dfb2181843f17c03,865071228.8369486
76698030899efea431dbb81f,499312026.4686891
e84888d2f22e14a5016ac789,614663550.0368773
d9398ef84ae71419cb7cc82c,636199898.44540906
6d32649478d9d86d840969f6,485147596.96895266
81600c1e6b6e3ae770e40b28,857997656.8824097
68075b0ac8e779bf5e66dd3d,561479977.2628943
6d7ac64b8b9f27f61fb155ec,524857278.6373271
d3bf3146ec856cc26c607d70,1177354855.7053678
d12298e0d398e9d21d2e2eed,462246561.0098627
97b69097fee8d8496a6b8c04,596065226.4058169
fa6e53a7107c0e33e3d505d1,1038936245.1710672
7279c610bda9354e1c840b0e,614663550.0368773
6f3070318ab65b867b2702f0,404111863.92603135
e08aabb998103a941d24d0a9,514435024.55316806
415e1faab81016a460db7a0b,563229690.6816558
8b871cc48b99bd4190877bd3,594403036.3202873
7240bbe28e950ed75637b504,552890016.5086561
831629494c6d15d5ff6a00a1,594403036.3202873
1cccddc33bd892b44d7e4b7a,681981373.7152354
f9cc6760b1112ce5197bf399,685589984.0561271
0901e845b6c56d4761377a09,555436449.7038203
2a33fa5b25963f3dc928f668,700336072.6352736
83e9507b9ca2987a21d1b195,607921160.4729875
9381bdf491d48236e84590fa,553861468.3638222
c041a933261204155415c2d4,865100499.9990128
a1cd867286d6e82181e5d1bb,715968442.5130186
240d2474c81482baaf79b6fd,715968442.5130186
ddc1c85af165e47502447242,588537353.0035396
58f02c785ee9a506e899b967,542024846.6478899
8b353ba6823f4f800635f0cb,718203270.4178982
68cda50b602acb4efeb275a7,735318871.878897
96cb3c08c80815907de81e73,646217265.1379744
f54dbd8f0aa752f79c581e5c,752266076.1906499
52a438d024af0d5c38627ad0,655421094.0338554
1b5db6af0a1c0f7787064020,730212020.9695095
84a7286c91f1ca3ecacdaaa2,798620218.3507228
bc6d6249873222ac7f22b73d,684107141.7575407
12501015fb631d7c10ff08fb,812727875.4835562
85b633e09a41cf22a10f28c8,781790699.3826196
7acb92246dbaaec1cc7b423f,585867754.0501726
bfba8fe959dd2e44a4202943,751356349.53348
5325f16558ed6d2689bcbb46,579490495.6235456
d4653d505cede3d24e258d4b,751356349.53348
5146ecaa8b7ed507c4f30785,757212020.0995747
f5b9cbae30356fb3a1d005c6,767233754.1594291
205ffcec56fd884ab24c5600,693811197.2381543
ae7ce478fb66882a2c952012,658661017.2363482
efc9ae02fd6c3f18db866cac,633024880.0724849
2221052e00c236f31e6d5a06,680597777.6848167
54673ffd4971d04493a1b1c7,759178827.9915768
b0bbdcf0916b246ca95c4721,745136909.3357825
1ef15e2b882a0da85858269e,563087689.4838586
9881fb167319b34cc23da955,830389956.9340725
9d2a195e645a9e8556683b4b,760934725.8571972
14acd96163e6b3e17177f35b,658817622.3888035
b2c5af8615b8899deb16c896,596877054.7659181
4c40683e401dae89f6537ab0,593766230.4875771
dd007a202a0a3d56ebc4868c,713874398.8320432
6d9c89a406cf2e755d4172c5,492564600.79086864
7387e7e385063c180f05a7cb,591513345.8969327
9dfd5df5a2efca3fbf2c07c8,662154502.0504578
2a9e75d221912230f98485cd,673622104.9578477
86ce27f9ca03821d13030f18,781500244.6863006
3dbf89c6e97182647bb44e69,676621944.4635453
eaa4893a313d85fcf38dbb6b,624236858.277883
c57e1c323ddeaa7475e5189e,762010359.6684963
84856812b63dfd9630fa49e7,791239239.118504
945202a450bea48fa7f2a95c,654089438.4475408
fd689e54d5c418dc9f2425e7,930199683.5181043
eb90d9e9eb53b44b07ef9613,835171234.7265421
79005399fa92d05558fd6f6f,809778445.4235833
5cde51bd6de3759821216d5c,821731639.2662793
230cb38e035b85a4353220e9,751388570.2498989
a22ed42197987a8534abf76f,460435914.1385217
43a2ceffa8ed90bc1a43255f,517526513.86724025
8f2fbced5d357bcd6b1c7de9,761680261.1416703
6e895a15d402ea7fcee98156,825527565.5237693
b6a2406025f0e1fa09690c2a,517526513.86724025
f46d46ccc7fc415433e471e4,529920083.91223156
71710d25975271eb32c0c8f4,467968898.78619415
01b7bb1556b5c32df8f618cc,614288135.3816197
56e5afaecb2cac6293cde16d,475526471.6503699
70209b9024acb3e5baa769ff,696705451.0592287
efb0b413b3f661b23d674b3d,753827635.4617938
251db9c4b7398902b38b4a4e,624386715.900021
e3e7ffecb903d2daccbf8a53,607731294.8244985
a92ed9a378272ff174ce2688,499505695.7145596
40a53a3f3d49f7905966295f,772730685.3189518
bcf2c303fc03897585831351,803255601.1992053
4b0ac2ce45d7ee385ca369a2,875276970.972387
85c7e8ac008493b34e8e0176,625933419.0739475
0ff24418ecb6888dd8ec734f,1093731015.1937072
3164e0ecd246b8ed6cb6d054,1098596019.032281
5f52e316136696cdb56e65a5,463248016.5321155
5ba4bb943139d7930cb91650,854848682.3044124
ba12ab0869d66e03df12b6d2,495596597.97930515
1a111211207627bb4c840442,810853226.3298017
9d2ec1ed9eac77d534ed514c,563265411.0322657
9030f17b47b3940c2e2c4093,563265411.0322657
3b224cf6107d815a2e78996c,716060563.7632339
ab0e770ac42dcc82b472c55f,670515423.624316
75fd66abeaf040fa76eae2e7,574976624.7022374
c31d98f67673691ece007a65,640473608.0750219
60d5f19c16554cc2d8e5940f,696705451.0592287
53fd196fd0c0558ed1219329,436159741.98078924
27b06d060ecf702fc88c7956,727601591.1162318
dc014623ed69c32abce2d0f4,559941585.2051444
f1a8f09837660445961375c1,871597287.3437004
b98a462d9782988cb54ced54,1051569944.4572915
6ae4843a827b36bf189a32ff,565227680.5774907
84e4f6c6b5dec0da7f7ca0fa,563328195.7772568
b8f2b9c2e63f0091b6038ea6,525474924.56360763
e54c7ea1f012656f7fafa49c,635493899.2293669
f25f5df33f25576f805a95b5,622813903.2840971
ce9474244dc2d40f357146c0,494252320.4575649
54bc553b5b8abad0ceed4d53,607047405.657824
e75d4ce522cf587cd66adae4,637522890.0839474
b1f0b12c28c9bd2d16b3545a,503444567.85170877
412e7b9e1de3df8c3dbcf198,710555681.9837447
f52ce56f20251f018d7864e0,573908448.5101337
6641ef09c0bf5f3180952b30,415458896.51399726
ada53307260fa34f3a6411f9,617662091.4010442
51f0f76e2a8cf50ef3650901,520194506.3788691
da482df3d0fc97f9f8582e22,461282927.5934759
55d47b5f3d0d2dd7c2bf4034,575320940.4127603
1a6714ac2350ad371d8280ae,659804777.8913559
0006c9478f4e7edc53d84916,441838388.37430364
dfa7461510c6dbe5e119d106,614266838.805039
5df95b44c73b249be0fc69e3,478985402.7771402
76bd7a0b87bfb6d2723766ec,511957814.2301845
8570a1d8156dbcc267d3b495,686153857.0090798
94116b7517a06255bf4320c2,666108347.2693342
8ba2d7afde20563e38892304,639486184.1507021
f86ab537a2f5d8c2b223574c,794080071.6622983
9d0d2774fbcb6fcc66b865b8,626320263.1967788
9086e6e757243bdda003878d,736838402.340103
5a3625846567d06dbe4cea0a,863956224.1215463
f51a78ac4b03665561552b0a,740558337.2575897
561a262410ca91d69a58645f,768151772.5576472
08d90f931e7e0a6f43c9d0e0,923294639.2340351
f47c64c8ee69e744e654d4b9,795828512.4201115
fcc4c878af8bdbda6e1fc86d,949632412.9532657
8d9b143cd8eb71b05d32cd2f,795024128.9462187
ce6a3868227d78852fad9f62,907355533.6210085
d82f743ff414299f8c222db9,932330691.7085532
9b2c7e6cfb2d6c66e1ee8a6b,745378968.8305081
6e9009ad01cf466e8f8136e5,795024128.9462187
a4bf0c02f139c695845c9507,944385945.8467054
16cf0d7977ed97d6ae8d2cc5,992325568.8588587
d96855b0ec427f041e7a36c3,1018493068.6481569
63613a9290bcd9e1bcf2786c,1095031209.9576242
32036c1eb131e6cc4f3bad3e,499206511.25004834
ad47e82c9efcfa36ddac0a95,493756308.89380527
d5af3041d95f5e89969c9868,541622363.4678067
f2387712fa17435f56d7b102,543704080.6199366
c1c8024bb6c3635ff655843b,586135852.0600723
11e4350271e9cbb37bcb75af,541167249.6786889
d012efd4a77c5aa5e8d6e508,790925320.1261914
6240b85a47c079cd0efb077b,619104082.970786
85e332a999931ecd0e04475d,459734104.39326084
4ec02a406caf200b700f5c62,651696091.7405148
f3270f2ccbcccf3046346809,742752683.8406851
bfc5aa443994e3f3f78c6105,728111624.874195
aa09cc29ab2f2cfc79e5bc7e,690618740.7675347
6eec5b03718975e5137d5e92,649796380.3104646
6974d82e41437d61c627b16e,772390173.166842
ae3f7f428b49e6948ebe6fff,638590470.1647774
a9a710b78e776c16eec24be6,662658299.5302347
249cf6f96144f769030d1b4d,565609111.0049775
645f3c4490ce43ed68c7df10,652327938.6190617
3413f37549869d2172b76d6e,726635747.773247
956600c9a4ed31e588f8c593,948729165.2472152
00ba709f184e70be13e5bf9b,663075708.943877
275c8bfdd3fec33752493861,678188738.5390859
3206523e850b5b5fbce567a3,718332190.6421009
9c9ffb3401ab6ab90fcb555e,1072062818.05718
4962650cfa3decf487ccbd0c,790766765.1483021
a541b35c62878dc2c425235d,920266176.2612102
2112e589911b979db6e05a6c,842113283.5297322
c9cfeb97323bd6a0564e1903,706411011.5155585
30e1bd4619483b0e896b5229,577674751.7562817
48aa146a36aba8a0270a8a1d,1025089665.9280694
678a80840673787b3aa64228,688424212.2297877
392abbc83cfacfe87c401e27,490308830.30256796
51744814dd3a7e60c0791041,660787658.8268706
c6faa5d2ac8e74c26fdaad4a,628143484.2479336
1f2c22839c470363ff41551f,822527917.4974669
5438c2127072b47e3af428d8,776656837.8177701
32e182242a654ac03a8f3ea8,438720995.5528661
0a45eb817938241ca988c2e3,777666250.8887445
e74d815ad652f7046ba33295,555781358.2418602
2887a0d34994d284759db20e,648469132.0711366
621c3051ef29e8da01e6bb2a,745350321.7886671
54de2275006e273686ae5fac,776823800.3742911
b0a0cc38f73c9d90bff6ad92,639087800.2427156
f4df4ad4366bd794594c111f,882136775.2788979
763206de4c26e3825b69f4c6,781282035.5998791
d5ddcb0a54416bdadb4bf57b,636925553.5837739
bf17eca5afccd9cd6299b9a4,744408266.1165597
02888257efaae858fdc7938e,665694909.9153216
1f8ecf6c089ce6168b3be52f,841650348.9013491
fd7a48744bf966e417f34a51,912023302.1926184
655d6eafd78be856479767e2,735368522.6545073
27472c6c6a801eb749b9719d,665949621.4825201
18fd9bee381e7a8c29a44c4b,671202756.9643322
da5d47596a755078a2261328,655404616.5063595
737c83218f0e486ef4feba40,451652366.3923899
2390c275fccc98eb4fa33af0,480900607.7638529
35616923c84423b44d1d1438,860479186.6618153
22fcf0650753e2b5a2fa3786,710044125.4378148
9d8e7178912841c2a1232ad2,580624771.8852811
36c2cae6de0add92f32d29f4,727470253.5293124
699b68daa574a0f169436ccc,593697716.534821
c3bd0b8277a37832f56be54b,590439813.7826425
6b3411cb8c50c1498572e681,610619903.0564806
fad4ecc419fb64b3f77971ad,684791252.4198519
4034cd9a70d18fe0c883a0fa,502055022.5046166
8f9417de118ef8486538955f,886718812.7676355
33f4f9988387bfc237d114fa,811269149.6281807
40c9f947e826f89c6ff3f898,334847715.81971776
351701c5d1b821253e2c8c42,488465639.9824267
f6b405af32c398147475dc9b,764788127.497799
45750daec6238508791d0d4c,632700004.5467887
eb85bf9ab77f59615960fbe0,781585453.3409979
0ab6e52af85ebf23432d7698,601662187.2292365
9b13a371ed4724d2e2966447,786134757.8259428
081bbc273db70f1d2cc84ed2,666968766.0696766
e113c48e4e1b53adaca275f2,649984171.4982531
4bb0666c55d174e0280482a0,723680948.1094995
ca516516b33dc09d712b3154,786134757.8259428
631e6aee6ec1f720f3c78775,491626713.0990866
c7746198cb5871bd687c2538,681501236.6027582
58a5dacf2f664512c2b00ea2,691881954.7647516
6d8998442d831addafbc878f,727383890.0274589
7d4ffe0038b3ebc149d8f4cd,579778987.04163
55ae7bc854658aa5fa49d368,644242169.5152538
042ff73057dce4d92d383cf7,382812869.2892296
807c04729620ec60ef18598d,387143170.1862056
5dead94ad2dd86dd41448994,651289683.1017889
bb90c874275456d5fe0de83d,599744529.6652164
6ea5fbf037ba7e5c74d7ca39,646891221.7051088
86dd7931177df94a649a4d62,567937859.7064381
58ac250fa52a1ac7ce39f70f,461718039.29509544
2861f1a224b4c879b845779f,399420618.1458034
8d06af8e439c45e0e125de91,655169188.317757
bb2dedf6198be0f3ce2c4ffb,666606532.6040885
57d8cac189a13c180f08cd2d,484720158.3496513
db575f8a4e10a29fe81b335e,769833305.1353779
e8c79fd41b001fb1da0d4fe1,684483488.2533296
b81679b32ea288e9665dee49,1107847018.4350567
841482deb90d19ecb1ec8a06,619019120.1013119
214df9371aa59f68e5740212,600530155.5209446
bc52abbda9027e10b879ed50,597949255.4990408
ce8ce41a36b610be164a25de,784360024.8129257
a67412a01feb64ca6e772858,877199807.8596834
d87896f889ddfe1ba210d74d,369002478.2511947
556a39ca66e10ba3545f2234,563178177.4794754
50cb893af4ad0e21a69f05d5,668139853.7209301
3b5a5d6536a9fd24f02e8ba0,407323955.00894964
121cc20fd81d6322f56d5c53,603588949.9834638
b9c893f3c3ac4dce40d0ea19,645825843.9243
47bf8d322af3c13e8868ed0a,668139853.7209301
a4325969a50a14c948446f9e,772131747.9835185
4583a6b01449530079415768,855441957.3265393
920e2bd03c9d34e36fc38ad5,855441957.3265393
0a59b506798fb96edd7681c7,725453642.2221249
e8d2cdda77c1d885e21c7bbc,1034700671.9084884
8abe99f2b71b13dfe7d71616,1003068360.3479295
c07e98122103d1546d995f9b,943680489.235205
29fdab43da21ed0d22c9c71d,432434666.79048115
f2ba7982bed03cac394ef87a,669574748.5191575
eac89e705cfd337a99417320,483416294.96320635
40713332e88c6d3a393c8b2a,506279553.6544172
a9aad230d22f7dede73acc8c,904324861.9715014
3b7fd4008e14e394dd09a0e9,1205664938.90188
098327587a877bd50df27551,609230214.1884114
0379b6a001e4018c34e944da,644787486.1128951
45f24dd99d362f49c0adb875,386679583.11342716
dce1dd028695bfc5a47aa6a1,536282192.16280013
cfeb702df06baadf29f12eda,438298514.16761166
9ff5828e084070628ef2ad96,629374087.6279621
6920e6d7fff656d66844949a,744927797.287394
31ed69311bfbbe000f4483d4,578395187.001841
d300473e3d2ced1177c9fbd3,592187547.2490461
2cb64650b876ccbc7337a0e4,404616794.45122564
3ab2ed6d140698cfa41f2e3f,625813302.8484192
9f8697b55cb665ebb054f9fd,470453961.8811601
7e844f8a24422ec3b833b4a8,415113805.0932344
55a615a3b3919798d54e885f,704643559.6602513
fd26da8e62b5d1155962f0c5,445215289.9182182
ee9171c496fa78b1461acf88,842670128.5044999
d5182c47a954c964445f25d1,748747914.6350229
e064b4dd7b4e64a3e0016f0b,763306907.177658
36753a5e31b0edb1eecb8bcc,616747538.633876
c2ee475efec76c46efbf1b08,645004598.3531339
3baeb28cb33d048bcd6e42cf,415977523.53979796
6a6d990b9b1bea0f844d3065,870203358.857054
e93dbc804920c0bf7bcf8cb3,662232085.3237231
b9ea1b9fc0e46ba0724cbc0c,574056734.2727387
95e98113e39820523e95adf4,688004399.0558422
942ed340950f02adf9749a36,519234512.5140148
8538a41c0e0fdcb3829364e8,615414088.5660383
804289a128775f7d1652cb43,710679795.7792424
3dec1da01706b06f5d6a9266,510570199.2702194
fe004acdfad6ac6b00911ef0,575009323.0535171
6c679d5b6a1c1b74bf483478,642415558.6178321
ba54b5ebc5d4f554bc56dec3,503665434.1721765
5b9469c3ff6b197bfe3513cd,713117099.452741
2ca6ce8266afc6721d179335,831511034.7774948
94160aa4e5c54bb479b1d0db,407371598.20747375
eea6a2137473c3ba6708b576,386418190.3532851
9969f6f4bfb29e3a97c2fccc,578122337.9370197
68006626a3321fb0de032307,480611719.1339992
2149d04442f73cfc78f93bab,666539442.3235871
01cac7d033166094ab9f87b0,647288689.5369515
15515ecdd35e9f175842a738,633318293.9770945
86f1d6fc54152004e69027a0,856834371.3264731
0bcf7987c4b0ba485c44caf9,607190152.5579449
107fffd601a2bb7a3e4a69e8,805477743.6070511
5a44636153b1d4a74d58513a,584833619.5133637
5ae08e5999ca2ba0a1e2d8a7,783613885.2238698
369e9e64898ea16b7ffefb7c,688812184.9995323
192b505186d0bcadb46b7032,655768531.2881999
6dde6686bfdff12620f198d3,639608352.630189
503a04e079773a04f2abe075,709151033.7773312
42b5ebbca90572b9cea79177,616747538.633876
0b6f2534f862a7ef551a116c,733850011.2566384
05e06a93e9f01dd3984a85ab,513593832.9961374
c6706db3eb4f0bbb0510578a,728402767.5029852
2babb357d1d828c49bb89be0,785470898.2936743
3951171501fc51e2d830cc82,836754178.4114838
fb72b8e0457c0199e158e599,866617167.3338232
df865201353bc7b915b56ac6,536995888.8610803
8d1b3071f5396359c0b6cc62,785730040.5732517
c451b61851c8ae1e6222109e,829547403.040252
e1c33552eeab60683f2f89d5,1055076580.894131
1d8d51cfdf78f1361710708c,649329654.2377744
bdc8e1a1e06d387f9c7b026b,649329654.2377744
2b36d797d32013a126e15709,563265411.0322657
13b3a55d79b79ea89a73d21a,562826724.8019974
e57ad52764215c3d54740ac5,563265411.0322657
19e11b2d60326895b5e6ba01,563265411.0322657
f6e1752b9f4a0a3c8573910a,562891387.8795843
062efee92601be294d7346a1,563184653.4283688
e2c3acee51cdd03b1f211278,654044027.2403431
9390ae5c166e1a976e53e16b,502069363.8225504
db3aeb3a96304f3c255e8a22,423795437.47468704
d353be29e7ed2c35b920f7c3,713801427.3320688
893c1b081e383de73b9f2e16,752675523.3073664
8302e2afc48d6eda16784da6,802449792.8511568
f1e9676bc91a76740f4e9b0e,751331789.6537653
ce86066ad78dea43089d25c1,887450418.34699
c89ac55660cee4608bff27d5,579979724.0358884
b183776d007d85bef0f6671a,799200484.8404799
e8872302ba40e4ea413689da,515944966.87411904
0afc6cbb60f34f1cf00fdfb0,733258602.6448156
a811af7cf12afb1dd9b8eb86,615683439.1487725
7947f71467036449efb99972,890660409.4781036
2ead9549bab6f1386b7a2c77,802607318.7798452
b54e8d557263624947f979cf,763348803.7128346
fabd2201750747891eb6af77,978689555.1025922
7c3f7b513bb20c918a51dec6,663013399.9905313
0dcc222d83e1bf05f2c2c090,871843452.448836
3ee3ee47bfa21462a1fd455d,620894895.9721206
1dc3b6ea53413ece15bea33b,834997456.7107334
f44362b932a8b70ad4b99a29,672817590.6649148
5372f93d988c3c917629f9f3,576694544.9793568
5c25ccfc7ae77f1d85981a79,617198394.870928
4df222356df121a41adadda7,443392575.02612644
bf38bb7a2a7ea663cc8f3d57,576694544.9793568
ad0025f5b240d00936c82f9b,586460015.931974
2afa66b726ed0b1492b9e01b,734001790.0966393
a528312b77b7f84741c2bf29,636308285.8411256
1cbeccacfa11843a256b2e2e,723753428.1518121
d11eadc78d95c96f50b41a10,757451685.6873498
c918e02b3e6d80125a2db1cc,534642284.63273823
b2af005e93b0242e0f62f298,564373220.7235793
ed9703ed896c6118a3458e78,497623244.5780879
8ed11c1d4e7aa1ccf0ea0508,442273522.23247194
9717b066e135a82feb422181,607731294.8244985
294985765f4d12e51a68a451,696705451.0592287
edbeef6a08dd17a941634d49,759490770.585425
26cc292628ce4aa87cd287d6,720813242.1433198
47f7065118bcd4c3878e50fc,655530289.026187
e369c63f83c44329ddad488d,632163237.7326494
383c0948aac71636973507f4,745348286.7393692
6bd1a412c01387af8810ce57,973059408.392772
4b92ca1cee4739104e620871,980006421.975175
0123237414f757b9c3809f88,966914643.2036533
6e36550a6ff6fdb2711a88c1,1097464686.7885208
1b5de74aea685b506a952f4e,326525290.50390685
d85fafb4d5ec056e6db9a79b,565656861.1910882
cd097f6cd92275ec8ace1f20,671160601.3231857
ced1f52def08143f0b2b6849,812456874.2163916
89a03e25c43a555b47c53864,724337862.5557984
f8d64df401009704c152bcb6,540292087.9151157
2a5aedaaad2d908122f28f22,729424955.1224539
edd0b57b90629fb00d036e34,703780088.8494182
f8731413b0d976c03b7e05ca,872840757.3066128
01abe3cfc94be46c1153c82d,788610561.1783752
aa7f5d0d2fd5474cc67cc70e,665954148.8542309
4912c91afa6e4aff6ffdc6a8,806740983.7865341
9d805330fb0df9ae73003ceb,683369770.485168
7daa9115f755a6c70411b9cc,734778104.8955292
f5896513d1cb044108d23785,1173255204.9951494
3ff2a2fd905d81f0422c54b2,612638864.2542429
02ed31afcba033953c79d95d,687869093.7071809
c2164829374d5e880c1a1f31,810853226.3298017
3f6eba5c365508ac192f2b82,493172227.8018808
3289958459cd87f24089cd14,458311518.46201104
ecc3362a649cf08afef96fc0,481170729.46751547
264e00a64cecb861d2c05b1d,762988533.7191459
d5b5bbf927f763a43190fabd,755114052.2182883
2691d7125e9046e597437f2b,720596364.8465636
7cf183ed411cf82df26640e9,651881346.8117977
f81107599bc083fec4a13ca3,662573063.1424142
3c2a535f1df831771b859a86,663130477.8044297
9e871ee8a61b183aa9051b72,804271708.7175742
e066ee04cd3a597dac8ced59,420046637.26175326
2f4ed160fe2a21722e6299f8,555721774.4001769
e0ae53aa3cc9e9ba7ce65f74,582506461.7355257
78d727d0e61a7c8b1cf6fb1a,590170798.4577689
b42f936db049a74c7d24b0ef,817815172.8262467
62e9330888566f1f826e1ee7,644205128.7316967
3fcc5ff04edf753621d6cbb6,847060536.5126565
d4ae25b207949fbf0df3b404,479726119.2766774
14bc234ffb3ff7f974afc8e7,575394298.1846981
64fbc9cac3f15c0f1a16f4d7,618738402.4383951
5fa1c8237da8fc7683bc10e0,589899732.6014568
7bf4beee26ba81ad0b884f9f,592283354.0467414
72a47f70aa99d42320e54787,475616290.727457
07641db461323a5cfcda4f98,482835242.86960185
3af2a1ec9efa6884a8254d28,692871055.3977662
3adca5eeda4939a5ea11444b,650410071.7423373
37d39cb7d3849a784497ed0d,649276902.6847037
b9baaab70cb83475ac3bbab4,583783820.2174351
74e178e2398895d2288e6fcb,579341180.0229095
ec15e2a131d9724b012d68ea,684483488.2533296
ee042a4b4a0bf9a1dcdf1eab,680220551.0835652
35381d7a5b25317d7588ce77,718992285.162356
18ac3368b1f6d8f7171b07b3,769833305.1353779
3dbb09358256bae5199e1318,725904770.9164069
4662aa1c44351dfe271e3a9d,767446737.5396146
034a30994bb2e0e446e35957,732085943.2720523
4cdbcefc434b48ba3d51a498,769723436.2367752
3d3317303679a6a5a381d0ea,860995555.0326183
68f4e3d4355bb71db0f35a65,670237621.9062512
b3c77f4a398b61d9c204f8a1,716129679.6268537
3865974fbc1b412f24c47eaf,740743480.4542605
84ab3ece52fe00ee50f057aa,980063353.8968598
dcdb8d97ae65daf55570c88c,793831446.8656888
7ea01fd99b389d08ca50c0a6,735134488.8882737
51df325f026f4cc5ed2e9a65,1115615728.8859055
1f11cd977996d909ffacadef,1003068360.3479295
5ae03c0e33dc7d3e0e0d54a5,668887647.9985019
da88bf5bc2a7310ff382be4c,921164907.6086149
035de58d60807ee2c272ce82,1107847018.4350567
0cf82b1128ebb8d1087b640d,986747968.103087
bd8b005383020611b8922147,492577488.3318337
f5c79a564600bcad99c74f03,449777635.13605565
b11672f22fafd555f940a8dc,522910786.7307153
2bc88a5c4bea2bd00fd8f13c,606366922.5162324
b2b99019a929584b4904b98d,867737169.6802057
678d0e011f710cefa49f6465,504125861.871703
f7de22825945329521642f49,580483742.1134331
79b5a037bea858706838a62d,602938365.9961427
9f339d547d83b4ef956a3690,708032269.45976
127e197a2f70e7ddb5dc92aa,482821701.6856883
65b8c48546af394a924decbc,520770412.90838575
cdc0c282ee62c51e3a20459a,729424955.1224539
ec824ecd0319e05d1ca6a9c7,680057934.5349338
95f27bf0d25bbcd0d1eb9cdb,640070079.4130274
ac0ee54bdc08632efc0d771d,566708734.2025081
904ad71e7d108930d69a7332,603716461.0919745
7f4e6f790de012946197e0df,645592146.967932
473cb30713e88ecf782651fd,518625719.1990066
59a309a6af425b2028a2ad69,714872019.2160763
8a1b0f59f86e33a7aa7c2c23,825861366.3341126
1e884932e57cfcab75ebbacd,869177150.1683686
8e273f1dde4801825fb19742,787607131.7782928
1f9c0f9c3c6460a323171d72,981706382.8550075
5dba98aa20e371c3947c19b9,866025384.5005811
51516e102f8d43a07037ed29,848470606.3883191
6eabd14e55ff090e8a93c727,623554085.7924641
e224f9ffc7bd70369a5e8b68,1033585410.1250638
35cb50346289f0590dd24d83,800826571.1829089
2aecb598de8c74d9d5108d8c,752909963.7428126
69c7e97037c747b93c33251b,850546046.2915509
b9b95c89c988f68429822e81,624102608.3124182
fa2c5c19c86087f207c379ab,654710761.719445
9bcd34e7a974c977f65925f3,1201751782.546474
3611c89dc71078cd0aefd2cd,602938365.9961427
9ab273eca8cd5dd4b6339ca4,549793963.1940204
4347966ceb1770f758cb6e37,784643223.7877408
2a68f627f4dc8060484cdb18,1045910467.100434
55ff644abd72eaff17d533f0,1047465741.2780296
db563e5a1cd9eb1be832bf5f,1147820742.8352082
a0e9310061ff0084d63dd242,817894200.9718735
7ff62b2f8a28d60f6c4237c6,994752883.5037882
c42c59e8a08e8657ab4201f1,441654739.0450981
de28370454624724128a0688,655530289.026187
514aefd8a44ca048a8088c51,690445870.9904679
3d3a318662cbe218db0878e7,729424955.1224539
2714bcd5c0c503c3bee0e0b2,683369770.485168
5461aeb15c7f826f0ce157e8,538491824.596002
db352cbc2aa3066ea9b34184,656758231.6749227
22b066e6dbd0f2562a0554f1,930811059.7487005
daf8d6d3f4ba21513341eb3e,860067522.9318415
523605d1fbb75b0c5acec5f7,768757539.8712977
c59c2a19b93ca666b7c389d4,664204591.007273
61e57e5539c40e5ffeb77997,768757539.8712977
c1fc25faadb151c73ff254ec,593169396.9626398
63e73f1b8b385d89de1329c2,482664330.07437867
80ded3bf4f2973a5ceb1ffb7,465679858.5349841
e1f5f0e96e5865370423c142,679129613.3875557
3bc1d407f7e7c8e67f7dd27c,732420080.1955826
d87c489d3572187e3280965b,1125574894.2386682
110d49e1d79a3534e146b300,700939416.6535903
7baf3723bac87b0b393ba52c,710609668.7121263
8e9e35321545774dc1f85776,704100895.8441714
e0d6155cb3cdac98f81d44e8,552376489.2322009
bcf775187c0f5ae1cc0e8ca6,641341257.7708247
a792122a1b292f482caf25d1,475511466.3770618
09fe153b0027697e58bd08b5,284486895.5632829
a7283f1587ffd80f4723475f,371746710.8539956
67a10f161cf7215302b6ca1b,377566460.6675771
f403b20cb52d4ad3f9469ee7,674309346.9119887
643e13f00dfe7787a19b1254,629374087.6279621
0eb7c68fb7ea1e58f3e76345,751356349.53348
cabf47337c2cd619f12fe69f,708830813.2626177
55c5eeb4861e8cd71731274d,850771837.9013767
363c96b85cf07dacbb10b92e,744209373.6553574
49b59d19432dbeb8921e57b8,867007001.5416794
818ee3b0c3862d4aae6e7776,333496746.36193466
b15c662c56b19d3843737dd4,600158477.402244
03243195c467c67e67a7823e,541332021.4466435
5db50c50b523f3d454e94dc9,715218841.6340419
0798af235e9926b1e7e4642d,579661450.9162916
83852e78afcc4127481adccc,513593832.9961374
7fe25ebd70b89f4602bee6a2,710354299.2347684
175590951b6f8c6b8b4af9ff,507182358.6149458
d4dd48521efc020762ea141e,447196533.63621134
a681d6e9ccc7bc60eeaf7e3c,816361879.9810461
e137b5003b8c8f18892ee9d3,661253963.3066167
90dfa0d7be06e7a1dc15770e,628858981.8700725
7fb856eba0ae98a40eac3efd,764705365.6012287
9f52855eab4ca5161f1fb492,730197298.3852091
494580f4974c33d7ce0cdb28,805272375.3890594
d972dc3dfccf2a48a6384e54,876396235.1127796
7cc8772ebde8902f55e14b44,593548049.0820072
deda3ad684384ed67711ae71,548011700.033268
b288c52e4d0fab9f579122a0,640483725.9040403
0bc16b384acd3f8263e386de,702742520.0038223
b40d1d2b7c1db9cc57c65fce,815201738.714835
c2580329ee6d7a03925725aa,850223891.1507524
7e73516d57a251061b3916e0,892405720.9996066
7749f3bcfa8339444b0a8b7e,537790569.8974082
557e40fdc93c1824b0bed769,537790569.8974082
edbb5db63dbd0452c51047a0,611366926.019619
383af3a5794a0ec3efe78b2f,606215165.5474787
90ae7af091c23957b88de5e9,672014631.989541
b1d9704dd39c6cef28ae3d17,629848871.4789721
44916ca9b874075f55949f87,646013610.3962448
0515734883eea12cdacb7aab,518830941.213814
faf9f8aa50d936c1465e880c,858012075.6678779
f37c9693e058492ec3715de9,654998703.6696591
562c7846b05072561d96698d,707505127.0082088
4a629aaf60a113402834c042,824131636.0348082
ccc4e48073c3da10a2e2d08a,679608628.7743002
8532c64eaed74b64b4d4707c,679209138.9608713
528a96aa31409c32bc9f1f63,864275359.610884
36fd9fc1f1d9b2e10c1c6463,539717110.0891471
91561030d87ff5bc0a497f1d,645859355.0946931
eb09010915ee68091d6675d4,625297087.3817234
56c41a58ed5b9864b68fc910,510474705.7460406
bf6005f6f71da582a6fab8c7,589177527.3633448
86ee80cbe81724e6919bdb73,525986553.3369416
0caa7856aca178f826fe90c4,751387661.3507085
9e41f25cf2e77f3fbe903368,786407057.7522318
019f4a25794ef01294845b51,621624843.4374055
d6fc6059bba177ab56d85ec6,798823651.9565539
436089e2bf605d00849691e8,693632954.8426279
02a9c37b3d92a6da473c6fbc,518575334.8611977
bde81ef5ff9edabfc7e30d10,754639919.1445647
379fcab709c66fa146d3491f,793990182.1146926
28ac1562ebb5050f1492f576,635461195.6577362
e68f5a98070efada9b5538ee,522387553.07585067
80aef024b0ecebb01913504d,439938225.50224286
f45161bb79292e974dc88b5c,442256173.63030356
6de3c3d53d6aee18ccdee958,525580848.73105043
5f2f7596a284915ebdb81a35,453383395.0409358
291fc50c4ffe7935b01e5d9c,453827963.71027964
42ac33321bb1920fe2a78036,581353170.3007089
c8e00b4dcfa2d05d6a7fde26,789113644.9188256
5c0e328a04f881674ae1046e,748798899.6524181
c28cb417dd28fe4d4d41d114,590161382.0357987
8e160f094a0425aca23f04ac,871944388.5840322
a8944be7383b5689b5039c87,865538365.3425287
cb7ed5960f325114bd3489c3,757260389.9080968
275d73c7dc0fda7cbecfea89,755727626.4463186
85c24df2d836cc8addd9b7b0,674543105.1912547
0fa87864632b7bbbd161f879,554885934.6371151
c7f422224808e043753683f8,1049120587.2639813
c51d1eff1b6d29b4164df520,1052704611.9556546
b50e8c13de383e64711193f5,478733954.95502996
1308dad458274c698b2fec72,478733954.95502996
6a1024c5da689de67bdfa274,678034431.0368534
6e426f60d25aa8a4c6f8c9e9,504371798.66159785
b80f3a46440daae51308d459,697892983.0608163
f59ed9b8ef1726f1a55a4dc3,460014959.26914376
368eddd8b6d39bcc7124a41e,609230214.1884114
391cfff759030283411dfe1a,562631173.7551486
4f140229175de685a0999773,453594627.0844148
cd365053914fcde97b7ee9a8,658958423.8370211
16a05fee8dfbe78d26664c3a,665576073.7990769
c462f0736fdefd319cee232e,797547555.5307144
b419d977b283e33c0b3da86b,775552566.0073571
6eb27e2a66d08a8a60567272,870395555.6308498
7486ef139d41d91423317e0e,685938305.2912676
e663064dd77e3c63ab9222af,881642496.5538447
9a6849637f1b8332ab289e27,1205664938.90188
498de85ba30cb01e9c686081,715934345.6681396
3507f260c3c6e195fc444533,676297013.5948815
e538d52c9b2dc994491be3db,391418832.94940317
f016ba59a64f287099fc4af4,632449609.297475
380ae516dd46442f97acfe14,854850909.0741552
c97e4d7e08db3171290e939c,699176445.9714566
f7847aaf1491103fd931aa5b,742693367.292049
08f6bf438980d55b35ce7537,742693367.292049
a6a06973b5a4c990d5873b7c,697685282.6367816
6e26918c69487a735a639c1c,812989130.2591273
cfbc690c55e5c2bd8dd9d89d,693807588.924623
56fe5c13f11813b82dfb04f8,785470898.2936743
296f0158b5cc1541cfc8419e,781466065.0822551
6ed2970ed02a3e50ac984aa1,709139219.0143651
4c9f3af11fa91e729384580c,661218899.5262969
2ce779caef0637db97954912,617541235.2302402
d743892816160218a63dcd35,706242089.29237
758efd6f99db309c67cefb12,477146234.8435658
a4146ec09d782b08e8198e11,801479995.07805
f415c2bc1bc0fdca091285cf,970753974.0682873
39ef4fb2a43fa3bba15a0b16,819645210.2441485
874ee4f1b9c6dfd3d2358834,952817508.5745243
e9d514f90ebff0de1936d09c,679868303.6182549
9f15c77d67021f349714806c,637291956.4390304
a600ed86cff36e636d204f39,665761995.8408401
58f55e9bf743e2e3ad43c274,633876578.0758586
af1aeb2ba89d29973f73511c,682322476.9342237
bee721e93b8d8e7cb37dc992,683531222.6268162
bd52dc8dc5398e5ca2952473,421818004.98100007
b71095bf5e80bcefafb12d52,517424458.2962201
a7f48fbdf807da68594e9ae0,572136936.4131122
50de04936770f874e1eb86c2,540720628.6434771
2ea47ef8f02712c32613fbd1,582835067.8353236
27eaac0ebf8a5ee99d143218,678228724.4403213
ee594b6bb0751dab39055b3e,481119412.6386627
eba0410242fa1e8dea90b194,720402393.9355084
a619d30d6f2e2aa3b9613c04,442256173.63030356
df58a4244134d3493f3c9f30,596518337.3435849
32dd96f4f07f67806146ec46,663458280.9421552
a77ef77ffa731e8980d36b27,699875425.2606356
a2a1665a693852185673f6c1,773443902.2636361
8267eeb41ed1e68144301a3f,720349540.1363645
887ba6b287a8b3ccdd5691b5,790692622.7498446
1fc94e9dec93d52e0062e07e,725078098.6377592
ffd3d51ecc85abff64258e1c,671020209.3719985
3eb79541c2ce9413d2c54736,671381112.4087481
fcefb2186b13c8bc39b17915,769833305.1353779
d4a43654382201db5d318dca,920478919.7028115
15fbd295328ad698d3c76aec,785907659.9346138
7f5e87fbb4952caa0cb658e2,700689947.2393904
9d348aa70957592dbc56ef32,732085943.2720523
2ac1105447a71f68a50105d1,738401370.5473968
d8ba9eb448ce35ed404e68e3,910506156.3074734
21d42e80f6f818eed990bfc7,786903505.3099287
81c890b0d7cf787a091d4081,778650463.9143485
518858c561af5c13c8aef9f9,871237273.3743334
01cda25ee8545b9fe19717ed,871619130.1337249
2c34c1e1655e87ada03f411a,968095082.5746161
48f9e9a87e7fc0a678460e05,840366019.460436
76ae7be5da1785c37736fdb8,1107847018.4350567
3918fa99179953461fe07f2a,1020324628.497789
305080502cba05a1c165560b,646397044.3721488
5c3aaf3f75d6d3ae9b55cee6,577234053.9467561
2ab263b5d1ba72fa562d64e6,652205129.5205661
6d13129db564ad15e69fd534,769833305.1353779
7de7a2a651273df62aa6a21c,773443902.2636361
59f9cc9b23cdea5bd4cc3ae9,745551771.463715
d4436ad417941fde0aed2818,769833305.1353779
80ab8d9f157c25b40f102854,732085943.2720523
06ca01d3ff86406e896b6fa6,691924326.0819389
88f36882dae9a0487383b769,577234053.9467561
da474e23f34cb63de4ef28a4,732085943.2720523
04f968f1873a655fde8702f6,438670840.13702077
1dc1a51628b8eb1bba214498,503246761.38091683
e7cb4cf600b9d931eb295c71,500589548.6567161
9052c644813d546987a72305,527862968.97542495
1e32a8825a7ea79c28e27a8d,509575507.6803534
82f34c2a6644c4cb0649c44b,711400575.4769565
95815bf7c79e4bff3f41b233,768110186.1377516
f64f642775ed2c9f45aff215,780086716.9797994
4cac81eebdeb45eb0e8aa5fe,775918494.0124836
c6da2874d2dfbb2ebab542bf,803087973.0958935
e7c08555cb8f5c7d0f32fdda,513257198.6994165
10b7c99bee9a4a21e1f32d50,697612385.0634385
f21625fb82740d6f4cf1c325,415980443.6109565
1c3236613cf95c84c5791bdb,519284393.938673
b11c3a4642f7eee2e443eb32,816708336.9472537
cd08976dc2d69110375f8541,570905548.3071015
a44c7ace8ab50de7ed8e5a66,391850809.1615774
fa8f13da6d8be3bc1f05fcee,444653170.04625684
77bd7837b02bd8f2c290c9f8,344586733.7533405
11a79681fb0a3f6eedf11d1f,668139853.7209301
70c3b086af66b0c9db4b0b96,668139853.7209301
64ea18085495f759116f62c9,692083498.3851546
ebf4bda17341de806444ba83,736012473.5545038
54228579fd8812c3ea160341,876221414.4079025
dae0265a0f2f79d3dc010ac8,855441957.3265393
7340afa659775cc18d83aa4a,736177999.1676056
5ba05f67a77cebe5cda31e74,798217914.2815653
33dfb510aae260ccefa4d349,862328000.0784745
82af190e32398942775056d5,855441957.3265393
a9b9263f6aafe8531f3dadca,759964975.5058637
9a38e7293e9ad7d8462eeaf7,1115411354.6672912
5852773a80f7f1b929c7dabc,1175612254.962689
52fbef3effd854b0ad0f62b1,1038936245.1710672
0016e35cfd881ee2e37b49b3,628964820.960108
380759598c614cbe10ae4bfc,781316841.7946837
fb63e870ceb7ff355299f3da,710480426.8069649
285b8cb5e9c887794ed2fd1b,661440307.9013976
f003a46a1c8e04da0052d72f,573077843.7251914
a731b326a61043070c3c853b,581917689.1893276
d2644b46136fd95c0fc2353d,665815181.4873133
8248697f70c21fa361840755,1000843535.7765158
075b5c16441d9d67cf638386,543321702.5534625
6bb2ac0cf2369cd8fd85bc12,770839270.0931003
2c0b3d69fca6677ba9e95327,712131969.2192925
c73ffac843c155f24985e6f6,623596876.3899719
78b57a58368ab056c11bb0dc,725936065.0931497
90b25b6b913c1bf0396c149a,534558170.78371173
fa29c89363ac9cb59667a43d,725936065.0931497
eba756e88209c420d288c4be,639608352.630189
e7081fb59ffa298320321633,769798119.3082153
db1c3ece26da7b342eb7c8a5,725936065.0931497
f9ef8fcf24d28ce11e71d758,655922374.1991011
2f854c9df6212c39091bcf28,681520042.79163
ccc66d77e5f68779b1c016db,792744019.7447376
47d288f8f9227013424d6976,402530381.48612964
3e891afdcb568befebd66fe4,636954682.4480747
2d1f036c96e92d9c557605cb,556235136.6413556
dd9d63c612aaddbd86676c34,575238395.0619643
13cf784fb3553f75acf25a4b,556235136.6413556
57dd353ac00d0e99abdb3733,1026094082.0430795
ed0051ae106fd0df60a14586,748069793.8907471
0997324f14c5823413463546,1070128537.7742862
e2cdca1756b1635dd1ac2b2c,714571128.1113106
7700df9486a1684157527739,785139603.2866747
e790b21630ab963a65c53df0,628330348.5254197
2bbbd9878a1e7c55bdacb330,571864131.7304558
decb25b7fdc0eb259831cc71,696147047.2202734
fdbc74fb5882051327b3caf8,697293028.6853852
39dee9b1661292cdda6c4823,664683122.8465312
354e2de1e3a81a63e7fae4bf,805240280.1057869
f80b9e8c51cd71c5be281652,343906629.08566225
a96b19e82d9811d5de1ed0e6,387232790.12765205
5e5ca2753a908aa1b7fe80a2,663790525.7154397
495b6e61d1b887f8b4c1bcbf,494474570.1331609
ad8ac9edabcf2d4b06ba9fc1,691357904.41261065
359f6a66a407e30b40979d2c,785447089.4655902
ad351bb6437583ec871b1739,698577235.8808008
262b1c8ce7db2b4aca2400a1,847508192.4570028
6808b10f5876ca36f569a4b8,918076204.531065
54c74b36962edcc922573792,553642044.5616345
e7fc4e6b1fdb38ffe68fb680,731701888.5583845
1c9325df5599379a73e18053,754087257.7663611
8c9bf9031bd378c1105e3f3e,712141624.8509322
be70989d473cd731f6d8e580,668041864.9243062
46136f5f078dd31170c58e64,705319088.2238635
7055f85f7749c4646577a51a,427131423.2759691
861aa922b483f9bf7884dac5,428524113.02816164
45f18e0bb676d2495a227dfb,411435825.9416447
9cca7c1e9ff65766c8dd2e29,381961820.4845694
b2b7020e66872c8d83468cec,495970018.34062845
7634d7acd4197594271c84d5,502102384.66221035
11ffdf367d817b582d590db7,615724911.0866294
103687e73b0528ec29725f1e,490879319.931299
8b5369b126b75c497b1a7b73,597282204.2726475
b33c9b03cc12a253e4936cc3,662561069.8458985
ab177c5d60492f2ff087708a,473333800.5213903
05bbd028f30492fc0a9f35d0,597282204.2726475
2b9fd26383758104d567d474,597282204.2726475
4addcabbe23020d3d0d46ac6,597282204.2726475
d93ba0c32244c455e0f7baf4,597282204.2726475
92b772a38d5e38bb51a3f621,766442957.5562477
135ca1dc80ae4d9993ec46f5,605228882.0432098
ed5192bd8038c77ed2e46f0c,587304283.9014624
3a878d44356885ea61bd882b,597282204.2726475
c29c69bc6758d5976024e455,610354627.6720054
dc486a3d7e9e2e608ab2a7b0,597282204.2726475
1a34acf8e509659534a56b63,669217110.6020937
5716ed7d678cc2575397174d,404171435.77586913
444c68a7a6cd0b794768d5af,670477759.7735844
8a724286cf661794084aa87a,757115565.0167446
ff9c4796bc3ef18ae7bb724e,764705365.6012287
35984f749eeb84eaf938bb08,735929566.8351891
0998999f12dfdd50c597c6c1,827445235.087215
58bc65fd2e0e4430fb353d83,680214718.7918394
fe483817d899e0044abc3787,639142170.3498273
183a8459fa248605b8b5bc1c,623136066.2450585
a1f0d61cef676fbf798b5473,645839440.8378911
d7d3cd587d291f389ba2e8d1,598610218.5614836
ff8e7294270343a00978dbc2,607257681.5535067
0996cb112fc3919564e87c37,661022847.811513
f183e3651c485e0001e64880,799547631.0093925
e28474959994ea9c0c2eeac6,842502049.9507556
682c0a5f5f3130a61b5214d8,837320183.8802751
245663c600727f7c214063c9,643732042.0393296
dea79d1b25bb9c78d331e3e6,571973039.7089567
ba212b5f12959e34b4887315,607571594.8405262
dd4eb14b56cb00130955d021,1006441311.1525738
4c94103d4366bcaaee4b550f,792114756.1480539
7bd9cefba3f5dab498ef926c,1244636352.414937
1d7a2572b466070f08c6e564,657339519.2953506
a38e7af984a471331b2d758c,816308738.43921
b6775aefafa4dcc161eaf6d5,779301206.9499002
8654295684292e74d0245238,565442566.6700492
f0ae62ce6eebc4d07415c48d,809276666.9098096
969219d7b193ac92e7a008ec,773874918.9753766
651d6af0968fc05584cb3d25,657110480.2489086
4f992c2a0526c0074bbcd875,506006919.59634084
9536c686b6ec514d92493f9b,650874749.4044882
5384587ecbf956275d86e60a,387036996.792532
bab5690da7c42909464cb9a2,690654493.9897422
bc91072d808fe7b43e972f42,356065094.91604155
37cf2c5c1c6fb6e601d2f76e,451984118.99354905
4cdaece5d1dd4e089a99f47b,502875952.5628978
b37af80bba5adc197cb51649,469785322.8399618
552152b60bdc1ca16d2dbb71,580521460.8987893
32354bff9df0267a5e139156,661624250.5530785
fe4a6d7d7ed28b85c5816fa2,959170496.2470794
afbc7773755043a40a7f9d6f,714226095.6256065
daf2efda70c6f3cd9257d0dc,530093920.4549218
66fa7c9e82a2876216b14b1e,588506348.0984559
e34517b1563d829104e230b4,353733387.2793273
222a35842b0bc09f48e1d0cf,664691671.3172212
c5a64fe5ed5901734d98a22b,578053876.472838
05db9fc492801eac98f69c7e,447125306.98005915
6e4ce81e713a571601d861a2,589899732.6014568
79fe5105ed7a7861d3c0187c,315799910.7315181
70ea911907d320da1f7f9c41,550366848.6194285
e60024d6e0b5aa52e27a3b5a,643331257.4851869
bb63f086543cde77832bd4ed,643331257.4851869
b3c2187fa96006fecc6b8ba0,376030890.5791812
9499edd83df77bd6a90560c8,376030890.5791812
a947158782fe2832cea53040,719041312.4324208
2e1608b8c646a102e27df16b,619867228.0476999
77fbf1f0c35c1025ea4803e3,707689569.4964755
f9e6a759b069e04b0cbf0182,726047169.1145111
1e158f436f2a4caedd1563a2,715218841.6340419
67af004f80b08fae38f472eb,551128644.9410255
386ee01c3f7bd8bdb91181ad,856553021.7053599
36ffb5566bc35fbce9e42679,502809036.80745196
b58533a6850620b0960db713,519186214.40356946
41353584f956b9e316c6c67d,637522890.0839474
b1d1bc7ea83d5c584988b95c,558919919.9437288
6b1c0866e6f12f7fa8de94b2,670054221.449595
fa4fd8380dd2620c672facc5,678055756.936175
44394e66504a4d77587ee105,675766530.5063305
d841d6a82425710e36460f64,710595527.2676393
33501f96ba3b02da073d586d,453702715.90569836
831693b6fb81df1359e45db7,554221283.1222378
7192b9d32e4ad55f6af9e241,622126376.2559338
4f99b97100d003ba3a2ecd46,648786306.3274899
83d969bfc020aea27d2b829b,685427215.2483989
39be6f994f2cd3d68b51126c,623403481.6231428
712f16cf2506710d7f2a2e8d,592007266.5710311
7ba618fdb1fe8694eaecb64f,666606532.6040885
d8735967c942d1a7b0cff7c6,659066707.5307261
b4ef40e00d089a35d750888a,816361879.9810461
7d73a548c2a29ef2d9655e1d,461283328.6480017
63131b8d125073c7dfec72f2,873141870.9421892
a65655a4f42564ac48bdffa4,798684595.5141362
033d3f8ff56907db4c453700,661253963.3066167
05e8878bcb68d03e3b656eb3,782891517.2339633
2ff0775d2c131d19804f2a2e,711116660.2506375
9957ccd807718945178bb847,830593534.2091975
7bcfd82ced5d6f1ae390d388,484720158.3496513
adcc03f332b427be46f118a5,695870933.6815917
b5dd038cf35169bfd0e62eb7,903121878.2114295
35b789e1d63f8f25980d21a1,786903505.3099287
c9a215f284e095850c809425,663421615.41716
d26efb0e1213e19c378edfbd,752589689.6970347
9990217fa4eae1d1c4ed051a,863499108.1910566
2e9390c4423db604e1c7c4ec,628927724.6867675
6faf9b6c30b176e36f2f1d32,592093682.8913207
5b83d91f4d6364d3e4be1428,633303447.5726085
0d9616f0ac8b0c2e9e0a97a3,521258183.5974255
9c9fd309cfb505b628f84fab,852512647.1614738
98b77fc0888335702d082f8b,644096791.9743518
051d68945b95562009d4029c,644096791.9743518
eb8021804e63016fd934c9b2,668041864.9243062
ed6c8c45bc8c1d160cf0d0eb,805628625.5864422
9fc8c3523883947769b2fe6c,824901331.9758626
3e9cdf767389ee551b5349a3,513593832.9961374
512effa47a1c7a5420bdcd6e,337445571.5994555
0768e70fbda0e09b88c1548a,466001682.81947476
acfa7a1cb136e4474b7efe32,691165497.8330965
a343e6ec6eadb287711d3834,689851410.4029753
a698d80ede6cf6243fd9ed99,929630687.9806569
fa5c81237a94f2f78f05977d,671630603.7061316
999c8da7dbed7412dcbafb70,793311345.4062732
c33613eff66948d1bb8ea3bc,639368744.7525734
a642351076b7706a733dc52f,671122564.4605861
c69e08214cb1fbc09ced0971,416059450.2256895
48a20e676a060954308c9ecf,569098909.9221674
304ce5835e685778b1c2b6a1,752421077.0299774
c859144477dcaacbc1654a8c,704539254.1952757
98865eb2f40b8a30893cd351,775543414.2806954
68dd15c8e9b71171348ea24b,1104487434.5146275
3c660885ddd7e98ba5ea26a1,1367678301.4412608
c670315562766401f92913d0,387885570.4797866
777a8d05edda0a335d89e90d,673187378.8152394
81f5c32a2c2d3b32329a645b,499509275.0799017
40525fc425906c9485f1ddfc,472770479.46295255
8b6efcdb553f6e936bd90f3e,648640299.4936668
94dc108f1d146641b221cb81,493602527.8941289
1034ee7a5160fecdb5e8c27c,586681677.9474441
48b34600046c903f0ae4e6d1,920808914.0935061
edca31377b4f7299f8b45187,986466901.4836901
b1586cdf68f36926c3bf72a2,411177445.03578246
70b15c2a38c404e62ad05171,442658917.671599
ce18358366157fa869bf3833,745551947.6485455
6883fb90099426e6f3922909,605910587.2281091
1b7151cf29b565b2f1caa559,797116237.368961
f2ec3a3598c99bb8c38cd680,422773612.2154712
38026eb43ff9876cd5767ac3,519314585.55051494
9f68ff98e302ab06df4fc672,563039593.7278613
2d2ee255ed2144b9fa1fcc39,649327719.549639
029224b78e8f358aa9c38e94,409989581.5720417
88da5851280dbe750968c565,528510470.31956196
1c67456195075a051513b28c,421778570.8723959
9741ff1b895a038c32205784,732421996.7631768
75fdbee42ec89d428143066c,438643183.63478935
9f27627b9e439fce085cb01c,696774023.4678351
a4a4a57cf20ad739291aafcb,764089964.3462397
84a074517742e09a7eb6f320,563555801.4134908
28fd0437736c1b17c7ea1f33,588060541.0754906
beadf1de0732143f0699895d,634274077.7007887
b027f75411dce9c742c5d0f1,625714073.1428435
182077fd9c5142d503309490,642992078.2416413
b1df92683a593edc3f2b45ad,525693690.5419099
38cbcd7f88c1520fa083af9a,642906783.4726018
8ab5eda5b66a6c2becffad29,640965590.6590056
e68ceeb098f60054c19fda0e,655072616.8211207
e6ac4d158437142c15bbd4d9,847275975.9681997
a448d8246781ae78dae61619,629619382.6124666
4e878e99ad2fc34400381c3d,597245526.5556931
beaa09cb49a98e8025fd7e8a,505736633.15928453
3df855d8893dbc62eabd95c6,699366121.8688318
cbfc3ca911ca23517da8c2d0,758708732.1271019
a020e479dc5db78794a5fa77,856561425.2024354
6247fb0e5261d4225f6c9f1e,798062568.7111638
93822a34ec8dcf104e7f49c4,635937008.2730587
17d311554f40ae8b40234c31,621989952.3000762
762e044ce9371d7b8c7acb6f,709525072.2480327
2fad468e1c248f40ee3586ad,836247454.7900773
fc25df25f4151a16cf0c90f8,727391373.0326568
39c1613acc0ba4fe622c1f31,659148426.1055638
2c15a0733cdb932ba8f2225f,690783873.876866
1db68ed64501f35c51d74c5c,772617957.1610162
1d968cecf268a7f14def1af7,854058110.8690935
77c886207faa6965238b152c,457906277.2487577
86242b25bcb2dd775d25191a,560917163.7410204
a8b457cf82926e25cd862af1,730212020.9695095
fec1212eae4e6369d5555d8c,885202469.5512735
8f59ec48e38092ab01c23e33,770228744.3902135
490b89e972abd7e64b5ba6c2,675766530.5063305
f8f217756d32f31faa784c2f,684107141.7575407
1c2ec62e8ebba12c6146a04c,641500547.494815
2afa1699af46ad8124f76e4e,672470923.7570755
8c1695c9a31de0f956e4ccdc,552947100.9832695
d88bba495701ae7a44eecc64,958400260.8869455
00571815d5a7f208eb3e7737,1039917095.8356696
d626a635ee75c23aee2fb327,982765666.0072434
7e3937cfe43dc906983fd321,814243615.5747136
ddd8906ea4a22b782c7888bd,795607327.3537039
258abe0fc321f6b24d37ad86,467755645.12476164
f637a4885488bbd499199148,719393952.050408
97f5e6ee143998e0b3fc97c0,628964820.960108
be4b96920e3aa5c57baa13b3,299572629.92907304
6e7f3a0cb6246f13656fc95c,928219227.6919546
0cdcd8cd52bd1967dab88a5f,558434811.4306059
83da19e7fbbca11083090574,562961868.035016
f0cb484eb3f6e04b5b1806ab,623608115.7586473
fbf8b0f1159e89428778c847,529777487.2577104
7c316b981173919b6cae5516,639152910.7817724
d6496a3215daad9089fcd5c6,1038936245.1710672
e104567c1cc70000692f502c,822951059.6304084
c4476befe0002dcd0c315993,577202709.1363351
3008e821640b33a8d70beec9,646407274.3648747
9eaaf577807d86ab64fb14ae,446829271.48908174
9db120a76af04028d2f0ce68,278300297.5367519
81e1f8b1c0e3b15f2ebfd84a,578776986.9491544
9943a2530009f62cab6b466f,596632189.5915293
a8052c48a500926214eb2e1e,409989581.5720417
3335313b9060ff29782906b6,601144762.2283932
cb93bf58a01eb262cb003061,640965590.6590056
0e04f84529d92f2832ef986f,466276643.7756776
807d7f5155bd299afbb6491f,699366121.8688318
76558d67def95bc708039f05,774108694.2211959
bb19983466b1a1184ee7ea1c,659066707.5307261
34067d9b2b4e45be1e5cfa32,498333701.12294626
1c4fab7d9cf798617fa90a19,645859355.0946931
b4d610e0ecfe007c133a5ea4,644611441.4468925
ffbedc0873b99654d10188a3,407111926.14686465
ac413fd87de33153899a1d04,667805924.4758452
83349bba5fbddbfa2db5078a,799561271.6041056
0a759932f763df64a463ac18,742962288.7814642
fd9ebf37acdbb0e4bffd2fb3,482613086.4261476
f725f6ebcc3fdeed22bee385,540042261.2863967
ceee9fd6e692196b960443d8,482613086.4261476
bc10eea54e4a1767881a2391,648009655.2443393
4ed5718470ffa3e5b5f40bae,482613086.4261476
debd031585e9527fe00f116d,828790368.8814956
23b5f2af5d39edd25db6a522,777063067.5387833
f51000446ab65417942e535d,631903693.6201015
e6ed64435c659f236cf213a8,497512430.457283
b160d30961ddd3dac16184b8,629744448.8220578
0cad79296edb4b18582dd77c,704426894.4817247
7bbf8e16cc32dec423afa6b3,588060541.0754906
acf98212eb702c79f16bb058,655803874.479061
1747dd033c2c2769974a06af,675163367.8952216
d54e80ee72354c70cb84323a,675163367.8952216
de901d3433ade456e9edcd79,675163367.8952216
3fea10126c0c651f02de7167,675163367.8952216
f823f6d95b4340e8e4dd0d57,675163367.8952216
ff6fa86afbf9da2aa8eb7991,675163367.8952216
a966f298e8d4d3d580a72d99,675163367.8952216
5b0918cab84af6fa6c464037,677089847.2763706
bb1ece5366ebb2ef9d52708d,390250026.301368
fa926bec03068764c8545d41,652978876.4072143
3bb987adb4ff573ef09b8c12,608635446.5602931
d7fb188814d4c118ccd83989,428634799.91318274
ba511b37b4bda08d191c68da,537967599.4461926
3c2f62f464aa5c48c470bff2,653822257.1250746
3256c6c6f30aea9cc79b7283,717363890.7652978
9844c3773f7a50c71f218e99,865839524.5173497
23229e392dbd8fd9d80637da,837133577.2674855
e0f47a028df2dbe9129cde7d,866365345.7647284
a12f0f00148e564ef78838c5,856802107.2047962
d3ace27450b980262ba9bf76,1100925357.5002925
0668a4a4521c783a2d817413,732761410.0775249
768f69f0241fe339b6f52fa2,709686502.8526659
e78ef4d2b165a8e8781c258d,565247039.7961091
631ecfa47fe167bfaaa967e5,484251078.89172536
954e3065b1e8b31a68f6d4be,926470419.5252044
e81c5c1b820636f691e5c5cc,599023341.6137928
b4c779732e827ab2fec8e8eb,798915207.4460367
b58208759ce1402501f68906,659049026.7275707
59805e5f4080246ac1d92b34,799354112.2224177
a3fd38336516b98117e328b7,885684767.3716357
c0bf06891690188e17ceeb8a,629683067.022566
efc8ccaeb09a5e1bb0bfe011,543218404.4832027
8e604d41e0cfe9c93ad536d8,933412923.7506509
f770b66579bf2b55a714c43a,701545062.9218136
4e01f07ee4b1241360de460e,979629020.5257068
dba1be42bef913f35a95735b,615229901.4846079
d839ca90c5df85e5cab54ea1,601262788.7843254
ffaca67ff9f0d7cbd5bbd295,1004909161.4938769
6f17875bd3ecf00566dd5c1b,802604199.7353523
10d01825744060a7b777ee4e,570013551.9869105
185b333862e7420f25622efa,780763944.4721531
7f7141f5e1a7964ac6dc688e,947834429.2395703
adae78b82caeb073d84f02ee,758758240.1951473
4c0f9275581b5572635613a1,584149005.030416
9d6810aa1035e91b72de6a26,529006348.84602565
069798704327652a899a189d,541741506.3211067
2f34de2546f13e8a9dee1edf,625439888.8028219
8147da5e5f53a163443e8506,594745369.6043876
6834b61ee23cf04daf4fb83e,871237273.3743334
59cbc0e7dc6e6922feffab8f,620316730.6355579
7cfe5c3f5cb1bf095eb2c503,712682006.8955008
d916219daa90cd2d99edc609,598130299.0658116
e78ad3483c5aa5a7a4310720,591765776.2683897
d048fdc255a5a7f474d48c0a,798620218.3507228
b76a3fe6a49dcae6e6bf5815,679436219.308836
75fa60dfb737ad50073848f2,689330057.9579931
83c1d0e2b8826844416abd9b,599724756.4954028
8c02948b66db263420c20d3d,831201255.873278
33ab442cf58cfaa33eefb6dd,313774031.7291224
d379dc03d78685ad14c647c0,613068729.2114275
5e36efb290bb265d81706bd4,620833861.8285764
db534a5f57e92d29b9e150cf,788138773.302934
5354a816a7da90e205448832,641123610.861688
f0862f57dd6be5e7659c65ba,507084069.06258136
7d58eba13f418d890ef563da,644787486.1128951
c2fc3f04c3870e14b89d5fbb,611101488.8971379
15537000b6806ee84d4615bf,797759418.0891805
e82508e88e3f62fc8e67dc16,804567209.1668345
86ee57ce617b2be312a9efd6,746373417.2557038
6bcc29a0afc735bcf3621595,776832405.603207
d79e2addf7c11180be222103,970700926.3679425
adeadac88e573824f08efa21,701274248.2186463
922c37e46fe9e75e73fc1f35,565898420.773229
5d09f2d1cc5fec761ac4372d,751356349.53348
8c5aa3c826f325a9a6c6f524,751356349.53348
fd0c010fa0c4b84dc75ede86,727601591.1162318
c23150d0aaaf932579561998,696705451.0592287
163405cd6248bc3e832dc93a,572720155.723146
eed12d0c3e65e9989fc4f4bd,670615405.5049742
e6fd53315e92a55c6b67405f,744209373.6553574
7a3ec914a15b47726567af96,571447718.0940173
7f02f056d5eb4aff92b44659,507296372.9417247
2d5d9119602c228b333402a4,425795533.5152117
43fefda5a3b0781578d9f2d3,615876524.0427518
513211d9f07fd6645711ae31,503246761.38091683
c3e1e0d2618556de7df13403,662573113.473544
b4a4d705930d9afe896dff17,574686674.278001
e44b023e39910ed29f4dde2d,790887893.3425726
4e78d095988a92642a1bd18c,563625311.2524943
92507b623f039b4ef5be8870,697902752.1584485
e216fba4bffe753a527ecd4c,604015520.2919536
24a4199c17f9c56f0b3ed12f,646783341.2546445
6bbf09c3bbc3e3a000cd2afb,581526347.9662614
b3d45812baa819caa1400255,760807677.6723788
2688e4cd1fd441d1da455504,687803007.125384
5dc1fd6ec7ec8c8af71e3b6b,779185696.9011111
f7b7e298ca8fb75e11e92999,591561329.8111886
05b71daf88eff5ae8cf5789d,736171475.4070735
e8a7ddb4e5d43d156692326c,950178126.298957
632820af2a0477aea5ccfa1e,701693895.6081825
43a3fbb8218e73b956ca50fe,765313630.7684898
398c195aa41ace34a16b0d7b,891536440.3598956
ef3887783a12f591198d6c27,609841591.4790992
e6653cc1c94306d4e56ba216,638605452.0729451
166c21ff83e97c6e74169d92,792920327.4858732
d0fccd2708fc7def00c72317,764033854.1626475
d66bd7e4bc7b51d23af57de2,818379884.0381804
8b47b76193159a21c3580a3f,805860658.3242501
448d159391c38e4ffcc405b4,502219798.16246325
9ce7fb3190866e6a02e01e26,541513718.6945693
c25f892c01420855f61c3dd9,445215289.9182182
2d5ccb12ebb6fc7d4ba462b0,616747538.633876
9eb4041ed9e159ec0d890de6,467746822.7368224
c342f6492f90ccf623e8e8cf,516309319.9708094
c3a78d9bb10165d9be188394,723457293.3928806
1978d8fc2031af21e98a4e9e,662389651.6142166
d6d581e852a025b61cffd6cc,763306907.177658
ea28f68a1d1d81d29b88531d,614917864.9210354
a3cc0422a37512ae124013d8,728111624.874195
073a3ae443f3333f0f526f7e,677354600.2278898
57238dca767ebf3a842c5f10,900239776.3926107
113887ac25fbff9d30fe8d35,609740533.0277333
fed1a50c562ffd7f30451adf,647472378.8685007
b1e9075645f4b374c7301346,665853335.6219378
6517c1efabdea4c1f93078b7,412675498.6156342
b966fa606a3b50d3ac7249f6,1104456077.2524166
e0ad3e9588636f454e9e484d,694178867.6735992
d7ad46cde8eca723de6510d7,767705275.985025
447f51e37fda773ab748814b,733426105.2722492
a6b992c9bf4eb32ab3d1df4e,525871435.86751264
3a9c7ec02f3e7e419669fee2,432999147.80461323
c908280d0461c3585af94d53,757537453.6820576
b3616a055e722e3720cca48c,763157609.916056
45a8f6d942533794501d775d,700883859.7678379
b6da1db3aa02debd11e26edc,639761877.6066209
6d12669907d7d80d0b458a93,668435705.7469705
5122b2e9638d3438434fc56b,1013375595.8713741
6367a127b452cfa27043f74f,758029068.8114607
fb3d29813052141c015669c2,777171450.1535351
5fb76f2095eb1a5cacc2524d,555984351.6596541
95632ec6578a204881694dc2,562490145.1428598
846b75324c0f3cbb027387c3,745396663.2512299
940dd8311f2b49d4ec212fde,624200730.9181466
bd0261ab68cf56950ccdced9,568839974.982699
f79f0c23b5cb96b5d022582c,670696524.6685573
795cd68f9a5ef45902712524,657290389.9902197
d908973d90db91f772890c9e,343909622.97983915
d670be6c848b1e92abbf415d,442256173.63030356
87b940bd3dae37b9fdac5d4f,493068652.0583628
8a7ddcd0c452e7993bc5087b,497923191.92355764
8925e22f8511be30d50545cd,794080071.6622983
1342c307971094041c9c240b,693040534.9460312
385488342bff3d3587250c84,822896994.2133664
f8e25b7d7e93c45df1b3a4c5,1052704611.9556546
fa4f331f05b1488990a69ec8,1115411354.6672912
a71d187784b309d65cea0b14,1202111245.8298542
0f44b84024412099f27439a7,489036620.9879752
0ea1a5d32324d270cde1993a,769601688.8701968
b13cdf9314a34852e8db4221,571845348.1461532
75e0815e2ba7269a10d9786f,461797342.63660467
f42b6680baf774d27fdf1e48,547480009.2490122
5cde1a59393643d7ed4e909b,755077126.1532371
8736dfe0f1c6e2181b0ee31e,756967113.9268256
5859ec20de4a5036292ee947,766490260.9563493
1eee0ff52c53f04307cc3216,673828607.1210966
b455979bc938acd34a580eac,877177708.9927164
6921133528bd6fa3675ce8de,925151869.205225
3d266736d0307404a5804073,590386499.3564445
f4f6e48b618064ced466c302,552201264.0711148
dcf606270a4612aafc5f9f29,625795564.1159931
5e455623c380290e0a8e4e48,592283354.0467414
ac3c9d9357fbe72959817602,579341180.0229095
f48fb9d9c42b0ebee72cfcaa,555160764.0510576
dc99f2871bc05ea7e8a97d72,878124203.3670839
b5cfd5eba0b6297cefd6d3d5,834196000.0122955
0dd30227247f145bae82f96c,773829982.0682478
9f347bf53e4ca4d264a45241,666294245.2746013
81406ce289219cdab015549d,757537453.6820576
a085fab6d9b9d8c24472cfb0,1013375595.8713741
1fce0e993a57a3e3873b8d7c,1003068360.3479295
af67d51867f382dcd9cf34b0,970401917.5975369
432f082ac51bb0d39ce45b0c,921164907.6086149
b6281efabdbff697d70925e6,975097757.8017753
9215d29512b14aab6178da01,1206965878.347039
6218a5d7267f02c576e5bf16,663514729.294949
d66cca2c8e08c89af26e7622,769833305.1353779
ad3b4ae81c322a9f91381bea,652392432.366202
3a40bebb521445fcd32cf033,841875123.6332018
c1ca38f941200a9d666aaedc,601910172.433443
a1da74ec074df16a1e8690b9,1118087868.702037
502154647e351af240615b98,719755088.5066966
b57cd3eb0290984f061e1053,513243987.9120484
4db632fdebc000c9e64a589b,592007266.5710311
e380184391898aaa2d3dc540,702091987.2603205
dca45f1c1a79ea5ebe639920,710044124.281677
961de1cc8601447b03682e1d,687227731.5388818
60a4f09c268e61fbbe423ff1,376030890.5791812
c3191b6b40191009ae9f4b7f,851689839.7500199
478ac408d2a5c603aa23cbd5,898433492.3765213
ecdb747ee4a3ebf958252309,479726119.2766774
6c36e346957e336a33a7708d,718350935.7624322
09b18e3f3cabb7d5469a8d51,735020009.9511677
f1a5856ba56e7b12cbb9459b,499312026.4686891
c378ef33f40f8be9263e517b,592774884.8937302
b45911f1875da543199e97b6,855293745.8557496
678c70903bcb6c90e3578d6f,856682695.2041081
be22ce55ba31cbf7cd285e5b,618804277.2934988
2dc58e6aab9399e9677265a6,994463531.9990785
dae55582e86b1f514a4ec3bc,758163618.3704934
c119f62348e418d9ada13362,762986287.5782272
33510511ff07dc7354cca7e8,716774803.0415868
16b79a8af9d6376c73c2478e,800800145.4261391
714f90489426e80933ef31b3,546692765.3788862
6c8e1cda487c9841c8d297d4,714952088.3066216
6d9c4bf994147d8892d27f27,746106248.3945565
1b300634b71b898299c54671,661270314.7201715
181caecd269e115cb5cfd75e,547163614.2238454
059516a91f938d2e8fbcca0b,667343491.8168849
c42ce8f9f62f7a315e028e3b,560059027.3373818
bc23e25cc246ced4731ce5f5,762651130.0802518
de44f54fd6b1b62f30956f5c,730217249.1261619
2ef897a38b95d7b769856e78,647018458.6496762
2280b5f7c47c3b36924b84a9,605529355.8097681
16ef7eaf29eab571e229e537,1043343169.7678362
48b1f800656bcae6a9e70802,641782149.5473391
b4aa025f8813a3f0b132b7e0,556766009.4419397
3c6092e8458ee81aed0db0a3,662500647.4896053
d919dc64995903c9120eb61a,670810416.4184495
ef53741b01120666a08db213,742436460.329126
c3dc5ad23dc8cfce0671adde,647711981.7661229
a270fe47ba30ef0056ec6c4c,381994751.9587773
f550bc7ab5992a6fb48eb60a,857978442.6964507
28f980b3c741866e0db5b761,741164518.4427884
c2ebd39857dbbacb99e6cc96,655751468.8150545
bb9fa21902daecf876c0467f,821023828.8353919
fea142787b18327108ee8929,666856270.8380815
a1647603f732f97a99f5ec6e,850126859.2283198
775f25d8144580541bf2746b,591902075.708507
527a8fb085995119f846a5d1,795629365.9558579
8b69bb9fd7f0f19a248f5cf3,664963042.6778274
3b14b48188fdbb0917414039,652978876.4072143
02259637b8ef1311c69d3d90,858203381.2790195
50eeed30ba674cb079689afb,517225143.6550776
5fc3634e1fcc96b9215a6cd9,774544601.0451382
23cc24e23a1d74159ff78464,754937337.7574856
44551251fe345b31ed71aa5b,717305937.8598225
82ad984f02ccda30bd60da8c,724793960.9044473
5734cd4805f5c055d36ec645,680305322.4488292
fc7ecefb27bbb5c3e25e899f,440958686.5697241
5ecbd5b92092264f4e9101bd,609805437.5256294
83a8d9df3a535fd273b27c15,1082948252.7227006
d76fadda8063e44483aa024e,734230914.2219335
a15bf12a6b8749ac8f9de19c,434964251.98673
a3f32d81f4cd99dc85a16bcb,604349384.9821823
4029115038a899d98dc93d3a,1019589664.3178024
2326bb628b4a571921eb7345,690128023.8788494
471d6fb8037049e1e4d120a7,796533733.1467055
b73945103f07da807f7a30dc,856802107.2047962
d6f4479f9226e52c93d70eca,532342075.1260088
420b03095062d9571144a276,865132964.6492326
ac0185c8f724ddd40bc0d235,567539095.8596601
228280554ba149e60f81d639,676273767.2576735
8a44e15417d8e520a99454b2,460311604.30091923
8978ec4c5b2f02fbc1f57820,899114607.9756778
2ab88dcecdb565b6412f5bfa,608257612.0440581
1dd6f560c804c4548561cae6,896977433.0051631
90e94b7e392f84e01a5f1551,744277720.8727834
84aa7d1c2590f37f0fd6dca1,538798182.5272548
0821fde7debf7cc445434024,508415362.5325017
b9973b07c84b99dd1018050d,529952189.687562
169013bdcc2ef214e0163ccb,674002893.0304368
3c8eaefb3f5dd8d4c9f5386c,720349540.1363645
42d91ed3f3615247f57ebecc,721618010.9304475
a7f1397df30d6521c216e331,799868728.6191685
f6c6ee12e338b1f9730b6e2c,482870442.56876016
8f4687b666256e136148c3d0,787111175.661401
925f83e20a153a1e094bc606,925053791.2834679
cd270a11dd8257648d1f0444,691892173.1927888
ab11db71265771ed4d9de64b,401372600.76816577
ec199e33b7557dd669fe1aa4,328996607.1607141
b47fe4670c6b065a9e1db429,534973489.1339062
918947d51e52e0caf692f22f,576596950.0836409
070543b03770991d65cc337f,920452447.4668741
f45dfcffe189327cb0d303f2,830982962.2367083
d2e7484c81358d4c79f040b7,709778514.6734546
73ff3a6b0cf4f7ffb244507b,865538365.3425287
b0cdf05097df437354564bc8,426679304.1954539
33ea5de5e8f5c639a213414d,863818121.4650927
c94056bc09a4bea0e853cc41,622702635.8529772
6d5a91ae44cad7849dc4e969,754715417.6606622
b52e0738dec9d2f119c75a9c,627073444.4611152
0e35349077490a01f25e2ddb,871006424.0462577
9a5fdeb5f389590eb46e7aac,943962672.8999212
337c81be4cb14d494ca69db4,675073659.9969082
ff28f1a1ea72e21acb157f08,966372947.6768031
e83ef75473fefbf8d7e52302,424262335.9522553
6d3e508ff42615eb78862723,550492724.9218382
3b7ddf527979726fb8aa1683,535541818.18247145
7b08cade91e2be20656ee856,569870484.9097066
59cb7abb39785d5263a156c3,816425207.2015358
bc48ec7245297b4cb85dca1c,721139895.3423085
0f366a36001c0766521b9dce,551609720.7079283
6ea022e53741adac484c1798,813697209.5275685
aebd6304298f84e7d440c379,1019985436.2201291
c5b333e454ed6e93ad32d96d,650104443.4838943
bcd31d201096351079cf7ce4,533758019.40172815
46cf5b18fd7bac0d3332d70a,707276423.210709
1dcff645d389e7b687a498f2,738425090.1615072
cadbfbea1d03e6538af648e5,519646733.7742479
9dc0c6ef8389978be58daa59,839959548.7219386
fdc00f6ebd155e84a387878c,517918900.8097748
99c1b39476ee8e2ebfff6ffc,772131747.9835185
8930f231a5b9d8db14e9c656,658753033.1972429
2dee15f1b082bb986f8d9513,719885604.0531548
346c734ce163296a07526a35,703041649.0552633
6079fb3769f843e99b47988a,608591298.9770868
f5802200af1d28eb48466c1d,608591298.9770868
1f8068ab65469ba56a1f0c4a,608591298.9770868
1ee45a731b6f0242b6d2936d,608591298.9770868
56b7a6da82134b135fb7de2d,732882628.197777
340c4d762f830197fdaf0977,725757996.5711223
1bdc0d441e63089737ac4c27,546015951.1431477
b3d82ceeac64b64142286375,547791191.5971588
947421747f33db213e6b1326,578378265.7081674
bfdbb7aef98d4855d459ac94,708796252.1203359
80e88d50c151d5534a57f61c,785252992.2956134
d0f6e19e92c03b40a5aae3fa,1047510084.5976698
6e2a3e49dd6434ed01eb5e71,614715657.0703858
89e2d612654b3c792311faf7,646715243.8105937
29425249fed4a74ada083dc5,447548628.0576178
fe0182e1795e2b87eef4bf41,690645323.6079767
dc9cd30b760a1280e0318512,712855452.891229
d22313a06e43b8ab8f6672fa,469899837.5191627
f91cc2e5edcbb704c293084a,941735602.4359453
dae776f643e809387148900f,1113017543.9607036
e55634fce84f78466095e730,535362711.52634966
a507a938532411f06c57ed8f,721642969.4949534
30f3b383f2d5e4709c9304b1,735444319.8319277
aaa43db51d1ddea564d1bd2e,579528036.4693928
b3e76a0a1fcacd0218c17908,517327402.15795034
e548ef7a5650696c0e968cf3,820524034.6482707
939afc1f6250d528b0be8e3a,733707485.5448333
405baee61afa4b08dc25e586,778053700.7896999
0c4781c598c06d538c5fcdf7,733924738.6908804
fc321e2d9b4e954e80805be2,749620209.7966411
dce18d258c352b7edc60c304,566708734.2025081
7b0a2bd964c04d01387d78de,783380984.5765802
43fd6b5cb01d05c9b1db0e65,710514934.207155
cf0152b0a5e886e8291ef4a8,905585259.3430711
d05030b0eb8931161855450b,683689735.2901071
281ea3a3fab48c028721ee1d,810422390.5070336
4fcba82455866a6931590dec,714872019.2160763
ecc5e3781d5e004ceef8cf76,910348987.4279298
409cb370961c60bacbdf7416,328287765.2508612
54445913b2dc2d6ba35abc66,751997110.096378
51a8c190ffb673d4fc27f4e1,632001505.7862166
80e7c6b194b3229e3e2b9aae,734946412.3107972
bbfc9b05caa647bd95b3c88f,575353981.8707519
128cb9247755abf5f2801431,535163212.93511665
ac180e846fda5cd7f1123f6d,791536172.958541
1e7173670334937dc61243a1,917549062.2785243
c2555955d5175b31e5f783ac,709443659.4328821
d87bbd60fdb8b84a9fe23ba7,493366772.0403861
825012911321d636425cd0bb,958849523.0455303
54561e6ed5570577ea97eeeb,735787419.5170406
3a2a2df4f07902b04b809125,701751010.6554233
ea7e3ba584cc5ee45ff8ba7b,829719496.9405484
25093735f186b70beb018317,619243964.441066
7fe1adc0a5873cbba4b021d1,1104151345.2065172
461749398bbd48d69b444d7b,566685228.8279922
eb8f668912b70fd554c8c723,635305385.6423006
e2f00293305c464b361b6178,464675443.5204619
02a0a38b45e1b196165b0098,821646865.5118219
0e6dc789744b678028e74d56,652476205.4052317
58954e79191c62ceb1ead100,774148987.080801
23aa0804aabdc61650b8562a,694642574.3839773
ef64565957b5278185b2429e,548322201.9848502
253725ec3d7939088faf71b7,494017208.1923396
a9683df184aa8b4ad5d0cc5a,708197964.140232
3c38153bc36b364b92548965,633074612.2139392
286cdf6dfcd95ee9edf73a93,390760688.9358573
df93a6e36d9f19e252fa9de3,635915256.5655038
586fde402c82c1eb5a74d634,535774795.8785925
5fd3b0299c0d52e48195fbdc,531285209.26247966
06d33fff99a62c330ef2d585,593259962.3573828
df98fd10dd8ae59956994521,490427842.3459237
361715cb422c5fcd9125d5e6,442628494.6902244
af68665ae8711d009e8810ff,606435864.0473852
63f3295df28c02953241e2a0,533755452.6635448
62d338c26b44153bb075b234,883878280.067123
41a269c661f20e443a7a25f6,719825272.7511677
c5a8695b7aeba06e46266959,640431453.1026813
17e5796a30da5eaf310d02b4,547372964.2428682
69acab4a6f82ae943850b9ae,599584010.3386567
5fc3ffb33090bf75a81aad8b,639252930.5037327
02d89daa77bb313328fe0c4e,521483851.04358536
6ad1fb94accb91bbc30449c4,575591498.1537747
a1cd215fa99b8776818d0b0b,405277913.01175076
0553a3aa7d961ada6dfcd52d,546035994.6925904
c6ecbe7b57db2db74b0d788f,781730042.7476535
a4b23fbdbc7bbd45c5ebf80e,812512586.3256749
3bb15c6313ee70bf4d88f4e0,635958176.1136467
e05c52c9c8fcb792ace06b61,555386780.9540865
5fc77edb0e5bec0ed8e72a60,666231586.5125085
85e15a0a63ffe482c68ec474,961997349.1720086
859025f2f41efa521a74a00c,514675598.2276995
1672a21e6b2d8d0525df1759,516583510.91445273
7d4097722aad95158c51d24a,490126783.04151326
174fa597347f2b1d3e9016e3,691547620.0617305
3f081fb77ad08f8370569bf9,531910040.3521478
74cea4c9dc0e00dbbcff8b1d,880598276.4366088
4f5de1bc90694fedd216ef40,1001111866.4043429
8fa4be9ac1ef719dda1f96bf,460249543.3737656
3db3b80a902c10004cd3a3d5,989160673.1932968
bf02fad806fde4e3575e75c7,763508374.5097016
edd2afd07fa1305fc3126078,415559168.3997772
bd5d2030639ef16370cca032,642184170.9538865
87e74ed42a2c8c97f7bdd239,858198609.71776855
d1c6037d0750bcfe47d425a5,514779186.34344536
763c9a528d0f99f34e5b0031,437789191.06052077
8b674605311d296990ec72e7,552470481.9075309
d7cc3d199e538258fcc83f75,498965526.8522224
ec6ffe86e9ece6fc03556ea5,479040820.6422572
9762ecd72557ad6728274e1d,658459082.0507897
49a2d111903c77053d44573f,554835376.6523952
d06ab7503c6deaf9cd405f66,1073398383.5088785
23e7dd821ec2601ee2c6e353,1060893645.5025895
81519727c7ad9f60d2c5f224,839834653.7336825
a4a5b6a844c14b4eca92dc49,1001144067.9347022
7e647c5e0a7d95ce87cfc8fd,880609608.2272367
7a1bca1ed03e7cd0e277fb95,530110678.8924431
03eb8da7205428e61bfb2845,618597060.2816988
82780776619be0eade3d72ef,505954566.8376568
4c03afca943c3f2484b8db6f,530110678.8924431
85d731901b48348f57932240,752166108.647096
739de8928aab4ec77a1ecb0b,633680458.5055621
7f45d3809b08bb32a45139f8,541941412.4167552
cd14f8aa1613d754221c4735,702731616.7494862
537a9a2dd0ace0d0131722a1,710566300.3509201
2d4a781f969a4fa2a4f04a7a,694809591.4294101
e3676f99542f27c9037fca29,732951667.6552674
bb33aa4f1a7732fc8ef19039,406808553.5937316
9f11661702873852a3d65ed6,422412647.1109998
d7f22a4e6daa572583e02640,384479495.4933916
f6ce37c42fad91fce47758aa,382239299.7062883
f57cab248d2d832725d78135,656797741.990061
9d73758bf7569cab4837e49c,651984516.9146377
322bad590ae06fb48f80c533,466406076.39469635
5a7b67d4c79ecd83b7ab66e9,842833680.6769289
8dfd846e6df9a040ae1188b7,424425854.2222805
44a587fc89d6b6489157ff49,786618711.6099219
f9ce5b7edb104d4e8407a344,628689971.5365243
73786d11f1fa714aaa9f1f90,720504639.2870245
cc72295ef156cb2d60d6b10f,971237072.2846416
c9851396352bfeb05fbd7580,1054458554.8806127
b3561144c745ae3d329dfe1e,469742760.06341445
7ccaf332cf87e07b38b340d9,1078791767.937841
d63fe229354bef8b02b4a934,746972074.5978744
2e0a8235637e98dfea862909,687921682.4824129
0a1b14f320e330b405b27a6b,877005021.0659631
db41266d7b500a6daead96cc,416017863.1893185
364b8b8759e3c408c4005021,687095808.1848599
73bcd7efb7a25587bb1c31ff,699101695.2812049
17060f24d81fe2661c7628c9,658261620.8377199
98318f22c00ab335d8aa23c0,791889154.6975827
c926feb307c493aea729001d,401866285.2225361
58d92e8a26589e37b7123716,617717366.8181914
54d11dce9374378326f7ac62,618089502.4202284
8e79eebcff019c3362a76a26,775217730.2096014
02cb957c3db9ded3691a9004,594398947.1829695
561689dc0f267cc5011ede3a,805184802.086068
1533da89d388196f19e2c5a3,811414250.3243831
069ddc5d1f3c855e6498ac50,514409191.8610328
d3aee2a35856634eb710efa9,677173797.0307618
4bad966abb5e8c4121ec69fc,577627795.3612281
f059e39d22124eb9e7e8e20c,752156088.5313982
3360f48c1ec30dd1c3175101,509635720.0777398
2218c6bddc994984cdc6e567,534115486.5374805
c2a9b4b389ae6f20140e21eb,684442694.89978
d135cfa351ed6abe4ec2033b,672550715.4470106
668e5bdda1f4011578534f54,924579767.1452986
d2aa3386ae240d7387424e07,603135196.576395
e4f2ec7e2f4389c1efa52c0f,600442656.774896
d4f90a6b73b1e179d3f8eb70,727377656.5525798
5738bc8873b341bf92ece0db,616136534.8281695
2906d21b1d96a1ec43bab50b,777758952.999463
4e1bfbbd8689a95fc97fabdd,487257006.5049543
78410b0193dc989de2d24da3,782683336.3433634
fd7f194d9929a6f28ea57cf4,495948670.08682746
5e7ac1ffc0886c27471d1a54,781957265.2308402
879d9e3b4ef9063de41ddaed,629965335.4382864
4bf620c6c6d4c916bea70e81,656317697.3119277
573bf87f57db6e037aeb94b1,663304914.8648794
3ff7b739ce65f0b3066806ba,865917688.0320873
a456f85bbae3f189ff424e8f,531450721.25106645
6683685692e955a8ff172c89,695556055.1554155
82e1ae440b386c7da3a580be,842132527.0357494
efd178c4aaf3fc9d05b8dbdb,468620929.87731
55ea155410b001104518e992,466132679.7555234
32a10e550bf7095627d17da3,483460562.12408525
823124264778e5ed64d8664d,693434163.2179695
fb01d990afd25ef96ed048da,1112681101.3004365
df22426db407f4c660681c7f,531865015.2642188
44fab96fa2ea501e0b94548d,847211567.2898117
871204bd1b3505acfa632954,648807116.3147284
3d63320260d150d134fe8648,611382617.2053069
b8b9b90d5721a9ed5e72b328,640632739.1536218
926d12cfe05643554837664c,378743112.76133865
cfba6db03f0e38d1aa0802a7,642256057.6388655
97b12012ece8a740944aa547,714724040.0609988
8de317591cefdbc375a41483,704715875.6349783
46d34fc9a8edcc199a537b30,799635121.4539486
262e3b4091dfa6b71af020ea,855225529.2701833
396761edaa353e0828949bbb,510096561.94332975
8c18d3417886c150136a03ba,438929401.5941246
f053d3918234bad409410755,612835518.9615852
8f5444b81998e52ad76b3ddc,721620039.1260912
0daf89cf494e0f40a94d3e5c,709380109.2019747
dd8c289ec872be3fe3352313,670966439.0047146
f02f6c5b97b8e3cc5d5a74dd,657981227.8488595
5f39cf56c4e1bd43f61ecde4,661519952.6523327
5e187b07578d582ff3d8e189,659960062.50036
bd018b302f732baecd085ff0,676104272.1371725
674cccf4c7772d6091166aae,855814546.6571277
38e84c560b0455548ce186e4,601425868.2916116
d14173913bf5ed21e3ab50fb,486340612.0620925
cb8844cf2070d8697bcccf27,420946619.435821
6b44648a905e7f4c0de6c855,488899153.5773855
148aedc984c7f6831c7f9601,459315408.46887857
ff9d1cf7bd90c5e47a0bba3f,410937333.4988173
9353136b0c791bec58f93ad2,655978196.301536
de2137c70bacfd5087bc5c68,640080105.909676
12bf6b9badebc2902cc11c62,474227303.70004296
c0706c78d5d98202dc24e46b,797863161.9753802
4394a27b21889bf78927ddf8,538193376.6487275
0ebbe9d3831727f90d677ed0,837579829.5743529
caec584b5b6998684bbc6a70,571009664.1242111
0c302f1c924f8efe0b6bb58e,667994290.5828342
e056ada7a37336bbe878f38b,761600543.0610756
905cea21c0ce1cae97fe86ab,747513213.5775726
e286b12e5aa7929334322842,691992441.9473286
6cd4e68300a8bafb9d22700d,781226404.9642013
39124b1ec419566a371af8d4,804858115.9827843
6110b5bf07cf38c437c7ca8a,1160475662.7185824
6f8a22e4dd21f44bc6d383af,1082184686.2315466
71eebcb108c4828b8bd5b84a,694361959.7711406
5d61946d53efdd9bd0af140b,709975535.7560111
c0620585c12f3d9f1298696f,651329552.1181872
d27283e3c941f8fc256c3f4f,560479459.537336
2acc857ede19953734600dcd,684835615.1016284
32474481a0f8af34a4edfec9,666886330.2922378
6720db016112cd2a4a5e0358,602299906.6297853
959d0cba47f650933b9a5168,867036587.3995948
32d2c5f1707b00c93407a19a,587928961.8554682
0ffdec8eb5272d9fe4775251,565247154.274234
c77d7a08d5b9abd4d3082fb5,617759909.578581
a3021c7c465dfdd38cda9f9c,715328494.5708107
aa24974831a0c608635bbcea,666610926.0055373
eeca3f5c399785a1cf15b1c6,635391684.8759024
0b51fb3a65a86d7799f27264,467633111.76384634
1af16b7f14dc04f05edf71ea,538217433.8737887
e0d7e4dffa0f3dbc40c7da53,660120539.1670167
cfeb42023e2737491b3e4283,830683243.1597133
dd4e23681e00fa1cb9a679a1,586781588.2011125
153c89081fd85dcc66a02421,668872683.9133247
f25b2ce0d988bf5490fd780a,427850829.316747
8700c9b62ff5a5c3394b0bd8,671554216.0386642
a53b105919c7b46c0cc1b003,646322413.6565742
1c835128915211131bc561ab,555212412.2196668
a0c6e0c6fe41e32b3bcb2b26,799541152.3430544
4eff2f2297ce85a0a3964d2c,747662812.4929022
57062f248424c47282d3da30,631005565.9726119
99e860bbf3033ee4654d393b,686642643.4705597
db8912c5c5e5e49431b2c85c,743704480.2774674
3151daf55106dd159f27a8b6,519191452.5217541
3e8a4318d93b1fed4c48f48d,813438022.8273402
4c8ca73cb51a58933de61f0b,590126737.3114921
925754da6fea9c9cdc06e18e,623399872.5407927
05119815bd72ced29391ba87,639410120.244572
aae7cca10bd7f041c8e02d23,696933276.0384411
4890edc33a555cbbac71795c,582283006.7644558
902fbbf9f5037be8759775a7,787775279.486167
d013a0e910b1fe2e3913af7a,464003598.41341996
9c38b9798313a3091d13b340,883919459.0926818
f04d3ee8b175c8f2f30f4f39,1104217281.7907465
f0f883c45e8470e74280e8ca,838523574.7312021
af820361d5f20198bacf839c,605166214.1011779
01636da0aa2bc223af023a13,574642236.5919861
cdef6e87c007bcd9b4efa9fa,937094513.2219081
1d45332e2f04df18cdac590c,571795977.4437916
db3dae76fed5fdbed29862fe,616993820.9308918
f36a379e0149d4800e793001,627396757.6994063
30d2ac3ecb8150e4d4339d1a,795817965.8287517
7f78955c480d050f2c8ae3c9,663224928.6043062
cb1dcee1f4ede0877be1ad15,786222552.4151002
a32d2c51f2bd5f23bb519d12,866091353.4739854
bcac2a4cacf13a91805557c1,406899441.8787421
a21afcc258e50a538dfd43ed,464538426.76623404
7202b83b651382e2630359c3,591007245.8598522
77d6855eb6a30d268e49eb1a,569237042.8492209
204ddf6ba4822d55ba80f713,391156919.2591982
e0587d29cb717f725e991ef3,770128114.1684405
c606665f3a3f70ef61fa5cf0,784594047.0218973
44412a9e16b2824c4a520a72,543213752.5157632
313abf19d78b719cce4b3188,788127565.6420918
99ad7b36c3c916393e951507,666356030.3495499
c34c2aabac06323fa180b24b,562419416.8917996
37f39916813a58b844e17833,783637353.0997176
6ab7f97fb9880e48fab16a1a,491297829.92766577
0e6c74a0056ee94b10bfa86a,736545306.0816295
7fdbc3fed9c9607e6d01e958,526597661.51828927
01018b9796a105be650ec802,784815933.4651521
16ede6f8833a93677d05a131,487938845.20197994
0a53b0b7c365879a6d2cce39,811536489.9029149
a293de027279019418c070b5,468984195.29729563
973ab56a202e039f5ef37353,546686002.9576607
3e18c851788fa8724ca8b7cb,486806512.7416503
0a4b0a004c894654663bdcdb,746642163.8776402
55d4b530b881abfce2d03e56,817088379.3734175
405bc08707001684d19f6edd,723929168.6987023
dffa1057472b06bfc0fa7a66,962888598.2695415
d061615fcc6355d79665f9a6,577005109.4028236
6cd96d73fc58b1502bc6ead8,729939912.1531562
db78a3ce9c6f6a7f4ecc6853,578092956.4863572
1498ce1c1bbe2e89b84a4a45,727106445.6543387
3035d7ea4b71d204b588dccf,631963893.0265304
2b8e9560dd58d880dbe77c61,782418765.8084393
e8948741a987cbb3759b7a44,783661428.4621645
20718780218eac9668776956,585520122.6592276
c0a9e3f5c57cfbb4aa9b2357,793346401.6279073
5e9e9339fe1c3a06470cf7c6,586647151.7881452
f852e0f3fb8563ea6918164f,990317984.3609575
e38b4072ff8b856487864f31,898456347.1175214
8cfa1121fc87d9483ec63611,772653167.062123
1a805101f78cbb783e6f919d,576922695.4382948
98502628de3c4fd3905000a7,624824661.7010003
ff7ebaf86962fd0ab6ff41f3,605474153.4372782
69442123283ab024a911506e,891346969.3512849
ce6e91b53465250effacca98,936612744.7358923
5d42f42059617a5ca7ff3a32,688055257.4029703
01edceb6c5afc2af1e129e86,424367640.97445416
fdad0c86eb89fe93633c8571,470725543.8158555
831725656d9df81b63c0ae38,710495783.3727095
d1f8eacef9bb4d300d086837,989986534.1140071
3b6d88f864f6c1759f957c73,1198593270.8833256
5a38f908d8d75c5810280e12,479466687.8813322
c7c835349181bd3f0d964eca,1290184417.7630818
edd4d560363f7575aee42d39,932979308.3190763
8f3924eb214f5194d21499b2,685178788.6576161
466c542d7825d36d18a86486,589856275.7494489
0b71d334a6db66cf6f1a8eb1,706196092.9462233
7a91cfb02df63e4396b15aeb,500947766.88263446
6140125d2a94efe499a6941d,489386194.38191164
080df3efe1fe81f97e74c4c9,398770660.9573647
e148c2b109eecef0175b3c5d,569625124.7449493
40aaf6665b489033ba0e55b5,941928851.610204
05498e49d0b875ae6aaddd83,546179116.651777
397d0f6319465fd7fea6f710,945064539.3679444
7e6d8c4742b38854d819696b,985046248.3290002
9a8d13d56d677379ebf9a347,843658124.0880646
06bbc353bf62fda3b3786fd0,562356779.3956822
09fd7896d5445f422892b196,541267920.9097631
57c63e412f3fceedd3a7e698,659373116.9741735
32cb6246cd94f962f780a1fa,413908442.5866059
b0f9bfd521802b0d2586300b,674288285.495774
2a99204f0a53c4a4d0a2393f,617347877.150464
7651626df0e2e3119b801466,655542191.794978
59e48259a076518d929f5db8,529348904.60027814
e7b721ed96269bb195906bae,323970259.43979985
61c3c304eb8a06b5a483efd9,757049568.1055771
3c26b2954be250bfe239db68,401448507.9594562
0df87025a6351b435958ce95,808002898.279513
df82719238ea0e102c282c09,671530034.30776
57c74f7b9bc5e33cc823439f,779490521.135196
4195a9d13c0a526d7cc959f8,531614652.92441297
0d00fdc440d7612434a6b91f,563388285.8784277
0c91369119a06c40623afbb4,507741924.9627988
5a6b30b4d33e068d421bc2a1,756185351.867956
f4beded3c5ed9fd6cd5177c0,720803273.1432083
95e561c7292d64305a2cf4f9,830614782.8422633
67138978493b84ff42daad45,478046491.23429984
7da10de45c866c7d066d2586,607601995.8957292
3c3cc027fb179e91a46f11f4,478169951.576082
df3ada98307fc85428022d00,477962428.07862014
e029c89d59f2caf4af4bd908,630704540.5943649
105d05ab3d5334b976e448e5,655233461.1807022
253fe7aef58ea97fefef922a,538961470.413953
43e11f10650837933261fa7e,590760248.5058385
b111b17ae1fc17e3491b7a5b,607380747.7230866
63e1ff737ea11ec607ecee08,813722325.6005754
ae703276c49b6a6a9c39770f,905269948.615457
799bc0f95ef9a23fc16bb1d4,1093402910.3101625
bb9fe73a8742dec9b2e79135,1067409917.4388995
a9b3d963a14c2c7435f30fbf,965331333.5691293
7a48bc2c3f4aad08dc7fd5a8,557187167.3647734
7621f476bc8040270958de6e,747173067.8420763
c49644baf8dc51d3f76d7e7c,715566816.5460308
8c107da7487ed0cd409f4daa,876847296.4999745
1bc8874a13914055c2759a35,600813485.3324937
fcfd6f08490be39064aae41c,549357728.7347184
23178c72b063ecbaaa04b37a,504732058.63646513
10bf1c2d1124f6d8f8b9497b,768697514.7571157
c29b30cc5db2ffc273e4cb14,682050945.2950351
f7d11c2601959921f536f804,645603757.6692153
acbb07a2c7a0e39c0102b3a1,749574833.506419
844e127aa7802cdf75db074c,503093288.1702129
e2d88f49873bbcc5476f4ff5,521734545.069197
42aa1e6f6b8220a63fe165b2,789225386.8603299
ab1c43d6fc4f08e315e322d7,613242738.4569694
9299c976b1afe4d2c0bf351e,648041913.8755387
cd62ad28163c8df131a8f2fb,736263973.1978877
e5e06913ec3c851340d7c91a,581290463.7728653
d9b46a34e48e04b5a3e026cc,690808188.2000219
782a6028457ec55d4fd5189e,667075043.4156457
11a905e4e01e7d15d35cbb82,541941412.4167552
3b3e423e248b23090a2897ee,491116622.5531812
5915093d458d4b6589e86f59,504263396.08846223
3d162a854aa05447e2cae0c0,674346025.5472248
662a3e343a7e207ecc09d6b7,578716731.7209171
289db1292d4ee40a1ed6e518,685918111.9010752
d43d2bda7b6e4d5177c0d032,667923817.9220868
b57ebf09cc691bcf009ef115,881356401.2371169
21f5bac85d5eec57acf501ef,753327785.1117373
2fa288389b3031d595973793,726856731.0190489
c900d19cade1443983274ac4,1022686376.7956709
67bd5b20df7f2a9cf4e04358,581517604.6079253
e111bda6d24089dac82907ad,505318705.9710839
7910ac9782a1a315f68799c4,805782790.3995941
ee786b818284cb382c755e9d,683779660.5131339
f9b0a27bd3619ae88ffe5455,589924252.8091533
ad1c32cf75ffbcfc842e3959,374402615.2519944
5648633b1f92de1ddaa7e7ab,524114625.814557
1ba481abe0d3890c42884d97,581517604.6079253
ce60e2ce2a420052e67564d2,876847296.4999745
87e1b1170c163689d60bcd09,643430368.7625827
bb4c7900162be66534d17541,871653451.9086947
68340674853f0ea101e32b46,482924965.7355279
d10f89691119d4a4a2c1e650,1353519257.5145464
d414907e75a1c105ad2b74d1,440483395.13080657
c9b6d3bce20b7f528fff8123,533008721.34362054
be1695a7b8d3dc68c9887abc,775320633.7667774
debd60afab03fd1552719270,853299928.7626016
de060e07dfb0a5494c5550a3,404712682.49120414
3d6815fb68ce959cb95e225e,705091883.7699006
d93f6d8fe212ee3c0f7cca95,697531013.5843078
1ac702e7c265717b34419fe7,730885650.9028928
a157596804522e03efabce48,773408483.5106025
069c529aaef7d7e0774c4a66,751634909.6374472
0669fb98aed75d79f8decb7f,726220603.1503961
7057326ac489bcc17d580883,677698918.2632688
e3d6fe5d97bf4fe851aee9d3,765359831.4088571
f80b20e0649dcf1c16003255,553028563.653411
364256d0881131148655e006,629898777.7045008
0f9c26956bfe983c8c7fc227,1093087923.0166256
9756b47e9dd47f99dbb23115,557166584.9768734
27d413eab7b562b984c5a682,632503222.1608217
ad17072ff24e0fc0e61963b4,618411948.7382002
473a59415b6214218a15e363,653476731.2859948
ef72df5586ad0cbe59e36e07,638862068.738158
9129b78a741bf5e24df5379d,599584010.3386567
964734d3430de94d22c927cc,490368629.1823164
530b25326f39c347a35a8caa,489086669.84171987
482f57e65a3f4c6792775a05,586839260.3515419
738e86beb569a7bf51fbe199,372051151.6564787
c5788cd5507c577b7b585ffa,440218008.5063636
be164f9025f346390b986668,669270043.978692
ea2efa1a857332559120b823,590765188.5534501
f3dd24a17ea51b7a2b0f037e,691803387.3468616
7aa8d04246d3e84e5ac470bc,913490010.329139
6361330195fa7cdc6d5c603b,699033497.8376513
6820ee22d6fafc9c030cb286,1054140435.9485021
472601b5b5719855ae3528af,881714254.0750972
3ce2c7f1ee7569e1b916cddc,653384698.612977
afb03f7cea99023ecea7610a,513768339.04232746
404364fe956884368e2f8300,688831514.4938437
c658639b590415bc6ea44119,615132010.9105856
42f1a529f5ff3a6371dccea5,600517509.6446749
e2e4641b20d81a90033a536a,615114897.8472052
253b34c2c5ce15cbd8b5826d,746972074.5978744
86ff8f274b698e7757ced1af,612513931.931427
c4aef1d92cf264c548ef1f2f,412759514.153024
e8603da6012c2116a70176b7,882148332.7001241
52b52aced4853a3e3d7fa058,527311874.62907696
7d9a9c3b4442efdb53c24448,662455642.2728871
a7bacd6f783756c9e7cdc068,457460668.31649774
68a00651ead62911f850cacd,482349976.152179
1e7e26077db3bca2821a9b45,548322201.9848502
8aa21f48a83be25f924f85c7,620546560.9383544
48107a1dd2a3b027637f250a,633074612.2139392
6bbb24fd1b9df3df4e939fc3,597487349.3154504
aa45f8fda8801c3b4923f4b6,694642574.3839773
ce164af02f76ab3a68b0f980,768772600.3760346
c32249c7c0819b1a29fd611b,659631468.7816377
f8d4ec209ad5fa5ba4a68e56,697198845.2499179
cc03087e0f18d59c521b6ce2,708197964.140232
fa631a714774fc22ca15ec10,667715226.0782746
c310efec13e312442f7e1a01,798723182.6069264
534466a857d28dcc598e3a49,984859319.2662652
4a81bdc14b5bcc4c84f5ce4b,494704438.6913109
79ac12d8436c07b620190b9c,603208137.6771938
f69962045e9aea6b8200888c,551494150.9518086
9752758072e096fce6f7f4cf,533322238.0416909
56fc1855dc6375dee0506133,646346912.746585
2fc19f73fb877ed8b88a5250,362041234.1395998
63a25d279fc5a9e8fc1dfae3,413142927.69289607
71978c139faf2a251db6ff5e,294633162.1704163
f4dc67569fd340be3dc592d5,511890264.633186
0b829c23806ff01a0c84e9a9,734484831.5163575
a23ff4d1b2e24f537a75242e,818966028.1518894
3a103803cf9cf0451582d89f,467347440.6156882
eff8b3fe996b6d7db10b0263,742290614.2806805
9d53330b44c300e396cdb402,741641726.3030933
301b5da33d32c0632b16e8a8,845286772.09014225
357e653c4bea02df1b08c62a,794707070.7519052
9af17837ac2bbe7c8ba16e0f,618394179.6012753
246576e24f66d495fe0d509b,909538445.0270631
cb70f4993947b640317a07b9,683279989.971235
949292b23ece12b655122038,451042854.02572364
4bdff22689954e5b1e575d30,701404049.9468013
7c69d43fe2488db51e6c8da3,487004815.3192637
6f543782174a964402b64de4,628435540.4204065
a59e7f0e0596ea6633781335,762745738.9810442
767ae7de1818d645a33749e2,847712411.3260341
e667133c29f90c8fbf30ede7,482890905.88150996
3fcacd1cf9770a2724a5fb01,654960790.0153828
601193433c99337fe806b158,764290861.2451981
42c282041583e6e2090b50f2,749214733.3368106
3bc80c56871193dd782696d3,480575134.712569
bee9de3e2817bdd591c02897,782998901.9597257
0f761aab549e7f6bc025ab0f,830614782.8422633
3b9971f91bbe4b8dcc704ba0,706908254.9202458
8f428b58a5189effe993ca4b,401057727.9050427
0af466463f2cf50d61315da4,599827129.5041162
1a486877c62f2aced41a2ca0,826181495.1224644
c9fdc3f80534b32f1a75f530,716859153.9433789
97419310c7e696dc8ca61f7e,729226654.1054411
49d9cb2bcc98d69222b03165,809043480.9053769
99fa9611d644cf325e20e603,1065649242.4198344
976d317efade1dd77ef3687c,540797096.2756506
b9bd63208716e4e0f2dedceb,662228145.838096
834263730047f308d71d4d8c,628353037.2571079
d6bf8bfc752bf4580e99794f,673160742.9378409
58bc2b0acdb0702732894fa9,460460357.780572
c3b8b774037044a2524913a6,653480838.1750786
eb339d562b72b3bf51073cc1,582296385.5227529
c8244d916b0110b1acbd38ac,633732652.673331
65bb6acd9be0f8d95fbc722f,622448214.1611711
5644b84ee2edcf7267b2189c,667217567.8122612
22eb737351bd0958d3e60efe,738864818.4370008
0e2a5d040f6361adb9927388,661622093.430812
be9f5ade682aa1fced79b068,696004541.6380074
8445e5cf42307960535a3b11,736440907.404984
1b002164d34a71bd06e0445b,738194881.0702381
c80f897787541816ad63bc17,753477431.7079483
673c72783eb4f9a02c511b83,932010085.7875901
3b29177e99201cf4eaae612a,808007142.9922239
91c5967cc1acb3f108d6e0f1,476089516.1164319
334b5b9fc68a18387ae59ebf,375616623.7079494
c9d096d4353b8eb843e793d1,681608407.6276824
92cade7b5347d1c00a48a1fc,959238531.7215394
1d4bbb5b756033b4be28643a,780491559.9562283
e1eb183eb261b6de96e20a56,693410431.2492508
7ea8da3b1481993b14bed9d4,543247286.1915834
78bb43910ad6ed105610d9dd,669143119.720462
32c1f617f2b1f537ef703712,775662246.5570606
a7e6d3c76bb5507e00ccb501,551223274.3099355
6c75d7867807d942c975079f,797964792.8331298
e9182661e36239f091259232,415237518.2320388
c926ee21c2bd9da7da193514,454500438.1267682
27bcae7ffb9f79b8f59fe1c3,481552172.20115805
6cda1a7622d5577c0056ba40,678503705.1243224
67c945ee31cf1fa0a874e4a6,551723962.4983486
5a8638c17d14ec4f6d447b8c,781554040.9269184
82bef17c2a4db1f6dc6eaf01,711615537.2397836
09dcdf0b8b37c1d537b9fcf8,651200341.6280719
2cc9f2411f98d0fd41511211,645889060.5158916
aa1eaa63043c5c29ab6a1323,780001971.6790898
35b03ab66c19ba2049ddb9a4,695183903.2383889
90470cdcdd2b813b39f28ab3,617389110.1718794
ba187eee3858263fa664812a,411437233.73239017
c06a1d212fed896b6ee4e1c5,580865726.359578
8a8c8f5aa68c4e530d62776d,520201328.36773634
662a221bbbd961c285069c49,687432497.1233803
ee796b35e39c7beb6aee2b49,788744050.256339
53de17a986d62a44d7897200,503474149.6581187
68925fb9f8f0c84fa0ffa9fb,720499579.0933369
6a6d4f8251ff961609019ddf,473994565.8431904
3477646f548971044f8f0494,386171066.9253264
c82434222f4129168fa82e5b,617510976.4719933
4c00508300f40d74c79f2596,518959311.85881335
27bebaf73dff207d7f6829e2,820319571.5107306
d0ba7b90f6ba3392a165b46a,929248615.8707978
61974f593c799e5d5090c067,309835953.58309966
c08b016afc6a07105d7703a2,561923940.9094996
011c2017b63235bf0ed3f241,596650468.6177481
7f73a8e83d41ea252ad61197,591856025.0023603
0c25a552c34e114a1780739a,436501648.0896783
21e96ca8dbe2f12b55723335,534798939.0668196
30f6404e8034dbd513aa8a30,449773976.3313224
f2fce80439462bb9231d7fba,499283436.42499757
40d5384e2e8f8fef2032928a,566992130.2879285
95f17e64d2222c904a7d42cc,597471520.973165
59374f70d5e7da97e3b8b35f,924145360.0428413
ba30cf03fbfb0e36e5d415bf,933457421.2589815
c2424b4861f2ef50f8876c0c,716464465.2976503
e7def7d0999433ad6d3ea412,937094513.2219081
7f1a4e79fa92196101baa7eb,905315255.0433706
37e0fe114a3c7406daa57443,688979996.7511283
897c0578bdc8d59843bcbe38,472338411.2038623
7e554b821e6955ab259a25f3,685574568.0531422
23b0d67dc2a0ae6e5ebc9eee,652032351.2780622
d43f045d046fbc8f5ecf465e,666603274.2518609
498d632cf0868a8e641cecb2,413588718.1557218
6b9bba3c6afa1f999a9429bd,524381591.3395132
12db154d9d29cafa574ad387,466618139.42350054
61779f1bec05260cf10a0d2b,666603274.2518609
986defbe9082519824ebc882,771015272.9526287
f72992cff50931d2e19b3ccd,677886137.456101
0e2d6e5882fd3b4eeb9ef286,580860972.3438174
9702737c9e4ecb12d0f9ea5c,735277357.0832566
c36cf907ee28017eb1b40674,523153015.88956225
a7ad9c8b5bae531abf68f8d0,677886137.456101
6f3dd53b0935c9593a301bdc,547476587.6825689
11f8f836e5626605ee4b41c6,896991019.977559
16fe92ffdb7e1aeefcde80f4,622942096.7997355
c1eace64bd2c9f6bea289c4b,710741615.2444029
fc2ac43013ba8ab17da28041,778669657.9520446
5e6b54654c98c2517c2e31d7,837628476.4406444
f0e8b39d2e4644dade9d8954,799625744.2241828
22796587bee45b8f64ee6e44,668104008.8888657
dc8c76f5b3977f90839918b0,632624764.259765
27663c0e271e26dfdbf4d289,635584275.100932
2fc96ec5fb2c8dec0a5b09ab,837628476.4406444
49d42ab711abd95fb5947c0d,846198855.4300528
b8984fe54819f5fcc43860fd,446392794.1468688
8d3f4ec0c37443eb3f953584,893267381.0709316
001dbdd202e9908ee42713a8,773993841.8611784
fc5f41aad1b4bdcbd8298037,672881718.0577687
34926bd7f9880e277e75a447,680472934.4388523
00eb120ba4410ed8efa24a8e,787738948.2498323
eb0c6a8231b38b2a1e1f789a,648001054.5612211
0f059b39ca45bbbcb996fa45,740035450.020474
06a5364639452a9d663a2dbc,664350480.0980643
cd19dcd4aff76caaa1cffe54,398246050.131799
7272c3521b7083038ff0a690,703551645.8211827
a480b654e1b8b7134091e613,1049746950.152209
ba24834c9fb0e87c4ea7d1a0,737629171.7811122
ac46e3eb688cb1cb17da2545,964365085.12485075
3053732169b2260529f90133,624074175.5120438
ab0c047373b5d1810fe42bd9,590465257.5603491
698383c101fb784f8e1b1ee6,513586408.19310755
1b09c89b546d0058cb09c1a9,753303126.1631725
64edef308b6a9805f0846cbc,871347392.0613084
995a5799d9a1a7e4dfe4fe34,1013310420.8214803
d4f1fcd4c20dec55e977720a,937925824.6877322
21264b5a73fd27b85a4e2654,425848706.37486255
d464858ed94a1a74948f479a,771764516.0688398
dc420bf2dd1759b7f281cfa6,1056887280.7876948
0a268e25a5f3a0bfd8898a40,352098670.92954755
a3460f00d48816ef66e3acc3,620800600.5753008
9559637fc2bdf96defd2438d,898305328.3791109
421db6a58670e53f563eb9ad,648473603.1857653
7b6322fd5810990820167a23,521079967.2650582
17fbebdfe6bc0618ecdd247c,797759418.0891805
00f2621035b1969d53f03fca,949601169.9583775
e97c998a6a0709605432ccb1,574838980.1883328
39e306be57a992bcc75e089a,414855689.16118115
55d0225b44a81e82eea3efcf,825881209.0330822
c7c5ee499c712082931032a4,1071506492.9151112
f15f48d4cf4f85a3cd68dfa3,761344344.6534936
01db5867a69f8ea7849d69e8,781646693.3222748
7c29fc3861c9f074e3a89449,659890049.3001554
5ae2fec22f535ec2490174c5,285925790.67169577
a6731fb85da65ce14468341e,501012311.8344788
4e327acca2e033c3fb305c5d,630545450.8116167
37b8e8a194e4f2fed7ddcd96,567059336.7580987
a8dc954142c54e570bccdca5,645335068.7570527
b427d767b071c3e5ac2a078c,424846170.1135146
a9407f510e67bdb27ad59b46,736879914.7445457
ba7120c89c8de0e57e30646d,560638476.1796268
4f5bc448658287ffb3d49b75,758980964.3486646
758d9f47824eb74d1b486024,879693806.9120352
84fb7e582456d7409f27cd2a,946812797.0471456
0a6ade3bea1768aab76680ed,1002253385.4315017
f6e74a4b1e026352e5759b2e,667994290.5828342
639b98d0798b5670e7bb2569,904291265.4874783
32ecec7d5c47d02969368779,514532734.0936686
cac82fdc4d960947bbc590c8,553958633.1236157
c2b880a6bc90cdef9dac52ca,735142057.6207091
dd8eff6162c32ecbc6972509,619912965.6401547
6e2f79cf68ac0ba2b1a6b0c4,941956105.0779719
a904fab9fa4f41a11f673fd9,791919216.3863518
bf11c5dfcb321e020601e9ba,828917627.4046288
488cdcddd0938ad0205ab8f0,1221987571.985239
b92929668e884453d3a0d633,634094175.2674631
09eeb116cb0944a28742d282,763505867.4901217
c16e9d9444f85bdfade710a0,731964694.3074442
c15cecbbe717e72f09a84271,630431608.9214537
0bbd23df46a4ea4e4734b680,760296027.1898196
de28e62bd01870dfceb5d78b,511949897.3223743
92c4faf0ba1fbac44db6d1c8,601711469.0389595
91892eac5e9565b12b2a99f7,510364793.53756195
ba72421716765ef6aad9b4cd,790630216.2982813
a99df3a2cd4f2346c6e903dc,371746710.8539956
59a3b1a44c35ed4936cf7843,645456475.5295541
cd74b689350ef612ddf1b96a,615787239.8614464
5664cfe452394ff9376bcc8b,540187479.90666
d4c6dda51fa949743a46e835,489135644.1157483
b7f47484bbd8113c62cc8c1f,478050087.57407284
d4dfddb6564c9f46b26e7aab,452238883.6568731
aab240140aa4b6602234d88e,439249324.8387436
29671ce02e285f69afeb3fc2,812557153.1123132
5cd742ea274b4a8832114080,674570762.4523983
c876ed979c9127674000b740,621983454.653304
45269f56121b796d0392e2da,1172876011.5279434
e981d4fb3a33f372ac26901d,1127343993.539765
2f13a428281ffc425f2c2e38,534753915.7068866
407e4196114b64578beac143,576317859.2029806
342027b17940a0cc5cdbf8d9,909746650.9048022
dad2bbb0fe138e426000a33e,667903927.6163363
e77da26aa7ecdab5505fab60,666828486.5171987
8fddeb4ca696706f6cbe573b,606347117.767337
fe368a7d2e09fe88b1b972e4,525031266.52055
6fcea2c6b9e39576e10581ea,799295337.7979126
91d35b9421c4982b54dd520a,606077947.4293897
eecc82010ce9803ebea6dc75,732211398.3165311
b957548768ef014088a61b5a,568667279.4665616
5790e4cf8102dba35e184ca1,483631388.62903744
cbab68c32d78424452249d9d,791712310.4719208
4e0b293ec3d5eda7d9fcf8b6,885455708.3883127
1f8742e662666147955c9872,658779271.5769855
aad38b9f22ccf36b0fba4e7c,570641487.7689903
44e9224b9735235fc7271672,482506523.00085837
b61e9e4f3a2e894932b58ed6,533392635.7109051
2b36d2ed79caaccd687f2ab0,364852423.8362665
7bdd64032a4f011bd4fe7df6,612025151.7028191
0890a0d20f33b9af2bfe488b,466691021.29882777
ea7c9e327eab66ca286f6726,657913673.7900825
98510008e150296ca9d27d0f,698470633.3662983
41abd8a2cbca609cf868f227,674816696.9465133
83196bef0e5dc6c981bc57a9,770776324.2315687
20289e986c1959f0c83a6a4b,648532923.0742445
fb39ca089d05381b3a7ba847,439723485.7532125
d2da963bf6c2f6fe724be23c,776297694.6046182
670f7dfbe2eba87e55176257,699438932.8119254
469b33a6f153ec334b6123d7,465831262.2910737
c38ce4f3763795c61efee6f3,557796652.2934616
8553a05c2b30be81c64a6295,859756174.2011788
d8b3a1d0cffc913ebd05b931,873365095.626066
f0fb8232343d235741a20586,774662342.1723394
887d749eeaaae288b2818b86,695891374.6594639
126f4d890004b8035a7de091,815948855.0992806
7d157359b413e107f5f9cfd6,604890384.5829486
65010e340fa495d060e32f7d,519820924.48766255
8164023f628f550f322aad61,540243477.6978871
8c2423c14aefa13d255fa77b,555970411.9325192
e9772a54bc6638c723dcebdc,611200136.0519232
171149ef76fe0a2074c5bf69,724474059.2076281
96448fa0eb077563a2d168ca,391073260.9432768
3bf1bea2a835d7fd11e47ce8,487080741.6946771
2f4b0b1b81c792f43f4ccd5c,487080741.6946771
086540702ba0876c0c05c5d5,745302050.8060173
57d17db2cc5ce1aa889f1f50,825865249.6092372
3b6cedd9966332f0722208cf,417561978.29650146
351a3e1b62cd51d46913a8eb,956575833.7351426
33b702ced6de5f7ab8b29e7a,510940379.45751846
e0e6852c6d6393d6d3719131,838587706.4186383
bf5e687721e030639ec81416,606435864.0473852
314479aa7b73ef6ef44e1c89,609364136.0706072
822896f609e7761b58e7f6e7,541941412.4167552
5b6f21752f3744ec6e529d74,710566300.3509201
5d91dd63b6aef851e0c78389,633680458.5055621
0a369278a1ef6f5e9d79e2e3,670736547.6078261
7523e95fc2afaf31bcf30979,795036228.3217037
cb9de5719b978a78c71db699,694809591.4294101
af8c90983a23ee15c72b8e22,1031534589.1543741
e35d8f589e6b1909f5e4132b,749750295.5873415
ecaa5e38ff6cddc14942eb7a,896568068.4752706
d2eeec3fb1ee4d686758534e,899673235.471913
e97d03ef9638c8e1d270ed2a,455009895.0637173
cbd78f55af1db4d89b53b496,490764175.00892913
1b2fa2ee5927660313569617,857350318.4327159
f7f00e13da4910d724aba4f6,453472428.9737655
9a6b77dc2c414f0baa11effc,571958181.7676125
bd4d0b8799fa5999c5d2ee3c,993545137.4724197
bd6b68abb113370c35786557,1066209711.1358684
4da8ef54252a92d9cc62c174,768513234.621306
38d6c2a9beac610279bc110f,465115978.8981274
32e6518755191bef743b28f6,904290415.780433
4fd8d01a5c3abb90ad70cbe6,689094490.071595
5d9f8f380a6434096a0cd906,506414379.63018304
724c854b1a991f060701d005,439978628.12805486
1bd78ecec17b584e827dd0f9,416218071.33304757
7e6f68184d84e09cc9ebc09f,656453910.6442877
c0174ef555bfdd648acf4346,547336301.189373
6463505a740324c7aa869d79,697343871.427875
f239b7fe0de40d208c01c45d,640231486.1043491
bd98add659faedc1820f96a0,489086669.84171987
ad662354d28a9b2d65f537f7,784281146.6830297
8e8852450fd5556f748c98cf,745665852.9250437
8fd5b95f5808b4676043de35,638088903.2183273
73a23c9d154fec88d396d2a8,894715098.6871206
374ca1a16b8eba42b35374ac,609395499.6741765
ff058f978e97c389e7a31f6b,620999490.2224262
9d7f2c004fd359136a662c9c,649687050.0061466
2cc0129b386acf9cdfa4eeb3,586929358.4966786
c139bf6b72a93a73155e1f5b,409372622.8478537
0c017cf9740cb67d530267d0,550266363.007334
44ff213b9cfb3604b7e4b66f,520990610.7504589
a09c957598e6cde56cdba03c,568397852.3340621
c846d5698bb295697186555d,679528088.9782958
a84cafc064a35cc0ad698009,461133716.5711348
ecda0d714f52da919223a520,779474134.9896725
b9398d6bec5cc44fa39b8bdc,590479006.1746639
79d230806fbfe96368b83dbf,1075665553.1251493
a28b1d82d3f7dbf8746d5742,730733619.3623512
a6555836840c7dd496ba9094,615884256.9882169
83ce7c2d2823f888f2e06ea8,867831113.4719099
631f4c509de8dd64f1c400db,855584340.837646
2afd31619c21dc537e4797ca,818451636.4187582
0be57099d9c3ad8a16984861,725560761.6800823
ff29f12bbd7ac4b860909966,837368680.9284023
d955edf16ddb9d3f59501a9f,886294845.7614143
96298da2f44ca873f345867b,545702250.5650321
e6396355c1249c6290906b78,733935446.0347216
39f9f736d802b166ed688224,974512539.0184271
38a0fcb41f0dbe8b0ef7af8f,748246234.5634323
79b955adf84fb2c52381921a,626670221.7794892
e335b8464a61ea0781f7928d,922540424.128431
71a929d79a6cccbce6ac5d79,730985047.2459891
41454361857cf70c44e1f5ac,549430115.8648437
a16ca6293e2ee2969f3334c5,840377268.852901
4083248d3d2f2bbf9589b971,698279551.8936164
de630da5e1c9e27bfd94efcb,941251680.6830407
f2a4f5010f3da37e27505ece,523089139.8476064
53647abd1d1b10c9226eac73,538859130.830756
e51873d6421addab3b539dd4,586630931.8380651
be8fbefb8e06fe169237d4bd,663850271.163762
257c889187ad5de900a430c9,623661884.8662894
3198c4acc62c1a2276bf15de,678157376.8607845
b22350d505b87dffaae3a5e2,904064334.5416746
49ad389014995f0187edf726,667586900.8087262
025d96090a8e5bd6f786e9b6,664705739.2380567
4a7156189e1f06b0fe87a7fc,563340879.6862129
e91425bd357561183b935d27,563336596.135651
c9d996f458794961d9957c1d,563265411.0322657
084de965e32a2a65bd3aff5f,563265411.0322657
880bd21afee7038459b5847e,784656351.276159
2dba091723891d8907905a74,729142848.1905549
a39f9fd2f143b8ce1f7e1277,563520400.454242
37050aba3553f3869d59f809,628162769.8784753
35a39cf33d16f8f5ff75fd6c,654274169.8462453
7c463a59e7d2f2b4bbd07e12,563971194.956271
035d955df5a765531d1d0d07,737442090.7615833
be706475abdfd64aabfe45fb,563321297.5493892
bf41b26c090dbf0a19252e43,633203351.5336351
21aa860fd839233ed8b82653,530028440.51613104
b870c8bd8f95426a7e1f9c88,563352574.3084469
c5a5676bdb1698f8c38cdcd5,599154354.6920153
3487768de3a13b7ee3df0254,725866662.198149
dda7a886135a1fd8106d04b8,897063824.5808566
ee102e9d0791ee82ee4da2e8,622777209.7013332
1d4891dc27e0050efcc6c403,628256679.2466456
dc1fa8fcd0ffb8872d434dbf,609460114.1291269
2a5f727304ad67d1cd269361,648577073.5108335
2b10af4fcbef695b327b7d0b,784418214.1912401
516881e914708f6ea6062ad1,649709021.1716144
5a428139d5ce6bbd9505945c,804232987.0724424
38dbf1b9c5963e9c3d008340,806891992.2750201
02c6e8c7f36a2c68851600c6,696393765.7613432
d2684e676cae87d75dea5ea0,645221367.0293108
027947dd01dc991ffefc5082,535185650.600392
0af13e27cfe9b8f237a9949c,517470781.86389756
32421841f7eeda76160d7959,571409503.2804981
96ad0e75433cc18f20ed83f5,655940528.2613355
b387b5eebf501a620f352504,816738462.8740448
8ed95f9bf057114664ea441c,646227415.513051
114318a8e5822ece53ad897c,496027691.56582034
3bdd7be0b5e18d266189d991,654710761.719445
0d2c4bbd8a4dbeb6337b5c14,467682774.57147664
a98637742a212e332cb5d1f0,487018837.39223355
acbec9114912932b9cbaf0a3,671305246.942952
fd81506b0a00fab1ff680b64,548322201.9848502
49e531941384af389b0aff59,450164648.4290471
8f221efe392ba42b519e5f57,708197964.140232
1f33395df1e4f6a185c507cb,494017208.1923396
fa823373d2e7fc9443ebb6ff,701335230.8542423
0a6966f19bc2c303886ca82c,633074612.2139392
15d9a0353ad54798ef95e0d3,877286414.2992753
0d95d756b838d3a319277424,467739229.89472467
d644b23e4bce0e6e50ab9356,812632136.0823764
6dbc77ad8c5c1e39f72cd2f6,829117653.6649863
2fb5206d246ee7ab22fb8143,694642574.3839773
f1582fc47e7b8c0eb0cc9949,665940494.057598
8d7dd9de4e919fec5916862e,816802245.2499003
0b67da6d74bb3998c80893f4,579938540.4434172
736d25efc9e570379d32c089,719917079.9831443
4615a8a7af9d7cefc7fe4c4a,862643845.5327852
8b753628bd37b9759dad06ea,500951609.817009
5c7c83526b72ced12a08e573,660910544.7851669
9baa578a930a94f761119fdb,513748086.4869351
8fe1a07cbe9b8f3498cf74b0,461002360.4196078
67a7cfe6e95aa5200c064717,644092495.8986062
b7e3b0c90c0d3bfe5befec54,560155952.9773668
e6a547b2c0d126c9b6800515,751441273.8358679
b08f88ef973c9d1c3a86695d,670218621.78326
5933c18b8cb17cc6e4ae91cf,810189130.7316791
64a24372d58a2cf535c3aac0,747880865.5728543
e6f9288cdadc5851d29fabff,896934449.7477697
71ba2f992908a5f91f832406,645793500.4561099
3af4b54bb5ee5fcff80f1e53,399786876.5807788
40d3f1f00de86e74e0304bd1,564737430.0590363
3b758c26283c2f11251bfb89,986891655.4033004
70cb6337c8c3f5225fa80026,851266403.6865486
0dd510aaba8036e8fd9d667a,842708013.4288952
ef6ac2a5102d7be910a3e4c8,445551425.8553824
24c32572ca6161a603a7d0d0,467599477.8420949
c7be09a810b9e54d2dfba4b2,612249873.5352366
01a5a230e8a808d844e64397,959089860.3861318
5ade8e9c79288d511ce1fd79,652981714.8738068
7cf50019422bc9569a985736,841090602.8875198
d4716e228067a7bb0f30aa30,661519952.6523327
cb79e02041eddcfa9225346a,705641187.8285567
b059afb753452ba358fb432e,1072662820.003419
fd9f78fb2d2f4d01e462bcea,766995745.1200475
6337f924f515625e7fa638a4,577459641.0496337
3adcc2c662c8c7c9db5f0982,644113136.8309343
6b7aff233052b9bcb6b9448a,1101091605.6887074
cc51811e23409f4d77995768,525823660.81046265
e3cd7b6dc0495d5109086407,808026263.6658456
e63f468e1d9f86530d47ba4c,365319034.7661665
8bad8a7faae115ac9007b13a,688525021.0663654
d563312854016e9115d034aa,729233342.7705655
57c7684f8cd8d78909711b53,471340388.0516808
76b8190137ba3daa55db33a6,534658448.033157
2bcc6a15181273b2fad05e3b,662036029.549526
b998aeafe2cc93bbd96dd9fd,408685992.4532747
eb77734d12df7528af57c674,404534539.85081416
e8df85384a1f51c31015ba08,874013711.7702916
b0a03d567e287bf4cbd7bec3,642229546.3206285
dc8bc7cb687a3a42b7e7d5fb,741225452.031773
147de03212e554abbf3fc3b7,874013711.7702916
c09b8c236316b87a92a620b2,519612248.3152203
f5006b435fc92111d55c0603,456691987.0371249
ed70b749e030cc8715c0eba5,770125389.1314402
2a9bbd878f3f45745d76f059,769234194.2221949
503f33d11f75b6b5102ba4ad,463538248.8681531
41479709513815cf5fc1eac9,561179826.3436899
0181972aeb6bf451012a47c6,655445347.2993767
0b35c4a3f20cc0eb751acbac,547098455.9099311
e5de98822287c2caf8b209da,680493472.596065
f3d82ce1c6fac06e4997f7ba,842368133.0329137
8e17d7d78e7acffdcb04d982,534685027.1062931
f1e7a0c7804083963b5b6de6,530897820.343419
918dbe66979d16b147bd3322,634715386.5820261
35dedbaace193598c9c438a7,453318863.1346479
e67fa931031bed13c711ad00,554627949.0832434
eb2bbf82cb615e3227305b55,552911050.4254595
e8d83f7dcb876d5d05ae3e98,566626357.9796029
2be93bf5132bb788bf045c28,519086627.6886966
ac2b1b560e8bc4fa1deb6f87,685885431.6649293
674ea6932fa9e6b7581479dc,564549841.1203817
4893b21db2d6aa4417e1cd1d,881355108.6923403
2dbef742d0c59d21ad7392e3,857299677.7919941
fc16776abc877decb82a5954,975405983.1475886
6f84d405f419590075610c5e,816196031.51406
52cec2691ff635031fce9507,482819412.56056964
830b1a2d33f7754b9acfdd82,802193007.4898711
fa908c8dd43fcbe9f721c0d5,844863170.1535616
90c3b93badfe7231410e95bf,805314213.7607816
60a495b86d6eff1e345ecb06,506610505.46394384
0468cf58f40372acb9d5fefa,692172528.1478051
c523380518164e1e317cf1b8,714010609.1901261
142cf530f13cbccc3cc9d0a6,734593926.615928
e0432ecc0c1fb2b00b5435af,465600856.92108244
3af3a702988bfa0599727982,670514126.3318319
99fad8a7877c57c0af05b318,504263396.08846223
b57250de388b7172a39dae8f,781699744.3193847
42fa0158217c9cb820f2a06b,662641849.5145686
8fd452d3f5f1dbb3b65f5274,769802518.038338
27881ecd655786b093349ab0,758179866.6638367
38029a1aa22c0a5beb065edb,761285224.838357
6750be41e08a725705256b0c,869439124.121823
90bf218565cd67ed83240033,918709090.2366929
c6a089a9bb326c22e3f3aaa7,793263225.9167457
ede08c77d6090e0900654eff,931879580.8989288
2f7784465c1c69c8f786a0a9,1096919348.302545
5943151d9a76010179f6c297,506557992.66340035
82a3742862a06803242b703d,566626357.9796029
b815204eed4398e600b366ad,772217800.4796892
11c4dba68fb47eb9c49df169,454217916.87802285
4ae7dd50c6b743bd47340f20,829501986.9784644
d81a040e22d541a74122f3c3,313774031.7291224
34c84d0a410920c303ba69f8,679604218.7817537
6b0828221f9cdf5cf39e7c15,487509003.53294
c50d5b4e75f165eeeb2eba97,642705452.9291408
572488a9a75f64434dca5dc5,513698161.95116127
0e67ae9abf1e2b2f66a91a28,599987125.0927846
cb00154afcad81df60ee58f6,599595593.9404033
75801c34fb510d824a7d8366,425937308.93667924
98f2d7810641693c44096ada,639100680.0477594
1fb4c88bbf995f77f2f29b7e,723475200.5005597
0abc98f7ea1e477c6fe3425c,802849882.7003119
b3401023d3097815687d1160,705214939.9403199
f1ef14babbc4123c5157eb9e,578716731.7209171
ecf47573fe1ff641f6914d0a,1129300111.2628584
0ddd21dcfe89f72e2246ed79,634979591.3044335
402f18888d480f5af146daab,643861811.0185798
61b3bd442f6fc8838e2f45af,669709290.0594503
c4eccc400db2dc9627c9879f,750249244.9563932
ab38b4fae64ab90a55b5a403,609767297.8850882
7f4cdc01f9086bcee46d1d6c,784782481.6942548
1be9d865ac8d01f0378bc148,951179667.2375474
f2f43244cda8e2f5219f3db8,546886484.929047
89ca905d858c7731313c82e1,634899204.6535913
5bbd0476c27c53e2bcaf9462,667383886.742724
7e177acdec9c0fe684d8fe44,680542328.4760288
b764bb8ae8ba0d736bf54f5a,504540095.03251463
75f6d6beb64d846d965fa9ef,798763860.1471833
b5293710d0cd75f95de001f6,323361714.0209496
8b8ec04a78d3826b2c8a5754,616034810.3450785
e35579e8b9b24dcccf93abba,522155824.37883276
db5e320f51680100f1ec06f9,497680823.7658535
59be3c447844f31267366cbe,466406431.16369194
0f3b424c398a8e8b53162c37,684982849.7130092
57f4a3f6fe2e41ad97116002,552728268.2097414
1c6038b67a40f0749a72e6cd,624119659.6161901
e5da0e3919341762d5beed25,747261992.1286871
40efc0dc313284d3b57492f9,650843747.5179168
601da8fc375ba0b3df3b38bc,986873341.974462
61a12496ac1e6f39c5ac5d3b,1081012056.684077
8635edb61b1dda6f4742cac7,1022367441.9142079
ce12b48120daa5704a4c81e2,355390122.19346315
acf4d60dad7953065b59ced3,779939693.9102626
56e3e7d822e13838ab9f85b0,579471160.9174148
7ea2c18341f69f21b523906c,729139129.1824592
dd2396a42097b2e8bce52a72,659357306.9160781
41f99600339a7afc8e386e6e,663593627.6408286
b2d160f54ce5f98f46818e4d,897999868.8269516
00dd36caffef00fcde85b235,895061147.0975906
471bd64a0576aa67f494eb98,822940967.333955
79e307acac5f42f2696b0436,1020338395.160717
e65a4eec62e2a5bbfaad5565,666965614.5181335
4845ca0d30483b36bfa55061,662741191.5887309
6784e116d96e03911e2a07f7,440609410.28519326
4184fd9a546823ff1fea0b74,655974518.9449052
616a5485bc7721ecfcc21c70,438668551.4290927
6ff3186df9d15b65dae5bd17,442421178.47782683
886706f32695891af743f986,766135941.1827679
daeb02020f23715e663b4a38,614819111.1872349
93fa1c8ebb75b77dea76ab99,710566300.3509201
ab25a6737b3ee0c4e9cf4ae6,534936209.5000804
c5641447732d3d1269965ffb,930463429.6058025
86b290218a62d0c51b099a08,949601169.9583775
d7b82133acf54bd3eac338c1,1228156542.0451498
10fbecd8de540f1fe4c57b7d,465122238.7310076
137baf1609138c6ca2715c7c,471088506.0434037
f5534949a53bef05de31b07e,566296242.816208
466d4240af2cfd09a31cf3ff,630645082.1303512
7478693f3e7e8963e95be8bb,424431305.10087264
6e537e91af0de67558bc1ee2,648707071.2294892
f5b0b51ed49be034c290efd2,756352437.8621793
a4885ce6808ffdb878c41f97,534486324.6515205
a14506a4800c27223fc34728,619468826.3441153
e8e97b7919856f9cbb9ad02f,755987067.6708893
e16685dae2bd3b0a4803ec9a,800500435.452237
044b8431b186eb022cf6fc24,500881752.9567248
60de8c37c9eb96efc432451e,726005306.636825
59b88e154c07bb7c0ddb4e8f,676107802.7144456
71590ac868415f3a185dc15c,756856097.6389931
6388b4cfd09e2b1219268cb2,760114376.7519362
f865cd15368fefd8c9d6aabf,630013948.7517099
ffd916080b1019827491de0b,694809591.4294101
6b8ce573bc2ee68ace26a67f,633680458.5055621
7ce704ef5752dd496a61d857,710566300.3509201
6b1a1afa055c15908a855e9e,588010067.4098889
2a9338f62c99dbad25aec5d3,689645654.2914299
c2282da3ece2dca6e8a3bca5,746587823.3500757
5e6324cfe41c3676c7d0a5da,819622095.3595679
f1a4afc2e543ce4260f1d781,796981918.5127397
5d17daf3e98cf433267d978f,1285323637.6739893
d5f41dd3258aa346367d7725,574363270.4919446
da35c757f211ecaab20aeb3d,499980698.9825331
8d9cd237c737f6e62092a08e,901932950.9317653
9dd98816533e4ca8516a5474,954079725.2905802
27d14f352b2983177e836e3c,841310082.5866071
3dd4fa53bc59e5852f9fee98,1009454932.9490137
3ca74495aa9adbd533ccfb96,819462482.2341045
dc93d8ca60d60a118f61390b,576722571.8644239
dd7b4c374bbbcc60bb090fe8,822381356.303308
f925a05397ca6163230f7ad1,554365084.6465827
66a59937c54eff29ab14b474,652942358.8894652
077db8e0877b924d1b57ab1e,439242768.6775339
aebc3c6079c1a80f8b2f1c7d,747648999.2044182
ae41a566826a10d5a6768d36,581517771.804657
489fca3e6dc044412d00cca1,681303284.1095424
fc2f58cc289d29fffe8a5fe0,804013758.995449
59519bb6d5d299ee0b767224,691768093.3296262
19921a97a52bed6c6b8f4135,645109818.4767405
ae08b7f31e69fd930ef4c832,659244597.3092161
1b67fbd144a4a3ef40bd9824,634216460.9149401
9e142165bbde850d4379a49d,564315788.5290959
d3e971e2e224a20530ee295c,637812822.7797748
a672cd6c8c284e14913222d8,692732270.5662242
93086ab3e32aa9599708382a,913961740.734073
63773145b1a896df26504b0d,557323886.6273819
17707d66753c1eb0aca28926,553107265.0123651
6a2d4d9a257fdfb2ead837a1,517966313.68175125
f9158cf51f5e9f644349a774,472634088.504017
c09c39339b5bbd48f349a430,593042569.1680247
d470d84f5d8299c52fa24499,516410682.8526908
9d028997ff036c154c3fda0b,912708647.809459
40ce7321869b706210eda9da,597494561.8563029
3fc826461ec4648e4f7877da,612954392.7053707
0e7dbec40eab1b3e5c6bc665,745244459.8200295
81b3256980dd7d7f49030c78,1016589349.9025052
fed2e1459e9ccc06943a05d1,920020359.2690507
c535169307e21e5df7ec88e6,554340497.4573181
d78d84e4e42f145e02e423c9,793020316.1488734
3e523ee3a6c2d89436539792,793020316.1488734
5f2df52db15d2e0ebd327a36,507270341.93238455
1c1ff56435675288e78c4735,735242534.9203945
ec4226205a38a45d97f35828,788101533.0037758
3214488a8fa9cf8b3dae877a,690175981.1980258
4a4fe76c58f5735ce6b018aa,817858644.4701566
ff3696c808d4835d6c7cc9e3,644223936.3212231
1aee9081ac4a04490eb3f0e9,759310038.1934634
8dd954e7312e6e6a07d6d4db,582784405.0810324
daa52a91f1fee77f75550246,600670893.310155
a4ad34eb244e48afe23a780d,569360752.7698479
0b4b741487c001323f508d5d,793020316.1488734
cb383b7a746ed55b21a8b245,795425643.6771259
4b092d4d5885cc224f6775e9,402462163.5262511
ba12305002d24055c159ed34,313774031.7291224
bd74d43d99a240ef4190ecfd,456289153.64892924
4957e0b129c5caf47b026c58,698377417.1189333
eb270972f0f69f1671a0a740,695339080.574289
d51d3ef396efd4760c979de4,535873143.6147155
ac65d147ee69785195ef7da1,724012734.964038
53ab42a93b6deb152951f82f,775506669.9827561
5826567e12ee3192785e36f3,827241946.248496
ab64918f2b2b4646e87297c2,914351179.6234976
88b0d688281db2ef0a782921,784507016.6774675
dcceb6a2073faf9f89f3431d,803756596.9287696
73bf75d5762e3dd30fca7b3a,761635369.7089989
a45ba5d63cd1971de19c25db,947642970.1191494
8467eedcf9a48fee0d72d95f,974046739.5760177
6184f12f3a903658f3319290,626257737.942144
92ab018394a5398b832d0b97,738612970.7126893
e8e215437d023387c4a55515,497468643.36015904
7b8a6949d55b5bb27c3c6839,759774360.6618389
33f1a7739cb556a78af083de,803476766.584764
39c6bd862f908b7e8088f0dd,758100126.2508891
ae556ff5f318b73d3b29142d,620295524.1059506
e2fed68e0b614e65c05200b7,668683077.4514862
c62a4288a4a0336b1436132e,663366345.8545038
f23b32fa4894b6d59f73c151,760126101.6863909
4ac4fbcacef08524ccbf3623,371746710.8539956
5b5bb8156b98eb51a58e73bd,612382213.377246
53fbed4f9680917f0615ae7e,485260866.9602506
730b528617c2841eea5addaf,583770355.7406641
13d08f7e14471fcf517c204a,403088605.8312827
da273cee807e254fc9aabb9d,635049810.8012679
b8f7bd85b61951ce83d7f57b,1156402499.0611174
4954ce465ba712543bdf34fb,483417945.9799564
b7483c951d2c19de665f07b6,392031562.78119665
913cdfdd62e35472522d0a6a,575244489.427027
be28b90a71e2922437f25110,569151922.7752897
b71857f1cc385219f114035c,561327953.1039296
a72041a40ca87928c695b2f8,574632309.37383
65a626faaed9d9e3b172415d,575244489.427027
229bcf400e309619268dda31,574632309.37383
367bc4fef78a9800f8616d02,574632309.37383
dc0ac888f1e87924e3994b4e,544955601.4129845
6996e88c10a94d9ee7d05357,433868623.6290621
cb8fbae1b4141461127c97da,958428431.452535
d2de34876a7a6914c2dc479e,840300117.2959081
c666974c4303d43b87714c62,594312741.4983066
e8491a7994738d098a7aede1,948893822.2712266
9a6440e5318b2de28b180a2a,729914897.9983453
9ebe11eba1a88fcb24fcd141,586077037.4695176
78b0f0bd0494fba0293eb0c3,626310864.0547961
047b0ded64dcae203a3015eb,648388089.2690383
7b95396ef4d0e97de8fb4986,894608980.2437543
08f1c136d5a456c0215ebea4,646056664.9714992
0880b703bf2064f59f2bf20f,794564379.1250286
cfc069bd55e152e40b3a1391,716500163.4084481
0a00771ee714a2f3f96c31a3,629722026.5744069
06acca3d0ef4685dc055ffa5,400875635.0174186
f802b026db4bf9d68cf00b16,344410888.019044
4aebacb9ecd0a117307c7841,871748823.1151742
81ccb7e0255eee6274f5d930,1070160299.3397723
cd17bb739ac79f80d6f651a8,1292524614.857284
917829a0aba571cbe794838d,550426156.4831073
5b83b73ec31031582aabc527,367866164.12276363
5e18ac352e3f3119f5f9197a,833367960.190909
b7eb15346797508f47ae094f,652730990.007041
5ac98c971b9293bc6a8a6aae,820997724.0164608
e196b7cdeab1468d5d4e07c5,992572209.778775
0ea201bfd515584bbf72f902,906356916.0319282
d2e6ab3b3106f36f2c3fc119,536877841.1378342
59db28ba77489750903261d5,730735659.997072
b348c76e55613f53c8bbc94b,903393537.4010496
a1e38854d6725e9c48c128b1,409775293.0196759
b86c526fed01211fdbb62815,785610753.5098352
1d2b83d973547da8c168f743,494090580.6599443
0fe3dbfdf25d4b013b842b51,687848381.9172375
71a20a4daea6d31de942b2ce,1050433830.9425402
35352b370a31d01748616b01,988216583.017727
27942219389ecffbce2e1d9e,856142987.4750539
62fbacd4e172983a2a998daf,810226126.1376027
00c1165df93a4cfe679f54e2,859419290.1328214
207f669778ed0db0e619ed40,565057380.4907372
5ca0586ab7d20dce5e9ca8a0,677309884.99584
cc27435df779f16e6a62b0c2,807413452.9299791
7a94d3d31471ae313659aeae,674288285.495774
efebd19fc5a2ab30f2ccedcf,807413452.9299791
8037e40c0c8b20ab6e0d4b78,453534103.5395896
5ae3359bfe2a704de00e8801,622560917.0540553
a5587c93c012375dee920f71,580946485.6855807
ee7f7d547af56773a4b0afaa,785998856.742639
9ed988dd6739eb7ad7aa5a06,870761994.0224917
26c08d7331ae19e1934a22da,716207190.4196278
767024c66d3a88bb18407b6d,969485424.6311879
6afa85ee6594d1c8296f04b2,593455229.7049694
551ca6ad1ecfc7ac21f8ef0d,855643573.6770914
1f79204a8f62c29b0a1b29d5,425151294.70998836
3dc0fa238745fbc31ba88853,433030731.38042474
4bc3f597867c6844e9b47fc9,464538426.76623404
53973c17ea7e89fbee5e6cf4,319470304.3673317
05397b2087e5cf381809f169,592993269.498777
584990ea9718bb5598495061,393115637.34112334
2e7c6a89d2cf2d835839f5f1,716514338.3977509
5c02d79c59fb636ca4cbe86e,572176138.3403995
114436e00c03b44096823522,782470548.7744715
60caee98c3cc8526d16d7f44,576922695.4382948
8207612808b5947f2802d2a6,790353223.4327438
31a73382ae20331521bf2e6f,723929168.6987023
c58947cd4f238cfdc0007bf7,1245538421.0088284
a7ee02ad2a4fa122799a2dfa,1000101699.8431566
c77a63e92b9f727034913d8f,590942913.4758323
56c6bf831d3c6737e3844969,634757816.2097737
73ec6f4da3c277958cd2c228,962888598.2695415
7dcd1916c0485e0b80f9eeb4,1002803153.0388544
cafa94c4a56c23ec73ee9071,1071467830.4919863
d5ccfaaaa739b2bb2b3d46f7,463257398.0794838
e6d2e862f58445084b2980bb,1243877054.9694147
62f96ed5c1e5f28117949a23,478615319.81163496
20d8980a4fa8e094b7a5f00c,478615319.81163496
0172678cb0737e21a317eda4,456557280.54273015
6254ee88812e303bdedb8767,1085374851.3530836
a812ed43db71868625b351bb,909554591.638173
2bd1c70db60a44d4400847ca,926224617.6095139
b057dd8a9c2082d1a78cba88,432532435.62889653
2fb149a70fa14ac05582ae69,605178307.2878867
47e282cb12ae01243d713178,576595067.0349888
ae47cf27964393fd56a52d7e,741299764.0590234
21642991a20d6b0d17dea2bb,694943249.4928604
43b10ad2660d7552ab6c3b10,630022305.6087356
64e5093d6bae57e8b4298123,786903984.7606229
9d8d3e6fb432174770c74e71,692281796.8923559
9f2498c12d7b41c213bec0ff,454621828.8877874
6461c0a03ad3ecf2f8112759,607635783.3794639
09b15382686c42fd89b24285,977599109.1152
da846b08fe2205d2e2a3dc71,473697963.02960354
2a89ac6511416d0920f1b9a2,844693476.686834
3e9083411c44213130b2ece8,670019600.2646428
0f0df5694eb388d843e1f17c,648105981.4379863
ee6a288e644183bb191a6526,505318705.9710839
8f570610ef199a3ecc49a0a5,692759978.560042
3115e2391cc3a078b5e6066f,685721120.576258
c7e45098251c687efe670815,617191505.8727973
8a3b7f5a8da339fe19e8f138,734427175.1189532
2f801cf48edb712627196b2c,587254328.760667
a147a8c29757c5d0c592d347,488992505.707342
86b0aa633bb16582bab5640f,612282827.5763375
c9620e3e2dce92bf95c57c6d,783631382.2667083
b746e4a5c9d04cf4dbf887da,666926726.1876901
915842a8a03914c08a6607c3,411565004.1704128
e9e6e054c1d09a22b7efa20a,597095101.3781251
4b6fb9b705d80ff350bd620e,489830064.72442913
9a51784f33b0cdfce8312163,681243553.9320183
176c9a90fcbceb91569fa3e2,819951342.9413338
c97e70a767a3661c4869bf86,564577314.5053791
a6bdb6221b88a24c9f8381b0,628919101.4264418
0a1e6a95a0f9598150c121ce,908824064.1990492
37d12acc69d0e3e92420e62d,688214131.1731448
d433ad6c3cdbd707e6839082,751107723.143814
36bec92975612d091a3c78b1,655973548.393107
3eb97ecf8069775b9104af85,727389664.5421873
9aeed339b2d916cc89f38bc3,647331650.6956602
f404deec9ec16a8460397815,595599552.9282988
8a0114372706f30bf6867a2e,641674068.923779
681e772045fbee930fcc9ff3,1098830787.4931717
0816f29a68aa35abd5978e7c,726276305.3546218
670fe8f7b8ebe006885b2777,714805110.5313139
d36dd340e5875df6cba999ad,878454419.3498507
8ae869c5033c248f881ac313,1056376332.4521267
294b04da3eaabadd55da9c20,866139631.9134219
17b360d57782208f5afdfe4b,867433654.7282727
88ed5ebb575d026f8d440c60,522645415.57583034
e611a37562f88ebe07bb28d3,503995153.3491765
e685650979374c571dea2ec1,552062658.5098317
10d47d2c73f0ccbc97979bcd,616460959.907832
fe96a7d758a874b1f0c42145,491574882.15645355
a7634531887e969c9c5469d8,411591003.7163559
42f38b1b2dc077c88a746c1e,576922695.4382948
25e832098d9e6e7c2f9afe2c,717134169.2525827
b7dc47c641b46ca99fb83a0e,840233071.5639087
0391d158ab104c5cdba31872,774834316.0771697
a3c4d0ba7b85b9a6370e131a,981365826.4427603
27721beb237824844adbc289,804870267.5648711
6e807e25b64bf0de81f51c12,1083727181.0723104
d2637d64e4022075c8f539e1,864009353.9870708
faedbe92e3296977872a4aeb,1007788900.4183451
5bbc190cdc5ff3296801ac0a,606242475.7093699
9b0abbbbfe0bc85686304ad6,611918251.6132826
f8263893418eb0752dae48f3,339009204.5121269
1e73d6064abab2cccdb6610c,342337588.9343458
c0155096575af5fc8db843cf,381907992.36807615
9c7f7b0ebe440f60d3bd478e,339009204.5121269
25187d9f4cfe89a525ef2493,351075769.86505246
85815a09bde2a30e296f65bf,342149746.7332084
fd45b984efcdb0b434033fd9,607855113.9658237
5dac2d2027b6c81c1b7ee3a4,339982603.7811889
7df538c0c831520e6d36e39f,359177973.4500079
14b81320fc31c7a513242171,339105065.7628899
8026e480ba395cfe1e09cec6,341357447.1413981
80bbc51dd90d131d091521a0,713630885.9395499
ae6ac510d3e46a50ef24896e,341357447.1413981
06b90d41ad3ce1d0d389fea9,777405933.6571801
8d911c1a195567dae3cad99e,518352906.505547
2876aa9ef0b44e43084393fa,448022967.19388026
76556774906f9e12b319c232,339134974.728722
9662cce3c4b92d1c99849899,902929654.0456141
de3d078e5d524d8a7b65841c,743895160.282317
547c8638128424b89d602f50,867416574.6621656
c8a3dc3654c53cf66953de0e,725649175.912257
21c8b93e50ac884e63514f10,830049693.259878
49a0715897795017ee0de843,460988413.7898212
5d646ababb10f51c141e0d8a,651811946.4650831
da598f8a82b1ad1b02961cd1,660068768.2029965
84d8f7109615519f2ab0a48c,684428498.5010465
0d027b81f8391d73fe0046aa,745759625.0452023
079bc331430e94ee76f8097e,625831576.6775365
61055e6eb1910507640ce6b4,657497193.5083938
3f6effb8881ea683838437be,897377100.3782494
92c8d6ee8496b91821d7ba3e,650189356.6784227
78a08f21f7d7c51ff4d5b8ac,798667916.4653645
f7ee7282cb9edc77740f392b,709554659.5032878
694b0a500f1619c4ac4c85fb,835143582.7212405
13d43933e04c3c7a9e5071cd,718618637.8240445
5abb555cb9d65db8e6c28201,533139963.39436054
ee8103b958673c589b9cb27b,832398677.2649777
5b3a467a3b0feb8ed81be1b7,1031691972.8103094
e570a5157e02d440a78ca008,758790260.8062476
70298b5e8fbd66aee975ff14,712348459.5265106
2b552d7b1a1488dfd618b120,412383947.86965
f4ea9c80fe71a1bd0b692475,617612456.7999389
e6a9d5c9a82ba73e76817a81,735998037.2240199
9b58b5c993540ec3ab1e4a0c,763396307.4071372
00858277a3cf4f31b8e3f738,697829603.9994441
d937ac866f671e4a0c090879,677581135.8050925
7d02b3479cb2d89d55bd4fe7,824365241.2256953
bf79649b531e876c5f03883b,556182189.3921542
66a2ec5aac8969b2be538c1c,824365241.2256953
7637c251618135e082a9e2b8,678803611.5751095
e8c9070ca596f88bc2e0868a,563078066.1410844
64adcb2941e9553ee394caee,481627362.86835974
0bc8475715e42b752649b4e6,638063489.1658243
956ad3b1dcbe8f236efe2d2b,550247814.310502
dc81900a751b64dedcb4ac39,604876680.3379036
02e52d3895522d9be85c4544,525026354.48951834
49d6752dd196e7dd583baf44,548237632.8522494
8364aa431b2e267e41efabc2,587762648.521361
1b59d33f9000d2e1aad46239,467219560.6033685
74a791baebeffcb7e7b917d0,608969377.3933605
0a3911a1a9284f2ff81689e6,429373539.3878572
6276bb8ceb13d174b8e405f0,465494798.4222299
d573d2caf8c67aa32bbe592b,486447191.20474744
57cafce17dc4de3bf8a9ba90,780473559.8498424
1dc9e5c684c831b204d21585,893637230.7550265
48df432642971a97d3d4bd45,533755452.6635448
4902ccbe8456d3f0a29e5059,547521669.7903407
3a810dc80d3a63f8cf106717,732346942.343438
c9859204696f3440cdb541c3,752277396.7925853
349fa9cfa15d8f8bdcbe863a,1031020751.921364
d0bdb51c8020a37fe8344650,862887047.0347236
7b037e6e5d110999e51b79c9,771068396.9021546
f677c51266f5ada9e23f20eb,420867881.9040737
1b85d69a0f8ce1d6ac4d4475,601606642.8990655
4570a3ca0571c70657b4a1c6,664866991.5893013
de32ca7785b71dbcc76a50a1,769386854.457768
4e3cce6b581e74879c2dbc4f,463049290.08953214
09c4d4b5d1c0118d877d5734,704056572.09514
b9809baae395914981a9296f,697992382.9547219
fa56058283c975be76d7c990,737575924.0602063
7b32938ebf0b1b167a3d2d20,682717486.1075337
bb38c1c17612ce593e5ae7bd,331126920.94535154
bf0485c2e267d06b9b1d90c6,747568680.1028466
0357d0ee6e0646113ea543cf,731602020.5304809
ddf5182c482fca7d881fcba4,852468610.9550279
47e6a61fd652a3dd37556ddf,595710204.6366689
a9054883a22542257c7e778f,313435827.45834106
d7c70d831e88d552da09ff29,871839580.7199622
d4d138bbc80a0b29ed28a4d6,524774304.11792654
dc9119767bf4f21fcccdcc69,752263093.1085603
e8caed8cd754b0e3d43e6954,653931813.9704049
033307467830cb865a785e3e,646870165.5681661
5498b3e3ca091bb81be87166,603707755.1868938
bcaded180edb36336c2f5b96,774715682.1199785
ee4377ff95580b93e80ae08c,755226359.0317585
c25e1e289cac1bbbee489122,787785581.7654591
7e41d90a838048eda035fb27,679932726.4791491
f418efb887a15127cf2563b1,486477690.1691447
93b27fa67eae8cdfcb846772,582776440.4113019
6a42271a0b03bf9a856d1acf,665203842.3619547
2af9e271765438a47fa7e7a9,414408533.0818235
11429e0923f804d7dc5d27b6,1005476429.5546186
c218434cb0b05ebcef935e5b,677173797.0307618
a98e4f4db7afb8a6c9f69400,698440006.0288459
3c35c8993bb937164ae4a880,810099456.1964766
c23a1372c81ba03e6dabb0df,598493051.6497685
cb332695a296899d1c798426,653600148.3200878
2ace3da2fc4e0c022f7a8755,874626319.2542617
14f1bf9aa68aee1ac094097c,778693048.8764609
649a2784beb9b821d36179af,631137894.4655502
6bbb8f89bae38eff88c89c46,468389013.8815039
1905b860a8d463c3048b4e46,552319284.9984035
3ec50faceb434f716d73613c,1145238574.0306273
99543a17b33ab955d03adfef,821106758.9543391
edbafba81b92efa9b1400987,821197841.2194229
9b3846c7abf642e0a6220e7a,459648226.95513254
691c35e98d0d5780aa82aa06,617171865.5691817
395fbdeb9f0c0586a2b20edc,556091522.9199411
4803a3aedb6c20eb194469c1,550578256.9776989
bf95acc88b60a3d531fbd42e,499998934.71491694
b936e36ecacd7cbc3498cee4,534758485.38257563
293c8a0a4a358fe7554a4ae1,876847296.4999745
5a72e2a62121158efe59069d,577575620.0663939
605276b332b5e5984b83ea8d,416797922.2331634
d3de7e975a9215d04567e467,504732058.63646513
44b623f7fca1a306560172ac,605727916.52409
9a6a8802cbf3549870c55031,515607259.09986645
f43c684b789900c58c8b5fd4,504732058.63646513
dd7ec9d7dfad5364dd303f49,616510953.981423
506f2b1ff3e4e7e43a5596f2,697588234.4068129
090d371309090bf83b6fe0f1,686003821.8820218
886be9a1881866ab1f300533,551444484.0585929
ef34f331871e8ca6573981e1,511028602.74613327
53bbf1d3345eabc2a8b7f5ff,705392034.4079692
5bb87c8d49ba8ae67a659b52,706391352.4335767
21dd47ac3c4e1d6bd0ed2485,566708734.2025081
f59686ef2740247394547078,943498612.005638
8fac177c5a8b4faa21b33138,392316342.0167795
b2bc172a3ab25b8caef50189,746202551.6678969
a10055de743532d7b7bd29a0,582295313.1647372
c344e3be381326a1b6cb5989,630044569.9508328
3fa4ef366575bc72ca5a0582,704005798.6512138
e9205b722e624eba0fd36145,1037976062.523298
e75699a7693c678786ced75c,561991141.7422714
23208132621583ce4a46de77,979635143.7818152
558d9e4b57fbe6c7e0a09a95,862971257.620691
1a6ecf722b2eed8cdc19ba20,787232056.7906351
11734add51785f1ddb999c5e,666785793.6193557
82c9ce0d018c1d620b7a6689,595413300.7668153
80d95b058cb11ec829b5ec96,663745475.7396879
cd89201cfe3fa19a4eb14bf1,566708734.2025081
d0a5f33f0689445e22db6626,450486356.93712825
c7c99ae9259b34bf9b8ba799,471208301.36006075
73806685dec82cf637f19384,470988268.57066786
83007c444fa52b34482ed55e,674413197.6432556
e08561df5747246d74136dc4,447933237.1106975
5b0219cdbb8ed527aec91659,853119060.3635334
119805b72aeb50f05d3a5bd9,839054190.4770422
fd20cc372715855081e24eae,804459802.962347
e4a021b625f4ffbed391c6e7,841640583.2273195
902d4fc2c44ae5ca2703426e,702776049.9559743
71aacbd62d72d3eb29a744dc,722116867.013996
7290697f96d8e2101089984a,629829141.0456276
314153750510e92ddcecf33c,754784735.5175662
9d576cf721ad30ab1a4fd554,424977424.7024346
50160783a9a0503df5a38dee,599317515.7003288
0f4abd70b68453d3500eebb5,424793899.88608646
42cde300d741cb134a529031,485580214.0275072
1e9cb258a0b7e08244d7fcb1,662133501.6569072
febc9a1b054671445d756cec,618004002.0811772
39351adf139f820864dfe8f4,872286930.1873596
b4fac45659e67d4e91fe65ff,313774031.7291224
fbe555f6bd0edc1bc950d9ea,811948528.3046005
67308f6bb80d2a203e306104,429911711.08846277
799cb909791d43a1eb305eaf,734561215.8219945
4354c1b6b27a87c451ddaf36,544298133.708617
0b937a3ea4864896b744108e,369777752.99164766
b96d8b77fb5ba71ebce2fb26,612491186.9107208
f4b1645da3f4286e39f2fe4a,634907114.1928971
a2d1de4211aff373009809ec,543799892.3088357
50b619ba3e0b2a4c6512bc97,667075043.4156457
3d57abd322b0077efa1091df,763964931.9561245
652793275729ff3b69e86072,641318369.5279592
1e2270f9f49aaf3be01dab49,1065259181.0535488
99970db787f55a4d1963942e,414168550.5688372
801d821fd6ab7ee01b62a800,623894688.5956649
2abd46909a251b8ebbd37133,557292285.007068
20a783884d6bcf1aa5697772,616065417.22722435
2fc38ab2689eb24f63e32efc,748327361.4969171
1f592cc4ed728909040f953d,882553662.0517516
d1dca15e36fcc5ec14dfd870,882553662.0517516
54f7aab6b91b48272a81fb47,857930540.6648957
b6d84e7d569d8d0f0d0c9066,794123540.8542097
54d10cb2a44179fd4d726f1b,860804211.988399
341c307eedfce3f735f4a63f,717251176.3621143
1e057cf20757627d1b006141,479588296.03863126
798bf22408ef6814759da1f5,727526338.4680237
9ef3691cdc2bcece41b47e78,768930020.817688
fd5793113661540ee34b8cb8,748794303.5817263
9c4ce4e9f12764544cc8bded,599997832.7251554
542b5322e59a3273e10dcda9,810888257.6984906
af578bfec5d84cc2f4ffb8bd,595869220.8178029
a310528e34207b5dd813df8f,634907114.1928971
ecf5c9bd618e3976ceb5697f,865240868.0352249
d342a1ae299065045a957767,1155244715.4340909
f5dcdfdcc8f414cb7a38309f,630438687.6992927
4090c1b86074c8e769cc72fd,512419545.19284433
7ef2d4777310765d0c8121af,787693877.3585801
39222ab30001b3cf45b7de65,635305385.6423006
91a73bedc30e0c2acd95d6eb,609638943.4932319
d1e6d6900eebd9ace65d6c36,625199779.1666816
592c9c45c07388359f663219,537388337.6293362
738111512f5e5052927468d9,854209084.1642166
0db51d4771623f5fc1026d74,498633708.07264364
82c9556e19072558cbe3a7ff,457478549.2379973
c1e51ab95336a51885b4c672,656086683.7608212
0eda675541a035b1f620ccc8,780197709.1145184
cf379b41b70374ac4cf82dc4,532099885.87228644
d90c961aa01e51d63e50a2de,808453338.0741476
990379c9f9f210206c6f1916,1064102185.9088771
f8189811dc639d760937df95,590541155.7231656
3d1deb639d94b292552a123c,598405076.4978958
43041a793a13a4171f22e492,637292785.0515299
052d00805b2602cac76fed4d,765120839.5470878
c76207e622cf8a208910707a,657758282.2237084
ebe33bde2abbecd6d1fb0cfc,629617700.7634145
2e23ee2beaf5293f57a5c504,535921000.004628
abbd422c412c2d57f5df62ba,486593296.75355285
648217f4d8b5e0e65dea066c,709121913.8062747
52e7657a539be5f36f48bed8,922762718.8023129
3a276f0df8c12422e14107c5,780928313.9149026
dc537b5973d2b94acf6f23df,823123472.2779385
0a41279a5ea9b92bf8cb79c0,928917414.656531
80ed77aff62d4c57ede6ba94,619056631.7188747
1fbc660f780245bd72015f07,740508926.2960972
df1f513009808ebd46ec0847,680124730.9534407
58708fd9e83147daf1a80c48,491700196.0095444
52b699f9900d81ae85ddc7d6,690808188.2000219
98c5b154ec80083bf6f51835,694809591.4294101
588400f7829874f9de919e39,541941412.4167552
46a2a88ef09b2aab932ea02a,693667063.2703104
31474c62a8f39e250fb2882b,890063987.9454247
b40873d316de1c295f2a97ec,685370103.3380853
bf4b8b23cd87377169684e98,724433060.7235087
a34b3b037805f2ec489a95fc,644462835.1082667
963985c57392ed0423d74caf,654005075.6098592
a93a37e4cc75c069e14ffa00,676892626.8839961
071f284d07719a3517c55567,660637511.6554189
5d030db414b00948ec10d18f,436882283.96038085
6e57de8c4ec2e42832cd4b09,755522504.6617733
d9ee40ccf461ce3e9ebb815c,690991009.9205066
ee13d186a24af238d06e0c2b,676932139.1608129
f27397321c007765244e56e3,925145784.1656129
959397711c3f452486ae591c,829975970.6351302
a41222195e5c7d7987dc3c7e,485724670.45945174
ad14cc63c36789bfc1bac0ef,435093203.81459814
79ea72e7b03cfd4fdb5219b3,565953116.6877195
cf68e05962a41395844e9c80,632804147.3329872
4a20d03d09fb9d0ee5565ec9,461516230.70284915
734c9446d0674b8d6545bfef,802634285.1613805
d9706de7190ae64c83e65769,673157799.2066737
b778282fc4b9c43055629e44,784507016.6774675
a4d4d6480b56d6198c0120d4,648949816.9453158
7557a9bc12cf0f2901c00264,862576096.2867743
41376f69b086937257387f1d,654060945.3724449
2910f3631d1db77e4b61f8b5,582635332.3240595
3a8a506c99ede47ae2257e87,614178845.0765684
25d89911e830697217d460f5,573970996.2972517
365a227184022e99f1d2a816,630215188.3440981
c6e34cb4e79a729a5df4183a,760928310.0364758
c5c3f06bbf812593d1b95a40,753784320.7282263
acd6ad0081960c0f17b144dc,785244352.407945
344a104d2210954497a5a388,701833318.0167985
c0109086d0f49aac6c3f3f18,570123064.6640402
c42c99f5da3248e7bcc73fa7,730308765.6523193
8e1e9ae57400052cbbaed9dc,1202649914.672451
8cdd55d191f206b0841e56eb,788864227.5630468
c1e0b47866cf4a0120e4b3d6,566987918.6754774
45a033d121ca5afef24161ba,571691685.0585936
bc834280fb45fb308d957640,559975771.5967039
9ddc14c8e7fe7ffb078e0019,823800061.2818305
7d66238672def6f73c25247a,540376348.1881094
2c12cbaa1f14553c1d41b958,489843264.3162184
196969a98960a68088266261,690808188.2000219
a5a3cab55661982b7d30bc78,609149092.2724236
6464d5cc161ac659dd963897,500541399.43343747
e9f44786cf982100af0984e4,785411115.4344239
6302e608d8f37e63f4e5cc27,463425936.66734034
ab614a5008d68aebe34aa201,741418960.5697757
06bfbccfb3ec0b1f65f4b351,782010864.7511433
f7f46ac9158f0a1edd01709e,715015067.8049644
6e233ae6294318baaeebb59b,934846793.9430132
bf6e713a689f574b532edd4c,839323277.4228724
a7e97bdf2d4f2f62f9889c3b,646799608.9477392
784822ba0060eac9358cce22,422701203.4860317
13c51ea93d19df6c273a1502,576027983.2925804
176e00102fb65cba56279287,559544606.7688872
52e5904902e4d75ad87afde7,655680097.4588788
728ce22c8db9bd0abe3f20a8,756282393.923079
e8bf121ec117e383c843bc51,1445720937.0525596
878ff8ef3c862929bbb19ebc,647666380.4989634
ed80ba018de35d5d76d50db4,895044844.0882332
9267fcc93ae3b6df8c12d9fb,564044797.91243
babe27dc477f5e1b7e438422,677426418.5980747
a4173461aa676e09227559fc,468985967.60893506
f0b2a0602bb5a83f0827ac75,728853132.7591566
2da346c00d6fc39268f12b82,689565608.7651453
9ec5fbf8767dd0d2744a79b4,607355112.9446961
c85e9bd6e20ee2a883d0a7d9,382827908.719548
191cb509fd44e580ee32486f,846298551.6594996
053d37bf1d988505b5e91809,683989733.5947766
4d3a66e028dc8f3e9ad9e9cf,573992754.4513862
c75b265c0eb946ce77e32ce7,749184655.7776847
d233eb8af3ef7e325f6c8f9f,439484228.50762457
7f7f5313341b3ca499968716,621514860.010612
4fa51848638f4437a3e31682,785866159.6472435
9090236db3ef719edf72a330,1065235764.8783749
4dacc190eae91b059dacbb00,931981910.5679872
ccd2f6ec8e9841f1068b7c76,645010230.6947696
a354cdbaff42acd1a0b5d82d,624575894.5615004
da8d3092ed0e085a83a7d67a,690812094.3387071
1181e18553eafcf5edf6fa05,858885721.3198324
5b146f1914acf2ae78360fec,866510761.7077565
a0fa0aca2f6c2ae65a98ccbc,712348459.5265106
038bb35043651579f443c481,682450566.4956903
430c46358b85ad4a741c7187,299482612.03044564
4becfb041b0439429f2cffb4,538859130.830756
feb87029d5a2e8125e165bef,450373171.0172684
61ffbbc24b30698ab8f735c0,572690324.8039111
0e3067f71dfb9dc2e03bba59,537698767.6652521
b8ec643c66478da376153333,545098423.2518297
c8bccdccc9186136a332e995,746222585.071207
0f4765c8929a87746217e957,1007251196.6090726
68c145df0ef91fb4d14d001b,457620443.8852465
e5b92a0c67c506ca6e92315a,582296385.5227529
a482103965890c922a66eedf,607953101.0588948
1d917f9f5a3cd44cc4dc8d2e,536025261.18934226
4cc968db25c2cf03991c0041,604573096.5948005
91ba0c5b21b52734d1e244f0,605426540.2720551
d6a8f4abcb02142c6dd15b30,484316376.30602765
0587e7e1f03af8ea6c46290e,534143517.5560093
61e1e0c49f3aafee6ec9179d,670480885.961017
797da4e993a993ef80277108,738864818.4370008
b8acc8e72f2c498fede3fefb,738194881.0702381
ef2ae24039bf2cff1caa4340,633022910.8487464
cfb8d15c6b0c0e6ee4b92109,729727091.6705467
05aecff6fd8d866c6c157a9a,713393366.3939266
b2e37eb7cde5cf4290649ad3,823410978.5805749
b7ecbd35179a7658f3c11b41,823778678.7411541
699095150a7f3f32c40454fe,1148797651.3874865
989a4fc1590097414d7c3fa3,468907046.7983063
b6853999c45e21646a0d1b20,313435827.45834106
6ddb6863958ded0d72fcc6a9,418607291.222437
f6fc3807b54d8c69459c4f64,503719871.0771157
6528ca87df8bb477f4b6b8c7,501101820.9756018
7bba885503ea7716ffea503c,546686002.9576607
846e6f1ba1c94966314345d8,710172573.8248373
04e6a79dd3e4d8d17c8b5387,973167211.8680689
4d60db10157fd0b5eab9a23f,853205005.9376048
0d7d434afcc5e93050e0b86d,848295212.538364
bb9ffa04d913d06846d082a7,762719892.3367428
80abc4c356813c1e4ead1e1e,523746717.620457
df8979b26c9971dd7c3500d8,743030541.2540678
6ea18874ea84b5b4840f9b85,528045373.46713525
aa75ed5781e6e8584143daa4,645875469.5015463
c8c8d083c9b9600059a8b8d1,501363227.78646016
5c8f3b7ccb4340263c255d00,660977243.3577244
79b943894c4dd68bfd8cde7f,621398895.9117006
64f36d32a3a64853227fa69b,1017432740.6830559
d7080c3742cd9d72e9d0ae48,545377812.6407609
8333d32b98625a2742cfabd6,680717209.0962379
bddcc7fb72bb973f84b864dd,774051412.0857483
5a80dd0f68dc2cf9fb1b0c03,535816658.9106372
5d82060575bdb7be33e63ecb,782435466.9597441
de416f239b27327e0f78b862,910462741.8999721
816f93a2e035e4fcf61ee4c9,765822191.6996508
aca1776ef24acabe172d573f,760522621.1279047
af32aa018cdfd081a81bbc80,658794734.700953
7d133cde943d189c9abbb6e4,876477790.8488231
80035ad5b3b4a948469800bb,683776832.7774073
95bdebef7fdc2ac0e9541c51,802069940.1549813
d038e5695b32bdc6fff1f72d,851718292.6940179
2979f2d91d649a8c14f5453c,696237942.0342985
a0be286778d94153d3b22ccb,721096783.3524892
57e8ea351ecd1ff0825b1324,839111829.3977131
c84f96cf4570158c3832c3f3,718356534.5540562
93ab279de0b7b414ce758153,648907078.2603452
2018131ad3f6e5aa8f4be704,891182559.6120542
eb055771816b45213df3ff3b,424838588.6821558
8e3700ec731701361d7bb7c9,529191184.7901582
422e994aaca85628ff759004,613626019.1773835
569e2cad5c18a5f393f80a8d,749911546.4229251
7b4ca3a8d09968e48c185260,664498537.4141378
12785f791e04b3a49547fbc6,982715162.6394588
02ea72128a99862e9537718e,675292407.4777437
fd77ee8ca0551b5b614b40e1,810310418.3962665
ffbf6a54fb00029ba24dd3ad,466340647.82710356
a295b12b773127f15e83e174,559950972.1063175
90f0cf22cf9c8fcc290e495d,469554972.1589329
220d466e3737f1f2a8ed06ae,432532435.62889653
235c56f4afd6d87f1b3e199b,460169082.64258796
eb0f3b14782c9a484408c606,703236908.6597017
4188712d431ba996cd59fbe5,575269475.7302468
3dfd7e954d6f7f40af60bc9d,509572616.17543155
00e80be4feb1e8593b7713fe,582584015.2924923
eabdd1bad2bc4351ba4a2635,746005217.5008531
850342685ececa472945f7ed,560610529.4490705
ecc4d05489c5ffc8164d5469,433030731.38042474
2406d47133763272a965ef51,448332557.9690573
b9430e8c145c2a0d7efab2a4,608509122.462434
4f8dfb8de411b8a05c55dbbb,658640910.2644079
574b6bef16abb21fd67db401,553761505.2831279
e7ef0d61e27de15f10b0d643,746005217.5008531
647ec3f486cedf045cdd3b68,552098962.7404199
69d83d8492db7ade6c37c3de,537123604.664796
6c07175274fba6a0dc467cbe,620622527.6135275
a5a71962df1b8bc45bf5547e,665217149.4081109
ff61abc1e7843e20b1bf8656,466632939.46772087
540c4d7a79864885d73cca95,462122390.8224678
17d0f69ae2c4f1aaa1aca9c7,624555063.8722892
80de6a9303eedbfd1c69601f,667621588.9415001
7cf573f273b14a6cfafa3ec8,553904639.1353344
eb9ab213defc2de5d878653f,571163111.1150086
69f7ab8608b5328f106b42e5,719898017.1521808
9daaca90887e5144c35daeff,485074496.4641617
2bd08c0964ef4a95295db843,761202351.9005295
34f0542a538cee9f3624d897,445551425.8553824
847a7fbd4425fd2fbc4b3edf,1074524363.546794
22428154baf95870f1d83fdc,635572248.0593668
18e89f083fdbce3da0a82a4a,945961975.9069922
63674e7ddf6f2b4d7c6d5c1b,412231212.9709972
0e97f66cf4208c1a57d1fb17,468637862.14234906
a90f7cd68b662c87d9fc2d5e,641280304.923368
2086639384041f3a9b519140,701833318.0167985
d38353aaffa4af168518c6c5,643012593.9524823
d994f3919c3c8fe0ebd538ad,832221078.5322375
ea9d6dc517c77ff8bffd596b,833953176.4471538
ff83788b9f8db0297f6c0148,910648508.589787
9d9564415e52518c2817f66f,520687485.46115553
9362189c5d784741c9b0f8e7,780904456.8374387
ffb510bd3f847f4ede255fbb,416127607.539271
7d3e4ead63a869bae978027e,752204694.6946923
5dc404d1c214abd2d45b2a0a,942082632.5283391
64335f6d4c1a7514377be77d,553982909.508604
b81801f02a73feb1db7f5e83,973257437.1147302
b5d6fe84ee7c6a703891112d,919162533.7995305
af0502ae1fe341c2ce1b5325,545343330.5972315
ec43b2789c9cc266a8e0d1f6,492862403.6229655
7ff8b0b5ab4fd12f3be399ce,639103767.2734101
d5c8073e3ceefbfbb547eee3,701228421.258813
66379c5752189c150954b4f0,432774579.7445531
6a3f9046cfdbf4eefca3ca69,546830977.6439835
b549a72c938d767ed504bd83,729789665.607209
f48e503ebd3908838c1f2ae6,519285958.2517809
e58ba64bfa5280630bfcfa97,649109921.4432429
07edd16680605925192efcf1,638851225.1005089
70b821bc1c7dd846a8be343c,469899837.5191627
d84d7edc4a4896c4a8722328,526565505.3501574
6d592a69209ef3356e656c44,507485149.4848784
ca9b2ef10b512905af6be620,739813335.1929251
bbf16146922556095f53b5ea,801203162.2158126
86e80098f5a3e7dbd635838d,703165394.0359396
dad46c20f9f7d834e522fdd1,799006582.6391721
e2dcb036931bf4b2aa030036,987490153.9019158
aa7a25411bc0f9f93dcc40df,435972917.8444738
e192181121fe58a8bf94aecf,520462381.106972
5aa715bbe2b178ad0c9e4b08,829135969.9231839
43b5b5a9a1615eba48ab8b66,464538426.76623404
dc91e3fe1b190fd8cf2584c9,526597661.51828927
1014341bbcd2fd5775631f78,529792758.92649525
7f2e9d302a6ed1770db9f7cf,723929168.6987023
73f4074e5e09e52e0e03598f,696368327.113191
0460eacc73398bb95f0518e2,948088920.5485494
5a44be6fad8878eb2c394ca9,858915134.6304675
936cdcce007bce08a72112b7,567436431.5526683
8334a4cc7db8ed5c0071fe95,569704996.657781
e3e9d1d073b129c697c1e9e9,639010923.1681285
dd9a60c3d502ca3cc98d9b73,645899913.3159821
949184accb5878f82fd5c10f,855932146.3213657
bbc675f7edfa0425c78c15ea,711197314.779675
7436750d73f2e56b4f29e98f,620098718.7863789
cf81103f31f74edfe0453de8,743143728.4550179
620e467297aed5c47e22735a,359121013.68938243
41037a3f8625082544979179,530164655.39986944
6a2db40e5f210a31b2f7119e,613288073.288146
0083ef74db679d22463a1afe,678112444.6762955
b19be1ad7f60717a943ff0f7,452234682.76295924
0906b6a88fb1eb0d7bfb6bb5,480967925.9219894
f82adf71d17c261b41a5231a,735498020.8706719
bdda694c42c52ba4803d482f,713900190.5192043
80f633154b6f94b8fa24f213,558207149.5903834
f69aa18a64d8b8494fd9fe3f,422802296.8840945
3146f3ec9b237fa0944cec7b,572905260.8833792
5db3d671b5aa03dc33f258dc,409416329.82519746
d5239537894ce7f2a9cb5a49,502085119.7804134
bc28e66374356a4fcf9b62d7,561715538.8337449
3697e556be961a16a621f3e5,471329867.1571703
bb6f66493fbafa76d70b0a34,631175285.4885054
e78a4111d943044a9a32ed80,750048930.949032
044e2daf937c0d8373f2e914,739945063.1752344
77668d4325802de9d63609a9,674969340.3213426
a85ba83751915d8d5d1a0e09,743422937.6786851
429460d5f5c5381e945cf449,713458868.5592273
a53dc5c58f7384729ba37a21,694734183.9069273
a4dba76865fbd14aa19c0286,979006983.456972
7573c18a79e5e3ee0610d7cc,768957860.0684828
f13f72c1cb469db92b25c2fb,996657460.3054152
45dd7eee4488e88d71d46783,1187638056.8740265
dd4fd04b9fd80818bd543f9d,730484747.5017524
500a3c5953f89b431184fead,863870033.2116792
d2e737461b916ba78030c76f,769462377.1633933
e1e69b5a90431b8a44265487,547533981.798161
49cc8164d94a2afe8b750af4,519045129.30052686
e9b054016b281140d2566d88,847446946.1273344
32161228e9c502d2c21beaa3,568479597.1536642
9017accdd4fe3229fc45280b,309835953.58309966
17fed4a312a9b773f64861d3,432635097.4963759
8632f5681d04d9c934675409,982875381.3698565
8356123e4d10a479a12e98bb,542761047.9021792
70463649ffbda5fdf3c10ec8,650413697.387264
1414ec3cdd3f6ab772fc7584,666356030.3495499
937708417ef2642b7d05abad,964851154.7640903
afbe90d764c1821cdb26e38a,490493526.65983415
14331a3db021936067b15890,546693394.4145696
793efc460dd25b67c644e92f,608502696.1276029
0a9e4dd0eec86037a36fe769,598179124.3560666
e5168779de76d99010e37c7c,776800180.8624089
016dd08801ad1a1e7f6e695b,928700491.4705971
ce509ce153f452ff8a997538,730553096.3779497
66d8ce8e6aad18a4963275fc,754660745.0231133
8398e3b96d1311c7264f6603,948836526.5190611
e9081115ab418ef1031326c3,497352311.8608795
5c8240a1ebf6138f81dac715,755490747.7165287
18cb1adb2078fef29a613a96,547615986.5608515
4167fdc804227ed43224a32c,875010547.0534217
b5d0ae257748ea92c47d8fc2,411897564.7845962
1d17f0ff708e6f0b93a990ec,769527691.6766759
764f506bb2aa1ac4de918a71,616269405.8280364
7a861f1e3af4dbbf55b2c301,509239860.2955022
1562a23a312478d7a05a33dd,703118248.2867343
0a040fd24e23a77f0c58495c,664333890.4055297
7f0f5931fe148f6187ebf512,742182181.9498466
9fcdcb2be94744d00e734a3a,984651765.6187613
f181f74e96a93820a23bc0a0,504710086.28098357
5193b43c32a2bfb3aac6b2af,826181495.1224644
6cc7718e834ba47a429d6874,569603027.4191911
b8d06f4ce0d6e71ba0fddc26,643107686.9286816
30a30e4ab286fd822c68ab5a,669032936.5544121
f99bdff027d28ceca0caacd1,770125389.1314402
f46f5e911c6c595efb5b7ab5,757391784.6896901
a7f0c831d82505044f370b1a,435443779.5193979
17069e9f4ba45c93738b109a,524588024.281106
dd5c910c2a3d63b8fa92096f,565172126.293879
a33329c9ed11ee8b87aad6b4,483487458.0262103
925b457b5df270a68b84753b,352120327.4594845
d206aafc71e8aec2afc3f8ee,502291103.7581522
f8232717e74332384075dde8,400619817.84466577
f60d9f0751a14efe41be383b,351484707.0669933
13adc7946bd4e6e3e4416e52,433948787.3927191
230cdc90e6c825d391d5025d,460014959.26914376
e98cb170e4383546988c6829,565172126.293879
5bc46671989de2534553ae49,516489722.72071385
3b98c8e46cf8477a1968244f,575377057.2323582
f9f5fa4ad495197a5c9b492c,352233743.04955095
0bd42f8ee9d36dae4cf35886,391639906.62267905
567ca46ac91cc53e3b479547,423805040.83079636
f0ebddf2bd5aac661e4945ce,570604738.8513018
eee841bc785b1824b6419a73,698478741.4787267
004776514ad269b380581066,536278543.1470709
bd3edc7854cffd6b6debfb98,641247256.7109191
0b42bbe66e438fa81a2ff77a,591376971.5967228
a33bfa6cf99e26bd9c49f8d8,599558932.6184565
8b45db8a4f2c0f772c8d44cf,350580902.3597875
262b5b0bb408d7cf53073832,470262065.6977388
5844c83fecdf7e09b188c2f0,586581383.5490928
9cc3c05f0e81b8f6454b80ea,464898946.3488821
07c46b493733d74c4f384b79,629465486.0106351
932ce2fe93b8e1ec0e7bbc8f,432349745.4710346
559fabe06aaee537322d0af8,438471138.09477323
f4da2c8dd901cca9cdd51025,586663159.0216349
84eb4861db0816bc8722f379,599464497.5048963
d0dc69570223bce949a4c17e,541267920.9097631
abc2ff9d0e7848169fca170f,410828389.28611225
3e3880088f0df7c447e27840,576757692.3401085
3580dcbd0a6d7d6d3546dad6,681285739.2345247
f123231ff18912a3dfd7cae7,508347252.64386404
78a7eac41dd672cd1863e3b4,727276924.0084027
97def72de478566ad58020a3,706067308.5367912
e3e2e3080cc309d34014e8fd,587567058.8455802
71be583d473084bc0608d066,631272416.1674563
ac6a4c672dfbe20f5bafbd89,599562736.1934774
f4fc081a112f5ee1b3a09e70,688047082.1010526
d8add8f5e0aa562a63c894d7,681719096.8417178
88ab887e18e38d0b8315286e,722620790.3354652
07c8af84608e6c9206ad6961,599926699.7983433
2b352d996677e67156391e25,548859187.9308251
ced624c6debaa01c732e9f60,658461992.6265836
ef92f63b46f27ccd2151a21c,609111814.6018581
f4022026c279a9b77a894ee2,598975390.5645643
e2e2218086e6ef5377c01b68,677800358.3746922
4af83eb7718f5823ae69fe47,659373116.9741735
ee98e745afca6de4550fe570,599392905.076126
bd1fda425d792fb0de7b4499,572505068.130878
86b2d3ad1dacb372734f810e,576757692.3401085
98abd5139cc3ea136faf7c8c,664158591.8325489
4582ec985de48290c5f1f5e1,628860113.4283828
312a6b2a57dc6947f95213a5,404360967.6592611
86a47522586da2884181f128,578728367.7648077
b41edc115f6b439caf392941,494902771.9241764
fac682b61b813044a3e3ad01,681558140.3076788
63f4e57fb2cc22659e80d6fc,378757758.0730453
4310c7a552b20afd46f930d9,635213946.7402523
4f18341de355d2cf57a03983,495045404.6084026
a418dbb6d04e505c133c6c1c,628403376.2650908
afce1d7c5576dc49c80bdabf,561884116.553381
5ec12159380f4d1a85e8b0ef,476877211.0420803
78d10967c36cbf346bd58f63,607564085.595981
f995364cc33c431b3c93db45,678738528.6393325
99b31d0b5d5ab75a2653b1a1,486150414.87456065
42d42ad031a2c62be9b5cdca,599557735.3623428
73d09646de4e0ab46feaceba,486613852.9864613
bef4759bfc25c7d44a8112af,586581383.5490928
c038742e427830aef3ac1c17,470005032.7901695
e96a7f5424558193663ef6f4,645224036.0305654
1af243eb63d893b1251f44dd,609111814.6018581
a083fd17c5e7c9d33540b922,456915479.6038649
549024cda1c093c9f8bc2ea3,439547637.64543533
164cf5fb9a759f2e4be67b6e,599729739.5865713
65ff6cef76efb4c83ac0611e,518238851.4311395
784b1db005d39c2f57666efb,605972070.2587471
a2f06081983f748fcd74652d,467555306.13533264
66e4f010db2febff23b4a4f5,544955601.4129845
9702cf3039b86f97c003e20c,678145565.2461723
48de5d43e88caea594ccd27c,734771409.3352249
6732c28a236aa1ccc0cb2c86,880841493.9952958
8a1d1f70adbdeb233ed3ec3a,644309950.8302505
c775d4f60fea55d5511da4d4,625484843.9943
1f4109e1a4b47a9b11c2c019,736214316.5997286
31ef69bed8e54b5e1fb245aa,688969270.0617225
882907ccf178b23a02ce262e,515430090.82907975
2868ac4225657a13f6149e6e,658111034.5224277
cf6f0a3cc030024f4e9ad06d,679035360.9994882
0a1cdd0d5c3c8b973ab1a98c,781485377.6913029
0d099b1e1a314dfd9aee5293,549846355.7971756
898d1eb301c92ab6603e0b81,577612775.9012331
9fdf7d85fc65849cda3afda7,709695214.2925541
f5ee97750fd4e04eafa9d1d7,676459930.4456365
ef9cf29f71434be184a4ebd9,657030352.0161301
e4559824c3390efd6282960a,565991358.6989417
f8dc73052c66ab334cb7be14,673717443.1932385
2e992370de3eed4ec1271589,672543437.3280748
e2bbe9221780d01a265e2ef4,664289509.5212886
b65a2a140ad5fc6e3e26b6e3,501205012.11809313
3dea0748459a295fcbd2f0b6,562623734.9302107
7a1cb1f751cd36bdb6412ba2,682746700.3589814
1381c0399ebbf19db3a11820,501205012.11809313
479b2c9c12602551bbd0212a,541756310.6871393
d463fae95232d30e0f78f93f,486286764.7832452
d0df2748d371d98d76408d66,583690567.0735316
9551dc6098b721dd495e5c57,783474721.5512536
fa736ec3f2f066cba4328908,645475566.9983253
37fc4ce5dfff7faba6bebf8c,783832535.2238886
f336d60e41c8bfee91d58728,671249353.2332321
65e1a61d984712e76829c821,791952087.7139632
65eaf65f8dccb8e49a93b753,678595595.9217688
36eb8139a5ca1b8459eb52c1,699763967.3915466
c357cc3d2f4b45ca3e1250d2,623625140.0458301
4b75f2b374e8674e8b55eceb,840150167.144464
9c20784acde0823e9479be2f,642535500.5822167
0f2aa0d9fdcfe894caa8fddc,756784118.1025265
23374ef76774d4f95f022473,898633244.6544352
4224e69acf9fb071d4cab498,892548888.5436207
a41d05f2ae3e022c16088bd0,889504057.8464024
9b30c679d7da9169580773a1,843687443.4272977
2795cdb2f4d568a782dcfc3f,858811173.7374904
5399af7ea98c97b5906efe1d,808414885.7128053
5e93ed2a9b36625c4450b5bd,719480661.804996
d04d42ff91707e3957b4a29c,827303093.1278298
f32ea78bc5ea15d700d3c118,629405760.4862667
8ce2d6e505ad1da079f34a8d,908161321.7916914
014799b9ef7d5244fb6640ff,864312316.3039395
f50a72cfa82f3742189b7fc0,934572353.8568106
8876b38f90f5571639b7d879,922804639.6303369
239a2dd25f604c730136c720,880590372.9881665
db297b6ab332cbbba338e7a0,616086137.0631825
5aaed76349fc95f6c12ced7b,1063201788.995336
10c94f25ce3f7532bf4f3152,858824911.9877317
d0ac1f63c75987c92038bd30,720391751.6715059
db5ea791b33be91840a6d045,843000107.5147985
8627562772d9d63bac507fcd,775419152.0514154
b1ecdceb6ac00b6b047c241b,825381995.8513683
f499c1513abf0b05aa1f460e,1037868844.532512
0d8b0ca08838d1dac052d51c,866636089.2338927
c54a573c9aef013dfa2abeff,998482230.208389
f02865ea64b156bf4cf4cfa4,1121295830.54211
087b564ba475edbea431d4e4,720596364.8465636
2d3236cf646f19a25932676a,948774409.8870572
68b547621c25c7418cfdf5dc,730127882.0150914
097a1a08a389439cc2c760f8,365420274.34531814
e9c905ff64c7e2f8c21b0a9c,384220776.31800324
464039bbcabc650d659f6683,644048185.8084328
93c24fa31fa780d28ecbc318,613695061.1885135
a73206cd21136b209f25c7cc,533087570.91382366
852a11f12646f0a1121824c2,456270979.5868503
61953f4c9bac7cac5ddda5d9,792555662.490114
5a5377f2d087b7bb183783bb,692282381.4609047
0a85c354c48921e0ca202d15,1023411025.4545108
12f9d50fad58e4e40a187d98,743812329.3621567
45ac018012e7dd91d41a5876,540078409.1901858
28f905e91295a47d106a3214,920020359.2690507
395e3718423aeac3d40494a7,651919679.0675325
1fd7e9b1e717578f751c21c7,625453883.9441367
e8bdc4a088a6b99a538a6f0a,508927407.84308547
45b894a8b028be29ed137f1e,1096919348.302545
f5c866d489889ab2f124799c,749235586.4937911
3d0de71d822da8a999bb6222,666137493.5780542
ecd0b4bfd66fe04c278dd4ae,622560917.0540553
9a61bfe6ba2b8364a92e5a97,721533931.4079562
e8b8d0c4cb87efc13344bcd2,854804766.9398091
1f39ea319382fb0e41ead713,881356401.2371169
d61700c4ecc128290bc42d3f,387789634.1321393
d87cbdc4896e0e0160999520,475222527.1746778
d1281c9f037ea5c4fa683b84,511412737.6745817
310e768d2e8836432f8b3e97,498877616.3410432
c5498cdddd7856e99d21f52b,570713485.2840911
d3169d4a467cb7eac41849ff,641007260.595545
2eeb4b0d7afa57b63778b69f,986471765.6711215
7b3621124731bcd2e543562c,706220869.6746371
5703b4ab6e77d88f751bc6e7,690098172.2164629
2c567face144ca714454abf2,941758682.0402672
7169b5a3b9a796162de685cf,935508650.8410466
fd19e1b2e61f5efde879f6dd,701228421.258813
55f0e95dc857256aec65ec1a,1129121119.5351613
ab03c034e2a420f395ca094a,575481133.1543484
ee3c0c7fe3fe73ad0449870c,1552898620.123627
e59afca092e0ddaf60c9419c,616597359.8065933
99e48a46a1a599471d3260e0,422133760.33333856
419398139a3aa2ca2be3f941,490744724.1209366
54c33befb89cc873771c3be6,869426956.9285537
cb29bd3ae3d5da88c99d3db5,705410308.6800368
24258361a4ba8f772a83ba7c,761929536.9587697
539c12d2fe8cbf950b75a0fd,448699872.7027452
7b81996f3abd287b50adf8da,1056376332.4521267
0d9e73c14529fa3f1ec8a56f,665689694.4141392
dd178fd542fc716e32b4136a,543799892.3088357
9aad22f3d25e46538e1558fb,757925928.2167205
93df4118ec3536b312822d90,847349318.0296812
7c6319c04025c4ed6aa3f051,665689694.4141392
98e04fd660ca1276d1510a72,687636094.4452618
4a8eaccbde5a4a6747818d29,639316987.0016905
9f6ae3eaafbdfd8d5c0e64c8,795938695.6878191
5929c81cfde8ae068a8b822c,753835186.383117
b94ea2b8b847a47140d04008,856085013.697664
ac1b644a8d2ec042ca91f89c,749284126.5469723
8df9256029f526ca313202b7,820432070.2000304
e029511780468f4cfbd10d3e,642256057.6388655
0878fd8b66aeb22f6af2d7af,621348316.2137239
76258b7b7e8778cd60d3435a,627234077.0527037
d64a2ad3297e2fad8ce66197,561318364.5846583
8af6bb75c85a2789156b3696,348361617.7148074
40db880aba8951909e6e4ef6,707572582.8935844
c9e20cadac540faa59d9aa3f,434495421.70511633
7d5459e48101349c75d43aec,622005359.1327115
fb0664d59b6333ae1861f343,735204890.4694817
bc6b57600fa9edfe13fb3118,691146410.7515706
d309cdb5688ff7bdbb682d17,692863422.3868747
d17ba799e68d7775f2104b3a,743470941.5917984
2baa6afba131b74487c94d74,633962601.5612508
0b7c8732558fc04f4fc51ec1,736279716.4904509
0d8cda2859d9903f6202af54,524714810.70036274
0f2913c5aa681a2bd45a5484,693119758.6506063
de6010c57fe78d975be38c2b,681428515.5296379
54b474bc7cb126bfe8e6c144,788956771.963673
b1dea7d384760535b770311a,616163974.4601777
9e90e02c8ed3ad137e4c3abc,492182974.88046676
b59711a5971a3b482db4d9f7,675292407.4777437
2c37a1280b18e095b43e19f5,669112707.8831233
fcd7c10d81aff25d9233214d,603949715.503407
c3b8bbc492a7d7bdd63da22f,702562106.7747504
42aaf6521fdf1dc9bc50f88e,526732721.8119045
3c268e9119b8027f78f91954,675138184.0322031
c8d5a0e9614dcf96a500206f,462599846.582265
6c778557da9b5d99f90b1238,774661786.9967929
4514844d15690b7331fdb6cb,585700676.9899027
d8e981acf77bb46a9dbd3109,715554245.0982877
b940ba03ea60d4cdc5d2d429,621629615.9332052
4fab4e66ead1948498d2a4dd,459991767.1079238
a5620899d410af623a3ff4a9,1055331924.2006872
f45e3be8500d7bd91cc8855a,516705744.596872
4b82eef445edeae7a55fd019,599123176.3850796
29881785ae39aec014c4982c,775067565.0324125
0d9f91cbcc9339146bf75bba,638179577.549921
b839e76df5d73e7d53691707,751622327.6124873
7ac96f16bdc50ee7619f3548,887309139.5098889
a102a0a268840439c2c8f4c6,421400830.2566407
e1132006785632e4ec5deb02,617517368.8367293
a041ed3fc0b60fc4ce3cf847,716767589.958912
84b758716f47bb0f4e4a2bed,638215041.6494718
84394774ab45e0c8b733bed2,518296404.13655925
2c1c91f2bb4d9dae38a44360,571676004.3826487
8ba9304ea7b8d2b071bb0699,625066036.7076598
9a76cc7c650230c670e703e7,764832146.785941
9b0833992397c6e50b54715f,652371455.6137456
6f192e6a537c1509521e1e8a,804618739.3049016
d1668e2d35a939ed126a3f8e,777229362.8103021
a17807447696896bb61ef8ab,952035133.1165287
d043d368d2584ae95ad3672c,765897408.8252901
7f2e3f2eb5abf86b56897250,748333408.5578203
fdb1cffa6b7346fde667d72c,495882929.1679346
58a3a9f44bc7846ae26413e5,569360897.344131
af230af0c73a5f2b72787c1b,851302070.0850775
3cd5562115870363ed5d7558,769403582.1780896
cb9d8fe7c18dba6827836403,619931585.7335515
742fd57dd463c1b5cb79f63e,542739489.034681
0d30768d188b6bb53d599ea1,776686816.0854958
c455b8a15dbfff94c2909f37,560767447.3675711
8541eec88f0dd8229b4fb041,575895595.5057442
54aad3aa4a166d2d50df48cb,852602602.8263168
eb9a59d4e85a3f124e866f47,730134373.0169765
d65946f9c27e417e6bc60057,421596251.18319595
dfbb0ed74ed85bd186f40ccc,444446254.6087916
84b05da6a859ff5384f37ee7,458334170.9832374
e2da7c1bb33be76b86b9a07a,528655768.3520421
456243bb3fab3e74df21b5a0,529060688.8185845
a947c2ea296f1da3d10b0a06,455629245.03078794
3929df6d73b3ba01bc018476,397892237.76442605
ce44699aeddaeb77f23c9b9c,933476563.041777
3cd3537b5f9475657060cae8,1105402437.8854895
4520ceed2e5fe3458850a805,905594417.5917244
00dea98fbfbfeae74c513bb6,932475348.7671294
16da41b1128c039ff8f83919,559690425.4513805
111d509185303ed970d710c7,1189871937.2301888
83ad1ce7ef6d70842ec986f2,588910424.0771565
74f8ffe35e8d3bc9be725d7a,543520244.7486626
f5e7ab7c2edf566fa22501b9,862267343.7366223
2e1f3fb2323fa16150f8bc88,606828421.7659626
f8bf37a8f81a310e299385a5,594713866.7123573
7b71229680a50bc26677a427,612429798.3784128
1f7daef9ba898c4d8ac1c81b,597936422.2628744
415b68c7a5cfb073676c443b,612429798.3784128
856559e93205dd1561d8ada3,709947166.5650845
6d534e4baa1740d7839664eb,595160682.2957466
9ea78159ad117bd9c0b04291,532849145.463236
38faca2d6e338d328428f986,563449965.1420302
fcc6c3c10bb52776accaf06f,745141614.2858183
9120f0e5a6f505a2553bfd58,800769165.4740779
583a8d8c5d7fa63125f62155,685731765.3934182
3d04304c8644c81114c36f98,705414988.8306335
21fcb5c7e497f0580b820379,768331081.1352051
6542b39cc8d2d13dc828772d,759405747.9344019
091f6342ad934f4e7f84045d,1068097106.6827567
fe8305e287f6a8e7899c9459,661386872.3382466
d4492ffc4aaa4ca9c4dd2357,768110445.9822929
319b9accf9980ef2ef81099b,802695567.1248901
fa84c07cc90e2a2058b57c9e,638972206.2840382
c4749eb8f59cca469236df01,464272974.34059536
b8a5928cf1f7e704e9933bed,555135333.9871378
c2ffdd10fe424afa1b09f31d,560209363.4443581
f221dd5d745def063eeb7258,789850083.5371959
319ba1ec06c9b6ca6990f4c1,882435693.9992408
29e7796eabea247af4e8a0f7,693635639.8202239
ddbca69ad74877086c4110e6,745883733.7777708
c858f0f3f5594e7bb0f3b6a4,890824675.5213695
88ae3f4a8ef76675c66e925f,1007534065.0697259
27e0810a702796d97878c34c,474207108.02905166
7450139ad1b39b2a380472fa,915088676.5680827
35ae7661d8191507cf9e7cdf,572326386.497672
93b8ea95ca1c1ff3881d91d2,606828421.7659626
8e4709859d50a75dd08b03e5,509708825.77524024
7026113e0cd7b2d17f8a3459,528584735.3564796
9af956dd8d83bc715592b97a,393883810.1988656
df10ecb67d79e645f77a90a6,643674799.022769
14feeb619f409386e6eaeda5,474264920.829213
1a6b9a6d92ec5e905ac97cce,671964874.859572
057585ba19d6144408d4e2da,589820457.4033118
72699647b590d11ed9b2f2e8,456902384.55437595
cbc99d6202cd3a31e1c14a16,522809158.99436396
ce1d63bc4411a615b816a76c,794128712.4158709
04f0fd25e2456759753bd2bc,676379512.5589019
8c0154eb5be437746213aec8,858198609.71776855
e23017438478050a655f6d67,727368630.1031924
8f0b6d6dd914911c7e90d302,835048602.3795842
4b38595746dcb78fbb459781,476134032.36962813
95aebb36dc0b4ea86db49492,912466746.054757
f900f7a9c5e2ea51689e8992,844032666.9205055
3fa0d9e247f28968a5bf8476,452581446.4336709
1240f50cf2d8ef1d8713e671,474227303.70004296
14a55e5887af840860b41ddf,489315282.17858815
3ffefb3f453c54585fa6ef22,774661786.9967929
c3b357d17afd631df02dc39a,746370999.5735669
a15aced0fffc97e219f99545,456319018.28049177
cf707785919dbb92cfc7b5f6,1049448952.3221797
70ebbf6a402f0f707b893979,608688811.9515963
aefb3cb6ad2de9ffa90b9534,508473445.865094
b2809471a0164e3d41b8fa60,976831389.6471018
6d11001f164d81734a82ec1d,490420823.80863523
ad71acd782a4fce4d9af04be,587267681.6253893
ca86f53a857c23b15eef428a,810102909.0025426
580452a616b4f5170eb628d0,645013985.0707341
7dc609a3c7a3ab1f9a3146e6,625410346.9918683
e8fc9a1fd4b39f946b914398,395934505.0457602
0d3bc6532812ea618d154bdc,830965245.2458012
1ee436f045a0662037f9d2cf,604909007.5749738
8697b1d337145af0ef8e4619,1032249928.6141714
9a08127164a0bb61cefb3680,532577926.80370235
e08e1f260e5c3231c49e5a96,454683518.8329099
b96502e30fecdfae7796f1d6,551723962.4983486
a0b178016cd26a1d2072e7fc,499989260.03170705
5e3d7da3cfe55ad1fe609579,650647792.279216
30f77637dd52e728efaddd6d,758865175.1002375
2202c5c9a16b771d1e242c18,745165291.1196145
3dc8277f29d0a2406fa25ce1,673083761.7773963
a0f86ac00934b57d85b44dde,674805172.8327161
9168a08b1fac4c5448626ff0,689738101.7289497
cec8daf847f52cb2845a9f58,773068454.6851429
ab7559b75b340275587e50b7,1102953379.2916415
a392f7f9ace844d712ab2b4a,795384109.7911545
dd21c6799a32ce6ef27f5281,624417092.4994472
275ec6bd936600c7eceac599,973958340.8598723
978195f1745ab7e3d69e1f50,833367960.190909
0e3f82238c54e85ca4229977,668468866.05143
bc168cfefe964762cdf8755b,745273829.488562
d22d5776b6305308c9e774d7,675170040.3683715
94d3fe901550dd4ba77ffbaf,733986117.4522637
63717ed97f95e32b2ca321f3,701441111.7427949
a7df0496d6ce217fadfad10d,685099656.1475122
51a696388218fc2e412f8806,681349537.466929
a918c218ff761315988c6335,730553096.3779497
d3609eabe59175fcb4441ac2,992572209.778775
8af2e264b801b3e155e52be8,950812927.3910068
76e4ebad138d50c690f0aec1,383761107.883256
9a9553eb431458a3e30fc672,682420507.4910477
117f37774a78d65f9e68f906,494781074.00471777
0c8b133effcdbcd49d52add5,623062963.6916384
5e8b2528c1c0a5c12a476919,800500435.452237
38d6842c2807d54f386bdb5c,761849594.0127579
55f747145222c070fdd50175,785151660.5335879
ca7d715827b39c417e5b75ad,718376303.9523617
b219848e66fb065d4d2441bc,750746768.4143993
a04d3f4eb8810a346fd29ab5,829928167.2661912
0b06da0ceff947975cf8951e,928905999.6282121
3f35c44229ba13940d8a705d,935052448.584015
8bdebb8914fbcaad625b1764,520523527.58059776
f4635193372f669612744011,915277117.6555105
611a369172eb6e3e2e4bdbfb,980016397.5906146
6689af92cae5d7c9c3e2f215,1002189669.8993212
e382002b0685aabb01891743,615758504.1851928
edbb6dd10f8c9e7596368225,674227839.7574143
89b0592a715c9e135967f947,569547506.5761447
a67c6f6400a176e0a07d6772,805461782.5190312
5c6e6dae74e39d33621c7119,787888724.8433213
0e1c100d8e57de8296363d6f,489193098.0244868
e2e639b53456889ab5350ba0,565044727.2501327
93acd9176ff299221e0d2152,712821593.8817632
cb482d76b3b4904c595f2dc1,548046811.7402625
a0e15809e0a284fde27b16ee,716790858.1792694
9a958690c3947f5a8f05cc80,716567412.3391992
889bd77c8271961a6e4925ea,624899883.466846
dc082fe46a714afd43b9dc19,836455710.1206605
99f8eedcdc31cc0ff6fda7a6,469827678.4458861
dfa744f733abef97d82dbb32,678037763.887591
d50b80d68eb3b928e4bb4317,629065792.1709443
a58acad50184e66794d8d704,540670111.0635096
52871480f7bdf5ac3d785630,648359715.2212602
8b083d7ac086f52fd2942a82,761647947.8676865
301ce25214ddb4b5144373ef,897157021.449872
6d76a22793aa9b571da64572,788531502.284151
d7c48db0385bdbf7ecb7088f,1096334277.277768
874e2c6f3e9f90db80d243d0,472244970.0626282
249667af8d0835c9830e2b37,535461404.0206018
75d3c9e0da9a24f4849f2078,600023649.7083555
9e45b127ea0303f973bac9d1,381346152.7016712
daa0be53e7a1d7ff76f32955,706486904.3291167
bf7463534babd284da6ca671,440218008.5063636
0283890ab76b10547b27e634,512940309.8137921
5fd213a5236154ae5206c372,1070392328.4905173
317e95fad7d399673719537e,678192812.8086044
fb14ddcaa459b49a3b30eb3a,788256425.7741874
4cb5e4aa83c476a5b71d77ce,774974737.1624746
f54d358d26af89636906f686,881504945.1778841
f002603a6990ec405d82cc47,869426956.9285537
e3b7dc4e8990f3cd436bf738,542658247.0689101
97c799300453ab511bd06361,649301629.1859437
3c1ee7e502c6bfb20873b47c,588566231.523721
cf7741583fc5315ba70b70f1,783624890.9631972
36a0a1f0432c954604825b6e,610974423.2110072
9836bf9b64f27104c7863b79,614270244.6723944
68a3f9ac977f56cd39a6a1b9,951373984.4581517
b676ed2d0af6807cc2b28ac8,1082412642.7929423
430112bf4fa9324f0149a879,496262470.3525544
fa00e05d83ee890a38c3a686,582799711.0405145
7d503f126b5863fa0626d4bb,642066021.5279227
ec03a01c961659f2cfd9c973,662619322.8161114
6a112af84d5a81f3d16dfc32,993557415.241143
4c5d3dd8802acb9ee22ab912,634046344.4108568
d029158b36963961fdcc3974,658627505.6826777
c2071e85fbffa3d2c2168319,584043738.6155089
60a04215bee81d26f20cf0c3,595485048.9666235
6d4a961e099de1939adc6496,665836146.7720315
2383b8bc2cd3d307caba34ba,576199548.020548
d9357452fcd193b6c5284bc8,982781664.0404582
863f8f2aeda01a9fea1cb3e0,815027755.3652381
d1a6132098a4bd640321c7d3,511409424.4526807
6edd2530070918074c8e7d07,615997576.1473552
1cfe7df5431f3dc6a9289551,840052347.499694
c617d1f15d294f0b0aea8ed8,586192177.1386067
bbdd78a7ed332e679c8e526b,407743560.8632589
45969f25857aa7263927b400,728282489.437015
cdacddfdb6ce41a3eb752496,510174184.78388894
3f87d08afecc4aba03587848,973877567.8799672
f21d2c0802e3858d493c1984,928338320.5621265
660f3f9ed9a72d8875a9efcd,655233921.5151485
04e29dbe2175919265c82463,722137506.2717564
e4082fa99f92fc7a89092fff,686443607.5358166
05402dd344c77623fa053ffa,643737868.2094
c5f7f0323f554a7419f78359,602568678.8364094
501193fb57014ffbd7bf218f,568572244.523178
0922cc27581d9058e55a2239,583692343.0048391
4dcaaac494053749f30875fa,762487770.3675653
506763d35b04358fb0e967ff,599202376.8572906
8c40078231bf7af2f3a06457,485337694.3269795
53e14e867f8b02c6043ae02a,403172980.3491903
2364014bfd851a68a824d1da,786122532.2360212
f788ac4a8b2a6dc11c458c90,684184806.8639427
093c849ad2bea8292c4d15f9,1053561930.6530665
71a8b68f38fccf71a229df76,588991354.5767633
ebacfa0a8e569ab603cccd11,385940721.161662
c963faee3ac527dfab08f61c,718334569.5581293
ce3deac5963eeb96826c14f1,519236972.9827814
5607cef08511dbbf3288a5bd,556487778.9311486
8a9e6d0839f9fabad2fc3214,596214220.3700662
ff03a8cc833d067d439b9903,620069635.2473054
d3e119e8fa4d96abaa8c43c2,717219415.2898483
25b893f6073bd66258a9cf03,761776667.4863827
0d70ceba3aea278cb4a2082a,877673846.7193023
07f9017eb4b8c169eb9de536,1041045912.6313736
7cad62cfb4fc3ad9acb09f1f,545130482.0876682
41d174db6f695472063ceef3,648833005.1256367
4ecf579a5d5e70d3b4314ef7,784957866.8983078
41df29e27c0bbb52aa8ffe49,571175132.3002002
cd77cb445eb0f72df89b9fb7,624095570.0821514
65766c8572b629744f00b45c,632149940.5005744
946eb4523f76bb23d0348309,662171119.7378376
453202a234f5b370ae9e586f,618176888.8384048
4e1b5798dcbed1842f260b17,658206862.4334569
f1cb3c0b97ae1c6819fb86e0,1174788180.3016515
24a89527a6744456750baf54,494143894.2021535
a281d59b685eda4978e0c84c,766359562.3638994
6cc9d912370da36c38ac2cbc,746815703.6355015
10563c278e7ce8eb2066d398,693910720.8905361
a1b0b8d18cd78b7cd555dd55,899867050.3105804
3cf9282136fad24af0f7ebb1,686428214.8591366
077659c14c3cebbe192f8247,797831240.2998917
c372834e8e7a4279f861aa4c,563088158.4899287
29daf0d5008fa9e3f0f30132,498778691.30781615
08e1ad8d1f0be0287a395ef6,511892464.36459774
19c07fc2b01a0edec4784e64,774608050.5390218
c2b5216a8050ea0fe4008f59,778283261.0320448
29cc054742b256e6fbc6da1c,782471356.4561088
755a3e09dba04bb6ba6c9851,675885063.3053886
c98157c582392cb895071f28,629403564.8780153
84f47e531a916b7f7dc1f1b3,619873895.5090702
231688922448e4d64622120e,615081379.0941483
9c7c68df14c238ce0b497dd2,779615366.2101313
d5e29042106130114cf3694c,582592613.8156271
08d4fa42a34c74c94db5080b,934080548.7679081
e89fbcbd4d3414e30c30fc29,610715774.0343418
22af7bb676cb4c9ffe014506,444691947.7189176
b20d6ca58e91ae70b6e0a1a5,782286025.7504046
5c372bd1e01f3243256e27ca,448270118.237589
1242d7e61857ba8ad285b6f4,835616716.6749412
196ac46f656726bcb8087ba9,671607305.2110319
ae513b65e06b69e1ff2ad8ec,410110111.3733314
bb26b45df6a70b6414958912,407293986.4097053
9425283b41165156aacfd43b,534499476.1832088
689b510fa99bda54284cfe7e,559808422.9844309
c57d333e383039db0fcd2620,694805798.9867809
86e98ed0bd2565b661b81ef4,706591108.6149431
0e694269bbff1e45395190d6,873543532.7984542
6511180e3128e083bbbb6940,733514716.687035
59b271bf9e2d29ed35352f5e,411998337.13566434
a4c324b1353d2f7ea3ae9727,411998337.13566434
193ff8d291a9f163a4f3301b,530558655.75336707
8ee4a7cef562d388b8444c29,393500784.02693284
53bdf5c3cd800459acca551c,471845578.3360188
35ef99962cd5984ca87bd326,514026817.78643167
dc33d5ffcd2aa2b7d56d2ad3,594899256.7021765
05c47739fa4c4f00285a2c48,787104224.5280598
a51d415712d8d6c8add7009b,753713356.2738777
71493c81121558b8ba18c1c8,407293986.4097053
853a14b680761098d4bf6136,724761624.792187
c9d5c08973c493f3acdef892,665254073.9287201
7dcbeb0aef2e2cac0d73315a,383761107.883256
ae5a4da0000f79f12142e2a7,627771758.7351172
1f6050fd5261a2d21d5a178e,313435827.45834106
e3f39c6e4a41fbdc4bc30e0f,677847968.9057107
9d157878dbb41c14b52a956f,556908094.0797226
e1fdbdecc84b991f582a2e00,606537796.2175776
3a26efe201689493724ba464,551723962.4983486
6670cde3fbc11c263c6c3163,578092956.4863572
780ae52ac9eae675f6fdb312,491148844.0759858
24f22d76b86498d5c3563288,768080140.7741795
fda25a0b6b9f62f92e3ea6b8,692413320.2836257
678ba0c80536dd27e385b31f,408684695.57022077
ba0d0663943a118228fd12bf,452132636.3853411
81ba4b47e9222c15c4102992,546686002.9576607
d9ec26c1c3e1811e38f070b2,591007245.8598522
aa850af0c6203104e6ed02fa,548809391.2629339
c697ec00214cad882d5e9812,480058087.4819039
4b193d78ea6e3740bf37b36a,480058087.4819039
08c61259a756e617d976e8b8,647649222.4809314
c1c1dc8df6996a94ef3c7d33,446717545.6641967
3fdfa23ac43d1df0503ccf1e,644744098.4336557
bd4526ea5b404df442892788,462157231.411133
1062419f9cf94418ba88b6b8,525823660.81046265
1102f91444b8e1abb636f1bc,782418765.8084393
b96b4bf38bdbd61d4dd0bde5,761849594.0127579
45ee2db87e9ca0a1a9faf050,631963893.0265304
556cb23459a9007127b3ad46,793346401.6279073
a613b18945052b4576595c4c,783637353.0997176
fce385656705a8f4389cbb6a,785151660.5335879
bdac560af3e155db33d13d57,700881251.738184
fedc2418db2353b7c97a260d,840300117.2959081
4565bcc95c54bf0c8d376eb0,757505725.7119309
5fc559104e0ba1112ce00f5d,808938802.115298
74fdeb4c56b29662f13aa8ca,798442020.0260923
fbaf74ce4c2c6e88950d3fdb,783661428.4621645
5de0f045039122af0052c544,746370999.5735669
e18337bbdfb106a3f1739960,736545306.0816295
e1b9ae3e0ce3da16f18e1079,802890260.3735998
a57435d71ccc5f032baee302,632196302.2482954
fc5e8e45dd0a338ab5835428,695736560.5185541
918bec54bd7587daafff66e9,631682145.1099733
86137b9624049333f7e0315a,665488367.3029515
0fca6767d8f442da1f8bc6d2,504988398.5085103
3ea5478270517f299b20bd06,650250630.3386874
dfff73eccd591bb26453eec5,611077789.8248836
e2dad5c148ecc797018439b3,680154996.8666414
b5a62d480bc544f891fd8521,755754995.4231917
cb09a84a1d7b929607d01ee5,689274856.5553892
af067a8546e1177eefe24916,722192832.0898836
d6f9abcb58befa3d05373a72,801995724.3444496
ec2f16aabd36fd9ee2203276,941573057.5549318
dcafab7adc7b763bb934496b,820690174.9765762
ede43dcb1715b959ba34a37d,683034644.4185135
40dd67aeb6e9979211c9345d,674042472.6017022
31f630c44db4be5360a57640,659357306.9160781
ee8651631861c1b94283a953,963830131.0275275
b7d245742eef110adc91b5fa,698851828.9611166
ffc49242bb0edf3e22076501,796122884.1079768
5c5963c17bafef1a1bfd5e03,964851154.7640903
6c589b7e6a3cfad34e98bd87,962283342.3963363
71ab3644da08b8cb0a0b34b3,732001102.6380947
aa668782ae5d0c16e57193fe,859109494.0791099
46673c69814a0b3f25818dee,999281709.1552376
b2a417a8d2440f9124fd2ee8,759584614.2159024
3e0ccd899ad73579898fe73c,1131231623.7809007
e6f2c7d7317fd433e26878e4,978254217.5908133
2d91b3a8c62b890fd246183c,1057250366.9305129
fa653848d69ce620a41a73ac,938139013.589348
3b6c94e3e3684eac73b3e7f6,1095737023.5376365
a6a07d35b3834bc6f81beb6d,863360652.4357814
a39617b7adfeb6ae7d5ee5f0,1099499448.805124
95e5e774dac6f0159e8afc0d,585142182.5323335
995362e3fea8e54538ac135c,647889768.952114
42525c57e13abbfafe9bb395,922785806.4878963
1ae6fd60628e7d186a5e0174,578095750.6524314
082293a465231208059c5d53,570243696.1859089
732615f6d1526ec9bd519eda,598260298.1313808
99e9c4f8fd7fb7929da10a20,440399587.2810212
1a75e436fc23e7f48e639b9c,527493123.4216086
54cdeb67ca9ea56205e4e533,844914920.1034003
c412ab869616d6576cbb8309,520214694.6911811
b17840ce59c9d9619b46534d,616882339.6902354
a14f071d8e5c338d9ebed23c,461089713.89236903
84d8504f0e860b0760c3592d,617940168.9873886
a3d03a25f84f4d50d2a308b0,690808188.2000219
bcdcce01d86d648c4502d42f,511892464.36459774
33379968a83c8a90c23e77dc,534499476.1832088
ecc36a3a4610829ee3f88993,411998337.13566434
f4eca80958b7a22922b0efa1,410110111.3733314
3b4ce006ef95420847da20b9,407293986.4097053
4fb644a95cc04f7bc6cda786,393500784.02693284
f8fad48343ee5134dbae918f,393500784.02693284
6e8e08e09da8dc598b8a8b2b,411998337.13566434
56ff1f7e81fda0c8491c354d,410110111.3733314
444f102b4d54503044154ff5,407293986.4097053
e0eae2174807cc7ada38c726,496262470.3525544
afde90f91b01b0282bb94335,576199548.020548
1d35c364daa0f021ef263c60,407743560.8632589
8c47395a28f8177923d7b75b,502414175.06707275
98c98982020ba42198aeb45d,596214220.3700662
ff424474d2d10a2c2a1c1892,510174184.78388894
971a322e9087b67650689ea0,928338320.5621265
45a7517c4d29f5bc7787dedf,595485048.9666235
74a51274abc8358d628ecfe4,634046344.4108568
11dc32d92ac579720303c019,670104219.4787388
4c25d939eb3ec218403dc4ce,582799711.0405145
55597a7b8637f24198415ed8,706591108.6149431
eb7173223a27076d16b87f33,568572244.523178
709d17b62bc95253601f243c,658627505.6826777
fdcf0e439ae8b2ff5730680d,643737868.2094
2524e62e917e8a1aec5c9c26,571175132.3002002
ba601c13d20602c988d57246,610715774.0343418
397a7d1cfb809e34797f2bb4,684184806.8639427
b54d3ce25f3f03cf3fa0127f,403172980.3491903
d51bcf03d649839ca803c357,460227586.0784608
e9fac47a0f02f27abc96d568,786073069.9369249
a52bd93aa6b0d965914f1101,615997576.1473552
16601a92574531c1fd57a359,594899256.7021765
0e64230b70f4a227b444115e,722137506.2717564
ba2118c330e19baf4f3ecf94,774974737.1624746
055e29f236bb61603d4ce9eb,899867050.3105804
7c5c0f2d9a0e355069fe1c64,717219415.2898483
e781547cf6f8cb4ec0742b5c,686428214.8591366
8caab74ced535ec5e75acdfd,471845578.3360188
9d64345229b60ad1853d94ce,514026817.78643167
d128186867f91603af4fa481,612285891.9124587
f8fb6d1b0dafc28920393dab,620069635.2473054
33b92225cef255b0e4b4edf9,566899156.2791735
7eb78d4dea434674a230caa6,693910720.8905361
833bd3c8ef9d4da2f304a94a,877673846.7193023
331f0957d55d7f03df7fdc4b,835616716.6749412
cee124f4b9031f59c4fbef47,808012045.1043376
8a9663cb622a55f2a1a8e3b4,779615366.2101313
25d4a0ec9301ba5d53deb780,586192177.1386067
38d4b1837c595b6d9a23e994,762487770.3675653
a21923caba05da05449d60f6,655233921.5151485
63cff4b5ebb2b6528ad34cd6,678192812.8086044
948c392520e1cb3a030ce86c,786122532.2360212
b2e7fd7bcd93309664cd225e,753713356.2738777
9d6be7123f2c6e610971374e,982781664.0404582
3676e34e4824101f3fd9aa2c,599202376.8572906
f849ad486e84a82190675b89,559808422.9844309
2fb8b2990751692b8ef1ab6e,602568678.8364094
5155f70c7f8978e487e71479,728282489.437015
4f076c220dad47bd9bf248a6,694805798.9867809
480041bbef3a540df2a36ea2,728132666.9799674
4ca66e564ed478d06c471357,584043738.6155089
454e4126257189bcce9b681b,1160475662.7185824
10ce9c7a0a58aad19778e5f2,993557415.241143
dfe8e2542755d41d920e28b8,405251339.65190244
5115b0da9c95559dcee9e58d,1048041013.0438008
8a0053376ffdc75d0bdde77a,956203370.2086931
5688288ee38f1a69894ac77a,706875644.9158005
1fe514ada76363511cc79105,848978845.3165733
885a312d9a5bfa8a8db5279a,494017208.1923396
c716d4dfb5a3c2e1120bd84f,633074612.2139392
689aafdc12fd1610c2393a6c,708197964.140232
c0c4ecc8d3aefc53c4c06a38,806200826.6669297
30091c32a5046d563597bbf4,574760317.8013115
2e58c9b6fbe9c57c83bc0aed,710079712.9414381
3f7c5d8304fc650bf97247ee,666834047.2358057
56334a9db3ccc24faf138edf,616165104.1419021
6d0680692396c07afc1a260c,669130362.3981265
9e07dd563b6ff4572f5d9031,845582195.2769117
1278c9fd86258bcb435e7127,774199416.0737014
acf0f98cd8f8c8ce06f30ab9,1047343913.2518475
5e3785bd517f4faa2bcf43d6,874456245.1031865
cfc61dd41ee5f5dcb76bacfc,586585969.8963386
2f171883b97d9c02b90f93a9,341249726.35378623
46aa67b5e0abe39dae442d76,341249726.35378623
50cb49d65d04a5d166f96e3c,516769111.8489723
06c1673c4a7444e7aa80abb7,394196575.38829213
53881f29c7a6bef0ab537466,405407803.4686366
2b028932adc74c961170a4ce,645842458.2456365
f3a1bbe01d265470a2d7332a,476974365.63563854
b42d5b5b38686929eadd56d9,598263768.4713337
bafc63f23f097c24d36c76fd,717955262.4020154
f164514211012e3a1686b148,508240507.50541544
82b90288bffe8c1c0b5a1259,524794407.916681
2fe64bad1bc8a43fedfe0700,603463412.1539892
da5b958667b31f4f9a1d84a9,594645890.3376138
b3bc9a04a3ebc1b911326735,805323192.5370547
9ff3acb07666d53f00d1f1db,782052984.3447078
13a44ce5066ce00846b59ae3,781549866.4860953
bb45c98dbab56e5abe20ac0d,883285189.4200444
f88bade1cb7ee0fa643f31ad,642939722.4823498
e9ab6916a79b4d5182d33bf5,757025915.82279
144162ecfcba71bf09048dae,738986776.0955645
19466034c2ce19c24a179fe6,592410371.135911
3787f6da3e961c0e10d30e6d,992389500.3734915
908330b0d2651093c0bb6719,693701434.7678912
66b7baef9c6c3c7ad24636e1,871107408.4871064
69cb0f3d422c2c78373c2e0c,710874151.5635371
1e866483995b30ec7f79d9e8,622773828.7422436
866f2a55f42cf30c4105631b,622773828.7422436
fede7e1a7a6f23338af6f40e,900265968.9642559
7447156f2967391975d335f0,592410371.135911
08451af5a81fd6a63c4012cd,578538202.9274025
f63608198bfcc858abe1ab0a,697596128.64954
e9a0dff7ae48bd3fa2ecfcfc,665089850.9568535
cc97f62e2fb9d3e31ef1c00f,727835844.8503776
ed40f198ace8a4405cce7a1a,811015940.412159
bf17b59bf2ac2d06894bd786,1063098029.5967095
e118b149654cca1c0b3a58a2,1021930090.6511834
7f9bdd2157f6c3d488c77ddf,980103590.1259861
9350225547486ad75c0b5ab3,1027693818.4837548
d1166776fca47427c77fa8e1,962569978.6632077
f719b387fac4f688b57dc646,1154384342.4036329
6ce8991a39ec7b9883f85000,1153052445.6996458
353743db4334fee80ac08d0b,1099866381.1730216
372a3934e8179422b5cf5729,810396856.8634549
81516aa72c98ded9223db098,1096600235.832819
9e80db4c35139bbb18775644,1156577337.3894944
12ed2c22a923c840ef616a3c,1080735029.2409353
7bc57b136bcec053cbd073f3,1059162146.2892476
77a06084509952c6cfe8f501,454912781.5867666
73578b4214e2eca83b1e70ac,784906498.4611536
527e571030a7d8fbbf1a41c4,740685435.8947773
961baf163a07179bceba67a2,785131445.8536384
76b41682fa6953a3b20d3f27,777744501.3630186
cceb25e83ecf22252aa92d2e,788555432.4012516
210ff5d4404ee8578a5ecf9f,754441128.1630317
398274b1c46fd88151420c6e,499961032.3697304
5b328b80dd844db2e946302b,426219403.92219925
4195fdfe50e42e9981fa2f4f,688905665.7059573
2d4031f171f965d7dbce0ef6,642747234.8217657
fc1b713d5605b0030421d5a2,797751913.6490674
cf6092df1f22a7c4b8ff9d50,595732448.5045317
8dbdd7c8971a514eb7cb4d3f,760722153.5111275
c197faa8bdbd51c075a6d3bc,777648455.1234039
1985a2a5c3b2b0c7eca22afe,692032578.7468668
92a1a8b617b6d2c3669167a6,713145284.7262669
2a330fdcebb247d6a6fdea23,776349592.8034476
c3dd975d0aed59a65a784e47,753746075.6589358
608a2339d558a6cea9478756,746191303.079065
c0ccf6d535d1316e37e1024e,778293834.9911919
229a7640d41a8b8d6d2f8f83,859134661.6948107
e3950ce025371da2b4ad9db6,788371635.4265854
a7e41393473834db30f2c1da,705312389.7288102
7dcd1597e11f83093cbfd7a5,827554124.2996438
71235a69058912dec1d355a0,1071072503.0518583
349602317da0e456d88fe24f,927781423.1967734
ddccad3e5a4eaf791ce3a7c9,719191743.0013331
776d7d1326576f07762ab3c7,694809591.4294101
1b88c06bb3c1bc2bb39d1b86,696748455.5600485
1c5c4f4c731545aa3388c554,657588664.3603587
aaa67089a753d255215c15be,617555605.5922853
d6d5717a4b7e2edaef162b6a,625722379.0448915
0ba20e953e8e76add161cd6c,434027096.75659907
13c39860029403ea94b5439a,971621484.922302
d5436eeef04e1a8e51a38912,449541715.7657623
21f00ad1214253dd5bb97817,1028852111.7637471
5a3119efc021fd0f102ab958,476135657.4397841
331c515e7f0dbb4460810999,534085166.4739256
9e360588b18cb15aec3b6609,532676137.8181814
a7cc7d2ceedf4d69664dc734,488734098.9857769
4e78cffaea2008f3919ba0ae,463189368.69473207
452e0518f7164287e47e6354,703240597.8658292
74286242739391c4eaecefbe,515866798.5675128
df06b65985649c7107b794a4,579315798.008324
b6a21387674a509514fa5518,846999222.1369134
6752fcf8f1af18d61124e32c,753642098.5962452
a7e40088cf53acfc65f4b3f5,1082184686.2315466
61b9307a25be3119effbd0d2,434995210.1008282
3061729865dd2d68858600b1,503755111.61872876
ad38d5660b6f1eef23b76039,431240353.2276827
1d493f3954b15e84c41afc82,474664713.6750838
57744cb947a923584fc6bcc4,405751106.8444961
16f60cac352cc0d668d226d0,386454541.8557393
accf7bdeeff29ec7a209c509,386937592.78037065
a694b9ab05641a6325764e63,651537351.7102503
bdeddd3f84cb0ffdd1fc27bd,633444541.9792
de9ab30042562789601833f6,495335499.8162838
1a95522f43288e32addff2ba,495877161.62152976
3cc722d5c764ac261611c2b0,500295549.34232706
aba85a8a7ea2def1fdd18587,459016247.03387755
b272c1025cf5c1e1df47042c,585536348.8076819
5c449356b8b2d7e0928cce59,678133130.5333387
a56d3b5bc13c9849cf676750,711968905.0362881
942c934c0d41ab822d60c795,590615078.4320196
b0fe09d086490092f1690fc2,588552259.4908743
7abc8a11d3d6c905de3f567e,484903615.8494304
16716773b2a43df0332622bb,473868500.42605513
98fdd3fc6c9447d0f05eb1c0,610916330.2874253
a59f39373ee368259b441de6,487127317.0711081
cb778195c5d61a7c4185424c,847104426.7696944
c0277899d5f185cc78fc4a79,829319786.3719578
44effc9574c74ea4ad98ede4,701813737.0232985
e2d00e4fd93a02ea81895355,662550276.3956105
ab405cd390c0681c3c67836e,511393169.4741581
86db204f7ef6e0e0e6687246,678517807.944107
97b791fd94b2339ba115a75a,778204528.0473056
3897d9b5fe3a0cfaed7c18a6,541794332.027901
ce206b82f2de3793156baadd,749134258.4151423
2c924b9d45667f7168bae6ee,710964264.3379878
358eb586d9649d20dca9bfcd,769522621.1383605
71b1fe15c5bffb750c99f648,668761790.2328302
eca500b92ff96f10ccd45e54,828893318.809405
7b63445c5e1ce95bd12c31ee,639946507.591923
97d64459dfb368b1f6067ab2,652162850.9862905
1b09874d5a3e4c9e0d544198,771790993.5115237
54fb79bb019bfd10e5481ec9,734044825.2453943
b3b63d292523ce0a925b871c,673733033.7900087
09759befd8899fc1e359935f,750410309.3582292
62e0110b1c8dda16cc7da89c,692988314.4579846
d98ba43504fb49a4f0bd9c05,799686137.2874413
48815b454dfb64fe60e2cde4,570379386.5646468
40a65310ce666e80a9611d4c,862463121.6086895
a8c5674b5d110d99a1e097af,852307738.1026767
ee9e7dcede0ffc20442b4407,704603947.5880839
9e858250fcb7320b65bed9c7,879130794.9617237
bc76b078832a3a81b6d637f8,810243786.2295152
b06d3ee14ccf3d46fe2431fb,773034801.732038
87332a7e03cb851342667b98,822821081.3732308
faa37a79a1d72e4b8b0c80a6,822821081.3732308
0821109831351eb2501e362b,946595733.8974246
8d01d6561223272181235c69,733812187.4432646
a0f1c94cd34fcba92f59a59a,671086304.2557641
f6a5c88d1bca87c1e89d8084,927240404.7433139
55118881731616058c929b1a,857756910.4292669
bed1fbafde11c156b655e04f,696816722.8706081
819d2a7c3330480b7217577d,886134723.0991063
e1967b56ab8ecd035bf39534,788181795.8698645
08d0615cff29645ee70e20e9,910026611.8371111
2e8af16a155fe18c8c6730a2,856546440.1932889
882e8e77fa1a71288f6b61cf,972274544.6253703
7930bb0822caea5f6451bfa6,959272774.6883202
993a18ae04d78d374f854262,880745258.6475168
e5527bb25c85988e00da339d,1118283319.3557217
07bd45129563bd2fd974deeb,493277575.56977504
83727953ecffc17bed632d94,448699872.7027452
2e2d3f42f4f8369733b3bcb9,578497969.9994005
3b23a71bf40e800a66bdeab2,421039393.15812165
894f346e0ad39c57fc0f369f,789577057.2438978
d1fcd31555048d043cf084be,543700200.3160307
8d48f73816b248d1166a09db,689004156.9055146
32d5a20c542a8194a6aae965,666356030.3495499
53870de54350a8cd7c13f014,643886437.4196736
31cdb68dc6476128c4bb2f5c,747513213.5775726
4be6d93d8ae1375156444f05,491297829.92766577
33a7f6aebc3e2d480d287199,785244352.407945
e1e188d3f9940f9dad98488c,760928310.0364758
76167f6ca3d2c404104b77fd,713393366.3939266
9297c340db8a74e10dbba148,723929168.6987023
0e001ee8f27e1a2fffaa0225,962888598.2695415
ae3868ac8c44128b8a955829,628435540.4204065
bcbd20cfc50e2f032b174b56,464538426.76623404
253560c855216bd9eb102595,526597661.51828927
c9c769e7ccc99016f61269d0,553768357.7943858
7c07ba1982289ca3abcbece3,656742924.2640965
c5c024d11b3ebb2cd088bf6a,978247572.2317129
f0a8fb06fcdf8997bcdcb03d,602978103.1224253
806f9ab2a016e774689ce2b9,387789634.1321393
4491bda913188aad3c66ef20,646715243.8105937
0c37c0d27631960f9e0fda1d,712855452.891229
b50b45bda0905a116f238c1d,573970996.2972517
f0f8e755058d48542b9cc4e3,765146052.7549511
b3005057f48c1794b7974f4f,614178845.0765684
e1e5b0bd721a67318a3848ed,500886051.66716677
d96155b72c02bfa04f7ea98f,637727659.7944512
3825ce5030d951ef0fc2f7c5,457620443.8852465
99587dcb4237fe90acb15b5e,447548628.0576178
452ae373210337b8008ea2a3,1202649914.672451
09ae7df5577582ce7e7b0aa7,838523574.7312021
b98967876009fab4290736f1,670480885.961017
24a4a43ae4c687bda1066227,973167211.8680689
c509f2036a11b7132c633d2a,726752827.3417695
bda914dbacd42b2b7c6c5179,581652037.9978527
5a681060eeb2fc8f1b3261da,546380711.0494101
016bb199b12846ccb0b03191,753089340.3504221
ba94676bc0385678ce3780a3,637941718.5472192
b2183e5bca67574df7d5985b,400014677.32006633
baae43ea29f7e419bbecf998,531195113.83518
ff1a7adf260e637bf316812f,394422993.4584652
8e56b5dbc4cf628ac12e5bef,1046819849.2610987
c8941b8d7626f7b33628158f,1179306376.6070342
d504ed869ece1b1d6e724452,392710133.7693053
1acb5576ccae1f0534f614df,598020780.7811648
ff228869121d053ca7bbe431,752940371.8283504
ee4dea05e93581750d613c59,670638443.7731528
5d507cdfb7c233cf96dc6a83,702762147.0333143
faae4324336f1211ce4c7809,631817275.4343077
9a8e471c8f4488c3799483ba,538363729.5860783
d040e15e50d655f4d19bff54,407153154.2859643
efc7e89ddf3de559154d8e0c,897949100.9743409
e91598736dbb7319952f0dfc,668265812.290719
4046ebeeb7ab85affcfe337c,978834912.9091295
d12059af22bc7d6ff170430f,1129424411.1690817
99d39d72083d7485e8944a3e,495364283.32035375
b9ab2dcd8d1855e4bdd540c4,824964701.8460234
97106114a8d353ffebbd07b7,685288116.1104915
d5c950db90c92be5fe753189,598528972.2214053
119833a13f3f7df22d2b270a,505058483.3690846
b2078743e33e1acc49c2d2ca,702039550.9410446
fb9371f86ca6f4e62ae374c3,527221286.86405474
6a39a747417143f0cd24f3bd,879608033.3026694
7bc0c9e2760e4b1488522768,943613178.8440232
3898683e5d24bab9eea24d30,707718170.8916464
be0e466ca7d6942282c8626d,719524799.2750254
2d65980024ded46854c25260,1019792727.0854309
87aa28825a5b8ffbac5f2e2f,640737794.3893192
918b0d900ead8267aab4cdf7,594657527.066369
0c85506b301862fb58b467cb,627890478.8119495
4bd031478b15017efd41b2bf,869354719.7838389
48bee96c1f65b8e283d67483,546950845.2402608
7618cb8d215425c931f47886,468643484.6540778
a7a219e7cd18f3c4b83649e0,533563285.1291955
9d3f5b59b9735da05588b3d5,533139963.39436054
6ac5f5f52cfeed2f0ac9d018,586813705.018752
d885902c923752eab7b619e5,551079490.344585
b183e2562cc4816244ce0e1e,696004541.6380074
88622b66e6c47cc62c3824c1,653473065.2535654
01230eede2a4a74ec4ee5105,788127565.6420918
060451a9e3e0416ff41d253d,595710204.6366689
3ca0e7723afebbf53e390297,734073991.5795414
e2ecbfaacf11ed16fd71abcd,543213752.5157632
1f0d83013ea5e4c3f4beb583,634222773.6297659
450c4eff7e37a271fc24ce3b,607953101.0588948
a70d331be751cdc3bd0aab29,372137662.82829183
41ac76d4fa450fe0c377a0e5,396000943.7717655
2ef8a530db816223dcf474a1,690063594.1421503
d09c1af87ddad4ad11b82626,570713485.2840911
35b1cd8020e7efbb9ba5adde,784957866.8983078
6714f846f2fa3527641ad96c,706220869.6746371
4cd5338bcf246ebf263baa35,461684073.42319477
0878a639ab8e6b6e69a3df41,781226404.9642013
f4c118396d781c140d8c9b08,562257421.3828913
27151512d4b592014137ac1f,866298608.2351835
8e5123f5ef1da66571ccb600,1095366018.4033978
c491a13a87fa1ef595b35826,761600543.0610756
52d6c4bcb442eebdab338116,935508650.8410466
e23d93ade25e73614d7bcd77,986471765.6711215
43059ceabe98412315566838,1635317930.1611013
93b7fc7c4f07a7f117e687a4,596138004.9928031
09caddf25db3ac8e1a98565b,830598617.9820678
e3034ebf243b024cbef83cc9,497499183.8888806
63cc884a9c5c888de176461a,725259456.2451297
069fb1f8d0f06ac2fee87314,607314110.3112899
059aaea3859c4b9662ab4df8,501464791.73246205
148b157ece514d99be0a7f93,284906374.6556293
9c4f397c093dde7de5d485cb,578284124.9872388
e28d8dac5c1c75d295a9eb3f,501464791.73246205
a804849802cc0820d25f955b,501464791.73246205
fc43df7f26644fa464ecb090,501559158.13790745
608b26adceba64d9ebc5486d,501464791.73246205
be8bbf40db0dde8ed4cf338c,501464791.73246205
d255f73d4066fe559065266f,523483168.34377676
c552cfa8e6b8c8be2c963ae8,413966451.22007203
5ee020d4adc767b3b16fffdb,447087059.08358085
2a01945c2ce528c02b391c61,550393934.6677144
dd7ee555ce0b2d58dbd8a9ea,431908960.24763507
a732aefa7ea4715325e9e80e,552002923.0133226
c6faa40acaccc1603c29df96,501559158.13790745
fd8caba10cd4d1df27605358,406057566.820629
788c49c17df556bce0abf6ce,609689759.7408767
2d0d803cdbeaec6e2626eebb,567325702.5797569
0872074f7bd512dbd4609c85,449693764.517699
3f97341f90b11e6a7a7f7c2c,685209058.3454981
2bfa301ea435f929e6c0d1ba,643821584.8567184
1d029020622a600aad4c2991,639520783.2723811
8a100bd7f5da66664a2680e8,647993628.2159528
1441a28c376a20c90d72cfac,586635994.5003707
495eeef459e80680720a0ec8,470708102.4325551
df81d07cc6e8fb0a01c0f404,587929395.1543813
e23ae41983b9f112f05bb703,611616812.7688346
a2ba273b099221390bee92a9,571228707.7231642
63dfd58a5c43cc7c0a468209,388917309.1662306
27aa789e29e52ef8d78b9bf5,739801168.1338906
fbd613ac06b6bf20d76822db,664628935.107712
2a805135d8030b614d9df9aa,664857292.4540228
22c9b57a67cbef0920d09174,444764055.70353997
fb76da6072bea5801e407990,436334707.2821289
9050b1061469970ce28742a7,410814729.8396413
96f5db1dd0f36d1087172fcf,732798399.2685407
38cccc333e2c38bd608e1880,680739703.5760607
efede59a47d17737f90f4bcb,734260621.3987257
bca5301e6460eb859b7ef34a,524341944.3353065
a23a13e43f3e08ab82c6ef82,458898802.1303905
8437a42a8e7ebca46eb088cd,464920918.8820675
6e3cbc252c449fd4b758b97b,465671444.703329
6cc6b0672aaccb8909f3a751,562018469.2885438
c60c2efec3c12959d86fe3c8,551760741.6378539
d0e45d520227ef8a1f53ba28,595367164.3447524
e45293f1e6ceb2fe79f6e0d5,570969670.7268324
4202dc3f8255586e1ccfff46,623010417.0030655
1d04d5450762d664fcfab674,637861135.9028003
a3f969063f78dbd95e6ee795,575516310.3058172
2e3fc1d628f6727880d3d4e6,465671444.703329
22ea31eadbd3a54216443137,388917309.1662306
6490a1eff73727bf62458b0c,711571252.2324852
49721aafec7123f6ff4d8010,624749024.6544756
bce608b4629b6c8512ea2fde,602474528.7335159
a7ba3ccc4831ae7e539f0cfa,457100286.6910512
959b2293af0ee4f7c9fea7c0,575360962.3098435
bbbf74a3abf9cd8718384a65,494457566.5916534
680a71ef7ec15bd919c06320,696766703.214786
0bcdef6d56052acd2afad93d,507387031.52938277
1bb885a07f57936b919629b9,503426025.0416516
8a222af682e2d7796643ccf7,611577440.1982969
3370a48ec22302456c41ded9,494457566.5916534
46fb04e7578da5741f6da4b8,512135142.8152896
e9da7f2549d914aab6a30e10,624088190.3541428
10d0506d84d778da572ec635,665980491.9161588
966e8fc9af08e76f8b276245,482374854.4039096
0da2a849e0f83b17b006e50b,712057410.375831
f7101a05db93cbefd6a3b31f,434968617.02133805
b74fd7f7db38ec233c6ad71f,523533893.9181149
0d63e52a47fa884e36f10810,582029527.3834443
77fa49bcb52539888d481ab1,595354035.0969017
6f412fbb33519fdd31e741c4,603730941.9769942
6615da422a3864d415b28fe9,597672030.8219563
f258fdece395f0c4f4da6a96,739214763.067205
c54c645c340f59dd5f47bea4,441740231.3318683
bdd287e9de82903f210878d6,612928332.1213342
e110abe74ba0ad062c9b575f,596668691.7186472
47e5ea8cb7f5ab6703803690,682850297.8790373
e71c6f7437c633e2d9da643e,651535759.3923076
783161faf2e3501c38c0aaaa,469365847.23895514
5fc3de15eb0cd87be5ed2e6f,571234541.3284035
4066155e224520530ce985eb,510691241.73562557
7745863791b5cc6d49f84c8b,435405722.50360507
aa7551be1b8d6278d38fbb00,679954407.0836577
d654c9bbda61c4c0ee1ae2cc,570718066.686261
d224080523a2bf2e81698d15,462383143.82534575
5f8d0a2ab1f9136de446528a,672627160.5701771
405fec98d5a3c8981173311c,647411589.7883536
2a9e77fd00aaaf773d130914,442341123.4827209
279b76adc4bc9f8dd86759b1,580293430.1099818
f815ec1a63e980717c9c3290,577868324.7644703
a8fc825e34bd9bd56ec5331f,605082464.6985996
248ed6abe6e528dedde951a3,560745304.2144364
2bce6544d58b6970192a1838,605728713.3900037
352a76b301243d22d1b31f79,594258602.9121268
bb9991da696d6e1f13a32d0f,438988219.4612266
8e88e6cc55ca769e472aadfe,570451638.8401984
339ca7bc687766f517ab3274,456356559.4715092
93375efb2e74f4913d21d94f,595901580.9855759
17d7e6d321bb7394546e6b7b,487274183.86894
0f601f5ee798174ea9d52caf,541957529.9967879
8ec8cac469f2448654312aaf,722346138.3046291
affb62139f02e524692ebc5b,507824581.2747997
c01199a4b2fbf0f6cbdf2a65,699914186.6592947
4d1f49443787c874ba19f968,719298571.8755983
035c61042b7dbc7ef888d1a7,798043127.6636404
0fc7d98f75bc1c0b782a328e,797388851.8881115
b1924a5697dfe829b5b8ad76,515238933.8286062
d0100c18dba3c334327b29e1,661290714.8931246
add1a20e8bba47aad2edec69,738944398.4814738
fe8a78de9ba7b59a112e0046,549693154.9811118
b319d049a3a8e4a095940106,721412210.5235444
303dc73dc1130de9aa2f70f3,653522054.6852446
e471b2ef30c388893119a010,771067628.0989159
9309d812688d0d2bdd33d830,676879240.7120394
fdb192e57e3e48f70a492b87,656305367.7679416
c514c9a35632e5a9c0476a31,711441255.8059845
3bee8a9981a1e9e13a05cafd,681383252.9440361
9c942287410db3d0739e182e,566529670.5070856
f59b9c03bcd4e0e06d23fb47,707684305.2764144
4c11f4ebc622483532c24a06,672594099.0483491
1f53612f7029a21e2e9f74e1,752792821.4246495
1f4b6eaf52fb940e666c1c93,718750340.9584606
dc65f0bafddf39c6c4b2c9f2,629848761.6392189
344823ba2777540ffa2a8fbc,757518966.3220705
8cef9b18f20e9c5a32e7ccc9,744356020.5514746
413d6e4fb772beff60f73e2b,758139614.0569952
15d3ae51558bfeef80b9e97b,709249038.4871794
b81c26f2ea6b66c8315d1146,743965240.6859154
c3786f81345d39fd8b353da3,871630787.3348938
6c568d2287dcf12b2aacd388,817133956.6787473
e6482f3b6184515453d16bf2,646017237.6008041
32c7b848ef60432d98f415c5,693354270.907878
1689c3e3982382e27a4ae074,669245218.8278453
3d0cc51b7a2392f3be3b1666,680567927.5164227
1dbec7879e793ba9685741b4,677574939.6546861
82ff2a63a863c089ea90bb5d,801333882.0249994
3d9856c3ee0a4b5a833c69ab,531139248.896932
6f293451319bae38c71b8266,721185211.0078996
dfc817b569fd71d2dd47e980,868743157.3060297
c34d46d83e76f54d53cadcb2,682302854.4904377
e08ed8c82d05dc3cad8cd2c1,812376607.8339219
e21f2a8d9c641e45d442686a,819559184.3931099
f1793973b462cdbffb1ad648,743022689.1204327
b15bcd6248958d98867ea585,676546953.5485314
e640424f3b7d1db403c36ba0,814993009.3128635
658c0b009a09339a3f312145,723851162.961028
f01fa45466e2730f935a4128,643447055.0773833
b4d69c7bc93efb3790eb1422,803425052.0353969
c2242a77d30c0abbed667ce4,783108757.3423901
39542105a7c46ded0cc373a7,851757794.0823797
13f42390057bd294cd787822,715130583.864048
183d99d88d1e7d995180918c,596698955.7287257
60dd7dc49139e7816dd8b143,701750768.7945576
6d2ec752890a2f1c4094044d,727547314.0463232
0e776964ba3733f3ac18a7a0,792485101.7890506
92369f73435d1ac3fa95f185,682404834.4265566
8db285eda04ca37b86dc9724,734220167.9991298
a7b14faa46e7b73ee4e95ee6,705940724.5632108
010e676743f6afc01fd0838b,774721156.7535247
987199d3a23c08ca887b301d,713509379.2214204
4fd8643e1c43ce9a0c18a19e,668448925.4429629
4d0985935e1432b3916d45be,747154217.1357576
4623317e8c9044e314ccc4e8,673221853.3251569
ef8430c4d15e5887b8103bc3,764549039.101152
cd6ecb0f77acd93cc1c9038e,732438979.2066842
b0962bfdb6a2c79a0ca84e48,620498354.4749424
7bf592c5c34bfe6a5df3dd40,763845485.0953661
9337becb0628955b47e45b98,764549039.101152
9ed0bcdb62b2223d716d40d3,716053349.2655944
4255eae670033d9c9e9a6e3c,671881438.7801491
c5346c37454ac2b13b92240e,793739699.7379366
94fd4bb5f41087921ca12b58,595569127.2764534
ded674ba9c7b76cda404bac6,608422009.61502
ce25e9fd3bce9b75050aef5d,806474621.288692
4e7d3cbe3c62123fa7e2d969,756305979.9415076
dcf5b42ecb23800a458562e9,846879180.1935917
0d53bfcecf0397ca27e5f78c,740033264.0917443
f4ecb15ef992a677e8b4fee7,529453178.8271451
46eeb8f186f86f7859274d4d,783496580.5775431
b5a7d4288dc7a7868678b9e4,691867218.7653941
34f99327fe595ba6e32d89a1,666298950.3260926
9a53016fdce3d3b5c2baf3fa,760256593.3038859
26be10d0ce8b763e9b457e76,709275749.089474
2e111ff939191cc6df2c59bd,684111987.9103196
ddcce0b9776593e3ef3ce21b,629083100.332676
937c0b6350beb0f51e53ff8c,548491153.4557627
f50941445773dd62e87e0416,771067628.0989159
93a1aefcc4ccafe4866bfc76,561290398.2023126
70c0a72b31dbc1b97c102c13,774721156.7535247
8aa9e1e89993aa49c5c3eced,589662521.6661358
2a5ecebe40fc09b45d6ee5fc,482335896.8387295
5f798656baebb094a3c83793,898944675.9989606
596b6f435f76058493a16cd6,849385059.8884292
1c510a71734e955f75187106,744933219.8563374
07de14db9dcc2d4f9eac0dd2,984277841.5883639
29503210dfd57bfef8f16802,624625340.5524027
89575a90c7b9b960c8f4e052,750036562.0496076
bb5a6045d18e19613325dffd,796814335.5318398
f984d34c8f27e3cdb7c2a44a,770026753.0823233
90822d4e3a369948cdc4d998,651284762.2481693
5b9a21a42d5f50ed4b10581c,827153191.3380581
1be01d052c6a65c5ed286bf4,805088551.03382206
b73d317e1e8ddc3d5d0743ef,813938969.3190608
bcd302e3b5342ecd8cc056bd,899236994.5569834
eb8956f0c4a885619bf1ff79,774903915.9559048
d5b950c5510c19ccb926e7c8,907979734.2419236
1e37ea0918a00bcfaded3453,660844935.7932421
1d55f4694f3e000ee3ce47b3,748322008.233832
cdc3e114698984145df842c7,837380652.6983038
9c611e246a612ac6906abe8e,916252169.7315112
c0c820463dfec602a6118ed6,800725632.8039719
6302d4fff078a118c3211794,821209047.4438037
c98807fc596bb2f505b4da9b,922159504.6453149
cdde8657b5a215915a04126d,916454525.5529484
3b2fa7905fd8fcb3e11ebcf2,800725632.8039719
59764968800501c68631aea3,827765249.967102
9eab02171cb5f15963670172,914092581.5904765
61f84e5a07f37865c31d4a07,845380993.9337116
1494f223c9d3ffba26e42738,960282048.4669708
ba137cbd10757ad20e5991c4,809681021.8753552
d2fb81a477ef3690cb11c93f,978723779.074448
ec4f7794cb756b995d5d207f,816742096.5636015
ea4add08aa912717cd42f9f7,960008272.3672267
f11d7627e2f18c9a75595501,976241787.0364486
8095589d5e1a55a76281e13b,861559132.7639123
f5add08cb615eb18b3153bf2,883045736.5924621
1894346a27970572aa703cd2,817088430.9070328
805a491334f865f06ff42329,892108302.4562272
062d5544f5c96db90fa3a526,988609415.1302929
332201e2583141f3a02dcca4,908724177.4014535
4baf1bfced8e85013eca94b9,800725632.8039719
8bc002e1f02beb4d83a6f6ae,732658069.7592494
adebafcf3eb0d34ae31718ef,1091647021.805414
60b5b0aa0c1319557cd0cc85,1177808211.1398606
3393fece8a6ed311ad865e66,749955701.2539515
df4a1968046eed5326119599,1038996455.3795098
b044b9a587b2c6ca00447177,953450360.9803687
005ab848b35907e42aa0f4f2,1079809955.50394
140a0002732574ecc516e9a8,1036377839.6391028
bd850d1ccfc4b21a72f3ec44,952284255.571893
c6dc8c201ce38ff2ea49cd68,972337025.6665246
572ae40f693551547e13a196,1052287613.5733428
b39d1b2637dd8e307c8ba13f,873059184.6866804
2ad02d6d56b95ff3382b53b6,990911944.2613049
5201393754f4a5f2a476ef0e,938278957.5513413
72a66bc6d15390eb05a5c688,1040839579.1670295
1f1f3e47f3593e4b2824e628,502133434.5012592
bb7e14611ea6b5e4abb5b89c,721389276.8102285
b82f8abc8001cd6731c4ef45,656744713.1681526
6228854021e72af611d2e59a,734851794.5102284
6d21e1de9c880bfbb17350cd,690879834.1925619
7cfa0c98191ef9b7c45f0520,422360179.21913946
a739d80c3fb6b166a2c2182b,476836167.0700218
36f85981124e858c157f83df,648393057.661157
3d6d51ca99f2747d6b92dd19,658610337.9453862
092b7b5bafe25bf485de37a4,709589440.7105435
f2e0163fa07f89820739dfcf,846468882.3027085
ba47346e7a53412e78363ac4,588444833.619271
f86e80b2a831572b85b04e55,516967374.6957559
199a6f7df516a685f086dfa2,534822829.8570854
81f6d6790aca5e9270c3d1a1,395095089.5818594
74f099ca0d949c8042569d51,404534539.85081416
4df3717406f9852284576caa,483865428.36929667
5246f7d8023a4c178af6d10c,618855187.9437164
69d9908e13bf7c8ac4c30531,420859200.30369884
e336d9d892441c7ad886a98d,513348584.43337476
f82e1c70884ee1285e1bc491,386030688.10626256
0ffbcf7d58378c85b4103c7a,667750687.9692334
3679e1844a35c0c87fffefeb,462766879.5372132
955a15a734e56eb287555307,432930680.14682287
722f262a44b2bb6fc05ec35a,439091266.9732996
48c346042d9cb826a3714466,408685992.4532747
bc4b7bbf5df92f476b6be103,413532871.0148387
667685f89a61aa2ad5c9ac7d,454176030.84668916
8be5fca8f4339712c6f3e29e,533392635.7109051
09a5fd22f920267b464e2a00,645719858.3312474
f6d2d31af94a6a73912dd9f5,725425656.0188594
0e9a5ea81f6d91038d8711d9,650377951.102
8b2d8edfa6788ddc0c7b3eba,695871471.2105215
2f48a73bfcc91272161afd39,820564121.1343284
a78417c74b8c99279912e427,683978019.7165127
4d69f7c7e0e837879abbdf78,466124368.64011675
926a7b18e48cdbf6ac3b396b,534030854.2269529
a06733f7b3ba964c20ae2698,681130704.8125027
02d598a32d864c289e3ba6b0,685306085.5557383
3977cf1326ff502251f78f66,785544249.370875
c3cdfd0733404ec885eb3edd,707892586.9226058
a28bb09e30bca82627e595c2,771435560.5592397
0a2f8c8ca6094e6626d4e8b1,672836317.6690621
ac9baabfd96d58e376149a7e,748663873.6977155
700a052900adbfa149dd5b6c,863818781.0591354
4b30968cdae59b4ef3298f19,790876629.3614395
c673d94552bc3e451672939f,830783153.0445433
75392e8381e1c891377fcb29,805081402.2288598
a55d7074220aa6a750297c08,794604440.2684345
81eea19e7c12d65d21e23648,858118435.0720971
69df7bc1d82d9723c70eca70,805176436.8836038
815cfcc4d26738f74cbb67ae,619794851.1504029
5ea150753f8d07c71af45cd9,740463030.7179295
f851b02d18e74610a900bf14,862576096.2867743
76b9af8036e38d5d30ac4c7a,1023411025.4545108
4ec5ab39cae4afc3b0e69438,836725630.7637758
c74020c85c9fcb2a2cb3ac74,832607350.7275298
6d6ad5e3ebaba1c11dec0f16,625120894.2197624
acbe4eb98668ff4967a8cb86,631942883.7488266
16a40e3dbfbb9c703e04028e,677155471.5513169
ee5fa0932e098cba28d950b1,658427528.0861952
5f9fa56b99677a489a9966bf,721389276.8102285
4045e30cced205e8c5b2373c,525634235.8998666
eb2c7a973d4d6ce8e6ae87a0,802200165.161964
99c69eeb96e1016a7e53b33f,816613442.5547501
aa7f56d05ed29183b825d61d,575637284.6845732
4630a9af58fb79c0008e5fa1,569545601.5242435
ac003932eba3a174c5b998ee,544497682.5997849
56a7470ed14454665aaef75a,1095737023.5376365
a4e4f56336e07304cb946b1c,793346401.6279073
00ce045307538da1b0bb7972,578092956.4863572
cad720be1395e2ab5869807c,459648226.95513254
344be03236aed65e74b14a2f,410037526.53610486
58a86bf535b4c16b50dfca06,420867881.9040737
d52c3915fd7d2ef8c92a22fe,393431138.8522224
8a4b7e86a90a296e10a49ea3,582592613.8156271
e1717a317481b0765a7a6a0d,582651963.1616129
97fc10f5ce4a6fd7357381a6,410037526.53610486
428f4bc76d4cd315ba8f89e9,510196412.1970924
4d882ac2b82569f74aa08824,422133760.33333856
948ba87dfd7993460c967cb4,407221899.9946498
1bee6a5aed5417181a3db77f,534499476.1832088
63cdd73026431f5566fe246e,563088158.4899287
013e2a07f94a99323b64d370,909361903.5716691
ff56b24cf15289dc6d14800f,688525021.0663654
7bdb94165857bcd37206cf18,522645415.57583034
1d1e29d9601aa0eddb4d6c2c,589856275.7494489
a8c9489973c54b93737dfe20,605426540.2720551
254892c6b84c59ff5ac4f354,485145275.6229839
c6e9772058edb2268434d7cf,709935543.6907077
916a413537580440c4ac6028,582666669.5463455
bab8e472424cd57faab87ff2,534658448.033157
eae5eecfa2fe828afbc94b0a,582296385.5227529
da26059a2cf36e02b8702320,481552172.20115805
e18fecb7e40bbcaf26c863cb,747881425.994597
a55906464634558b94d9298e,494143894.2021535
3032ae39e739fe46e9e198e5,726150836.5636756
663e062b85f16c2419f8456b,540243477.6978871
aad0e527c4bf6283f76b5bed,673160742.9378409
32fbc0f1934f7325a404a2eb,706591108.6149431
07d1137c1f0aaecbbad32f7b,698259086.1340241
3058b792e3f6781e438a2e9b,808026263.6658456
33d6b1bbab4524c3aa03756c,460460357.780572
c75d43b8089321e359e14264,675170040.3683715
29ea1796aede16cab8a50497,420619003.71845835
bed21c41b31a3bf2095aa273,648833005.1256367
ec232a7ee3aeac713516614b,662171119.7378376
bb7c68c2652c7e124d88631c,545130482.0876682
697b6c6f7666391fc689cfb9,670821635.7467586
d912e45dda1a3a628fdf50d6,774608050.5390218
96fa88a07329d3988b6b41b3,705780003.6673388
66019487c37339e9354ca999,618176888.8384048
fd2dcbcb8a31e97f31d22a53,766359562.3638994
1a309175498997e1b8f0aae7,873543532.7984542
e83119808dd08ca090f5ed85,604573096.5948005
1a26960e24de046588ca7837,653480838.1750786
379c4fce87557848548b0944,448270118.237589
b2d7355eb2aa975900776275,730824903.5579103
3b05e06aa0bc40b9db16416e,444691947.7189176
4a5405b1e181f5b10fec35a6,667217567.8122612
aff22625564f00844ea2610b,534143517.5560093
b40addfc0da42b0e530503f0,571009664.1242111
9200d647b6ce9aea67ff8ac7,559808422.9844309
3057660e38fb757dbc8bd898,619873895.5090702
799be2171dae4763df530e4d,731602020.5304809
819265a930d32a97533d132d,729233342.7705655
9ba689b29d0696fb7ebc44d5,950812927.3910068
0f7e28b6efb9d550ba28a1e0,622448214.1611711
57551742fefae23bb32571f4,662036029.549526
9569a50febeb4163e28c192c,694805798.9867809
1d03efada56f8a70bdae6aea,570123064.6640402
bfa56d6230b858591743473e,738864818.4370008
ca54914a1cf1028b9c8b681f,577590853.7589113
54304b6117b797791d266cc0,658206862.4334569
166ae8e3d0704209d6715240,705410308.6800368
b56659e70367566a4ddb81b2,733986117.4522637
2641f220611056a1f5616dae,1011382973.8964641
08a82bb9fbe4b7abb50cece1,645793500.4561099
b40a9888ec0379fbf85516a3,869426956.9285537
d35462df6c686296a3c7bb23,616597359.8065933
db244703ce223e6acacbe85d,782471356.4561088
a90df94f959030227fa015b0,633022910.8487464
d97d462ac4f5d9cbbf04e9ca,706196092.9462233
7fe6ac57e87b8126ac4f8530,804858115.9827843
69c28dce8eeaa86605143419,915277117.6555105
2bd6682ad8343b69fae1a59e,852468610.9550279
2e6fb29cbc1ccc3d97c92c72,747568680.1028466
9eabba4531191127ee91621b,753784320.7282263
d0c411218ffa7c3ebc10783e,661622093.430812
0c61a011d7fe0227be2b3575,675885063.3053886
2c47c3ef9e139d8c4513a090,690645323.6079767
f6503aab62a68ca16eba3fec,1174788180.3016515
e7dc05756684b070b36d681f,761929536.9587697
17484950b143d0395907ae6d,628353037.2571079
3d997123b33373024bd2cbe1,778283261.0320448
ddba305c2a3ad29db24a0658,823410978.5805749
b65efc402cfddc0aed4e1d76,630215188.3440981
4a7ecb05c9886bc35f6b9160,651086404.8051046
b4e14604b888c994b64f94ba,738194881.0702381
ab37764e5f4e00097eac947a,840233071.5639087
764da64c41700da5ee80b8c7,633732652.673331
8a84a073b855e37a12327357,678503705.1243224
5a6878f8a47f1fa2fc1d600d,1104217281.7907465
505f3d545ce83d0c848f828d,1148797651.3874865
6687a2299f38c15598d11eef,932010085.7875901
533134592237b2748915eed8,808007142.9922239
daae80933675e767b50bdd17,823778678.7411541
945f85a061dc4e95e779e27e,968384637.2761819
62dc69d80cd6ea9fb7fe52db,712886085.6611314
153436858070f7e724f0cbc1,730308765.6523193
7f9875a5336a32d73df2402c,864009353.9870708
ac11141115d391be44e6426c,605166214.1011779
f8243b7b679dfe8303180d73,1160475662.7185824
1376106ebc19c929df27bb62,753477431.7079483
f591597c9a1ddd9852eb3cfd,909361903.5716691
a748841236a7a7fb33138845,490493526.65983415
6ef43ab43841696400d91859,555334270.4615344
601310d800d88f0d387235e4,938139013.589348
db81ec58863dcc5d12839883,529768028.4315447
68d35dadc6d0dea61bf4b513,439723485.7532125
ba9be0b67571b1e9242664e1,638851225.1005089
1690af2e30b05da545f1576f,836448049.7158439
fc72ebf9381496067101da61,451630140.3626033
3a2e95f5eddda4df84b2e2b3,553196399.8664323
a660d5809085b4823e287a5e,623545933.0839996
799301c01a3e7fc2af5a14a9,776441088.7410367
824cad597aae34d7d59ac939,624929629.2085291
23cfc154896b93bce4356ae6,466039864.3064471
a9b96d2a23ed155043085e87,854164461.3406777
f5d529ff6a35fa78ab14de21,577869295.7147884
9b337cb1451a8fb078dc9a07,674094679.0360043
cd1fc7362660bce494b5117a,481433537.282369
26454cbe44a07cd0df12ca07,717916478.8975023
cc5563550bebb29c83ae3054,802626661.305493
109bb36f29b223a81dbfa340,742707307.4908403
31081c78ce92e1d8dbb315b9,713878694.8813624
502aca1a1097438b32eb362e,959628637.688567
4c90ce573f1d61d11294d05c,872687195.8633435
87f1e9ca16a7ea48de04fa73,1047708192.5710006
224f6e839dcbd91491f3f1ac,477781889.44472367
8ee7d2e0692e49bf9d308b4b,717219415.2898483
a3ff6a1fe37a1bb736b1100d,612285891.9124587
97d49e61c1ef55451e52c8e7,620069635.2473054
b6514cdb1e2cf37e3ff8090e,1074524363.546794
