property_id,price
d56159653f5d2abc5ed5acd7,1112647151.9396608
45550aa81c0151f1fd9fd8fe,923907691.0020471
735deef3382aa15930482f3e,649229498.904926
0dd49fa8bb7be52b851c6dc9,789159584.8112378
7d3220a91e78f8bc2924d1cd,877926187.4544613
d3054072b2175deec2c1f8dc,301830953.2895316
b7574b06d593fca4eac59815,306914102.3227893
79e822115c5c1a4531366001,391219243.17899203
d3ed5316a463d38c1bd321d0,1083456161.912451
2f1880c9b8f7ac2715e1236d,1002078661.7202101
dcca1c7f109175760ff531c6,401783449.86844563
dfc4f3facf91bbd93ee0fa4d,492296871.2471863
30e134a6cbe61d7954d0f56b,323727864.8833991
385fee7bd9ad7722d45dd034,730961345.2495086
87199c236bf22903d1aafdd0,741864734.1417645
19e19ad0cd6b5e84d8aa970e,548995404.0420375
907f968e78d748fde69dd44f,693167126.3368847
be094e5db0f784e3aa013aae,351372868.9096712
7ab96f83915bc84f8c03c1bd,348646760.98800105
07f4aa9b9ff5b0b05d31e6c0,1085049263.607265
e9be8cd37abed8ab510ba1f5,1094636620.2865899
5f6ad58df27b562db077b5ce,789833483.9048405
ee96d947484aaace40f9b77f,1034276985.0514079
15c4aef8401208054697b81e,1141188018.5855358
22d6cb11333f2839b8112b89,1360941304.2212903
288c09c33907dadbae495c11,1415236821.8347907
f71d2bca0c5fe2720a1544c4,943193973.4882672
451744cf3ce55a98db8a3562,882264358.5379173
fba9ae05a6a8a9e0c6268a9f,650882208.1273272
1338e58f7dcebf5a1ea59388,862886168.4518392
a817e8da0ada143ac87277ee,523977551.7485326
46d8bb3e9a0ca584d3c7a317,686903725.7786634
b2506aa9463aebf01e1e00ca,389076353.9261577
7ec025b9b6e6f33bf65af41b,548344935.9438697
2ff531e27672ecd2362eed55,1057728233.8299067
9b3cf0d1b91b9c6a2a887647,649284391.3653878
7db5291ce4602d9b2b266872,347207597.00249904
65d5918e826c33bb950fc008,598406868.376596
395c34e4b8f52cbdb0522459,976748391.3051753
855f4b67d2bd6d18fd03d8e7,956205149.7562904
9ff06409b37e5b5dece4604a,692164556.0958658
0508cd7bd2c77ebb6fea1e56,608258841.1577408
b45fff2e718e54772d46a3fd,665652962.2089944
cf4d2297b73dbc357d21e31b,589902163.7038622
0ada7044c5b29925abc90879,690572150.5333872
6305f02255274ab5fb6bd39c,672890412.359456
d9a94194ae1350512beff3e6,1095739835.559507
e3896296cb80d50d9ad3f903,1055514908.3687282
6514f355887c64136edb5595,797441322.1176429
f03400cc18e12903b3ffbe5a,859051540.2484288
4e134600155a64783b3f8c3e,1090165926.4309676
d63ebc63c82fbf66d8b6ffd3,890569313.6676087
1bd64811bd59706844230198,984194186.8857546
a83921284639eedd4a511cb6,834695664.6720383
a2f3f7a1cd573e2a33f52e2d,909310026.9171568
47344a66471fa51f61c64652,891896414.0238674
78fd849c9429091347d7e5c9,792009169.6877859
c3daf2abea55af99c9579319,781035272.7491726
52864916eb1984abca41ec66,864465586.9335679
c62494a9d7aede44f2f84023,1109992246.7580307
a2b576643f7a032371587e5e,1309146122.106658
e53bc68f0e97ccead24f3e56,621538815.254839
fd82c710aad91bc90af490fe,1006487010.8848603
d436abc2ee37ba3dd561e940,696184570.0733858
216a598114a403676011cb51,972483571.3140426
ea230d5eccd2b687888173bb,813803205.0095115
18bd0dd7580f2a7cb19a90b9,660990114.2394823
b143c8ca6d334f6a73c3f2a0,342766680.48530126
ab388cb4fa511968783bafee,385904646.1936145
6a4f08cd04d558a56af732d9,495295610.34544414
7216c895aa047c4f405c4941,649538975.7937332
a493488dcd906dc74cf8a604,915146363.6119322
7844b0b2bc65dced90a355c6,590686377.0867513
c1976383069b6b82ab29d092,761234712.8774606
e5cfd99e2308b7b73581dbdc,376433827.7120241
c18c2ea88f4ac53970b53d2c,780814682.1681032
842c9f0e4edf1e5a672ce15e,992964338.5823449
7dd1e46dcbddc6bf5ef694de,763297018.991775
6cc4f32b39180bd1ec7e117b,648183178.047202
79e643789a85dc4ffad49a25,834464350.5452502
b3402a9173d289d6db78e09d,1114635055.156129
a446507813234e358db8b573,460573560.3441175
c8ef57ddfb35061d1876f94e,831907675.6873238
360be0df2c003005e3db080e,1258015153.6173034
9ab245a4c91877cb7a8661ce,1239842872.3810456
a57a34c7486e7a40e8deb316,999529907.5293429
ceba7d0f56f6cb03538962fb,804204309.3177936
d5475993f9db58c3e4baf7a3,924789327.4383576
d37a1dda09e30da13ff5bfc3,760293266.6850381
68a8b8d077a8232723bf37e9,810909638.457165
e1eea7716ca6490b7640717a,763603786.4498706
4ae6d75b10848d259ecba576,1063914729.1618643
17afbce5c0b56732abbea936,763365867.0489073
84a2673eccd3cf3bd7fd3eb0,868915567.0366492
f2f4e6cbafe527b155707f01,1283825394.9727006
de2e3a592cda5b76c9573c5c,949329400.607325
fac651cf404a58f24dc7d286,1460670875.6869252
e6f312a0877af26b69855a3d,1430569559.6027894
333a643c623a9bc75f3a40f2,1182330936.1792119
64593641e470908ef23b46cb,950881790.0090461
ce9f2f0071be658ae75ca6f9,1348449969.3242822
9ab385e399a4673732b6a799,707831697.4977398
3429c774b736cefc051e2c55,698964471.8187803
a51ad0372758b2bbfe73f8fd,922143141.3844093
8c801a266256e3fbabe7e3d2,645386377.8757211
ca2f81b8fb6fda20aefb0ccb,693546363.8765523
3c1b1f86087f9b99380e387c,1039379797.5122988
b0cad5d612954b8cab18101c,868992680.1474112
7eb991f4c69215377e4dac8f,1209761754.625156
0d130b8bea4321300396fa34,952650368.7971796
8dfa059401e1dca80ae65ae1,1117921706.4209025
3e3f264cd0ac7a65ed2349a2,1038116611.773868
112dce80bf512f3f24391d23,672980455.6290755
ff25ded6333278149f8fb68f,778685670.2592282
d555b82c192794e87e9d536f,854239921.7777102
a787382d96ef9fce8f27bc70,1199485313.3364878
8c3aa295f7bcfd9a43eb2037,1187014438.0732546
13ac95652fb3cf6c43dafc66,572184718.3403032
42fc6a80b882c32f6264ac10,542347667.5801003
1e9c53e09220d689a0210ab9,407720012.9640247
3348706086aa3db5c92259c3,454919529.7734827
66d402a9b7d05f29282ddb00,867705679.2182832
cf88be51d6f31c10e5868ff7,383869415.3556467
30b3f38716be209a894b0942,475914398.71279734
0a5908a92d0ba3e36f54b1f3,330754058.9976167
dd206b6ea2d7f6555109ea39,552119021.739104
c641febd8bc2ece3e4d2d8b6,638512572.153563
c11fdc02a288af0572a2bca1,844426709.9784633
35dc60a65969b264ab283d6d,584824545.0739155
d9cb0f637cd4feaaaf8a21c0,575625638.6468841
7e8dfae9a5f1faf8afa706f7,526479564.59629714
a280fe7610c254b935c9dcfc,608879011.3344016
85524880fdc4e4daf90e96fd,567033514.8312795
f361109d06f6609c16724b39,597549278.4815611
3f6b2f0c0876c21755369cb6,672034958.1994745
de26819064a290ce78d8fcc1,627939383.0883749
91be1260a84ab7fa3521c495,1199180736.8854904
18c8dc4549d38c918af2972e,789667390.0309647
782b0fb8641849c2c34291e6,401824416.9205097
54933f8b33a4fd6f031ed5be,1042233912.2818711
953176c9a901b4f61c030432,1096693729.856626
357e2add3d68167a4f3ce15e,932229766.6771553
90332d50e91925eb9b614bef,1140377012.2417681
11723d1d472bf1a3fdd8b72c,1163598290.3769546
01f8b6799e2910f7769db175,632585555.5589405
a0d5001f7dd42d7f0c91d2a9,391210748.2995736
d4439c35bcb88e1490916c67,450350998.43597263
4a73dad0ff8a5262e8b07c4b,897471613.9644516
3dd8085a65f24b497ea59557,1222048823.0043585
39ef085809bc80e32e7b6af6,1245965377.7318301
b98ee16e8fd7d1c75a9da13c,1157114982.2953181
16deb26bf740fa61e258f545,992103996.0755568
732a3bd457d7798e1fd892f6,708153605.2452803
1376058cb128a1c7729cd2e9,1052709285.5420971
cac7e7c3e13af91bdc7107e8,861141393.1484631
9f3dfa6e1422f6aeac527c61,491825231.02466667
4dd3d1288ccb66ee4fb9c097,1175858405.855822
15fb97d6a43731d61e95d004,996340341.2799163
dac29573163315edf99e0e7a,646727227.1799374
b93f2864087d41c3c92d43c3,795666088.6168439
cd4656aed92f5c0a0b6b7c0c,795666088.6168439
556210496090b42ac10cf1b8,1309146122.106658
762979729fb21e56a32ed14e,1309146122.106658
ea935b76abe664d5e2c4736f,598406868.376596
40e9ef1e7c6749b7a8d04ea9,679794142.493138
058265732a484ac8d5497f5c,600240377.2347574
6f52ea8340cdd283f9a79720,920343223.5752473
cafe7c1ee67458e05c84d5fb,672890412.359456
3f45ed2f08a2b03b738fbb5e,374626339.7975584
f203b18854b75c4564d7a17d,772900476.95113
d5333f639d11bc3ab073ed72,968051376.9019195
c14f644116669a160446a945,613627202.0383037
de585856ff546e00a5a4672e,503850925.4163972
7a80663cae7c191b5d025fa0,937836561.7049294
71f80198e68fbba902650b1a,677364763.6397567
f3523e0626df8cea803ead0f,502597246.67662627
619abd5f978b1573761be86d,648652116.5084049
17a2323b855e93533a9f09f2,661230639.4286917
38e8630f2c05ea38e2257c21,774078455.6041721
1e3798d739f85ee0e5a314ca,352835590.0868439
46d0544f411bbfb6b452858c,716936068.3071885
605e7a71eecb13b23ffca0c1,555251975.1762731
7515b37b7ae7c62f3dafbe7d,680114730.3293576
28be121ada9c9303be802474,700410154.7310845
331d54f8a1bd3dabce73d6d9,977223969.0412637
22d167639ccaace593dffa31,618313622.5442779
36cd68fc3ffab79fcaa340ab,529756196.05896384
db924733e88c361cdfab874a,763165298.3866857
64eea2e9a13a8edfe8ac7027,744552582.2467537
97fe6eeed892111bfa20255b,683887597.8099854
b54e6757829ac95e2076d954,944526827.022321
dd59b8122458557041903207,577967954.1181461
b35c58fc1c05a77433025318,1083985714.369716
c41964afa164d8b75f8dbe92,748664329.7049421
96b3ea80cce599b68f96f86e,731664481.5198992
a4bc87ad4f1ad97c0a63d843,732730692.4153057
16e62269e6aa2ea052d05f71,701652920.3294563
518b37b51f824fa0fb5075d3,1047607952.2801373
e083d83369cbc93fb94842a1,727590950.8731489
57deff02895d5286eda10d89,1073988721.901274
7ed35835fbe694bc237abe38,724859022.6481864
b48efa9ddf36e85164354f26,1010584553.057246
5910c9b29a1025bada93a5e1,721974245.8451284
10a650e8cb5425c97f08f68a,698796320.7684801
9e0feca2ec3043ae6f840631,1009544604.4305004
35ce37bbecac6b164fa21e6c,617481782.2907723
c4955010d066e013812a85ea,1024153350.5011952
d5a83c31bec18d1c3eb9af7d,730273485.8242203
70217bd08583854329722821,726760781.5397661
28e748e7aa0a447731e06706,825010913.8068659
27929c0a3e0fd2d6d2969e03,702250113.6222119
5c5ea0d8bae75e0a5c88414f,1027532184.5828416
2233f50cf7b04791cf1ddeaa,776706129.1733651
bf430621f17dcaf17fb91ac7,843898841.0720835
d8dc9de06461e0220bc55906,563993397.6322823
d988975f8c4e6ee8fd8dc1e1,816543272.9165108
bab884e0f99df269805e83a4,775593324.8632281
8fa9b20af1508af7a01e2267,797444793.6301532
b6f195d44ddbe10b78b97191,720108549.0605061
2ab0eeac4a228d5769fb4365,623876897.5096568
347a4deda03bfdde6d1c163d,973891277.9031453
17230f18b30b94606fea047d,462662046.54057425
eab4ae491bbbe7b8ab107229,983349706.9023356
07c753474a847bf2bccd55b7,827732860.451189
b7ce05400f0261743073e072,676573987.5277246
4a33d213841d2af537aa967a,713791418.1591883
04eb0b590ce7483c615b043b,736224686.5623642
a01a51af09a3dc387a18b58c,443707426.95617414
270b930a9e22d5016ffa4019,1242930183.2865903
5ed1320fe84a518e267ff537,1142844477.468695
f04b574dc221473cfd616e22,591061492.7161807
6f7e390aa6135019dc5a828f,713959019.1606578
776d4a19fb3852fe6dcd3ddb,545545806.2813501
b7f164b79658952248866c34,660605729.8571274
aafeff5826516e363471e439,340452292.0579665
eba6a2b80a17a846ae560ece,425161044.3333509
90e62f8656ae504bf6175e0d,518248676.23030853
dc4331d09a1e36baaa6bde53,525369135.86750114
372d67ccb9d251e290891f0a,269124656.81213754
a7801c67a0ddd71c50ba38d3,356628593.4257131
e4d6b81f169cab8ea0244d75,581349992.4960544
cd5c6655243a4be0912bc92a,999529907.5293429
f7a7281a19733251134364fc,784837290.1419044
a716ec25a219961fbe90f367,1283825394.9727006
8bd45966c16d4eafb49ee2a2,1255302175.8949466
baabbdaa5e8f69fc90d303c1,1018775666.2408502
8bed46960db1b2a7954ffbcb,1308972399.7129307
dbc123f9502159d660f375ca,1432800555.439352
a4683facc81ccda10e9ae388,1348449969.3242822
3a576586fa1aac85c2ffb75b,1256928523.091072
b1fb98d0ba25b21c6647d423,1066125521.9850627
97fa4be3ed93c37c048f507c,362807939.87223136
cf184cc576effe39c0f857b8,552058126.2795855
784f67fcb2d009d352740ed1,545414453.2387227
f4d6ce332121f814aa663fca,903435839.9415954
c87ae84ef029febca1e633e8,638144470.2711176
e876c6fd9c161861fb92ad5a,1053761985.0537981
9047c4764f2c6b1a10b87e99,1259214984.0898094
234c94e9a248ae57bb5a0771,856537051.5198365
a49c2976ca4f24f3a6b622e3,506614706.8501383
ffc171cf73514bed077339a6,535741866.7117049
fba83f5feea2522888377066,542740063.2254888
1a593800d5785ecc36c25ead,1068592455.000936
ab157c9601861dc387a91b82,900906007.3709996
f87f8003f15b0fbc12609514,740341215.0565104
f44d035ea2b15b2c69d4da50,821042569.7834234
fc815b59cce7934f816f0502,981462448.4704899
32915b77ca68000ba9eed6d8,608449564.9541918
cb083fa7ff634f424a351840,722409234.1824352
4f3c7b9bc78f882f858b3d3a,439241257.3644007
53d33316e237830ad463a26b,531691935.1192561
f5d852e25d51377686c43bc8,599932207.309661
64731b6eaf4fd2bb6c155013,1068103619.4440348
dad7e45e4706ab2564ef9cf1,371593298.68478847
255914e9b13ad94efa6ed365,1025858206.9055467
5a8950a64b4aea4ac13dad45,812208147.0324883
70f51b4abf26651111305b1b,1056930248.9547789
8919ca18fff7571002e440ec,1199276812.1328063
f776a4e0c8c82b3d29756b34,1306743979.9552064
7ea4af39a7e577ffbd600f0d,686230247.350726
45fc0d46c7a4df7ff6976fce,858468257.6841581
7cdcecc706fc7c79cce45b20,984190461.746218
3503f56e09e639be4762ff2d,752906177.6323274
f70ac0d227db6f5333aa821e,844342310.6766951
20db610da64f80afc1621b12,419686586.50877726
c80ef212c870e2f20ed2234a,722630003.6842338
7dc68d5cac1b7fcdab35586e,516238348.6893024
a478fb93a131fee4119bb9f9,988607842.1591673
7749b2b534213ec7b536372b,535838378.40952504
43e59f5312e304fc21c1e052,1074279796.31652
82a7920524816f3db7f5a4ca,927737065.971218
1a7e331d9ff88ae5efafa8ea,1197764501.684753
a57350d4c79a415137281cb7,302127589.05212814
f3a6132006d54d0e22a17e84,706525438.6400117
14caab87a129f51b2b70508e,681869098.8071381
ba2423d79744d763aa3744f8,1156956824.631681
1caac10c1121a795a172889b,1018429006.6356983
40768729f2697b87ed6519d1,693726995.0319378
843234d3c6c20bb60a17fbee,840808833.067064
cd2e4dff930a1c7a1a569992,986509486.2372934
5a6eab133b7e95155f6a9012,538395296.8400784
5bba6c40aeb129c433d2c58e,1028431937.4769609
ad3c644b506498127c7beef1,731305624.225943
a379656c49f4cb1cfc5b3f03,1052902539.6923069
998c1a6ace613d8a7468ba5c,1091871259.776248
dd610d7ece83bb02dcd7a22f,657586460.5549799
539467d04a2b3e78c592b11b,496307254.9538179
e40fe4ac43cabe82c03dda59,587092116.1280092
5561eab714583013b422e7d4,589547995.6043094
d9110b2b5b1c02766da9e24e,689905155.5429585
c72cf05b93b9c290c063b08b,774038386.3289158
d71cc157c0c43935989009f5,795558772.5140648
4199eaa19ddf8ac436bb2ba3,1112568338.3287175
d23d12bd86def2657038a481,783051156.5292813
ca438e13d8aa6285858da0aa,866781236.7216547
a173eb804f4bcf6bfe889417,1281813399.500927
9b3677d498c2ccf69c756ec7,1311548264.258109
f8c787390e4c6d2e99fc7c3d,1017175263.0620073
a188aa896d1b4520ccd6b65f,566940254.9190246
9fa39c9eb4b10a20dda6c3c2,970531608.1094961
7bc9022fa1eadbd9ab39acd9,967397225.3161833
46f0731f62232b32eb733dc3,698861467.9912684
b6767d1e329ff5e28c42f632,654258659.6298416
abde4b06769fcb1d5577fa7f,923700233.8870167
1496d159d31717ce254f67a7,571212033.5082074
1470749d0d2551a93827e441,618332801.4362957
3ac517f74dbf8cdc8feadfe8,917632268.0914555
fc6616c62030a53d2aa46b12,996538979.8004713
8497f34947cb4c0ff18a0eaa,679776277.8681927
3b2936127f5a4684a1d3de22,636276835.1944582
dab58562904cd13a93d913e1,652440687.7710701
69d1e47b6bdc57512f1838a5,672856656.722436
23c7f9a0534a4ae6a24e38a6,741518968.0297328
640e9fe41fb79ecba89d8951,1238195083.324542
31f6a25d56f3bb36386d07ae,1098402754.0043247
bfb30ae71cdca27f5a5494c6,1031921136.5562483
baacf0dbd690644d74f3a929,646809124.1995752
cdcb874d2e62220d12230632,814318636.1077234
1421bdbd9cf7572b799b732c,1326421114.7074835
ee9e5adab1455d38edfcaa6e,1010147638.0375514
1fae43a9450fae02919962b9,758475684.8527722
5f9ee280509afd55d24f39b7,686161431.2271981
82902f2082dd405ab538ff58,627278052.3678638
eae52c81f779a61f57cb5b58,724319322.8232828
4ec0aee1b202642d2739068b,1046973040.783273
f4c6c3210a3c2eb935c6d5bb,1174953322.9129639
14a14706d405569501327924,306053197.13688916
146a5a4f3d111dc7b955ce42,1051713153.1214801
99bdce7cdea643b0442976f5,777351415.248318
733c7cdfd50db77066a67140,480208080.17926484
de328410e22767c66d919423,1020896670.5212927
d0116b53467b3081664fb268,759888342.1117293
dc722ea5c4d62773f9fb6bbc,592585530.2385753
e84605e3aadd50b064c8eac3,1136875672.8120363
31a3719e57ab1425e7267fad,1090664813.8589122
34993717af3f861b9735df6e,667134485.1870904
543822711986a454cfd764e3,1001898067.2367387
5bbc4ff9cc3ddacb39469e27,859396554.0776352
d7ced905983af0800c19b7fe,1040908542.8932704
02d5bac2567ee9e19041ad42,1162914714.476615
f4897a8a0a911a2acfb8e8c7,1278795406.2932682
4ba19ab08d1fe7f72d0dd37a,954970741.8964221
b7c07f8afe037d55bddb8e41,596369471.543135
40b20b5a3a986802d64f7675,532056943.15495354
01fb5931cb55f5308382818e,1153461988.5283117
7cd0c7174b957df1f004fc88,996833586.2743943
ca13bacbf6dc8d1b09fe4c67,997933791.6804924
0ed0dc77661be57aab63bc83,669355866.5033263
d03558acc19951a882bd568b,527319776.0624689
b8cca0d70fb46f3a31473e98,1108069959.7003913
f665a58fa8eda69547c1a159,1058908053.7184148
8aa5ae4637ba83e672cd3ab9,707590358.5539428
a6da1996f66e545041d920d6,784024963.0894302
b828609eff041a68fa243a12,1061439360.658292
3f39a260b81dd7de1dff2b31,887455439.140862
40fd167916ff071afdc44792,1220446831.249496
6ca31945172976c3a11732c6,1150604093.6735628
1437d1f1601d26a3dca7594f,834141413.1244577
ebab054e5f256bf4e382002a,1310347193.182383
0838d0df248d723da4e25ea9,1040717039.017221
7a134e45b9ebe710c6c6efe6,707054539.9646088
6e9c7f27d6b89c5f9696fae6,385510570.9510842
bd12c705950c46e679c34bf6,1305175028.4070177
fa2c1092f17ce021964f8953,871716762.5392733
e3202b635974f7a3367c0ff9,1111519312.34644
49bdf0f970af03d83a57dcff,1042849354.2998936
91af29fa680d8033188ffc39,1051038956.9061188
cb626b981c0997d254388e76,495649656.0525325
155a8e4186d1626fdda4d0ee,1086892590.301091
d337476c2cfa780518523a6b,678074100.4036975
7c3ea8523ece273991a190da,785945936.3547869
674c02227165e1c7189c54e4,1287662789.0632074
17056748001fd65cb961b384,1203702646.9040403
f56bca5bebfc765162c8cae0,1209667206.6117682
5f4b0ec9c7452b888b33c3e8,948979576.7730346
13dbc077e552640736267a49,413387814.41322476
cb645955c851790e83e696a7,994770793.0053805
649cca8c83352caf7442f20a,740180850.1024977
fc8836e71725949c5f3fa7f7,1376260084.3820171
4f431d80287051ca323f2c08,605815195.9549376
42defcc69fa22e4c858f3c24,1117385664.226294
291a2f9022933c9d81311e81,1130575253.3659682
d48a061a2040d851937413aa,1183480946.6688867
55d2ad80322427ee3426dceb,1139367061.7182648
8c41bfacbc1a6ab831b26fa8,1058315419.2239976
c7214222fefdd8d2ad7f8f8f,824590580.919042
b3d9a095c9c73004643c9e78,1182149406.3150842
d49aeae19e13909e75dda2b6,1099339903.1299882
dd10dcc52d2549df85f2a8ec,729095883.8693922
6732b448d2e4f32679f235ad,989321083.4358423
f08a5c2992cfee4c0910f68c,1122465481.453292
e3a62f080c25f404ca995e06,1134212917.6268735
7634d584c3042533942e2dc0,835812351.3875413
ae58dee872922a9c678dbfcc,1173784146.1711645
5ec01e911785dbd5b49b166c,594945803.9577472
9bc12d9c9ad95064412c3413,761105386.9251969
7acdaa0cee1ee62e15f4490b,730321363.6630738
d76d5b14d0acc5295b8057e2,747136185.2275393
32f3364ac1fabdd13db1cfe5,275281984.9274151
8cab957b322f1aba06bae4ad,570017164.8233609
e3dc8b417819e9afe3fc7d0d,566804926.4526148
c71fbecd8f7310c201adbf40,810972871.4507167
54c9bffcdc46819f67e4b3d1,730363607.9022398
4d94a2295f612b96264a0db8,660548093.6618494
874f4a836cb74be301e068cd,1010052792.7485185
a18925f908acda4171bfbe36,1040868232.2249446
a587c7419568288d68c46feb,952195280.2375267
19994da77ce4f2db3efe6660,644889098.174693
9c4dece6127f1f3f3bc1e0f7,641494565.2791166
09c28a830f8093802384071c,731425666.2805153
5766f7cfab59c920081e3046,641494565.2791166
964b7d9de17c1ce396fb83fd,564291808.1635427
44f77a86369d6607753adc09,704686916.9454173
7f25471be85adf0baeb8ebbc,630877466.0451987
6859481703fb0cb34c1e564d,463189439.6456108
7ba0c14dce0cb09ef5735d9f,717171066.8940918
62cd6a29e98a5b7a5ad38050,741937549.8121326
9c6d7e6260e4fe83d43706d4,666590716.8206834
5dbcb55dbba823dc31b041f6,1036143551.2032151
85abc5c0353c5b678f087824,688578506.2149843
56dd1bc39664f8e9f316851b,782005288.4114588
b23341faa7307d9d6009c6d8,697023116.2610372
2af941adae2e8dfd66542055,577570851.1879323
268f887f25d416dcd3c0c9c2,917208122.415953
9ddc7272fe43f07035d3da63,1406591126.673349
4002635ca8b087877ad22d5b,1177280897.4850516
b515b1caa608ff42574e5a06,620966693.6542464
710542343cece039a279dbee,984712891.9043919
187a143dbd6d4bd81d6d9c32,593355065.8657368
26db92c003c8e67d92d88aaf,1048381322.418945
641ac8f4f60ae2b9cf6add93,629289582.0623504
784714647351cb6745c867b1,984712891.9043919
5fcf1e2ab4edf13ec844decf,686741536.3398583
2575d932e98c421bbb38b267,1142189878.2077436
af9d2f5f62bf74a7fa9c74f4,1046148913.5026073
4db8d529af9f718e6d81a85d,496307254.9538179
9a3368605e5f563e29182f3b,1048094720.7726057
5ff696d8369101b6dc60e2ed,648617247.0054278
95ade3ab8dc04237acd6441a,393466550.49865735
607ed21e896eb5ffb50d5ead,543201035.7921615
40d9a852bbed67a6036c6d8b,606832601.3197801
97badba651a94721af5df3f0,795558772.5140648
b2f089146c30929c4836f0fb,663828531.9448779
936307e2f478c3ff7b9652e3,695935537.9332075
b6d5cb459999de084965e993,1033919138.7315526
aeb66f808982c6308d891f55,1011747995.1580638
cf8418c60f4e54dfa09b1e6e,1009042261.8258982
1dcf71e8fbfef2c6534576df,808611265.4216056
c78b16f05ef58855da0d4f2f,586531905.9903533
19ecf1fc86396ada203c2a19,854837470.5236831
985fc7ab5aabf1831ce3d298,743072178.8552082
8aaeae6bcfcee5ad928ce28d,730381189.2547811
1a93cae134c79a43b13ce656,1112568338.3287175
ffad647e8ee35eaea6378fb6,855135601.6467865
c21a3eaa136ef8a912ce7b74,1064125445.8606644
fabe0f299a4e4bc6f51d54b9,663368049.4537878
5af99278b1091dca9b0b0332,740869272.5805925
3f0c845deec1c24472a35efd,1315969515.7952747
c10f25fd39dd36287a6cde73,1377466262.663118
f37d31c512866b575780c4b7,1346282121.822394
5d34f871e5a5cb3a655a0b13,606398769.524438
95bb852a958d7b16fd676e3c,990353604.7423248
24857a7a80d5f13a52eeb054,687328257.2590514
f9796e9d13fe1becef435e54,1037022090.8441991
1c2739878e452a340a4e8972,1301461751.131046
698f3f1929a2dbbc69865b65,759267292.0878679
bc230105784ca8640e499ca2,886525429.9509685
622fdba953206a65224f2c82,608148705.7379603
6765fc17d98c08142d3d7757,716810309.452481
6f35fcba4ffd6a58bce85892,576607149.1240097
d8654c08e95b39e3b4891cd9,800268760.7045901
33305df46dc2186c7e3f727e,1208565620.2302227
0cec193a20d720af010383b1,1039714030.4476812
734efe04fa6b326ae1d072e8,485196947.6682677
69190139558b2ef3eface18d,610067072.9529169
bb084299ad23f245d7cc5b69,596178758.2419928
d4c7b3372d70b898b167b92a,852926891.3838813
4a119b1bbf04b4bd6051c5b1,995697776.0086493
f844345b6224bc76bc3c6f91,386456112.48693204
052505ca8210e5e651fc0b63,803071986.2726068
5731cdf8cac0b8371d786c90,1057807225.5408027
594d8d78af90086bf8cdf09c,854286641.7412108
fcaddcc78938f3a234dd2d3f,508756832.5433459
1574958978c9b5d23d9521b5,695539154.358443
55902baa0ece72e2e8c869d6,1121079423.1930802
46161effff173111bb6c3a32,1036030704.9506271
b3fcd9cbfd485e4e1da6c89c,873835659.4891338
213ddc1761cd6b018349786a,986484892.3536968
be3b1df5f008636e14bec3fe,1118069060.1258812
dd27922be5b6f730f8b4e058,256495123.1702994
cd2aeb1b2649ef421102def7,791565624.1791086
a226b4af016a772dc7e39ac8,602548806.6003149
dcef5b332fd31d0ed8d754f3,674337742.7659689
481492907baba4574d4a6f35,1110468266.7328587
10e5e54ab66b58b3f41ec381,1084262866.5544486
d48866a153ea0fd23a858cd6,593870197.9103283
d273a2075d28e343a657d9de,1123665037.5311427
90a711f776d53cf654614649,1067544629.6281843
f87c76eb5071c5b309e3ac3a,451931529.21240985
74df03749e60c216a3e1292f,378025557.35026866
03a84af05df0f577e09d60c1,603804701.3844479
78682041182f01ee4db04e8e,1303909237.9717126
25c76b5a1da0c2d8158b3732,764308651.166779
af8f09175265e1546200ff86,555345327.8854542
c8d4ffb290aa9cea002e8d67,380169998.3065975
cb89ad8156c3428ac80a4db3,566495844.0463601
7602cb1e6fef087d8ee81aac,981027857.2398112
00c75d59ed4777481a50cbd3,817793199.3869406
fd36cffb856c2a14982a5fa9,635483673.1177626
06ccfa37fa6b011ac38422de,569156576.9579957
257b533b6a66b40d0f097c55,669072024.2602289
736eef4bb36681acbcc3c41b,572164330.2558477
e1a4437b17f7bec650d8cd97,1065409817.973848
ecabfcb8ce9bb47ec3089c7e,1065409817.973848
a5a46af0c9fb5c0a03855660,658058605.187207
920b50f4355cd2674ceee068,770097680.8325363
410e5af026805ec8088f2e71,768582312.9880371
efa0c01632d13ab59f629ab1,576150697.6414262
5965d19a68a8414b0419bc68,696658664.1022291
64955a117f2d9264eb59fa82,926462490.2729228
8cd46b5c9cbd056d3712f155,759267292.0878679
65f736c3fee3d14c31a57d1f,712392196.0687549
66e9c614882d58c022de7a2c,1057807225.5408027
8c787c1e6161b18601e6d7de,659071068.4547042
29a115ba5b198689fce5f93b,442938543.6698383
de8ee990e70c8e5ad167dc89,973811154.7955574
0b65098a19c2fc1caa6577ed,1110468266.7328587
70ea0403b722a1dae1ff9b18,852926891.3838813
5c77e242474e477513b60ad8,620530301.4855912
1655a92b20740a11a5889519,627989160.1277647
1709b1446b20b21482dd2d36,864465586.9335679
e5dba7fa0cfb81488b0c331e,537775031.5737469
d09dc3a3270073e5f1cb353c,995697776.0086493
368e740cb71b9175fe5b7b6a,1208565620.2302227
b8a8ad4c0215077d3e5aa472,958482229.6190257
1f4a78e094987ce29f054fb8,733335349.5731575
aae3a99ac764b8e9bfc562cf,1015803409.1438041
a63ecc5539e8725af4128cb5,1057331154.2399437
a29e18f37ded2e901181d7d2,834168961.0791053
14ead7469d05e5eacce6a575,895836104.5243728
1cbf39c44f6b0fdbf9554845,876394531.4409804
9012294b64280c565a88a1d8,913679682.3718842
dc0e9ce44b9932c6e48a9390,853047007.6916186
a4f272acb4b3b4f5fc72e99d,986820036.0538993
b0a7295da89516be1c44512e,1120346670.9358654
b638b937d4f62949b9eb9fce,661970900.5324756
cadd4a6e1075b57f7b74c63e,1014520142.8944559
a88f4eeeeac5ccd1ba9b8a4e,1034183006.1197686
29616bf14b5f1cd42786a91d,963777409.4708558
f03f97ca55e9a43928c18237,700324774.6458269
5fb9bd3aee2e1320dcbea448,509164876.51105857
34bcfc2f0cefad790922879e,792218019.2465384
8c9849cf3d20991e5126420b,957201074.9500077
ca7b9296080c9fc9fb232782,1164982297.7536945
63a5989d0dad994a6af7734c,677364763.6397567
7d25023ecf668945c87e0666,968051376.9019195
fde3d4a4a819b1fa40530238,918522375.0300125
e3338ac993873aca45755dc8,937836561.7049294
bfeab1b12dd82efa96efac31,613627202.0383037
2d564574f0191164ff1d068b,502597246.67662627
5529d858e9c9e3e92ce8a95a,645063919.1392032
2755af908b841e9024718b3d,524887206.58409476
623df36ea9610ed5c58dbd8b,639215977.6931567
77924a3c7880310a4822e5a7,503850925.4163972
24fd0b7f75feda5db89a4127,522323152.833004
c2b9a3b2747f32d26c8219fe,648652116.5084049
3c3c7861a9727bedf5e3cb29,867957679.7837095
822ba8fd3c7392bda84461a4,774078455.6041721
4625168852b335b223a05bb3,942230811.0074558
b732ff1637ec53286e890865,716936068.3071885
706bddaf0b87e4f076247450,959292250.9592247
917218fe1425d2c222da1ed3,661230639.4286917
7ac0428c4b7197ca14f3b86a,618313622.5442779
e828e83be8651bc2e07641e2,685734697.7266595
4d069f925100b6cad0b657b8,529756196.05896384
a50640d13126880a423521e8,977223969.0412637
45e92799de1a5334c3d2d72f,352835590.0868439
93ca9e75cbeaceee69b4f0e4,763165298.3866857
8fc4070ce12262679c381515,744552582.2467537
63182bbbd5f94cea67de2d8b,843898841.0720835
6e163c3a0e30e7bf1e909661,683887597.8099854
3cd016f68705e73b819cf74b,731664481.5198992
3da41d55a2b9f78c2b10c75d,698796320.7684801
0eb8f10c9d5ded1b09f60baf,726760781.5397661
330c37fb5065311564fd35a2,701652920.3294563
b849cef46f19e13d3fc9d5c5,721974245.8451284
7bc034984b19479f29886cc9,727832614.801208
5cae4522fa829a1614739b64,1009544604.4305004
bf6bd06201e60a4c98c8623d,737015112.8480926
549ebb2f616d50ca778e92cb,1158861082.2374616
448ad6cf4b43298a39c7b5e6,563993397.6322823
e9a37a1a4150461126dbb6e9,836563179.5863975
1d4c50978603ef41377af057,577967954.1181461
bb71a24bc5ea4051d84ecacd,1047607952.2801373
286ab2411118455780314355,730273485.8242203
045108344bf09b01b597e7ce,727590950.8731489
d714e15ab5c2d5a2503bffcb,964465189.4741446
60823c81f0b98e8a57192a9b,724859022.6481864
dfa988a524343181a0d3ead5,732730692.4153057
fe8bcbd17b16ad023a202843,1010584553.057246
69fe76202cd89637a15de1d4,825010913.8068659
e7cf67cbc08fa04be9f0a3d4,617481782.2907723
670583e7a2ec6e337429fbf9,1024153350.5011952
796935018bf2b241646a2dae,748664329.7049421
5f5856dd16c0e5131835e650,702250113.6222119
ea2e380226005bb55c724ce1,1073988721.901274
f40defb11ff73ba4e3db7611,1133733834.0190544
a4b2dd2771f49951c027eef2,1083985714.369716
a949ede7227c8f8587715029,816543272.9165108
83f402857435d4fadb27fa36,775593324.8632281
36ab522893b5f01caea4cd0d,797444793.6301532
8e4875b7ecd0898571f0b1ae,651846870.4843436
7ef3f8bfd0368696369ac957,684455154.1312616
73ec13a5687c542137eb9a41,593433462.4927106
6334eb4a37d102ee00c6e2a1,604918560.9971488
fab91f0b03598c943fa425dd,928555279.6105467
c57c3c7edd591e16c0b7c1f6,951742271.8796465
03aea1b6ff072f117ec733af,717115467.178636
91b57e8d6c41b7afe949bcba,534676037.45998627
ebbc5fdad817b304af3585c4,507928604.6761917
0232a50c9afca03cbf4277c8,849101693.685971
05b12b1916e51a804419c654,654953326.5498314
95c9cee9b36fd1d68f647aa5,911157224.3295711
3d31144a77cb51647f3deb02,985878282.6730642
ea87e3259c2b0d6263d39a2f,676744008.8018789
61f634438de4a10a861f42c0,947597403.3576926
c3ca43d0474dea2f2dfb9791,517355871.2894813
a13a3638569b89ddf1260470,574199364.3836597
124959d1429de095473bf5a0,1003787597.3693234
4d85bbc09ae56cd85a8f87c6,919404662.3070596
2c13f29a8b9ac9b464e3a582,574208017.0473994
70215712bdd8ae7585520550,485799645.2318331
3352469ca509e8ca652fad1a,713319677.6942015
893caa7433c200e0d43e9f27,1046639277.5263176
767cb14f03c909c595c2a731,677784606.8515067
11433baf7716402e8c58bd33,1000060644.7612128
e07ca567b0678126a1aec803,708317652.3359708
b2286067a73bc0049328b55b,629727307.8348587
c85d56080167254c7bc19303,953299665.7175418
5b9ef8d6defdaf13dccc5ae9,523025181.48506576
f7972b1936c6d9e95d3f632b,518018760.6039269
defd03ae7d0c0a44baf80abd,799026106.1205537
6fffb7958a58a73b0e16f2b2,1019726761.3462403
5d86a1db39e324770ae58efa,372456582.18415934
c56163e390d9e5a7a76e77be,652036853.9243104
fd5ba2795eb7b5fe338d6b4e,913660935.1593874
24d6d85cd0e2dc3deb2db896,969096828.9610665
feea3a2bd9f643219de51c46,568134646.0376841
055d7c66464d7e327711b497,1039204109.2290845
046aaa4162cd410e92b216d0,613202652.0490246
b6bf2760cfa26cb28fc989fa,705104131.8612962
3a6262eed8967d695182e435,648284278.1098064
cf3665f24927de548639ee4d,661653556.5158527
4c243fc50d5511a1288bdc0f,683830215.591082
d753227b5c685e93b378baea,672437683.6283915
149e49c22fa0eb163a36c932,1034236225.2660868
8baa01b8c6d29c82a6108cb8,636451508.9943113
2d437a09b860d9d46644ea23,377305215.41625106
66bd80fd26836fd426be5733,533122658.2252749
a30e69524af9c1bddbc5de34,648613928.2513653
fcc96840d952d32a7300366c,605232869.3036346
659bccaa707b94f303610225,637587523.6311193
df1c66d8dfb9520c6818a32b,606123846.9623541
dd1dacc0c90022e5b40849bf,583832694.400521
1a06bfdfaa9d9ac754ad07bb,525513658.03386986
a0ecc8ce0592a40959bd755f,653473375.4251541
739c2b9be0941e4c126d2f3a,1022586474.9778247
d723eb2516802250027312b4,812321002.8770623
04cc75f46642efb1192f1875,621749167.6359923
9f37bcaa95fb0044aeef6075,616511679.4802192
7be8abb5d23794ac47ceda32,538923621.87732
c06c737cc0cef7fafa3fc4c5,604523142.5843062
48e71c45f41778f8dca24cf5,642955642.969295
b41f7c1cb9cfbd188f8e0233,1052784133.5152638
32ce96d8adc8e549b90b4a8b,1102053773.5498605
c6bb4ca5a0c839d38dd8ce19,1145787477.9748077
1d91edf33a141fa2181abc4b,731002982.0977793
aba4e24dcc6998e5020731c8,1102053773.5498605
00af33cff3ff7c6927306df4,558685091.544183
6d2328def08bae481705e20c,736881013.1288078
7815163b8e4a54843d121dc1,782653395.8367915
c9f92088dbdc0d81412968dd,806935973.0286
8e1bd01ce4b7910d42f59be4,752385374.2917793
5fd89a857727753eae6632f3,648180874.3815076
332e395d4ce62523a2e3208e,356359901.99954313
4fc89ee51cb0e1b9d6459819,946819238.5248586
2571fe181b6ab939eac19d2d,755642025.0774604
af98a0e223a825cbab78ae49,618835390.8854566
ae187fea3c46c3fbee7e6e8f,838752093.6822497
c681519ec1ee1a28f6a3607b,1020930511.3657668
bebcca3e75e747b5a01f5485,838575566.7559694
0842a0730545c623043b1d8e,1085999154.8499255
973afa2d67c20297aa108bda,578560346.7462585
64a9f0bf04f1c890cc6e31eb,891518803.8778089
9e92b27f554068b7dfb640cd,618170215.2976828
57b7aff18c444fa3c577b079,622209347.184892
6b23f191d2ccbebf9166926c,773712712.8213397
b80c961aeb98d24d968c71d3,1134314127.6117299
064c1cd5e94efdf8c7262fec,709179720.886863
723078b6cbdf02c88286c596,1109973478.166629
e239ff5eaaebb287beaf76fa,1030390540.72108
b3b30d8b869eaad2382c5447,1182776302.2675908
3f295e6c14e23cff1468bf82,912719072.5789027
be78bb0e06d5768ac1908247,533054445.4610437
4daf52564456895ca7f4429c,551664404.0716981
c832701653f1e7f01913660f,989528954.0775537
82433a009defc21498037127,823622489.482963
b53d3d578b1d7d9e00c8a00d,742683892.2175452
36fab4c38cdd91de650e6abd,1048688039.4302921
bed932e11a599f7cd4bfa31a,886519156.567634
1d9addd835c9fe8665e01500,785259995.6504241
d8216aa4e029c0d3d646efbc,915918682.9164228
c1b0ddd3c104ec4482d5025b,615988792.4258126
bd0f754b0fd9b7af284419b2,1119952806.506115
01e907d7672006fa2bba8b0f,835334443.8449482
7ad046b20064565644ebfaca,625338795.3261428
1ac2b23683ba89e9175d1b99,672264246.2600996
ab4c55e78eb83d80c153f50e,598253267.5090653
2ad54bda875fcf8c6b675bf5,629560396.136221
07e76c765d1137cdd7c2ff53,568087701.2599722
5531b9663c5a37a2bdd97e9a,1094911398.5165899
c740655aea4eab7066446c42,626392883.1350018
3b6c37e7e6ff1c03ee4fe995,1121677741.6720777
1b5d3ddc71634099fa1f04a8,831861838.7464559
1ad916edbe6fd38f40289a04,542019861.2317216
a1368aa4d3ae850bbfd90bca,1256828175.6269388
0f728f676325ece6a001b4d5,567915016.5319514
0f98c4e431100aa87e6fa6af,743682811.4914715
91a08474a18644c43224c62b,586176799.7862597
185dd9366a6dd1e820880917,675435283.439329
e364018f4d994cd15d4af374,1032769061.9911044
77348acef84ef77f6a076268,848984242.2748438
7f8f506137780f4cf12e73b6,744406557.7098583
809082a38e6fc3faa66845b9,947607154.2648221
2072a783a44474cd0dd10d7d,1027259030.3150853
b71905255273cbb0af1290a9,658509219.7480139
c7d5f021595b58c507f47d3b,1097813498.2730002
65ba1feafecd7efdcf214ed2,1095603398.972818
72eb64cd02ad2a54b65083eb,1178025489.170828
35d79b2ac92083bc439124ac,663581013.4744434
2f7d36523df4a5eee3edbe05,1004151974.2988873
b0d20a04106ebb87e2cdea37,983427168.8402905
43650eb8b70dfa256ca64979,686230247.350726
311fa1bf3c405f9bed13b38a,608879011.3344016
d12dc721a59af021e8ac68e5,608879011.3344016
36f9a0ea831710344f468bba,608879011.3344016
1eacbf36422a54f1327fa291,608879011.3344016
9567966987eb1d3117677cc5,536170007.6480832
e5bc85e227ed7dabfccbd005,608879011.3344016
d1f39f86c82916524273bada,554181149.2516847
deeb837c2c6bcbd01930431d,717852726.2334238
57aa22792684debb8d4079dc,740341215.0565104
5b0530f544da162b9a8ff772,631523816.9957969
b7d66c5f1ad06dfcae5b33ff,657892210.0690078
bc353a421fc579770e432176,608449564.9541918
45ae1e929b0fc88718151191,536781537.1946741
b04449c499843cf46ccb695e,884750450.7791264
e4d89c9d33a0f2659df21185,632766943.8509334
b2a7a8ccbbec39b63e4cd028,549854379.272895
3be69554b1cb31ed5732a836,634921050.6849439
de7f584df6103e8bf95f4a37,578612388.9078226
0f4de499e5bd2c57fcc75013,597549278.4815611
b4fd0aa09f993bbfb1fa8abf,638995497.1953145
88a83e58eaf136a82ab1fe37,616804645.1586143
379429ee3675d1adbf816cc5,642622155.1667165
c6084b85c8d95e0ededc25d1,1088460593.0856872
8eae4346936f8c6c67be81ba,528009548.443507
a13fc9e9b4e47340a5d53bcb,971032117.5613399
7b8a4d701066372dfbdffbec,655597367.0912656
a62a6094ffed3ea7a54fee73,745589087.0536098
bf0ad098fbccd3548d834ff1,638995497.1953145
0a231779f131c36d8e6910f4,683313458.8373832
51ba7338f5900d8ef12206fe,921654306.2730916
81b14dbf863114fdddb38579,627030625.4808944
adaa406ec9ac311e9f9c0bbe,1105775799.6406674
4cb11f32806c0e07b4251984,498733392.5938574
3fee486268a1451a7b9fff7c,683128162.8462276
5666f3c36f0ce4eab2c39299,704074729.6986021
8a8dff62516671aee2250cb0,1040707550.9119542
ee4fc6a146e888e993a4412a,1064989653.6313977
5a16b30f4d580352710e92f1,1018617402.9949307
424bb491c71e913e900db76f,818668238.0249326
100bdfc998bbde3d00548bdb,1115894614.3618813
d793efed9a723e77ca8272f8,1143146941.658952
725c029b7c5807a4b0ba2bc9,789667390.0309647
b6d3345346f43dba053ceccc,1000939078.1769631
888bc3c4ceaa108e048ad28d,1145969544.9712026
267e000c89d3416e551462c2,1018893097.9281542
0ab4a4b8adda35f634812221,1048309059.2153277
823ed628bddea9b56792d108,672034958.1994745
a189bd7e4eecdd18ebc7d353,1130556604.151731
da16828139a19aa11bd94ffe,985037988.2299209
874102a58234cc7888902d42,756428342.9048116
789e5d19fa507823cc4c5296,708811242.0929561
174bcb77be3b7e408e61d7e1,988777573.011396
31a1492e589f317a58a79df7,685568477.4528255
0825f2ca4baf5b34231ecfd2,1104558517.7162926
ebc96ea800887a647422b8fe,1101651199.788457
969b956eb7769b6f509d3ee6,995897170.37269
6ef9135481d8fc882a1a735f,843498675.164118
5f501c4532ade3f412359a1c,707844271.7653978
c6d075772255b1efa52317ac,1081871931.9922771
535bdffc5b79d62aa6179c48,1161881000.9200392
e95653d504208e8da19fdd03,985037988.2299209
e4e529e778dbc89f854252f1,725822714.2038152
ec5866fcdb9afffad2d7f5c6,1126542292.2292428
814694a725a50c306d774342,1054036288.7040706
1cd6531d8539468cd5f4b315,1086631096.1690357
0c3e734afaa6b7c370754082,1018617402.9949307
f80eace37237614562f942aa,714169217.8286399
3aee70815bcf6effcf0e5fdf,789667390.0309647
ea21ddfa37d60737492509cf,670185129.254603
67c78ce1b8a64f36ddf90cf6,1037708013.3086014
fd2efcb61008dc9d11756381,1321432483.9832273
f51658b9fea670bd943d6db7,897471613.9644516
b83b0a53ead29faf9dffc0fe,1152737199.340199
c1329245f57c5d9019105382,926535618.3538694
98665b825fb3a06b914d39cf,1204199712.215045
24e90a7d9a2bd0c30a4f661e,778940170.8828142
6e64677f8d730e1f9ca240d2,812104981.364877
a742819d8e4cf8fdfda6e094,1168851970.6210706
ed75d1c40109eeb51fd636f1,806463790.6809027
cfc2ab56604b4e3734d7cbbe,862149937.1454816
ed5622c308bfd10602e939ca,1032229016.6619371
5f537d233678443192d22642,1156005766.9396715
aaa79ce67339dc53b4f41dd2,1135819582.9275475
5f467c6c80023b0174823d85,856007238.472317
46fcc0d53b263beae95b8eb9,1163598290.3769546
2bd47c19e5d29a3157fb8465,1306743979.9552064
9c9c2f05352c92c02d080e96,1296677527.6719503
cf8fb8db6f74c236cad0cfcd,1331906001.5539389
f42a53a05dc90e617e0e4c38,343210014.14963835
bd612d494e2f21051556ebe7,1034841576.5428674
ed1c8ac25a3db5120c92525f,542799203.7904052
2c30c2736472590fe45277c3,728653183.310846
bbe2c06e6f90c4234a7781ab,773064484.8292452
b527813993b7bf4a10c05683,739289896.586777
2f610d2242d583654337d468,1388186592.1630177
dc25c9240c67effcf655b02d,693183997.8397782
c35f5ef73168d03cba1b1f4f,491444049.5265795
e88009be52bf5803ba3665d3,691123167.0174075
12a63d4fcb56c1d690e1bbb1,930181972.5556693
1d58ad85a82f7731e0f198dc,1304550716.2905822
a2fdc7da13d098cfeba13b76,575374824.721503
1969ba34b72e61337246cb5b,376475577.3683884
8be43cd8653accbb8fe8a270,838168449.7838573
10092cf2f8afb3658ae475ac,651437361.2072784
0fd313e5a0f02df07eb6b104,356628593.4257131
9b5f013e795f5fa610d03238,672316362.0215571
b1ec4b8badc955f9f4fe2131,607565916.6634387
e491adef93281c097ab08dea,544075565.6783265
9a65fe451b30c59beb3d62ef,956537090.2030668
0d3245463127143a8a52014b,1112986833.1629796
a0e3198470f97f6a169044b3,1037130081.4885417
33e4901b6e72593513a02207,594806313.9905162
f45234a3f0aceb12341be024,791526838.4063542
a71d53ec4fd0d64f8c06da2c,992418647.3552895
f1b30c4ea99f19a81d12f73b,1379878619.225319
a52e2c893f85b49e2499cbab,897652411.189233
b2fd7ee866066f3ae0dfb3c0,973748359.1113703
5acc9d767e3117bed0fd8464,857344311.9096923
0449a82dd1667c8c564904f8,849846345.465996
a0a8d63b5f43b87c0c7e1fb1,924786250.9575624
03de77e22e987fc3fed4eb78,754379938.6799217
3fed1dd17fcfbd2b86e73143,531373481.05887574
04fe204d03bd1c9876242ccd,1157212952.4049628
32bdf33933c29b1cbf89539c,686161431.2271981
3f6c05c97778fbdc86304bf4,1087402967.2850478
478e13e8c1cb5bc80f1080e0,758503478.8141482
3128a4896665d38feb72b456,851822536.2524285
fba6203abad5f4b3b721f29e,580268293.000934
b25f461b3d48d833a73316a9,1136875672.8120363
1282e129e1a355b161621dd8,820024923.7456799
293320b55fad21ea3f4a5899,274291192.75390494
de2f5db1cd1024a9734871c3,408716753.28102654
200897b1f8bcd7c116a85306,359552484.5937112
7023f5a68e1ce9cfd23fd021,426802068.21968406
13faa4142e9d60412abb4184,358775602.43442863
d74d0241fe5222f5c5b67222,930379040.0028845
0e51111c47813a0b0dd51b64,700805473.7934617
25e3793214088669aaaa4ca5,1047629286.0199294
43d7b77a99e86e8bd21a19ff,1064843527.0417674
38b87cf007043b76670207d8,1293124955.9217863
8fedbf13ebb7cd3475fa3074,1274753567.3887095
4be510fa977b93e34a789f26,643169865.1261083
8f165174bc07c28f9fddeee3,1219182779.3147545
7ff6f389e364e67c4238df8a,577522798.2572023
2c91099736f3158f7f09778f,500392641.5290581
7bb1bc81e6eb3b4390440165,720016211.2675575
74e43ea3081841278c76cda6,609651958.3116446
9b948f070b94c18e00a857a7,602146049.3599004
99340b6cf8f818392d501e9e,1238676595.4167535
b27088c3ccd93e7d8d5571c2,867709286.5362036
4b45cba0d601f29c2b7db97a,703949554.179301
362212de783981c9ddb767bb,481026699.3081602
5aa78a2bc8ec5e2be315fbcc,1237238097.5067444
92fecc04105a999a622ba3cd,623449541.1819775
5098115b26f2473c812b70ed,822569745.5711112
e9860f6b4c3e6699e62f6c31,685464245.4225543
71273ae563da6bbc66aa87af,554558969.4045109
6c6e7af42a6ddf62b04c35fe,557426729.7100569
484922bbe02cb218ced0e779,504098248.4961958
76745c2648b66151008f6399,728763779.3231025
2100201e0851e80488371b67,452867696.96473575
5885faa4aac834118c5e4351,1071652765.5944405
f340405bd7f2c4bf524c50d9,1120038738.2139156
1951c1c8855fed5db8031e5c,1064719006.903239
7dd96ddad0fa88f5c5978e39,1038820040.2416714
db7535339826028d0fb3355a,540947017.9304116
4317746d5b88142780e6897c,1126136532.5813284
5796e37eb1a995db5cc06eea,525738034.49109775
817915cc3582112fb5541a49,1167184266.821362
ba524c4e2f13109ce814ea38,1031764501.0953971
c2439ab65fe194d1d60eaa07,1219621907.0241714
92e4dcc5911b42e7f70311d7,719387111.8755931
6bf86a580c8b510b7447071a,992587058.6918317
975482a692bb98df98b2f243,561091314.8557639
336888717766096b24215b26,1057833072.513554
ad79f4fa23a28cc84487517a,1145112953.7614112
d925c1d4dcb68990c7204b33,1161030835.9698632
f4658aee77fa0e35a71da7f1,726157642.3717822
210d58091ea74bb902915250,710976205.3037812
186d4731b3af01bbe4d08b23,737360812.0803308
b760fde2d4df27a168ce0e80,1153931989.0002723
2e653d2567a47067df169d97,1066314867.627981
8b63358f3cdf8df0eb1f43e2,1007131940.5988085
c09d691e4c7d7b8c8f6a8370,1180559474.1944427
4502e2809bb5bd47b2781212,1026322979.7109295
d03101c7f823dd7d17e49a83,943403789.6548445
f5dbd7dcf63b08f711561e58,1061062088.3895955
9855712ed7be7e865656de13,731646732.6716983
5a6397b85f45fba27dd9311f,873078580.148967
4d1b0315b5aaf21bac150d96,1061570378.3352184
32c7a2d032ee21f8bbc6eccf,911757608.5956826
beae197df95b84881128790d,1046945229.7762918
0cf7a6d43221664a060ef681,683942689.7743561
c431fd6dbad57351a497fae8,585349270.4881712
b1f8fdc8e3e25517ab80c065,587306839.6912521
7b346d5a5f5ec7165d1f8644,583055871.7935714
947ba86487536d611f548142,1381736604.3881369
8398ba3b03595704b5897704,551922605.8627516
3f895518a7fccca44e534578,544075565.6783265
232e859fc353dbff75c97cf8,791526838.4063542
b234ef225690d57e7c2af4c0,1037130081.4885417
393e2e7ea1f20eb6b4148d60,689324120.9820894
668db5244c4d5b5c76b0b395,918314032.8702854
646de9441934226c2ffeff77,857344311.9096923
de53880a3299626eb6c2cdf9,1379878619.225319
07f10df13b244dc33b464582,742082148.7882303
e4aa393309860fd5e30f49d9,1407883378.887767
8c714badfcdef8ccc73df9cb,1433787470.2888637
0f8ded86be8d3543a5069b6f,1013613921.0667256
3e9d73530ff24d3f4a543091,902990918.4438953
076ceb408227ab2563a663d0,487043009.0791621
e0ae474a5307ef4057da4994,446170291.8824767
d41fc79d800458b1691bbb87,1139863355.862228
dc8262e1493ed593103acfa6,704255327.2124403
bd6c24498bf413b6c5adf81a,642041274.3126997
885c77c839d705ca7d04d383,796248362.1771897
b8896656cf6f5dd7c33ae46c,674595017.6722906
34a9e3ca94ac06347d879942,1043819760.0032051
ca3b5cd3505049f1471c47e8,671474553.9265956
8c05c66be6008af7f6dcc10b,1167902536.6600506
565fb93190cd34ac8b01f01b,1167902536.6600506
6c8119e00b901efd2dd40f0b,1069339023.7480166
34c92caf68dd0cec9fc383ef,1233562601.3110454
68939c438c34e79a317a4f3b,1180266098.086615
dfaba547699e319462abfd6d,763666168.9227449
dd1d2e305d37d9dde55393b0,1111870680.5160818
c32df77def9978a84f8ba7f1,895515524.4248123
62103a85a8ddcfbf5e40e284,1110873383.0014849
93bcdd2a8ee1d5b61d00d58a,916102211.9616218
9700892d7133ff2c0d1763e7,1210768792.993314
fca6d7455056792cd61e2ddf,428305578.0574659
4e84c5953b493be7ca96103a,667843614.554041
42fc4101da60fdb41f41f0a4,1173750346.4678612
12d40725335f83e2fb9b937a,653874318.8252492
2b9681901b216f2174af0089,716032538.9761809
9ab74e81283becc00a779172,468885444.64698166
8f378dc1215f9213f187c02c,578821414.2309788
4a3a6698b5490216e8f8e6f5,1527854362.803967
0dd795526c080e8efdf8eb0e,856018285.0464679
3e7217f628a1d0fc9bc47071,1088333906.8178391
157195fb2358bf2d5051c439,705759609.261685
37063e689732880621e4e733,1239479805.69094
3bc68bc2d6a2b81f9e3b9a50,1134255336.7271533
ce21f368495d385fbd98de73,587967676.2477342
1a6af7fd6a5b0602052c4c27,728643415.47921
e38259adbfd953bf085a69b6,666519481.6202611
0cb6801c9b57e874102ca349,689486089.3033584
79f1a5bc0be914956d632658,735352052.6611638
f571f85be35a72b2ac358d27,872824949.2129482
163bec92a997aa8263f5a909,905190135.9926667
9ce3000cd80aeec2c5188e8e,518686304.1749759
6a6178c4cae2e92a08b0dd0d,689506496.7383627
d52cd6eee468311666218625,825479365.0233792
8eccd2a6352c33d8c7abcea7,1077934168.350665
53d3e32b1dc782308e352a33,1189715449.7897909
be26f0523e5cb13846539384,739323272.6784406
ad7739088e8febc68abb42e5,1011452811.979284
add4f9dd26fa34829aa25eaf,935266107.6021814
17005d6ec889a947397ab980,324259293.05398977
3fb3a581a9a74146dcf9b71f,625705175.0966868
51c4a8b438bb0d97f712af31,660615447.1169617
0aa1332c56bf357f492da2c0,356315403.934212
6cc06c89c226a062fc46795a,371593595.2160685
682b38de3539b2a584446922,407109107.1537822
1cfe9cba4c2015e7b58f05a0,679034188.102723
17d34f9cb105ca5010191142,1022810116.5328748
1fc0faf46f3b533f2cae2c06,1111708940.1577322
12f9e1f78c630defe302f781,882700373.5605816
87bd6ee6f17d2bd5b61b0ddf,1167942083.3933833
fd4ce3ddaf79d1b97043ce0b,1301377657.1011033
97aacb0847561f45a5540f21,705603675.9308544
a6dac56445613d70e49647e5,884806279.3573265
8b1acd29eb268fd684036180,650438864.291711
656c13ca7a1974df58e1b826,1331906001.5539389
56f72c2d672b7bc3c264f7fd,870137554.0275989
3771c66b9ecd6db0b201d4c4,572489041.2458184
45e2395bee937c187e3486e2,993800977.025648
7c6880b05c212c66b8961b71,701604906.5316991
e0ae8d2a51c771aef5f245e9,646011635.3607857
3573093e56e95a982a41879c,1073332119.5183965
0920b2df9df4f0e509a7efb5,542088159.4295152
43600371d44fbbc81f6b6fa3,357198184.8997925
2684f67bcc89c8a5b95e5592,773848299.3861195
ca463fbe3e5cacc152aa70a6,572489041.2458184
0935e87627068206f6d9c0c4,864699347.3492075
10afe23f1f58f96422c97934,354795600.98422915
f3c8cf1fbbd6cced1fba0930,599122281.728079
abfda926d174a8da1d946e27,880340518.8474971
fc9fb2f209a4b5e66f89712b,690069735.749194
15d10635d71919d0c9663fde,619228292.4890026
79733fdf8881b0d25412abcd,998304591.4098431
7254c91fc9b51e76c6fd2a99,1137437835.8073306
b732021729ecf88d6297b48c,926051179.4499602
edf4e11d1f1aa6f8080c3156,1083437944.4107652
0706ce398b2bd64913e68d39,736426992.5478492
ea4a797b3d73d1b2cba9d651,1337036496.763041
6c598362e322971968739673,413768261.031572
130a119701171ed3c439c527,748232843.84031
849c918d78991c57f32f2031,838591482.6072116
036fc9e01b2b1e3ef4574372,1055577000.0092895
e4ee1a81aa121aa5f55e20f3,900768986.522322
de926223fe4296d96466c685,1171229294.5640562
340ae520163a220061bd7f28,822347952.9797215
11e36a3effeb0119b8bded5b,686749455.633171
2492a7a74edb57f784f6361c,607374568.098678
1900e7808046a5fe89d8e440,760941568.3867847
fba35c04cfb7b6db50cbb57b,1042911589.9841337
daff79365fd94d1d3a2bbbd3,610652458.865415
51230c899cea0054bb74cc44,533339833.9307547
5e04875f99a5e4476c0b4186,859892491.1129383
542db19bc6b9a1366715dd7e,768573951.4189641
a117f625c794b7d52ec67cd4,969943479.7912447
4c59acda820b7b75823fa277,627273653.8104409
f040a167241599987e7b0967,567759123.0488967
4a016eba4744dd01954f137f,297828356.37927836
0d995f0ad226dd21bc96ff6b,659243284.3978639
3d44c742b1aa4c022a968ea2,353798483.3758259
e47aa2541fb576b9915fd625,621105565.7168647
61fe9ea90c8a777971db8384,794039698.3257074
4a611bd82c9216a3771ca7b6,1062356798.139365
0cc5caa9b48a835c92da7653,872116101.6754205
9a7f24ba55c92696d377bcb8,1050579488.3925774
32366fe92222b329e3d03b29,869201834.1657861
aa26461420614755c2a52db2,395888448.74975497
53a447ad5e011909080c0ecb,1389486788.1893349
9d790c8c474c9de2afeb00a2,573382235.6795572
dbf200ef5f1e15211e2fc6d3,755954015.0596672
b96c9e2591a4cdf9c4e0c09d,756854280.6566347
78eb6f51d94a61a967da24f4,1029211376.4271663
fb338e93dda9159476b8382c,336052733.4901498
72536bfda19f78d370d95f26,1073263570.4163444
7c581e2b9daf20131803eed3,799947111.8430679
50cb0ad562ab5ef4e06f84ed,668130965.0616572
a24901956dac4ee0e4b0c91f,922789860.0790355
c1b386f478152f9be1f546ea,625240525.6714929
1f34129d15f992a3b62d4b21,306926302.9591022
299117d35bcdd48afa4c2eb0,894846065.8075392
4ff6c53c0bcfd1d24bac7ad5,395719192.3081206
2e52008bd11000eb776bd80a,1397736392.2555163
56b78bb57b2d1f064c47891f,1012279547.0709053
ef64a8989a6444cc529dd1cb,743785852.4957699
078f7c6532204fe046b13d14,803679956.3549186
28c0649dd8b294574a876e95,996642635.0818287
6b9b9d28723c7ad176a9306e,852497346.6215261
a640228932682c0c04538ac3,839475760.1804365
b19efe9cbc26d61daff5ae90,617355225.9235395
dc69d70e4d2713fcdfd93dd9,679843872.0837909
358e85ba765ddde3ac31be33,355903455.40579826
5e6b2661bb7ba0ce4776d483,445444689.02220917
0b6dcb5c1952dcea931e2c20,666969958.2635092
cde84d2435eb1d0d4ffe2a43,687087276.6807752
bac550d41b2cbdc6a110ec7c,764259561.8110288
78fbb49efe7dc0d8e144ad83,1035013607.4680424
606affed5c707249158c4b49,1012316344.6724671
d44778d36fc789f8b8c745b4,806334104.69758594
27ee3504d1df34ee8ae5dbb2,792022982.0627756
60bae7a45a084f117eda823d,791822967.0313433
98aee6a36f208227a992f9b6,1381825858.5610213
388a6dbda422f886e503e685,1403990734.6207151
2869a2d2689af65497775b1a,1267167756.1267118
19993833220392781bc15279,1350846790.724236
f0efda3f7fb18af1b44d6aa5,1109815269.04639
cb915d1ef92dff803c5cceae,1345198198.0714493
4bf02d040efe5358d4a5940a,1126320336.6721175
1382140d8fb634851d4d210e,1289060267.9713826
b8ea07763f2e1a3d635eb23c,469726091.1702398
8ec00d454698c119085cbee7,766638913.1421858
30d5185ca2ac2fcda2bcb79c,621513285.9661051
d0ea7bcd8cef8588ca50c778,912525607.8802305
fe6c19c6f54606a611d412c8,429411673.79925525
f22ae3d17c92427f5227cbf7,441739539.5385908
92b3b7d8dac6b2f6d5fcfd9a,964524452.874059
8c44d216517f5c59e2611aac,497066847.38310003
b85fa4bc59149a7a25447537,452884196.1684456
99f10097f39b32a478877340,653948318.4280854
44f8d5ab70828e06198579f3,1169086471.6316552
1f674965c913f9fe282d07cd,334820232.68381834
60e768892afb284b0e5042bb,872675045.3736894
8a6d013451e46411d35c2b6a,917801286.9715587
6f953b9964d60f6a74c81226,588919901.7984552
05076b448cfbf9dede72904a,1046134594.0891781
47051c25acf866250b5d3ec4,931345945.1910233
0952c73b02dd5432aebdf2c1,494921097.0480956
cc3ef2f4fd5568aea96c257e,861315623.677761
834fe4a1e9e4efeefb5aba08,584618188.2567208
104cd052884247b14d697673,707136228.2074162
8bf61f106e60d6be03799de7,1073754732.8258932
c13e387f56342f88c993f0a2,844708268.0336308
ae664789baac0c47d13c3c19,794705953.4523938
ecd1e3003c5d74a3c7cbdb11,731988010.6530011
561cf254aba002fdef8258ff,916530180.3167827
98799228c26c9e4899bed65e,709457883.1489464
03025756be203027ab75aaae,752736776.6929502
8997555e7bea06f7b90ce821,777957833.421458
e91a3f962129068a3a76d209,770857341.2669492
4bd0a354d75759510ab6bb46,747823074.0582657
f6c1705a83c039f7a7d46255,732544658.7673908
0c4afcff5f5a90cb79807682,716387171.3412156
d3222a7545e302bf10894658,963124125.1294931
03463535ae93b8b123eaba8b,967128684.408428
360e5cc9ee1282e5a6ea17dc,709114644.056138
07f24808e42c9e11a7c20232,1026731573.8274765
b80d0456fba49a40fd774e5d,1066981810.2947354
f865411c20924c43a080794a,994626615.8532062
c578eb2dffe903475aecbffa,524018130.6614803
d639498fabe1db1236656593,568892262.837204
e6e3bcae6ba114caf108049f,638190571.5468535
7dd9760286606c45e6a15926,688638387.4263256
2c5f07a9402cc93f4c683759,641079310.0688674
e3295e732bcf306a2d338387,580216477.4834814
240ccc45a242f80f817b04d9,966390332.3408681
a7ff59863f8719590146e71c,701063996.6214056
e6477c2014ad081d22f12b9d,581910017.5398046
807687fdb46614d9aa139b20,611223767.9999892
317d8f9d18599b346639a4d1,537124984.9528854
b85acd44e18ab485d3ac543e,349477263.6655512
e61476e47d7e7be706d23fee,807731585.1079706
270a97e07eec2be02cd89a86,811539877.5886316
4c9dc4494a3428435457f575,324003187.9055834
26e58d0b13e7f7f5a54585d2,1027320861.5159228
166e1e60acca831bfad07736,1066877112.9681292
aa25d9f8737f142b8cfa970b,759678276.0301204
44cdcca08e1e66a1496fac6a,693582626.7052795
d75b7730e8c291ed41d7caf1,1034810664.5312659
6d1534800bf0ce97197efb6f,643427922.8944075
8b13054b3318289aac1f13db,392551143.95779884
c6cb6ccd3f5876c9b9e29685,560634060.9860125
0356797c1683d002bcd94899,1118608643.6226115
558cb38bcb8de04588bdfa30,611615044.9335816
0685f2225b939147c8482e6f,307256407.82619506
cf1ba56710023ede80a8381e,1151205655.1833966
2d4bd56e71f90e6fb387a2b4,1598312547.5648065
b96b8e1d636f0c10c63e5c6e,723692410.557116
534be635a841fe21c7a702f2,733495413.0078701
dd5b4eb5d20b8b9c813ba52b,852487162.8876921
46941e09b153ec19f86c0c2a,1254706317.1134152
9f06ad3793ede2ba7f39de43,995477364.1060243
b3df8c66475021fc04f107a6,939380190.8606484
468df200fa490e667bfaa31d,902260648.4982617
8130ab67c5e0d96a9a67fb12,686399934.2023616
f7ea437311c0d217b0d572b2,597148550.3234473
ca0b59b35225b44447967ef8,460003372.9440931
90961073d9887bc1023315a0,439842823.33995175
a1421c30fb33a249bcd54394,434530276.3410758
c87d9677bed80b0fe06308b7,347638165.81401646
d331a4d58875a393080fdc48,417474394.44197226
2f3281ef06475d2114fbf9a7,510406190.6567404
487ede1f7f155194b69c531a,676744507.4895151
04308f869d7c992ed3ea646a,655072832.1058253
912471caea3c71e3f9f70877,589547995.6043094
1baabd705f72393167dba5c8,694118085.4635752
aa4c66791884ea2a8357924a,587092116.1280092
1ce08c19161bd0545eef8a16,637818790.9707905
01eb0a2c1033c30830161321,973048487.2819014
b2759de47d28e8cc05c94e36,630787571.198637
bcdea05b890394a10d24601c,654752718.998251
db9f66f68aa772fe29e37edc,625300174.9192253
bd094081331ab259b1076261,654658423.7877983
81e7c8c1894e0c3a9315ff27,503120369.4716721
7cc9cdd32c209a62908a18ad,585161260.6180338
1e18024ab7d931bc7ab5873f,774671274.6166828
baa146a6537e8630180fdd35,916241093.3980561
8b788f742021f2438ffbf528,407960735.64490175
66d41314804d77ea0f440695,934083680.9210535
72dec1e6e65f6117e10a2473,513094934.60375464
4066da904062a0041a809b02,636419689.572371
b7570bfc5ddc7caaf610908d,585161260.6180338
f6c6eb3fac9658c4951c4222,629185178.9321555
5fe25ab9cf4ea071cd6287dd,576855388.1673946
0ef36d33e6c378c946b8a65e,628405843.8455594
991a94dd1e99de493672da14,628405843.8455594
798d87a368f073efafead25b,628405843.8455594
9e8cbeb53820394a460f0879,621391828.0661997
7b5582907bf47bb9e873a513,688369489.9030827
0f21ea53a480e4363b8d7aa9,1062319169.4708412
ee667413d1cc49427ad448f9,652440687.7710701
12bb70a95996dc6e286086ed,654463666.5486107
9e9e3655ffa5921889cd8ae1,1172448475.8725376
f2bfe55b6188070fc5c3f59e,795524218.5933331
1f00fb18ad48b32c666fd319,651030795.4517225
86f15ce6ea8e97837e6b9383,787706537.9254917
7002d00c9acf8b8a4a5865b6,1241409356.087203
3e85deb0237521f1a7a8fa84,783051156.5292813
1bf77cd1c4037f4d2ed28036,786191522.51592
ce8e1e2e4a79fa55a8547457,1281813399.500927
73a8efbc036911954c07b91c,866781236.7216547
9a2051367d6dcbd90a4d60e0,854090217.2151694
3804d5b313b742228ef0f1d8,1156958231.4843194
fd7b741b96080ca5b964cac4,924475135.1853907
c4cf9ab3776289a412684892,718611128.9913049
1c51566c7dedd4a46503131d,1002499261.9649423
62259b400be228a30a655a59,1377987777.0932
e5092b4a94f1c231a0c47680,1311548264.258109
6f435cb10e5728ef45be9f29,1205279554.9247198
04a071d777e60627223e28d4,363686030.28136784
1117078fa37ed101e9120923,818622944.9923968
d56fda10944b088d9cbe1162,438206274.39899373
e01c49250329331a442615d6,459894983.06476045
30ab0bbf876dfa515b266c9f,485450908.8989314
6aaefcb58913bb3f49954b2d,1071820793.833658
629a6122db92e378f0eab96e,811407110.8338457
a8549fa4bb56a2bcc0e15b11,306194252.06804746
34291b30d129222905ffdaba,635531574.0367118
cd5658fc146ae4b5d78fb565,591481899.8467869
ce14bec246191176c16c4e27,923951907.772408
46529f0455fd35b2f4a489d0,532176339.66121596
52b3823c59546a6ff3de4d09,338716502.8249162
959b7ea50d93bf1c36e35005,966402483.8478234
5c6edbdf110bca5a66a51585,306194252.06804746
d4f6cc3cc6e923cd37d0fbb7,347343834.3692095
2865962bdff8929888a51341,1041719253.7470675
105bcd15e02d39f70ec2ecb7,531257907.1614743
b2357bf117ecb5b9082871ca,338716502.8249162
273cb73a7bdec0d291e845f1,438206274.39899373
1f4cd62152d4940990ac6a9d,450730159.73627245
a13ff325f90eb49363f59052,839180599.4655527
40871d7ade3e592560d0b3e3,643169865.1261083
ad2081cd75928b8f5e506944,1166130669.0016067
1508ebe40f90f90a68f6dd69,438206274.39899373
d3cda82d1fa53a7ca1b46a33,945684824.9966398
dc20d46be2470d85ad9e7e45,809465784.1073987
0a7fb26822c2ca556f62a257,591481899.8467869
40a1cefb3cbb7e2972e30d97,471876168.4581052
4c3a2b3e3d5999f747ae0d53,846125916.7449452
a8870552db951bc4e76e7f9a,559842750.3352396
cc48e66185c23195cf958612,771895545.2410742
09d4b5b5c2f97ff88215708d,774589599.5526273
a59320023948e2d915c07306,613641516.4169948
a74214a0d4d40b898ee2be88,533671910.34743845
dd9f28d722d43112651786e6,868165467.8315629
275360e29bf3309e09ec41d9,460310962.39076877
1e21ee2ab4ef88194cc85166,682677915.5106186
268c1e17bc17dd646d1885cb,471370583.92267156
33e22ea4154e8f71062dba8b,642614264.3713944
5b5db88fa09ecd8f4b9cef6a,700941463.6172774
c41dfc0b917edb6e6ef7b1c8,624246385.7024338
3ba6b07e752fa580f630eb8f,1176123486.3637564
fa6db64bd7cd8b0f1c0e2453,1171008761.6099977
2422ffac7337b402339dc550,1144305888.7710772
dd6d47e2626e2bf24f842f21,773460048.4528791
bb433dc1bd769d684d8b3352,1223166722.293298
812ad0d57e4291da184bfae5,504304177.77871513
51a0a1a680770b625579e25b,1409122747.433176
a91fd5b9b1a791a6af59b70d,856001048.7557384
094da6ca19427f1a943105f6,968953057.3800137
7af0a604d1901925aa179436,871097315.9093728
890df90091e14d1c3a1b30e8,390511389.96921617
aac17b54a68bd216e2bd1d45,423528466.8255538
fce26c7fbf0bc93937ea5198,615403721.8642097
b4245f075bc41aa29b55d324,756424497.2534075
bb70d80b0c6ad3022160c8af,368547591.85880613
ac85c8f7605ceff58dcb55cb,298321614.3078811
520415ebcdd1a4059d18e2fc,726184141.746894
81547b223494084af3e15bf3,647459430.4577606
a0f1496a0b4a7cd8b850f010,908943906.2297218
436fd4dce2ff0f71232f4b6c,443076524.8115357
3923f0e655615aa6b52721b8,812530776.186887
afe03b938be9cf14e98d4a0b,637077220.9948137
0f1c472b94feffc41f1caa44,648459062.8407451
5b76ae185e6b41243777cb4a,493252828.1124517
d70b133f81d6f1c9d93e2ed5,575039814.6218759
865459f5342a0102d255fa07,503151837.0965769
fea5eb95dfad452d6786b042,386325409.82673454
415622d0f7adb1a9f7009a63,352887647.452888
543edc342ad39b149501aaeb,354840603.4200461
89e1d01cb5bfdf567faca443,814141332.6685991
e86b99e5dac8ed0d8296e950,495434141.6871833
2c85b19f02bb3768c10d14fc,674025123.3173225
c17a3139c360750a6de5950a,521338451.07835567
cf76e6077d47a14abaf0cfb3,342236012.2857336
82ad4b3d5a215f17e745d77e,965283562.0550503
dbb4260c89524c78de7433be,573269276.6028299
5b312ebdf71ab7971f9fd2d6,582744337.5785234
b3413352f0280412f53562e0,342273149.50502616
28fc5f188c5e11717cdb4a98,344489640.04926604
c4d7a906b747428aabd368cf,701209650.5540733
a4dec2ce375ab5e4bffa5966,767774236.4393238
546d570784c7ab8746bba80e,672743664.3247021
cca9a08bc4a91f317b851f11,1187014438.0732546
bf43226ba66a3e2033d32fe0,857503182.7365746
c2717194de73e1a1d8dce40f,333591775.7974207
acfc06021a7a81313d85f62b,438116650.1762816
2d531a26f8b1a8afa511e3dd,571257176.4359742
4a8acae29064919c68fc8600,649331244.3378994
691b030abfe1190802349715,346063018.276609
a302ef23e1d0d6a273274cd0,464709086.4659792
a742f415d6c57e8493762c57,737103030.112918
4672d1c9c3b04fcc87a0ae9b,1039404942.1459626
371a0ee537001f7a9d58465a,731137011.3352295
ca5eecb01282d4a84017bd50,735433071.1093037
40eefaf8c26b8b4736308bf7,687529273.2437952
a7ff08f7e09b19c1546453fa,717066692.3455381
07a6da2c9c4833ee4cbe8625,687393441.6224009
b2d32589626abfc81e44cf70,717488243.7946553
aeb68eb7eecc4aecd5529717,707071694.3835912
3c0b438c7a4fcbfaff9f678e,710764015.5262256
c37b357d57918c3a651a5760,714748593.3095257
b65c0544e9deed76615a3138,611880869.6705921
3a8b7b9048c82797fb01a8a1,685269090.8728298
7549cbd5c8003204c85ce1a5,754614254.9514476
21b4c1ad11bb1feac4d02308,997776864.1835701
b972611aaf1b68340de16545,804061830.2371306
eb3356f3856526dc140be7f4,681411139.837845
93ba409ab36d3e10eaae18c1,843597251.4897947
5717732a654405ba208c0f5f,983136077.5826541
aebb556fa6c9275a9b5c543c,1311273636.340956
fc72e535900c592d6053b806,1072625809.6723661
04d77c8ade9a55fddd28b00c,697184276.0659536
028adaf559a05c8882893767,711957200.7889578
95781f187bd3fffa3d1b19f5,675329583.2272722
cc2c78d41e3fe29de0b4ec4c,1035527725.4672532
f78886545677e19e472fd0c4,570707366.6308788
3dcdbb92628e6a200adf48e8,1499379734.2328405
4993d1487d78cd9ae2c23619,1195717923.821125
a8a2c61f2b994411af5d9bde,952650368.7971796
57fd11f829e31e198326ac98,1199485313.3364878
59b9a5730cc8a41bb7a1d16a,1067057053.7313926
85b8a65f1b00f78e67622bfb,858776455.2631376
971c610e55f133a1d1e6c2b2,899877271.4157891
0f9867abe3ea0b9c5363982c,868763163.276147
086521dbe18727963538aa7b,842124263.3084298
bda3c74ea6f73407a3c0a17e,752612051.6499958
257c765ac81bcf773473039b,358956186.0285316
80d2415c0460088d69574285,1109083704.2816067
1554f8aa4c8fbe17e9e82d0e,758949222.3362522
00f6a62599f25ac506113149,728022056.3426343
ae26e4726c16cb2f6a6d3f2e,918039388.09446
8018df1613094a9e4606c875,751487419.9453859
eae4a1cce7c039c644f01c6a,819496057.9245499
b07cd6c30350efc5de211a8e,1524961507.2062597
5a2624a08494481388f6daff,1188500225.0551107
b8eb177e22c63e84738e7788,707926925.4101322
ca02c904cf5eb96ad20705ca,616788276.0691732
8e6dfdcc28f830f2696de9cf,864146723.0061485
99fdac6a2ddb1136f7117f0a,535147233.21484005
22e9f1b4b5e887cb5f0dbfd1,495982514.5546922
d89f812c7edfeb3121bf639a,1052409277.4787129
19957244dabc3f727733527d,559731355.1754694
ad1322132f3b533b4aced580,506083846.7407297
40c2ea5f89f5b77cc09d1455,857155303.3319213
140c4de69883df9f3fb3a538,404362529.20378554
5529091bcc05ba5cb2156b15,825474811.3729169
55c5e58ec636586755df3dee,661142513.4656924
6049fb02c166ec9b4471a7c6,761331109.689671
758b4df32244a51b2271a891,588720360.0620034
2ed1ae5e6fa77e447af230fb,863456920.717831
527a1c27e038e45d2d1fcd9f,552464081.9585236
1d0c3ba50087cf01637de6c0,539845795.7648494
d0804da971548399183ecb85,1164566163.9972663
46a7d0f520dd1e78c0cbce0f,1164566163.9972663
57e5120d0b71ec6a67746a59,782059473.4997216
b5292c1e1683d40be46bc2de,929126526.0389769
01e9c7531cf3c63c04b9189f,697331496.869337
06e91b526821a6ad1372fc44,364131262.51950574
34bca71dc9c74a2072f11e9f,991579839.5839998
22385ae2b3e7640e8c40411b,725461496.5130862
6e4adafdd872a2837921276f,385343677.4650605
8cd3031963c612efd0049f8d,656213175.7236589
43b2fb09efd1593a94b61b4c,716083691.7770553
74448f56811e9562536eff6d,807880431.2166142
44f0e088fee626993778e7fb,740962993.0696672
6e6f7fa167c0f617f50c86cb,1047770877.2563179
83da5fb4c15e3daf727a3cc6,806667357.965023
b45c8a6224ae2656b4189526,737126638.74511
0d926a0b5ef567c627a7eb0a,1244088594.9040594
c73a1177d787a5ed72b8a9a7,942809320.0714526
75c1083db5c940e626c02f53,390112016.5521238
b925c9218f5132c6c81f3a18,323572368.0266964
9a091c59b3cb4c730372b34b,431013994.95692015
bcc704b2e178dd20497e073e,349130186.334611
6f65de020f663622146b89aa,479136325.2244683
9f3680d00c86707fba024dac,936209567.0534952
18d5cc463455fdb4d443a6f2,593897011.0675211
f1d76d78f9266d9552bb86f2,611188849.4499574
74dbd25d407e51337f883659,1051899676.9043224
88ff73eb829a6ec5bfcc0222,966916682.0990429
ed5559fbfaba86299e87ed89,625987453.3579086
5d97aad3e83e26b551c3399a,953807045.8724747
2258ec00dec6a2b85f439135,953807045.8724747
6c94fd185169e708a08d3535,653582152.7757335
ddaa88a11432ca21d3eca774,492763703.62474674
2749b5cfd2728ebdf124a0a3,618573343.1760691
a7546a6c6194506dffd65360,1020796271.7080915
6de7bfc5e8149ebc40ec0e4b,716838877.9214239
6f83f14861e13af92a2b8cf9,508188645.1598199
d71d0c8357f09fe2f77bedde,777997527.5492023
90b28f5125a0b8a0e3b10580,796242243.0660129
940e08f8fc66ac29f6d76687,830989466.4648631
41d2864e1f73e29f222c61e0,767916175.1258649
f7399e57df358ae7adc9e08f,844413079.1782465
1679719f26e7c650f24eee6d,754033084.0550058
0803ef3270948a30b3fee2f0,592110979.0671957
4a3defc2b7d2cd751c9c970e,896437896.089489
8bd2490f83568ba653cb74f6,1190575092.6817806
b4ffd0a2cdcadfb962578199,863230621.972343
7e5064603267b61520d8f83b,538911437.8642482
88964e1202647db0519a8a00,740977856.9090223
f3d94d0616744b87ff139533,710123760.9714588
60704a08df293592e4cb5719,540738133.3864796
347d5081f7bd36c8edc1f352,1172492329.1361606
41d3afc1118758b5314db48e,715695647.4247332
80a1dc97797c41b61f46ec6a,651101914.0087352
c0ff8812c1e8eeab07c698a1,583522833.30582
a9a4a765b1daec2f3ed59a80,548981706.8747166
33258f995a375ca192ca4d3c,948324502.4344332
80b6c823bad5b4c0fff46657,1128436447.549734
719055eed27f361071cb9eca,1112965526.0965383
9a354d8c526efc5bcce59dca,658683552.5207516
9850d970fe9fd9bae89f09ad,1291002913.581511
f2c87b07466aad7328b7e0b0,730665921.8539718
27ca0c2320c520342717355d,506164179.7228873
e958bd2b19db118c31f893cd,506164179.7228873
46dcddfc78444011abd29870,961841410.7993585
061d3fd39da1b4b1397054c1,700532144.5664154
3d1a8884a9687e53e5fb0bb7,518577766.6107682
1c0236d4bc291372483a9151,680232800.1964383
c1420f278d45b85c56f415fa,794284762.1557024
ce6fc507df0105c68c29214c,459987498.34889406
e4f26a73bad4e41c375dd897,940370260.0080775
719190aff81379902beb6497,907605036.1641736
da627dae6941b59d1eb98e35,693530121.522107
2189d3297ea703e50ec34d96,805049549.5594817
c7205874bee601a7b01a0cd3,988551848.7337668
a22bc19d0d83b13a53630b7b,702416341.4997284
8acebaa9fd7e917d7e3b391b,1009061375.6666968
4e104916ab915cf3c0bef846,710099519.6636724
b0df95e9fc94d9aeebc960df,680710927.5701718
ab419cd48b81038c5a30c721,531172781.1779674
5b9bae6f556700e099fedf08,1134583961.2479138
989360149d9cc6088391db4d,832700079.5266331
bad7560aac04600e1ec1a9ce,559990906.7268147
08d9f04bc4ebdc74e9d80b16,1027819444.5699549
f4311c45516bafcfe8864c70,974232095.2705145
c84e1db639ee43ad83f930c3,1012279547.0709053
f778fa43c92344cfbd700432,674890843.5856607
2019bd32dbd09fa285a388f7,925745460.8808117
4db834146c4e73b515d510ce,891648066.878255
9f9f2548425519863e2cd6b6,627776070.5192529
6c3bb7e1696df587990161b1,556421725.1451881
82f08aadf1eeaf2058b50592,789104688.1478292
753e74e4dbefeccf3e6b27fb,624707662.5408387
a26149f589edb9a903782a3f,731398374.616719
bd264728a0464376e22b6bee,598756366.2439177
2d5564a502635dce2d46ef8e,843561145.3885711
05bcc7d7db8d352216a4af59,711032867.9311948
4794d9994512f01a4bbb6c48,588025542.8705925
64a4528640fe492865ebc0dd,1126670567.1661134
f655ec98cd42b0bf2d7cfbfe,841684544.9560267
b09de5f1e028d4fafeb8a22b,673312991.0547892
4c79f17573007a39bb2b4b7b,748892959.6742004
824894236c20b081af2c9868,816008294.6922415
107e76f0c913e19217662faf,941589879.0448399
d5e2bbb69ba3876b93af2d3c,1294032794.2243028
a2905faba4c1177603e6cd5b,1111531943.9592652
d13e3d432783206eecb0e192,1191791327.1825485
6fecee4b1e5f50c0b27dbba4,1400002285.4213235
57891292fbd530872cbe68b2,1033877650.0908977
d0d6a1b5c60ad420ebf2ab8f,983961374.9419203
711736da4f0e8282fc8c9e69,1087337042.0429273
f32a3b542efba398907ec912,619077143.2488679
299a94a02e887c6ab1de59c7,492693915.38307476
ad844bdb1150508a4c6d57b8,1087881590.9544578
78c17e6ceb87f7587364c873,579190751.738642
22e8713e2051c88cdafe2364,796339761.5029564
79c5085c14068e492e402a26,943219080.7435701
205e9d987013859f391b27b5,1308629456.734396
36aa7d0cbfe40adf3c86a134,818474440.5753118
d54d787189cc8f014ae58aaa,975448002.5123615
fe2f1459eb0a380dc31e3a4e,1158434554.2714403
ad663952ff2ba1953efdc460,1108138316.0036986
b7320c35e90f33fbb1c28813,752273687.9691114
8f90134b8e68948cb18fced1,594512797.4986354
2dfeb06300828182d4109c43,757457333.2790494
3f5a0cbba1433e9b6588dd73,660170301.580291
f952c40e24c9df4ab2d62017,687047103.1253309
462c7546b358b00e617ce012,918520722.0654091
e0df3391aeb8d3f4b00f418b,690591312.4023573
1e48878318d35476c3e87520,1092857517.579738
e3903705d5a48c6d9f828ab9,635642097.7539976
9e590ad7d22105456bebc767,1130496200.2271712
d0fe3d393eee5c0cea5bb6e2,1125365428.26203
57b3791f2c5acffb0097f7c4,787673570.3971572
e11f9a5cf9d6ab0ffddd6096,1127476893.219008
9a3920f803b087c29b487cec,627592689.7030599
6cc0fe8ddc318f1bbad360c5,1053925766.6468154
3e0c656b64d39ab38201a112,562095845.2114878
cd55abdb54bd56d54b11fad2,1053925766.6468154
7cd39eb8de56700519d8f287,633155479.3223846
d762007a4ea5de370738e875,679034188.102723
f4fc67d9b9c6078003f9af35,873411410.2936952
dc0a4632d7378c25be351760,728505681.8197746
530a3bae5a13291c69bb8474,673918168.1685818
32b678be83da2a07b37f3012,374880938.86758083
349768047d470d2fa6ff1930,918314032.8702854
e017c3311e2fdeb50a686547,1035399040.4220194
bd0329ddd50f2dc4dafebd26,1052816546.4239019
f6252e878aef5f8a641c3d6e,597590421.8021121
45ae8ffacfd00fb4a4f53d0f,882844501.6698517
d186e369ed884150e71906da,1269436023.0556521
7b9e6b7eb3a5db0443193fbd,801866444.8705244
1ddeeae13139b7c9ada353a3,554647324.6164382
a1ae6f9f5d02548c89b23904,774345650.9725255
dc298d37c5235e15b4cd68a3,799291387.0401992
f640753edfd8fb1a995f1de1,585748670.7323765
69a1f439de0f06e1143a0006,665390106.2125101
98f253233bfcd16533e2a448,1014442412.1126587
ece6f8c652d4227370ef0fcf,885166795.0045493
599506739a6544839bd97b81,705461399.8533187
a12f49f4ac3c5bb0dc7d8d20,694250885.3273675
9da00f8ff8e19d26c1342274,985981746.1110053
cf5213877dfb4df98f0dc10f,651349480.2956636
84c7006b5a63add890a224e8,802229768.2337809
88aed38ca59c09e1a6202672,703405297.9796404
e6bda9370c80a5f7e5cb6b07,941209796.5080314
3b54ab53b6e3453e333a0939,524142831.8067695
e72ff7414cceec6b162df345,826234631.8369638
f2d4c1faeb7694370bc65ec2,515194607.6399333
e1ffd027cce28c44c0d2f80c,902262666.2330086
5c5039602efa36222e64108a,933237455.1607087
b50f2c871166ee1009416be6,673857452.5163975
5e7e36116dbc08932f5fcbf0,996944928.8981063
325ce336d3df17a078db5166,541019525.0917938
a26e967b288a1eb6d8e71d46,587670765.3137993
139331d23d9e3c40cf083a7d,751303422.215302
1704b2d5f4a33401fb153608,754127450.6896119
ee70354146295365bf241d9c,621105565.7168647
fbb0a76f05908c118f7a3df6,509947644.90567166
2aeb794adc9892354aff7240,506073476.04178333
b0a32581cbb586f9710dc3e2,964128380.003005
ad7f3aae29fa1e7ec900b563,1035866778.345974
1695225258263bd2f463b21e,818595537.7746046
f72fb486fae49fc1de1fdcfd,1095476636.2116954
6b8f7074aed7ae7e6cfbb090,1246445402.01057
619dab52b321ab297a604185,1252522356.9600835
b5bb9af24f9de68e91a1df76,1389486788.1893349
ac3d21f51637207d3e031c2d,672467833.6641219
2aac28d03c2110d871b5f274,666667051.2805542
9ef498b11563827597c82947,912043634.8241172
4f2ca698ff03df0c6386e48f,587840423.3806455
606df4826416ea0f146ddf99,564145951.26466
9ff08a6ca1c63480c563442c,1022376135.3451451
ec27554aa1c62314f4d46fc8,534290539.39301807
762374e94f17a8783a66d598,598000471.594521
83ca3a41ca4b5337107c197e,812403049.8675776
c166a9293fa27e910e1fa9c1,731138203.4355606
57f8a1e37c4ffb1b8cbd342a,613411665.3616143
393d99ca47315ae98fe9e7c8,1289230000.0960164
9bef4aacc63605f2b2b62292,444043261.34870744
a266efa4e41df357ac4edda4,1216207829.8810725
adfdb0eda9aa97f0d3005c4d,1071575435.6980972
f05aee3e433cb036653b4375,1062852813.4275297
2dfd1808bb95170a088deac6,728569966.2747893
dadf0a00434e8ceefb3e26af,1269045620.415277
4336ff9b2dc1d97ac8f9694a,364545913.1815291
eb14a5813f860bb74740da2b,373856721.2315411
3d580d0df1bf9dd124c282c9,823508014.9047973
49bb5311607e4c7600caa03b,745487042.6833456
78a39ae05ac53535ba0fad2c,897838293.8092167
936e18fcf06ca3c46eda7c8c,658212240.4720163
23f12add67accdc9ed40f59f,308056187.93785864
eb1b9e15dcb88964f79e6a4a,610743036.1608335
e2b7f984616fff25e3dd6a3f,1043819760.0032051
b8e2b98548a234a245d7935c,827371362.0845622
79382c56606e701e44d55033,1210768792.993314
983874e637a1a5782f31089f,588733849.7077202
3da9de8f610e5c40401a5b78,748193369.2243145
cd69a049dd8a3822e228ebaf,699271952.0295656
604f1b5149f770a8f370fc75,389609182.2558586
0d24fc1c5deb78eb1a0caa51,766105520.1812086
583af1118e60e46c347ec593,1074620409.2512834
13b181b46359620191e6e4c1,287499933.0187658
50d8333064f0560cbe549f89,596461266.575762
d9000c1afed253d05de7819b,440649508.90489805
792ac070d1a314f585f09987,549092151.2030865
3e874c25176a3abb336b31ac,750004934.0332171
419ce7158ed62eb6897cf09e,485377920.4482086
b6b87c05c4238be76d94da2b,329459429.27588755
980d809e549333b475477bf9,766008321.0452256
a7df3d344010d5bb7dc70bf0,545062853.5109562
3d474c6a88ceb86e00f68b3a,561131417.8611257
be4bdb73add69f12f7aa6d06,552553643.5724587
fa5234ddf23dd0d9cbd3cac2,752942617.911501
91a08f81b621333ac58c3845,721806336.6609377
702aaf395bc78986a008d70a,910262690.4827034
86b0c9c1277e9143ee765b43,553779850.9335667
9c2c22e70cffe6836f554f24,928005936.9845076
31f56b841b122b35615bae2c,569061232.9393401
41227dc9c9948a5f0688e426,678649860.4872342
781989d4b732f961f91bc3e4,558153870.5224501
cfed0221146f4d83d641e1aa,528121169.8862465
8ec491780efb2c27df8dc08b,939475575.0211163
8a5866428508658b4a2a4cb4,585459237.9585302
156dc81d6e14a71716aebcab,700294049.9919949
c24be8293c8f4080562ec0fa,563216572.660626
7fa11c05ed1c123c1a457b1f,926544403.9734011
a63c36f6e7e7ce7c7e7fe457,698049580.5370783
f9bca38d3e08176649504e74,955882627.147532
3d389130627ca7bade643f47,720074397.6608611
70314b0bd995a4b03c771ae7,508052100.11866075
a3c3c9fc04cf2e2a051a12e6,594463628.1397208
4cbe75a162b076c4c454dfe9,557083783.0791119
0c62d4d501a426cc8fde0c36,988945164.2522361
533363375cf2cbc50d86773c,849146039.9135993
21d0f28d5f30a64352e60ac4,650441961.7588886
471b5135fced50f7cb4197e2,996329255.1282574
1c7586fd8a1a38bbda9c92cb,645927139.5143414
a0f28aaedd12f3d0eee8c6ea,553707648.938763
8923182b6dcc9f2d8be1ab53,603868389.9366148
67f694b29bfa494bd9d9cf44,952256033.078456
b721a5846527d5338322c9d6,898142674.1700833
ed09fe201c9ab02a91779dcd,1032953417.8881927
f49045b312d12268eefedcba,667390182.8809446
22ae194316f34d482bdf404b,563216572.660626
4f450ba5de4766e5ecb8a4a5,619704174.1948828
235a2209cde8f8b0276c845a,605723580.3987585
f563f0899884de7f9bdab405,949954852.6385338
5b462279f602c5b67ada82ee,925910643.1487875
fa4af69aa064a4306cb110d0,871920858.848252
a70d32ccaa78ae9417aa7e4f,656436249.5628911
77c9e5e3a6d965ede708cda6,847380600.5173509
5637f3d3278ea049333afff4,616038396.2045251
1b1c220eb91c9448b520b76a,949954327.9083627
f4a6ec71ad7790df9578324f,992687216.2191039
217e1715fdd5db76ce93cfe2,931988588.7974856
2cfa1397c901b4e940d9f673,552230002.7770638
44672de0d6d9d0cb3b4ae938,617052436.8281647
1c50477e5b3a67f3d8fec62c,696318911.3152874
0a2a67e8b310471b115c60bf,740533966.3335263
06220a42e68510eccb4d790d,862523257.3065186
611a3e1d63c6ce5ff8779243,834567757.5665449
1284d7ed08122731aa7c0461,332348480.3245483
d44eebc871d1fa6981c32ccb,1009807552.2848685
43272151f217feab78190393,702723472.3168261
6bff92260afd556a98d3e3a5,1072820900.1935246
00586a92b53f4a8f9f6b3022,757257051.6766644
745e7f6a83b55196f231466f,716900350.1949128
9c558e10e5bbf230f16968f6,1151796259.459056
1b425a31cbb73b713f291e19,1101159110.5440934
076ccba20dac8bfcf184b8a8,736399379.7113929
c8fd8b729f4ac6270aff9c9d,1107152151.1288886
52f026e670e9851b08c70542,1100310063.1338584
00304df33a3c9a7e396ddd3a,792716065.5962682
ee27eba49457286b5ab76172,743890200.2098587
97b57932e5e20416bad6919e,1198965533.346446
e570c5f58a20fda42bfb535b,783738786.7949291
79acb227b5ea365414982957,1067608598.9928916
d24258de8d2ca10186660a1c,823956493.8303062
8a8c202c069c20696c2de85a,672785457.1404667
40f301afabee5be092ba20ad,732265450.501566
afa842858299a6ebee166e31,754315502.3491797
7641dcf512a05ca754930bed,596257776.0117611
8c9b472c55d4b99e44041de5,1058880765.2825332
88b98c026b7650192034535f,952550238.1688023
9bdb1bc52a9ddfe92e6a948b,799397040.0121497
4abef5720fd889512ecff70a,694928569.1121701
58b139bc16fa2731e4b76f28,715961771.7817351
9ad9ac8728cfc2387285c24f,650780439.9643487
75fd5603c4de9678627f81d9,1072111049.5349903
9f4a25a5550f016ef2370229,1122065661.3404489
d4f4d0ed36ac9affd71f302f,649230947.4530312
51bf7bc1c19fcd42e71f2463,783872501.6329186
49ce19caa1325233d0de331e,1072361693.0544653
5aa1667bc8db26bac1c72f5f,674098356.994337
b43b36ea4f81bbfd4dc4d781,1014765759.2628729
2a623b33f3cc1f54620b5233,782366037.0360839
8745eefb9e2761ff7eef558f,1072174131.1426216
0e49eaa5cde9375b1f026820,681932138.8080808
f5acbf43add5776430d8d4a9,767006711.2389817
ca50f7143937a99accef865f,1064137808.977403
0e1bc8ba1953ec8c28e53b9e,712308906.6035811
980bafcd065c8e3d6cece127,961952239.8410256
c81133d5a58d7e8eebb10c8c,1128108001.7866063
09656004f0a7f544580958fb,1014199634.9170781
edd342f84fc90478e344ea1f,609321214.1735395
76974826c758eec5c255c5da,860405292.3644998
63b09e45c1b7dca181491030,761172487.4787652
89952b237fda041b09f0efa1,998706418.077803
219164e1d9b14cabb9bbb8ab,691160139.5887833
ac8aa244c21a9b86de4ed599,1026434159.845192
92ba222e2dd63a4453a30637,650407471.8459561
bfaf8b7796c8c57bb5997be7,830211105.468677
dd5a565f854eaef90976c5fc,870742665.5125126
f8ccd21343b112d8f9e7123c,1051766253.2564018
a90991f865ac81cdb3de201f,795181882.0477643
fc57fa9bbc16d1b8106c2c70,1145614648.0248706
9ee3218bc61636cf0d7f8107,798226542.2402397
c00592c7c0c3a863a1bab9c3,890107381.3519431
f0aa18bf86a36daeb59946e8,1165888533.1988966
e186499af986f1959f729b9b,757475505.3878893
18420ed4661539a2d72ff400,1006832174.3498347
957731b9940c9131d92a22fa,1072029655.7072608
9172caeeaf6498737fa0c6dd,757516655.5341846
c798ea36d2e4a8119723eae7,1011560930.8508692
eb963f082209fc077aa72bc9,1130258368.5807972
07b7ba964a8e30dc16d66443,969558542.8964903
7fe364ae771a7689d2fa5584,926055152.1269922
c59e06a2ed37fd750cf39976,1388245817.2891889
ce03d8ae43a426e074ed35f5,1352895654.589417
b76c45ccae25a06dd5fc432e,1070711538.4431715
f855725acc115bbbf03bacec,1228964875.3671455
b0b0db3bbe07839bc2b600fe,1346961445.6169698
cfc8dcf337e020b875ef1572,1150264370.592589
390107256faa08574d7231d2,833183748.3289906
fb10f3b45e865b4626f65ddf,689235746.844187
75f167e2273fbecb2c81ac0e,825616652.3087883
a7b15424d7c025d885636a72,846338834.4166757
f9c11e980254045d7478f273,1098102011.3309386
e0b13f6dc213d05133252d15,1191791327.1825485
c12f362b9060344ad044cfb7,910803127.715767
f872f224d2af413cd104f24d,809106985.5124344
092045750c36a8945c526a12,523568771.5413159
5ef33cf17d4b45277edf35a1,883627739.1070045
fc64387d7c3c91a6e6e876ab,656748811.0174766
c1168159d4e2fffdd5662757,761517853.3665556
cb604e3a56cc847189462004,1069660935.3952018
9e95710c61a4706e21cf70b3,879812553.1819825
ab37f67a3afa274e719ecbd8,758759757.544462
970cb360eb64128037be7e23,742475385.4230939
e42fc32db529e088f15cec8b,1166172008.1425273
8925028d6e7a6cfce9967779,521824663.4294322
759e76e38d84a4188dff5446,802829356.123847
83a376df2024c4c9fbf2a0ca,509247973.0303646
a8bb80d99280e332084b3950,739934626.2504104
c16ab4a11cf67a39fec6f049,976953341.0949261
9cd1127b1bc10db6b8ce5d4b,1332669368.045179
ddfa979b1d7cdea1d7dd0a86,514816774.83834827
d78f7a1592c0779093150ddc,988405440.9723182
97ce3e0ef38ad12f7fa8c4d0,323805613.3117507
5c789f2834a1a69aede6316c,532466010.63578415
c29ec380fc7295a9a770a74b,348405048.314696
5987f6171a2bcb37062ccc94,775548274.687983
1e91de6194769980800b4de8,781856385.2314495
0a0f206f04bfb10c137388d3,1116514198.094101
34dd15023216e187daaf5a07,726818759.5964656
33d2d1db291a13affdc209bf,677388190.9493691
6fa5e5160d7c2bed824bc0d0,596195227.497204
8c04aa7506b8c80c1bac23f5,908431719.5818893
e5d445e39104d9ee6b244822,746835994.6627948
2ca6b3016a89139ec7590f9a,1104990032.0234156
e567e9e5862b13f0085505d4,414841931.55818546
edd1c4fdbef4e6beafbd39b8,678600389.0921992
039a9029c4341b1528ca6b46,396880494.0679043
fa1533051ea4145f7f710ed9,666032701.6834006
9c99a85c5dd878568582dd9f,621348509.5017126
9ec426691c80918203394ee1,504276020.78677857
66f58d9d1e1eb7e81cab24a2,1110205354.7264593
0d0f8ce05ebe99dd3bb7b23b,1057918358.5386894
6a65986cecddc5c47fbddb9e,1056091281.6690067
a82fc744f537ddc6fbd16883,736829088.1566083
d4c40178c19d6cb2fcc88e48,618471671.8210546
4034cb3cb77e9cb39cc98fc5,660595229.564447
41ae9d3d280d4eebe510606a,923164874.891154
4aaf6763c105ddf2a6eddbfe,564668625.5376385
633a7038a23ffaf4b3f7896d,793493333.8543253
2a531aa9576c5f91891cc8a9,1012407867.0617695
85d58cf85a179e167428ffa5,1186113651.5488405
42f05e5d4862d653efda75c0,1219614906.5180244
256a46a6d45d168169f63aab,567846490.5255073
4b0fba692104472b36c38c3d,1212198051.9542835
253c85b226a15d0ec2fbbff4,1051904551.8407543
b0bb2299d5f456f800993a11,849823535.0632397
47fe78f6299f757b231be10e,983369083.9928725
4d09ece928ffac7e7d270bd8,421541270.89896286
fc762d2d172737cabbdfcc75,722415315.8689935
2809252a96f47776d12021af,760398203.6996905
29eb473852b36dcfbda0c702,797960195.4367977
231c050bebe12f568ef92afc,433128221.7006012
acaf9e18bbc7295633d92e01,777104874.5775292
860435300909449c0443c10e,794676168.507848
f967ad5e086f485c27f09990,1030903010.3227063
678927546243e932b48d6058,1153683788.0665271
c537ea2620b8c3a3f013c0b9,1211048115.6306813
10037227b2a24d9a72ced322,878888249.91469
1b4b3662ca18e731acc18928,1267059808.2388124
e6717956eeaadb3e95840256,1262958314.3171546
ccc4457f68fcc1a416e3acf3,961184740.8649132
94d91969cc4b9aa1e856d801,688474751.1144964
2cc821cd7b5fa82b27308f87,549736625.960824
f05b3779581ac0015f29571f,701554587.4921333
dfe09a5f848e8e819c361ac9,533341097.2700951
ba87ed2a657b0b042a05460e,790495794.5469905
f967aa89a4440cc1c44bdc54,509536746.6577624
81fc8d666c8735e1095d0d4a,859710286.4936787
fd8b9540f1e9da778d566d25,351400476.2939241
70baafa9789d2fcf1bc212bb,1115049580.4436316
4911f8879e5bc9c27ac13bb1,620410596.1143267
ce53f3477814fdea2889cd2c,458334158.2841331
62f022e19ce6608919eab5f9,430150670.89098394
55657bb933aa2ea3083e0b90,482625918.01485336
808dd470aed6064f02aa5103,489205247.4987448
39bc028f3b42d9ea48808ad0,513496263.7169163
c0c01ecbb9189d77098659b8,505379951.64480627
57c68d470f6248d00b6719e4,739289896.586777
26c66cf2f43bea00e6387326,1043123127.2059674
b5f0dfbd34392f6855bb4b52,669939102.7714957
25202264e18928158b89278b,670441662.5694823
e93abbb49b24717d3a0767e8,737476427.7380706
906e1f2e1bc5cd51a55b0266,773064484.8292452
eef1d35ffd08dd161a36a2d1,1387803454.907476
35e0cac576415a4e61acec80,1309806211.5385795
53ebe061b85f046ed12ee9c5,736563152.8578558
059d77736dc72013de7767f1,603840175.4977392
17d7986a62e0b066e4e5530e,594963453.9581565
8236c798dbffb3db51d5d744,537127652.2590649
587e67078115103d184970be,392960721.4842149
7569fb4aaa9a52d6a525e3b0,397019087.1194064
db122cadb7a9c33f420fe246,398033678.52820385
e852246b7661d30dd2e1f0ab,396511791.4150072
f04eb16931448e87aec205fd,824455918.4715149
90e858d3740d4aec0fa21c12,909124683.8276324
65647ca6e47eb2b9ba20058d,1051707111.3361965
d0792d22549d1b3f63baf3ad,401153232.84954786
76c4045b5dad9a8226e9244a,655966669.0706851
fac4f0bee67523194fd4312f,577794332.4123733
ba89ed56d156579ce288dbcc,639849069.8094074
adce397b6d1473b9b6d02865,1012365219.226121
f1a924badef699637ea8fcc2,633682830.9537147
3bdce823d3b96e8f0170d96d,688790438.906662
439004dc23f97a878ebf371a,648459413.6517104
192e05cd731950f91fef1d83,1226948164.5477395
5110c49047db23ac3aa4ace4,741035452.0372458
f4f7bd9d03eecf35e9f37619,832901513.8701746
141dfd80a005f7b32bf70375,839333718.6612462
08513fe1cddb2cad74874a59,405997582.70504487
6b23aa3ca5edd20134811cea,421119198.5497681
0fcab263453a9f196468e552,773235304.6171358
127e08fa99afcaa339eff684,432968888.1430707
d2c46ef63db73ba3cb7e32a1,704265498.8009764
7c50c93bc9e8846345892c12,998706418.077803
63698398738ebc7ccebac817,682829231.4331342
417e974a3f0d97e502e49800,1080272070.6359677
6483f2fcdfbd26c621a527fb,1141572645.194554
3b739666f401ca6b2135652c,995174709.0693071
1b750e6e2e92e8222482cb46,777262289.1589267
dd34882ac55c57480663f7ec,754033084.0550058
026c6384ceba017c5f2cd66e,664020331.3164684
3f4272a3a4b14ce152fc3abb,862350804.0873044
5cccf025fcc0a7d9ea01b170,537196164.7058356
c8d179013c5bb6379693ef03,664277677.2777145
8c258d10ce32150f5fe5b712,1167830746.335105
eeb6fa8f820ec63aa0aaa303,796242243.0660129
ec8b305ddc2bc211a8a05d0c,841874965.3439792
5a84e6d2ab8db0fc60775d03,694506076.6242446
015d17895f32e2a8b616ca1b,1036739191.8784184
6fa35f1af6d51d341a3165ae,904651185.636027
17821a9cb766b0f3ecf24e83,724463950.3729204
23141c17df584746755dc508,584617734.0873473
00076c8f390d5dcccc133309,734813729.9888039
25488b1c8fedde6250b413ba,599956301.2698104
5ba6b4953759b45cb83512c7,953538353.272646
8ea02baab0c59eac6584f62d,1106450323.9071999
b5c34f90096fc88b8ca758f2,1329567869.804091
35bc25d0f9de2ed4f714fc8c,1060762339.6287459
8b0e1911b8ab8028409dc9fe,1015269836.2239249
2ba1672e49c023258d262d1d,1053493965.4070883
2d778563921376962d126cbb,931832831.7842743
bfe7c873b2fbad871327994a,1055249284.3589277
72d0f19409c85dbe32cf6ec4,901930946.6198165
d406baf5cc9b4473ae9b8426,438384548.24456966
070912b7e5fb205918c1f4a3,569218363.7571174
659abd72d12756ba0670f466,503489779.3455963
7a464b948b65544159cd0db0,869608668.7555043
e89774d061d50c83b409a071,336462529.81329167
fd6b2efe5da2c35058333bbf,662840018.8144027
4577c1623c8407e95e893e63,640466786.6803025
21adc839dec9e8efb128abf1,620567718.6819248
aa843a050ebe8e4b3a04e9ef,967620146.3309926
0252fcaf7bcde09274d34be5,898733899.1871316
46d77c92811f0c87d2d4907d,1144195709.2782435
a8c662f906075eedb098ae5d,659142500.0156449
b8b46931b93b7750e0d1ada3,664754448.7580861
efde559422ec1dcc55abc686,841385394.8829696
339bc881458ca34bdcb771da,1000176255.738976
d7ad6527cae719481f849927,1085635895.5249612
df3abaff81c430b4ba85d4a3,942783225.7491118
bfd2f20a7bfb0d865d7f7193,1388186592.1630177
fa3ee96e6b6ffdfd00aa335e,1155577024.5828586
163228979751798ded8c3fcb,532373440.27132636
3578144f12e13e98e8cb2480,700509272.8107265
7136cad475a0480044707984,978751851.6431974
93f5694b4854068f42ffe55b,1114183025.7607229
51608bf64739db05c47a3bc8,714405085.199919
6a01b6d09d516d67f4a2fb43,796174568.1524266
5f26f33bd89fa7563ac6873f,465163018.0184479
aba54b001154ad881dfeea6c,375360836.8762025
b2eb63e5da917ce649a72142,658483966.6758584
1427aec89ee9564b95e93cd4,449898811.48768044
a0087db5e9e2cdd6073021a7,841179614.16446
4396f94f7f3c403c43d3ede9,683609319.1334145
aa703cc78a1ce659901e711b,1000805134.2475173
0dd1bb83f0f18af30da139f4,1017753697.4778429
37efd3e2a5b6567957c62081,577064991.8211241
ea47ad6335e74dea06228b16,943043448.8114967
8a975117ab302b77ac057823,857061119.3432937
ca5949c4bcf0b63e5d1be784,453412210.214533
e9f3f41366d5d784c2928937,1003123320.6153033
7a9c505db21b777203d34bf6,907017423.5285492
238cf9f99c4b01777a97f82d,492729596.10295963
385fcde12021f4bbae6ac2fa,600046912.6254632
d9eaec557a7a6674565db1ac,752316055.2523079
30b0c440c0bc8c6005855ff8,710232539.8689133
09feba43c0b8f3560fe09be8,1001898067.2367387
2547bcc87b618d3d7e22dc21,669113214.3605286
1240a616080d6ba5459335a5,1193409881.158044
7cbc8fca4f84908ed4e7192a,985929012.1419101
151a16e94d538a7a6d658ee0,973569461.422688
a8ecaa9120c6da21229cf145,1043029548.1398101
3ca34fa833e6ba10cb4b1944,887674832.3371942
dca2e851b82c512f01611ade,1157687630.4243617
3747996611a842c452865a9c,759183918.2136284
3528df61a44a9895248336c9,763405828.132377
398a67970cee5dc873d71bbc,1103586104.9462273
1ba2c2eedb352ef9bb59c638,806462105.7726424
f6f4a467f40bace72ecff598,1218094307.5065994
b2af9047dbf58867ed0c42af,991878220.2298039
012b8d616667a6dcece0dfaf,1037880085.2123836
0b117f10e699f10f97a7e7c6,863307762.0395246
8d5192b6208902ddf4804839,1219794878.1467843
b86cad78da7bf06b5ac39f99,1312778989.6683903
4cc8c95dee29e43463a8dfd9,663639221.7019105
76846ed8b7ab36821b848f2f,1019306166.5106589
5428bf7f37a94ce9fb2dd435,876913399.1406772
b22c39c3df7d8e32cec2ba43,521176843.72043705
44f5380847c175a42becfcdb,1398751629.8463144
fae53fba5d405b2e6a3abf01,241509871.31898695
3b52bd5eee5ef8e3871dcb3d,1377173095.6787534
21eef7da02b0f2a2fd987135,570643039.2882173
1dd6b0ade195edae38a4a20a,687157322.5239578
f359afc7bb50cf6a61ac63d6,535581192.77896714
b0de107a8cfad95f09876eb2,1098367562.9019547
2e8c76f4ed59cd3924f7136d,917983349.6074542
06a2efde5244f7d653ddfb8e,796598262.2469816
f72e2f6cfbd32d97bbff3ac5,695376389.3952838
9705748d2bb061678a80826c,1106858370.4551585
9620068cef0622c404e15960,987185692.4658165
cf2e8824527989d3cd29c058,1050868867.6782897
6e606a7c8bc632ba0ba37184,534542163.29251707
63fa384ea296390350f23d7f,1023437372.5651882
4d3f5e7ecf4d361d7eb55f5e,585845633.0357836
e31a209077a3e47712588730,891209638.2323248
5f18524e839c2987594a11a9,989049427.861761
def06f49a0b8230ab613db94,727577553.2714943
faa72370e4c7718964930805,727577553.2714943
983503bb75d84c410d1c5d3e,1022695732.5067756
30f381306494ebaa760b990c,616474327.4460095
5e72dbafa642e4f416e6f01a,893070475.5077045
3d5ece38670c1c96df4cfff8,616474327.4460095
1bd6861d451d128c8bdb72e4,723757834.7606592
072a6f084d31a5a4be4060dc,1123376793.111361
4d8deb43d663fb079262708f,1063766288.9557501
f00b8eac1812a500d7a732ff,814980234.0497446
77a62d5e2c89da24f66a2118,745670233.5279863
961886897eda4b0ce54d1d82,1206484218.236006
6f6c83ff891e43b7c84728e0,1085395227.8870687
ca8c85e8100f64416146368e,801407640.0267392
24297f4a3e14c24c941e7720,1123025419.764042
98d7f0935f021acf313630a5,1096242840.066286
a362533eea6c235049bf3359,739721076.9093959
2ddda0ae748b38a6258f660c,1278771335.4082234
b18107a422b9eb6da9fb692f,893845788.0118046
11cd643195dbe5dd4567b62a,888731633.6146891
c9ee7f0666429c0c15c37499,256295209.08552575
c386d1ac4fa8dcec4cbf9788,929947797.3263783
21e0bc9789139640ea33ed09,891621647.1454526
cacb91ac1b835d62422b8a8e,1068262921.4655268
bc41e69def6bc7490800c4a4,333595533.1199546
7a13669d2d7ed2e50b80b4d8,582966877.6919045
08dbbd8d672fd09463c061a5,616000355.290511
cb93b0d5e9a26628b0462b14,613738728.4473419
d6a43f209f810455fa41dfd6,504826891.3277552
ed5dfe95f82f4c087af07045,664703590.5777657
02060d2f56e979a61427f806,981812660.1311562
88ffa9f0bc3f6c9f2e589a75,1260947124.3282213
b48093abeaa178d1f7fbd83b,661493724.4943697
b42734770dacb7e580a6d742,740413541.9991457
d3aa845e96d22f31a3656aa1,565456310.3607522
becc3ae7a71d597bcb16d261,674394331.7621374
8dcfc24742ba669335a2d65f,713864733.7532884
45e2411d38589a2d85774c5f,699901144.2710323
9761b0f43949eb5307472ba2,1055862352.1004679
e07035cb49625760c7da85d1,326160869.9053477
f88bb9c5a471504c13d3616c,636009488.7303803
4bb5265c6e63449e5fbaa270,735927291.0826641
ac73b8700744cb7835f328cd,780027206.6697898
a632ececd6a023aae8a7b730,509323683.9389392
858288683063dea9d5c57420,509541522.72062945
d04f549fdf8f34bab19a171c,626379817.2065845
6ed5fa8f114431d158d35f43,336537149.7651482
f849dfccaa8163d24ed935e2,712480687.7426457
bfde6e7200fc27e6e6f1497e,1019041761.1819081
59c11d3de7153d2605cc2273,596477442.3651155
33ddf4e1ed8c864e9db16887,557191630.2406447
00f5ba660a4fcf6ddb96220a,740432375.6572826
a13004b87c6d7e7bf6b75730,662844056.4666487
eebc02ff14b6d270746ca055,718730398.0764436
65ba6e178f3565a84c6ff973,692621832.3504627
a57f40f00f80abc7450aaf9b,671368798.6123612
df37b916acdce817865197ae,696807264.004445
b5c074ee2e2538aeca099fc4,898421220.2020115
004c9da9ef1b3b5e309e475a,678493248.9247794
c5b47ac5c4b7476d50bd56ec,674178084.5444167
778ec765417db9ee48d697de,685739091.2451735
b287339babba162e290d0fb0,510147207.26130897
4d35e00e86a9d508d82ea90a,493120243.76512754
0dc2a023fb6c5e0b92d86ae2,645895082.2682202
5787d7c671378e596edfb58c,702358234.9421887
8595b5517cb3f1ff8094d67c,948804723.0667949
f4d53276bdb5899c6f059c67,697548304.6955037
9562ef63320854bc6f94b5a4,567191060.0606601
c04e72fb6244d9a9b28322b8,1063621517.2999132
3d141576443a97b0202c9672,1072244895.4645307
7caa4bad394586a46dfad854,728242745.2110856
8420bb74fadc0c8853cda025,398339246.53474665
b274adb68a37458cc5181fe2,851277115.4328897
8561bc940a91f029147430f1,775548274.687983
258a968e403e747af5693a3a,1126329049.2718813
0de34892fee879f449facb19,718369695.98476
9634cfebe7e6b095f0065ee7,933011096.0850388
1f3544c9f47bc00fcdf59d74,460736209.25146043
e3077f6e47d130106e7165c9,1042793776.0748591
f0ce47907c3c30b6b5e990b1,1011059885.4611272
1432cf7de2beb14fc7603ae7,1249126943.0753214
60f0df18cb4324ce5f4bf650,778155475.8802905
7c1dc421f5a689aea5babe4c,737245434.8346028
020dfae44183c65b708727c7,518366229.55001116
92a9c07259efc617e7d58f9c,697161821.7686234
18531c57f6dca78763d360bf,562624243.3343596
dacd62440872b6e94ea56fab,761370035.8357726
b607bd072e8293d6594f3829,1121035828.5567427
eb86c1da60250e5559fc3cfe,689212535.267396
fae649fc7256b9a3ec036583,701396365.8641682
b7fa81aa571906a93e9b6cba,837242103.3154172
0823be832fff81b3f1291859,435956028.13743156
fca3a0fe5db369235960d285,495544077.5366658
496fd5c93b2a578d970ed55f,498623778.93823946
9c63c6c27c74c03f071385e2,941831573.8413223
6ebe90f7140b738b3696f086,538277505.9164102
7110d6374f3fc282e4f4bdb0,667030300.1613617
d33994c75d98941acffeeb90,1065960081.9485515
b8e8d84450f5e0bc8a721c94,797467380.2696702
cba57e3b393b3e392c7431fb,1086675236.3628044
fc2ceba651bc629e7f690849,787698418.4646937
857761b5fc5c7d101cb765b6,745818131.0579734
55f67dd7302b68477e803399,604791752.389062
19f538269846412f3e150a4a,1138969006.2340717
75e0fa8e5c83c49d3a0dea48,1161518859.4659824
fcdbfb9e15352cf210cce7cd,935050491.3436934
c2b91ce4b1bc8c576a0ce1c8,928653739.4314358
73eaff92528288fdbcd61e2a,1294281510.9171484
f6544a1c169aafe6c8142907,918857543.5102155
cba9aead5bad82b31da51e6e,806235717.6777763
b239bdcbfae846bf74791728,768862768.905531
3b823e81c5378ee3c977e863,882826593.3662314
1b4db5fcd1f92d3aadd5c28f,961254107.0923793
b50a6b85399ea2c6b5c33405,970516768.2094648
1e6176a558f301d81bb050f8,942762885.2827299
8bcc1b035ea93a5192256b37,810143926.2170256
71a3f0980cdfea0ebb869935,513375711.54782736
8cd0345dfac13ab380240b0d,882826593.3662314
e66b2c71519ef8756db69b97,696648056.4288305
c843044c1fb30819300448d9,488175504.5303676
4ae10e7fec364242c88e511b,600371578.9444687
c9e92b994e48df83dcf9976b,1255583370.2912
27f41f09ccf8d182c79cd48a,1240844551.5767913
d8a7c0b01bb545c414e12a23,1351619676.334804
f3e2fddf1dbb400788a5517d,1061391626.8252265
89a066b7d6a31dd066fa0d32,839684272.8096051
c245bfa6587eeb55227c8a4d,962600057.7445903
500d7c5346ca11ba934e7ca5,976057974.114748
536fa59adc007df763949045,1010605331.8752403
223813dc0188fc229b63e8f3,1285332898.6126018
7c972ecb7b90537b1da0deba,605425338.8152487
98d8411005ac05d77cb12516,1124555747.0915132
d12c08cf48be75014a149873,1125260719.0382488
955544a0bc2eff312e965c2e,1173016223.8777947
20488db7a62f765ac8da0a2c,740262261.1547552
3f370094239ab6fc817e9ec0,1031578701.6164417
ff54bb34225682d25c551178,1125260719.0382488
d0c7294b2184d0b4d0e2fa07,1031578701.6164417
104e960974eee31e7e0eac6b,876107225.8287497
0d477acd9c95e9ec63839a53,689968696.226389
6d255e0026d70dd44229a2f7,1164560807.4461727
926cdc0242544bbc850520ff,517791630.0415857
e75a05dc0018f29517948ea1,450339323.64270043
dc40c56571cbee9c2b7770f0,1059227357.9012148
2f76a2b53e091df35a125b13,540947017.9304116
a4a49182c79c72854732594a,543130991.2025468
50287f73d47b4cc4c2e1840f,872236063.3255646
5efca36c25884a2822bb7a81,418516930.57648045
4347bf26ecd61ebc7a16b4a3,837204326.3241462
7c979648ab3729b2c0cd2106,1067208197.7353027
f40acdcf5cb9925c09c9df7a,832897603.8825746
6ff3eaf8b5a2f16efddde1cc,685029045.9388157
d35596846155e74d1a637d7c,1073350675.1796467
a389a1ca097a820fd9af9d15,776116856.0118175
ef450748c440c4958e5db54d,1013921418.5080473
02779b92b2f9bafde0c75c11,822638770.186874
77e5e0b64140fa00b0227a3b,550759344.5233383
eb55b0778607da932c3b311f,1013921418.5080473
9fa391febd5d0a8e4c6ecb8f,269979779.85535
6270356f1cc3dff186d0ff4e,697281335.9322127
ea7d5c601c3f8c86ca8f15e1,1011523843.8986285
072efeafd082025bbc5a25e5,1050964043.7436419
d8bb6151d30573c7595ee7c0,551320585.3411627
f26c43f2304c8c694c818a9b,694118085.4635752
14ea4a7c57d830eba13638b1,741954719.965668
c1ac42dad98d2f23dcbf140d,778457354.0481064
aa6af44635b5d51da4b02059,840764988.2995704
291a4ea1a695347e1901bd4b,1047421591.0924904
024d2e34a561efaf4811c17a,1051900091.618314
e5a40a555d11d4429b9675c3,725586638.841162
3a10398b72905bd710ffe9e1,792531630.8650192
340d1313fc2dc8e5b6918262,751494519.3932594
699bf5460c63a4d0e4542ade,1225272001.741883
e98bb3a89bcec8650e33e730,961056800.8010168
5de86bddd492f76596b17a0d,1141335034.3819504
95dae083200a9e43a5aaf210,975917470.6068923
23fe512fcb21a0b84781a318,419028470.0254983
a9dd62f527cb0dbfa51aeb7f,687684440.0418581
8964dbb5b0cbfe509613a63f,1207373857.3898134
f75009356c700f7da7106cc7,687689061.9468279
6f502f363fb55811478e3b88,536746672.63148457
a48f29071cf207b27ddb03da,677799168.117756
b46bbf66cc82a4345c5da177,777053858.6348449
a460aea3370926825b0dbc13,1051735481.2500713
7a21a8d99a85171334695004,786103972.0864065
279f6f594d3f8ca8e8a5e2d5,1381084797.506419
bc3c509022e3f6104cba5203,1183976482.8970218
654d2a3a0e02065560ba2484,593913880.955637
02a2ebb6eca5772e3526d78b,686279023.2933588
d4646b7f4dbebf9785963cfc,845990887.1143637
68fabddb27fc928b57efcfea,1018550285.4874115
53688de79b052b3185fa9435,831722290.2914019
bb962a9e3861b06ae1daf833,777778562.9372959
d80c5f0b8ba55e7cf105d282,706860987.1750704
ed88c773fa9ae8bb29645fbf,646868784.3998528
0c3af9e0e9c80a68acebd041,574319989.658267
0faec12daf0493a512b2fa0c,1482624328.530423
1807debb0a0b590b9ba4ebcc,723867942.6728356
20a2a0dfc963fb8a355e704b,803295217.3115028
a2c033f497e62ea10ff8ba3d,1145202817.302794
985e40843a30150e6892e4f9,729474114.6103112
2ba0807f8cbdac389424ae04,812000383.2234204
9a565e7220cbc3d5d340e8d7,1115989878.082411
33598222854631e92fb72baa,1155845006.5269904
03fb5bfbc1895115a04e8116,970069416.2636378
5045ba9a65b4bce4fd305f82,687853010.4955691
277f6440854cb0c98728e685,684472103.7438431
12c7037cfa63de49e984a789,647883972.0837959
ed9976e922a774cafb601f5e,596306079.5318506
ccc70d1d8e4411331730bd7d,373289433.02251387
30d38a7bab2eaaef1ff6be0d,719899105.184252
31a6c440ca9eb29acc0f1086,1146021965.6008527
7a82ce4b2dcd2b43485f5047,916595711.7443507
a74be48ad396ae4aa33ffed6,925110496.8391535
4ea46b833575642ecb2ed1cf,323572368.0266964
b780a0ec18c61b0760df9433,936923465.5836084
b83a5c303a2b079585b9b94f,533481406.30981493
a3c45875c0834b144f834798,446849324.49766314
c3ae3f44bbae215f7f2fad9b,371487084.76537514
5d54a0a596d49d9f85f1b5e8,972969244.2865226
355d1fb69bcb4e8e8ed9ba1a,775694105.669444
cd791a46ed616911ae7d4fbd,740957485.2535955
d2d2f335839ed35571b19bb1,906005080.0180507
0823b0dc92805ab05d3f8650,1405639319.6651258
f92f4d135119fa88994929ec,1288011133.9920852
401f0de98764e9fdd4055406,550607035.9988848
68a7d01e50462f7506f8c8d7,620615982.1162715
e4434407771070783b97c014,1095796870.2007418
7e1153d411af129357ae5c10,917240545.8048412
f409c701e200046f574f4e06,580204645.42819
30a8b9c197bc42f088d0b873,650870263.1405479
d5abd56b5a8ab8c2f61a07f3,776783082.5767812
805a27aeafb3ca91cac56d14,771031551.2229418
1ee04111d277e8758f740139,544607934.2736384
b9de7d7b9a8ef7c64e5f6bdf,653043338.5597979
5a12a15af3c0585d81ba8f5a,581801510.3691605
abb63383766a9853c1091c5a,832310497.6098149
1f95c205d5094c674f6e45a5,1160298344.854443
4911a6285f548dd30c8061e3,786712853.3198955
0b9730cff49bcaeb4d703c06,680271288.5239333
f033750cb9db15e886b156ce,1135780782.1669354
fc7e93bffb7fbbdebebfaa2c,988514818.0590942
4f500afb7f7bb42189820a18,868461246.3877443
3921d7b508fa1591d40802d4,476772869.25747913
caddb9dce27a7e8012478da5,828768089.8974111
4eeafa126ac5f301cf60f9ff,521498486.68319434
59afb00a84b4f2a9ffbf71c6,775225817.7083336
7baa3608aad1fbf357d789a6,807031142.1986426
a5b8869e9cd3d0cc32a0b298,1160004212.4024632
d084dce4ab9c4008ffa3bbc4,965102617.2419419
e3ff13537ffb7172336ab5c0,863336647.4144392
1bc2ae31ed1970ba52b1ff60,1351821937.4487371
eac7136b26bccb3c5d2b6202,765313000.6005955
073fccba71b28afd815be434,648500876.0492678
9b1c23d616e9407fff6553d6,474110700.69445467
4122eca7b73c1347a7814a70,1022550872.1791503
cece8267e60c2461d6c409a2,1202470890.9556556
ba4e89128058d5564987dfc5,474110700.69445467
69843aedb25a928097a22a89,825832656.7386762
a45863121bdec787e119b14c,288067045.0582164
02e8811bff38125bcf8e1a6d,797385934.66556
d709a76487a49bf257489c0b,377362107.64541733
46c42803286c800351fe633b,921356569.7876184
2ae3ae7f794d558ec119287d,933517973.2092565
76991a35e9c1b69e1616659d,698506707.4790909
3de5d35f742cb4eb68d5f314,670161862.8295022
a53c748935206f61751dec1f,546669094.8767136
ddaf8a1e5e6922cc3dee5caa,636645045.4104378
841fed959f036a03697868e8,665679281.6330589
ebe1b5c9471f3441a388f7ac,758485905.6991614
f0f9bedbcb57383511805d17,865262116.2199097
f9402b785deedebd3ddbce6e,718479540.279302
d1f92e6b18faf07ab70ca1ae,871666673.9272254
6e794276348acc39751eaf47,1001888867.1000447
4b04e0296820d04421db5219,560612310.0539545
ea0ca17e989ec57a480aa464,1111519312.34644
cc6fcb8ea6556f676c13a76e,1009867029.0027342
2778de5e56ad7ece898249e9,1052694066.8430891
9f0bdae4f8609ec93588de3c,943037408.3483231
90dcc3f9428a4e7cc396a15b,818516933.9284345
2d7bf0032580e6b6dd1ce36b,791276257.3686678
c45d86d17d1d0519b455b7d4,1042897411.2058027
4c7e7cfb286d82aa96356fb5,1325173957.0264196
edc204c3e18368e0a9eab593,1373832528.371506
e789e801fb5d4501b5d64e2d,865623411.8276113
3997c10ceccd2f8c8e43cda0,1280807401.7650406
580d8eee8dc4b7d43cb193c7,782078779.4873421
c823e3fcfbf0c43bf2d82586,1110350291.9237285
30677852542c78698083d4f3,1441012407.2296433
8fc78c514a2f1cdbc5ae6e1b,1310347193.182383
73c618d704a2e1ac2bc41954,820048081.2105739
4ba85374c1d1f1d3f4632ca1,342034143.96964717
9a471715e4c4865b822a6b77,530300841.1184537
4e9f1e21c855f1166428fbdd,491640388.3183426
f11137d27a5d7fa57f94e97f,962694469.4345407
5fe5f3c5919c0ebd57ec8e36,502850643.19545627
e40742774df7d2b614f32de6,433626615.03483784
24b28522c72f7fc359f2a718,826973891.080481
26ff1e1f4a6f6bda702fdabe,780940853.1427956
9e617d1fd8a4f33d7b66098a,1450151497.5847583
3b4e889562e4078f8f369172,686840143.7730707
3a50d40f15b1cf5bfb338092,329406395.96971893
cb2188cb8e534973ea3411a5,822927983.9422592
fa57f96bc6affd285d10c4f9,328008427.7651344
c0ea6c76eb977d83c163fd7a,649024755.518349
367cd12d7f4aa93124047eb9,610169668.3591728
54952b5f463c64c605576601,341914805.7612767
57eaaaf24cf82d885f0f1dff,744200585.7766371
f2ba4a7a0765c3ce737b5c81,904353410.9802892
5282c3c48495dc31359e70c6,576092814.2294669
552b01d72edb192663998c4b,707054539.9646088
5f3a1ab21669ad9234d4dc63,996649025.1621397
68f431548c330f84c46174f6,987711059.9658885
048051ce9bf8f6a48e9451fd,1184138520.1680212
fa4028ad48fb2082d167989d,633752713.8919178
5b1902dd7768f5144ae7704c,1042849354.2998936
be0a8f4be774eeaa42fe460d,854031246.5153337
16263617308958055850aef9,1109815269.04639
729f5fab1578f8cae4fca8f9,1061535860.3842838
bddb9388922dd56737d8847b,997701579.242553
9847a4ab995b7b1c30196704,1195990216.805288
d19937a773269962c7f9e8a3,1209667206.6117682
b3c8714dcaf5322475ce2c60,1113025301.614014
875126e5776dabde40e29b09,859369201.0929441
3a36f59d7c0e6c4eb85ca0cd,1138475093.0538254
630f00e15cbd7826475d1509,989321083.4358423
434782c3d1dc2b9ce7bcbbd9,740180850.1024977
a470bd174fc7587dc1449c89,1376260084.3820171
99c6f87ac92cc323c8caa005,1376734462.126585
ac9ae945fe25a46184057606,1349268938.7470627
15d910dd93e0aec22ccc2083,1345198198.0714493
6e1a9c8457d3ac6a57598052,1025673867.0443795
14e179618d1a44c5c55e23e6,568365538.0155488
2b8b979cf1952fcedc63ca9e,374695465.6824139
7cfc3061c0b2f3bd48375ab9,842746180.1347874
7200e3ba2013876cdbbde972,856854655.7057983
9ddc1924043ee8361201b39d,1099152910.6028252
f22d6cc8c9611a7c23fa8969,1071607113.7949458
b7c0a0a4f5c5b986a70ff249,593212037.150425
adf176b63ea23e08d252b5ea,875830331.5655363
77069fb9fac6b61aa6a89ae3,989806896.0936642
7f0f27f6d30c743acb3e867f,1043787624.6635323
7e299fd8c2d53ff1cf95aee3,1089006846.8313596
f309733881a4f89d9c8a8958,944751523.2996953
0f937643c067371018c8deee,1044830110.7769784
8e35609c1265ddf59e1c015c,714249018.4933497
c1ba606f32ce0337cbccc2b1,807281701.0048834
15f02dd18da12f4d7b0ac2ab,661435964.6374037
bcbe8ed608f233d5ed7362c1,1192224040.818509
14611fccccfa2a6499b2acef,646638902.6246237
b10b428245022d55db248b72,487674182.4789063
13e6c5cde1004803fed93cfc,520719070.2254389
ba31c38eada33f680d44627a,910430515.4180455
3786daeec4a4fb40ef07d8e5,1086493826.967598
7736ac030d8b587f44f7898b,975727333.8642962
98f89d21e5dbe53f8704e745,954470657.4905276
981fcb79db3881259eb303bb,503118028.19843316
08bb88dabf0070f72a801a4b,958350797.1501298
32d56542ab5486bdaf4466fc,823078408.258613
c0f911fe7ee2113ec59cb5f8,704764732.6615295
3adadd50e603746e5e4fc082,760602886.4720565
d117e9672b3ea0435e7a894d,503118028.19843316
020473766363019ee40d6685,998763456.8096045
b04d16faf40ee02eda59a9af,503118028.19843316
bd6f3819a1c0e551598fb9c7,383057102.3010712
5520cf373444931ed8630635,570350290.0016239
40355fef059659469e16e3ec,478298683.17842126
deb844a2812586991b3022f4,720370916.490337
ac0b895f523b53b4abd013dd,813246431.5457163
ac208e250f5ae3e5e1008351,591998349.5519681
0064cd1c55914cc8370a096f,495697256.86494356
165fab7a9f8dd404cf4e9d9a,580516140.4002943
df3eca0f59974a812b4ea9b4,1058455272.6332645
1b7c062b606d0560e850a2e6,508870291.1807848
87ddb3a17b601cf7c61e8c07,641307384.5257193
837cb6389640f3919bc73e9b,1075602820.7301364
77bab76414ecb20888cef7a1,929902363.3298526
a9268ef5b7133cf6ed1a376a,937431338.2906259
cf7cbedea50333cd2dfb0e30,742683892.2175452
b0cfed2d25a5d78c96d39d20,570231222.8077246
ec0c283eeb8db461c20af1d6,1046196453.3616989
27c3b7ba2991e7bc0c9fc322,898742424.469498
0332c7ec0d3e547ec6d61664,1175425305.0768757
e58b92216ee6438a921ee0d4,796462424.2721877
f7959842378c94c9f620f561,994375569.7089992
cd0236af88ded6bc15b49eb2,975727333.8642962
d40e0c2222c0debe89735e88,994375569.7089992
2bc9bbe0f0216ed9d865a85a,685092373.8728696
e9bbc31499ca187c6a492175,654044421.3011868
f2409d037bc8b3e63ca69fd7,832254043.8044927
5ad71b7cfd356a75021174ab,607633679.1795236
67dec8c47ad4de9605d56db7,621908574.66355
c6d679cc07ce4373197748a8,1211594791.5245328
a36ff3637b7d2b1c52999ea8,829519003.2011005
3a384d68b7ddab45e01b6e99,989962802.2620192
42d34ca2252acaf6e777d23b,1317050032.9620929
c4b2a42a8908cc35e649fb16,742170535.5810008
18c38418824075acaad8f960,660489634.7476048
85bb6775065df76bda33f738,730047615.1105664
14cee0bdd9dd5537b96d0786,725160847.7548413
ab332133aca64315672a7192,829987689.8032182
d53b60b0f2c65918153ca2e5,600518379.3450297
ed1f81648083d4d2726710ac,673221078.3094751
b6692a933facd74b4b11569e,475056853.9317818
90e00fc58569167c00fae7d0,843320359.1550463
8a514fffdec277cd46c7cc71,979010701.6426432
7f0b4b5851c77d78805320c5,541172030.2160516
fed1a608e3c0f2b79cd02ebb,894142079.7890875
075a5474294e25da55373a09,387970677.16178024
8826b9e008064cea38855d35,574955714.2004431
660eb3b40b2bcd07df8f5c3f,469726091.1702398
d55cdfba22aae78b6fab5491,444672499.4462904
ea6e83dbade169818975e5b3,618658870.0040947
dcac44d3f8024c6ea1632432,411691918.4836183
2772adb268cffadfb2917c2f,531984782.41008914
3192bb7190b9130c4e67be4e,988125272.1641321
9d892f73b02f001c2f715607,532008345.92024714
c27d72aa1fc5d37f4cc105eb,1035599189.9173939
6c0ac32bc8a66844197c5fb4,988792131.0253596
52338f4f7c8af6c649106a96,544205695.3865342
356815b8ffc300fe03073b7a,759098449.9808247
22c780d56cb97fc34f29e9cb,333950588.0372637
806907598158861a6958388c,555248747.9456086
449cddc4dc3ef1e93b7f7c26,576290009.3405008
b225270821758e45cdead76d,523586717.2326627
e07bc486c6f5541e4788f83b,828818121.334591
970c0d4928a9292748c0fd00,1031073097.9935142
f73f720abdfe4b5adfa2bcda,623233614.9218973
48d3b0ef6e5f999bb90fbfc1,738079634.5440693
b3ec2f8af6e9adce047536b8,840038852.7833261
0e1c66f843e06f14d7264864,635595154.6299975
91c4f018fc7939d150593935,967144802.1801615
102434eee07ed18268857a9d,811972132.1903636
a4c70eae507d630c2f285eb5,1132943659.1607437
45abee1de734dc32936d0b1d,840151644.4452298
82bdf442e186baa829e06da1,719359925.3393743
019cd320e02a64ba3ba9a37d,811828461.509448
ba1b3c8ac8afafef56233c84,931357769.2475762
3c3a0f57e030472879f454d8,1077956141.9442854
d520e90e7d0c44a6b8852e5b,594821009.8709283
38328747d2e1e0e568c05523,662628044.8088545
659e9ad0f593b644071cd850,839561754.5459096
3e6645f2cd377ba17ae2e46e,350894879.76674986
307eb683db84db535106c445,750480583.6609026
26c8961848e3a77d98049638,784266115.1004124
52373e15e9dc1ad371a0c090,588221840.1963505
e5b2a446c12222efc187e02e,601209320.9420338
156f706d1d30de19f7e369ea,692012449.8879923
aa94d2ad36bc0e91bf561be5,918656803.8945842
8ab41842b8e41b89d8670ecb,517939267.3082609
b19ab02a8e22f3e88a26031b,841951875.6247121
a6b1ca7a4e91c4c0f4366984,872645471.7647436
a277d5e8216fdc3d7c93eb2b,765511625.3678421
f939b7271c4d399a5e647f8f,844021455.7672317
941392f9a135909273422dec,769787215.7729475
e07d8e9e38e309958288a516,878934606.0879395
258f10f742fcc835d53063cf,895405077.2269453
fb672b4cb1b66f2022f36a40,794350245.9912024
ce9dbb6d009cbdbe654edcfc,968448515.0837164
22e524f1fab17d5b8616d741,1318258522.3360388
7f0d874df9235245f47b04c3,1017282648.2837104
27a8a052b815998c771a1f55,1318258522.3360388
b80593fba07e21f8bdbc352e,1399445362.5439513
d18d990404e7fd07424f5a77,626122216.2662655
033599f7e7ecd8d9c8cfba46,1071292451.5338607
51cf2fa527c3db62914169b7,715135898.1518364
2b2fa2ed0055a19859e78446,782159654.9480383
a8e1adbf076dd737c079129c,1150809859.8881943
adf948af7b24f9b6f29610cd,725218123.9984801
23473bcde48f634641769e22,480424229.11854887
c90486bba327ede32dec60a6,846696424.321635
d254d88ea0989a609b71fb72,544075565.6783265
2373c595d24a7b862b518ec5,997900647.2270133
ec401de1c0ab2dbc149da048,795756107.6984234
17c0a8fd3a2c8b5b18d61e4b,824849076.5698601
1a1016e7a96da2237b391be5,625703465.6066138
c5b40b510bf7f121c93a2332,871747364.2379202
aca37e216a27b4dd5337df99,761976062.6707225
96f59167d17d1c99f31be997,808057418.7560201
062b36cb4a87cec372f9f91d,749844026.191492
0466a7e06b152c1860d44334,730342652.770046
f44726680d0c594a2d430bbb,978663517.1348674
8aac8946e7ae5725971c5557,961344420.8448195
e1aa6c46135f4d1aa1b7a1f4,865164721.8154107
fdbe5801070756d1744211cc,1046675926.4681072
6ec4c88b8d3a16148e2e7348,1043869792.721326
57c87ce038e4e523b4ec189b,711879899.5582306
9bd500fb24eebd53d8262b62,1008630344.4948757
85a86e01443aba593f95dae4,754747696.0751488
13e2ec0a12c8a48a753b85ef,450206708.1181777
b93dc01af5f49e6dcfb7a547,476190083.86658806
71a42155184509caba01a1dc,446845090.5896814
25fb1c0c4aace859265de172,840151644.4452298
6f63e4f866bda86d5c993c8d,555374760.6656826
72bc42a5c73e7b1f9d54c835,931345945.1910233
c06f36b42021a1512cb6e3bb,426896439.86259973
f1a7fa5dc1996591ff97a34e,606188782.7368543
6128a8deb1f0bfbbf0d67769,918809845.3322142
b5254c6c29b4f6984d328216,407591571.7120975
6cb19c3e491a60bb2c166669,551664404.0716981
dda4ee9f3811c29e2b261a5c,594821009.8709283
7a564ce9a4ed3d2b8fbb1103,840151644.4452298
63b982fab95cd17211a4a58d,549743592.5635606
5272c50f1d8fded01f7fb0e0,588143816.3382059
02b47e60ab77588aff6cb433,929833107.2645772
ddcc7f7a087aa5f4797a8a5d,538277505.9164102
77a887ca508d924ad5203194,784067073.0497282
b57ab7afef2b8aee016ce6a0,984958302.2814066
640a801d503d85835eb65a42,1052784133.5152638
767ff947b16b2271f516c28d,852971027.1980301
1dbb46a250f504e9c8673bed,768623876.5754766
fd6e9c9ed7679485dfd0b022,761022213.5863588
7dc4f9de14c2924b229ca0a3,963737776.0045493
3064379f468404110d594c87,1060643350.328974
6005ebd6442c62f8becdd2f5,1016075713.0722134
b62e960eebdf95c2eaaaf9f3,1105033352.6056216
7b0258f1aaee97661c34de64,736797895.7011781
91e2f9f7d4ed776d38a3274f,696753320.3925493
d505277049a254f960e114ef,1061343180.7749143
32040dd7b8edfbe331773288,1032946070.4461303
70e427235490d7d9c9239676,1146559602.5487444
1a2aa38b8e18fd7ed5be77ff,640817869.8624116
4883f7ce7086ba9c8ddd4315,1070452239.1853082
4116cde03803e63a3e87e847,1028907163.8257434
d6de5d741702387dc3f4481f,989379165.6653392
2346533f4712f3bbd036d85b,1065960081.9485515
f6a12c0f02fcff1be042ed0e,787698418.4646937
eba3cb8156e0115bd7dfb525,1227089888.1136827
ff27ae490bf03513b6bb386f,1194215778.013949
e87779bf2f8af86fc4ae9583,340485504.49103284
4a809b3987cff0290c1df8fc,466056981.60027695
8f4241a17d1211687bf232c4,500510594.68290627
bd8c1ff6f9919ec6f1dccda9,634329705.8291835
081e008e772c6a79b809a87b,958278155.7849445
0eff08cf4bc42dd442a70231,1008006751.7291982
b4e084d14962cc58d4089955,1034841576.5428674
d02c3b5ac6fa0ed6db06e490,1020508528.2918084
e8abf103cbe9fecbdd758516,1034841576.5428674
05308c4f3d0e0887e4a68a92,736893144.3642156
256a6ba3ff423a899229f154,566604758.4112003
097314d920292b46eab5dbc1,798458639.2788593
4ce0fcf14266d144c82f8d4b,513131307.8600733
548791b5faf236b1c03b7523,744240444.7430776
40ef1682158d0c3cd07f484b,1086783997.359001
7b473504c85e9cb576f951e2,595894565.8129257
730c7382d76a07904f559b28,643092767.2772607
e05598d3c49f409b937ff2a1,526797262.47522354
844dc89fe6588acccf0c7536,606472574.0866902
ad1492590bf61d2cc83b493c,858709691.5853678
88fce3ad9b8a965dc11336cf,718172994.269529
b76d853ea415967415ace0d7,663461463.0021237
c12c81b3eb12bb329466e88a,1221838016.8328748
4e27458d179a469435d02ff4,874411002.1376352
8d15b4bb1447eba7a680ef47,272441210.5041305
482c7150c7555cb35558398c,997813993.09042
e5d6be06fd53d317c8e5c7c0,646071037.6579432
f798e7105aa8aa66750a2c85,1036755536.2311652
eb24e0a0ebfbe16eba466280,1089733782.616118
618dede0dbd48df4fe610af1,1028427447.1889346
6fd936b82bcfd3cd2451bdfa,876680161.2303278
adbb5c4ba7be2903799a51b2,1075978270.2190487
3a99197868ce338c738a3b20,670762566.1895863
d4c45f35f214fc226ec85b36,1026138970.8231783
c3140ab2134de662162af508,334245388.56263965
0fe23ccd8e42605f4d9f78a7,235331840.3507151
8816e8101ddc4e704053e23c,933517973.2092565
64ecb100d7882ddec6bafbcb,940539885.3246903
9151a8c65e1f01ce591c595d,675871761.9119302
c8a40314be3014c2a218f5bd,993391311.2882046
29bd4cbe11f44759e07487fd,659870032.8483015
72ddab9ba5f24941e4dbed6b,1065044413.8912908
1f18df9ee1b19359816ed13c,740813791.8334544
fb82175fad61a81e9b665fd3,1099696351.2910266
dee2e190c4e2539124ac3ee1,730901157.693481
0cc2f3a49dd703e7554ba638,812812672.2957578
ece0394e38b152e6c1571324,1376734462.126585
e14328c988a27176e9fc63af,928584786.2722621
a91664b9f15f9d6f262e7b2e,1143640345.3216276
d54270fd6b09b38a978cd7b9,754047713.373882
40c74dec061500aaa78f78b7,675881377.5462984
cbf6faf7b47b43b2a77b3654,752142748.5453185
52fa1eb3cc7cc2f77ff98764,674790962.1581008
bae512bdd3b04405c519bf4a,660031659.7335513
e7fbff0a25cde72a38e7c7bb,1172282420.754971
d3f297fadece964afe5f1cc4,1053554586.2279599
2679ba671751ff16e76f1807,751263376.5073583
8059e45ca26bfefbb18d8e40,1101374128.5422378
9e7ee8e17b1e76965e96ef95,1082855945.4960923
9039bc918a76e486041842d0,805405672.3493223
1d7912750a5e345f7edcdcbf,508688090.9932748
4fe0482ad622080f55a0460f,704623508.7235674
953fd7541735fa8d9a342642,1160259615.0641155
0b3021c156324d1e7974ce3b,1081488111.8523712
b0a8e4b4ef6678e6b43865e2,647314139.8933258
bb47fda808b52f30364a4d6f,683080576.4426726
d846dbe691d0ee3ac5c3bec6,1132743323.1990085
21932b5a5fa65d237ddb6293,683080576.4426726
07481a101afc1d5db45245df,869746415.451563
d99c00c516cf57b6fd9e877b,593899423.5186168
6dbb494acdc64c03742fa730,808128336.9809444
35f69c7a9870ac62735d7639,464429446.94468117
2721f5495ef5dde16fd29cf4,1135468559.5759783
0c068dbfdafa3429c71189af,1102791219.5380206
f3293c4064d71f9322ca97b2,917883249.1887659
5eb268b95d7b6006b064f9af,758503478.8141482
e13a1c06ccbf814945dbc768,1038116527.1610949
935a1e8c7e62ca9d3bff398e,790942704.6387514
f0c7ecd3b2261873d3664748,1056724671.9182849
d2f20425e236285124eaebad,609588278.0940995
05926b977b5df59857194ec1,629944245.122845
f548ef815603ec44f4629a60,1214479488.0337458
6cd147720319f60ed2599361,797606517.6170952
6302477fe8172d08f3b4815f,587612638.0132387
b0af9b1e84a1886489d46b91,922143141.3844093
5f3a2a31f6d1838e0a9531fd,1101363078.1469927
96786aff35713dc21f6bfe5f,996833586.2743943
68de232e27aa83405b4a19b9,1245369522.293706
8d252e9b0912f09703110b81,593481763.3207355
f4e646df504728ee1e6ad0d8,595428270.8883364
e89cf4cc82c5283f3db6f5f6,731314068.3521869
1bc2c099466f9a989266be0d,477965324.322941
bef2008b362c4af1fc3be566,638781294.1068184
7988f76ba063d25a4f467730,799679345.8619604
391a98a344e894c6397d62f3,363767636.5916451
5ab0b8b0d6d93c4654b5cc14,799302960.1486346
305d6abea2f3e496e3b6fcf4,1120268266.1367574
f512fde4fa3f1f7fe885de83,737056529.947307
c7b6e7a287602275f7854ef0,1132507411.4815376
3d11a16b008c26fe43deca03,819755281.1678963
ac7f21d22d013874c362d440,585124341.8725566
c933750eeb53302db0245782,558506944.7983243
766a8ff17723a5c34324576b,698320689.5073953
802fe3175a2059f12d7edb99,1068855780.406452
508bfd077c80b6cdfc5a10e1,1120153829.6178613
ddf8733adb641e15837bd728,606212664.514577
17914fbe0c3634dae8ce9d71,1014942434.0196141
09e4397bf9794fe24d87d07c,676240274.2548977
302918a3460b98acb64fafdd,608530147.9666675
a7e57a8be8fc8d8a844cf9f0,366976649.97031236
7b50b071f4d795c9b5ad7531,931123311.1432906
91a7bcd95c0c960e4cc22d91,685564485.7314874
5d4a23137173c0e2288ec418,644878833.2298373
751ba0c00d4fae1078c02fb9,662167144.3246856
e6bc998ad1d87c5be3559ab1,921899271.7554721
53aa9cd32e2a6aa346d3d789,921899271.7554721
06f22f7a8e4e78f45ae81638,924396841.7492145
2105c17a4e2f97183e24aa4b,764359983.1567014
ec13a869c212c39b6ba21b57,748228956.5056032
0b49dedfb53ec812962e31e7,797174800.1759462
69e6fbd4d3816c4cc37b265a,980682226.0748335
ad46f8bd482500f3bb935737,700167014.2711834
368f7a70a62962bf31ec9583,1258015153.6173034
07412230b931192771072334,1084851920.2413845
e63d334d9ae8b672dc7b7d5c,1258015153.6173034
3e1c2c5b0831edf78f7b7082,1084851920.2413845
226277c02e8532922a1c769d,833117422.7800173
7902ada9116a1cf7458933cc,1255302175.8949466
b21f6e217d6733230a8eb7b7,1092536288.5014334
09ac622c303bce9ad5514442,583640650.5746914
ea63bca8e3a77fe88d88fafc,483250981.0357207
a3c7c54fa12d5b57dd997210,526841198.1847269
cdadb2607807935a0a5597e1,650172225.2256467
8d041784b65d33c76e5245a4,1099429592.0668044
e6807209b634455bad257998,648623626.2870485
b1e3f1efb232cb0976506cc2,827086750.0703697
dea95d98e8bff87b905f9172,1153960263.7034533
44b6382d9195ceb3f12d4939,977713440.4056585
41f33deb9990562def18c917,649357873.8160875
0a61250b2c208d42a3077bde,820048081.2105739
c714b30713eb7877ed3cd92a,668884535.385369
bf120b883bfaf7641eda65a9,673462959.5908725
90b34ed38e0f18988f11d77c,939856895.8449404
feade1f4b3b06fdc12ec213f,772405898.5060575
00bff9be2d524083e3b3149d,738173529.1437266
f1e38e53ddb8a9d5b641d934,942142985.720756
49dbaf0bcca86f32f86e641e,1158305802.6875434
18539b6cb6884f753e0ac18f,1043361427.7813456
7586a79a0151387a1c0cd85a,838908059.6492525
d533a334c2ad9d510865fe54,554057926.5342679
95f7bbdcfb59b4cdb41b0394,731664481.5198992
4a2ae08359e1ecd39b43afbc,739175581.5165989
e8cf39cada5b7755f60306d1,760466715.0263995
0489a476b376f7f6efbc193b,426624886.7303652
7b31b5e53015f8116fedb0c6,1072698207.7713804
4c0892a39011cc6a37fc1145,752953791.7652061
92d7d4fa9fd09075bec14a3c,1077406460.3414304
5e5ea93675900efebecaa19a,505793906.71753454
084de1226de9a6f4a6075c2d,673743534.9089295
54f16cb9563346e15b019102,463048332.81498826
512a6de80962ab797ed2bf72,942863083.6956873
871befe27fa79fc1e1813b19,1430347173.5584168
4e0b1df5e05ac505c701f519,539392920.9291551
37227e66adec69299f853e51,811074446.1191
0a0e3ee960f60d04ffd6bc0a,653480033.7007438
82b15a5da307865c7045dd56,745265047.2045364
44d596fa36e3992208292ade,940428720.4692695
3569024b3ae4865240973e6d,461776376.97810817
31d3215c8345d48ce9734c65,523391428.9055197
147e7f5381d3c951fc446376,545635828.4062679
77deea164a3a622df41249f5,649311442.8803986
3cdee5304896e4cb9604ebe3,1072495648.2077551
f5418917530b72c9fea14f66,559248925.7625699
ffcbce226963f10da8c53fd7,710573901.0834324
2fffe55a1584619bd7c489f6,698796320.7684801
3920eb3f72b96fcb58ef778a,459425329.5410185
d10bdbfbd411ae625dc80611,434578784.2595955
d61ac80c0d4737c3529f4a2e,466937502.0821099
f8948886cb4cb018eca25d19,536397093.80796486
da5bf7f1c7b2f4ad670e2382,875675939.876605
f406c9c3c92e9b31310a50ec,725587387.794855
171b560236ce760573a990fb,1411415227.5631225
4d852bd93332172bfb081aff,1411415227.5631225
2e1f7569d134a931098a2ede,777184421.6069715
6d8d2ba62c52445d78f687ed,1091018593.1036081
65ae1a893abdc2eaa63d9271,1354333559.0584674
c9c51c39725d7df94822fb20,630868668.6306955
56ddb54e50deaf650a25e82c,628379237.2620077
aeb330dede55fb66654901fa,782078779.4873421
4f4e3350c429c6afc0bb0094,759332660.2096008
39377d0d271da03ad85c7bd1,744200585.7766371
bda2fcbba2b412981e708054,865623411.8276113
eb89d0b7914010148e6bb597,717740541.6608211
513d0ddf1ce44ca671675fe1,1111519312.34644
14cd5f188cf6d2433240b5cd,610169668.3591728
dbbe0b6f5eb07a5f9ec873a2,588978804.8630879
f9acdd3fa50068bc0180d008,982024779.4578756
4a85c36fb854e922936b57fa,550036939.6708685
937876bdc44c3b8fe063a9aa,637889076.5904614
001399d3861c5792ccb8b515,1280807401.7650406
f28514aa4d6ffa36104411c7,696278356.5125886
3b185e3e31f7f5e6a1b3193c,903226887.2466177
f4c7cc4a249ae7037aa0b35e,829993689.3326089
b74a02ef5cc838952bb9afd4,617385947.1507695
75f5aff9fa70208ddd843779,632421324.1716467
b7273cac93fb7a0034039600,1117417972.842493
b73bcc0cbfa173c9fa404369,1063301999.2601504
3c4c18326318a7207b589dbd,285780394.81172323
29a230f7dde5753e65b661dd,1058043142.1021796
c083a5c64c4d6952accd7bdc,603924193.4899673
1cf29f882ee8b458b8f27091,786532270.1442626
94c15574aacdc5c3cf5a406b,600223798.7174065
661f7eaf134a5b142843368c,690104263.4409873
14a5bf235097782f468fbf23,570667235.0087748
d2d46c70dc048c92c8e4f09e,809840074.2216185
f6faf74c3f4e02a6b333b7af,1061560960.2598541
6dfa362ff7a0d55693793db3,744186168.6059474
b070e3747bcf22ed67509efc,707581623.3653774
7333f19416625d6f4244fe02,789833483.9048405
3c86651d9bbfbb335f15b544,754981856.6939608
9d8affa93ce4dc7c1a21b3a3,1034276985.0514079
eb8cc67810d95d1b102410b7,1094636620.2865899
047f94605add5f6f84fc3f90,754755032.2334355
56ba332c82c36f07ba6bd271,1171514915.6612248
5814a1dd61362ded4f1d8d8d,1415236821.8347907
141ac7bbe9637f9e5142135c,1330316573.1363084
08db0ce5cd15db2404ff3d28,866734185.8122834
c38677ed0876b7996f596336,468123652.61537224
daa4d7da8d7df8efc1adc9d1,513687595.9946082
f15c6403c6d4e3676a607780,773172368.9458842
4d0cf77f8cfcada2265ac585,530727317.74674076
4caab3951bd6cb6dc71ac8a0,654160314.8221656
7cb64b94877a9361f20027cd,541103923.9051526
3f438d6202cfd4527bd8f983,639207059.6544187
b7763beef728bc2021ebb841,545298818.8666111
4cea8ea969dcc433fcb59d96,1043933023.0108879
24fadbd1dec637edb728baa3,891670991.71933
63cf422266e7c39a6c895b3e,855722975.2979774
dbaa5d47ff63125584bf7ac0,822740317.3476303
da12ac932dd8a2fabade4bdd,942803369.2037747
f35538e95b4a567f9b834034,988818954.3861172
6ee1e976768b68cbc8008950,873593311.4256068
a910019b3d18da92b4c6862f,750357164.7022052
a09413ca0b723170c26652a3,682639819.0337229
2b451da55be3683c33e4de31,1140533213.6945531
561840990333852ace562b82,564456899.2924556
b6695af1ce28eb50d7a2c25d,1284147918.0784202
9327563b40f2a0f888c68f28,1293377712.5496304
3438e5d77044f21743e56edc,726871435.5454888
63cde4fad1be942dc5ee695d,421434674.180238
8e712705b7de6e791c8735de,672980455.6290755
85de01c0aa787152c77c6180,422775649.0047617
c9b0673becdedeede0209697,364505960.2818823
15ee6357e02b76367682d6bd,1038116611.773868
5f284a75ec8e9c72abc76695,867927080.0989602
37e696957da15625da71146e,899554464.5472107
96a478c359fea0014fde607d,975776359.8310437
1a61721fb7306d55dd77b6ba,975776359.8310437
a7577260fa10bf408f1997d8,698634940.4721098
b3f8ffa761119a5441a44ad4,1221131519.6274776
a5c85b445f503a56e0e2a924,1411192062.1902156
5aac1a1d5da10b76ba4b690c,1258415791.4642048
1420543e2eb5f38e4d38ba81,1409122747.433176
a530e3ff6d7bc1abe333245d,875446595.0261956
aa9988248c7dedb016d8b6ae,1052197071.0143275
fe8ab5495cae81b5478026a4,731065523.6179546
b463c62e3c21e339e7acb52f,716593729.5668154
00a5133e7373eae3f0be8f2e,618800642.709655
38b424cb0e54f0f7f2745781,686161431.2271981
c43530f324a3ac90f53a8849,1024435230.9727359
abf93b2418fcdac14293c9a7,605240477.9993687
9b1be976725ddd512cd222a8,1040908542.8932704
9b7f17ddae12105d47fad7eb,661268071.3151816
3caab5e89722761d5ab2498a,645215376.4040588
a2f40c8227b466249d6cb659,759888342.1117293
e6a5007ffb7c1321d4fc21a8,657079021.5762091
0d50b435188b7830a6949026,477278376.0146256
d4bee60a74c2e2235f507ec0,725953335.6018448
b474103c4b637ca25b5d89e8,687519337.5000286
ce6ddb82d2ece3b8d58fcc63,402467864.47346526
28403f16831effcb75471738,435258012.31830645
03f518e2e5861002772345fd,441939562.21958774
011a6d0f12ba108ef15076b4,352195607.4789021
93ac0b004ca60ea56cc2bb9f,802070005.5168293
1b70fbd3e46da8c47c3eed61,506096568.0769335
cb40d6ea6a1eab77a60c1ba3,725450035.7831336
87c73db5d50e8ec3a22e6ccc,810966092.565108
9aea45bade274e4ed91ec301,655210342.8046724
43c22bfa9a14df7b0126c12e,479747540.6379546
6d848e54ee68e6d8f23b3b1a,532943645.0884795
e5cd7a2aed48057b0dc8d970,655314943.4203914
bc4b94c892fea57ebae3eeb6,591322341.3483756
e7bb12e99318573a6e6ce1cf,773663668.4472902
4b52ebb0f0a8878def4170c9,1014098136.0640454
3e85b447edd3b23b5a0d3b79,848451417.7528635
15005fe7eb24aa25b9e3cee7,671898436.363147
22e00f8057294350ddf4d42a,998865370.8591006
ddf2583bd65f02abf7ce3280,868177569.7234904
704e5657734af93d19a0e5fa,833856621.1954259
cc1a11362066152d21d4cc60,525425157.05306107
12062de068acd322b610fcf1,1092723926.4488885
e9804af0513b2f68daf182b3,572189662.9341301
f13d8f4b2e3114d71e5ed941,984298017.0407106
11bccaef3431fc17953eb81c,1124526010.3487625
ef2b9c11f884cc5f31c26f60,950066025.8859172
25986c851e13c92ede6c6d6b,1204631982.3825846
37e28ed39a51956880d211af,1294281510.9171484
9530217ea0b5d2395adfcc9d,1327287693.0274968
d8607e3261ef1546eb0c30f0,1056761376.1437043
22a025ad47ba22ea9fd1a094,872183094.8253312
1c88ddc21f3e8e4ca633621d,446216561.2884948
e45ba581daff88707ad842a9,820660230.2112184
d7e97cc158c6c54b02fe635c,903656814.8578925
04bb7cdebb8b66e783058248,627814934.7596226
d60cf6dcb7b4b40077536604,1065001529.4838951
85ceb648cee9f6f3d221254c,767896966.5546969
f58528d3ddce3bc6c71bfce9,974107294.6756618
c269765ece36cd93058efab9,616821505.4429412
919bdfeb16dd0bf67787d53e,537935030.6271954
ed8eacb8746dbcc3c2ef3aa9,974052450.640353
15ec532ec6fb73074b9b12c9,632018951.1358316
58a724e8a0e05140b07539b6,786959416.7217339
2b7a5be93795a65d29970b02,815255030.2804914
6dde9af12b6597425160a47a,1182801121.0859556
f0ec99c13c61e89310ca9b8a,644438134.5460938
65c83da72c07b8e74bf581f5,969809544.954818
3ecdb7a7d178b48361340ea9,1105981005.331744
af22669e3ed10470623fd8eb,723776935.9206717
748c981380925e1247b9e64e,1084354530.5872083
78ab6cb1f62a7e781d4c4d0a,458506197.3353039
e80ba06329760362c7685ca5,621265814.7451278
3cecc0cc43ef46670a8e69bd,771485524.476043
527e4b1b06637b5362c8f17d,930908283.264997
cf9eb2cd0f20b13cc8816bbc,569983026.9493327
4b3a6baf8196a59bac8c08c0,484282118.05152607
9bb9864a6bcff25b17477717,631196952.681317
4f7d630c921cff500705ee5a,587129004.5437311
7b7c0544ece4aa383fd5b4ce,800628662.0168668
191094739043620c72aad2a0,1057844044.4622579
a20435d582c7646db231e7d2,827585133.8169456
1555743ec7e2f38904852860,806078593.907743
1c7452cfc46652a60b7a4f05,860384257.4571126
97439d5a82f970e7f50d51b9,905949371.7496712
7667cd57d0bec809417c9b11,692660962.0083532
103f6eaf04b44c4013acf097,1320006361.1617892
e6ef433629e193042bd30f4d,1089437599.3083386
2ee7f959d069c9ca223115cc,982946966.3039368
b46625b69fba1afc154471e0,1025977590.9323559
5cc0700421954934cd8dc445,732027048.4523027
066f1b68f7c053a196662fe0,693036084.6355122
645e1c7b799a489887086a1d,1056724671.9182849
f426c41d6d8bc99f359f480c,353765874.75079036
d1be4eae680cb16d0c842606,1214479488.0337458
57a5f4f83a474ae156f207ee,758503478.8141482
53eab0ecc3ff098d55666699,1293390184.6787438
54022fa49ecd9cf290aefc89,1173591102.067468
545db4962e6294cc5ed07727,1040908542.8932704
8e17bc9f09099ba3138c232a,1083276270.4470816
3b4b303bbeece313f92cb85e,781839277.799803
d0119d7bb15452c473ed28ba,683575782.0222746
1a36f98c62f5126c8064314c,705178045.7902935
96a77e8e42d676b0da3fa572,706212053.5329767
d7d6f668e3e40d957163276f,998110313.8321145
5b908b8abd8dd0862440c172,691599048.1627053
81716dd4aedf72a6a14392e4,538310983.489881
47d252717c4bcae3e1ff19e4,1164566163.9972663
4f0b2f7e4d787a108a4d2537,1053526135.70031
90a43053efa1d292af692a87,579561751.7557904
c3df4b9fdaa4dcb13723b5f1,755948048.3513157
4b905620f76873355d317dc1,755672039.5563989
ea16314310144a10c81da9c7,340243345.2486116
0e5db1a36a521a5d2912b238,652013448.0230049
c53c58dd7b26902f67c3becd,982307003.429059
6c17875f20f58b1fb211c18f,1135562514.2349916
200020552855ed39d1af999a,676263695.818783
b44b862cbd855d46954eca5c,618598279.1638277
ce47299ee877638c4729f60a,621056929.5625229
3a28bf9841e6a9d3f1bc293a,766197092.7832357
3a488b9e24d9b8fc7c222e20,363154870.5198351
5469c33200ffa87952b356d0,321000096.28672343
b57174dd86ed451448dc501b,736355925.7425201
ebe09efa32acf6d680341840,1027349525.4626491
33f7d5aa494288cc90d60456,1250975818.9697056
de9a32ec454c2696cf75eb0d,971712281.6321372
df4400c44a166c851ff46eab,763461061.9908836
5dcc8f6a6854a864dcd27a87,944883064.6899519
bc08ce9f24533cd644ef08b8,557366757.222536
2935cc0e053bf558a8b73054,944883064.6899519
f08001f2590d7b734467c58b,516357287.157397
5a9892659590355b91442979,921846575.8494028
ea34dfefac91681864c2bfe1,1010339863.7921674
ee3b5d47d05a80c07751f7a1,1136286169.3139734
448ad01af4c5cfba3feeab26,1136286169.3139734
bcf43ae0b4b15ae168abca97,948429850.1207657
8ccd326e4f515bf7e817a14a,760959895.4595374
94535dcf38c9c6461a73db02,499922095.14486295
9b3557302e940d4da341cdab,536979485.8569018
edf8c961862a4ff8e1e44f1a,1002871588.0151088
6e508fb72f189a4fa91bde58,962460031.705832
7d0a4771afb00cf9a38ccb81,1390786984.2156513
8c32b6b31d1a1d5736c4df61,1177438950.2255688
da782fc0c8a79e3e250f0f67,388285189.5388007
c86e643b7f7b57b4482020ef,626059020.0334237
4632f1e8fc93e268ddeba07b,791990833.0177863
2cd372392fda500e6526695b,612559421.6151419
a05ef49ad8b2d6c466ac7412,1271196834.9223623
9f50ed2b7e40847ffd877f4b,1123506195.2259934
c00083aa30ba7d953361674f,336289285.47798663
50857161c59b991304f5c55c,719055313.452574
3676f63aa0ab23ca7cd344b7,761756348.3332424
3710ec95af4702c45f165279,671048812.2963246
16db516a238934a730ced1e8,673544612.9076126
d450dd622183c7cc43a20d70,729409467.4081444
ba84fbef80c8a82895ec599d,1148236988.7772644
ee85a12b8f764bc15164dc7a,650555975.0268433
0038a3b703f4ec779bbcfe6b,753842764.5475594
aa643acab634ee591a2a43ce,689324120.9820894
d6438814f4ff3853bf6cdb13,753132612.1902003
a37522af63bbed2f4d10900e,1407883378.887767
0b715ccd3b3e01444b855857,422093005.5333451
fbdb9caee4455e99259cf921,657552752.5438457
b3c02569b8fb721934f51c52,533886993.2955854
c07e2ef0bed4be12e41c783e,652755173.4632115
1b4e4016cb766bfadea42f73,385773287.77943766
ecf4e968c925cf8322f8a0bd,496947626.36948276
6cc0e6bfd30ed93fca2bb217,502719128.85195994
3e7f514983daa92e49a7c87a,344190544.0704034
97a22807207cdfb341d5c50c,221429136.63460755
3f9e95762d2f2056e9716039,559552259.7613431
255c5b92d71a00c3a73b9aa8,465251026.5379387
58d24ab99d74ae4c449c90ba,737454806.2440552
51d1df6e1f28c40dc9074b74,1411324215.8581676
16261339c3a99635717fcda8,1117885899.585573
1475cdbbac4aa486266e439f,922016034.86649394
2a9974fe07b1e4427e386e06,639475607.8679065
cf76689ebaa20c70d9db4d51,1113601696.7424233
f9379319f992cbadc43b9189,810577863.7682683
62313cfe4272d263173e1ea9,733856352.3929152
b2c62bb0cf8d210dc4635653,1158013489.52035
5d2fd288d33283826210cb90,1327287693.0274968
3454ab4ad567d2d22d990fec,700249264.2766029
58be66aeab226c35330d57d5,717976122.3058921
315ea6fbd6b3261cae7fb900,721199198.8052255
6930d8e260fafaa5c317dc82,798940436.8842331
0fa99fd0e8cebb71a3bb0871,416136754.38586056
fba946e4ceea37176170835b,784037854.4025897
b53d4d8d0bd4a0ae84fbc22e,524932080.719035
8bb1a2ecc997779d1addf12c,457585805.8884138
6dd97377cbc262b07ea2eb99,503462765.4374503
5c50853824c890a5a7f0cd70,920359325.079599
4c3865a97f5877090e7a9649,1030171517.8784996
a3cb2a035f98276076f2d848,361397860.0745283
40d04ff9c405cccfc82ed5a5,539191963.6998893
22caf82aae904c79057fcb3b,535212470.63523597
eaf87358d89af17c3e004c21,1018705100.7887707
9ab5ef2c5650c4bd05248990,385247854.12273055
d96e3063ce77ab1235e2ba26,534412770.1382811
665d62a8019b27bf5ce6e6b4,592707142.9213773
56234f11aae98489ae00a8d3,860463462.9068999
76a5158e1a5c1f9fae8ee882,561755919.9215659
d974970034de145d469d09c5,545142996.0233554
7b5db1e4f4f47b4bf7c827ee,666169990.903884
73ff6ce99ba5dd8cfab0faed,598000471.594521
e1cecc8f17883ba6e2723826,589535676.2362683
857870b1412b84f0f19ed751,658483966.6758584
d89dff35fa1944191aa9ed98,622074638.331765
86b89233e0176e034ae3cb7b,705685761.4106289
dd3d529f3745159d9e7746b2,955874353.1984763
af10ec1529a63d0bc10b056d,784356023.1614863
a2645174e4e15c49331f576a,1113908133.439873
311dcf366691c44243b7b89c,785850936.5461129
4cbc74a93e33f7b4812e1a7c,431643246.1831595
6e0140e1d667cecd155c6e23,602763530.190283
dba6308e2358f30b7ec33f59,858490602.3125446
761ba98d35074faee3594dbc,874449617.7279618
b961220d34be930fada80887,772348139.9074605
c9c3973bb37b5c688a7c0157,822784660.7590923
79a0bffec81b17d606a606f5,1113908133.439873
135f6f92c4ec95847e8840eb,385587746.2978045
05858b1e4445f56f22e1f4bb,1001941748.202296
623b7d96c0fa09e50148aa7b,980804480.3468359
e61e5d3288f02b904d3b1e38,1125260719.0382488
0d173e7afc8f8babbef6ae97,1073053859.2757974
7635a792e5002ab99ceef583,483401389.42861706
4da93e7126354a474d435a4a,1066879873.9588761
a4c71322f79dbbbedab3191a,792529967.7809876
57ef53ecf8b709ddc05aceec,672467833.6641219
65c3e09ee6f1ef0500ca4316,1216690046.3931441
74d0b6e87c2045f95fd493c4,1100820922.3522568
4a3d0390e005fa5b4c9403f4,1133804891.1423607
a3aac701ae444b6d91b7bb0f,618285887.9327278
4afa3a1b63c076123e7a5279,1184664522.844612
c97adfa6f5ad3e3db6b80edd,1126597473.5454187
58cdc29143b85386c76bedbd,1161187090.3911273
1f81176d8a0c61a7177c6c2b,1109852662.5258472
1c2e69465c75fb3af2d57351,1131837201.4974265
7a10ffd970cc822108ce7cf0,1136905866.7197106
3bfccc757ef82ff2774f2db9,1302341654.4662695
3c753ecb3a4f8ce43077a6c1,1221878270.326274
100e9e2623cb0fc52fb08813,1058470375.292218
90a269d52e47c1705f9b6cf0,1307945051.0309324
34f4df9fce2ec05633d0cbd1,829478720.4816848
1e4fd826fc8693b17f6efc3b,901502798.6557584
efd9d848677015f13688453b,561847363.327174
07cd866c871333283ecb2d23,1016739974.0145903
76a307d6b36b8a51115e91b2,684692618.26361
080969c751cb94822aeeb755,503329153.0928614
1e37fb708b70b6b5e8fb5cd2,637544339.5039331
4e47d2c8ccf9929ad9c84544,612180883.060218
3c877a0fbe08cda958ff8f46,831242323.9608876
ae59a0d6441697841d86cfcb,586559998.224707
2fdb80ee4f9a35663e92b3b2,689241134.8588716
3a513410a390c75fc14b0b3b,656000537.9607426
0616401503f2ebc05af7ce4f,929596455.8364245
98b973c8597d5805f87dd074,635824913.445009
7063abb555d919d5300af3aa,826791361.0016344
88c4b21ecffe12cb6c408a6c,695191451.8107269
75a4421cced1111492d00298,822927983.9422592
0482cd89d767b3b7de976c3a,613003934.2041657
bda9e5d8048acbbe5a9d49ea,555322229.2764218
2152ed6b2b2eaf16ec272cb6,759072562.176884
9bf2e0c1bc82010e92da2540,1012316344.6724671
110af3c21ecdf156898c7c0d,1034170490.6325629
2790ead3eba9370f00024472,687087276.6807752
9b06c7cebd33cd26cd6cc089,1403990734.6207151
fbb89795386c14f5088fccdc,914996301.5072894
e8a3d9d6134ae8d631791e52,1289060267.9713826
5c535b7d92e34c0fe4b66891,746607567.6252606
d88544e4e85add30aa795ce6,526683743.2132105
01b78983d268b52137e5ac1b,747505365.8212593
25414034e50ca33fcdcda4cf,570856628.1524808
2212e0125cb7f75390020951,635683418.0685471
a4d5ea1b907e98be72b5c49b,658680467.9691657
2df90c0a3e2b9138fe276a75,883263871.3076566
c520b7e8de3796450ce49a30,508132977.6403105
35114fa32397272437e67a54,658926657.9690865
bb5726ac16b4ade709151159,881793178.390316
b4dc6733589bb35444b74c55,779090983.0838367
3b0b0bb06d95c5ea1aed2d95,544008422.7681241
fb7bd85c05cd74d945d22de0,651254637.4945934
6396667677a878ff61e1b536,474344639.9165362
47b5804ba1a998c3e7544092,817637184.0106502
ad4d91ed26c1fd5702b94064,867015635.2693148
2b802261b8bd839aa0b04b16,897604042.6299465
0bf9fe130da23aea7142bb7a,765639939.7013544
90511f2411d4a37a7224b995,1038711021.8781412
1355fdce5b97bb36da15734e,1129048751.2474847
775a6affce535c5a19ea5f30,715111238.1843201
e36d70d72c2758d7fef242df,917256851.8262894
2fde05df6a3aa9f57385e6a7,621860679.1861653
5e0100ae728e347eedce5b14,1214479488.0337458
a636ffa140f80412f003734d,925139400.7841313
74746d24b9bd86e23338bcd9,758503478.8141482
99c539fecb3bc233288ff905,1010122595.4376758
44760087930212643641eeb4,1302643447.536408
2c5d940b5ef2276f1fac1ca5,1056724671.9182849
b26f22f1fd5a991ecd1e07f8,918213853.4657922
1ffafa78622c45ea4127ce82,1144245632.8444638
32a555016892e7a74d231545,706212053.5329767
8d06037db08d0754bb67da4f,693036084.6355122
80255211d99c72e343b32798,1264835371.4939997
070062cd1c769f3be9255af1,1302643447.536408
0451f65828e628c2220df77f,781839277.799803
d96f6225db81dbf3d1a0e9bd,526326730.37637436
b1527eec2e6709dc51e03f9e,985929012.1419101
5464fe43eded098294d634ba,1038711021.8781412
ea37ad89fbe4159940586718,789818492.4111305
4057a676e7012fd37af9c3b1,517791630.0415857
51273a81121232e7f30cfd1e,722167825.1631323
3cfd9ba5c6993718c0c532ff,612000882.6306272
8567e677b30c410df80004c9,991392176.8344343
7a34bcd9f86f5036b526c3f4,624712598.2622745
3dda25226646e1e91f4c948d,624712598.2622745
a2529027db6b525e365e7be0,553606178.0297076
c6115d5e908e04e67915a581,692247605.0547417
8d0ae601094562744c8dba4f,538869564.3689487
55209683056fe2f9faef7fc8,485556683.21338964
e840095310907e82a159d683,624712598.2622745
278fcdbf16e3064ba42c6785,842891856.7733073
74af10afa02e7724eeeef108,807665696.7445215
b763f71e8a5bdeecf0f3f0e5,507289201.20143586
5472d536d1b6b731537bb67e,1151587292.697871
995ba6d1fd63d5160fb18e71,1089803050.997324
f424ca724e7df1c37ed78aa9,731264727.3441182
c2aa451b62293042b7244fff,1189434080.0825484
d4ca9506161d3f4bb3ca57fa,471248741.02223396
799862427c1f335eadedf4e8,398141584.19314164
1f3b3bd08063993c23586c93,490046325.2629279
817422f4c278ff27a22b05d7,653776231.4329603
db9798a3f9ac287754f3ae01,746435330.5323037
7ead45d1f505649429904307,649630281.6784214
ac7ab254166442188c6c5c25,515162263.38505554
67250a8950aebdbc67f7fbfa,1068842154.7718284
641f4319c315cbb74872b8ac,469834997.48855954
710b0541a025b1b6a5a80c41,589502496.0452367
a10f459124248ef30f290cad,645101485.1127043
1aac53220223d0d823e70d0f,680115686.4187931
9d0ae0c4dc11d8c6d94e545e,723689583.8749659
be685d2954b8c7337ec94942,952387142.8321452
e43151473292e4e98f121f63,504567106.5830188
e04fab3d74d14be3b8dd2c8c,551774367.1522826
c77509a6eb6665bb8eb07d95,725564339.2101508
9753470e033b35407a2eca2d,575597506.964773
825f57ad0527d4abf41cffc9,1085252114.5361826
0d8074979d302868c2534262,1090514717.4756677
15a3e60c7a5d55243057d7df,703628711.2874181
6de06f867a28393a9e95c7d4,278631187.9162103
4d418d0079828e244dbaff5a,712802683.1117184
2de93fc191360ae22b0402dd,569870718.2290722
86792949f2e6a347208cbffd,595816238.8276052
6d8a0768adedcc1070d28390,1100798509.8352482
459963742bbaadbd9db97723,772388080.1935918
235b10cad7233d579a966948,684069018.8674883
4443407341bec8b7b0af40b4,918314032.8702854
d7047492f4c53a0cdbde60e5,1035399040.4220194
5541cbe23acd6ffd4aa0d939,715131590.801951
1d0853f825cc0aec6f5544cb,915652784.7703509
f016623361c6ccc5163e79d5,1052816546.4239019
d280fed64d1c23ac9d79ce20,987704382.8760731
7e86f11cd63ff6c8a3c12fe2,1028889428.929587
9d7f161ee660b1bcb54574b1,1348449969.3242822
a0722c5527c6d3cd5cac9477,1322771755.1964133
278a2cd98528eb1341a6b685,587130490.1235235
b755f88ff3907bbe2a417e07,763006631.2150801
2bb55b0a92d62454867bb158,896051505.1986109
960c9349b6ef9b747ebe5829,1291175896.769514
2c8352c418097f82a50d9bbf,970219391.695214
47d7ba800f164f397fcafa9d,591925839.7410933
610061a0e67aea7d222f08cf,1380000109.8752532
a33de2559b5f56d1b3cfce08,891015608.9816833
f020fef57e9069e4dea2d71f,1355409717.92509
883f095dd3f7e972d7dd3c2b,673369135.3991191
b0b784bfe2d3c1b3b1320613,754868779.5504875
1ea66dd4a72d93f5967be730,949919544.7339089
90b04117887941ac898a67a8,446081016.83369076
022357a3d48ea87d58ffb46e,537250204.970846
292224fa68b0303a90063801,906018312.9989021
6cf924390dd3ed4454403887,485015911.7530089
555a293dbc104e00f182fe34,652379351.275899
e13ef02a57d35f71a4fe6121,627284068.9242138
c82929467d22589ec62c0475,877368410.2796066
18a74c9a49ad381aee5e02de,716409087.6377997
da40d46cb91d9e59fe12e6ba,880804750.8892754
6320f26d77fcd56675db6b97,877656456.5907893
3307731f3bc518012912f1b3,946651212.4366124
ba94572d1e050bb92522f112,324444553.08389455
6e0d6bcb01e99fc4959d3f7f,490348504.3399092
dc3cbbb2fa00043d02958219,1109173593.183917
495aa774f4db66db6df30e93,494608703.3581058
6ba298925ffad32daae55385,551320585.3411627
8df5099d856c7f9de43990ab,702603979.2778873
93c5c5d9d1e99824178be9ff,900113391.3085808
ffbce3ccf241890ec95104e4,632495161.4224037
2c03c38782e365e68b32d6bf,645071703.3013725
7734421098413f27fae86fef,651239119.2338879
2b50969f1faab80655bb9104,655779515.1088164
025a98586386211b1519f9be,517608256.81414807
6013b8c04f7b9fbc74ef1ec4,569772367.1554487
11075db1cf9899c8640e1b90,943270960.5125498
61ba09084039a467410aeadb,896155194.3986984
eb2880c2433c4b2500fd40ef,496411308.39057577
f7f8607535159c82dbfc6c14,385700990.12195313
35c7a7c0ace36f4b95423c4c,379919079.80746
c71123c31d02408cdaa74daa,632018951.1358316
dd8aa138623604829d56ac2c,490348504.3399092
cb94eee5ecfc75d0fd5ba6e5,922956107.0673912
ae6bfb4eb4770f2266e3b961,615966928.5354128
573ea1962372999346590c0f,1020192175.1377656
9f7204b4bb3ffb8591e3164d,1137998856.2680192
a4410bebf9843297fe32d63c,557073938.9963056
2afd9dd680803e3c12d5242b,732248682.6428088
a7618c242fd918ed894304b5,678541795.5592344
5ebc5cc2c1488f681cd119f2,844391283.717009
cd53a991573ecb5c53f47986,1078860726.2560387
75ecbc0c0e8e76bb8d734f60,891564414.2610482
47c2934aaa5934c68dcb9e51,675567731.7177292
386ad1ba1cada9649f3415c0,768525453.4354606
9ca0839c9c294674e86eb691,1177070592.3196902
bdbaafd11259af6300321a89,708643300.708675
2e41ceccc918145dbe7de0be,634492013.3638772
11df35a3fbcef34e47747e38,777626607.8608726
b0bcb64f2f2ba69cc712e0ae,569434612.8412137
bce0a4447db2d54d36661011,584875178.1189605
ef7ba10407cd74590ea3fff3,857193083.9730903
a743dc3903eaf3576046ef3d,692061586.0676273
b3d072ebd7908688d908d350,1211750521.515011
a48abdedbe3d132276dbe403,1051900091.618314
c6b7e739125907c86a8997d3,822317244.4979825
813d9415d9abca46ad4d92f0,1110398895.6656919
c631f8920a2fd1160f6b15cc,682908297.8023534
16194707d4e85fe332411bd4,741954719.965668
31e241881acaceb02ef915d2,1049957198.9838848
a3f1214ea44063ad10956fca,850489827.1947799
ab086fddcb949e3dc0ed9b5d,924723875.1316483
ec4df02b32d90c019125d108,817070838.9084837
09eb808ca3859318d6328db8,747808496.2610317
f520fd12dd3ed32ba78d357b,949542853.4409907
0a2f7379cd1bed7d2d2d5a01,1106666141.580532
30652905d3eacda34ff61a9e,1009650557.2341286
0509650d34981639b9c64a22,709321671.8142259
77cd6b199ee485314bc74626,627105339.3486961
10c836c2e566dfe9edcf3d8e,1178956051.2723725
e109ccb29c02c9b35b789c90,1244338805.6459725
2d60a221b478264cab9816f7,917609100.0318044
d34c48ffe935cec3358b2247,916851173.0855503
9cbed1ed72b444c22d8c1614,802039787.2899013
735c3aff4c151dbc32f9a76b,1149414850.5149546
a4b6ceedaf89cff74a292ab5,908179544.136187
052957f95b6e7b41bc625009,858828404.1732851
33a61cda27fadacce0d1aa7b,896675199.3114384
6c3bc8c58ce67b8bb9f5894f,1002231839.7921176
1988513503246248b80c7f17,1196289257.6251535
57c29184563b31f5f752c5c1,1196211056.39063
bc6a7d4ceee8bbff9ac5eda8,883648373.5080997
f1b7ae24195b4414e6d6a001,1265650922.098782
e7b3ec90b47c9e6009ca8a75,1194289039.0949016
39b62c6fca161b80bc6726c4,1116197818.6306038
55163359d7cd910861059389,1097299166.1178188
df35908d6ae2847dfc73cf9f,1176239260.0047505
ac822dd448e04e9f8dd1721d,890382902.0042195
7e86148f53beefced6e0f3e4,581475753.2877167
6eff15cd6372aeaab2e665d8,332063653.7276512
0a1af9bb571b90233856289a,598350453.1749616
b3cc5930a3cb26e35a45e09a,650378374.8508714
0c12f73305bc7d72bdbd9789,639430535.2708715
ac048209de77cae737d60545,489654405.24226964
9239fafbffc066dff0811302,256012203.80418283
8e0ba427ea909cb7943929b0,867742334.8359087
b3c99f30b16fa80cdb4f213c,862175018.8096397
d1dc16c82942902c668a5c9b,1085306593.638905
5cfc9e48ab90da0f4e98a7ae,771846928.1079198
9abad9f79352ed42d1a9f099,526468592.9884791
dedeafb60b4a39950e7a984d,526468592.9884791
74cca5cd08c4bbf5d0404d74,787640658.6882671
b6aa1cb0187c4a1715517fca,526468592.9884791
e22bad460ec1bc991f14bfbc,536992143.1593012
594d46a91315527995cbd807,694590804.2367774
2c0b4c8269cbe25a4e85e049,548710076.7735153
1014d3a98e886e1a7358e29f,671956130.411045
73d6bb3d6ae08921a6117f5d,702008618.8359902
de3b619a7c80549db6ab16af,503965426.0520018
da34d6cd832009e428d2b467,490688518.63572395
104722434c2deed04a901aa0,559657219.6322014
cee66eef685e4764b9553a02,598000471.594521
58b40969f1b73182cb6d30db,598000471.594521
964e9c3f87176e761484543e,666884568.0014573
19487167081a9b0dd09d7975,1108049823.6406622
7d8e345c9b16d0fd69f848ea,929950474.1913595
7d4ba999100c8e694fd820cf,1206706334.8486395
c6b157e7a6ca08d04ec4de4f,532677303.2458791
84ec2d5245cfa146dab05065,843532254.5078053
c844a386941b86a3d4c0312a,760190113.5514991
0648aae13097ac649fe714b9,1115143533.471398
34f220a8ee1f24bcc5790364,481341762.6308577
d12eda0ba04f846d73cd7acf,878290068.5510234
c12904320223ddd043f39c63,761756348.3332424
8bce0097d22b34a804b502bb,539754148.5467861
ec1171cac1eee089be6f427d,627004187.0740029
5d85d77a06d0f0324d15d162,1034170490.6325629
0349908483ce628a0a5fc164,1035013607.4680424
d74da3bb780515b1273d741c,914996301.5072894
64cb8fc8412c9247a5c243ce,1289060267.9713826
3a53919313bd750f2b1af906,1110632753.8213875
91d265ffaa6b407e9747b15b,792022982.0627756
1db1d1b76e09197dd915a8f1,1632978084.5337672
6645a3080e5d10779672d139,1105149309.05196
3ff6e77706eae698f86eec29,674017709.2917075
4670d21fa84e40184f03d5de,432743871.431134
ee8bad3fdc93f7fb79c9cbd8,1245264904.7294688
b624f0438025478c9f66fec2,944325744.4737612
37dba4927e327d3a4a0c1d36,651212376.612321
8d16b1bdea35630a3b09b192,607515907.9984556
d54a4c353cebf18d452be515,969957137.7673304
c402811ade75f5e3dee73ac3,1091811018.4780383
dd926903e87d691a0f15dba3,1173915152.9524906
cb01687abe09df6838e1b224,683998427.873265
6ad3e1a47d1055b55d14e091,1015399869.2908732
b8d50a94e8166e471fd8282b,1174820841.7860336
a77d82703468f2f9e8f2ea0e,832306473.142578
5d2be469f69f31090769efe3,731706887.6529844
c4e8559ee733a551649a5dcf,1358627362.4247212
5996fc90f923d6e8527097ae,1080476318.9334118
32d5772adbcc785ecbc2c55f,986364803.6123533
5f088237d263c37e78264bba,643490833.392891
799afa0396b9f268f239db51,396634675.82956684
bd23b1463f0936d2ced5fc67,731857566.3774626
8f35a5d800d98481d7a8b6a4,722982815.1471993
371b5ecf08973fc6e6849d14,684122516.7572285
fa70a55dd0e2053a1b566de1,403082580.3006561
584364cece0bc4d17f0e7fac,307484702.4852105
cd968f8973a267790a38f2f2,611493855.1086411
c46b122728ef4c9ae8be444f,913122005.2471561
4056182cbd8c12cd87ad9e84,992538296.5593083
6ac747618b6ca674e86cd275,444711523.91069806
afb02897c700dbac941ba8b1,840512886.1433933
198cd3f4e9be65b83f01ceea,689835891.2226479
c92bdf97d7f0a9a12c024406,552524364.5837308
e00e5934d1941490834c3145,1262307586.9204135
5b139fdb19ff722a846d71f0,899863755.7443167
8b554961129384797391d1ae,786370947.6734165
854e27be18fb8f24fd433eb7,869201834.1657861
241d9f8599ce6cadac1d6609,1050406487.4883947
b85b37ae83ef95baa03752f9,944130672.4261901
5b3ba9e56e24e08e1f81e220,501749322.31662625
58c6518f9d2d0526d31e7566,528373746.8239484
38a1e2050dcab9b4c70c5e83,590575643.400822
da94e4a5fdebe3ae7bb1adcc,1200564079.7017817
49fb2771ea6c1e8950cc9a57,1223841060.2607708
f2b67c40a560af8729bc6072,803629699.2082258
13fc2dd1cd32d9cfa457a5b1,800110124.7957281
b6ebc3b8408793f5058cbb90,1089064471.055181
75ce506dcb994b10497e6816,588634412.3397117
6dbfb281abaa9a6956c080d7,271743217.695365
af67a68803a18663e4b03eb1,480699896.33410996
a9c212f77a048ddc33ecebba,510524877.38568556
df89fa06e32e90b0b6c2014e,614787438.1952349
f20a7f264a8285a75dacdc1d,1029757695.5778852
61a363a73f3c93aa1775c4ff,997086303.8488991
d8c1f7303b205fbaba2890b9,585328607.7406473
70962daad7cd15ee8af564fa,904336871.1971282
087caf4bce7b0a3fe3c47dc6,1054480495.6924145
5d2200b04fde91f830478aa4,491578994.7182821
821eabfeef3dcc622fbcbfc4,493331312.3487085
3d722d960b860b4bee79ae2f,829588891.4960661
4d3d887d2236c2f897f3bbd4,516524022.6129284
7fcbcd9e274b75a157cf5d5e,768752706.8392478
88ea2d2d7cb6d641df3ad76d,1193364864.5168595
c06088db17767866b7f4ba7d,1021469621.8985294
e4a9626b1107b9397d0067aa,675769027.8300408
82abb1fb693f34877bf1327e,1229268953.9515686
3279efb86571efde18eeebef,936241196.8299325
afca7b219d52b22522abd00c,685981758.1404563
7712f963ee37e91abb7342e7,635519944.5455087
2a2f455525c8e0bd709db91a,702472700.287744
833ded72a8cc9c0d606a7a74,726000773.8955088
f3bf0be37be6292ba0a8736b,1067972270.4318306
c06c8b6425e3a7c2d7481e42,523743590.52692217
27d4f17375f76219b446c092,398218715.628301
9b7de95ec90da0dc8cff7011,888517992.6941922
8fdc9f203c3de5d486de7ba0,385641929.36526054
ebf2d540aff82f1aadf95f9b,717153853.7225387
51c48d17e774d6cd84f4c355,654658423.7877983
5c1d1ee26cbde5b766cb4ca1,1091871259.776248
2d26b8360f1da9a677670fcd,637818790.9707905
ce1b06502cb0c5d9846cff9a,458812721.0534779
3186cd0a3125adf3b25587aa,774005151.0384703
f839de5370a225ff993f5b2e,874484568.5397043
2900dcf3f944a7fcb33aff36,426862546.5172528
3f54091296f773f5a1bb240b,1050591059.3455992
499f6f4997474415f0bd596f,1139368664.3275614
110539d2ac34e5180e3fd95b,751447608.5586721
dccbc668caff517f649cadbb,915693753.0970076
823c9c7abf2d00140766a2bb,1327571105.0534859
94af5eccfe170cbe7d428184,655126146.7882751
dd21457e18f07d7a927c0104,624205351.2860749
5219cb469fff40cd9606bad9,608879011.3344016
5a83bd697db5076016c0671e,499537170.9231318
2a1edfd6cf74573521ed74a1,555401943.4671532
40aad45bb7a980c9c5e1884e,672034958.1994745
a315b497dd8e80464bf0480b,737217816.0088559
7095d576a0b963eb340d8fdf,597549278.4815611
9d6288cfead77d622f5f5b95,973875556.4451516
4caf356c110a50c6c94f3eab,957148517.9302522
23101b0002252f3d4b3e1d5e,948914964.1705105
8d1f7b0cfde7e496e7bfe972,911622947.0727197
28e572584fea1555e2a517ed,578092208.095513
6666ab486afcbc162fb560c6,1261314796.5630882
b0978c973ec3291e950185c1,1163413125.7321472
d6cfd3ddca2a59f0b6999d77,903282823.21397
a77f5c03a98636d90f50e11a,1085612179.8352253
e6387696767d20cfa4918ca9,632700809.5535063
1dc0fe5bcea9d08874871326,498743548.3794942
ccdf0abddccb1a670f31c2f2,736421346.8316854
3ba769d65f02217656e0f5b5,900906007.3709996
628b3b56449724e7d945351b,1007045349.8930612
b47713520859d58efa95bb06,1112820560.8193476
e6c6625db90e519f9dcf1b23,500640375.09086037
3e1a1b2a518d3ca2fe3950b4,549854379.272895
24849579dc9ba7fef1b24396,740341215.0565104
6103571d9525ded3c09668c6,518590771.90036637
a678e89692df9b14da9f19b2,501747436.65400517
47bed52dee0d311ae0016b08,567647099.5060898
36c0d26b83e575a500a6c30c,570755413.9713781
34447730b60ad12f4775894d,1277789408.5573812
aec1778ae3b5e60cac280b79,1048309059.2153277
d95f38f5d1293c74ac52e823,1277789408.5573812
5dedb7b64b6ad0b514de2bfb,818668238.0249326
60c71a98253b5550d773a529,632700809.5535063
099ee1a7c91105ef46b5e7e8,897127459.0734181
b56533bb19eefcb244e69470,1178841610.5457158
62f46b8989bee43db86ff589,552227430.0128363
4d485ae48974213b1594c905,862149937.1454816
c627c6287efaeb6fd9049312,657892210.0690078
976945e68af6a66f6fb0850d,608449564.9541918
93e443a5b3864d52765e6484,812104981.364877
6ef9ce7a53ba3bd892e21f1b,689180537.672116
6f3041147f930cd6cd4fae05,506614706.8501383
3917b95a3d05a5e58c117f68,524150507.74916553
d61ccfd4239026feb484cc93,460347313.6777478
b443781523fa0b5be4ad7739,985377772.221523
6f0fcd78c473e4e04fd411c8,772110736.4188637
7f134c92e20aa9c6f084edc1,620899402.9459696
75075631f0fd84fb0ff49417,730937532.7093992
eae4243c274735d616c6b9bb,1283833975.0790086
25d233d2779009affadf5e91,721679871.8827523
1990717d8c7aa8e732bb1165,916895741.6567457
71b99de83d83dd970b00f07f,1246205023.3492534
243ab5db6e47f3536d04d312,717768680.7861099
61cb98125f43429f7f93c898,898733899.1871316
6ed772640e5a311cbfd17c31,916696733.299455
d9f0b4c92bdc9476f50638ed,659619622.3312303
796eb5ae3ca5b63c9fbb240a,841385394.8829696
e6f3eee9f5048005f24f0943,868108734.7175506
291ff191bb029742387a72a3,897964581.7940701
829bde7f8716daf76f65ffab,827569554.1783018
110a2f124bad0f9381edce7d,820285777.147279
76b719681617ff7f28d33df3,1126504045.5411057
eaa6d58e226904e9993b3493,690687541.9918592
af3e3a83257eb507b96b2a1f,1075586431.0486076
43969367322e86c68b51c2fa,389531676.7873551
50fe589dea73e764b7735938,371651463.92918056
13c9960a03a1c446aa5515cd,694118085.4635752
e7834f52ebad3d3cd00d069b,510106277.8776189
fae37ecd6046e53ea121b1c6,651533911.9552718
8a0d2f8860a90322d6c3b61f,676058023.2992895
008c7a02d158f3b17ee8e015,609920022.2285427
3ea6e8da2cb0bf83872dfd8c,941715767.6631365
9b184e58842bcb14dd42103b,619844840.1705723
43eeb2567c61bfbb059fcd4e,834326628.2324047
ac7f6087e19c2d3502368fac,586038037.9587872
73494d52196ef9838b1be34a,1247197473.6723523
112d996c4c0662bd13af3ea0,794768648.462112
8c3a02c9ca043cf0f322ba84,686702378.1055737
a757ba01a02acbdee50462b6,1200003190.8520212
64e3401f22d18b573ff0504a,682726298.6168317
acd7394afcee30e084844c63,676502674.8506377
35255f80583ffbd504250554,905056005.8053367
370a0d0da794efd58cab251d,963663085.6399353
cdb5f8327360c750469cee74,1049957198.9838848
dbffe8f46b3d9da2e57c97fc,1106836525.6829681
25b1ada57fd1e5c88d939c71,1087888148.199414
05f79195e285c126125d258c,1072555736.5815357
62c017eac96743cfbb61e86b,705069127.1606047
3ca7f183cc0b303e5d455309,891923915.9779838
a3dbd504524f980ac5325150,1174577796.2449303
5703df84eef7ca9bec5bde45,946348793.4849316
513aa9c91c245ee4be31507c,863769631.756171
d41d07d1aa700278cb81ff30,959873334.5765363
207e39d9cc4402edd48864d5,723944811.45989
7134b03f54b10f282ac34fcd,834658186.4925978
6d860c215908949c4ba1c536,326561738.09051114
f35f884365b1bf6fb303d7b5,645326668.1741805
4f480aae78aa068901ee9468,658653030.1509444
39a12600317b58457f68b5b8,501151898.05455846
5f0c7a6b4f46203648a0bacc,583416136.6192024
d01f6c0b2b338289e9fe3768,512230895.4123751
613ad83abcebf6598f0079ab,811659316.714575
effc32659ff9bf30faffb3db,743909205.0669994
73fbb3e6b22b957ba6b7557c,635597690.9183491
6c8c5e22025ca4f450a428c3,697576406.0099914
d6e333e793f75c2ab34fb127,526445445.8013927
b82e52830b51e823ac7187fe,353973549.7120805
35ed4187f732a1ea68dce712,1158986159.1716003
0c5067ff99e15fcf99792cbf,1158986159.1716003
0ad01fb039a198262ec59b72,974520974.7566983
906014f0ee3f3f4f0576d4da,353046547.6357915
13477d8ef90576ca84258984,352605746.8896674
3083a7ab1deb092f7aca6a54,713353481.2090833
a92ae34df90cbf8af7695ed0,847470617.7730718
82d22ca21e31222068e1ecba,742072507.2167248
11727589f7c66554e9114407,746669166.6636186
9982169d6f3e9ca61dacfed5,698187496.423613
2de0ad9bf15232d6056285fe,726866354.6582452
eb6e6060b78676d13d6bda48,698672012.7969828
6f37300b1fefaaf746f53907,808032158.5016458
7698775967b96e3e7bf66e6c,730232540.0755095
863e5cf88a808b8ca96907ff,719895025.5356264
77b5c9a5f534a5b80cc16d09,725091772.6353052
ade0c9cf1f9106e342c69bd1,728457062.6983916
6fb45859693c703fd9c812c8,615288099.9490542
45badd183bb1a4c630174f3a,560611110.542996
f66bad2cd4b09ac29f540f63,694824717.7748599
fa3017d74586eb4c3b5b7db9,767684154.792192
f09bb33b65b5ebb8fffc3a21,1007187521.8213809
600dc823c42aa64f60fc3ab9,826463314.5758867
c1d9119fa7ae7d44362f18ce,1149304107.761654
a1305fd943ae63715529209e,1081997883.4905705
8d81b4681ad0055c274e7da4,845638446.8004451
cbb10e7618b1385cf922e815,1007691691.5888948
b09111ea69c4be8ae120ddc3,726014652.025551
099f07f9ec4ff6d835337f86,683598230.1503943
c70f6bd5ca138bacfdf8b5cf,1044698858.3351831
a6c86ab7381f6c43fdd61a01,575281939.2886338
58c2b87098ad454b1fadb13a,704690133.4777713
6afff7782d129021eebee968,1109502743.9242144
ad92f3ea52673dee0a56902a,1169352580.0860314
3e040e87b89a043564f0d0a2,775134630.604653
49d020d2056717c2108b0927,938002247.356111
a4ca465294c114b1065bfead,765086930.7689325
ca9520c7b8432b0521b2e8dc,662076615.5193378
4d20f253940a4492b4f6a9f0,818467289.1153524
09b61cf8ff3ff09ac892d073,671070469.7750694
86e81141e429bd81d7f0e73d,829923082.3277168
b9826d7a6132b16df1bf58e1,768774251.6420441
a90c60e05e29b77963a11246,520428296.68641996
6e9984a3c3daf63fce5cd3d6,1039269768.2014539
a9eafeeab4ba51d3644f4052,564113874.2647519
f74eed3a7dad1bd8d92854d0,767208560.350807
5b377636fe30946fff973f3d,955302008.6894274
5bf6c1862c0bc967da2cc484,1036968927.9473202
cd5111edd2fe80f56db29531,698108246.7122697
c76c4695ed005277a59451f4,648116428.9028227
7dab6cd1002a8521e5825bcc,979965105.3119197
5b57258272dfd1babb29e7fb,852768771.1536208
f68b7dfd0579838324895097,1157367816.789912
812646c7de863919cae5edff,1097978577.1211064
0da10eb6093728074b34fb75,1114220978.9860845
c64346c8b0ba32a55292e66a,1034169768.2842059
ad6317cbcbb8bc27b0774fca,1051871107.7940063
9f43c80d2fa31a09592b030b,917926064.3021275
5b84f5de073000ad4d4b1a04,1291573076.5833163
d94d18cbc812d560c1e38ffb,1175439678.7217839
ab3110b5dc8ce81471f69c16,987189669.3973627
138a1990291ba31024455eb3,951539478.8877859
646bb3de5a1cfe4bfb7a7ea7,1056832108.7911934
d8fde541f142e6a7f0b28099,763086232.4633187
ef61986cca74fe8585b1b287,739352473.6784207
e1d8eacecd35515eb19f9135,1271509455.4150033
8346d64ed6211083fd420ede,701512946.4751724
4340fcb9c80733260565c24b,713538750.450505
ff5a27ffe7de039e65170f9e,687590120.9557049
ce407c1e25333d7c7eba1b0a,753842764.5475594
f927027bc766ae6c111fb685,446509640.2669982
3f9a3edf25152433969f98e9,661934532.9950795
987476ca395533347581b2df,929680207.1699444
17d0e3208fdf10c77e95bdf4,591251847.4893811
b485036419de03f5bad01f35,732874810.1276854
d3f7847147c88352bd3b9707,736042756.9006743
aabaec5accad3f545f864a3d,574160547.9022626
400a103762ad652e81c8d3c6,939036258.3596125
acf15357c1a919b6ee78f676,1328442279.3314285
8d983b9ca65f19ff3d69985f,1301872552.7528477
b9a80a4d84eb918792324dcd,654839343.3699076
223b3c04803ae7b855f9fd10,943132616.5587881
e5c8f2d536c3f931eff2d70c,675566322.7328467
f976ec33e004b2d4d32c2eb2,694287970.966996
cb00e44cea76a92e9c44e793,728978458.1655972
0e6dcbf136294f2a99410052,961181012.6441603
102de0a5ee4f19454b922b96,757009343.8432438
cb1c8ab11838d9f0a1197e25,1168427341.2892933
2e2f1072d8db7372b2c2419d,616762619.0521382
8c4cc779f5034e9c10b2e698,428439275.2415594
85734fd69714897264ce2214,590062003.2209599
5694c1f689779fb5ca95686f,760775215.5201309
f3bb60434cb36fcdfe218478,543143327.7880069
cf8bbd3528d3e7e2b8f50c29,797167075.9466802
7db1c8214f229d865da455cc,681629365.7345209
f3478cf008a7ad268a434ba3,681711128.9708092
5440ee15bccc4eaf827fefa8,765234093.8969129
78e85ca7c532a77700bfae6d,771503007.8029071
eb5e382e1372c4e94f467673,777387821.7087896
5a11cc89d3b01eb87535ff1b,1042987722.1782393
d0f5cebc2059ca89aae30c76,587092116.1280092
883371e374936fdd74d09fe8,956902129.3266847
9ab4e5f8cf2b807603329cdd,823209889.2762783
c37c7859956931d77cd5c9a8,1008372586.4027743
730804efcdd755786bf734ff,563800759.0989306
9d021f3fcbe5f82fa1c1fd94,833722840.8709115
975ea2f56001edae07f28fca,435330128.15956175
8fea95d0a70b1ea918803f58,896155194.3986984
4718488d664194a3c0c5b446,717351276.9757159
1b87ffa033dcbf4e2805dbb8,655779515.1088164
1a77ac51e03c77ad280be447,654658423.7877983
228d165257ef052ad50433c7,645071703.3013725
513a83ac5bfe27c5b813ce4d,598432836.839465
73bde441e18a9548c034372d,741036955.4273595
26301269301b6f96862af599,589547995.6043094
7b30dbf2f6d835ea0c14b392,628839428.1422623
254de3f3fc52b8cb62141baa,651239119.2338879
f566603aacc78da47a283804,946651212.4366124
990c8d65ca11a97a1d34c5e5,834326628.2324047
a9878134c12696d8199a1ff3,953946637.5499277
58185ef7646efa724e904f5b,856029520.19554
37d5b8f329ed1ec29d4bc035,609791421.1904079
e6f948282e81570fd03e4df2,841278563.6602228
8b801b4cc1d254d0277fba5f,678541795.5592344
33a334a16c4547b9d7842c3d,708643300.708675
1ad9e105d9da875001111075,1140282084.9340692
08ad96681afa49c74721daad,986245702.9978304
beb73d27906bea7a7d880791,1020192175.1377656
bda5b2e5a87a4905a30f3b8a,682908297.8023534
5cf70a67ec25288657d6fff4,692061586.0676273
baeb4e9d612bffb63ae3564a,1110398895.6656919
1902f509aa05287ba42f546c,693178922.1165193
c0cf9517f20ae81c79ceb0ed,1109405615.499242
2ca8b22013c529b412ad764b,675567731.7177292
b38816ece917027a179663d4,639863522.4748574
c89167e42af0d42c88e8573a,985868613.3971118
09254c66d93cbbf2675b775e,857193083.9730903
89f8ccb0c1e2136adf87a10e,916704355.1221302
cff851746578050bdfd46090,883648373.5080997
d53ddfac67129aebbe054024,908179544.136187
53b5ffa0cf0dd12e4eeb6a2a,1149414850.5149546
62db5fd2a4eb831d281ba8ba,1178956051.2723725
59b5fe8d4f5ae272dbaa5ba0,1281813399.500927
3c1b7a0a306e16e8c22d78c9,1002231839.7921176
5219c3cae1c92b52551a8571,940777945.23297
de6aef9a5e47a614b75ee576,886770585.4865303
d168181ef0dcb853171cdbb4,1104565662.9452443
6c8e27967ec63e6dec4bd6ac,1097299166.1178188
8544bc14286a51e60ffee7b0,1380494306.080037
ed48916725be6970cd2f273a,436308113.29576457
9ff3268cd15cf039ab958413,505773691.8543031
16cc5c280124618cd5d00027,473751842.876632
ac028c1580f6e4da4ccedf0c,977879862.8795221
673f2b913006ee8b33e75b5e,1074298057.0109606
191f96722301456877893b22,764922547.4933461
a7d8e636db44cf5d3ceb67cd,736169372.2617975
1310e9cafc0b9fc21c212f73,797646610.0848023
1bbbe4e1eb264f5c69467e50,763892146.3498791
283c1142d027be336a7bfacd,356628593.4257131
4d09c2354c67243c968dbbcb,913044785.8844802
db3edc43e89840a65749cd94,646522540.9738271
0274166db611aabe4e946a83,565661390.7123891
8153b36347669087e363801f,770967909.3248073
e04473aa943812de1d662058,1211622737.6945677
7742e8923a4b832e3d94f3c7,607565916.6634387
536b5a8aea016aaa90fe744a,930179215.6073409
d2c02052de9c97c531a4453f,828736215.0825932
48378a6148532f71abcc2f98,876165628.9453773
fb0dbfeedbab00cdc7eb93ee,738033796.3970777
699412bfdab1157487c81725,974471417.0384405
a63c26369cfbabfc9c2603b6,1112986833.1629796
34e5602cb58501859e32dc9f,773780338.849664
da83b03a6c9d405f55714b0c,1243001146.5397205
d938d682332fa9e5c4986024,742082148.7882303
e9e39766e2c96bc783d580a9,1379878619.225319
fce89a9ffaba32f9f7c5895d,1326937272.8046439
2d6aaefe0f50db8acde6fd1b,1433787470.2888637
1710873f951e7f695fca3568,762633432.3520783
0ce068461fb3bf34eee000bc,870858198.5969455
b5606ddf3a4e60e2a0e0d6a8,1069328598.8720738
2c2e56e3e5210c111c7de708,802104088.1136069
94118bd8c3da3f14f9c7836f,566035689.1736158
d20a5b3eb857e1f4b548066e,1012327500.88642
ad37e23456bd4d90010f7784,638977387.2134833
c5602c608080e2546dea5463,292332743.55614036
e3bd8bd5884a55fc1a151687,639301773.9460485
aa31e5995379bc38dd40b8f3,674436734.7997758
fe8a10fb4031669a9b21c919,993451168.6617718
08eaca41f26eb387b67bf30d,1411192062.1902156
23ef4d57d130e4130205f30d,644574300.5907358
d6f1594affb8db7a865e3452,595313787.0710162
abd9cf3c36309d590e58c2a7,613106985.0346959
1c177af5bb41e26ac0135b4a,1002509224.8280811
a05da8df13eb4b121d536912,640340630.7709593
5a5a581ad5540fc82cd3c2ed,621263476.1051062
b50ff8bfc0b4c4b165c5ccf7,828807619.2898754
2abbf26e80643dfc1b75edcb,1087052062.43535
ec903c33a379d8d2cc04ab36,975323350.8039137
c062d873af3b7cb98ccbeec9,1315291315.5587502
927de0269795dbe0566a0326,1095105861.599655
ee703dca75c4dfd5d035c9a1,1123357111.9876394
b8a42b02c50438c2ad7598a1,554881209.0752679
f7216fd19f41ca5ea66a9169,554881209.0752679
f487761a658a4247563faa38,565587420.1169599
caf878b42daeee3c7de336e9,864564348.0256852
29d0dd2d4b120dd54c34b13c,1038480436.7983253
1cfc7d60ce613536d23b093d,1101535318.4977136
c6c7409bbf52c86461aa1dd7,713280811.4041843
312ef52e0250429a5ecb3b27,1135461493.6782758
48299e52748ecff3b69f7a90,641715177.6291597
a02f6ef1f148659297d46b33,996917568.3690708
67f664c8f9250a22c10b4f67,606982343.0939387
4977af03eebca1aa266289e2,659413964.9337218
39af71aaea23b5c1e987de32,543638300.7352439
d69b019e6d54faa1cb044d39,917208122.415953
024e94e72ae88464621539eb,741547951.0225946
b980c778ecb2709696265c10,1378672440.944218
8780134f8b40f0fec4d1b661,991386126.0488069
107f29b67164ad6861cb7059,1347366045.5733383
c8958d280d0cf2d8a0b481f3,916086230.4151456
1f8f74ce8831d5532f330925,996649025.1621397
7be46b6dd9891ab771fc4be4,585295320.7346222
4f4f7d2b14079ddf8754d6ad,1040717039.017221
5921ce922675f6517f8f0007,1305175028.4070177
49f0323d28ef0610248c87c0,780094730.7547957
3ef167ca6c4ac77f6968d17d,707590358.5539428
8d2f9968ec8aece8d1a20137,1018138172.6998732
4bad47078442f3416b2c1ff4,370546279.10966325
5e1cc2905f7a701f895123d8,862271788.8392532
a8633d3336d097920bc8a9b3,1041878948.5965822
72fe83366bf13a53937b7034,1057807225.5408027
ce78e1dbbf0f7aee98e244df,706116292.8774514
11be39d287e5a8bdbecb5994,852926891.3838813
40a561bf79fa7a08155e1183,654818570.3445904
3dbafa8cd5225e261ec9b6ef,440004482.2475533
68cd88b657b59f5671f59e04,432569481.48668647
6a2ce95a8be0654f193592e5,550152997.9922001
4e613cde51f9760d3c051562,783085370.6322105
1b69d2c7fa8f802c4af1369b,706901206.0434598
f126c4b36c00d0ca11c21a2d,952614203.2035394
e6a7e6b41e6c6bbdc16e1e14,1039714030.4476812
5a69ebde2e113923ddbcd18d,1078073539.8182497
72f0540aab38ebaaf9a389f6,693594865.0278269
75b5bb7b5ff8ebcc863fbdcc,995697776.0086493
096912698fd9a59d94935478,759267292.0878679
f0ad965090221d2349e90d5c,986820036.0538993
1c224347a1445ae01184e0a2,1303909237.9717126
0ee7273686a0a92fbf48a383,1215581074.415291
e2094d28cacad3e2a711c5ca,428163213.1173197
f50e0ea2c3831235704b8c72,727479147.9594405
1e64759f297a66524eb07b7e,897893077.5603583
7636a187e29abcbd8fad6244,529093940.0240843
9b858a70a031475e422e375f,776652983.4468638
56c2e8e14f9c6c9a9f046a08,684138061.824156
1bd7b990be19afa5acc78bc0,475165438.14067936
8b36b7364e4a4c80a6e50bed,768215634.6440439
d348d38769937c8f350297bb,964765583.5737457
f4350916cbddd5a544c6ae46,430052142.26537955
237bce11f35d32ff029498a3,1000424577.3396165
faf92fbca9baf8cce4a00063,638087829.7249414
812c9b5407424f956d308b06,1294108898.120845
9fd4adb5c63fba5a11661b23,455958010.9729742
168f81689afa1f055d8bf7c8,807687188.3862879
2a9bbffb1b98c49d79bae509,720653986.370487
b95ecad591e5c69fdad8763d,497354273.3251083
dc51caa89a74da37ae644ff8,497354273.3251083
d97895a836e6ea22ff3265d8,435379651.9019538
de754bceba2d206a9cb4f116,597527278.7164972
036177aff84b1901e0f18759,586585858.6033257
8a6cb559a488d6ce1b641585,1098027556.143337
74c4f233c7f385be73168e0f,610169668.3591728
27a6f3e8f9649ccce7680f0a,927918528.5303428
711045fc099712aae3fe4d14,654119219.2385124
01e033f5bd502c4ad398ece7,744200585.7766371
a99261116e0158109b3e3bc3,346910347.920986
2d8d64261ba659302da4a481,628379237.2620077
9adaadeeaf6a403e1c8754bf,903666488.0945201
2ab24b9c5349427998338d21,805921510.1210529
09ce36a03c52d6721bc5276b,666808535.9998608
80b37d5ebdb325edef39258f,799397040.0121497
78a080fc98669c0cd9153904,1205482517.9748526
2d14ad8ab9573c406e203ed4,697528824.687459
145f33a8350a080231306bd1,759332660.2096008
b0aaae3a435fde30c4c02fac,782078779.4873421
b3f5af523b5d6d938693ebfe,865623411.8276113
25d62e6b1a1a52cd8080354f,953695323.570857
5a06a8b33611251b62d77e72,935205434.4414287
e93a9b257ecd815c860d0b82,958841988.1126456
610f192d22864016cc2df1c9,1059236890.5011417
4e665d479b3bf2e25cd463a2,701474721.6724508
343be18b0f77260f32ec05d2,562171083.3699719
33dbec39ef8c0667e4c3f039,710236567.9384642
b24fb90a2aa5d9d0c7e1541b,686471945.5097651
b56a3a017449fc4ce417009e,560418734.0012492
e0dd5e6879d824a95c3c1773,662581765.4047959
156a20e2bf9e48b9a360f9c4,572279238.1403241
d5583fa23ed97a3b9413e910,677396775.0102404
4e6f695bcd4d3c0d8497c1fd,1226504446.9169617
da7a511a5f470d99ab2bc4a6,902503138.6741469
22a6058ffe790c98a8922258,809940414.5903398
0c19c54de06d1c139df99ab0,785538444.5150771
48e687093fb26d29cda9ad6e,485916998.0116404
3ad3c519ced4b63ddbfdb0a1,342601728.3470625
0b221ebf810f632568c1e2c9,371977280.15312463
7930f32456e796e40fbf78ed,774379295.2493448
f084bfc530f4039f6631537b,695424995.279493
f9793063f561dc76c0b49a9d,799774574.7104836
4d2ec23fff8eb502a9d93353,1162140044.7626877
a6f570e11883e74654898d75,980415204.1483963
cdf11b53a23fcf9b6032cc8d,740617180.8309071
6f968f62a6fa4dc255397bf7,1116357355.5706983
d692ba46b098c6658799ea8f,832366390.0888178
774a4b48d34052a978b1180f,986509486.2372934
acea4c7aa1185baaf6d3b60f,666113742.800982
07ce6f95a7719abc9a204b6d,1075115608.3608336
b371665aece480b8c1602773,1232334029.0588799
5edc37d9746cbef8352f0fa4,664354149.2017971
26617e1fb3b4f0e4a70e1b0e,943960321.2391901
b1a13541b37964b8b85f4669,982261106.9500117
94213637892f5fe643cbe8ca,985288126.6736536
742acc26686d04596ba60a34,719339046.5368488
acb1d16ce30aee0a39f01f09,797598323.6764282
e0d837e6d5d74fe91d39d23c,1123606673.974582
29028322a6d692edc5ca713f,754841985.4430565
03d54a6e80d48c96a7f6a1fa,712892778.4579209
8616b310e335f539ab1109dc,871388033.0622572
6c21f6a3513869f93b32e9ec,1321370231.7155323
10084cfff54a17bcda6f19d3,1072680484.005602
169c742419c0d4335d09fb45,803328304.7142068
0f06896d7502890175cbc4a0,765998682.3280133
7d2e3464d5f2f79ac29e6c0c,882388492.9767214
de9053a55630670ee8e59c9d,714598610.0201495
8d54b9bd24cd9da341cc942a,1024318672.0810602
95570bee1792641c7c12e4ef,1227004998.3821487
6d0c5546a498fafba15f2e17,341394264.67183185
ed43b0ac46067bf886457c01,724640511.3297472
8890eca19a9e1cdc9e0f0541,811904213.6585586
760a5dbccf4eb4ccc2622b77,987437830.6941245
20fe2d7fb3910ef786cff965,663187378.3281715
602abdc140c40112afc1dc98,381947395.3186182
b7f906741cae6861bd5fb922,385904646.1936145
4d45fbe5a5d39188b5eccbfe,969683830.6673055
08f74ad7f06f2c409903ddf9,893318152.0649309
7be186f4eeff5c0efd58e424,1047709215.8205993
3d1a767dc286fe1cb86ed9f6,1093576593.1215289
2ec9f5265334241fc594976f,753132612.1902003
d737b8b7b39e99f7d877b7ed,797654270.4569747
8fc50169e6ec98a3f4229ffd,979028386.0033271
942133ad6b84f9d08e1d4e7d,792063282.8107944
c965b03014d21473b27072f8,1039317045.7834246
f1c8da86597a427e24dcd557,842571685.4911784
8ed5e7770d03c43ed19abf42,773632783.9498682
68ea36e3f441cb6da8d36198,1414092820.8928056
c97715bec6032974060480d6,1114635055.156129
e6eb47d050702ed49ef5c49f,1134825104.4575324
5a82fa348f3b97e74cdd3a61,717107253.2619373
cd05166ab9bf3128c23fb8c7,1114119832.69536
cbe4318f63d73fea6238079b,1215617502.803152
efcc8d268982e95fe2fdb311,1292829480.8892832
c45d7f326a2f279760d1a4ae,775878614.6382365
7c5ce0e65cb26773edc9ddef,1205728516.8079078
357fda0abf79ec95f73e3584,640191225.8112135
a1e8f0c7cfbfecfd1549b0b5,833269752.868084
3f208f32cc24d8ce1506ed90,609510043.8497156
87ca8a2b3251a38d45730f5c,579894209.3804616
728961e03bfa6e3242f06d8a,658758992.2170839
b9f9dd0d368df912e6e0ce70,932796407.4740553
429b049255a7edf227a980a1,550902277.5330051
a6259664a05091ef92129c7c,553771254.3862889
674c915c52b27df2c06b8bd3,798859890.5108716
f8be64dc83c5923983fbb770,667902296.0274221
445fa7f5e8e9d7f12e8991d4,1155617095.7357414
0842816a5ef4f24435c8df22,830191976.0097436
40558b62d83e4362efe1fe26,378278966.29122126
bc474096496b98177e40f590,1007711649.5334609
2b55989b2253416428ece917,1007711649.5334609
7158e3a6d456211d4533e246,509565665.78962433
d4fac54e137f5d27ce5f457a,881212729.4428015
faee80ca0efce20e731823bb,855145610.0280507
8ec09555f5a47f96a8683699,1184875594.87848
2d7a48a6b9fff20ded24f86d,557721426.51965
514b09016ef85b9ddc4fafb2,856717316.4672719
a1c975ab16effc6f97935e16,801341003.4572072
e803e3806630c6579f004610,756231214.6844848
26526235b34fa5b7349df00a,423976297.2911621
ba762cf12cc038e5c43bc6f5,714379651.056986
45aa335dae223bccb31ff7cc,758180039.4571271
1dd3d7e197075859c1ff5b23,1012726335.3393261
2db9b3463f85dfa87347d6e3,1092822939.749156
f72cc14d79ce15491a96ddfe,1047311161.2773025
4e25bad08182b79f5ba9639b,987513307.4413283
e724a1db86d8d0c6334041b6,964108081.5676974
8fa53bd51f5d54be50b3fa29,347760604.66341186
fb7048ba61e9e6b1de829bdf,682930004.2767398
4bf70f19da0bddec9241d310,632515233.9727705
13c7f3592bd432c7cd0a42ab,699857562.9647157
cb64b363295d36b9b0fde3cc,580260506.9678965
bdc17ea3f30318b11df30508,1084748984.1366663
cb7f62ac4c1afbb4256601f0,562308523.3991774
5d6c275d9d3326e738c875c8,776753094.0307904
9865836c04a9582688f50496,380324082.48827237
55a615b65a28b64d46ec63e4,589008182.8937924
dcc9e2c9c1151bd9f93f44b8,806785365.7911766
1a2c0e46bc18bf3224450064,923740425.9016764
3de8187003cbf6c4813bee45,470006441.1934103
d62663a447beaec69808f85a,462131418.40765125
1ae17f134221d5d9ee69ebd9,542687400.4090055
35e55d060b1c4239a85c0ebb,346139332.47493064
45917f1bac415feac7e41124,499891298.5086331
ed44705c17c414af8442b6ae,686732081.8454937
6f01f2c67343ebb8ec717a5b,534706031.8396666
8f2218126da9580268661c70,1017757605.2548721
5b36bc6e78872d2ca6d3d1f9,589058745.7388576
c5c7631ddb5b485d0e992f7b,550294206.4435879
43c88f1874dc7f91c899df36,910122594.1088194
dc544c90e6ee38346a6002bd,1041885931.1169724
02990998f3621fc5a3d0ee63,642248341.5333967
dbab5ea45ae910567c97fbb0,1006567825.8583204
bbf80c409ab3a6784028eb6f,429485856.39043355
40e56beaf4a7f28f8108b132,429485856.39043355
e857db57a89e165eade00770,522033013.4075153
41fc4ca2b3f48508d840bbb1,549126503.5353875
08c1db1e620e975c4d476b2c,432078547.3148388
8a1d93bbc83f4728657317d1,700468949.9553957
6be0ddd4180b5eb92908da05,301666786.6789788
ff1498465e4db86f4f652e87,482064346.30112183
6410d336f6e61c4a81403c61,923698216.1522031
169cdb07bd175b4325fd28fb,337836459.5931986
546b56fbf616a6dfd1ad9d88,1068787955.8828628
666af58bb684c2d8e7574e86,807456105.8913223
9fe75dbfd537f9ebc6653f18,1012901868.7170416
ef961c130fa3b9015b103154,1062488660.9500363
035ea0f13f2ca01c902d5388,620335957.7224147
7800f742ee14c4b4142f8b58,715528470.6712406
0c621256c4d7ca81045fcde2,766737456.1542605
50db9d168354ea3d75a03a6f,1099568512.4845605
7bcd1fe7a140b6eeb4df2aae,682837933.0382808
49a4cebdb22fc2d72bd1aa78,577462739.868868
69ae1f2868fe714ad8e2f114,314011298.3570356
ca4f4a66d83f2043a7dca261,357490861.2207106
c0ef32a7a294e5891505bf35,357490861.2207106
5ad6f4091b77715b7f74587c,695735589.5947741
331e915e2a66fb70380282d6,677844045.2524014
3a00543fb00cbc044a5b3527,336006967.8222717
81df59c6d8be19568d16ea3e,505575783.09129715
88a4da0d72977b0c56b31061,1111477385.9181533
3ff9e75c6de41de517d1c4a4,299438293.93949383
147f80fbae69dd577ff19950,867777592.6520393
78beee9b7fab8600d420fd27,873754766.7300092
c3733b88ebafc0a05f5bdc99,559353076.9832239
568509a7aba60f8fe2d0cd5a,436933792.7413541
f6d3f7e963c9aa1783b3adab,872794283.0484786
ffcf6794a400aba909383b41,966211487.6642258
fa0aa00078cc178de0cc7d96,745033166.1875619
eec51f949083f39691e37e15,797166410.9962714
26f3d5bc3adcd1396747a414,1329567869.804091
cb9e058f82b10cf80990beea,906614794.2203697
22a0f3315f7600e5120db131,571821051.1715138
bf6845aac15fde9b89a7208b,701357270.9421918
6e3cbbbd3f4d0578144cf021,993055299.8152411
98a0289e513d5ba036b24252,516409115.3935003
597d3f78e2f413acabf825c0,720470601.3559406
43a91a731e86b9a0784f717d,710291994.555023
f34ff57e272cd08056e6a243,633153467.7169317
6f68b289516faa0b7ef36a34,447407261.63948333
8bd8a7e19b6d3b8bcabb84d9,726472922.9776552
74b64bd536ebbcd7c30ef8fd,908739115.3936433
f968e756cbe6504fa0f32458,1198959188.4351025
e99d9dcb9880cbfd219b4297,1061539368.032701
4c9e6812520f4aea4ce435ae,822227802.7701464
78419be95416d2991ade8be1,565105298.6843947
d417ff438d2a418b1f9e50b6,598558983.4398594
3ac77ed776aa4630c7293240,828196376.5534103
95173735a8f6e554f083c065,1037082140.720581
83da39bc1a2eeb75e2825c22,696596979.1232507
4bf89c9e50c5417ed669c481,1000677363.2659998
f90fd39477c8da38e33ba0fb,1005533450.0987728
b45bb2d0d137de6984d4e1ec,407703522.94565105
bb812343bd6cd66e9cf9a9ba,349558817.5936769
e299f614cd8ae525fc8fd0e6,983127516.553385
521e9326a2003c7b56fc4365,874978462.7228451
dd59ac4f6706a1399360bd14,899863755.7443167
d6c6e7f923ce2cffba8ff9df,869201834.1657861
df07a34d0ee2f78f115c45cb,782481084.5003972
db6061f876f890071f7ed957,864585436.3984826
b31601cf48b268f3b4107564,776116856.0118175
3a9b2ef74c59e96a6b107357,517400118.84081143
d600310e19c926cda14ac923,1032940317.9322534
183f2cf1a1c7eb9700b6e72a,1290316672.27735
42556b1bae874a5c09777873,1050925669.1641109
57c1ed738536d177d66fc52c,1405290930.647032
26cdd114566b7cc63cd96fb8,1035991267.7076813
0f679cc583a47b30ea132bbb,687832891.4478798
32ea7e13e8d9391aa9b7ab9e,356145168.079103
0a482968c7cdf212401d72b7,1069570968.1913707
85e4ee2583c51592d68ef5d9,446170291.8824767
f4ce15aaa352d707b68cf773,854837470.5236831
7d383abbb6ac49c6599ffb0c,1097924465.1513388
6c67b1b0991a1d79251855c3,1063854219.9794996
9e52ce2cb6f6b7e2a152dd54,687328257.2590514
bdeed3a7395cdb9b175273a6,1110873383.0014849
423ddbfe2f575e6bcb22e7b8,867427362.7230608
3247399a31df838ec5fe58c5,1168584238.496223
bd57e5cd29d935cb26006835,698690717.8876998
bf00f36c4dbb273d7ba4b7dd,620280535.6528339
48b9efef82faf72bcbdf66b2,794768648.462112
d2526a3e39ea01f87c99d073,997602459.1715393
651d5cd65f80c4938deb7da4,768028090.8908789
0be7803a34b11d89133beaf4,1193023709.869169
a54b0b282edbd217e9509287,1157826606.2487302
550c5061428d09afa0c409f3,705444762.586935
7538c609fdd115c9dac551f4,804909219.1501803
d7e3cdd3ac239a5c318f2e9b,1142200964.1582003
9bb193ea939c5308a738fcef,895341320.3118718
33425419e1a8e854418c5180,320792708.8094145
fedf2e30e390f5cf74b27e97,672414671.9279977
024c5c787d005adbe770b9bf,555471050.0296966
13f681a090b36edf38a4abd0,629721004.6868428
442c6bda79f63bae28674b1e,858784087.754822
47e0c773f65485ab7c78d49f,826240687.4883279
9e30b310c820d0426f504d90,508430360.68499184
8cdfda9067e0934a8ebe0894,654036325.5587445
0a8aaa78f68d43e3b1bf6c51,998874286.970826
1101f533fd18cae5d32c1cbe,1007037797.2442932
9f6af9ac2404a8d55f24286b,674103540.8706152
75060f295e0aba8e1224f766,560888719.416548
f0e68102ff84f49d90fe38f4,532330434.45012796
3c45bf3e3e31e7804ac91704,662664665.6641117
f908e1de4c4be0d77411a998,700265628.375342
ca643c04044fabc6fc566d12,1100225059.1369278
8aa76df8fea21a42fb6229ff,746705507.9869415
c214d2383936dafbe0652c51,796014464.8751793
993898470c6676ce46ede92d,936010892.2866638
18f6240cad6e92f9151099c5,1057284499.4927964
1e63fac2629793fdcb793f1e,879195373.3693563
e0137390f0186c98f4e91263,980546042.689566
e35f95823a486c52b0f4c2b6,611948703.1472235
ede10672118071a215ae09fc,947517923.7638192
fcf46edf6d612ff1f5ed6134,767379911.1662368
df4be33c0931aa86231b7a2e,1109236732.107622
53fdb16ec08e794dba9a10ea,732925654.4881024
74c24c5e142e5267456b24a7,699428866.0794418
f1bc08407f40396c094e0499,1058297046.9601481
496ce19c015093e97144d375,478394890.71273893
a183a1c009abf7251fd725a1,927963772.4539866
6bdd97526b1a9cf10853df1b,845245461.1733944
f083a8f187e2227696695ee1,985347458.5814729
2621e068043a5019aeed6c8c,976711402.2621684
3b43e7acfab46651b099b1ed,1177730606.4966116
6565b3281cc2d632febbb6dc,1151682209.5984719
09e47ad8508e7cfee83c6d68,883696162.9254876
88b02e7b20ce6db956afcdd2,1179977128.2783594
bfc41facefe9428865e4c29f,1147905393.10626
569bb17b961fbdadf7106d56,1284455518.8517604
2314e3ffc7242a429e00207c,975457543.4188511
4bc1e2cf5e5ffcbe1020df08,929928644.7280804
949c4a5382aff4750b4dff83,1105508260.0688748
a63b4a22614d334b4a61ea16,1015866311.4904144
734fbae84cebd50aaf71c48d,1130179955.8563774
f92935374a7ef86314223c5b,1425944135.651861
6cc8e22f11d382206273af23,1064289750.2844162
701768887155444b77c4f446,439034470.2788396
13c86cdff4dd32a9f8b9adcf,958090049.5030156
8002e2cd1b70ddcae88ebc4b,1193032597.5886698
d0d77497c8a7d567f01d3afe,768586283.7091367
95a7b01cd60cd10e7364a600,646634502.4489758
d1e38d7cbd32567c874e194b,694029108.1210563
e674ba41f9657ac8f30d4f7c,1125571194.0891857
6bb760d54e5b0f54d9612a8a,693036084.6355122
9e3bbcdba89c647e4ce53182,963711264.6646242
72927abf4bcd53d6907aeeda,781839277.799803
aebaae467e5f01db3afe69ff,571840136.2894824
3ad457c8855ab8921a7974c7,1056724671.9182849
1f3d3fbcb686ada1a96e01e4,449898811.48768044
0775d831f68b88ca59eb871d,1103586104.9462273
5fa3b0993cb43d3c72c30093,790942704.6387514
bef19d0084cfc9f6fa37ddd0,1019117056.2936516
85a856b4d0dfb1fae861f513,706212053.5329767
07fa1ad76017843232107517,1302643447.536408
4049086139009c35dfebb3ab,453412210.214533
655120f80a39c19221623311,691233366.0988288
71dca93007d6ba45fa40eaad,1038711021.8781412
9f41ce015f02d67e193c41f5,506164179.7228873
9017bd24d173b2fcf564b32b,1214479488.0337458
e5ef29d41082025c42f7c921,1017753697.4778429
5c60d7880850970facc54bb8,1132705305.310646
f51fce25d8376d48fbe73a43,619068135.3267784
9dc7b0a394309d8b76d0bb7c,756131464.910075
a12ac99bf63b547fd9180a79,477800343.96882993
378d846a7af35e0c3efe53a9,1090066465.289641
0872198056be7edd5eff220c,1121085414.9793158
efddad1eec775ce61d3b7b64,961693147.5962319
70c19d59c6b9e194b6bc09fe,987350948.2327616
b0d3d98076883f346cee8d04,1201621038.5190134
c7694e92a97bb66794e62fbc,650134628.1478459
7b4fcc72822460a428c19282,915744985.1236793
a6baf4631223d9b24de8b590,435127139.48819476
a6f616d63d134f14ced205d1,947797754.4350898
50c123baa5783185ddbe29c6,661696119.520699
24756921525595f1684929ba,582132137.1313351
caf9c761d21329c993a0bdf3,1201509804.7287216
193d70ead1ff1043845e7671,642992440.8900865
62ea31859e01c2f4d4e97baa,1014441533.358014
272b5b5c28e46c6f5ad95c22,642375746.9047283
552ab0964056c1d1d1b7398c,1025981290.6920727
23799891583435710f66303a,780031912.4497448
34896afec0b639648c527483,1111964185.5686414
eaf53eeb911ecbae638409e5,423019773.5697507
b1fdade0fbf0470060fc2708,525424710.9844955
8a20478528e97700dcc84abb,361397860.0745283
702525f05b47353c95b0905e,577444331.2476649
b84c837c5a1fd0f1ebc5f8a6,476995828.5572888
ee2d16316e6f4f2388494c7f,605424896.7120208
ea4af07bef4ed93e81ded95c,1216132673.6254306
1a71d0d3503f9eff28acef6f,1040359692.7525508
1fe392004a09aeeaa6e8bce7,1059111654.0312576
46d4b0cdc81137aa56f516df,1115828629.1750283
4d666967b74ccdf5b04e9787,654566637.7406839
fcf79745f8cd716d3ff9d27b,560820766.7858443
aa8a19a2fd3e2cfeb3b7dbd9,470698568.5380887
f055602beb49dd6040641c9a,851127066.1469785
7b1377c8d81755bb9b501064,472381146.61975
17d0418e4a439e9de8006f5f,1010460870.4945179
48f1c6e343a4724ed865533b,1088665088.5886781
353207faab3dcf10feaac8ee,973115996.7665879
ff188e88378c8e2abed8119e,844557523.7023767
424b41f5e01ea2e2ccd3ca48,769331232.8681717
608cf4f46a188cf84f853c72,423906733.02530885
f9e7582dd99d36bfada56249,1168120485.4162428
d52f04fb69bed41ffb10fce8,875769897.8812467
ea84b58f733c8e491db98a52,972796869.3432603
68699eb9653684fdd3fc79b0,1044790165.7065165
31f52502e89beb1b2e0dc3d3,896583967.8070223
fd41747287a480d5c4dcb56d,1211870379.3748598
b7afdbc1b57b52e6fb03accf,1305962765.8582199
48b270a493af4fa28dab9211,552888723.2302449
2a787b39e84958ca6b7001d0,649113484.0743607
e439c77c0d871996bf06bf88,672467833.6641219
91b8b9db5372a2c3a5c30c58,638273914.1913642
038272b33c075765464761e8,892318216.7451062
fe8e45caf7605fb91d6bc5f7,725998605.6343331
d354a2581dcb183c0cd70540,956412140.7447845
9421ce9f204f373a50357fce,613844253.936169
56bd3b61805077405af098a9,1057703015.7555566
0a606d19ae362a58922b172e,575977673.6818856
ededebb1a544fb3246d3e131,486916968.7932707
6b6c365359d20be719ce815a,972988941.4824436
b8b22c1afac62b05ad389dc5,482713542.1302471
3e3717eda8ec9a68c9d83027,495709601.7783227
03be8ec62dae56680beb2cf3,934660703.279819
fe6c8cd2e792d62a4c324da5,710154105.6073147
f9c133f7a12f2b8c1b2beedc,1073347996.1774387
4ec47b8100d224499ec608e8,1002067299.5177096
143ca16847cc47d4a4c01ac0,683609319.1334145
22127243f7ba3a68c3fc33bf,727376913.943056
835eff7679889fcff6795d8a,993509116.9530853
4ed3eb724d4e57a7b35ddf5c,1066960419.1987244
4d743a1250f7d91e2782708e,648174050.1641908
9f5cf735a842860e7ac753cf,730646544.7655376
e54a8b735724b2af56c7a36e,522088388.24798965
3b39471f854357b7e5d2853f,1076449585.9256067
91bd11b5a8e0c0124be78f46,435345126.646279
6121943254877ee48716c4e1,377338973.5739111
3f4c2c98a5a6cb78d7d26327,432217771.28607905
2b6d63d6b072901effbc8e1e,738454763.5564166
7e4b240c601e37977faffeb0,738454763.5564166
ac29d71a80307cab65f29ff4,843548828.3046684
70c77552b1bb67a2a71c2ee1,1308629456.734396
54a09a85767156b072c808c8,803577516.455191
244210fb4bcc0a04f2cdff95,1227536176.6664596
9a2b53c1c7151a8b26a71edc,507807402.2039455
918c48a512fd6ff22fdce5d3,706277668.4442003
effe4219e6cb56e5ab70ff6b,952244043.575788
936e6d2192f28a2b40939a4d,1109483199.555291
ad9a1b23979f0edd2ee19f38,1012666164.7725501
8a8e4996e24142eb413c0d12,1149582420.0025187
31c69cf4d197f97ac594a896,1128542245.5489025
143f07eb2a8f0a9e26fc4c56,791056125.330794
e5fd3cdc6a19653275c7f4a8,688410626.6824354
5c7efb015b8ff7f108c99723,935905369.2095411
394718d9d069a126e13be804,793939231.2506543
56f30ea777f5493139f22384,1314486287.8612027
37d5a902f1036cf3d80c275b,708617727.4733038
3f418a8bcc7adfa87e0f67dd,968656440.688537
051416c05445860d5b4095e6,575406344.2551199
887761f34ce0996bb05ac48a,1174615990.1715283
e02fa06a8de8a603e417d5ad,446256777.8212303
6f5929e67fb8da068b91096c,1000939078.1769631
291479f573955e063f2d8bda,1161881000.9200392
e60850405ccec092b8fb5d02,699246243.3445265
464864b367e16547fe319229,685568477.4528255
4c14547b7e02e75204ca9f4a,999802945.0235516
6183257f16bce94113879745,534703641.9764843
46c34a4e5987c20eb1f5ff99,821089326.4038348
3f39b25dedb96409dc9d1947,1135819582.9275475
e7a85e64ee07971696f555f2,758897522.7533755
33043b254b9085fc82ee1f7f,362767227.23810154
bd2759d469829bb8926dbe09,911622947.0727197
affae17b6cc59bdaa30e29c2,932704061.588256
e611d41aaf38a58acaa0bf23,695974250.6592702
0de426088a306321990cf60e,490293059.25629807
685982808b30597cc013e2c7,519601232.9578146
4cfd1be6a93641b110fcaf67,301207478.2999923
68fb3b3cc3e5b13440eb014b,1272494507.2687488
532bf5813d7e70958f71a480,1201362696.210919
06ee1d8f3ea326a0e3a9791d,720116295.1121923
1862e0c4d8e89fd2302ab376,1659978823.210489
f3dea3d678d959aaf6b2849f,1179815081.3283348
2478e48a3c6bedd57c13c72c,1157104439.0500681
efa36c7738fc14a11cc352eb,807608870.4376147
2f6dfe9443645d6629eeccb9,515879225.2016469
bc7e867cad6f221dc44754b2,750427871.3199263
e4f2fecf58a038d7b18f7160,1026535457.9648023
a7620d5599ec354541c8af13,1297570507.6723714
484cde8e47fbf62a339c8219,972015160.403953
5fcd9836a3ea537fe86d457d,668090363.5642009
1b288024824312c8b1681bd9,581292719.467833
44e4574527acc86977f5bc41,648826094.4221534
8b716bc4d6d833f9bff3e729,738780835.4235164
0ab85344c5fe6ccb0edb6313,1071301658.4091656
03ad99f1799f2a20c8cc0a50,721310913.73993
6db318f828d464be421eb572,902395817.0229497
c3e648317c360c76b94bf541,816569789.7438979
19cb65620d2330624252d01c,426180875.96922255
dba9fa9642ebc97ccd765db6,507476874.6686865
1d2467e5f991b935d676e906,432148235.28535676
4091a115125eb4a67f494620,809910610.2318158
d197410ebc0e3b9937464923,514636246.8247454
722699e593085cdd72102baf,508484601.6839489
c059affd0c19f6d4d76f37c2,600851089.85501
855dcebac302ec5760f67121,717447532.0428697
f433278518a80c3301f26cfa,743413064.4694227
66a45b0aaf5f696d35f5cebb,587328046.3883121
0152ffa8757aaaf417e9f997,1345025891.1223636
55b72f6c7163a9b0b3b0b262,376848004.55092794
c8346a875be8391145a2f9aa,311813784.0289729
11c86230e62bd2c9ba44131f,1103169838.6304934
c4b97a459e2c6d13710fa273,469901492.51183903
8bcebf3cdc54d4ec99ba0d88,806785163.4314553
ad159116d166e45b70329bd5,965349316.0464818
6f060a8ee8d6d15f46289759,691450106.6398897
ab5f089f9d2ac1bf52222ec5,595428785.0652779
f4fc2da675d6a2583054fc56,422121786.04182863
89eed91bf5148b5645408222,993937521.1917413
0761d0b7c6e319a75b06d420,561171742.7034758
ce84187750fa7aadd141b5fb,749268198.1592482
ad77298955813089bce818a2,1018144175.6517065
3abe8f334f0f20f8006ca5d6,677092657.943008
36445c32822146606f75dfdb,1104895845.7014832
f9798cc6285c9fb3ed7cb668,786881175.4358146
59dd396f70b8458772307895,976010485.3285673
83e91710343450cb0812a6e4,1005728902.0298755
1e7a931100be734988955242,1297240401.0738783
bedc5ab20edc896f814c3f06,652887833.8166748
f884247fa6414f384480bf38,726482647.6926582
f34a38cdec7eb598e55fa41e,1102281965.7173991
106ad411e13ea21ad68e5f59,1180951162.995232
a87c585acf2a147e381005f5,474630236.0807134
ad755859e7b6afbc021fcf6d,1151832752.5840805
8015080cf97316a08453a9fb,1161946445.5699968
f56d8f5cfaca0691c6ffbe00,688000137.7916323
8ad016d414e2d2be053d7612,700630378.1766089
8b91a957eca1985938860c28,1043612243.8493731
20bce83e2b75fc535a148dc8,915488290.8191054
5724ecee1b12e888d538c1fe,717089433.602363
1e90d068f3c86c6f691649ff,1177585480.424448
0fd954262ee740999c31d407,353097249.3618784
a6d7b144058ebc326b9803bb,727165911.2024459
a81abab882910584371c7b66,531428862.62653047
9e41c4b41cbdc2553d80e362,1135359046.2866008
b6fcc49ad3656cbd3f4c2ea6,711732667.8743924
9a296eb9b63ffbdf2a07cd0d,923858481.7621568
3fbc0746bd620a0baabbd859,917823867.2194998
3043d0b025fac4ed90b448e6,824181891.8528821
219555efc5b4291791143252,524171772.77767503
a00863c7c53b2c059ce22dfb,446238700.39046025
28b838c94d10823ceed62e0e,779019376.0911154
7e64ab35f5e336d5bd2e1b51,1198758937.3186388
52f24ab479fad35c8bb5a8f6,1152430782.503063
0d1ef14606c58310cae371f2,507652527.2989083
a465a567a4f60ac534505bdd,1291085436.2891743
8694b149f7c0deadf820f0e4,1015160043.699856
16d6b756f5ebcacf221918b8,1049015608.9024296
7d132190218425df1857b8b8,1030329462.1233277
7c7a3f51a58dfd1588d7c088,442902141.99662817
64d1c45a2968b0fbf0eeacaa,781365391.0207169
4fdc382b65441412fef509ad,1182619771.6335254
04ece9352b3810031f3f9a90,1066371196.3919559
8b5b351e07a26c25cf51e176,388274344.6445709
f923bfcb8cdb543c23bafd52,646973451.348935
a15a12446d2e5993a0a6c423,877928882.8474476
ab3e1642655f7e705cb047a9,646973451.348935
b62fc917b3e8ddd64bb81018,671201902.5327773
835842cdc8ea0a2206c2b46e,1008746674.9152341
02ce5bc5d5d286a4cc0928f6,1050127609.4007591
d8e51f7b40bf1887ac007163,911465019.7372161
90f320e94aa429856e37bb35,567107652.902946
967a7676754d6f9aa3e14473,564834370.427663
9251f3dafa0e747b6e78f295,989346447.1251655
17b5e8357e17b516d947ebe3,799339106.2559767
f943cfd29effc9c048b8e106,677299554.0520097
41719542347401b04dfbaa59,753830937.3264517
bd6ad9a9ab28aaef9b4955c8,987491593.0708349
bbff88040e5b20e874cfad9a,1060443048.0939288
3d6a9a4f2336a46eb62e6a47,1236864140.1990762
493367258be5d63dc8db97d1,1236864140.1990762
67cf2149b4c214da77694088,920186815.500105
8d2e85825e95f6941445cace,851247910.257997
01afa737bcfa6b1ab530eb09,1211989269.0317068
25813f7204a2e796170c4836,689013204.8870115
3cb1773d90dc240c4ffed5c4,1095105861.599655
6c81a0b90366db9f514362b4,1128781950.9963517
44c8131b88accb3b46b79ba5,557721426.51965
ff185be4fdbe3790c72d00cb,437797698.55943394
851f50292e30b0a464c0804d,570293138.0089866
6fc2a4f29e3b896bce631ee0,672980455.6290755
cabc4fd04b60a66bdbe2cf9a,1038116611.773868
61e9c2375626a18bc9920c5d,625043977.0716993
396c8060d9767b4debf2a54c,1045700555.2375782
92ba019bd942fa33ab742924,660917063.5745467
ff71037ec8e5a91aad6f0686,381536660.6057546
d162a90b37622c1dc6550690,449149201.3239307
e1490f0730f8fdc36993027c,530596277.6282371
5a066d6bb65d28c2094051f6,957701510.5197213
9c7bcf000cb37f48d9f15422,887389958.0026164
528a6345df87dd0db33bf822,880234185.1300535
579ee47bc31f5408314bca28,719929799.9555377
eb61a13df1c8d8d0efc4db3a,564355306.4790865
b649d315ff3c97c4e8e9db73,252781896.56774473
d8dd26eb78ff22272358e302,920481437.5196941
6ae2221c504027acfb7368e8,621735309.01883
3ce908c9b70f349158f7d04a,1034841576.5428674
7cf74cbec871e465ec2f6a61,1034841576.5428674
02e9b077d6cece81387fda35,1069737956.9382833
865ed399cc344e0638e45128,1035845610.9891317
d9ed55fb72efda67f5144330,982248268.134977
9fdbab0b428f19e7e8dc35b0,865490586.0447651
c061b886b7136a1b00c8ea2d,945820941.8576059
fd0f6c0b5234ec1f6c7d1fd8,1110341350.0966642
9df90c0644948ea5539939eb,886210459.9232044
547661e79bf0c62cb8de63d1,954154156.513377
68963f5f3657cb64276e3beb,834212935.083917
cab0a460167bb64c037cf25d,340537294.15826696
31977cd5d4c09eff149e74ea,757314526.2707646
23264fdd1059460e079e5810,646159357.1879185
4769743185eaeb0e4158e0e0,758128008.3826935
780c809c52509bb4855a4efc,777003724.3239782
f64d4e029592761bee698958,537250204.970846
be364e85b988ef8627ece74e,394527071.3820439
c73c38b652e9418f06f89b67,460003372.9440931
213032fd36fa1a6342570158,743616848.2003129
d519a8de5fdd1a84ca1baac3,702603979.2778873
df91a494d5d244f20dab0eb0,496307254.9538179
9be92b361ffd3ea2c69be23b,880804750.8892754
cad16b2ea432d926d961109a,603580736.6462837
56b22bd973f94a4bfaaf6b33,877368410.2796066
84114798ccd01ae3dc97cb27,561571256.6991816
fe2bf1f402addaf17a213030,877656456.5907893
e01c1b69abb6a4c1c69c77d7,1091871259.776248
24671f63cd061228ec0b5b9b,586531905.9903533
f54c16df774e70d49355cf4c,379919079.80746
5537b994e85c2688fe555d5c,623664390.3913817
1e5919cbe4373aa261d672d7,385641929.36526054
cc125d0f70d6d0819d6d90ee,652379351.275899
51f94ebbd6d2533862a1fdbf,673648435.6652607
fe409f9ea8d18c9d9ba4d02e,490348504.3399092
753b47e2a3b9fcdf9d7fd9fa,569772367.1554487
6bdb3153f267395eefbf588c,627284068.9242138
9bde9f216ecb90814670e87f,877656456.5907893
7f5280804c59f56fba3d6201,543201035.7921615
ceaf16e097500022498950ff,324444553.08389455
aef06b27b0a080b5ee539b6b,517608256.81414807
abc668bf93ec7d1951c65cf6,490348504.3399092
56822f406646f93fb39d9e60,385700990.12195313
2690ba8b22a95cb837cb87b6,364624127.3319552
180172e4eee8ba756207b3a8,654752718.998251
c11cd2e00942ffe56db5ae88,637818790.9707905
75a287d87aaf6ffe7b6db546,576080174.4105251
08f35bfbfe1bd663c40d9e54,943270960.5125498
c2bbdb2e5d0191071e6db37b,606398769.524438
b129a508d1d98a1b6dd2f61f,1109173593.183917
335626f385c28e8370c207cb,496411308.39057577
898ed7299f0c7b8a99e4877b,906018312.9989021
a98022fc80dd6ff27de693f9,494608703.3581058
a59f1631e721d231eab4d146,1112568338.3287175
98c9c866109bedd605ab7dbd,732248682.6428088
cc9743189c3671adbb1be49b,1049957198.9838848
e22b8126863c9ca8fb04df9f,1078860726.2560387
247715511199c5b680088b56,708279511.0644248
6e51ca1a9c2bba9fa0cbe5db,1081952614.3862994
ba8d6800443dcf95bf9c1037,584875178.1189605
5ec6e033b9dcb454c57050c3,844391283.717009
156ecfd8ca6004281b191db7,1248657311.297144
edc3879a1102740f2f96227a,1106666141.580532
c02ce25a3334860d3bad53e8,747808496.2610317
d041129f83f1f13fd7b35e4b,1211750521.515011
6946fb4c877f35e9215ef4be,787255183.323379
ff2897a56a0fd08996d19424,768525453.4354606
e1b64df8e809ba220c9722aa,1125012857.8383896
c13263f9c8628bdef086106b,949542853.4409907
e2b8d1aba0c583984aab25bd,840123008.4740516
3786baf40b31a20f3bf3aa80,777626607.8608726
bcf12785c25f6e600eee8fc0,634492013.3638772
f85d09bb2ea40bd4b68465da,971845379.5751497
1f40dff9a973064aa4737eea,817070838.9084837
79beab95c6857412ebbbdedd,895515524.4248123
5ed8cd2cf2c6dd5b5241d6ac,1043819760.0032051
ca8dacc29a57d39640e3e59c,1137998856.2680192
723655990d58df33d55009b5,1177070592.3196902
79a675215fed2e293b27f43d,822317244.4979825
57999ba0ed9089739a1f4de1,891564414.2610482
00cea81b78d6007eb405d5b3,924723875.1316483
c00facb3e4cbb27c47a621db,1377466262.663118
d1481d9d2bc9d1a3811f2faa,858828404.1732851
26313750bd29b2c59a81b58e,1194289039.0949016
2bbbe93b615c46483056bfe6,1196211056.39063
0f8fa0a074b743c92f0fc56f,1196289257.6251535
b925f9ef733930be26417458,1244338805.6459725
0183b38955437e8d0128a013,917609100.0318044
1c9f65b631d2f2856bc97079,1181444944.4915745
c11d82cd360eae99c04009b1,1210768792.993314
4a80ffd8e908a3291a32fb6d,1265650922.098782
1a0134583a5854d5aa9cdb9f,896675199.3114384
5f5346deedcb7cf5dcd1e9be,802039787.2899013
f17c8b14e56a76ea84a45fd6,1116197818.6306038
b8ff548543842246ad439703,1306440818.8423214
53462704cfc47d32492b4847,890382902.0042195
25f925538316d3cdda8218c4,1016533126.4884307
ffe653c61bf13df43fa22190,645088715.8625412
228d98c82021e2325263c7d2,519047768.81583846
f32a7d08d176bf9177dbcab1,668086227.4825345
f2c86c1edac4eec6c01ec11d,762788583.951998
06e350e3c733e5a0afb613cb,651885892.4259382
e2544529df4efb7e90afcd21,510986031.61669785
a639ec3b943cf90cb28bc1b3,632114313.1123164
a1320186028a726935bc1cc5,883150424.1011012
97337d2f347a50e0ef518516,336024248.93088454
8f619dd7fcf5e1a17af301c4,1126930015.8406093
72569ddc5828fc702b2fc773,936591877.3901182
ec674ba8cd16c2264d270901,1108283186.0496564
2b05f001ed1a84425a45d0ac,550386259.5541816
0a7758f69ddd8fb27a839661,664028324.0333239
e3ec7a8fba3e1ea07a135dfc,592640402.6319791
4163b665043ed27d7bf26c00,486808298.16841495
69f7b81b70ea61f304ccd36d,523304875.6549197
ff61104cbeb37f077c565fd1,535457558.93403095
883ee78c03efdb4bdc57796b,655387332.8072789
fafaa5dcf66d22bff322c72e,517398409.18166465
eaf0f2b00b6994a9ba8c5ed0,530131223.1788807
9b1590945c0c7f7b0704d287,745882130.8788229
766d34ea891f3af53f1391ba,1077268889.2469811
b8680f925773229571014e61,439479652.2418681
2fcab31c752b699af5e8ce8b,1216834791.9470787
96d14697ed6847ee757d113f,657721375.4677616
ded79c11c30167a9d8accf77,997971750.5196252
ac50dfe70b599ae93ddee4fe,990310886.9634383
3fc7a0f9c30978f24d688fb7,700076606.0725737
083f05fe52ab15e8d481ad41,964204306.2835673
075be16d8d9ed6831d139b2e,632065615.3111922
ffce0b151f293cad0a6f770f,1210722554.5003529
5997da918101ff14bddf20eb,603625349.8113283
e102f1d841d7cdb596d50624,315140019.7550594
a2c3da753f0116aa5842d4ec,741790311.5657501
43228eaa1230dc0f7f1473df,516061071.29044664
4349d6bfd5a518fcb231cb3f,736094780.6750028
c6c978051fdc655d21a370ab,788637367.0003268
f4cdf3ff86fe70fae3e59f4c,580637168.4208035
ac154aaafe98dae45bf9782e,1091259310.427366
01f6c99999c154461765f4c4,756589045.765446
d7d30819fc6ad6e7e41453c1,949821296.655478
383b3198861942064a63184a,696032929.6616284
3a2f110334251e97abe3583f,467653161.4161533
9b9db425b698a4931173b5a4,669832304.2370844
3b51828a1e891f3a52a4653c,943598497.7236621
c94dc49efe0a350bb522a56a,1070732136.5771394
39e4765ae5c8284e1f3f618b,1088303680.4903293
04b28e63fbba92daf83865ba,858974679.8600129
b9643a26731cf2a9a243ef33,1290537479.6256042
19e03fc1a7ca4b0761eb9ef3,704388438.2496407
c0224f0cee5a388014db4f55,1355233103.0791678
c4074029fba935dafd82eba8,402092044.1633954
0a8d749a2336d8f66a4f19ef,764355463.2467289
e84da6ce78339d50a72cd87d,383129265.7094988
e9830411c3092327f4e66a99,663987385.2146418
17d51fdfe8fd16185bf5feb4,718289769.7966784
f07126d58455b20f547c4380,771548918.0236676
8fe7db56d501b9c11461f62b,880189697.2448566
1ae2058fbe26f384be45df4d,913941257.4479884
e74a31e6edd4459d4e215c5a,645793406.3294051
c91945dcab0bf200c3ef321e,918717726.3072824
933018604a8d5a9020aac221,1021568846.695132
876ebdaa0bc953890e323843,594486099.5030497
4fd907c202de4f06cade3b3b,1110191612.8926654
e40f616637f6187024b34086,642618432.9610125
f9038f7e24e0a29bd9f3e24d,1145701488.3233485
b27fc4e7f6042d70a7651038,734032290.5212054
e68b18b57fbc5fd6cbb477e1,605642752.1434557
326a82671272d893ce699476,933643260.2041197
d2655e69f5dbd09ddb9268e7,1020680474.6758615
440cd2efd45c019c7151902d,814084379.3327341
e5099db945e4f04aa3f0bfeb,1006910229.7629557
3477d85a434f66df58fbc094,1231411824.9234686
56991f74ed430ed942b2d6d6,1155078442.8774686
7ac1b85bd87929705b7a86ca,1110018680.1685748
0e1fbbe248919eb71e53ea75,862815582.1129819
75c16273d3a593752446c27b,811467602.7479717
7e74469fe0b030254756296d,1055546614.4440975
35fca2d53ed17ea7637c528a,1090289270.7922475
963cc728f3bc207a7ad74ec4,1003938344.0471857
fa9dec2129f7218b4c4d4b35,709109908.4501152
1d0a6bf40e609fc74a319310,710162607.7083343
b9551c416341fb167049d4ce,681782678.4837954
89131a0af2db172538723b08,1050071500.2881002
3e66557e876a876c259c40a0,661005551.0555171
078144699729ee0c46f36123,1055656583.6176784
fd15189b99da46b098a949e6,716523081.9977462
d69209d7a26bd306bde5a37d,910495174.2839279
89690c80b7adcb8a8afe531a,621293391.9740036
0e0d19168609ac1d75253edc,537888464.5976756
6cd0aca2bc40d83473a39885,989392037.1180608
6ea0d50e822913d0f444d89e,697312444.5277032
39579c195f288da8d77f5ce9,730616126.8787112
bc54f5dc4e9ce267ea592813,733594806.0209501
1d43fd3f7fb4e24a0b7c9ec3,975127680.1699867
2566d8588566312ffa4fde42,736734069.5160284
8d27746cd9d2532fe9cfc408,417165509.75760937
95b822f76b4d3d6ceb0c5077,758643465.0172365
eba86391ca00fb217ed1f774,689114385.2916651
b9a0575867a59dc5dcbb9cce,507816818.2187203
0845e73ae95dbd4aec3f1f43,627216263.4686986
419a2f823e87ab67b1311bee,1042189599.7113471
552217c633d2562cdcaa81bb,733010708.291902
4fd7984773d2872e51574ffd,760745407.2715893
a87ed2154a2351cf26f0027d,938993641.0504501
a2522c9d3edb7e7a23a42b74,1284798843.2304368
357e58ef96c53f39e267b80c,1309806211.5385795
cf0ca58262feb1f8b0dc7b68,1069099878.0999405
1cb79aba890b35f9d2a400f6,1399969947.79435
d5c79ef12f43e2bc19e22fdc,796904202.0905526
776e1192349cb7cf1579056a,976040341.1979718
7de63633c7666484bd098e2b,962865964.7383344
ca1b1c17572f776fc1059691,612665604.4684417
53e94de217ec45ad576fd83b,831455127.802149
ed5c3d2952d2575b1bb757ee,1119893672.5481672
bdfa334bc331e3e547f7568f,964204306.2835673
9c6a01e3c7ef87d27185e9f3,904695647.5810391
05d9818d3f9f2a5c358d3911,1176364643.480112
f6c990e406b3756ee39b3b30,684526232.1335447
19ace6cdfbd8bed6e99c86d9,575799156.20686
6a04f8684e083eb6319b5272,561038014.3819969
179bf83034539c8a391e0310,882838027.3067899
a42081eac6834da0560ea4ef,1081319806.2170093
784fa9e78f7cfeca4133e8ed,1105452138.1935327
978edd828fc71300e6723e06,1262597128.7491465
61d6969334fc63611c810e2b,744174472.6333698
4d592a67596afbca92d26bcb,707696442.5122633
50f8068603edac10c87411ec,540368606.3482587
9965f598c5b95b3cfaac50ad,978719919.6693113
66cf83769d16a4d659edba6d,887085693.8412355
9c2c2b01934d1d519e651786,884384850.8331125
2b4913f28d07628bf2d3ed92,1044130042.3621622
9baf7967c49fa209de8dda95,763392454.2961539
7a0f887a9426270ff3c24e36,952234453.589606
c1034173dda31d20c4efbed1,736893144.3642156
c4a3d64de5e401a86395a919,544137067.2833722
c4cef41167a5e8354a61feb4,768958175.6451925
f52226b24ca3d5b04b7cfcde,1020508528.2918084
36d5003f0b5ec7f80e89262d,898769080.4879336
641600a4cbb13b35dc7913e8,930167141.0134584
c31c4bd09d8cfba562ed2b41,1146560477.0734534
0df96c81adcd6fbc2f7141c3,880364517.5727262
4499adb2aa3aee94d1f1a1b3,1097223328.7273796
4ec06163d39f96baebe11bd3,674171467.0671794
692cc1c9949d35ae11412fd6,317524342.33811706
f1da5388b772159ec90c3210,1143716022.7824137
e7ae63f81f8fad37bb9c1b32,1236962471.4588718
d39797a12d9a4aaf15ac11e6,680072228.9220582
efc5412fb02ba9d8f604e493,809730983.5515782
bee2e008ee41f8a711fb8d29,733352313.2941207
80279a7533c44bbae477ea4b,1135531129.9768038
edc43e57b2905405a13f8f3f,276022355.64971346
751795587d1396e0daa25783,887918900.3334624
6d90801ea8cbc12f9e2131a3,917373068.3319529
71fe067a5ae994180f530686,917373068.3319529
2e99240e23b0542f1cc75026,587917423.5272628
fd6112c82d5808311b08e29f,870837240.5504532
0ac639a7c5ec115b3df8111b,894987949.977943
af0cfebd54f32b9b92c5fdf3,917373068.3319529
b0015b31facc48a49f1313ef,477388195.74725366
2347f69ec1ce4a3fb6989eb7,659074913.22164
209bf65e11bd7053d9658824,712495267.4495434
41877a677d1856bf609515fe,977948565.7408817
cf60297d9d9bf1268f35ad95,1138542189.6159887
a33800eaaf178e01558ee926,1219614906.5180244
69e663ffb4935aecb875854c,998878815.4888167
595415e95e075b70c39d5c5d,778096121.6105177
719679261d84d6b93035143d,1146133925.3059926
9f149071cf61295815e3f875,994014374.8702662
3d24d985b95a3e200a734bc2,1174677663.1150532
bbe705b86c6ed4da775b68f0,485379267.9744631
e1d875468eea7b2eecbb49c7,1039714030.4476812
0802b7e10706252dab8db909,706901206.0434598
2f412384597554f3dab07985,783085370.6322105
da8b5c8a320821ab8ca00a80,706116292.8774514
0f10d20cff5664f9564bc88f,1303909237.9717126
ab8699d3c685fa834d7ccb3f,693594865.0278269
85956152686438c48c52e018,970687756.1900109
ed9c4f4e06183b15b877f077,620284749.8920486
12e32a758e15fbeefa255207,789652568.2036769
22cfdfbff44541dba9091753,743634037.9750003
314a1e163d0b77b0f384da29,425527863.11292803
23959a0f6e27c8c2b4a7f436,1123889823.3989816
6ab5a87a537d2ce326c867c1,661499170.0721443
d9ebae84cb53d29bbd8a466e,444076868.7189088
9511afb73b656135daaceb43,1034789347.3707201
9231ec89e58a3daf459c5b43,1295187858.7639644
8d97cda83fc7353a86c9393a,1261081022.8225384
3b380c563ed2505b7630feaa,1224360364.9360273
6e5ca223128fa2de422b4009,645083201.8501487
ee30ab004ac5270daf59758e,733209652.8930675
d6fee4f680569a54f4267215,1143891983.7082477
db3b84e5b3a9097392a57319,988630673.7349058
cef379fa831f936cad745dbc,566355405.9045978
4db8d32011163bc4fe01d02e,893661761.653441
f842221d74340270e757fd41,1156684005.7064614
f6173e36f95ad05b8e94321b,1133268908.929947
5960f14f2a81075fa66568f8,889725191.6488409
cdeba97450c735185e486eab,992429075.7479932
f9a802cbc802d49a087cf23e,1329305316.1395903
6a9ef848f22fecb9569098c2,1016713603.2751102
f3986309e4fc4cde2b5feed9,1092446005.486483
6c3435048735371c36dd3892,1110694385.7018871
f019dfbfa7fbbddec988fb25,1302620874.102303
4526cb4a2b8238dcc4e496e3,1307941355.4681344
95561bd325f60967cb6653dc,1253983152.2312636
9f3e09a3461bce2fee7e1c40,1324549783.4977984
1034b1af0331daddad70f3a5,424863153.8898146
3ee9cfee7b0acd482672ed47,828601745.550596
adb51a572f3198367e3760ef,699007952.3038312
5c802e198dc0906016741026,588468388.6386766
671603ba1f755be5d7219a01,604713212.2565992
001d77bfb387bdf0b53e9e83,1090733080.6618936
fd9fda1abfcdd1066a177e14,687720391.0039778
e1e78f3432ea2dff6b69c6c0,477966534.4451854
378e6374da00b72bcd7920df,874715489.852983
54ec4fd8f49c897c644ce83a,1058394961.0800638
a67ef3a182aa268bc4d9ea14,690506737.3196583
8100a4b0288d5d9d9dc86d2f,380172102.29319125
699ac8957d9b4eb7fcfbcc40,1365853590.004581
7b35a3e9f3e67fa1974f5c25,1055761068.8182896
6e5383a7f9a68147c2788565,1026500482.2476603
fca1c40a338288036b1eb25c,1159830958.2812781
237da4784755f090c89f07be,674762107.9884197
21a7c5d6ea818dfb25077e13,683164803.561182
0cf7dd52e117832b4698b310,734624222.0950229
677c8056695a5a539dcfa3d0,605136525.1415594
e4b85269ca413066323f66e0,1081859059.263397
9019f1dd02ede61479b62406,419780053.303635
958f3e102c6ecf5f6386a004,587042612.6843851
b05c741bc5013a7a6abd31d6,587042612.6843851
2c58f2cbd00035febac060e1,789644404.6671143
89d36acc5f617a6a97e02f23,901865957.1495476
2fba6801eb9a7bce7ed2c081,706875725.2383244
45ccde79aee811756030903d,939216179.9403973
5bdb5174517b8faa23df9587,1219794878.1467843
36a11817b32bc24eda6ec8eb,449898811.48768044
f1319a9332946bd68db250c2,564992737.0337253
39f70d6b68b22668a0631f37,886665332.3373882
3958d0cb732f3d623764be54,805301590.6878743
f67028acda5ecaa4c8781ba6,690474147.6208264
76f50ce5f30cb96d48a69357,495709601.7783227
9e5efd4741a57b9af54e9265,688645973.3662977
8c45ac143f5cc43e9249c17b,1236366095.0039918
2a66eb4d2a205bc4474c0afa,948324502.4344332
85cf1ee98e1a85ff4619e27c,887432846.1165981
84c2ab0573d3cbffa0be90f4,1041720047.586761
48976c41de22ddaea3f8c296,594028494.9070742
001c03f6103d35389825b62e,695935537.9332075
ceab390b6906d5cbe65fc402,900034336.0828651
79f989fd66108a2c38a9764e,855135601.6467865
cc385eff95aa00310eb22111,731898077.5707307
ed764bed1d05cb1e9a4e67f8,956387409.9670022
857c5dae475eadef41c25603,1051420463.5588825
7148b0d9e2e1e92d41633230,1042245557.5698464
7f3e02524981fc7e40eccfdc,348888473.66130525
ccc625df8f51248e3dc93214,575088918.8038301
b38776cf09ec8e90fceeec84,894795950.4385232
48ebc3d79e01061c926066ba,323650116.45504767
9580bf8358095abb15a10c36,332912616.41948473
d26d35e33a0cf88f735a9322,637965300.6330961
b4c2a0a1a63d35a9a08a6e15,720744485.1639998
1bf1913f806bd4b461233551,288765379.18349457
34d1394dbb483e55d1cc2da5,368787906.555203
7bef2da7f3c160e94fe91ead,511840277.7406888
528014ff6b7cdbfc174f4fcb,690566261.3962064
bf1dae54bab00fcd3e8c9ce2,609149326.2426227
f270dfd9ef449a02b6d7ae2e,722097795.229177
31d6f089626c4fd08536fac0,562712051.047132
259f4f7fd5d851be70d63633,316570915.7513596
6b74ef5c8ab1df614bfba866,841838413.9396384
7ee7fba3a30e0e7c2ed3043c,867381804.2125925
b24bd44eefc3ccf053939dfd,677799168.117756
0545fc14aece3f37864ced2d,707593608.3713266
e07eb36210e90ef0419fa0d0,1077566010.1413078
3991b04509fa61b36a8f7d2a,1100618470.2683976
387af5fb4b4a7f5c3fdcce57,692678464.8715947
6852e8bbadc1a9f4fbcd695d,838881873.4399465
8c3373f9c0372b87ef021512,1148265906.774396
6123a0dd128e45216f832e3d,1034803940.0100362
0913364c688d7375d0f7af5d,495018045.9193313
8831ae77efac99a6c58ce05d,792218019.2465384
b6283a5714e0b977110318ea,659071068.4547042
d2d8f5356f77507f8839280c,1126328974.0129442
f36bb15462fb29f80b127458,1279801404.0291538
7abf9cd6b26e2e2bb6d91e5c,1186703739.7736351
1a5f6f7e8b7af9d48644f1e0,797634163.6706012
8e2a5f8431996ae0db65d0be,1014271970.5100361
29535d858fa3a11792697820,781032576.6191665
8e4df02eee6cab9bd1011987,588409614.1218667
5a4039f0ca12767138ae585f,970138797.6013869
d84248b3ce8ff6f5fa480a83,937836561.7049294
5838e86b74020a5bead56161,503850925.4163972
02091877f01c926c350b013b,648652116.5084049
df298574e35dda90fb568023,502597246.67662627
d8b83253855448caa81f7780,968051376.9019195
1163ab2c0bc8c998e121b922,613627202.0383037
14f9ab54432e5f54a50be4a5,521258976.07751954
f4e0fa1172c1d4b70b6c4d73,647645059.523959
4345863fe83682f6091d8a77,529756196.05896384
6c5bbbfa3a1515e5cdec9ae1,800210129.6115962
742da63af109164c21dd57af,716936068.3071885
fdc28a68bf8a5bc86288b4c7,1087358880.4897678
0f4b077de4ba5f5db6fb0065,689120762.7931783
320ff6c0320674fd278f6fc7,774078455.6041721
6acf9cef08906fe569c38572,1028305386.3247229
853febf898a1dba351d6f917,661230639.4286917
8ae41ff6a828f175a9f628b2,538981996.3863401
56ae6108c1b53c649da2f6ba,700410154.7310845
aa990d4e5f1a0fc4f0bb29aa,977223969.0412637
cb8b826e929f4f8a8e3687bd,680114730.3293576
b85a7389bab2e651f05369da,352835590.0868439
1fe929afafa91bee53df4e86,618102001.0071694
02e89c055b7692dab024defc,545289952.206675
66bc6e56bcac9bfc4a7341d8,763165298.3866857
63cee15dc4a6808616a2c2e6,577967954.1181461
9a889078a0225c013570609f,604259492.4181571
3548fa5ad26ba2ea999380a0,563451775.4719296
d9d8aeafa748f8f1ff2fca22,732730692.4153057
9e2c21d635fc25f7790cafa9,504672956.37313
f99adfe85d32b0a66f4d483a,726760781.5397661
eb64fd330053a41ce5be4a7e,558830321.7593421
ea8d704272b2cd066a7e7867,721974245.8451284
e7c92ef9784a92c8b7fca693,1083985714.369716
a9b83e18ae78d307d1b39b15,724859022.6481864
ab8d6823d905f1f0ccf4a75c,1036612687.1889801
8447ca83d928dc34c2e7f9fa,553955321.6670744
5bd24b842a67601630036d0c,774345650.9725255
38d5b9319bc16bae99fe73b9,702250113.6222119
e1558509b120809eface5b87,698796320.7684801
4b8d7217da1b1f225f254914,801299868.9035411
09e0c3a1b90d46c361007323,558830321.7593421
d090a9e520ef74848bb060a6,683887597.8099854
07284e4caec09fbbb16adf2f,1009544604.4305004
f8bb20be599b79cbe29f36cb,1073988721.901274
07dd30f04c5953f325df9aad,727590950.8731489
622872d345b4b0d9c1b9302f,730273485.8242203
fc9151dd6f8850502c747bab,717519712.9331074
0fdd03a2dfb18e323d96f468,1047607952.2801373
ad7cfe29b56c915dd016897c,617481782.2907723
f40a182d82c489f55c64ab7b,775593324.8632281
fb06aae0e711d628b16eb910,816543272.9165108
7dabee85f750266dce02399e,797444793.6301532
ebcab2f8506c64a461591d1c,645456764.7764927
340f96c7de105aec5b7a28b9,768780842.0368633
be1c6023731fb633c4f41f96,588201111.5148419
d6b051fbaa13e3d92a798521,1062741483.9125367
bd04c8b6b5e381cd5f881379,478590013.7375948
2ca47f5c36ea5d1cf00dbd2f,395398726.06040144
3f2c18ea5d8e9a25adca4c42,1014111208.6054521
5bd59dbebb0d6fa71efa4c66,613540793.9013457
bdac2f1c4b306a7742f60ab9,1080120388.7247581
a0e26a9d56cfb3b7228e5d75,733929632.2804419
933740e21e9b61721b2c6053,693060726.9465469
a3b9c1a3b81f17e6b22b6152,616682518.0058324
445e241d8bfaceb149609d6a,536298216.6835915
937f0b37f566f65a1871615d,638576476.6783487
9a76a405640f670c6355630a,604136528.9974442
7a0f351e8562fb7aafe6e714,573085215.1037328
4c5b79f3656501fce2e2178d,582709663.2660856
201053b106a0b89a0a47e2cc,949788304.126091
724a5f9542f86cc43334d3e6,476816683.15945125
afaadd87a196e04b934e0b1a,493462038.5838543
a46cfad2458ac7ca4134818c,734797997.1674021
f640eb21bdbb9369acc4e863,496819816.7985724
8b3350aaa66b9fa1c682c15d,928002485.21642375
1340b0805cb34eb9a982190f,587598373.6526929
055d5ab6b22d4d0ac325fe73,590117186.3455305
faed63c1287896e97987c4c9,1022373294.3910987
a094be8af52cf76977fa5083,1061968074.3298974
feb3384733ed8feeedf9ce8b,1061968074.3298974
eec4d59429b1d1bb75b4d686,605157727.1387349
3e9754a961d2cf348c9ff7af,900682926.6297271
8f8a92abd28c8990534e847d,987521506.5384574
256491790d0a2d5e1ebdc2e2,551605072.0714508
ede7995bc4e7e672fda4fa5a,1004569882.3398057
9e8a11484838eed1f4673a32,769421791.7242932
8aad5795547ade3c804c0ef0,693916208.4878861
4ec4683fcf928d9fb33eb7b9,832830384.7358084
ee18825bcf4065d29287b54e,1118897335.4601278
485cd615660dda11586f797c,859387612.392725
8b450ea6c21fe0b5157529a4,989962802.2620192
0d45e78397d4bc0d363be47e,809961820.2059295
bfa4cb65827c4ebb91478e53,1223253600.960125
deb2c93acfaf6994bb3c0608,733018059.1384025
571e1a8c252cd67ee0475974,1138969006.2340717
04e337d3c692f3429d47aef4,819865843.8031785
cd2913f013727119158b98c0,1135838558.0458672
ba63594585c484bbd20ed3a1,636131796.6759149
beb7b99cf12926d8714d1c5d,1004040645.896786
0fbc9e52ccf1b7ea8136cbbe,1016380003.7457132
f36031f3a3f77a3fcad337aa,1002177700.7575047
7738f18d533d0f0379e3a06d,850419262.0428301
20c3cc21b44eb37d0b359c1a,918857543.5102155
78257e76c16db549022fbf2c,867907196.0110077
4baceaad0b0081bdaa37473c,783944223.3355929
6bbf67d88846e94a63014eee,1204631982.3825846
edb259013ceb62ad9b23eee3,1282819397.2368135
ecfe155a407ad2c2f74522e8,921797518.7417601
6906a20be4962df7725dda7c,1327287693.0274968
5d86b884df3627d93f206952,1098588133.6411943
cac3eb4606346268cea48e32,1017654396.3646406
e7439820086f8d1cb13d7c9b,628622467.6703825
b940561f2d48444e139eaf71,353157771.0658744
4433060d0fa95ae1382f2de1,569341451.1930921
27dd503d4fbf4d5f5d850d4d,660574989.1151125
42a73bad238f2d3f5e376044,813772064.2605226
2b53b13cd912f353cf9c4757,940302429.3787019
4cb59b46927df31150830d5e,535295668.5482609
2f3d01cbf0ee0b985386418d,510901687.38911444
d12e6de49fcca906c3586994,529500148.92540896
8f541a839df1ae79d563427f,479235916.54479194
ae5ff2b5eb4f9ac44fef666c,610088053.7848603
ca77a424800783bb9c5c0450,798261809.764359
c0ec1e7ae2c6c3c2f2ae34b8,652079770.5910482
2372f7c0499de8aa2e5ffa06,1046462906.9528165
46de3fbec5bc6c0e256e7751,477430330.6596769
4d8b338266822739bc9c8fc9,875623065.1906217
86d46a3fd9d7bbcac3319829,778270746.5733485
b13fce1462ed87e57ddec917,824888012.8246459
625caf4f4f56f3f6bfd3f786,446853686.0293585
2214e2c62cf8d2d14f11d47c,626669679.5387881
cee8fedd5685633435d77a06,1056853122.2247076
061386497cc2dede3ea70b1e,598000471.594521
3ce50f34a7974ec17178a79f,830161115.4811274
855ce1721230ba103fc0ae84,381138051.5199457
ff3b85eb538fb9a7dd03f459,318909044.8040482
111bf82100a6fab0c9ded743,1031398243.1568513
8877941794810464749ba5d5,672467833.6641219
1122a042822658cb504dc147,1031398243.1568513
d7d924ec35768a3e6bd39b20,611185074.8961661
27cf45528b4266162f7c9029,598667079.2743529
916f946082d03023ffad6f2a,715706842.6164151
68181ef118970fdb1d83f030,953017590.4069076
2f0bbbbb466fae3fe5c4f614,1106776044.9228463
17c8b228fa2591e3a234d55c,685944212.6332814
e5d9afdaf318dbe749bf9950,685944212.6332814
ce2cce355f493a75ab59b242,540947017.9304116
b6825cfa2fde9b42fcf04c59,599423249.3119242
6fb3e33e16eb81331d389ad7,503965426.0520018
e29d9a401a246c00f5eb2413,837204326.3241462
fdf103976a39cc12f5effaa2,837204326.3241462
d1526bc5e5446680841a9cd7,875238895.3070588
a96cb9d988f5dc99bf5df4ea,875238895.3070588
760125efabf13246774a9f16,594093259.3816935
229607e2faf76efeeadcdfce,628325744.0457596
f14b11d270282b317d9cbadc,686749455.633171
8a41638edfc5183469b6c43f,915146475.8669263
ba249dc7eae0609f20ccf234,782355359.8679612
0dfc7d77d3dca86a221fe62b,1208565620.2302227
ed7f61ea4c9095bd4aca258a,642506730.0721154
d2ce77db7cade7f2c6189002,659071068.4547042
9d18c354e8939c9f18598f22,789972094.2920723
b95689add02915dab555d9f7,945438043.0906847
1c35d9468cdc55670d48db84,1110468266.7328587
caa4aecacff2beded2e76beb,612142003.3104311
017487de3455d9f642a7fadc,782934549.4384289
8ed9c13717d2bb274a81e460,864465586.9335679
c2eeb1cf0549df1359ef4dcb,375562705.59901744
3a413637f3108ddf7bd53bcc,822347952.9797215
145a241c80430b1e4ddebcfe,898619637.0921938
c954618c48b70cb00efb49fe,907440917.336761
fda6cee77fbfbce6ec0eabdd,651885415.6758169
b92c9c464e23f8b987290769,597513799.7160549
d81b170177769c0121b8935a,687394177.3558018
7a832790d068e1e85182b5a5,525341532.25279903
462ced9cfb28550c160e5664,1057807225.5408027
edd9a278b86b1c56e237a0f3,609352591.547518
fe9b6a82fcc3266ddcb3e36b,1041878948.5965822
fa74fbeb90bdaf8eb26f8329,759267292.0878679
a70b6661eda6ef616e19dded,476905081.31824356
cbcf4d76223673724b0f9811,826178012.7092108
ba16ae6ca55dc3c0d5480944,1064116666.3729578
3c840c206546c20b3e53d4fa,1006237659.7669406
c61076b24927a46ef506322c,1069132587.9240766
2e797c8302fb7ada13ef2d4c,892401112.8554239
3c9e3b97db788dcd10acf0e1,768731109.1131299
28db5acb7b224d44e3d7ce80,685299589.3257438
c7aad87d39537083a5620757,989286919.5451121
099721566fdd0a32546fedbd,1016572474.062675
bc67f29c8679adf31353bec6,843495186.601198
eb40a304997a6e66c550b704,776128949.4323659
3882da646752a82db088c614,694607813.6990241
68c319925551b9484778bb65,687278147.3713304
711b570ff195fb77229deb35,754926483.1309841
e7a2e8e1c22a52f78ffd1b19,923860548.2229345
814d93fc94b4de6d3a860bcb,800515257.4937042
817da44fa842fe304b93c199,452421122.8321613
5cb29f5aaad14b6c33813580,493462038.5838543
8a1105028a1a1b83c5080abb,301911533.75634354
82b69c38d041325a4bb2fbce,277195672.2517044
a57d01ed5a9641ad64f7f032,587598373.6526929
90186e67d802be6d12eb3696,670087544.2206442
f781bb1ed340e08b23258ceb,495544077.5366658
db05818b6de8d77c1c3fd053,586948532.6270849
f4ed8924f5d1a3e6374715aa,855846063.1147403
d792d1eec60822752c8d52f1,787224882.1650629
47a3c63f65a9794384c655dc,590117186.3455305
ebacf31727972e81d0a0d904,594821009.8709283
a759e4c03e49c419c8f0cd2d,840151644.4452298
0648a4bd7ca088f4b3834401,1098822466.8570251
b25734bf3ca94e775f467e85,483872459.3627099
65a8795e7a5b88acd7a469c4,694415691.1150175
b799aa1dd2de813ccad401e8,990047144.7974801
c01440b8ff0d80e7bbad715c,967255473.7218814
a20cd5193779526b43612ebe,557083001.7709622
0cddda1c211fcdce819d5f8f,800245172.077542
69bcce6b58fc3702580d3234,875961535.1625264
ac7c0c806b57e4942d9ead3e,1015346211.2169774
aa9e131fe4e7982a374bbb84,801561899.6206362
290725d6b15062397597b954,598115395.8052104
5f0fa37b7c5cf77e0508abd2,1077769502.5494783
c76f482d2a8f8db5eb79ae89,1264542999.9859238
f651cc17b051c962e4124795,704938886.6394364
250d84aac8add089061d3204,1230933785.765788
d3f9cf66c1c05f55325b894a,1282819397.2368135
7198cf5aae5d0d5ba2e43b96,867907196.0110077
766c7906cf0493736436fdea,1282221609.9158385
78f670c0d7a26c0323281ffa,784657540.5150441
ec0eb8d68807f52b681f138e,886367547.1972225
446138cfd3749c0b6715b0c3,1090848202.6113162
64b4837e4550ce39f2f85342,788298353.3107839
1103c663f6b5ed0309a767b2,641019338.7678891
b9a573a3f2cedd87c7dc6477,946226407.193563
de54862f5b7b8ff345c6b297,588804677.6710613
16b3311b337c0cb9312ddba1,587598373.6526929
a1c2003dfcdce97d21f9cd15,590117186.3455305
262688a95a32f10fa070a887,630010272.0694907
8e374b19fb87640c56243088,483872459.3627099
4032d6a6a13399797a794ab7,787224882.1650629
99f1712af0fe96f67d11037b,994599978.7461915
bcc584e6a08822158e2a1454,650651727.2235957
ad14f4403926de76de2604c6,446873967.8069701
01f855427cbe3eb51b38288f,689168523.0339081
4673ef4fa28aabb0fe61043b,356386880.75240827
f4cf541f02d99ea1851b9f12,648952373.3970163
bfe19954cd4680149c682587,565538240.2194164
fed8f3bf4a2d7a426901706c,807029197.6198473
480aa7fe286f4aa31f56d4b9,856239956.778239
1e9850a50070dd51861a5e63,796542925.7288952
e26dcf5836f5bb53553cc413,809760451.9393853
c7ac975025713f368bdb0af8,1111930108.082232
73fd5bc0aee47d89a160f5d1,1003986633.2751894
5bb9dac6e0e9409e89aa6cee,834598495.5340362
9b15aa6c85804621f5c42566,867907196.0110077
199fe72cad28e4554e359ff1,783944223.3355929
b28ba88f3665a2f26c2f8e47,1282819397.2368135
453ef603a66a34f17ae22227,888574696.5449663
d8f4955ed4fc363d6d9ea897,798872809.3797985
f2eca7e3226f625807f7d6be,1317272548.5339205
361ccd7f37ada9c07ffcf71c,735584540.4692522
e7d1ee027da436cbaa122f48,1312749335.333835
554ec896fe4f9d8f2e8eabe0,1183017099.3155904
ba79c72aa8bbb0517c899b59,1052106317.2693835
69dd957e78fcdd4d8e874acb,570868932.999096
df91a3c7f364df5e6831f2de,1133883931.506191
77866048ba7b69532d0a18cc,774419230.0313579
a792bde8819aebc5b2d73a6a,1061217341.417868
6293e4a72b5c84782bcdbf78,756255654.1976321
bcee01a5d6a36f48d99a5e4b,903012488.1822909
c58b56f1202d1cdffdda3021,957602122.7468777
ed3275b560f020baeb9ce3c0,609355566.9900919
2a872557ba401f4c95e0ad2e,793784737.866442
6b8c1c7c855656b0e56f0bb6,752251966.99741
d6297cc548b16bff11eea51a,979783915.1164582
dadce7c7a446a6a177821b73,1090809910.2238207
f5d9d8082e7652e97973e0e4,1294281510.9171484
2ef9126614eeef828f797e66,1228483651.0875053
c70439fc435337f1e8fd2f5e,1219477405.6576605
79631cac54b1e71c1022da12,1429612213.9167202
6fca3b70ba2c68d9e0d2540f,480777097.0162695
5b29d453bd368190e0e356c2,851388285.0911049
25995099875f0ee622ebc31d,842399166.5814673
34bd7be0761ab3d43da7a81c,598320030.2958556
b8e15d182ac0c74fba332b8b,707545713.4444174
901e3b835718ccae27c8831b,607565916.6634387
e1c7a101e5d518583f9a2a7b,1037946588.186959
02f6ffcfcdd3dbba94dd7b33,992418647.3552895
2162e09e137eb5f4a1f32b16,874714700.2470746
5eb815f9023e6eb97786233f,1379878619.225319
d2ab14487e0ecf640a785277,742082148.7882303
437167a9db41b677da7d5a7d,544075565.6783265
c3f889c41c1effea85bcc706,533818422.01834404
155da5ad9ad19d57a7632cd0,762532626.5516443
43d1fb0646562c3f1dd6fefa,654503130.2479041
8eb66c4b057dd4b07b5fbca5,1020301036.4593856
f9718594fa52500c16e3cd71,931920002.645894
d9c46d54ba6df0d21ed4ca49,650285003.2541044
d3f688e0deaff6648f2925b6,389609182.2558586
093a92c6846c924f88ba8750,792022982.0627756
9b1223cd8c9d7b348d6a5c94,1126320336.6721175
8209afd76e36d8b5c4f7a991,556049946.2796341
29fd909e7cef62de53430e1a,790120461.4336437
76df3d616d8bc1de789bd83b,500242414.79111063
8aa5d44a72b2a6851d14ef86,781939967.3540868
eb4e1b72abce1d184dd4d5e4,666537876.8448688
2ba24fd47c2ef8520bccf6eb,382101875.6566996
1c9e38cd216595b33e283134,1142699176.2765734
2fc150cf6ea4141106bb8ac4,366407935.46122074
8dd46fd8ff592358e4c3e7e5,839678324.5462848
d5e001b2f1dad3962cfff9aa,907403608.051899
6e73e42a0d2ef8d6e403112b,534596302.1715013
2537dfc786054c61eb3a80b5,921899271.7554721
19c77db46d23e0c07a06a8b2,745290031.6375258
e6424086fe1cf2a2931f4847,921899271.7554721
66526276a7e8da597683e8c9,1073083828.7259347
cedd20027ebbf47baaa0dbff,1073083828.7259347
ac7c323295addefb43c62acc,1059491107.2830673
a8e74eb5eb523143cb291cea,1136120758.8555188
ad393e9070779969b496fa72,773282404.786009
64d9dff81c79a16579cef2f4,1258015153.6173034
ea91281d5eaf6b8f436d47f6,1258015153.6173034
06e59cc783be86bd145a56c6,1105448791.6632771
7458171e4db497a4cc1365fb,865370264.9800043
12d73fb8f4ca87b19ca46231,1059491107.2830673
5e935d4a03c6abc86ac5adfa,1120304624.228469
2754b4e12a7604efe8e03f5b,899520672.9861687
9ea7a0d65493cb5487ed2084,751530966.2287394
7845cf57552577b059dd13ae,596516176.5006086
6e710984bbf2662a9cc7bc4c,355903455.40579826
47720fb9e2586dced75db114,761756348.3332424
cbd48f3342e63a84173a8dfd,445444689.02220917
cb83c138aefeadb184d2c7e0,448155373.68283916
397d4e490eb2db8a1b18051b,595599907.7190915
4f65732875c007d3c1102140,566043593.7860246
1f8ad363a0539a6f2455c3fc,646190183.1242298
9535ab027f9f2a9a8fdc21fd,525417479.2085888
248993a27da888a6e3ffefe4,542763770.8490789
cd07b4553b6d3863a9e444e8,1096282861.8806472
f53fe605b0a2857cf3facf73,695191451.8107269
ae48e30b60ec254bf0dc89ac,1011287813.8426495
2a0e902f3c07cc9696000177,520831437.0770235
d57535248bb34f65ae678a39,671048812.2963246
9949cbc958bbc0114404960a,735269537.2162672
841c57617a075690ce412083,804918066.453737
9fc4385ea76cabf741d38789,503681996.07662153
0367da7dc5374f1957a1b7f6,789682505.5191345
7703f868650a8252e954e457,807460594.7188358
4cb9319ff5adaa62386b713b,791276257.3686678
dbb30f9d010677de2aee1b71,933517973.2092565
0b54c51a787fe58bdf677658,1064048961.8020446
5234aeb6d817b8ad876e50fe,665483977.9657106
77359d0d34ba4c9d825e46ed,539754148.5467861
b84795015be5077f942f5170,627004187.0740029
75f5290d61164d42b39d9d51,586111527.4910048
b46d50c84edaa7feba938671,791276257.3686678
be8c05b72ee7867fdcb05455,1034170490.6325629
356712646865d98127b92a57,687087276.6807752
ab765acf8b87daf1673b3a97,627255310.2355814
3a2cacbd3b4f9a23514b1433,911777275.0377148
3c6d485d7b01ddd6147746c2,647009677.7891968
054cd21c3b12f165bd520313,1012316344.6724671
e114160e3ffe6a703eb42440,584547398.1342145
a38b2d75349c56ce04f02a94,903950294.7904345
71fdd2b1214b9371ef149c1c,1227998025.1410115
10970057efd092c98037498d,592027687.8707302
7543d0e85e6328ebc8283d75,329406395.96971893
db1cfd89dad114c11ab2d409,1035013607.4680424
760f24a443eb01721c6ffea3,815688936.5135145
a1508f30ba87423e7393b4fd,1209667206.6117682
5814dc311aa87b24e26aceb3,710966610.3643407
f26c2bb4d5787541e9c36463,809106985.5124344
cf07a5af6ee98d735bde14bd,687287092.5351788
8b716c3dca89b7caa7db1aad,801273591.6471448
df89e7dea6c313b0cc262249,324713114.21528023
3e2c1d2cba8755ffad9cff27,989839528.9086859
6771a8c70428fec0f21d51a1,740180850.1024977
d8171d498291341094daaa39,1352825918.9425325
3d43dd23536f843c2c5bd268,982951778.6744053
785dea91d94ab384bbd6ce3e,1097026463.4456522
6c316d2bb84fff36bb01f14c,1376260084.3820171
08ba99aa6a8ee752209de6ae,654075830.7229675
d177236e8c725d4405025916,1110632753.8213875
9a6b537a7319b3446977919d,1302415404.4891973
e2e7b03feffb21bad63eca2d,951742081.7418633
f2fa898e1bcccbdb92dd91e9,823904804.5776592
2c340ee014e39ad0fd1309d8,1263909069.7951908
7ee83e5d70855ed21455b6d5,1345198198.0714493
fdd4b5fcf9ebadf96545038c,1109815269.04639
512b4ad817c387bed877b7d1,1403990734.6207151
3ba644c7be754c21e3cc48ee,786104957.1693764
cb38dc837baf3e0531c6c115,727621024.16949
5e931fda1e62fe41ff0f2ba2,750548342.2531073
0ce9a7d4b0682dbbca68e070,636019779.3764362
8d114cef336100a8d8c81ce1,914996301.5072894
ebc3a6574ebc530ef715ea7e,1030903010.3227063
4c2b14bfeacd87b878cbcc92,605815195.9549376
577b17cb350bd2a646725b6d,989321083.4358423
0dbe463995c605bcdffb133b,608501542.103291
88f3f39ea06fb882c69bbd10,537592555.3379803
e54567ced41a40938b85485b,685510139.3000529
cb6d29f005078d4d4efc2d04,1174930088.0199628
1d0919344e52b315441aeafb,663816644.8035326
62c39ad30e9a26d8cf3593b4,1184682685.9945278
a02bf67aecbac445a12da958,1289060267.9713826
06baade01a74972cc4a419ec,672934800.6484885
3943b64f9550a575f15d6d29,1216874410.1814656
b62d64605362afc574ea5b0b,1050653814.783197
0ef45eb4356e2f0331ad2457,1376734462.126585
6700ad4d4d7f70def59a5d59,978791408.3452853
19ad2fa7e170c67870ee58f7,1057678040.5903627
919c1e281329379c4d130416,1303032075.968337
8a451ef547efb90a8fcfa6c8,965090875.1741519
5c208e5c37aad07602f7cd7f,984682131.8381672
164fb89266e40a2530400599,389609182.2558586
5fc0f0c4fa019b6f1b2a016d,607864940.2102642
3b16ff50ec7fa717efbd62ab,761496616.9145902
30e6d4e1c53e9e81ff66df43,592027687.8707302
cdae3bf05372c13649a2adc8,329406395.96971893
170a69c11cf4f855ed015bed,1312173030.0948477
e14b31f8a454e47c383cae94,826871782.2785025
14a8134a56af1b328321cad4,892408899.8180311
ea8cc21bf7d48979bcae1458,655223839.9777579
c287dbff188e95f833ab21f0,626385629.7039686
2cd0b2d7561919f0223608d5,355903455.40579826
1acc5749203f964fa8b2092a,410375579.98145187
9543c16bd5eea47111e6b266,627004187.0740029
d415dc486936995f8b3704e3,539754148.5467861
ab946dfa5b9d7214a3756978,1097026463.4456522
803711fede531ad1621a6823,685510139.3000529
f83f29f28978d7dd76cf5942,605815195.9549376
4bf284e6ba81bcaa21a437fd,672934800.6484885
d8ed50fbd5ed46d36b3d2dba,892516003.4989662
b40128f5e17574a5d3da9a32,837153671.1491749
506d4cc6613a07c313a12de4,985822616.5931374
558b7d06789a1c8e488c38d2,659323120.2312871
38410183814a757520143737,854031246.5153337
560a750cb6f8683ccac4563b,996649025.1621397
48740edcbe275bed3c82efed,760206866.1241326
50b2bb276e598c9cfdb42b0b,707590358.5539428
302adfed183564312f9e3087,1109815269.04639
063e53d45e5e7945f1f10fc2,823904804.5776592
6e2c39fbeb5392e6aee9b644,1131459424.1483274
8d6c523d4100ab0c83a31fed,932084958.4935145
6d6aaf30227f16b2be29e79c,1209667206.6117682
e73e5e75cb18f52dd7239361,740180850.1024977
dd625806063f76dcf53582d5,989321083.4358423
a4b16572b8bb786561baa3c9,1376260084.3820171
9446f801f30e8b2997fbd72a,1272582463.041338
941569c4352c3a2e32c908c3,1305175028.4070177
8b4c54125d9165554e4123a3,1171554052.0970006
d50f33fe5acdaf5caf1c6ac5,586159424.1231676
46ff039321805b51870c64f2,1212632278.4168751
1ac6c220eb690db798a3d4d5,761677749.3038672
faf872c4bca132b52dec368c,889015604.2689016
d92232d77f7a124e7ff13ee9,919419943.3246174
f9a136d7944cb7768b598a88,947373486.7700038
e03610db09ed7315cfcd64c9,632836416.5262129
8c51f1b43f15b70d2a294918,430101536.08403087
21d141a84af5f0e2ade9b0b8,922629515.8952917
55c7cbf5e572d2342d0d7071,671534428.8092386
54c0e5e6d368ec51f6e75c1e,1067157216.3788378
434ff40bff8fad0962ec07e4,896659757.5257001
0a199d5741b5a6213b39b793,845085416.3259761
9931470b50580f51e1a4fac7,432336059.0639363
89498fdf642e770ea75be7d8,1020821223.2578617
aba39002de605f9ff34bd542,699308586.0485585
0c1c0ba7d75dc4090b7183f5,1094572656.025529
2ac425aa592565b44b25cdc3,888524225.8692307
c0cdcb5f860e3a974c401861,761866763.5768814
4ec741bc6ab20515070cf1ee,669483968.6266155
3d4c48167a8de8cb0e4956f6,997770002.1760983
f5741fdd9f509d3bb02e35bc,771642285.3702713
c1d0c0846ec652774ed5474b,817373669.3830792
ed2c02ddcf0e54789d9d2675,835463374.7664994
0e05eba6eed4e55e89dc5f14,937173614.0309474
b29e5a75740c8439aefc9321,842081278.8536308
218445f989b2da5eff4029f4,918942439.9877026
0c7da0c2613129bc322b1da5,903531553.8651495
a41210034abe19957b317d1b,1192346051.2994936
0cb4217cde38e09571fa73ba,1320222905.7539568
9df0663317db1cf4121a222d,761261788.848168
62be98264dbfd418ba21cfac,1323926799.3453555
939ce1536f15c0e6bf203dd4,1258446999.0457373
d9028df78f9b14a720dbaa8c,1258446999.0457373
b05f4b5fae2f2faaddb377fb,705636414.7799443
65ac61968819927b8fd9b990,679929756.3830693
1e83b53963792d7445e19d27,803137629.5833025
72eb1af691a950fbb7e8d635,662799368.924605
94fecb92077ffe3a72aedec4,536230566.8484739
f660a48b0eb17e98dd77c0bc,600375515.1246355
27fe3fc3838695ce34c5d287,367722474.7301943
9ff4b1fc1970cd5c102cb755,1223477087.503593
b54940561992090411749db3,621146570.271282
d4990842f549d8139fa94c87,610959524.6809388
f6013cab49ef9188aaf87972,732730692.4153057
cc2e8713dd087d3b842d2f11,342151134.96102667
fb8aa6b6c5d2499d404f3f73,603139212.9838524
6a8b9fd89b745a52703715ab,803785909.0764757
4721d06c49413558bda1fb68,599559743.8164191
0100b3a412accebf6a3aa4b1,544221325.7323154
215e8852679b9cb6c4029ce3,856715262.6905217
0afec1b2e7060b99dbe41a10,531348408.20955837
4ff17c9b88aeeff105b8301c,625749281.3613789
6eee8548b87c9349ce90ac2b,548599992.3980439
9b264d26a196a76951308cca,964463752.4876261
945fad7539481410e8bb60e5,632836416.5262129
f727924f0f35ec9fb58d0c31,283735975.0655873
c7876dc81e250503076f43f2,695419530.5003092
e4f3e425e9f6e393999d7a08,487862457.3510896
cee1833e8964355b9aabbce2,629575552.4479908
9a1819c45b01c341647a2410,886502027.2340316
ce95aab452311a0cc27e0c7b,550632947.8800913
e6eff72b7c5b0fc2677af2ad,609352591.547518
3b368c10d243f6bc9c027061,269567141.5054571
510c03bfb80d92d180803887,513050333.84606576
664934c8e209352d2c79c971,651370898.6081696
689ba3a92dd7c12f1965031c,662496524.6095556
93d4c413d2a1ac59f1b46830,538946870.5924246
08b09c586530266c14e611f9,621909210.6498117
7157dafd306fa99e4c2ad233,593442704.3280119
74e15493f395fdd312d50cc8,349134800.1127922
c34c94e7129f84267a5e4fd7,639024315.3068283
fc0572d7185e132770c3bad7,1032329225.9219811
5c1bd88edef0a4146c871fcc,681700818.9305817
a28a31f7d0e3fc6298606078,578450629.8574756
f388112376e68ccb2290074b,772900476.95113
05d1c33ea8c89ded7391ea92,639646680.0213727
dfd84193c81ca8430fd27ad0,1032329225.9219811
8b89813a4ae5f9209f854be1,1069409583.0230691
d7b9566ffb28c753bea96f0e,785046735.3296982
8062b4109c12a95dd62bd43e,669250197.1378042
6d305d6f3e3c2a53515d5f6d,1200637431.003861
ff143fed55f12a0105f9f88d,669250197.1378042
0fd9a2a99c44c9e5565fc17b,1132745156.1201804
7f85c59323701ee0e75abb92,938428788.1941929
19baa03dc4143a83920a7d2a,1070794068.3034253
bc23ec33573f28442b36f60b,567251510.1469233
9957e5492f63fa295772246b,748374886.5287992
62e376b22a4cf0d84b7f6bff,989099283.4231443
0867853879129bfb46dae700,1050132007.8244131
92c5129009b7e377fa004a93,823551621.9474149
6b9d38e0b9a3e28e3e695be1,815946131.5821159
b6da2728ee41d035da57c822,1324897609.381895
adf5879151c7236f5e055e1f,944114636.7070012
bb31607d0bc3ee4a37fc912d,851589836.2726871
3ef8fee6a5cf42827d8bf562,1152400698.3191628
e6016afcc032d20fc9d6f2be,1213345020.6894076
f3962b552d34eb8bf38b4763,1093525802.0638685
bce7369d51094d3a9d3495e6,1177226581.8229423
55bfd350162592f2571e3a0d,843640889.1172662
3f226452520ee8f04e306bb9,1189495718.5164285
b16fda9be5edaf4cbcf07122,815946131.5821159
e6f5ae869a5b7a30e8f0fd0d,1197808041.9466257
ab0babf6941ef43c35acb951,1215394571.3962278
3bed16373c8ae820187e3d5a,760941568.3867847
bc1335d419a1c0f6e6860470,1309146122.106658
98575cb25b358dde32ad042a,1172070707.8191552
fb50f2f13a30fccc3903577e,1042004307.9835416
7a608479334951a3afdc655a,1124836984.4127967
9cb40496518bb99a7a00a2ea,1256967960.0236883
a69ded1c20e05bd6b3a90028,707625678.8997829
71d422db0c0c638e448142bc,1035709792.1229196
fad033a3c81708df7b6ee73d,751549668.7851331
99fae85157be04554b236007,527354396.81665856
dcd314dabc7d162cfc29c81d,734564379.287348
1c65d5172e53b4c7f1c4d6a9,727470401.3125169
cb6d4db44c789fcfe8236b40,852604669.0501772
ee2c509989c7155bb472c5b0,660123393.1625323
73b60c9053ff8193c2dd2823,1032719864.3326054
2a487cfffeb12837a5586a41,543691466.5579596
c9d285946ffc4c4b3ee95da8,1118991833.4131246
6a21be8a7a429eacb1de8c1d,742024234.6963311
2a7fc28219bee48a2368e730,791709676.580406
5b169f28ea1dc473ddf11580,323727864.8833991
58b3ab31de2f9fdb0da0dc8d,596658493.9800482
2054c61f0162a18c6fa2291e,348646760.98800105
39940234a26e7264b464450b,827502433.6593591
550157aa4dae5fafc5d795b4,839453000.6703697
ca87bd8401c0c7bbc4b3f286,1054543828.9561387
a8fdb6fb681aeae4d5c22f9a,1168065437.8838964
998c864a446f06d114f42fa2,1140102287.7850428
bc57535516748048e38d4a2d,673217247.1472906
ddd55d8001b809f304883ce4,568192500.6472113
b9fecb3e6a507ba17764c303,333612309.99822634
4bd30aa3e2b4aa077ae27490,662086888.0199231
d7ee2851bb69088f851970e9,938533926.6358235
40eb0c78da8b51b53548d914,1091592655.7408497
1097d9a61690cc58a4b91e62,865471475.646822
6aebff5b1fb3a438c2c7969f,697741983.5522662
af672710affcd7e44eee9ba3,824220294.0279521
fbe3b74f9e11c829d4dc69d3,1039555380.0821075
6b7219005737d8660d134ace,1275807160.8718348
042bd2cfb2d33467149ece1e,752779309.8255975
d5999beafbdc8acc8a6ad809,714517791.3044745
4ba65b1fb8d8ab0a914b0b8c,622734315.7538425
230864c9c9c5959f9f0d36ee,925019689.3717549
8520fdd4f5fec0ba861ca9ac,536004835.1255806
447dd594fdadb1b12ab32e6c,856537051.5198365
3d405df6e5dd012419f43ba6,959012839.1562033
e120c33346ead011ab7789ce,599932207.309661
505740f7746e0154932dbdc0,361939459.95982957
e9a427f23e80fa59d9d517c0,427805156.33613616
97388d009acd9e5ad49e7c4f,385247854.12273055
a100f050c34e438070ff487a,658483966.6758584
96d14a1d29b7abc2cad573cd,748423885.9345598
f69e25355ce3887bb1078fef,700513169.4144592
86276ef138e0babab9863276,389061139.91430986
344f3bcc1acdba48c12f8441,910526934.7430162
f3dbdb2b69017cfa026ee18b,935903464.6240716
ba32f2964e8b68ff5555fc34,1090128624.4029918
fb7154b2dfd2a48c13ef70cc,675772138.2256979
089dc5de66c6c4132734b9c0,760938421.9214361
5c2ba5028fd94a6b9859de70,591599159.717651
e8544410d811163a13c6a326,481067046.85742676
74d8df07206df08e8f3dc232,1125260719.0382488
6fb4126e3ff41b8052fd0657,392835582.89081883
ba35cce2e715bda1684c937b,863307762.0395246
d7997b9126bef50985bab347,493957296.5109764
da3aafeb2d0105f8e09c051f,639056751.5906627
5daf1136686fc538db40afad,547442410.4960984
88f632cc304cd769e2d4be27,757478163.0873288
c5dc941305b5fb59e66479ba,775450474.2420774
ec422df56b811a0aa42d8bbc,775450474.2420774
bc8bd1feaa8fca4c52e130f6,482210110.224504
60c116411ab3cca49f7f49f1,562128749.19959
75ae43992df8ef41eaf9d98a,458303025.45700216
87ee5c7c49ced4ec99f44d5f,1163686640.1168413
918f56ffe325f21522cc60d3,386648166.5466026
dae09210f48e5bbe0d31c728,623006886.812385
c1ae2af40e1ea9da6380b8ee,945120973.5639265
e7b717278f7c95cbfceba80b,633360466.4395356
387f18b1f01b1aae536752e5,678515398.0219561
c036fb38fbd2d1b59ed5b7f7,697131654.9108791
76c510c0ad11fa67f0e9a4de,682269674.6113492
ff46d9f7dd86b8bff7cc305c,830212656.6659636
23d95cbbc056b4456b94c97d,962560904.696104
fc65a77fbdd07fb490ad870e,1065226697.7748429
8f0a61533b6a01badf43b6ed,1145278233.8527713
c26990b034ee83450a4517b1,1211334976.8114502
53ffa19a09c447f3759f86f3,701652920.3294563
86d80d3757377df6f2b8a0b3,687629930.1525449
c757b3960436c23dfaed4f2d,1106629576.2997565
fd1431e595693fac0406151d,593974593.5595742
42b6cf2a5225dc62342d3a20,737168230.5731449
6f8a0e8f1bce0243ea50213c,784052229.1984181
02277f636716264116015dde,435623689.6975235
b72459ea34fa22d1fd012dc5,872665108.774392
cf4ebcab3fe4d12e1a20146a,909100349.9441516
ae2c10850b4a8ffca934cc72,1259760028.4791694
0e22a41ec27869c8f83f9be9,1110233833.5092173
22a43024821ad081e654c5be,986502733.8852521
2054c223fcd48a48f67d02fd,495792752.0036484
9af6ac77a9aa0c6da3cdaeb0,356386880.75240827
6601706d2133f96aecfcbfbb,587598373.6526929
ce011b7462e9be36184a2984,520496162.9912764
f759f71e444c16a59187a067,756274585.1588975
84cfb0342a0bf2c6777de39d,590393755.1371185
760fd4c893a56a4586030772,655210342.8046724
fc174b19baedc11f78b647d2,1044790165.7065165
aff9e510eba008f3ba5c1847,1089187995.4833994
a5a4c0f268548993b61d65c6,987679375.7557623
6cfb8a07fc1100569413b33a,708968527.5654618
94301e20cb91669986c4b34f,544837194.5266538
52c1ab7484e412ccbf5d57a5,821938081.6535271
2538cfce1c108ebfb1056c8d,901032293.1170933
d57541684e5c00bd9354cc35,636945074.3582947
123106a60208725514f3a343,590117186.3455305
7f2a2959f5ae816761be658c,1185618078.3338225
fd5758238e7ec91e415779f7,820021554.3604419
e3197263bf47b3d37f027e11,896583967.8070223
8e5661e79f4fc282abac1f37,1042686208.8214805
cdfc387f8246a1bb3110d724,972796869.3432603
c53f3bdfe8159bae98ab005d,1204631982.3825846
200ea08f57fa23013d0e661a,1211870379.3748598
603c736378e07570fb985ab0,1141237880.9916542
cc019e30685c91634d2fd4f4,867907196.0110077
b0d394d6c9b8967250854c66,1249431691.700814
f7a79e1211fc72e06a3a82b6,1307706609.277626
8a1ea9d91b3d8a66c6341243,758335409.5729822
22903633f8c4d91158f65c58,501443897.445861
bb67d95fc94532b1fbe80ba6,780407488.707972
a8e696037f8747f562ec98fe,342522487.61107653
72e4fa00e8aab44cf210251f,932366510.7060258
d70948f87875325380885803,1266441362.6886668
a0e53cdd1132bd19b8ba0c54,628407833.8612744
882eb7115cd5b8b09fca0e47,994207363.410217
529d6599d8a64c63566a11e9,587944278.5119781
e26eafffe4ca3c22b7f4a272,1176389706.1678119
4e4abc111c07656e5bbdb0ee,758680459.5589043
46e7860100b0c09a6a475b9e,774343801.7258269
7bfbcfd0fb8f5b6d553c2d0d,862086109.5076845
5fedc401fc32ecc4d9ba7e89,576684639.2070224
aee8b22ecf19495fc5894a08,862086109.5076845
313e17c442fa3040065b7489,731485876.8092057
26206185deb023a344eb2e99,1110095915.654174
4a9e2358d64df916e2cfa213,989970457.8858918
2f6515defc3b21d82e0ca4dc,508870291.1807848
a9b18720f68c7002dc71c3af,422604367.72644305
af911ba38d5376a8aa53fcef,954576124.0718919
025b094e1ea7248f4aba72f0,345773365.88197964
f81aa0f575dbbacdbdc681f9,621277464.4747066
848067a69d18a171e7fa34f2,642437647.9117522
e22ca3f1c8073e246079d57f,584955421.0782186
11444a88bb3b230b4feb5b58,685564892.7013977
7a9264f3a12de839a42c1783,631236975.9081576
6d825b439d8622ab90245049,655088805.5887754
d2d317f2990465269ef58c41,796990581.1191878
2860e4435c857cc8a661ec97,1055920988.3435364
39c70622597e64c4821d0731,1217553395.419116
2d6f5bc20de99dd0bd4e34bc,793784737.866442
37ac1ae3a7e2a3319eafbb58,891693545.884026
fe6fb32f623a9e3d5586a8d3,752251966.99741
501531d637608f7098ba6242,790132532.7564838
69f59487924240bac2e75bd4,979783915.1164582
358e1287e24c3c4fb353315b,1082073662.587463
55e307c88e2a943acd64a9a5,919691885.0684576
19105db21495d546e6792a25,704938886.6394364
375419559910484b17782b47,1230206035.9109092
c9d254244e315974cdf5d921,1294281510.9171484
adeb9a6ac3d357bd96c019ea,810445740.4651722
b08e0cfc5bdf5bdf5068ebdd,1098988246.9934614
8da2439f391c6db92b9260f5,792549707.0918323
d0751cb5e704e28e03514fb7,803557983.6909556
9051c6d14018b4894b560e2f,861580822.8188803
54c3eff286c62f05ebe2ba57,584246264.3479357
975ee5aeee84593bbeb331b1,422218955.0443448
5102f4786cc032e24781c7ab,1050121261.5386627
cfcd97bfad6e013aeb57a2a8,816132109.6416395
f304bc9e9edfc24eeeb720d5,758527474.1556005
bd05a6f6ebf924adf92e5577,1059693507.9383347
a7b459470ef58ef3bed7437b,593731053.1982939
37e009a57645b845b1673b8b,590726625.8993654
b70082fdca35092802f8745f,322614537.59796965
8a69b9d7461107db6d16d1a9,839712007.6564729
adf055978a7a8e9bbd88e741,766209363.6316103
6c02bbf7f6b087a1f0c8a47a,654738757.039556
d91017d9c530e058ace2e017,729989331.4098074
89016540f8b3fb727d863bec,866426184.7289728
506b653545eebba4c8821588,1289263334.4001317
01fe5add1e7df4b15dd73bc9,556509686.6407193
4911d01ea0a4505d5db5bb2d,508414307.5856836
68bda8b092d5a53a35dfaf07,1479764137.1827147
70bec150e1d8ac537cfd90e2,1209540149.4407465
0e21abdf04b36e5f6a1fc337,1286503607.8068058
f53efb47de2bca5912ad7517,929494962.3584533
82d6244acae149ed9ed88e8e,589469045.835545
755a4fb96ff2b2276836f49b,629967548.3575794
f15ae83fbc4e4ee3f646b4c9,726500535.1022111
eac458ffc1da75fa1a4ab384,840790754.3635483
6f7bc7fd41ed908494d8e098,857475647.4070303
12d1678bc86ccdcc8ad756be,1244248169.7954369
6e07d31b81f3fc9b9de8e1a8,1287336630.9390345
6c618bfe55cac120a4f1e08b,395528288.0197389
22958cc4622a0050d1aead77,881423784.5583138
c7c3da1f12d872a3726736f5,658926657.9690865
ce30c2c7cda56a69005300d4,569357606.5411383
7a26e5936765b409b7b73cf2,1019547434.6850879
8d5a73b1d27a66b3f72fa662,771749674.4091464
3b8302dabc47048245acc09f,867015635.2693148
909182c92bbc39b00536ce6b,399691082.40775967
963da21c3c571d7bbc36f1b6,753804935.7903513
a73504d5982fef268f5ff589,760541543.7200215
50563038c05963223b459beb,752999167.548721
b9a0058c58cabd619e226178,888871401.9794767
0037d98f6ac46a86e36def45,852172727.4014585
38117bca778373247df86e14,631978097.7633823
4eeb8b5347526d721092a7be,828226484.1467319
0b6cd71df4dde546e665f865,828226484.1467319
bd066d5d19d41c06b904d51c,823662141.4460897
f10e210fc04e3fb073568323,828226484.1467319
9f504cc4e6b170155d38c687,828226484.1467319
3e4c1e6435ea1a9c3150aed0,631978097.7633823
052c93502aa794e0574db9e9,828226484.1467319
343f45e7d178eb780a9a9818,631978097.7633823
c0c4fa199f0ad751930cf78d,827015946.2417903
5d86154fc1769d4dccac1269,822838660.2398403
e1fb88779e55aef2b66f2c10,852172727.4014585
c26af6fdd00a85a17b823d92,828226484.1467319
be3ee4457a26c6b6ad4237d7,804555018.1839341
9bdc79dd02cdf39f92e8c869,852172727.4014585
1d4bafec52ec7575161bcbe0,685240177.8624827
0f15a78ce3ff90b6894fe3c7,918090808.482554
afa5698724bea14940667231,692477304.2431976
4d8e365b35a6b8ebe6d7a15f,881287031.636013
6ff848f65f2507e58cfaa231,499423791.87947416
e13947242fe19bc3925919f8,600391657.3038766
c02caec41084656408c2696e,971032117.5613399
d6fd079beb9f759fa4c6886f,385116495.7085534
d14f7f939468e641c43abfe4,614694668.2868139
8f6076f8ed13e87862d82255,598815696.5382967
8d5e662ba25a71727f1eac77,1025858206.9055467
bd2f9648ee9ebc1fdbfa53b3,627030625.4808944
da8f986b6ee6f594780f4a91,1025858206.9055467
af7131ea57639ce5aa1e102f,1025858206.9055467
30e10a03626eeaf8bc2c380e,1089518609.2397861
6caf180e36fe18078703db02,573170856.531757
a40861d6573e4539ee3c23e5,836561421.0055923
d5f905cebe05262cfc44bb11,850718181.1209759
809800b56b7b29399986115f,680436931.2429729
6b2d7f88f15cbf7d998986da,993795277.701669
a0ede3a514cede68b721d994,683589545.7158289
179d467dacdf674a66c7310c,736421346.8316854
97f9cfef1e35be84ceea2a46,1082225224.8335009
b7e01962fda2102f1402a444,780593184.9673951
6665e5bc4774d04321d1ba9f,663418098.6107749
6c09a3ccddc797f77d63f1bc,1124141714.5617356
97986583e1c988373765eab5,1055642118.2957672
56807890f8587cd75893aec9,757758772.1701665
0f2fb3cf22613a339c88f7e4,678250442.8986912
a967a4f0b1dd36d7264cb408,1124375015.7192137
08ead1ac0b9b30c2a72db17f,1213377901.6522
1b989360ec91f5da55806bc4,1208786707.549908
b289cd856f9d15493d31ef6f,1131368610.962271
88668347361a227b6dbba15e,926535618.3538694
ec3f1679451b9c0037f89386,1090243967.9369314
9cd01a5cba1674559752f5c4,1282120814.2257648
2bd96c7fe678945fcaf9662f,936929635.2664149
9f118569fb8b084f0615fa22,763112681.8046095
033521a46dae036839ad6c90,307135601.5418806
bc1ee1f8ffe1ac88f08e2459,882949367.6183242
c62886167530efe1f84086ba,732177541.8268888
d58f191c74d26bc1fb02cfe2,620021255.5677261
981b55d5c38361caaddaddad,669479775.9381315
ef26c0f1cd9e3203ad16558f,704111519.5969464
74cd885ec200a0c21fa9e03c,628498237.8298391
fcfa51e5eec6829b9f4f2c59,492604825.0786386
c3bbe8c09f5e58281dddd412,674627488.2637157
8f36d25584407d9e3c326e71,753920299.7234497
51f4aec91124a9a96f4c5372,637074743.2909403
b7becde9261820feb7cd926e,596302899.1314677
65070c554133f2b4143fe051,788723626.394066
c2a2ddb94f60de25378aecee,706381304.1346164
5ec3abf721e13b0d55829bba,738454763.5564166
502aff943d74cd4cbb976dcc,726818759.5964656
11e6e5ee92c97e31d34db891,1117255295.7450848
b1589aa1f58f6dffa93a3a61,1386886396.1367013
783ecf989538582ad008fd95,1329065381.3513541
1770bd5b0a07a6aa785e0caa,856798281.9162345
53715a484e20d6152c76fdab,1184275421.413335
ef73428a38c201019267afb1,698234775.3456488
932a93e3ee2093d7f806fef8,985281533.6709955
00e9afbd1d27062a7bd40a3c,1210035053.8625636
a11a82cec7f8a243e2f90539,761677749.3038672
e4a70600296b0bde6c28fb19,889015604.2689016
0a1b1a3d68b04cdcb2d757cb,1036624369.5050294
7c06a2f06cb4226f9043578c,801463194.2891612
5e113e1e878da12e312cf875,1053761985.0537981
a72f5204153b7c92f52d871a,919419943.3246174
fc17f35d300be9680971f95b,928648104.2258618
13ab6a062601d40843de37b8,811905205.7421045
22abc78ce812c519511f8a4c,1014026235.0965245
faee4c33e892029b79b63742,992152408.1405618
c8d39eef5a5422e0da4172cd,901527431.6311194
b13683c625c97c23333269eb,529098571.94470656
00e7c5894c739852052f566a,896440247.9600544
2703313a3e5a6fef2157928c,924235592.8828794
8dd453e986d05c6c1dd104d2,636378217.4762053
22b34331d7ca2ea642d29946,723703067.2688432
23187388f9d6e2bffb88b9ed,1130408856.6066067
6b49a668de0edbe7f8110740,1121371908.379502
ef0e5b23069a9fe377b77ccf,1167226308.5367448
c37348f8247ade33ac513855,704321637.8074117
1d19edc1e0d907e5ab0899e5,827687077.916885
c73ee8d419b96c6e7c53f95d,809059501.7957404
6251cda3676ecbdb6555c526,708667581.9741417
d12d6ea066b67c3db9b2dfb5,1327618326.2181582
8ba4e8e071e458a13efd179a,744645390.2211661
9b8d798a2c455a960ee74503,581811046.1759005
d663ca1a0d29b4cbc5cae9ce,978497182.884895
dc3b8d97b11cc2af4cfbcc79,1158588433.1752195
7d50144c4b2ead9b7b9f594c,1013482412.722766
ff9cb7bc0b972d4515ea3837,356628593.4257131
267e46cb9eaec6c7009348b6,528757246.0317714
1769a8ec5ec94aedc397b4ae,527105900.93538314
dadd9ddd29102f529caa3bbe,589473883.8806925
251903f4b947b337e0134415,590686377.0867513
e1b753c283bb9c6d4e438bec,1099720468.5627115
16fb51fd3d35db53eebbe5b8,1076542918.2805903
8f543f9c31af1eb17ef1e353,706985103.1017838
20c3cb2d4fa486b23eb81bc2,1134691874.4644878
6fb9e9ac6d44d3a286f317ae,638099419.5610031
15b57b0ad8794d64a2784ce6,810909638.457165
d9ce31250d4ae25c3b850124,841266612.1177763
f90efcbfcafe544674c02586,679525446.9053047
05a98feedbd3f422bf063112,745511686.912209
ea359d571ad0c986f826d31e,1065876755.0204269
b02f1997e6e6f97dc808b8cf,872276326.6081806
307acb7b4044cfa5680e4227,1098841572.8596866
ddce386b0ad3199ca09aac93,837686825.061562
9e28972500d8ca3fb3b76fd9,1112986833.1629796
687b1dd576eb7d06a08c3439,772388080.1935918
23b2b5b9f5bf3e1208f5f80d,923514886.0791854
dddaba511b6a18f49b41c1af,868915567.0366492
874e3e3ec6f67c160807628d,955583964.4478976
67ade5109553a9d784886a46,1283825394.9727006
6879f05563a9f0748088cc65,784837290.1419044
dce05cf86b42124fc93d41da,1283362204.0633821
1ea5db844a6d3a926480351b,744745523.6234365
4e9acf6e9f80f65178766740,867015635.2693148
a35450284f8dc27e0ed717f0,1190605826.6700501
069499abc4e393fe540777b4,470751401.7879306
cd10d6e28fd7ce92518ea31a,876403885.0223272
3edc0e70e7cf6a21be2f0d53,348405048.314696
2e2ff1e620063f416a387058,596099094.482345
1ffdc10c53bb83d3be84c327,641846712.6944938
3c95dcc4bc3788b4cd5602d5,729693781.6882956
aa592f388454d575e0006206,899364016.3337369
f7e5bf5b0f6157ed1f604d37,323805613.3117507
513c6ea5a3c2c560c409eaa8,1259605885.005278
7cf15f80838e8edf4f9cdead,1263404614.3902955
49737c7682eff2513869b3f7,870153675.8569784
4e8cdb49a2bdf68ad8d12625,796242243.0660129
86af11931b004aad3fd27b88,690069735.749194
90921c9fce21986dd23bc645,919026864.4434478
d79d71be963d418a4c9dec68,1036624369.5050294
c27b2b735106bd5a77a15616,754033084.0550058
b6129a71f8e320aee8abd0c4,754033084.0550058
26922ebaf11e35a7a320d30b,1053761985.0537981
23f859b889afe2639ad55a21,768596278.4640657
ddf47d32045769c0596826db,1319878614.0112133
1d0c635770f2e51aed4c8664,1409122747.433176
e6144e15d5cafcfe87c07c9a,545926931.9400023
a7c7923f9a4d004eab43413b,1119867362.9258769
42b3b56289972176c20c4990,540577777.5058846
b63f49396431089dd646837f,583525966.89785
e0b041a39e732783f98bde56,1076459303.900367
409eb9b8f2ba87ca299a7f6d,493283095.5387845
1a46c13974f3634ca6dcb51e,824040985.8679532
4b068c79664179605b145a15,1176999687.7207353
afeba13fa3f81249549cd2eb,493162278.0223782
3a3ce11d981d0893ec732e22,690069735.749194
ed68664efdb7377c33f4010d,981805845.8058414
93de58cb0d8fbe74b0cbb556,861007099.835222
faa204421a94ef95b79eddf6,754033084.0550058
acdb13c4c8e2a48b0bdabd91,904306289.539036
5271cd1cb962066407490051,918973456.1260611
933251193ded6df07c83128a,1222763717.8473473
524e00e537f841c13497cd52,538541612.8605303
a9d4f256527be98066c493fa,995897170.37269
2207c1ed62f59d6eacb3c18d,597549278.4815611
97ea5dc81ba49ade4f8f580b,962521319.1541442
72488318dfb2181843f17c03,1163039308.3677616
76698030899efea431dbb81f,548860653.7148936
e84888d2f22e14a5016ac789,826313404.308814
d9398ef84ae71419cb7cc82c,672034958.1994745
6d32649478d9d86d840969f6,508176092.95187455
81600c1e6b6e3ae770e40b28,1102924106.0327804
68075b0ac8e779bf5e66dd3d,573800041.0986722
6d7ac64b8b9f27f61fb155ec,587104345.233158
d3bf3146ec856cc26c607d70,1276961033.9058347
d12298e0d398e9d21d2e2eed,512888823.4272492
97b69097fee8d8496a6b8c04,648372880.3232086
fa6e53a7107c0e33e3d505d1,1321432483.9832273
7279c610bda9354e1c840b0e,826313404.308814
6f3070318ab65b867b2702f0,442118835.81493515
e08aabb998103a941d24d0a9,548908498.0396736
415e1faab81016a460db7a0b,544007847.3184116
8b871cc48b99bd4190877bd3,852172727.4014585
7240bbe28e950ed75637b504,585980018.5136622
831629494c6d15d5ff6a00a1,852172727.4014585
1cccddc33bd892b44d7e4b7a,736444788.2457501
f9cc6760b1112ce5197bf399,746827446.3210341
0901e845b6c56d4761377a09,616628854.814838
2a33fa5b25963f3dc928f668,744571919.197877
83e9507b9ca2987a21d1b195,655438128.5960757
9381bdf491d48236e84590fa,586739335.4437819
c041a933261204155415c2d4,1161987254.298164
a1cd867286d6e82181e5d1bb,1025858206.9055467
240d2474c81482baaf79b6fd,1025858206.9055467
ddc1c85af165e47502447242,683004951.5805074
58f02c785ee9a506e899b967,661391064.7320718
8b353ba6823f4f800635f0cb,827679860.5091693
68cda50b602acb4efeb275a7,1210788847.8314307
96cb3c08c80815907de81e73,708527354.7401494
f54dbd8f0aa752f79c581e5c,1014069267.706626
52a438d024af0d5c38627ad0,699895309.4615782
1b5db6af0a1c0f7787064020,792531630.8650192
84a7286c91f1ca3ecacdaaa2,1035157020.9178891
bc6d6249873222ac7f22b73d,751494519.3932594
12501015fb631d7c10ff08fb,1032450924.9752952
85b633e09a41cf22a10f28c8,1055141185.7222092
7acb92246dbaaec1cc7b423f,618533734.1182659
bfba8fe959dd2e44a4202943,1033816374.739761
5325f16558ed6d2689bcbb46,609582773.1739837
d4653d505cede3d24e258d4b,1033816374.739761
5146ecaa8b7ed507c4f30785,897604042.6299465
f5b9cbae30356fb3a1d005c6,973423910.9564756
205ffcec56fd884ab24c5600,800210640.1614075
ae7ce478fb66882a2c952012,693362710.5149555
efc9ae02fd6c3f18db866cac,757247769.4965336
2221052e00c236f31e6d5a06,664813055.610714
54673ffd4971d04493a1b1c7,854993236.9677509
b0bbdcf0916b246ca95c4721,986101368.5299869
1ef15e2b882a0da85858269e,646769107.4718791
9881fb167319b34cc23da955,1145054738.015648
9d2a195e645a9e8556683b4b,1009701555.3938618
14acd96163e6b3e17177f35b,911561986.6545335
b2c5af8615b8899deb16c896,657017930.5044322
4c40683e401dae89f6537ab0,650862494.819578
dd007a202a0a3d56ebc4868c,983340238.4794024
6d9c89a406cf2e755d4172c5,543476775.8500515
7387e7e385063c180f05a7cb,646757609.5127627
9dfd5df5a2efca3fbf2c07c8,727164266.9958663
2a9e75d221912230f98485cd,713691688.9292649
86ce27f9ca03821d13030f18,933094961.4759805
3dbf89c6e97182647bb44e69,734327513.8263508
eaa4893a313d85fcf38dbb6b,708714111.6554466
c57e1c323ddeaa7475e5189e,796335484.9519725
84856812b63dfd9630fa49e7,1019221107.8760263
945202a450bea48fa7f2a95c,678931383.5346524
fd689e54d5c418dc9f2425e7,1134294633.4419935
eb90d9e9eb53b44b07ef9613,877489696.0906467
79005399fa92d05558fd6f6f,893449899.5946097
5cde51bd6de3759821216d5c,885753131.1817877
230cb38e035b85a4353220e9,833526241.5793563
a22ed42197987a8534abf76f,528496305.20153177
43a2ceffa8ed90bc1a43255f,580354778.9415737
8f2fbced5d357bcd6b1c7de9,1059761756.2860528
6e895a15d402ea7fcee98156,1141706902.8227026
b6a2406025f0e1fa09690c2a,580354778.9415737
f46d46ccc7fc415433e471e4,782900759.6393305
71710d25975271eb32c0c8f4,543451763.1363797
01b7bb1556b5c32df8f618cc,869818723.7948179
56e5afaecb2cac6293cde16d,502582475.01041144
70209b9024acb3e5baa769ff,1085252114.5361826
efb0b413b3f661b23d674b3d,1119867362.9258769
251db9c4b7398902b38b4a4e,908286382.6993897
e3e7ffecb903d2daccbf8a53,862175018.8096397
a92ed9a378272ff174ce2688,504126334.31844676
40a53a3f3d49f7905966295f,1170727174.4089465
bcf2c303fc03897585831351,1053063221.7422365
4b0ac2ce45d7ee385ca369a2,1093248828.6639454
85c7e8ac008493b34e8e0176,653763179.379673
0ff24418ecb6888dd8ec734f,1396881569.652135
3164e0ecd246b8ed6cb6d054,1309409295.7278674
5f52e316136696cdb56e65a5,483979633.4439608
5ba4bb943139d7930cb91650,1162839656.5872462
ba12ab0869d66e03df12b6d2,477624651.92652893
1a111211207627bb4c840442,1097010512.466639
9d2ec1ed9eac77d534ed514c,820331206.6163421
9030f17b47b3940c2e2c4093,820331206.6163421
3b224cf6107d815a2e78996c,1010105008.6898495
ab0e770ac42dcc82b472c55f,908797283.4969647
75fd66abeaf040fa76eae2e7,693167126.3368847
c31d98f67673691ece007a65,866375362.1374364
60d5f19c16554cc2d8e5940f,1083447062.1177847
53fd196fd0c0558ed1219329,425874753.35971093
27b06d060ecf702fc88c7956,1058831505.4606814
dc014623ed69c32abce2d0f4,597416094.5133324
f1a8f09837660445961375c1,1107412571.1997347
b98a462d9782988cb54ced54,1309806211.5385795
6ae4843a827b36bf189a32ff,687115312.8857151
84e4f6c6b5dec0da7f7ca0fa,595275002.1002852
b8f2b9c2e63f0091b6038ea6,574147410.0287837
e54c7ea1f012656f7fafa49c,667758609.5057918
f25f5df33f25576f805a95b5,748343073.6320443
ce9474244dc2d40f357146c0,531348408.20955837
54bc553b5b8abad0ceed4d53,856715262.6905217
e75d4ce522cf587cd66adae4,695419530.5003092
b1f0b12c28c9bd2d16b3545a,538946870.5924246
412e7b9e1de3df8c3dbcf198,964463752.4876261
f52ce56f20251f018d7864e0,621909210.6498117
6641ef09c0bf5f3180952b30,370980070.4108676
ada53307260fa34f3a6411f9,695478621.673435
51f0f76e2a8cf50ef3650901,487862457.3510896
da482df3d0fc97f9f8582e22,491182253.1241112
55d47b5f3d0d2dd7c2bf4034,623877723.5453866
1a6714ac2350ad371d8280ae,930851042.2899647
0006c9478f4e7edc53d84916,469322423.2500973
dfa7461510c6dbe5e119d106,651370898.6081696
5df95b44c73b249be0fc69e3,531656788.3633164
76bd7a0b87bfb6d2723766ec,542496075.5031964
8570a1d8156dbcc267d3b495,748374886.5287992
94116b7517a06255bf4320c2,701154803.6779631
8ba2d7afde20563e38892304,669250197.1378042
f86ab537a2f5d8c2b223574c,1032329225.9219811
9d0d2774fbcb6fcc66b865b8,681700818.9305817
9086e6e757243bdda003878d,991442520.78198
5a3625846567d06dbe4cea0a,1200637431.003861
f51a78ac4b03665561552b0a,823551621.9474149
561a262410ca91d69a58645f,1062840391.6561861
08d90f931e7e0a6f43c9d0e0,1195686681.2986608
f47c64c8ee69e744e654d4b9,843640889.1172662
fcc4c878af8bdbda6e1fc86d,1189495718.5164285
8d9b143cd8eb71b05d32cd2f,815946131.5821159
ce6a3868227d78852fad9f62,1177226581.8229423
d82f743ff414299f8c222db9,1152400698.3191628
9b2c7e6cfb2d6c66e1ee8a6b,851589836.2726871
6e9009ad01cf466e8f8136e5,815946131.5821159
a4bf0c02f139c695845c9507,1197808041.9466257
16cf0d7977ed97d6ae8d2cc5,1172070707.8191552
d96855b0ec427f041e7a36c3,1124836984.4127967
63613a9290bcd9e1bcf2786c,1256729807.753746
32036c1eb131e6cc4f3bad3e,475742517.316382
ad47e82c9efcfa36ddac0a95,531275524.9416491
d5af3041d95f5e89969c9868,557007800.1652443
f2387712fa17435f56d7b102,558492319.7502106
c1c8024bb6c3635ff655843b,461793534.7914151
11e4350271e9cbb37bcb75af,580324662.3815147
d012efd4a77c5aa5e8d6e508,1082483050.334584
6240b85a47c079cd0efb077b,698039611.6526958
85e332a999931ecd0e04475d,396015878.3277147
4ec02a406caf200b700f5c62,660445750.4267348
f3270f2ccbcccf3046346809,995066062.16674
bfc5aa443994e3f3f78c6105,796014464.8751793
aa09cc29ab2f2cfc79e5bc7e,848409306.5849085
6eec5b03718975e5137d5e92,843618641.8763407
6974d82e41437d61c627b16e,1070032766.389055
ae3f7f428b49e6948ebe6fff,774866268.7121267
a9a710b78e776c16eec24be6,722116089.5921576
249cf6f96144f769030d1b4d,633142244.5371374
645f3c4490ce43ed68c7df10,699428866.0794418
3413f37549869d2172b76d6e,947517923.7638192
956600c9a4ed31e588f8c593,1215379980.6545243
00ba709f184e70be13e5bf9b,642918081.234028
275c8bfdd3fec33752493861,662748351.1109071
3206523e850b5b5fbce567a3,998795624.4368564
9c9ffb3401ab6ab90fcb555e,1303121506.02877
4962650cfa3decf487ccbd0c,1110095915.654174
a541b35c62878dc2c425235d,1098588133.6411943
2112e589911b979db6e05a6c,1045026256.3344022
c9cfeb97323bd6a0564e1903,973916336.5857995
30e1bd4619483b0e896b5229,588978804.8630879
48aa146a36aba8a0270a8a1d,1280807401.7650406
678a80840673787b3aa64228,770874150.3822122
392abbc83cfacfe87c401e27,570389025.6307235
51744814dd3a7e60c0791041,713421457.1560122
c6faa5d2ac8e74c26fdaad4a,637230495.1137158
1f2c22839c470363ff41551f,865623411.8276113
5438c2127072b47e3af428d8,782078779.4873421
32e182242a654ac03a8f3ea8,454887971.5272467
0a45eb817938241ca988c2e3,1151124386.1480284
e74d815ad652f7046ba33295,845184203.8339651
2887a0d34994d284759db20e,674890843.5856607
621c3051ef29e8da01e6bb2a,935877190.9170723
54de2275006e273686ae5fac,1053659699.663088
b0a0cc38f73c9d90bff6ad92,726768845.2011478
f4df4ad4366bd794594c111f,1179701714.818339
763206de4c26e3825b69f4c6,1063544456.1794741
d5ddcb0a54416bdadb4bf57b,858335886.6573038
bf17eca5afccd9cd6299b9a4,1007394424.5521598
02888257efaae858fdc7938e,679412829.3932356
1f8ecf6c089ce6168b3be52f,1108610411.4733543
fd7a48744bf966e417f34a51,1182205885.26444
655d6eafd78be856479767e2,992835558.2549144
27472c6c6a801eb749b9719d,735394664.4875973
18fd9bee381e7a8c29a44c4b,730202817.6863414
da5d47596a755078a2261328,911005332.0820192
737c83218f0e486ef4feba40,376498716.57083136
2390c275fccc98eb4fa33af0,513717326.0996011
35616923c84423b44d1d1438,994166838.8140953
22fcf0650753e2b5a2fa3786,746564522.1287433
9d8e7178912841c2a1232ad2,577956639.8949772
36c2cae6de0add92f32d29f4,875765495.6962497
699b68daa574a0f169436ccc,601773624.5259141
c3bd0b8277a37832f56be54b,613049717.1406095
6b3411cb8c50c1498572e681,694868436.0779095
fad4ecc419fb64b3f77971ad,771181952.577187
4034cd9a70d18fe0c883a0fa,403934246.0424957
8f9417de118ef8486538955f,1163721549.2997675
33f4f9988387bfc237d114fa,1062252763.5298395
40c9f947e826f89c6ff3f898,268838426.2668793
351701c5d1b821253e2c8c42,475459999.5230613
f6b405af32c398147475dc9b,1004773004.7291343
45750daec6238508791d0d4c,636029312.8541126
eb85bf9ab77f59615960fbe0,1043586231.8703063
0ab6e52af85ebf23432d7698,656533919.6579087
9b13a371ed4724d2e2966447,1036989973.8361251
081bbc273db70f1d2cc84ed2,698822849.4034308
e113c48e4e1b53adaca275f2,716016653.0768687
4bb0666c55d174e0280482a0,788551780.198266
ca516516b33dc09d712b3154,1036989973.8361251
631e6aee6ec1f720f3c78775,526442226.109872
c7746198cb5871bd687c2538,778023611.4069352
58a5dacf2f664512c2b00ea2,829823112.4105315
6d8998442d831addafbc878f,763621380.8935881
7d4ffe0038b3ebc149d8f4cd,716236828.1893852
55ae7bc854658aa5fa49d368,698442308.2538579
042ff73057dce4d92d383cf7,318268518.9949905
807c04729620ec60ef18598d,413158349.05554926
5dead94ad2dd86dd41448994,745487042.6833456
bb90c874275456d5fe0de83d,610743036.1608335
6ea5fbf037ba7e5c74d7ca39,908931578.809334
86dd7931177df94a649a4d62,605287157.1854522
58ac250fa52a1ac7ce39f70f,502859886.2253478
2861f1a224b4c879b845779f,338002623.2139315
8d06af8e439c45e0e125de91,931449847.35685
bb2dedf6198be0f3ce2c4ffb,853462330.9090219
57d8cac189a13c180f08cd2d,538170968.1285517
db575f8a4e10a29fe81b335e,997602459.1715393
e8c79fd41b001fb1da0d4fe1,708279511.0644248
b81679b32ea288e9665dee49,1306440818.8423214
841482deb90d19ecb1ec8a06,828323932.025429
214df9371aa59f68e5740212,710800121.1805784
bc52abbda9027e10b879ed50,611847894.0306609
ce8ce41a36b610be164a25de,1082462805.9315226
a67412a01feb64ca6e772858,1142345658.7056248
d87896f889ddfe1ba210d74d,402375156.6776134
556a39ca66e10ba3545f2234,674891397.1417855
50cb893af4ad0e21a69f05d5,940827531.1593217
3b5a5d6536a9fd24f02e8ba0,337681656.1632487
121cc20fd81d6322f56d5c53,839084150.0680188
b9c893f3c3ac4dce40d0ea19,885165764.2776281
47bf8d322af3c13e8868ed0a,940827531.1593217
a4325969a50a14c948446f9e,1056944218.8716943
4583a6b01449530079415768,1152004384.009221
920e2bd03c9d34e36fc38ad5,1152004384.009221
0a59b506798fb96edd7681c7,788466799.797781
e8d2cdda77c1d885e21c7bbc,1285345325.2960815
8abe99f2b71b13dfe7d71616,1283362204.0633821
c07e98122103d1546d995f9b,1200258915.9336925
29fdab43da21ed0d22c9c71d,452233183.5496414
f2ba7982bed03cac394ef87a,714909683.0091592
eac89e705cfd337a99417320,513609961.12342525
40713332e88c6d3a393c8b2a,566491228.840762
a9aad230d22f7dede73acc8c,1137638675.7718308
3b7fd4008e14e394dd09a0e9,1388186592.1630177
098327587a877bd50df27551,620567718.6819248
0379b6a001e4018c34e944da,736893144.3642156
45f24dd99d362f49c0adb875,377543381.04921645
dce1dd028695bfc5a47aa6a1,525855175.93672335
cfeb702df06baadf29f12eda,420631904.91981494
9ff5828e084070628ef2ad96,659619622.3312303
6920e6d7fff656d66844949a,868108734.7175506
31ed69311bfbbe000f4483d4,792966089.533294
d300473e3d2ced1177c9fbd3,798745944.4489235
2cb64650b876ccbc7337a0e4,347104355.23244977
3ab2ed6d140698cfa41f2e3f,647856040.0784951
9f8697b55cb665ebb054f9fd,500678098.9171288
7e844f8a24422ec3b833b4a8,468349466.7917719
55a615a3b3919798d54e885f,923501763.5397232
fd26da8e62b5d1155962f0c5,550632947.8800913
ee9171c496fa78b1461acf88,1110894899.9064355
d5182c47a954c964445f25d1,844202770.596751
e064b4dd7b4e64a3e0016f0b,1050132007.8244131
36753a5e31b0edb1eecb8bcc,629575552.4479908
c2ee475efec76c46efbf1b08,764388271.4524919
3baeb28cb33d048bcd6e42cf,350742343.8651629
6a6d990b9b1bea0f844d3065,1116166515.7239485
e93dbc804920c0bf7bcf8cb3,679870402.4167843
b9ea1b9fc0e46ba0724cbc0c,594863085.1346323
95e98113e39820523e95adf4,715970435.679286
942ed340950f02adf9749a36,522310747.1565944
8538a41c0e0fdcb3829364e8,626697109.5899704
804289a128775f7d1652cb43,945842305.9885018
3dec1da01706b06f5d6a9266,520455024.757834
fe004acdfad6ac6b00911ef0,702250113.6222119
6c679d5b6a1c1b74bf483478,744552582.2467537
ba54b5ebc5d4f554bc56dec3,563993397.6322823
5b9469c3ff6b197bfe3513cd,808348789.9804137
2ca6ce8266afc6721d179335,1145433182.922266
94160aa4e5c54bb479b1d0db,400549989.3663893
eea6a2137473c3ba6708b576,402287057.1269437
9969f6f4bfb29e3a97c2fccc,630301152.9638755
68006626a3321fb0de032307,516180434.3608202
2149d04442f73cfc78f93bab,919496375.7944748
01cac7d033166094ab9f87b0,898250109.815966
15515ecdd35e9f175842a738,934649388.6328508
86f1d6fc54152004e69027a0,1150458563.665865
0bcf7987c4b0ba485c44caf9,677768345.9055271
107fffd601a2bb7a3e4a69e8,1102053773.5498605
5a44636153b1d4a74d58513a,610449538.4780507
5ae08e5999ca2ba0a1e2d8a7,952133815.2868221
369e9e64898ea16b7ffefb7c,767650989.0940369
192b505186d0bcadb46b7032,733658949.3600044
6dde6686bfdff12620f198d3,719359925.3393743
503a04e079773a04f2abe075,1036957408.38433
42b5ebbca90572b9cea79177,633307127.9848881
0b6f2534f862a7ef551a116c,1044022102.6166835
05e06a93e9f01dd3984a85ab,618073405.5181882
c6706db3eb4f0bbb0510578a,994642280.1826643
2babb357d1d828c49bb89be0,938756223.2343569
3951171501fc51e2d830cc82,1160760479.5635252
fb72b8e0457c0199e158e599,1206300673.068911
df865201353bc7b915b56ac6,510285722.8264896
8d1b3071f5396359c0b6cc62,893195133.1986458
c451b61851c8ae1e6222109e,904440328.2619553
e1c33552eeab60683f2f89d5,1379241092.059815
1d8d51cfdf78f1361710708c,942107816.9758658
bdc8e1a1e06d387f9c7b026b,942107816.9758658
2b36d797d32013a126e15709,820331206.6163421
13b3a55d79b79ea89a73d21a,819069849.3302478
e57ad52764215c3d54740ac5,820331206.6163421
19e11b2d60326895b5e6ba01,820331206.6163421
f6e1752b9f4a0a3c8573910a,815734861.4943919
062efee92601be294d7346a1,816511666.8092124
e2c3acee51cdd03b1f211278,905093276.2635174
9390ae5c166e1a976e53e16b,522562160.4803458
db3aeb3a96304f3c255e8a22,531220026.5641322
d353be29e7ed2c35b920f7c3,787308509.278863
893c1b081e383de73b9f2e16,1045409975.1210337
8302e2afc48d6eda16784da6,1057649414.9618328
f1e9676bc91a76740f4e9b0e,1002665652.0316179
ce86066ad78dea43089d25c1,1089434458.6605337
c89ac55660cee4608bff27d5,580287511.6555037
b183776d007d85bef0f6671a,1095237565.239768
e8872302ba40e4ea413689da,568056634.6214187
0afc6cbb60f34f1cf00fdfb0,1058883382.9986818
a811af7cf12afb1dd9b8eb86,914457271.8744576
7947f71467036449efb99972,1156005766.9396715
2ead9549bab6f1386b7a2c77,714447377.7198853
b54e8d557263624947f979cf,1081080233.1359155
fabd2201750747891eb6af77,1117031818.9017842
7c3f7b513bb20c918a51dec6,722833347.431951
0dcc222d83e1bf05f2c2c090,1008768796.1228449
3ee3ee47bfa21462a1fd455d,698829689.9638983
1dc3b6ea53413ece15bea33b,1015437577.6627889
f44362b932a8b70ad4b99a29,879931670.1183815
5372f93d988c3c917629f9f3,614953050.8018626
5c25ccfc7ae77f1d85981a79,716075250.0648007
4df222356df121a41adadda7,489942527.8479494
bf38bb7a2a7ea663cc8f3d57,614953050.8018626
ad0025f5b240d00936c82f9b,627939383.0883749
2afa66b726ed0b1492b9e01b,870068521.7469137
a528312b77b7f84741c2bf29,702128884.4954497
1cbeccacfa11843a256b2e2e,849725580.0027634
d11eadc78d95c96f50b41a10,1087601851.5555634
c918e02b3e6d80125a2db1cc,769360360.6604142
b2af005e93b0242e0f62f298,644724717.1801234
ed9703ed896c6118a3458e78,493287394.03289205
8ed11c1d4e7aa1ccf0ea0508,484582921.8439181
9717b066e135a82feb422181,862175018.8096397
294985765f4d12e51a68a451,1085252114.5361826
edbeef6a08dd17a941634d49,961680396.1241956
26cc292628ce4aa87cd287d6,832194696.4523702
47f7065118bcd4c3878e50fc,679034188.102723
e369c63f83c44329ddad488d,687048940.1847938
383c0948aac71636973507f4,995282580.5895443
6bd1a412c01387af8810ce57,1203854519.291483
4b92ca1cee4739104e620871,1246116288.8367205
0123237414f757b9c3809f88,1093185719.4859414
6e36550a6ff6fdb2711a88c1,1181847310.5568907
1b5de74aea685b506a952f4e,241888309.46220618
d85fafb4d5ec056e6db9a79b,593978612.9693143
cd097f6cd92275ec8ace1f20,748215573.4622911
ced1f52def08143f0b2b6849,1062007844.5848645
89a03e25c43a555b47c53864,809995773.3052137
f8d64df401009704c152bcb6,526318190.3136996
2a5aedaaad2d908122f28f22,773064484.8292452
edd0b57b90629fb00d036e34,724242558.8027656
f8731413b0d976c03b7e05ca,1248802473.3807068
01abe3cfc94be46c1153c82d,1021527984.0921352
aa7f5d0d2fd5474cc67cc70e,750983192.5803919
4912c91afa6e4aff6ffdc6a8,957259708.330173
9d805330fb0df9ae73003ceb,739289896.586777
7daa9115f755a6c70411b9cc,965102617.2419419
f5896513d1cb044108d23785,1352818962.5844893
3ff2a2fd905d81f0422c54b2,663062539.5941648
02ed31afcba033953c79d95d,962865964.7383344
c2164829374d5e880c1a1f31,1096157845.7939987
3f6eba5c365508ac192f2b82,515500912.78893757
3289958459cd87f24089cd14,469213118.8908771
ecc3362a649cf08afef96fc0,536290732.5132315
264e00a64cecb861d2c05b1d,1085566834.7067122
d5b5bbf927f763a43190fabd,1006641738.103328
2691d7125e9046e597437f2b,729185434.1489124
7cf183ed411cf82df26640e9,669546208.4880468
f81107599bc083fec4a13ca3,643723558.040641
3c2a535f1df831771b859a86,667382190.059152
9e871ee8a61b183aa9051b72,1051131320.631738
e066ee04cd3a597dac8ced59,366811874.5446593
2f4ed160fe2a21722e6299f8,594197291.302574
e0ae53aa3cc9e9ba7ce65f74,663170435.1116812
78d727d0e61a7c8b1cf6fb1a,650235448.5584782
b42f936db049a74c7d24b0ef,1251439656.8230965
62e9330888566f1f826e1ee7,740084167.7510195
3fcc5ff04edf753621d6cbb6,1150182811.0312223
d4ae25b207949fbf0df3b404,522430104.763247
14bc234ffb3ff7f974afc8e7,600331549.5247443
64fbc9cac3f15c0f1a16f4d7,642437647.9117522
5fa1c8237da8fc7683bc10e0,821439596.9433783
7bf4beee26ba81ad0b884f9f,543638300.7352439
72a47f70aa99d42320e54787,522009428.4263622
07641db461323a5cfcda4f98,523666988.0572106
3af2a1ec9efa6884a8254d28,998946261.5708504
3adca5eeda4939a5ea11444b,936649343.881495
37d39cb7d3849a784497ed0d,924165749.7661266
b9baaab70cb83475ac3bbab4,856536379.3478397
74e178e2398895d2288e6fcb,606982343.0939387
ec15e2a131d9724b012d68ea,708968527.5654618
ee042a4b4a0bf9a1dcdf1eab,728208434.7091644
35381d7a5b25317d7588ce77,790696777.6902742
18ac3368b1f6d8f7171b07b3,998568656.5874825
3dbb09358256bae5199e1318,880696588.9107218
4662aa1c44351dfe271e3a9d,1035661012.0109575
034a30994bb2e0e446e35957,856239956.778239
4cdbcefc434b48ba3d51a498,1196445474.2415934
3d3317303679a6a5a381d0ea,1197313361.9306045
68f4e3d4355bb71db0f35a65,847554118.615998
b3c77f4a398b61d9c204f8a1,1007439086.919479
3865974fbc1b412f24c47eaf,850432757.3631886
84ab3ece52fe00ee50f057aa,1210661793.976213
dcdb8d97ae65daf55570c88c,884322739.5866293
7ea01fd99b389d08ca50c0a6,741547951.0225946
51df325f026f4cc5ed2e9a65,1378672440.944218
1f11cd977996d909ffacadef,1282221609.9158385
5ae03c0e33dc7d3e0e0d54a5,678529663.4408653
da88bf5bc2a7310ff382be4c,991386126.0488069
035de58d60807ee2c272ce82,1307706609.277626
0cf82b1128ebb8d1087b640d,1064989870.982281
bd8b005383020611b8922147,405595323.8484014
f5c79a564600bcad99c74f03,439582848.2673387
b11672f22fafd555f940a8dc,560754957.6592997
2bc88a5c4bea2bd00fd8f13c,788718890.5489392
b2b99019a929584b4904b98d,1160634021.8956509
678d0e011f710cefa49f6465,521059616.9746209
f7de22825945329521642f49,640850354.1625516
79b5a037bea858706838a62d,826762934.9659334
9f339d547d83b4ef956a3690,998981610.3216999
127e197a2f70e7ddb5dc92aa,487967570.9871531
65b8c48546af394a924decbc,539652858.5032814
cdc0c282ee62c51e3a20459a,771749674.4091464
ec824ecd0319e05d1ca6a9c7,677544195.2631414
95f27bf0d25bbcd0d1eb9cdb,715107115.9824932
ac0ee54bdc08632efc0d771d,664049047.6292759
904ad71e7d108930d69a7332,939330031.4427323
7f4e6f790de012946197e0df,744745523.6234365
473cb30713e88ecf782651fd,391374109.94322443
59a309a6af425b2028a2ad69,780619699.010833
8a1b0f59f86e33a7aa7c2c23,1142984446.6646461
1e884932e57cfcab75ebbacd,1159453510.533248
8e273f1dde4801825fb19742,814127184.1863034
1f9c0f9c3c6460a323171d72,1205243130.6880507
5dba98aa20e371c3947c19b9,1129314097.6400657
51516e102f8d43a07037ed29,994833881.7031763
6eabd14e55ff090e8a93c727,690923776.7029867
e224f9ffc7bd70369a5e8b68,1267764156.9021707
35cb50346289f0590dd24d83,1016322963.5926645
2aecb598de8c74d9d5108d8c,1006277016.0347179
69c7e97037c747b93c33251b,1169048638.9712493
b9b95c89c988f68429822e81,619228292.4890026
fa2c5c19c86087f207c379ab,732650816.5528764
9bcd34e7a974c977f65925f3,1417644262.5750203
3611c89dc71078cd0aefd2cd,828223377.6264832
9ab273eca8cd5dd4b6339ca4,567126856.9973406
4347966ceb1770f758cb6e37,849215448.768542
2a68f627f4dc8060484cdb18,1126391684.487804
55ff644abd72eaff17d533f0,1279724696.8579683
db563e5a1cd9eb1be832bf5f,1361146235.7312717
a0e9310061ff0084d63dd242,1110590957.1210637
7ff62b2f8a28d60f6c4237c6,1230630095.8453
c42c59e8a08e8657ab4201f1,459444857.5094366
de28370454624724128a0688,678128637.8911616
514aefd8a44ca048a8088c51,829980663.1583828
3d3a318662cbe218db0878e7,774379295.2493448
2714bcd5c0c503c3bee0e0b2,740124658.9414415
5461aeb15c7f826f0ce157e8,577145507.5517411
db352cbc2aa3066ea9b34184,772485470.2610949
22b066e6dbd0f2562a0554f1,934468376.948146
daf8d6d3f4ba21513341eb3e,1180951162.995232
523605d1fbb75b0c5acec5f7,948302129.9046276
c59c2a19b93ca666b7c389d4,749365998.8703678
61e57e5539c40e5ffeb77997,948302129.9046276
c1fc25faadb151c73ff254ec,642151230.2947658
63e73f1b8b385d89de1329c2,475128303.0396276
80ded3bf4f2973a5ceb1ffb7,516297051.0005504
e1f5f0e96e5865370423c142,745488605.0160501
3bc1d407f7e7c8e67f7dd27c,842399166.5814673
d87c489d3572187e3280965b,1336011190.5528975
110d49e1d79a3534e146b300,791264478.9631032
7baf3723bac87b0b393ba52c,844738954.5909604
8e9e35321545774dc1f85776,789635812.510515
e0d6155cb3cdac98f81d44e8,642174192.7686907
bcf775187c0f5ae1cc0e8ca6,616876060.3604169
a792122a1b292f482caf25d1,486513089.13507855
09fe153b0027697e58bd08b5,246286718.76151943
a7283f1587ffd80f4723475f,306771272.5905214
67a10f161cf7215302b6ca1b,319922945.50938696
f403b20cb52d4ad3f9469ee7,945742002.1143719
643e13f00dfe7787a19b1254,660312586.6933739
0eb7c68fb7ea1e58f3e76345,1035866778.345974
cabf47337c2cd619f12fe69f,990739078.7679372
55c5eeb4861e8cd71731274d,980456502.5153768
363c96b85cf07dacbb10b92e,778600046.478063
49b59d19432dbeb8921e57b8,1138397875.4242678
818ee3b0c3862d4aae6e7776,349180111.8929238
b15c662c56b19d3843737dd4,600811324.5279983
03243195c467c67e67a7823e,555931105.6184874
5db50c50b523f3d454e94dc9,1003575067.1754858
0798af235e9926b1e7e4642d,631388568.0424021
83852e78afcc4127481adccc,617714315.7208637
7fe25ebd70b89f4602bee6a2,1008576034.5008996
175590951b6f8c6b8b4af9ff,452058120.1773398
d4dd48521efc020762ea141e,493882378.129027
a681d6e9ccc7bc60eeaf7e3c,1106664868.850181
e137b5003b8c8f18892ee9d3,808936242.3386996
90dfa0d7be06e7a1dc15770e,651960203.8282728
7fb856eba0ae98a40eac3efd,999634228.7514248
9f52855eab4ca5161f1fb492,850489827.1947799
494580f4974c33d7ce0cdb28,1116929277.0427089
d972dc3dfccf2a48a6384e54,1183793832.640717
7cc8772ebde8902f55e14b44,642850574.4641176
deda3ad684384ed67711ae71,586588862.4959166
b288c52e4d0fab9f579122a0,768516439.7358702
0bc16b384acd3f8263e386de,838646259.2319652
b40d1d2b7c1db9cc57c65fce,930572693.8679429
c2580329ee6d7a03925725aa,977213522.0603215
7e73516d57a251061b3916e0,932424254.9916523
7749f3bcfa8339444b0a8b7e,542764186.0947481
557e40fdc93c1824b0bed769,542764186.0947481
edbb5db63dbd0452c51047a0,688327532.0921183
383af3a5794a0ec3efe78b2f,660769775.4271942
90ae7af091c23957b88de5e9,954162980.8737688
b1d9704dd39c6cef28ae3d17,659541476.6548326
44916ca9b874075f55949f87,908463028.1398402
0515734883eea12cdacb7aab,589622069.5304165
faf9f8aa50d936c1465e880c,1129590715.295586
f37c9693e058492ec3715de9,804897718.7818562
562c7846b05072561d96698d,776992877.8072239
4a629aaf60a113402834c042,1142551528.3691397
ccc4e48073c3da10a2e2d08a,966943003.7189829
8532c64eaed74b64b4d4707c,703909780.2620769
528a96aa31409c32bc9f1f63,923858329.2033377
36fd9fc1f1d9b2e10c1c6463,524420592.1096432
91561030d87ff5bc0a497f1d,890042980.0927696
eb09010915ee68091d6675d4,634348090.1509998
56c41a58ed5b9864b68fc910,542259329.0698038
bf6005f6f71da582a6fab8c7,685271487.551029
86ee80cbe81724e6919bdb73,566724449.9675784
0caa7856aca178f826fe90c4,987239619.414099
9e41f25cf2e77f3fbe903368,1126930015.8406093
019f4a25794ef01294845b51,702999378.5819356
d6fc6059bba177ab56d85ec6,1105069283.8747878
436089e2bf605d00849691e8,785703675.6148368
02a9c37b3d92a6da473c6fbc,588249440.3166491
bde81ef5ff9edabfc7e30d10,878316864.2501335
379fcab709c66fa146d3491f,1033417063.6740656
28ac1562ebb5050f1492f576,791572529.5022808
e68f5a98070efada9b5538ee,561693731.9956268
80aef024b0ecebb01913504d,509801076.5371221
f45161bb79292e974dc88b5c,385773287.77943766
6de3c3d53d6aee18ccdee958,597820113.7387729
5f2f7596a284915ebdb81a35,361935763.58211917
291fc50c4ffe7935b01e5d9c,496819816.7985724
42ac33321bb1920fe2a78036,616781949.3398943
c8e00b4dcfa2d05d6a7fde26,1057070008.506706
5c0e328a04f881674ae1046e,1017177922.8621716
c28cb417dd28fe4d4d41d114,668547332.557916
8e160f094a0425aca23f04ac,1119699942.973259
a8944be7383b5689b5039c87,1168120485.4162428
cb7ed5960f325114bd3489c3,1058257805.8811212
275d73c7dc0fda7cbecfea89,994084229.0600836
85c24df2d836cc8addd9b7b0,699890953.775912
0fa87864632b7bbbd161f879,587183994.001029
c7f422224808e043753683f8,1333810000.7416558
c51d1eff1b6d29b4164df520,1327287693.0274968
b50e8c13de383e64711193f5,492296871.2471863
1308dad458274c698b2fec72,492296871.2471863
6a1024c5da689de67bdfa274,727849485.1651862
6e426f60d25aa8a4c6f8c9e9,540493823.6796955
b80f3a46440daae51308d459,855896695.0156418
f59ed9b8ef1726f1a55a4dc3,486304671.12813467
368eddd8b6d39bcc7124a41e,620567718.6819248
391cfff759030283411dfe1a,477965546.05756736
4f140229175de685a0999773,447741287.1063521
cd365053914fcde97b7ee9a8,944908464.1532207
16a05fee8dfbe78d26664c3a,675182183.3439705
c462f0736fdefd319cee232e,1065934595.3885462
b419d977b283e33c0b3da86b,1052714197.9467509
6eb27e2a66d08a8a60567272,1204123112.64115
7486ef139d41d91423317e0e,706723587.4349002
e663064dd77e3c63ab9222af,1140041913.5909376
9a6849637f1b8332ab289e27,1388186592.1630177
498de85ba30cb01e9c686081,833996489.1323079
3507f260c3c6e195fc444533,721236777.0753719
e538d52c9b2dc994491be3db,387130630.28737795
f016ba59a64f287099fc4af4,613004311.7771143
380ae516dd46442f97acfe14,1104127053.2848158
c97e4d7e08db3171290e939c,811345798.5918047
f7847aaf1491103fd931aa5b,994316103.4486785
08f6bf438980d55b35ce7537,994316103.4486785
a6a06973b5a4c990d5873b7c,802193194.231754
6e26918c69487a735a639c1c,1110646751.6226647
cfbc690c55e5c2bd8dd9d89d,812636231.4624852
56fe5c13f11813b82dfb04f8,937325284.2276353
296f0158b5cc1541cfc8419e,786191522.51592
6ed2970ed02a3e50ac984aa1,804161214.2776531
4c9f3af11fa91e729384580c,712340387.6570326
2ce779caef0637db97954912,681004278.5549299
d743892816160218a63dcd35,771672079.7369255
758efd6f99db309c67cefb12,537861744.1942445
a4146ec09d782b08e8198e11,913136558.367368
f415c2bc1bc0fdca091285cf,1280799614.983389
39ef4fb2a43fa3bba15a0b16,839005131.8627434
874ee4f1b9c6dfd3d2358834,1177678395.3048182
e9d514f90ebff0de1936d09c,777224496.3137922
9f15c77d67021f349714806c,459690112.1506356
a600ed86cff36e636d204f39,708076497.6192603
58f55e9bf743e2e3ad43c274,652197189.4880193
af1aeb2ba89d29973f73511c,733480263.5121467
bee721e93b8d8e7cb37dc992,749791720.7742221
bd52dc8dc5398e5ca2952473,454005909.53144705
b71095bf5e80bcefafb12d52,818503993.8834305
a7f48fbdf807da68594e9ae0,628439667.3719203
50de04936770f874e1eb86c2,603307316.7167095
2ea47ef8f02712c32613fbd1,696753873.7549977
27eaac0ebf8a5ee99d143218,1020599726.8282629
ee594b6bb0751dab39055b3e,567292414.6126981
eba0410242fa1e8dea90b194,1060208127.0890214
a619d30d6f2e2aa3b9613c04,385247854.12273055
df58a4244134d3493f3c9f30,693036084.6355122
32dd96f4f07f67806146ec46,817832381.318126
a77ef77ffa731e8980d36b27,766444083.0542347
a2a1665a693852185673f6c1,1083276270.4470816
8267eeb41ed1e68144301a3f,793373182.9763403
887ba6b287a8b3ccdd5691b5,1038711021.8781412
1fc94e9dec93d52e0062e07e,1029909064.8691205
ffd3d51ecc85abff64258e1c,715111238.1843201
3eb79541c2ce9413d2c54736,686161431.2271981
fcefb2186b13c8bc39b17915,994746526.8551588
d4a43654382201db5d318dca,1217622510.1288278
15fbd295328ad698d3c76aec,1124472739.7024002
7f5e87fbb4952caa0cb658e2,781839277.799803
9d348aa70957592dbc56ef32,851822536.2524285
2ac1105447a71f68a50105d1,1001898067.2367387
d8ba9eb448ce35ed404e68e3,1152668229.1100667
21d42e80f6f818eed990bfc7,906150423.3584294
81c890b0d7cf787a091d4081,854185062.6184044
518858c561af5c13c8aef9f9,917924347.4926869
01cda25ee8545b9fe19717ed,1136875672.8120363
2c34c1e1655e87ada03f411a,1164566163.9972663
48f9e9a87e7fc0a678460e05,953135825.9017439
76ae7be5da1785c37736fdb8,1302643447.536408
3918fa99179953461fe07f2a,1104166174.4158378
305080502cba05a1c165560b,793848720.457751
5c3aaf3f75d6d3ae9b55cee6,821767922.0171835
2ab263b5d1ba72fa562d64e6,759888342.1117293
6d13129db564ad15e69fd534,994746526.8551588
7de7a2a651273df62aa6a21c,1083276270.4470816
59f9cc9b23cdea5bd4cc3ae9,1096035902.4939156
d4436ad417941fde0aed2818,994746526.8551588
80ab8d9f157c25b40f102854,851822536.2524285
06ca01d3ff86406e896b6fa6,1090664813.8589122
88f36882dae9a0487383b769,821767922.0171835
da474e23f34cb63de4ef28a4,851822536.2524285
04f968f1873a655fde8702f6,475786111.01904404
1dc1a51628b8eb1bba214498,754436646.6365876
e7cb4cf600b9d931eb295c71,542787750.0903287
9052c644813d546987a72305,487855657.2819097
1e32a8825a7ea79c28e27a8d,567184890.1874273
82f34c2a6644c4cb0649c44b,901631617.1496797
95815bf7c79e4bff3f41b233,892262379.0745598
f64f642775ed2c9f45aff215,984781116.1663973
4cac81eebdeb45eb0e8aa5fe,997141687.6699243
c6da2874d2dfbb2ebab542bf,1122387808.548549
e7c08555cb8f5c7d0f32fdda,541999833.7755098
10b7c99bee9a4a21e1f32d50,768476650.8419043
f21625fb82740d6f4cf1c325,387695041.71133524
1c3236613cf95c84c5791bdb,606185562.3569822
b11c3a4642f7eee2e443eb32,1134610723.5086462
cd08976dc2d69110375f8541,809559164.1209797
a44c7ace8ab50de7ed8e5a66,435586339.4494782
fa8f13da6d8be3bc1f05fcee,489901352.96128106
77bd7837b02bd8f2c290c9f8,308538894.7035768
11a79681fb0a3f6eedf11d1f,944883064.6899519
70c3b086af66b0c9db4b0b96,944883064.6899519
64ea18085495f759116f62c9,795294272.0308778
ebf4bda17341de806444ba83,797654270.4569747
54228579fd8812c3ea160341,1107567938.761193
dae0265a0f2f79d3dc010ac8,1136286169.3139734
7340afa659775cc18d83aa4a,984181166.0401888
5ba05f67a77cebe5cda31e74,1025965502.1188933
33dfb510aae260ccefa4d349,1175060378.4059665
82af190e32398942775056d5,1136286169.3139734
a9b9263f6aafe8531f3dadca,833792590.6942661
9a38e7293e9ad7d8462eeaf7,1313903382.284363
5852773a80f7f1b929c7dabc,1390937869.3804593
52fbef3effd854b0ad0f62b1,1326421114.7074835
0016e35cfd881ee2e37b49b3,923700233.8870167
380759598c614cbe10ae4bfc,859700993.4747926
fb63e870ceb7ff355299f3da,971990839.6207514
285b8cb5e9c887794ed2fd1b,939087160.0414343
f003a46a1c8e04da0052d72f,594855505.9767985
a731b326a61043070c3c853b,640816341.622408
d2644b46136fd95c0fc2353d,950981755.9900221
8248697f70c21fa361840755,1238957140.8346791
075b5c16441d9d67cf638386,562657963.3888776
6bb2ac0cf2369cd8fd85bc12,1002070142.2670534
2c0b3d69fca6677ba9e95327,995274674.696135
c73ffac843c155f24985e6f6,805446865.638159
78b57a58368ab056c11bb0dc,1077115131.488349
90b25b6b913c1bf0396c149a,591835457.4207752
fa29c89363ac9cb59667a43d,1077115131.488349
eba756e88209c420d288c4be,718548863.8262984
e7081fb59ffa298320321633,1017639628.6137964
db1c3ece26da7b342eb7c8a5,1077115131.488349
f9ef8fcf24d28ce11e71d758,762533534.9325618
2f854c9df6212c39091bcf28,736671084.3216518
ccc66d77e5f68779b1c016db,856935602.2455885
47d288f8f9227013424d6976,425717177.0418234
3e891afdcb568befebd66fe4,675439254.548204
2d1f036c96e92d9c557605cb,638541621.2531718
dd9d63c612aaddbd86676c34,635512412.3962345
13cf784fb3553f75acf25a4b,638541621.2531718
57dd353ac00d0e99abdb3733,1392538815.7882354
ed0051ae106fd0df60a14586,861051159.8986664
0997324f14c5823413463546,1315410240.284311
e2cdca1756b1635dd1ac2b2c,790855946.2578226
7700df9486a1684157527739,1000574360.8040118
e790b21630ab963a65c53df0,623574936.3543359
2bbbd9878a1e7c55bdacb330,636695015.5545415
decb25b7fdc0eb259831cc71,799528175.8573585
fdbc74fb5882051327b3caf8,728643415.47921
39dee9b1661292cdda6c4823,867467668.1234839
354e2de1e3a81a63e7fae4bf,1060330743.925292
f80b9e8c51cd71c5be281652,390008879.7664647
a96b19e82d9811d5de1ed0e6,305672048.0461052
5e5ca2753a908aa1b7fe80a2,915641026.7102509
495b6e61d1b887f8b4c1bcbf,529093940.0240843
ad8ac9edabcf2d4b06ba9fc1,761636609.1100653
359f6a66a407e30b40979d2c,1067525860.8904836
ad351bb6437583ec871b1739,737831990.0963846
262b1c8ce7db2b4aca2400a1,918654620.5468268
6808b10f5876ca36f569a4b8,1242943218.7493863
54c74b36962edcc922573792,598211861.3566418
e7fc4e6b1fdb38ffe68fb680,817133938.988306
1c9325df5599379a73e18053,909148070.2145455
8c9bf9031bd378c1105e3f3e,1021408806.428484
be70989d473cd731f6d8e580,706856283.3734877
46136f5f078dd31170c58e64,852903057.3197346
7055f85f7749c4646577a51a,477587145.15463483
861aa922b483f9bf7884dac5,462902205.2782141
45f18e0bb676d2495a227dfb,457953145.2801511
9cca7c1e9ff65766c8dd2e29,400127637.0841343
b2b7020e66872c8d83468cec,535600694.7978355
7634d7acd4197594271c84d5,771509090.1736356
11ffdf367d817b582d590db7,632075167.7760674
103687e73b0528ec29725f1e,537056824.8777529
8b5369b126b75c497b1a7b73,653670350.3799701
b33c9b03cc12a253e4936cc3,677326710.1949427
ab177c5d60492f2ff087708a,508457443.03606427
05bbd028f30492fc0a9f35d0,653670350.3799701
2b9fd26383758104d567d474,653670350.3799701
4addcabbe23020d3d0d46ac6,653670350.3799701
d93ba0c32244c455e0f7baf4,653670350.3799701
92b772a38d5e38bb51a3f621,1084395996.316391
135ca1dc80ae4d9993ec46f5,669211244.860479
ed5192bd8038c77ed2e46f0c,674213040.9252892
3a878d44356885ea61bd882b,653670350.3799701
c29c69bc6758d5976024e455,654658423.7877983
dc486a3d7e9e2e608ab2a7b0,653670350.3799701
1a34acf8e509659534a56b63,978190127.6636131
5716ed7d678cc2575397174d,359208353.4291814
444c68a7a6cd0b794768d5af,738665773.7184414
8a724286cf661794084aa87a,1070178304.489429
ff9c4796bc3ef18ae7bb724e,999634228.7514248
35984f749eeb84eaf938bb08,1008459697.5653366
0998999f12dfdd50c597c6c1,927415978.2661877
58bc65fd2e0e4430fb353d83,673924391.8955762
fe483817d899e0044abc3787,721993637.3414425
183a8459fa248605b8b5bc1c,748041537.4923987
a1f0d61cef676fbf798b5473,768350168.826351
d7d3cd587d291f389ba2e8d1,652440687.7710701
ff8e7294270343a00978dbc2,712871785.2105042
0996cb112fc3919564e87c37,690194736.3126287
f183e3651c485e0001e64880,832094081.4213548
e28474959994ea9c0c2eeac6,1098813030.0995262
682c0a5f5f3130a61b5214d8,1072130173.9665096
245663c600727f7c214063c9,685205855.8436481
dea79d1b25bb9c78d331e3e6,564957164.1084317
ba212b5f12959e34b4887315,701715040.1708279
dd4eb14b56cb00130955d021,1090291961.4042892
4c94103d4366bcaaee4b550f,846994132.9205142
7bd9cefba3f5dab498ef926c,1405170477.1755233
1d7a2572b466070f08c6e564,714231767.5844797
a38e7af984a471331b2d758c,1089235794.612177
b6775aefafa4dcc161eaf6d5,1047169635.5747424
8654295684292e74d0245238,596010516.3666656
f0ae62ce6eebc4d07415c48d,1108952075.5139022
969219d7b193ac92e7a008ec,969981287.0558023
651d6af0968fc05584cb3d25,698932855.0606121
4f992c2a0526c0074bbcd875,464483608.3757746
9536c686b6ec514d92493f9b,691199290.1941166
5384587ecbf956275d86e60a,324025036.8897463
bab5690da7c42909464cb9a2,957677508.2653437
bc91072d808fe7b43e972f42,316627386.3735254
37cf2c5c1c6fb6e601d2f76e,368203356.54719603
4cdaece5d1dd4e089a99f47b,546030873.9876698
b37af80bba5adc197cb51649,478692223.5488386
552152b60bdc1ca16d2dbb71,618462586.5748997
32354bff9df0267a5e139156,697600832.3746605
fe4a6d7d7ed28b85c5816fa2,1315780329.766513
afbc7773755043a40a7f9d6f,797282131.1323206
daf2efda70c6f3cd9257d0dc,570967792.7310412
66fa7c9e82a2876216b14b1e,704010981.2883197
e34517b1563d829104e230b4,398083410.4365485
222a35842b0bc09f48e1d0cf,767591609.7356088
c5a64fe5ed5901734d98a22b,620117311.3930244
05db9fc492801eac98f69c7e,517167414.3095659
6e4ce81e713a571601d861a2,820660230.2112184
79fe5105ed7a7861d3c0187c,303311585.39052844
70ea911907d320da1f7f9c41,600169855.0823535
e60024d6e0b5aa52e27a3b5a,645780446.5502872
bb63f086543cde77832bd4ed,645780446.5502872
b3c2187fa96006fecc6b8ba0,428984637.6532263
9499edd83df77bd6a90560c8,428984637.6532263
a947158782fe2832cea53040,1013524591.9198958
2e1608b8c646a102e27df16b,859171698.1426711
77fbf1f0c35c1025ea4803e3,945632283.4633954
f9e6a759b069e04b0cbf0182,1020593956.5091696
1e158f436f2a4caedd1563a2,1003575067.1754858
67af004f80b08fae38f472eb,589569958.3371661
386ee01c3f7bd8bdb91181ad,1160723440.0610728
36ffb5566bc35fbce9e42679,449886668.3342154
b58533a6850620b0960db713,603580736.6462837
41353584f956b9e316c6c67d,696609371.3241923
b1d1bc7ea83d5c584988b95c,578018249.9925473
6b1c0866e6f12f7fa8de94b2,967643396.5645702
fa4fd8380dd2620c672facc5,963407930.0962355
44394e66504a4d77587ee105,761661047.5824186
d841d6a82425710e36460f64,778179246.5211871
33501f96ba3b02da073d586d,495169390.7529987
831693b6fb81df1359e45db7,579794068.900537
7192b9d32e4ad55f6af9e241,669984767.3230418
4f99b97100d003ba3a2ecd46,667198099.7874992
83d969bfc020aea27d2b829b,737188918.4048669
39be6f994f2cd3d68b51126c,698413396.5397439
712f16cf2506710d7f2a2e8d,662335632.1124346
7ba618fdb1fe8694eaecb64f,853462330.9090219
d8735967c942d1a7b0cff7c6,776116856.0118175
b4ef40e00d089a35d750888a,1106664868.850181
7d73a548c2a29ef2d9655e1d,505369146.670941
63131b8d125073c7dfec72f2,1015984823.3285229
a65655a4f42564ac48bdffa4,977111894.7665071
033d3f8ff56907db4c453700,808936242.3386996
05e8878bcb68d03e3b656eb3,1045644064.7215984
2ff0775d2c131d19804f2a2e,890688867.4973179
9957ccd807718945178bb847,898508179.6159058
7bcfd82ced5d6f1ae390d388,538170968.1285517
adcc03f332b427be46f118a5,831410126.891841
b5dd038cf35169bfd0e62eb7,1042021193.0594275
35b789e1d63f8f25980d21a1,909979191.2216343
c9a215f284e095850c809425,733318513.6876224
d26efb0e1213e19c378edfbd,960680709.1558743
9990217fa4eae1d1c4ed051a,1196657550.9854946
2e9390c4423db604e1c7c4ec,688051573.8544158
6faf9b6c30b176e36f2f1d32,785685494.025829
5b83d91f4d6364d3e4be1428,715607623.0535197
0d9616f0ac8b0c2e9e0a97a3,572152245.600332
9c9fd309cfb505b628f84fab,1199524082.5329628
98b77fc0888335702d082f8b,764131596.567641
051d68945b95562009d4029c,764131596.567641
eb8021804e63016fd934c9b2,729725038.788927
ed6c8c45bc8c1d160cf0d0eb,850155908.5248964
9fc8c3523883947769b2fe6c,1205988657.2137842
3e9cdf767389ee551b5349a3,617714315.7208637
512effa47a1c7a5420bdcd6e,291307508.9037424
0768e70fbda0e09b88c1548a,512953112.8005487
acfa7a1cb136e4474b7efe32,752295451.7095553
a343e6ec6eadb287711d3834,904361459.3290002
a698d80ede6cf6243fd9ed99,1204352973.1761584
fa5c81237a94f2f78f05977d,819947963.5543802
999c8da7dbed7412dcbafb70,1019954256.075702
c33613eff66948d1bb8ea3bc,743360547.9838616
a642351076b7706a733dc52f,753748976.1004956
c69e08214cb1fbc09ced0971,454943575.05754983
48a20e676a060954308c9ecf,557719363.1214176
304ce5835e685778b1c2b6a1,868088314.9825794
c859144477dcaacbc1654a8c,755718102.1611154
98865eb2f40b8a30893cd351,842573618.8546761
68dd15c8e9b71171348ea24b,1433318894.9014182
3c660885ddd7e98ba5ea26a1,1368503704.2596707
c670315562766401f92913d0,315111914.2881145
777a8d05edda0a335d89e90d,730735832.8982923
81f5c32a2c2d3b32329a645b,553740347.2996703
40525fc425906c9485f1ddfc,500384505.1759463
8b6efcdb553f6e936bd90f3e,912108040.7117765
94dc108f1d146641b221cb81,457297598.12164307
1034ee7a5160fecdb5e8c27c,658290930.1835837
48b34600046c903f0ae4e6d1,1170777595.4487567
edca31377b4f7299f8b45187,1132753709.35623
b1586cdf68f36926c3bf72a2,417206512.2228654
70b15c2a38c404e62ad05171,455996841.94506204
ce18358366157fa869bf3833,851195087.2680087
6883fb90099426e6f3922909,598019683.0056307
1b7151cf29b565b2f1caa559,905009604.6115636
f2ec3a3598c99bb8c38cd680,434993779.4929575
38026eb43ff9876cd5767ac3,507402687.8758808
9f68ff98e302ab06df4fc672,605700520.3908663
2d2ee255ed2144b9fa1fcc39,700516978.7810482
029224b78e8f358aa9c38e94,352846944.5548045
88da5851280dbe750968c565,590713319.3355601
1c67456195075a051513b28c,379089002.28275996
9741ff1b895a038c32205784,984373036.0603324
75fdbee42ec89d428143066c,354930208.06994027
9f27627b9e439fce085cb01c,804212375.2742456
a4a4a57cf20ad739291aafcb,791362883.0835323
84a074517742e09a7eb6f320,658144780.205752
28fd0437736c1b17c7ea1f33,824720954.8619769
beadf1de0732143f0699895d,710116621.6721895
b027f75411dce9c742c5d0f1,817258456.22759
182077fd9c5142d503309490,742876156.6193402
b1df92683a593edc3f2b45ad,605576452.2702628
38cbcd7f88c1520fa083af9a,724905077.2864776
8ab5eda5b66a6c2becffad29,740229594.0331589
e68ceeb098f60054c19fda0e,742497313.0181173
e6ac4d158437142c15bbd4d9,1172745218.0540097
a448d8246781ae78dae61619,700690937.8100107
4e878e99ad2fc34400381c3d,697306048.2049474
beaa09cb49a98e8025fd7e8a,562101154.3516905
3df855d8893dbc62eabd95c6,822584322.8719718
cbfc3ca911ca23517da8c2d0,1078463514.1876183
a020e479dc5db78794a5fa77,1173834507.7300868
6247fb0e5261d4225f6c9f1e,957903735.8814723
93822a34ec8dcf104e7f49c4,733341296.6734519
17d311554f40ae8b40234c31,700642608.9050088
762e044ce9371d7b8c7acb6f,934382953.9086821
2fad468e1c248f40ee3586ad,1130464860.4466739
fc25df25f4151a16cf0c90f8,1003740475.1981456
39c1613acc0ba4fe622c1f31,803578458.2118316
2c15a0733cdb932ba8f2225f,883883138.0616897
1db68ed64501f35c51d74c5c,1104173988.7242126
1d968cecf268a7f14def1af7,1161806633.8158672
77c886207faa6965238b152c,447577643.7314635
86242b25bcb2dd775d25191a,586400440.9833237
a8b457cf82926e25cd862af1,795020067.652427
fec1212eae4e6369d5555d8c,1186971673.8768792
8f59ec48e38092ab01c23e33,1066927764.2781026
490b89e972abd7e64b5ba6c2,763188288.3771906
f8f217756d32f31faa784c2f,753132612.1902003
1c2ec62e8ebba12c6146a04c,911714246.1306891
2afa1699af46ad8124f76e4e,737092842.4179891
8c1695c9a31de0f956e4ccdc,623877101.7696613
d88bba495701ae7a44eecc64,1206566835.8964927
00571815d5a7f208eb3e7737,1295504477.9139552
d626a635ee75c23aee2fb327,1223361965.0528843
7e3937cfe43dc906983fd321,1073255243.3056614
ddd8906ea4a22b782c7888bd,1045597468.8219304
258abe0fc321f6b24d37ad86,477388195.74725366
f637a4885488bbd499199148,1039011326.5009129
97f5e6ee143998e0b3fc97c0,923164874.891154
be4b96920e3aa5c57baa13b3,276022355.64971346
6e7f3a0cb6246f13656fc95c,1206381443.7406182
0cdcd8cd52bd1967dab88a5f,568546683.1111921
83da19e7fbbca11083090574,790709569.1913987
f0cb484eb3f6e04b5b1806ab,727522680.9365282
fbf8b0f1159e89428778c847,583226964.4909133
7c316b981173919b6cae5516,664774670.5040311
d6496a3215daad9089fcd5c6,1325173957.0264196
e104567c1cc70000692f502c,1070347989.7205827
c4476befe0002dcd0c315993,598778963.9707563
3008e821640b33a8d70beec9,660473557.3466723
9eaaf577807d86ab64fb14ae,611537019.2579753
9db120a76af04028d2f0ce68,235331840.3507151
81e1f8b1c0e3b15f2ebfd84a,594171936.8724796
9943a2530009f62cab6b466f,851547163.501158
a8052c48a500926214eb2e1e,352838608.30313945
3335313b9060ff29782906b6,634148692.4279819
cb93bf58a01eb262cb003061,738392700.3497144
0e04f84529d92f2832ef986f,457442494.8307154
807d7f5155bd299afbb6491f,819116695.2246625
76558d67def95bc708039f05,1030903010.3227063
bb19983466b1a1184ee7ea1c,775231253.4921718
34067d9b2b4e45be1e5cfa32,575345940.8365412
1c4fab7d9cf798617fa90a19,888163854.0888841
b4d610e0ecfe007c133a5ea4,631210893.7196878
ffbedc0873b99654d10188a3,327567375.0152868
ac413fd87de33153899a1d04,916746745.3179866
83349bba5fbddbfa2db5078a,1053307002.6400608
0a759932f763df64a463ac18,951152625.3211932
fd9ebf37acdbb0e4bffd2fb3,530738665.6491857
f725f6ebcc3fdeed22bee385,553192116.0812602
ceee9fd6e692196b960443d8,530738665.6491857
bc10eea54e4a1767881a2391,759207470.6828455
4ed5718470ffa3e5b5f40bae,530738665.6491857
debd031585e9527fe00f116d,1159980854.2646437
23b5f2af5d39edd25db6a522,966046656.5297291
f51000446ab65417942e535d,654063393.3048387
e6ed64435c659f236cf213a8,444192833.2138711
b160d30961ddd3dac16184b8,625583266.4818494
0cad79296edb4b18582dd77c,849902837.3148394
7bbf8e16cc32dec423afa6b3,820779754.9919444
acf98212eb702c79f16bb058,730659967.5391034
1747dd033c2c2769974a06af,836563179.5863975
d54e80ee72354c70cb84323a,836563179.5863975
de901d3433ade456e9edcd79,836563179.5863975
3fea10126c0c651f02de7167,836563179.5863975
f823f6d95b4340e8e4dd0d57,836563179.5863975
ff6fa86afbf9da2aa8eb7991,836563179.5863975
a966f298e8d4d3d580a72d99,836563179.5863975
5b0918cab84af6fa6c464037,759267292.0878679
bb1ece5366ebb2ef9d52708d,405826145.1625754
fa926bec03068764c8545d41,886967193.7089291
3bb987adb4ff573ef09b8c12,623309900.0311306
d7fb188814d4c118ccd83989,429820017.68732965
ba511b37b4bda08d191c68da,528169316.75731754
3c2f62f464aa5c48c470bff2,720235149.7586726
3256c6c6f30aea9cc79b7283,992370133.1011506
9844c3773f7a50c71f218e99,1025173773.005395
23229e392dbd8fd9d80637da,978534533.7909242
e0f47a028df2dbe9129cde7d,893185067.7640561
a12f0f00148e564ef78838c5,945302101.245888
d3ace27450b980262ba9bf76,1448640603.7984762
0668a4a4521c783a2d817413,875635224.1240759
768f69f0241fe339b6f52fa2,859496572.0412334
e78ef4d2b165a8e8781c258d,610781182.563004
631ecfa47fe167bfaaa967e5,439077220.84006333
954e3065b1e8b31a68f6d4be,1145826642.1588485
e81c5c1b820636f691e5c5cc,699688572.8851871
b4c779732e827ab2fec8e8eb,1063058980.4794369
b58208759ce1402501f68906,904934068.7194242
59805e5f4080246ac1d92b34,1035183159.5296521
a3fd38336516b98117e328b7,1216727430.7561424
c0bf06891690188e17ceeb8a,631460530.111791
efc8ccaeb09a5e1bb0bfe011,590845973.5724963
8e604d41e0cfe9c93ad536d8,1191692875.484782
f770b66579bf2b55a714c43a,746276189.6530648
4e01f07ee4b1241360de460e,1215267140.9504337
dba1be42bef913f35a95735b,718086167.3183279
d839ca90c5df85e5cab54ea1,699246243.3445265
ffaca67ff9f0d7cbd5bbd295,1285775870.98393
6f17875bd3ecf00566dd5c1b,1072970712.0279018
10d01825744060a7b777ee4e,599792776.410213
185b333862e7420f25622efa,1117336017.0235806
7f7141f5e1a7964ac6dc688e,1203102105.4602675
adae78b82caeb073d84f02ee,1045200570.4187529
4c0f9275581b5572635613a1,570820761.3031952
9d6810aa1035e91b72de6a26,592803492.4748024
069798704327652a899a189d,604037493.9580497
2f34de2546f13e8a9dee1edf,555850766.5772843
8147da5e5f53a163443e8506,683128162.8462276
6834b61ee23cf04daf4fb83e,916895741.6567457
59cbc0e7dc6e6922feffab8f,846806717.4196358
7cfe5c3f5cb1bf095eb2c503,1030199221.2777026
d916219daa90cd2d99edc609,707918402.3926119
e78ad3483c5aa5a7a4310720,633954880.7796664
d048fdc255a5a7f474d48c0a,1036143551.2032151
b76a3fe6a49dcae6e6bf5815,742184321.8919133
75fa60dfb737ad50073848f2,756967857.8264794
83c1d0e2b8826844416abd9b,610144663.989235
8c02948b66db263420c20d3d,1096246138.7689507
33ab442cf58cfaa33eefb6dd,256168833.5121925
d379dc03d78685ad14c647c0,860386073.206784
5e36efb290bb265d81706bd4,632183617.3110163
db534a5f57e92d29b9e150cf,1050131701.4081111
5354a816a7da90e205448832,619109107.7734271
f0862f57dd6be5e7659c65ba,591125319.7507546
7d58eba13f418d890ef563da,736893144.3642156
c2fc3f04c3870e14b89d5fbb,818981410.8784034
15537000b6806ee84d4615bf,1020508528.2918084
e82508e88e3f62fc8e67dc16,891975597.472835
86ee57ce617b2be312a9efd6,870616424.7368556
6bcc29a0afc735bcf3621595,839230659.2586704
d79e2addf7c11180be222103,1284379002.7484002
adeadac88e573824f08efa21,1067220045.7693474
922c37e46fe9e75e73fc1f35,623786494.798358
5d09f2d1cc5fec761ac4372d,1034841576.5428674
8c5aa3c826f325a9a6c6f524,1034841576.5428674
fd0c010fa0c4b84dc75ede86,1058831505.4606814
c23150d0aaaf932579561998,1083447062.1177847
163405cd6248bc3e832dc93a,662026710.5949001
eed12d0c3e65e9989fc4f4bd,657531938.2382623
e6fd53315e92a55c6b67405f,780173942.7415099
7a3ec914a15b47726567af96,683667123.7191867
7f02f056d5eb4aff92b44659,571196607.6538999
2d5d9119602c228b333402a4,357703274.35749245
43fefda5a3b0781578d9f2d3,675636242.2365327
513211d9f07fd6645711ae31,753902501.5910308
c3e1e0d2618556de7df13403,705468815.34362
b4a4d705930d9afe896dff17,475041249.3106065
e44b023e39910ed29f4dde2d,1099112860.886773
4e78d095988a92642a1bd18c,598817503.47892
92507b623f039b4ef5be8870,759764191.7786759
e216fba4bffe753a527ecd4c,686445854.0416905
24a4199c17f9c56f0b3ed12f,726706252.743722
6bbf09c3bbc3e3a000cd2afb,624325851.1685097
b3d45812baa819caa1400255,1019911264.1717434
2688e4cd1fd441d1da455504,942934514.2339938
5dc1fd6ec7ec8c8af71e3b6b,788650670.1603036
f7b7e298ca8fb75e11e92999,665574579.9302877
05b71daf88eff5ae8cf5789d,994171033.9065248
e8a7ddb4e5d43d156692326c,1225703551.6375139
632820af2a0477aea5ccfa1e,775849093.7630463
43a3fbb8218e73b956ca50fe,922331792.4928354
398c195aa41ace34a16b0d7b,1180736984.8457775
ef3887783a12f591198d6c27,923575960.5925035
e6653cc1c94306d4e56ba216,619400947.0196593
166c21ff83e97c6e74169d92,1150471246.595842
d0fccd2708fc7def00c72317,1078135578.22409
d66bd7e4bc7b51d23af57de2,1115916696.2447472
8b47b76193159a21c3580a3f,1154796010.9236715
448d159391c38e4ffcc405b4,800192226.8081548
9ce7fb3190866e6a02e01e26,616146313.2122917
c25f892c01420855f61c3dd9,550976766.610627
2d5ccb12ebb6fc7d4ba462b0,630782085.3131654
9eb4041ed9e159ec0d890de6,516145186.2553532
c342f6492f90ccf623e8e8cf,593805094.2264845
c3a78d9bb10165d9be188394,809167369.5866456
1978d8fc2031af21e98a4e9e,741225547.7137905
d6d581e852a025b61cffd6cc,1051016049.7213634
ea28f68a1d1d81d29b88531d,674587976.212737
a3cc0422a37512ae124013d8,793493333.8543253
073a3ae443f3333f0f526f7e,763862128.7324544
57238dca767ebf3a842c5f10,1177518186.3950698
113887ac25fbff9d30fe8d35,752462400.6538098
fed1a50c562ffd7f30451adf,887455439.140862
b1e9075645f4b374c7301346,707054539.9646088
6517c1efabdea4c1f93078b7,373126421.25715214
b966fa606a3b50d3ac7249f6,1324919279.561192
e0ad3e9588636f454e9e484d,804638596.1319134
d7ad46cde8eca723de6510d7,1042849354.2998936
447f51e37fda773ab748814b,1024143057.0063412
a6b992c9bf4eb32ab3d1df4e,761756348.3332424
3a9c7ec02f3e7e419669fee2,355903455.40579826
c908280d0461c3585af94d53,1035013607.4680424
b3616a055e722e3720cca48c,1019381496.0687697
45a8f6d942533794501d775d,761496616.9145902
b6da1db3aa02debd11e26edc,671048812.2963246
6d12669907d7d80d0b458a93,730795876.9628924
5122b2e9638d3438434fc56b,1289060267.9713826
6367a127b452cfa27043f74f,914996301.5072894
fb3d29813052141c015669c2,975386479.1326271
5fb76f2095eb1a5cacc2524d,575275080.6052874
95632ec6578a204881694dc2,607746321.6738858
846b75324c0f3cbb027387c3,941064844.1952014
940dd8311f2b49d4ec212fde,751593512.984878
bd0261ab68cf56950ccdced9,655921982.4068823
f79f0c23b5cb96b5d022582c,756354669.9530106
795cd68f9a5ef45902712524,945007300.5860476
d908973d90db91f772890c9e,310037136.99486744
d670be6c848b1e92abbf415d,385904646.1936145
87b940bd3dae37b9fdac5d4f,536921935.7986665
8a7ddcd0c452e7993bc5087b,505320925.4364754
8925e22f8511be30d50545cd,1036053156.9825008
1342c307971094041c9c240b,795257940.380234
385488342bff3d3587250c84,1086176705.2329495
f8e25b7d7e93c45df1b3a4c5,1328442279.3314285
fa4f331f05b1488990a69ec8,1313903382.284363
a71d187784b309d65cea0b14,1428735160.7894669
0f44b84024412099f27439a7,519019654.0564984
0ea1a5d32324d270cde1993a,997759822.7880722
b13cdf9314a34852e8db4221,594703646.8021506
75e0815e2ba7269a10d9786f,378438639.743009
f42b6680baf774d27fdf1e48,619090200.8488687
5cde1a59393643d7ed4e909b,1009074167.2561576
8736dfe0f1c6e2181b0ee31e,915275564.9081181
5859ec20de4a5036292ee947,1010380047.6784263
1eee0ff52c53f04307cc3216,970325972.9381249
b455979bc938acd34a580eac,1122535056.6907482
6921133528bd6fa3675ce8de,1048607392.8267354
3d266736d0307404a5804073,615965050.4769528
f4f6e48b618064ced466c302,569529558.4422663
dcf606270a4612aafc5f9f29,652694111.3329488
5e455623c380290e0a8e4e48,543638300.7352439
ac3c9d9357fbe72959817602,606982343.0939387
f48fb9d9c42b0ebee72cfcaa,586948532.6270849
dc99f2871bc05ea7e8a97d72,1137942711.214044
b5cfd5eba0b6297cefd6d3d5,1034169768.2842059
0dd30227247f145bae82f96c,1051871107.7940063
9f347bf53e4ca4d264a45241,688578506.2149843
81406ce289219cdab015549d,1036968927.9473202
a085fab6d9b9d8c24472cfb0,1291573076.5833163
1fce0e993a57a3e3873b8d7c,1282221609.9158385
af67d51867f382dcd9cf34b0,1254009121.570263
432f082ac51bb0d39ce45b0c,991386126.0488069
b6281efabdbff697d70925e6,1267313262.773014
9215d29512b14aab6178da01,1406591126.673349
6218a5d7267f02c576e5bf16,1011162605.1584382
d66cca2c8e08c89af26e7622,998568656.5874825
ad3b4ae81c322a9f91381bea,651562383.9969486
3a40bebb521445fcd32cf033,1018140650.7680838
c1ca38f941200a9d666aaedc,610996239.9337034
a1da74ec074df16a1e8690b9,1258297013.7032015
502154647e351af240615b98,785908885.7602797
b57cd3eb0290984f061e1053,594821009.8709283
4db632fdebc000c9e64a589b,662648846.442985
e380184391898aaa2d3dc540,722853200.7591887
dca45f1c1a79ea5ebe639920,858757387.2535818
961de1cc8601447b03682e1d,976357614.270491
60a4f09c268e61fbbe423ff1,429411673.79925525
c3191b6b40191009ae9f4b7f,997069256.9975355
478ac408d2a5c603aa23cbd5,1154641649.4762168
ecdb747ee4a3ebf958252309,522430104.763247
6c36e346957e336a33a7708d,999963526.2602649
09b18e3f3cabb7d5469a8d51,1002155224.6951057
f1a5856ba56e7b12cbb9459b,550903746.2149048
c378ef33f40f8be9263e517b,736797895.7011781
b45911f1875da543199e97b6,960987137.0140028
678c70903bcb6c90e3578d6f,1199422521.7797327
be22ce55ba31cbf7cd285e5b,743738088.7914443
2dc58e6aab9399e9677265a6,1250077317.991437
dae55582e86b1f514a4ec3bc,1056050206.8948174
c119f62348e418d9ada13362,897971143.1290607
33510511ff07dc7354cca7e8,793220449.2461708
16b79a8af9d6376c73c2478e,1161979056.0422006
714f90489426e80933ef31b3,588143816.3382059
6c8e1cda487c9841c8d297d4,973892482.9996846
6d9c4bf994147d8892d27f27,983416649.0361829
1b300634b71b898299c54671,699561824.8634337
181caecd269e115cb5cfd75e,737250148.0824792
059516a91f938d2e8fbcca0b,796495214.2669985
c42ce8f9f62f7a315e028e3b,579161752.8001269
bc23e25cc246ced4731ce5f5,853136552.7151926
de44f54fd6b1b62f30956f5c,762662271.2422445
2ef897a38b95d7b769856e78,927839542.0480815
2280b5f7c47c3b36924b84a9,808263173.5490758
16ef7eaf29eab571e229e537,1370875529.9233642
48b1f800656bcae6a9e70802,630985362.2844568
b4aa025f8813a3f0b132b7e0,633243411.7602859
3c6092e8458ee81aed0db0a3,905831803.3569164
d919dc64995903c9120eb61a,749719910.4813931
ef53741b01120666a08db213,1043869342.6357741
c3dc5ad23dc8cfce0671adde,717944920.9206427
a270fe47ba30ef0056ec6c4c,288412386.915751
f550bc7ab5992a6fb48eb60a,1194215778.013949
28f980b3c741866e0db5b761,963737776.0045493
c2ebd39857dbbacb99e6cc96,732925654.4881024
bb9fa21902daecf876c0467f,1012081967.5952387
fea142787b18327108ee8929,666510293.5505627
a1647603f732f97a99f5ec6e,1141494847.8850784
775f25d8144580541bf2746b,827387259.1921147
527a8fb085995119f846a5d1,848581026.1439075
8b69bb9fd7f0f19a248f5cf3,929833107.2645772
3b14b48188fdbb0917414039,885320665.3983703
02259637b8ef1311c69d3d90,1116273560.1061864
50eeed30ba674cb079689afb,553460997.93581
5fc3634e1fcc96b9215a6cd9,1085788944.5979276
23cc24e23a1d74159ff78464,875987137.8189107
44551251fe345b31ed71aa5b,768731109.1131299
82ad984f02ccda30bd60da8c,845029795.7358191
5734cd4805f5c055d36ec645,737454806.2440552
fc7ecefb27bbb5c3e25e899f,447995755.7347505
5ecbd5b92092264f4e9101bd,762500523.7890509
83a8d9df3a535fd273b27c15,1212005539.4114728
d76fadda8063e44483aa024e,847853264.7769146
a15bf12a6b8749ac8f9de19c,453633812.8882782
a3f32d81f4cd99dc85a16bcb,667609269.1780949
4029115038a899d98dc93d3a,1049853465.1195905
2326bb628b4a571921eb7345,987082189.7499363
471d6fb8037049e1e4d120a7,1017008508.5830712
b73945103f07da807f7a30dc,943278112.6266055
d6f4479f9226e52c93d70eca,593303471.1617179
420b03095062d9571144a276,1119804524.5704036
ac0185c8f724ddd40bc0d235,606188782.7368543
228280554ba149e60f81d639,712148049.56301
8a44e15417d8e520a99454b2,485803655.8957083
8978ec4c5b2f02fbc1f57820,1230933785.765788
2ab88dcecdb565b6412f5bfa,855764310.1294255
1dd6f560c804c4548561cae6,1184904745.4962068
90e94b7e392f84e01a5f1551,1028907163.8257434
84aa7d1c2590f37f0fd6dca1,554819014.0615914
0821fde7debf7cc445434024,555374760.6656826
b9973b07c84b99dd1018050d,516439285.1065521
169013bdcc2ef214e0163ccb,780476155.8848486
3c8eaefb3f5dd8d4c9f5386c,796990581.1191878
42d91ed3f3615247f57ebecc,1063665040.7458223
a7f1397df30d6521c216e331,1137019455.0382936
f6c6ee12e338b1f9730b6e2c,454303016.11163676
8f4687b666256e136148c3d0,1079503322.070478
925f83e20a153a1e094bc606,1134229570.0775874
cd270a11dd8257648d1f0444,799049545.062619
ab11db71265771ed4d9de64b,441939562.21958774
ec199e33b7557dd669fe1aa4,283835050.852643
b47fe4670c6b065a9e1db429,679107823.2862662
918947d51e52e0caf692f22f,599243266.8265096
070543b03770991d65cc337f,1129386711.310959
f45dfcffe189327cb0d303f2,1078863274.9912865
d2e7484c81358d4c79f040b7,759142020.2638675
73ff3a6b0cf4f7ffb244507b,1168120485.4162428
b0cdf05097df437354564bc8,591475182.9676071
33ea5de5e8f5c639a213414d,974405698.0482905
c94056bc09a4bea0e853cc41,711654500.2243909
6d5a91ae44cad7849dc4e969,880383885.8022456
b52e0738dec9d2f119c75a9c,863106444.4299057
0e35349077490a01f25e2ddb,1165540811.244958
9a5fdeb5f389590eb46e7aac,1020049749.8672538
337c81be4cb14d494ca69db4,839180570.3323412
ff28f1a1ea72e21acb157f08,1122496612.5130844
e83ef75473fefbf8d7e52302,413739619.317674
6d3e508ff42615eb78862723,598115395.8052104
3b7ddf527979726fb8aa1683,513278160.34089136
7b08cade91e2be20656ee856,790406452.9844342
59cb7abb39785d5263a156c3,1102840520.3403897
bc48ec7245297b4cb85dca1c,800245172.077542
0f366a36001c0766521b9dce,674694308.3138796
6ea022e53741adac484c1798,892492116.0237659
aebd6304298f84e7d440c379,1418409834.5405056
c5b333e454ed6e93ad32d96d,916967702.5296514
bcd31d201096351079cf7ce4,551465108.8633476
46cf5b18fd7bac0d3332d70a,1064539492.6973014
1dcff645d389e7b687a498f2,968126044.879024
cadbfbea1d03e6538af648e5,508234042.71230376
9dc0c6ef8389978be58daa59,1003601757.3944244
fdc00f6ebd155e84a387878c,503188354.328298
99c1b39476ee8e2ebfff6ffc,1060643350.328974
8930f231a5b9d8db14e9c656,753235680.7771277
2dee15f1b082bb986f8d9513,842475376.5524793
346c734ce163296a07526a35,852971027.1980301
6079fb3769f843e99b47988a,690395272.9144366
f5802200af1d28eb48466c1d,650529504.5333643
1f8068ab65469ba56a1f0c4a,650529504.5333643
1ee45a731b6f0242b6d2936d,690395272.9144366
56b7a6da82134b135fb7de2d,984958302.2814066
340c4d762f830197fdaf0977,829914757.9850627
1bdc0d441e63089737ac4c27,530348026.05544543
b3d82ceeac64b64142286375,587562280.1727427
947421747f33db213e6b1326,617571210.5694435
bfdbb7aef98d4855d459ac94,1014779881.002305
80e88d50c151d5534a57f61c,1086675236.3628044
d0f6e19e92c03b40a5aae3fa,1295094464.0744061
6e2a3e49dd6434ed01eb5e71,889162117.2204366
89e2d612654b3c792311faf7,668164032.3611819
29425249fed4a74ada083dc5,466477201.30746007
fe0182e1795e2b87eef4bf41,914025058.6205707
dc9cd30b760a1280e0318512,735706581.7650524
d22313a06e43b8ab8f6672fa,478654032.1342796
f91cc2e5edcbb704c293084a,1040087929.5974222
dae776f643e809387148900f,1319964781.3348322
e55634fce84f78466095e730,603555791.250369
a507a938532411f06c57ed8f,1076463973.2509308
30f3b383f2d5e4709c9304b1,775015521.642334
aaa43db51d1ddea564d1bd2e,590566356.431508
b3e76a0a1fcacd0218c17908,713538755.7789109
e548ef7a5650696c0e968cf3,865653262.9747673
939afc1f6250d528b0be8e3a,998725766.8428063
405baee61afa4b08dc25e586,1040772441.5169872
0c4781c598c06d538c5fcdf7,940887051.8573022
fc321e2d9b4e954e80805be2,1047381123.9085686
dce18d258c352b7edc60c304,668684682.3440536
7b0a2bd964c04d01387d78de,1044733909.0826023
43fd6b5cb01d05c9b1db0e65,861850954.6571972
cf0152b0a5e886e8291ef4a8,1238507492.4853587
d05030b0eb8931161855450b,749012746.535026
281ea3a3fab48c028721ee1d,1064295620.8017068
4fcba82455866a6931590dec,789198947.5093313
ecc5e3781d5e004ceef8cf76,1198051791.7212515
409cb370961c60bacbdf7416,278313482.98203045
54445913b2dc2d6ba35abc66,1134704433.1082258
51a8c190ffb673d4fc27f4e1,870730046.1531981
80e7c6b194b3229e3e2b9aae,938739174.2444882
bbfc9b05caa647bd95b3c88f,640343615.3080903
128cb9247755abf5f2801431,558474095.2851757
ac180e846fda5cd7f1123f6d,843134279.3540509
1e7173670334937dc61243a1,1223928617.7020688
c2555955d5175b31e5f783ac,922097827.0864304
d87bbd60fdb8b84a9fe23ba7,531787190.1759756
825012911321d636425cd0bb,1369219831.604754
54561e6ed5570577ea97eeeb,1001064556.1117355
3a2a2df4f07902b04b809125,772099641.4042755
ea7e3ba584cc5ee45ff8ba7b,1125914555.8393455
25093735f186b70beb018317,947237847.6776824
7fe1adc0a5873cbba4b021d1,1252874313.9510312
461749398bbd48d69b444d7b,705219743.617245
eb8f668912b70fd554c8c723,653194072.44538
e2f00293305c464b361b6178,419656211.29518807
02a0a38b45e1b196165b0098,1129330918.8016677
0e6dc789744b678028e74d56,632409623.6813526
58954e79191c62ceb1ead100,896198231.991952
23aa0804aabdc61650b8562a,1083042303.3453343
ef64565957b5278185b2429e,642130064.9979929
253725ec3d7939088faf71b7,563195144.9004962
a9683df184aa8b4ad5d0cc5a,786588554.7608511
3c38153bc36b364b92548965,911563651.4220905
286cdf6dfcd95ee9edf73a93,295115971.11335784
df93a6e36d9f19e252fa9de3,1046188138.8426143
586fde402c82c1eb5a74d634,529286594.30534667
5fd3b0299c0d52e48195fbdc,506391189.1811644
06d33fff99a62c330ef2d585,616224025.122531
df98fd10dd8ae59956994521,529773132.9064369
361715cb422c5fcd9125d5e6,487230882.5126854
af68665ae8711d009e8810ff,693231749.3837903
63f3295df28c02953241e2a0,548676025.1974657
62d338c26b44153bb075b234,1295730419.4777696
41a269c661f20e443a7a25f6,987544205.3349936
c5a8695b7aeba06e46266959,620611147.747806
17e5796a30da5eaf310d02b4,566554653.2460364
69acab4a6f82ae943850b9ae,601446183.7385342
5fc3ffb33090bf75a81aad8b,642398692.3688661
02d89daa77bb313328fe0c4e,532129588.3229296
6ad1fb94accb91bbc30449c4,844346595.880634
a1cd215fa99b8776818d0b0b,355239676.9123201
0553a3aa7d961ada6dfcd52d,578121186.0839686
c6ecbe7b57db2db74b0d788f,1016930335.249624
a4b23fbdbc7bbd45c5ebf80e,910834581.1802777
3bb15c6313ee70bf4d88f4e0,662671381.8380057
e05c52c9c8fcb792ace06b61,621019775.1512772
5fc77edb0e5bec0ed8e72a60,712786964.1309818
85e15a0a63ffe482c68ec474,1253168098.1521332
859025f2f41efa521a74a00c,576581007.5962063
1672a21e6b2d8d0525df1759,489885033.65843076
7d4097722aad95158c51d24a,587975691.7378474
174fa597347f2b1d3e9016e3,791447640.105612
3f081fb77ad08f8370569bf9,515605588.4371356
74cea4c9dc0e00dbbcff8b1d,1155871575.2320838
4f5de1bc90694fedd216ef40,1251149989.773641
8fa4be9ac1ef719dda1f96bf,387134311.3014919
3db3b80a902c10004cd3a3d5,1246537380.6550002
bf02fad806fde4e3575e75c7,1039493377.5025625
edd2afd07fa1305fc3126078,432703555.85190284
bd5d2030639ef16370cca032,663905668.6640438
87e74ed42a2c8c97f7bdd239,1128930911.6360807
d1c6037d0750bcfe47d425a5,543151529.5097051
763c9a528d0f99f34e5b0031,453535207.2585151
8b674605311d296990ec72e7,518802750.5849391
d7cc3d199e538258fcc83f75,551252786.4821595
ec6ffe86e9ece6fc03556ea5,514398038.8815153
9762ecd72557ad6728274e1d,1011800236.7162974
49a2d111903c77053d44573f,554875498.9682555
d06ab7503c6deaf9cd405f66,1337373517.0691445
23e7dd821ec2601ee2c6e353,1321639944.363695
81519727c7ad9f60d2c5f224,1125845414.2252727
a4a5b6a844c14b4eca92dc49,1252986040.728594
7e647c5e0a7d95ce87cfc8fd,1133774889.5750146
7a1bca1ed03e7cd0e277fb95,505040876.39863
03eb8da7205428e61bfb2845,640512751.8123298
82780776619be0eade3d72ef,477816585.6205629
4c03afca943c3f2484b8db6f,505040876.39863
85d731901b48348f57932240,845568855.2138401
739de8928aab4ec77a1ecb0b,731334884.9857972
7f45d3809b08bb32a45139f8,581048900.108263
cd14f8aa1613d754221c4735,722027263.4749913
537a9a2dd0ace0d0131722a1,802265126.0633401
2d4a781f969a4fa2a4f04a7a,1095693972.444451
e3676f99542f27c9037fca29,785399719.2414973
bb33aa4f1a7732fc8ef19039,460646024.84646463
9f11661702873852a3d65ed6,639029896.8856072
d7f22a4e6daa572583e02640,428395044.2618444
f6ce37c42fad91fce47758aa,407106616.5513805
f57cab248d2d832725d78135,872032425.3535421
9d73758bf7569cab4837e49c,638103884.2193435
322bad590ae06fb48f80c533,555564217.9608411
5a7b67d4c79ecd83b7ab66e9,1058758353.2319248
8dfd846e6df9a040ae1188b7,338590430.4647331
44a587fc89d6b6489157ff49,905731810.1782646
f9ce5b7edb104d4e8407a344,701486523.359958
73786d11f1fa714aaa9f1f90,836466011.6266267
cc72295ef156cb2d60d6b10f,1234263267.1917434
c9851396352bfeb05fbd7580,1380242136.2237308
b3561144c745ae3d329dfe1e,495059575.68149936
7ccaf332cf87e07b38b340d9,1251945340.3412955
d63fe229354bef8b02b4a934,842613910.4240906
2e0a8235637e98dfea862909,751334685.3478881
0a1b14f320e330b405b27a6b,1183883743.9436047
db41266d7b500a6daead96cc,586488713.2198794
364b8b8759e3c408c4005021,689302605.3652861
73bcd7efb7a25587bb1c31ff,760177728.296077
17060f24d81fe2661c7628c9,774456924.0477071
98318f22c00ab335d8aa23c0,1021255483.2895375
c926feb307c493aea729001d,404375388.5519763
58d92e8a26589e37b7123716,697485395.623707
54d11dce9374378326f7ac62,600477944.2034706
8e79eebcff019c3362a76a26,1018950285.9712862
02cb957c3db9ded3691a9004,611156523.3518289
561689dc0f267cc5011ede3a,1148020762.033875
1533da89d388196f19e2c5a3,1108310945.3738728
069ddc5d1f3c855e6498ac50,458609018.07618093
d3aee2a35856634eb710efa9,1013317682.173364
4bad966abb5e8c4121ec69fc,670554083.9819666
f059e39d22124eb9e7e8e20c,832311469.485774
3360f48c1ec30dd1c3175101,703086957.5515852
2218c6bddc994984cdc6e567,570519868.8316798
c2a9b4b389ae6f20140e21eb,924324853.4849391
d135cfa351ed6abe4ec2033b,743448074.6057873
668e5bdda1f4011578534f54,1108398955.4093785
d2aa3386ae240d7387424e07,571585784.5644472
e4f2ec7e2f4389c1efa52c0f,804980351.8949273
d4f90a6b73b1e179d3f8eb70,720715183.1869593
5738bc8873b341bf92ece0db,741666201.1422231
2906d21b1d96a1ec43bab50b,999624391.2813576
4e1bfbbd8689a95fc97fabdd,500386807.6784849
78410b0193dc989de2d24da3,1033559045.5151911
fd7f194d9929a6f28ea57cf4,499184486.79395616
5e7ac1ffc0886c27471d1a54,1002660067.8364708
879d9e3b4ef9063de41ddaed,881343797.5695606
4bf620c6c6d4c916bea70e81,697627751.5586135
573bf87f57db6e037aeb94b1,732751552.5137358
3ff7b739ce65f0b3066806ba,1163727193.8350663
a456f85bbae3f189ff424e8f,683294684.1527328
6683685692e955a8ff172c89,881965046.761544
82e1ae440b386c7da3a580be,918908311.8095759
efd178c4aaf3fc9d05b8dbdb,492812799.5200716
55ea155410b001104518e992,490030379.09342194
32a10e550bf7095627d17da3,513761545.5346309
823124264778e5ed64d8664d,716758779.5651115
fb01d990afd25ef96ed048da,1360072740.4404697
df22426db407f4c660681c7f,566584247.7837398
44fab96fa2ea501e0b94548d,1185597343.1157866
871204bd1b3505acfa632954,775299231.7534535
3d63320260d150d134fe8648,681063546.1920681
b8b9b90d5721a9ed5e72b328,847137660.4208307
926d12cfe05643554837664c,343146665.407311
cfba6db03f0e38d1aa0802a7,678902851.58744
97b12012ece8a740944aa547,900889243.1579545
8de317591cefdbc375a41483,737220551.5648673
46d34fc9a8edcc199a537b30,1097552243.8878531
262e3b4091dfa6b71af020ea,1209682018.4531279
396761edaa353e0828949bbb,762888229.3568715
8c18d3417886c150136a03ba,437746789.9314002
f053d3918234bad409410755,884569658.226145
8f5444b81998e52ad76b3ddc,742489134.7921946
0daf89cf494e0f40a94d3e5c,831252590.2357343
dd8c289ec872be3fe3352313,764182137.0193739
f02f6c5b97b8e3cc5d5a74dd,673969333.4416027
5f39cf56c4e1bd43f61ecde4,672356681.2879454
5e187b07578d582ff3d8e189,770011853.1060634
bd018b302f732baecd085ff0,742805269.189443
674cccf4c7772d6091166aae,1103549015.7224286
38e84c560b0455548ce186e4,695425203.1181495
d14173913bf5ed21e3ab50fb,519390747.3500949
cb8844cf2070d8697bcccf27,629488887.7963582
6b44648a905e7f4c0de6c855,490192044.468042
148aedc984c7f6831c7f9601,486867122.6194879
ff9d1cf7bd90c5e47a0bba3f,329122446.5316522
9353136b0c791bec58f93ad2,630941512.0924615
de2137c70bacfd5087bc5c68,722455489.4797027
12bf6b9badebc2902cc11c62,487680040.52439
c0706c78d5d98202dc24e46b,1112400844.1601992
4394a27b21889bf78927ddf8,503055007.576284
0ebbe9d3831727f90d677ed0,1095014725.1563938
caec584b5b6998684bbc6a70,565838431.9135563
0c302f1c924f8efe0b6bb58e,767999569.6023654
e056ada7a37336bbe878f38b,1003299478.8580234
905cea21c0ce1cae97fe86ab,870320070.2888256
e286b12e5aa7929334322842,908994462.818313
6cd4e68300a8bafb9d22700d,1019630579.5621674
39124b1ec419566a371af8d4,872987655.6809177
6110b5bf07cf38c437c7ca8a,1341327542.2302027
6f8a22e4dd21f44bc6d383af,1313730645.7787519
71eebcb108c4828b8bd5b84a,709851840.9465111
5d61946d53efdd9bd0af140b,829717006.4431026
c0620585c12f3d9f1298696f,626433992.932096
d27283e3c941f8fc256c3f4f,567696373.873577
2acc857ede19953734600dcd,740695884.7090261
32474481a0f8af34a4edfec9,648661568.5794325
6720db016112cd2a4a5e0358,623519732.8379029
959d0cba47f650933b9a5168,1156799506.3263495
32d2c5f1707b00c93407a19a,802677678.5649468
0ffdec8eb5272d9fe4775251,591032544.0121928
c77d7a08d5b9abd4d3082fb5,857247646.9404137
a3021c7c465dfdd38cda9f9c,778814434.1263311
aa24974831a0c608635bbcea,636027874.8396868
eeca3f5c399785a1cf15b1c6,694592468.9813687
0b51fb3a65a86d7799f27264,498898980.74278605
1af16b7f14dc04f05edf71ea,547093883.1286598
e0d7e4dffa0f3dbc40c7da53,673067772.7464944
cfeb42023e2737491b3e4283,901113705.6122907
dd4e23681e00fa1cb9a679a1,596237671.9529599
153c89081fd85dcc66a02421,756704854.176194
f25b2ce0d988bf5490fd780a,320996487.21677095
8700c9b62ff5a5c3394b0bd8,582981125.9590112
a53b105919c7b46c0cc1b003,683823138.1930822
1c835128915211131bc561ab,580555565.943386
a0c6e0c6fe41e32b3bcb2b26,1004349908.0452752
4eff2f2297ce85a0a3964d2c,847349053.1373949
57062f248424c47282d3da30,714097287.5402175
99e860bbf3033ee4654d393b,744452782.0351737
db8912c5c5e5e49431b2c85c,831794426.6219711
3151daf55106dd159f27a8b6,496834435.2569587
3e8a4318d93b1fed4c48f48d,1108280638.9196277
4c8ca73cb51a58933de61f0b,636485976.6532826
925754da6fea9c9cdc06e18e,656031734.4646578
05119815bd72ced29391ba87,693838560.2041155
aae7cca10bd7f041c8e02d23,793730364.3696216
4890edc33a555cbbac71795c,661492967.6375858
902fbbf9f5037be8759775a7,1023540941.3408382
d013a0e910b1fe2e3913af7a,460369414.4947728
9c38b9798313a3091d13b340,935450312.0743387
f04d3ee8b175c8f2f30f4f39,1254438275.5681343
f0f883c45e8470e74280e8ca,971807544.5400951
af820361d5f20198bacf839c,745897290.4705942
01636da0aa2bc223af023a13,851917533.370822
cdef6e87c007bcd9b4efa9fa,1190387151.094226
1d45332e2f04df18cdac590c,567759723.7818233
db3dae76fed5fdbed29862fe,864891977.2275846
f36a379e0149d4800e793001,604908648.3048537
30d2ac3ecb8150e4d4339d1a,1108631382.6520085
7f78955c480d050f2c8ae3c9,636366777.7315811
cb1dcee1f4ede0877be1ad15,1006513795.9608321
a32d2c51f2bd5f23bb519d12,1159390938.279587
bcac2a4cacf13a91805557c1,352324976.5162384
a21afcc258e50a538dfd43ed,613536145.0027182
7202b83b651382e2630359c3,528698165.29764676
77d6855eb6a30d268e49eb1a,756779031.6996547
204ddf6ba4822d55ba80f713,343172328.48377365
e0587d29cb717f725e991ef3,858321304.2584985
c606665f3a3f70ef61fa5cf0,1046159745.2872089
44412a9e16b2824c4a520a72,571518492.4597175
313abf19d78b719cce4b3188,1058452303.3677502
99ad7b36c3c916393e951507,938738138.960058
c34c2aabac06323fa180b24b,592244574.305539
37f39916813a58b844e17833,996337318.5869596
6ab7f97fb9880e48fab16a1a,607541742.4054499
0e6c74a0056ee94b10bfa86a,781406244.7151263
7fdbc3fed9c9607e6d01e958,520197946.19841975
01018b9796a105be650ec802,1037048317.1907991
16ede6f8833a93677d05a131,537352801.2580507
0a53b0b7c365879a6d2cce39,1085792047.7614558
a293de027279019418c070b5,494096404.10120165
973ab56a202e039f5ef37353,518128037.9436868
3e18c851788fa8724ca8b7cb,524486194.17957693
0a4b0a004c894654663bdcdb,996524563.1285086
55d4b530b881abfce2d03e56,845767502.8424271
405bc08707001684d19f6edd,781517574.1194935
dffa1057472b06bfc0fa7a66,1088761648.5930324
d061615fcc6355d79665f9a6,647618652.7372375
6cd96d73fc58b1502bc6ead8,805486955.231
db78a3ce9c6f6a7f4ecc6853,591992386.784584
1498ce1c1bbe2e89b84a4a45,764628155.1654124
3035d7ea4b71d204b588dccf,651732205.8567171
2b8e9560dd58d880dbe77c61,1028396213.4082441
e8948741a987cbb3759b7a44,1088162211.4790597
20718780218eac9668776956,640004200.5535139
c0a9e3f5c57cfbb4aa9b2357,1066739597.8251959
5e9e9339fe1c3a06470cf7c6,592463558.0157905
f852e0f3fb8563ea6918164f,1378937939.9844832
e38b4072ff8b856487864f31,1152111266.186145
8cfa1121fc87d9483ec63611,914584700.0096776
1a805101f78cbb783e6f919d,610523966.259984
98502628de3c4fd3905000a7,635233092.0176822
ff7ebaf86962fd0ab6ff41f3,872219451.1698003
69442123283ab024a911506e,1175982950.0386937
ce6e91b53465250effacca98,1249243495.6076894
5d42f42059617a5ca7ff3a32,772885659.9530193
01edceb6c5afc2af1e129e86,402951232.4412583
fdad0c86eb89fe93633c8571,671321397.2507919
831725656d9df81b63c0ae38,722612809.1201892
d1f8eacef9bb4d300d086837,1267914386.041797
3b6d88f864f6c1759f957c73,1234339122.296083
5a38f908d8d75c5810280e12,559388385.0159774
c7c835349181bd3f0d964eca,1449991073.3494196
edd4d560363f7575aee42d39,1001558587.6911676
8f3924eb214f5194d21499b2,1061947356.9350379
466c542d7825d36d18a86486,793489312.4213527
0b71d334a6db66cf6f1a8eb1,736724569.5369127
7a91cfb02df63e4396b15aeb,741737559.9868459
6140125d2a94efe499a6941d,483659171.4033009
080df3efe1fe81f97e74c4c9,416506539.86090785
e148c2b109eecef0175b3c5d,645079379.0075138
40aaf6665b489033ba0e55b5,995572721.192519
05498e49d0b875ae6aaddd83,749214973.7224926
397d0f6319465fd7fea6f710,1183630784.2700558
7e6d8c4742b38854d819696b,1264215469.9139347
9a8d13d56d677379ebf9a347,1106391361.757802
06bbc353bf62fda3b3786fd0,838737200.3256449
09fd7896d5445f422892b196,654100822.2188632
57c63e412f3fceedd3a7e698,907166068.0570557
32cb6246cd94f962f780a1fa,429896698.4675914
b0f9bfd521802b0d2586300b,744240389.1471953
2a99204f0a53c4a4d0a2393f,765716334.7541932
7651626df0e2e3119b801466,729887633.2620136
59e48259a076518d929f5db8,783695543.1960148
e7b721ed96269bb195906bae,238813286.43545735
61c3c304eb8a06b5a483efd9,899570684.9311019
3c26b2954be250bfe239db68,268425848.35209972
0df87025a6351b435958ce95,1076172596.4364834
df82719238ea0e102c282c09,692621139.0374842
57c74f7b9bc5e33cc823439f,1013116153.3285956
4195a9d13c0a526d7cc959f8,564176338.1631818
0d00fdc440d7612434a6b91f,610206766.5679317
0c91369119a06c40623afbb4,545662572.1511917
5a6b30b4d33e068d421bc2a1,974856817.3003798
f4beded3c5ed9fd6cd5177c0,818034512.2618394
95e561c7292d64305a2cf4f9,1141095808.1280963
67138978493b84ff42daad45,554544447.9219805
7da10de45c866c7d066d2586,850405407.4890339
3c3cc027fb179e91a46f11f4,538466255.2808388
df3ada98307fc85428022d00,555611209.74470675
e029c89d59f2caf4af4bd908,881095938.471307
105d05ab3d5334b976e448e5,903670060.7906456
253fe7aef58ea97fefef922a,559947974.497377
43e11f10650837933261fa7e,585198063.0538285
b111b17ae1fc17e3491b7a5b,494348785.0620595
63e1ff737ea11ec607ecee08,1090145332.12491
ae703276c49b6a6a9c39770f,1153193816.6338286
799bc0f95ef9a23fc16bb1d4,1378203297.1080408
bb9fe73a8742dec9b2e79135,1331987722.0950093
a9b3d963a14c2c7435f30fbf,1114151699.3185833
7a48bc2c3f4aad08dc7fd5a8,542663040.8364382
7621f476bc8040270958de6e,970088931.8913931
c49644baf8dc51d3f76d7e7c,816115743.2661157
8c107da7487ed0cd409f4daa,1123409516.4392922
1bc8874a13914055c2759a35,540249309.5734968
fcfd6f08490be39064aae41c,552436019.0245738
23178c72b063ecbaaa04b37a,526073496.504752
10bf1c2d1124f6d8f8b9497b,987637720.9733307
c29b30cc5db2ffc273e4cb14,1022766462.168167
f7d11c2601959921f536f804,736082818.8072155
acbb07a2c7a0e39c0102b3a1,999127830.9723219
844e127aa7802cdf75db074c,473892263.2344504
e2d88f49873bbcc5476f4ff5,610167578.7949576
42aa1e6f6b8220a63fe165b2,1104570355.3263135
ab1c43d6fc4f08e315e322d7,838356014.6999712
9299c976b1afe4d2c0bf351e,775621783.599937
cd62ad28163c8df131a8f2fb,1075440659.9189205
e5e06913ec3c851340d7c91a,634975872.8903935
d9b46a34e48e04b5a3e026cc,831281005.8252165
782a6028457ec55d4fd5189e,952546884.9697514
11a905e4e01e7d15d35cbb82,581391945.7741731
3b3e423e248b23090a2897ee,573471692.9614589
5915093d458d4b6589e86f59,573878160.9469389
3d162a854aa05447e2cae0c0,830418301.2537667
662a3e343a7e207ecc09d6b7,601185348.4424483
289db1292d4ee40a1ed6e518,1075513764.7680848
d43d2bda7b6e4d5177c0d032,698953871.569227
b57ebf09cc691bcf009ef115,1202315152.0807056
21f5bac85d5eec57acf501ef,850941991.5190157
2fa288389b3031d595973793,1019972122.3287748
c900d19cade1443983274ac4,1363658149.2799587
67bd5b20df7f2a9cf4e04358,577820896.7356527
e111bda6d24089dac82907ad,573899502.1973534
7910ac9782a1a315f68799c4,1088891236.9709322
ee786b818284cb382c755e9d,724606032.6965206
f9b0a27bd3619ae88ffe5455,617197087.9542524
ad1c32cf75ffbcfc842e3959,341445847.988587
5648633b1f92de1ddaa7e7ab,573514804.385156
1ba481abe0d3890c42884d97,577820896.7356527
ce60e2ce2a420052e67564d2,1121484132.8887846
87e1b1170c163689d60bcd09,628014151.5853932
bb4c7900162be66534d17541,994453146.983278
68340674853f0ea101e32b46,450593700.8785372
d10f89691119d4a4a2c1e650,1397851740.8644605
d414907e75a1c105ad2b74d1,443668876.01851004
c9b6d3bce20b7f528fff8123,533545427.3074405
be1695a7b8d3dc68c9887abc,1002193108.1562054
debd60afab03fd1552719270,1115312172.5446796
de060e07dfb0a5494c5550a3,348536140.64654124
3d6815fb68ce959cb95e225e,747331877.0694412
d93f6d8fe212ee3c0f7cca95,754364019.9710348
1ac702e7c265717b34419fe7,1005309873.3863313
a157596804522e03efabce48,1018193553.6087544
069c529aaef7d7e0774c4a66,981018336.1300485
0669fb98aed75d79f8decb7f,956028670.611367
7057326ac489bcc17d580883,708354364.5056051
e3d6fe5d97bf4fe851aee9d3,1073776688.4642353
f80b20e0649dcf1c16003255,596346813.2993823
364256d0881131148655e006,645601483.5158437
0f9c26956bfe983c8c7fc227,1306821803.3507705
9756b47e9dd47f99dbb23115,640441980.3378675
27d413eab7b562b984c5a682,707745528.8054442
ad17072ff24e0fc0e61963b4,668397844.2052805
473a59415b6214218a15e363,719974227.9735004
ef72df5586ad0cbe59e36e07,724337296.490148
9129b78a741bf5e24df5379d,600963960.9961182
964734d3430de94d22c927cc,528480070.3764577
530b25326f39c347a35a8caa,552282259.4820614
482f57e65a3f4c6792775a05,598985349.786043
738e86beb569a7bf51fbe199,364327300.6827618
c5788cd5507c577b7b585ffa,429960920.00097424
be164f9025f346390b986668,904301692.693088
ea2efa1a857332559120b823,846083053.9415357
f3dd24a17ea51b7a2b0f037e,702368202.0875232
7aa8d04246d3e84e5ac470bc,1170028640.311768
6361330195fa7cdc6d5c603b,802535570.6184272
6820ee22d6fafc9c030cb286,1377986728.3056269
472601b5b5719855ae3528af,1035839037.8155689
3ce2c7f1ee7569e1b916cddc,904356413.5579394
afb03f7cea99023ecea7610a,509406418.15564454
404364fe956884368e2f8300,834477086.6847727
c658639b590415bc6ea44119,662864765.7325176
42f1a529f5ff3a6371dccea5,676150595.9171343
e2e4641b20d81a90033a536a,599142038.7295614
253b34c2c5ce15cbd8b5826d,840577633.7554462
86ff8f274b698e7757ced1af,651006913.1295402
c4aef1d92cf264c548ef1f2f,412162878.86490065
e8603da6012c2116a70176b7,1169053435.5076735
52b52aced4853a3e3d7fa058,571655985.4334418
7d9a9c3b4442efdb53c24448,917364199.0255914
a7bacd6f783756c9e7cdc068,466499514.7486576
68a00651ead62911f850cacd,449048926.1590061
1e7e26077db3bca2821a9b45,642130064.9979929
8aa21f48a83be25f924f85c7,883360417.6448727
48107a1dd2a3b027637f250a,911563651.4220905
6bbb24fd1b9df3df4e939fc3,849216339.6748798
aa45f8fda8801c3b4923f4b6,1083042303.3453343
ce164af02f76ab3a68b0f980,994802796.9320358
c32249c7c0819b1a29fd611b,767635102.3297486
f8d4ec209ad5fa5ba4a68e56,728091293.6504325
cc03087e0f18d59c521b6ce2,786588554.7608511
fa631a714774fc22ca15ec10,721721491.4158528
c310efec13e312442f7e1a01,973583071.3845861
534466a857d28dcc598e3a49,1133153686.095484
4a81bdc14b5bcc4c84f5ce4b,484462057.89911616
79ac12d8436c07b620190b9c,835531778.8170491
f69962045e9aea6b8200888c,565517038.119962
9752758072e096fce6f7f4cf,529842377.0864208
56fc1855dc6375dee0506133,964549044.7393807
2fc19f73fb877ed8b88a5250,287157332.11570513
63a25d279fc5a9e8fc1dfae3,414182005.9905945
71978c139faf2a251db6ff5e,246318787.21187
f4dc67569fd340be3dc592d5,525368881.3529681
0b829c23806ff01a0c84e9a9,955466329.6602542
a23ff4d1b2e24f537a75242e,1066606419.0823743
3a103803cf9cf0451582d89f,517461646.525481
eff8b3fe996b6d7db10b0263,961060958.6114695
9d53330b44c300e396cdb402,740024967.9385129
301b5da33d32c0632b16e8a8,1252309337.7017374
357e653c4bea02df1b08c62a,902160384.2003424
9af17837ac2bbe7c8ba16e0f,616192403.9460273
246576e24f66d495fe0d509b,1193995043.2809129
cb70f4993947b640317a07b9,819639785.4940711
949292b23ece12b655122038,456252531.8490747
4bdff22689954e5b1e575d30,735138787.421197
7c69d43fe2488db51e6c8da3,484113948.98698443
6f543782174a964402b64de4,712509453.6170446
a59e7f0e0596ea6633781335,850672462.9618118
767ae7de1818d645a33749e2,929434266.2957025
e667133c29f90c8fbf30ede7,473583078.66044307
3fcacd1cf9770a2724a5fb01,694068649.8489071
601193433c99337fe806b158,895850023.6668444
42c282041583e6e2090b50f2,709912202.6933745
3bc80c56871193dd782696d3,535676924.0476706
bee9de3e2817bdd591c02897,937734228.3283241
0f761aab549e7f6bc025ab0f,1142162109.8289492
3b9971f91bbe4b8dcc704ba0,771763438.4555914
8f428b58a5189effe993ca4b,310818321.4030548
0af466463f2cf50d61315da4,646446453.4148871
1a486877c62f2aced41a2ca0,1176004391.2482076
c9fdc3f80534b32f1a75f530,718740673.0558971
97419310c7e696dc8ca61f7e,876660943.6400996
49d9cb2bcc98d69222b03165,1057961093.7839658
99fa9611d644cf325e20e603,1253003160.7437477
976d317efade1dd77ef3687c,610141543.3753706
b9bd63208716e4e0f2dedceb,761313829.2418169
834263730047f308d71d4d8c,652057190.5306532
d6bf8bfc752bf4580e99794f,921526881.1409106
58bc2b0acdb0702732894fa9,494739706.4596479
c3b8b774037044a2524913a6,708043464.2565514
eb339d562b72b3bf51073cc1,511310286.6844882
c8244d916b0110b1acbd38ac,692635515.1754913
65bb6acd9be0f8d95fbc722f,671039377.0518161
5644b84ee2edcf7267b2189c,858855918.8125184
22eb737351bd0958d3e60efe,806915464.0516921
0e2a5d040f6361adb9927388,682015297.9274011
be9f5ade682aa1fced79b068,763114194.612514
8445e5cf42307960535a3b11,1017761317.0252209
1b002164d34a71bd06e0445b,794068038.0553756
c80f897787541816ad63bc17,797682895.8065791
673c72783eb4f9a02c511b83,1074584572.782116
3b29177e99201cf4eaae612a,867553435.0824945
91c5967cc1acb3f108d6e0f1,477679308.0387255
334b5b9fc68a18387ae59ebf,384331245.22908014
c9d096d4353b8eb843e793d1,670885685.2593474
92cade7b5347d1c00a48a1fc,1200427765.8778596
1d4bbb5b756033b4be28643a,886126393.6550355
e1eb183eb261b6de96e20a56,943187585.1941358
7ea8da3b1481993b14bed9d4,546185811.9185514
78bb43910ad6ed105610d9dd,956540556.6120462
32c1f617f2b1f537ef703712,1086260526.3193655
a7e6d3c76bb5507e00ccb501,557502009.6632036
6c75d7867807d942c975079f,1046682480.0485555
e9182661e36239f091259232,417814627.5843791
c926ee21c2bd9da7da193514,469560857.0009388
27bcae7ffb9f79b8f59fe1c3,525807069.7649685
6cda1a7622d5577c0056ba40,917086322.9263964
67c945ee31cf1fa0a874e4a6,607258348.669993
5a8638c17d14ec4f6d447b8c,906241807.6434257
82bef17c2a4db1f6dc6eaf01,732404672.3484023
09dcdf0b8b37c1d537b9fcf8,645413539.6302798
2cc9f2411f98d0fd41511211,656351847.3509058
aa1eaa63043c5c29ab6a1323,1008874949.3173614
35b03ab66c19ba2049ddb9a4,780017351.1011133
90470cdcdd2b813b39f28ab3,647039762.9496218
ba187eee3858263fa664812a,363975944.8405933
c06a1d212fed896b6ee4e1c5,587282939.5043443
8a8c8f5aa68c4e530d62776d,575866977.6304164
662a221bbbd961c285069c49,772786102.6498253
ee796b35e39c7beb6aee2b49,1005210428.0870602
53de17a986d62a44d7897200,567107795.5099782
68925fb9f8f0c84fa0ffa9fb,979829635.7350729
6a6d4f8251ff961609019ddf,452150850.88569725
3477646f548971044f8f0494,289483687.593937
c82434222f4129168fa82e5b,881330596.3802478
4c00508300f40d74c79f2596,587369482.3857286
27bebaf73dff207d7f6829e2,1042195847.3107879
d0ba7b90f6ba3392a165b46a,1216545397.3641648
61974f593c799e5d5090c067,334317003.6417135
c08b016afc6a07105d7703a2,606611945.2147775
011c2017b63235bf0ed3f241,642062215.4919815
7f73a8e83d41ea252ad61197,812734330.8462402
0c25a552c34e114a1780739a,433684720.11245954
21e96ca8dbe2f12b55723335,587941376.230338
30f6404e8034dbd513aa8a30,374211089.43635386
f2fce80439462bb9231d7fba,522975064.7394855
40d5384e2e8f8fef2032928a,468349252.89512026
95f17e64d2222c904a7d42cc,824203464.4583497
59374f70d5e7da97e3b8b35f,984159647.196825
ba30cf03fbfb0e36e5d415bf,1046190078.1573335
c2424b4861f2ef50f8876c0c,836575852.5347573
e7def7d0999433ad6d3ea412,1187905111.0931926
7f1a4e79fa92196101baa7eb,1118785591.417288
37e0fe114a3c7406daa57443,721534170.0152625
897c0578bdc8d59843bcbe38,510728601.65700865
7e554b821e6955ab259a25f3,754907756.4280751
23b0d67dc2a0ae6e5ebc9eee,636322043.5367587
d43f045d046fbc8f5ecf465e,954100128.850349
498d632cf0868a8e641cecb2,422109939.47174704
6b9bba3c6afa1f999a9429bd,536550584.7883117
12db154d9d29cafa574ad387,420691328.800323
61779f1bec05260cf10a0d2b,954100128.850349
986defbe9082519824ebc882,1060895934.3558325
f72992cff50931d2e19b3ccd,702139782.6836326
0e2d6e5882fd3b4eeb9ef286,638614613.9496895
9702737c9e4ecb12d0f9ea5c,970886811.6527627
c36cf907ee28017eb1b40674,573722603.0553374
a7ad9c8b5bae531abf68f8d0,702139782.6836326
6f3dd53b0935c9593a301bdc,617688299.0680048
11f8f836e5626605ee4b41c6,1193167058.0368772
16fe92ffdb7e1aeefcde80f4,751301582.327117
c1eace64bd2c9f6bea289c4b,848510227.7048286
fc2ac43013ba8ab17da28041,1060945682.340674
5e6b54654c98c2517c2e31d7,1129281079.983714
f0e8b39d2e4644dade9d8954,1088651234.1528587
22796587bee45b8f64ee6e44,756782237.1463703
dc8c76f5b3977f90839918b0,687824741.2357277
27663c0e271e26dfdbf4d289,679844298.732016
2fc96ec5fb2c8dec0a5b09ab,1129281079.983714
49d42ab711abd95fb5947c0d,1268153564.7917376
b8984fe54819f5fcc43860fd,420997111.64436615
8d3f4ec0c37443eb3f953584,1004497401.8387529
001dbdd202e9908ee42713a8,832879638.2923133
fc5f41aad1b4bdcbd8298037,639212561.6084874
34926bd7f9880e277e75a447,806529844.1271584
00eb120ba4410ed8efa24a8e,986152533.2292082
eb0c6a8231b38b2a1e1f789a,656449403.6863871
0f059b39ca45bbbcb996fa45,932026798.2180251
06a5364639452a9d663a2dbc,548067263.7335399
cd19dcd4aff76caaa1cffe54,349168512.49359334
7272c3521b7083038ff0a690,769174214.0057641
a480b654e1b8b7134091e613,1087679265.5303583
ba24834c9fb0e87c4ea7d1a0,963542530.2658848
ac46e3eb688cb1cb17da2545,1109970510.8829021
3053732169b2260529f90133,888166932.1834784
ab0c047373b5d1810fe42bd9,674304876.7573496
698383c101fb784f8e1b1ee6,555692090.3043063
1b09c89b546d0058cb09c1a9,988977370.5854346
64edef308b6a9805f0846cbc,1152151389.7716966
995a5799d9a1a7e4dfe4fe34,1016988170.2750325
d4f1fcd4c20dec55e977720a,1211105041.7288196
21264b5a73fd27b85a4e2654,477790390.34031487
d464858ed94a1a74948f479a,835995644.7328179
dc420bf2dd1759b7f281cfa6,1311931231.319007
0a268e25a5f3a0bfd8898a40,331712776.3266818
a3460f00d48816ef66e3acc3,840955691.4095426
9559637fc2bdf96defd2438d,990277820.3864279
421db6a58670e53f563eb9ad,667100803.7014465
7b6322fd5810990820167a23,473504456.03711486
17fbebdfe6bc0618ecdd247c,1030279262.2134881
00f2621035b1969d53f03fca,1219201020.4420476
e97c998a6a0709605432ccb1,593737655.8279971
39e306be57a992bcc75e089a,447737477.83108926
55d0225b44a81e82eea3efcf,1133973573.839234
c7c5ee499c712082931032a4,1297346974.837234
f15f48d4cf4f85a3cd68dfa3,945352878.0845273
01db5867a69f8ea7849d69e8,1091269120.9261746
7c29fc3861c9f074e3a89449,760880653.9989161
5ae2fec22f535ec2490174c5,255887733.97157842
a6731fb85da65ce14468341e,497769164.5184624
4e327acca2e033c3fb305c5d,673136541.5359174
37b8e8a194e4f2fed7ddcd96,633638494.5211645
a8dc954142c54e570bccdca5,738823136.4068267
b427d767b071c3e5ac2a078c,406902682.6891241
a9407f510e67bdb27ad59b46,1050054971.1089327
ba7120c89c8de0e57e30646d,559757612.403123
4f5bc448658287ffb3d49b75,953773789.7186838
758d9f47824eb74d1b486024,1161712541.1015458
84fb7e582456d7409f27cd2a,1199814928.2304835
0a6ade3bea1768aab76680ed,1061788411.2258729
f6e74a4b1e026352e5759b2e,772340569.8949128
639b98d0798b5670e7bb2569,995101218.615376
32ecec7d5c47d02969368779,746286522.3139207
cac82fdc4d960947bbc590c8,756073491.0777466
c2b880a6bc90cdef9dac52ca,1059749053.2412022
dd8eff6162c32ecbc6972509,873213929.9037573
6e2f79cf68ac0ba2b1a6b0c4,1226919673.2270837
a904fab9fa4f41a11f673fd9,932598579.5376265
bf11c5dfcb321e020601e9ba,1117201099.1253133
488cdcddd0938ad0205ab8f0,1409466420.431131
b92929668e884453d3a0d633,613266426.4035826
09eeb116cb0944a28742d282,1016515341.694284
c16e9d9444f85bdfade710a0,793124915.272619
c15cecbbe717e72f09a84271,639765741.3366654
0bbd23df46a4ea4e4734b680,1016165243.0882354
de28e62bd01870dfceb5d78b,545935606.58759
92c4faf0ba1fbac44db6d1c8,692587345.5952305
91892eac5e9565b12b2a99f7,564583050.9613259
ba72421716765ef6aad9b4cd,1135949240.2527702
a99df3a2cd4f2346c6e903dc,305742557.1911671
59a3b1a44c35ed4936cf7843,859881976.6439782
cd74b689350ef612ddf1b96a,664909444.2084963
5664cfe452394ff9376bcc8b,544323428.7687082
d4c6dda51fa949743a46e835,560930906.0786983
b7f47484bbd8113c62cc8c1f,531242995.2289945
d4dfddb6564c9f46b26e7aab,389992327.4353474
aab240140aa4b6602234d88e,379129131.7382048
29671ce02e285f69afeb3fc2,1130894109.4418807
5cd742ea274b4a8832114080,712796093.8152125
c876ed979c9127674000b740,636300472.8632002
45269f56121b796d0392e2da,1397227038.4767737
e981d4fb3a33f372ac26901d,1133897342.9544234
2f13a428281ffc425f2c2e38,828438610.579352
407e4196114b64578beac143,594725613.8131866
342027b17940a0cc5cdbf8d9,1225915733.83306
dad2bbb0fe138e426000a33e,717092399.1392564
e77da26aa7ecdab5505fab60,924596236.8967323
8fddeb4ca696706f6cbe573b,709988305.0080447
fe368a7d2e09fe88b1b972e4,524797503.38494027
6fcea2c6b9e39576e10581ea,1102387284.7739766
91d35b9421c4982b54dd520a,720808642.5976949
eecc82010ce9803ebea6dc75,804205873.000206
b957548768ef014088a61b5a,543019749.2167137
5790e4cf8102dba35e184ca1,570913169.7274226
cbab68c32d78424452249d9d,1110580710.067122
4e0b293ec3d5eda7d9fcf8b6,1197488244.6581948
1f8742e662666147955c9872,733229002.8347924
aad38b9f22ccf36b0fba4e7c,611430066.6038072
44e9224b9735235fc7271672,509651962.7075347
b61e9e4f3a2e894932b58ed6,429707441.41773736
2b36d2ed79caaccd687f2ab0,316031174.31264496
7bdd64032a4f011bd4fe7df6,824599276.6370627
0890a0d20f33b9af2bfe488b,488745482.0949504
ea7c9e327eab66ca286f6726,961075243.6997924
98510008e150296ca9d27d0f,768744996.2106239
41abd8a2cbca609cf868f227,691102725.3191495
83196bef0e5dc6c981bc57a9,1045173515.3835053
20289e986c1959f0c83a6a4b,766786998.0585226
fb39ca089d05381b3a7ba847,632460885.1634322
d2da963bf6c2f6fe724be23c,1072399737.0772886
670f7dfbe2eba87e55176257,823051526.9777372
469b33a6f153ec334b6123d7,384279350.9534183
c38ce4f3763795c61efee6f3,638401434.1167463
8553a05c2b30be81c64a6295,1121622149.8265684
d8b3a1d0cffc913ebd05b931,1158735700.846651
f0fb8232343d235741a20586,993066585.0206094
887d749eeaaae288b2818b86,700975023.8754685
126f4d890004b8035a7de091,1128168793.2401648
7d157359b413e107f5f9cfd6,657366090.8197105
65010e340fa495d060e32f7d,559859898.8690983
8164023f628f550f322aad61,582144316.1370542
8c2423c14aefa13d255fa77b,768404546.8825848
e9772a54bc6638c723dcebdc,590662895.6303267
171149ef76fe0a2074c5bf69,973235991.6445823
96448fa0eb077563a2d168ca,296091120.2288863
3bf1bea2a835d7fd11e47ce8,687562127.1144419
2f4b0b1b81c792f43f4ccd5c,684099325.1500784
086540702ba0876c0c05c5d5,979587312.8675351
57d17db2cc5ce1aa889f1f50,1042586592.308042
3b6cedd9966332f0722208cf,417773874.9656829
351a3e1b62cd51d46913a8eb,1181158988.2997408
33b702ced6de5f7ab8b29e7a,674084602.4462817
e0e6852c6d6393d6d3719131,1147878705.4083672
bf5e687721e030639ec81416,693231749.3837903
314479aa7b73ef6ef44e1c89,742238399.2452753
822896f609e7761b58e7f6e7,581048900.108263
5b6f21752f3744ec6e529d74,802265126.0633401
5d91dd63b6aef851e0c78389,731334884.9857972
0a369278a1ef6f5e9d79e2e3,941850816.993901
7523e95fc2afaf31bcf30979,949130027.7623203
cb9de5719b978a78c71db699,1095693972.444451
af8c90983a23ee15c72b8e22,1306067147.969822
e35d8f589e6b1909f5e4132b,887731475.4470476
ecaa5e38ff6cddc14942eb7a,1160346772.1806288
d2eeec3fb1ee4d686758534e,1027122751.8921804
e97d03ef9638c8e1d270ed2a,651787477.8493979
cbd78f55af1db4d89b53b496,672297640.8483346
1b2fa2ee5927660313569617,975254439.9743421
f7f00e13da4910d724aba4f6,489217178.9896443
9a6b77dc2c414f0baa11effc,774289168.0343208
bd4d0b8799fa5999c5d2ee3c,1241308599.9311516
bd6b68abb113370c35786557,1237497636.2071266
4da8ef54252a92d9cc62c174,1015594353.9839724
38d6c2a9beac610279bc110f,418248891.61574864
32e6518755191bef743b28f6,945168015.7897222
4fd8d01a5c3abb90ad70cbe6,685524036.0961642
5d9f8f380a6434096a0cd906,538248073.4631847
724c854b1a991f060701d005,373567243.58887976
1bd78ecec17b584e827dd0f9,416264866.1614555
7e6f68184d84e09cc9ebc09f,986410651.1386166
c0174ef555bfdd648acf4346,578386562.3571606
6463505a740324c7aa869d79,743356308.8380708
f239b7fe0de40d208c01c45d,892278390.7014922
bd98add659faedc1820f96a0,553070224.6224132
ad662354d28a9b2d65f537f7,1022393426.561095
8e8852450fd5556f748c98cf,1098948299.9258046
8fd5b95f5808b4676043de35,697601212.3840203
73a23c9d154fec88d396d2a8,1161980894.5727205
374ca1a16b8eba42b35374ac,651657247.4915296
ff058f978e97c389e7a31f6b,671295679.2404296
9d7f2c004fd359136a662c9c,739302988.563923
2cc0129b386acf9cdfa4eeb3,641961272.5222982
c139bf6b72a93a73155e1f5b,441424165.51367104
0c017cf9740cb67d530267d0,639341491.1510769
44ff213b9cfb3604b7e4b66f,605783193.4138585
a09c957598e6cde56cdba03c,854934081.7696917
c846d5698bb295697186555d,961956606.7843444
a84cafc064a35cc0ad698009,537752053.6566181
ecda0d714f52da919223a520,878693663.3560636
b9398d6bec5cc44fa39b8bdc,658289885.7588139
79d230806fbfe96368b83dbf,1279965908.5877223
a28b1d82d3f7dbf8746d5742,885148462.6459777
a6555836840c7dd496ba9094,701361208.9912324
83ce7c2d2823f888f2e06ea8,1157711369.7563274
631f4c509de8dd64f1c400db,1125934036.2199886
2afd31619c21dc537e4797ca,1179804375.1771276
0be57099d9c3ad8a16984861,1038423603.5599029
ff29f12bbd7ac4b860909966,1178951601.5106926
d955edf16ddb9d3f59501a9f,888681172.6608669
96298da2f44ca873f345867b,677677016.469967
e6396355c1249c6290906b78,924338794.3492236
39f9f736d802b166ed688224,1390859073.5722663
38a0fcb41f0dbe8b0ef7af8f,833718998.7278893
79b955adf84fb2c52381921a,746436606.1050547
e335b8464a61ea0781f7928d,1179155942.1272874
71a929d79a6cccbce6ac5d79,1041177052.2201455
41454361857cf70c44e1f5ac,638095782.4010469
a16ca6293e2ee2969f3334c5,1122860429.0896196
4083248d3d2f2bbf9589b971,788236106.1266661
de630da5e1c9e27bfd94efcb,1081463475.074611
f2a4f5010f3da37e27505ece,513766000.33811724
53647abd1d1b10c9226eac73,536883303.5390393
e51873d6421addab3b539dd4,615268222.219583
be8fbefb8e06fe169237d4bd,1035623411.5968841
257c889187ad5de900a430c9,649440763.6393791
3198c4acc62c1a2276bf15de,718293357.68303
b22350d505b87dffaae3a5e2,982560938.4853048
49ad389014995f0187edf726,810971111.8013096
025d96090a8e5bd6f786e9b6,907544101.2256597
4a7156189e1f06b0fe87a7fc,824913364.7333963
e91425bd357561183b935d27,825153125.0498934
c9d996f458794961d9957c1d,825668916.9185128
084de965e32a2a65bd3aff5f,825668916.9185128
880bd21afee7038459b5847e,1029854270.8907447
2dba091723891d8907905a74,989137863.4418502
a39f9fd2f143b8ce1f7e1277,826899878.5841119
37050aba3553f3869d59f809,702960755.5854275
35a39cf33d16f8f5ff75fd6c,909836386.8179296
7c463a59e7d2f2b4bbd07e12,829581643.7325336
035d955df5a765531d1d0d07,969728806.3304106
be706475abdfd64aabfe45fb,824774610.6886852
bf41b26c090dbf0a19252e43,777241034.3178005
21aa860fd839233ed8b82653,540145087.4261307
b870c8bd8f95426a7e1f9c88,824633435.6352291
c5a5676bdb1698f8c38cdcd5,606299369.086978
3487768de3a13b7ee3df0254,863821075.0197257
dda7a886135a1fd8106d04b8,984808676.9066747
ee102e9d0791ee82ee4da2e8,712413968.3114676
1d4891dc27e0050efcc6c403,701809039.8110211
dc1fa8fcd0ffb8872d434dbf,662756875.2708648
2a5f727304ad67d1cd269361,917525324.6312573
2b10af4fcbef695b327b7d0b,859191074.4373591
516881e914708f6ea6062ad1,929700471.552302
5a428139d5ce6bbd9505945c,1137409876.3471577
38dbf1b9c5963e9c3d008340,1108028966.401173
02c6e8c7f36a2c68851600c6,726356691.3751653
d2684e676cae87d75dea5ea0,696283637.7666854
027947dd01dc991ffefc5082,567329460.8159846
0af13e27cfe9b8f237a9949c,578680816.1836731
32421841f7eeda76160d7959,573411509.3547509
96ad0e75433cc18f20ed83f5,759703144.3790432
b387b5eebf501a620f352504,1090400514.7166018
8ed95f9bf057114664ea441c,609964282.4365234
114318a8e5822ece53ad897c,535169090.8180715
3bdd7be0b5e18d266189d991,737615859.0217298
0d2c4bbd8a4dbeb6337b5c14,396845782.7487116
a98637742a212e332cb5d1f0,417803983.6988559
acbec9114912932b9cbaf0a3,660383144.0908457
fd81506b0a00fab1ff680b64,642130064.9979929
49e531941384af389b0aff59,510013428.15882474
8f221efe392ba42b519e5f57,786588554.7608511
1f33395df1e4f6a185c507cb,563195144.9004962
fa823373d2e7fc9443ebb6ff,714618360.8025813
0a6966f19bc2c303886ca82c,911563651.4220905
15d9a0353ad54798ef95e0d3,1186934779.834929
0d95d756b838d3a319277424,517199882.33761454
d644b23e4bce0e6e50ab9356,1131040825.3877656
6dbc77ad8c5c1e39f72cd2f6,1085687100.1443954
2fb5206d246ee7ab22fb8143,1083042303.3453343
f1582fc47e7b8c0eb0cc9949,660331340.0384973
8d7dd9de4e919fec5916862e,879515127.2124329
0b67da6d74bb3998c80893f4,562765561.5652355
736d25efc9e570379d32c089,845604287.7426056
4615a8a7af9d7cefc7fe4c4a,1145641337.045795
8b753628bd37b9759dad06ea,485446117.6963978
5c7c83526b72ced12a08e573,910652719.6029582
9baa578a930a94f761119fdb,502403724.9871515
8fe1a07cbe9b8f3498cf74b0,489256863.1437988
67a7cfe6e95aa5200c064717,731944886.5131438
b7e3b0c90c0d3bfe5befec54,599789617.7416472
e6a547b2c0d126c9b6800515,765581176.7686752
b08f88ef973c9d1c3a86695d,931052182.0307277
5933c18b8cb17cc6e4ae91cf,1087984216.932899
64a24372d58a2cf535c3aac0,847980612.0423452
e6f9288cdadc5851d29fabff,1242755590.1136713
71ba2f992908a5f91f832406,703732063.9319142
3af4b54bb5ee5fcff80f1e53,401279775.4408665
40d3f1f00de86e74e0304bd1,610657504.866497
3b758c26283c2f11251bfb89,1160145975.4557004
70cb6337c8c3f5225fa80026,1212427226.535334
0dd510aaba8036e8fd9d667a,941927198.5359375
ef6ac2a5102d7be910a3e4c8,457646176.67539126
24c32572ca6161a603a7d0d0,525742303.74668586
c7be09a810b9e54d2dfba4b2,682233620.6182709
01a5a230e8a808d844e64397,1224145245.667295
5ade8e9c79288d511ce1fd79,695736221.5321217
7cf50019422bc9569a985736,869593350.2824712
d4716e228067a7bb0f30aa30,674835968.4664245
cb79e02041eddcfa9225346a,864737031.5609201
b059afb753452ba358fb432e,1343888234.5091314
fd9f78fb2d2f4d01e462bcea,848627950.0034218
6337f924f515625e7fa638a4,631789621.5810575
3adcc2c662c8c7c9db5f0982,645613293.6494819
6b7aff233052b9bcb6b9448a,1380804079.8140416
cc51811e23409f4d77995768,578972202.1033816
e3cd7b6dc0495d5109086407,874927817.3794438
e63f468e1d9f86530d47ba4c,352973090.6859755
8bad8a7faae115ac9007b13a,720995583.8770452
d563312854016e9115d034aa,801554619.0390943
57c7684f8cd8d78909711b53,379318883.32480407
76b8190137ba3daa55db33a6,615730036.3626564
2bcc6a15181273b2fad05e3b,715162952.6649829
b998aeafe2cc93bbd96dd9fd,338449348.8696129
eb77734d12df7528af57c674,322441907.77071804
e8df85384a1f51c31015ba08,1203605301.6795993
b0a03d567e287bf4cbd7bec3,698046199.4468572
dc8bc7cb687a3a42b7e7d5fb,994933314.0333683
147de03212e554abbf3fc3b7,1157049285.783261
c09b8c236316b87a92a620b2,491506300.30387187
f5006b435fc92111d55c0603,392896292.63561606
ed70b749e030cc8715c0eba5,985861240.2910404
2a9bbd878f3f45745d76f059,1022927577.8642774
503f33d11f75b6b5102ba4ad,477516230.14342165
41479709513815cf5fc1eac9,714820279.8175812
0181972aeb6bf451012a47c6,765653635.8801479
0b35c4a3f20cc0eb751acbac,553779014.6290559
e5de98822287c2caf8b209da,918973171.2381095
f3d82ce1c6fac06e4997f7ba,1007547503.2306066
8e17d7d78e7acffdcb04d982,612030038.693483
f1e7a0c7804083963b5b6de6,546280511.5315031
918dbe66979d16b147bd3322,900090470.0382018
35dedbaace193598c9c438a7,401143806.1748309
e67fa931031bed13c711ad00,610990829.0594301
eb2bbf82cb615e3227305b55,566089741.5347664
e8d83f7dcb876d5d05ae3e98,637268619.8938751
2be93bf5132bb788bf045c28,504742030.95800245
ac2b1b560e8bc4fa1deb6f87,715065599.444827
674ea6932fa9e6b7581479dc,604020828.1232307
4893b21db2d6aa4417e1cd1d,1193963593.8265357
2dbef742d0c59d21ad7392e3,953301582.6192397
fc16776abc877decb82a5954,1258142407.1446064
6f84d405f419590075610c5e,1031245933.8499296
52cec2691ff635031fce9507,391110345.08701366
830b1a2d33f7754b9acfdd82,1001262036.9794288
fa908c8dd43fcbe9f721c0d5,1119159301.169426
90c3b93badfe7231410e95bf,1114608906.0533736
60a495b86d6eff1e345ecb06,571184006.6235904
0468cf58f40372acb9d5fefa,776017857.0417047
c523380518164e1e317cf1b8,837270859.4525834
142cf530f13cbccc3cc9d0a6,952098386.8573118
e0432ecc0c1fb2b00b5435af,496154354.6190628
3af3a702988bfa0599727982,931514254.2166393
99fad8a7877c57c0af05b318,574853560.5874894
b57250de388b7172a39dae8f,1049059585.2820258
42fa0158217c9cb820f2a06b,690524142.7683033
8fd452d3f5f1dbb3b65f5274,1070345189.8409799
27881ecd655786b093349ab0,1020135250.5296706
38029a1aa22c0a5beb065edb,1054433086.6779875
6750be41e08a725705256b0c,1196161668.4273114
90bf218565cd67ed83240033,1239354883.9284387
c6a089a9bb326c22e3f3aaa7,833480694.8488648
ede08c77d6090e0900654eff,1199246579.914522
2f7784465c1c69c8f786a0a9,1425817419.808588
5943151d9a76010179f6c297,794727953.2323552
82a3742862a06803242b703d,636680541.1083293
b815204eed4398e600b366ad,1147277454.3635247
11c4dba68fb47eb9c49df169,489491756.581031
4ae7dd50c6b743bd47340f20,1114157591.3031409
d81a040e22d541a74122f3c3,255249793.39931744
34c84d0a410920c303ba69f8,937104387.0273497
6b0828221f9cdf5cf39e7c15,517899832.8863827
c50d5b4e75f165eeeb2eba97,637944837.5270234
572488a9a75f64434dca5dc5,545844685.6503614
0e67ae9abf1e2b2f66a91a28,604541807.9755242
cb00154afcad81df60ee58f6,610143916.6202921
75801c34fb510d824a7d8366,479426362.75296926
98f2d7810641693c44096ada,905598731.1923292
1fb4c88bbf995f77f2f29b7e,924531201.3736184
0abc98f7ea1e477c6fe3425c,1098085108.3942266
b3401023d3097815687d1160,853371919.2474443
f1ef14babbc4123c5157eb9e,601666655.7706869
ecf47573fe1ff641f6914d0a,1325169540.4246833
0ddd21dcfe89f72e2246ed79,641792667.0710454
402f18888d480f5af146daab,639631630.6416044
61b3bd442f6fc8838e2f45af,991331786.9975808
c4eccc400db2dc9627c9879f,1015564078.767668
ab38b4fae64ab90a55b5a403,899863861.9624366
7f4cdc01f9086bcee46d1d6c,1082725263.6889985
1be9d865ac8d01f0378bc148,1003510650.6212466
f2f43244cda8e2f5219f3db8,603766875.7314732
89ca905d858c7731313c82e1,667629902.6812985
5bbd0476c27c53e2bcaf9462,741468434.1442531
7e177acdec9c0fe684d8fe44,714292358.9816784
b764bb8ae8ba0d736bf54f5a,494354882.99687946
75f6d6beb64d846d965fa9ef,1073219871.7314867
b5293710d0cd75f95de001f6,234711930.68225944
8b8ec04a78d3826b2c8a5754,618564277.3698084
e35579e8b9b24dcccf93abba,673292272.1730115
db5e320f51680100f1ec06f9,501142546.2470554
59be3c447844f31267366cbe,542937779.1216172
0f3b424c398a8e8b53162c37,1081870321.670947
57f4a3f6fe2e41ad97116002,588259599.6482621
1c6038b67a40f0749a72e6cd,677958700.6346962
e5da0e3919341762d5beed25,866695055.05847
40efc0dc313284d3b57492f9,755098644.3805262
601da8fc375ba0b3df3b38bc,1255512858.9843993
61a12496ac1e6f39c5ac5d3b,1303987212.417738
8635edb61b1dda6f4742cac7,1271829430.9973848
ce12b48120daa5704a4c81e2,310346980.56480706
acf4d60dad7953065b59ced3,1008413511.3040245
56e3e7d822e13838ab9f85b0,613928967.2971457
7ea2c18341f69f21b523906c,861865589.1430806
dd2396a42097b2e8bce52a72,690257110.3016485
41f99600339a7afc8e386e6e,964122074.5512892
b2d160f54ce5f98f46818e4d,1202495451.0842247
00dd36caffef00fcde85b235,1233997618.8537755
471bd64a0576aa67f494eb98,1011381309.2164223
79e307acac5f42f2696b0436,1086153501.56702
e65a4eec62e2a5bbfaad5565,741459241.6166623
4845ca0d30483b36bfa55061,747638628.2541906
6784e116d96e03911e2a07f7,465171909.7961643
4184fd9a546823ff1fea0b74,924709779.7900383
616a5485bc7721ecfcc21c70,440099689.922246
6ff3186df9d15b65dae5bd17,443862452.6218824
886706f32695891af743f986,1127725541.7555676
daeb02020f23715e663b4a38,690379165.7979407
93fa1c8ebb75b77dea76ab99,802825911.6148891
ab25a6737b3ee0c4e9cf4ae6,588375955.4063172
c5641447732d3d1269965ffb,1069817903.1782527
86b290218a62d0c51b099a08,1217286947.2662
d7b82133acf54bd3eac338c1,1411742890.639919
10fbecd8de540f1fe4c57b7d,478422555.02990633
137baf1609138c6ca2715c7c,476185652.74465793
f5534949a53bef05de31b07e,790788074.3004138
466d4240af2cfd09a31cf3ff,895276654.5401816
7478693f3e7e8963e95be8bb,467342044.7965433
6e537e91af0de67558bc1ee2,632722126.5762621
f5b0b51ed49be034c290efd2,992883303.6943567
a4885ce6808ffdb878c41f97,559780956.5158165
a14506a4800c27223fc34728,672957962.1670551
e8e97b7919856f9cbb9ad02f,1027630719.3042262
e16685dae2bd3b0a4803ec9a,1048172998.6104276
044b8431b186eb022cf6fc24,515903489.1068878
60de8c37c9eb96efc432451e,1045697060.5746369
59b88e154c07bb7c0ddb4e8f,720270127.592593
71590ac868415f3a185dc15c,1056405402.5759729
6388b4cfd09e2b1219268cb2,991995491.604625
f865cd15368fefd8c9d6aabf,678487809.1339053
ffd916080b1019827491de0b,1096664952.0110765
6b8ce573bc2ee68ace26a67f,732019773.1555132
7ce704ef5752dd496a61d857,802825911.6148891
6b1a1afa055c15908a855e9e,659282620.154847
2a9338f62c99dbad25aec5d3,769984870.915868
c2282da3ece2dca6e8a3bca5,852655829.793103
5e6324cfe41c3676c7d0a5da,1090456367.2068655
f1a4afc2e543ce4260f1d781,875959619.9732603
5d17daf3e98cf433267d978f,1316321991.8204856
d5f41dd3258aa346367d7725,663900805.3590631
da35c757f211ecaab20aeb3d,474535192.78734815
8d9cd237c737f6e62092a08e,1161849012.12464
9dd98816533e4ca8516a5474,1003939852.1263247
27d14f352b2983177e836e3c,1107689456.15487
3dd4fa53bc59e5852f9fee98,1123017291.726016
3ca74495aa9adbd533ccfb96,1127800002.9040973
dc93d8ca60d60a118f61390b,636294152.7708815
dd7b4c374bbbcc60bb090fe8,1068468778.9334763
f925a05397ca6163230f7ad1,545683844.7790207
66a59937c54eff29ab14b474,916234528.2506514
077db8e0877b924d1b57ab1e,380286920.0985381
aebc3c6079c1a80f8b2f1c7d,993844131.5160966
ae41a566826a10d5a6768d36,713987076.2496855
489fca3e6dc044412d00cca1,733829360.023816
fc2f58cc289d29fffe8a5fe0,1075419357.940234
59519bb6d5d299ee0b767224,730101871.966042
19921a97a52bed6c6b8f4135,744452853.4913143
ae08b7f31e69fd930ef4c832,744665756.620063
1b67fbd144a4a3ef40bd9824,853794892.7769916
9e142165bbde850d4379a49d,612685881.0987226
d3e971e2e224a20530ee295c,746159348.236632
a672cd6c8c284e14913222d8,733466174.355502
93086ab3e32aa9599708382a,1209397693.9991708
63773145b1a896df26504b0d,608956737.086615
17707d66753c1eb0aca28926,563446533.9928555
6a2d4d9a257fdfb2ead837a1,487605543.07206523
f9158cf51f5e9f644349a774,596603024.6982219
c09c39339b5bbd48f349a430,671078036.2935442
d470d84f5d8299c52fa24499,507071323.28318644
9d028997ff036c154c3fda0b,1238385492.262353
40ce7321869b706210eda9da,659638414.7572719
3fc826461ec4648e4f7877da,849863720.0631794
0e7dbec40eab1b3e5c6bc665,998468365.9368684
81b3256980dd7d7f49030c78,1291608884.3370342
fed2e1459e9ccc06943a05d1,1205850388.5463946
c535169307e21e5df7ec88e6,517150982.50016326
d78d84e4e42f145e02e423c9,1034129037.991573
3e523ee3a6c2d89436539792,1034129037.991573
5f2df52db15d2e0ebd327a36,509738564.44123185
1c1ff56435675288e78c4735,920529840.1446345
ec4226205a38a45d97f35828,1069852748.7001488
3214488a8fa9cf8b3dae877a,752319113.2147357
4a4fe76c58f5735ce6b018aa,1098222607.0922227
ff3696c808d4835d6c7cc9e3,666186491.6060568
1aee9081ac4a04490eb3f0e9,1035358327.1190374
8dd954e7312e6e6a07d6d4db,548262362.255908
daa52a91f1fee77f75550246,773721416.3169343
a4ad34eb244e48afe23a780d,599896282.4749391
0b4b741487c001323f508d5d,1034129037.991573
cb383b7a746ed55b21a8b245,1060705185.928443
4b092d4d5885cc224f6775e9,446248499.38791704
ba12305002d24055c159ed34,255402215.48082787
bd74d43d99a240ef4190ecfd,463460646.9860364
4957e0b129c5caf47b026c58,1062909046.8124884
eb270972f0f69f1671a0a740,991555032.0752001
d51d3ef396efd4760c979de4,759725514.7683101
ac65d147ee69785195ef7da1,835794191.112118
53ab42a93b6deb152951f82f,1074697674.646416
5826567e12ee3192785e36f3,1102697368.3975358
ab64918f2b2b4646e87297c2,1213064692.285283
88b0d688281db2ef0a782921,1103219690.7073047
dcceb6a2073faf9f89f3431d,1089188887.8717237
73bf75d5762e3dd30fca7b3a,815644828.3737869
a45ba5d63cd1971de19c25db,1105496183.149837
8467eedcf9a48fee0d72d95f,1259293827.2286663
6184f12f3a903658f3319290,675826569.4748925
92ab018394a5398b832d0b97,781861696.8102218
e8e215437d023387c4a55515,605104129.3783572
7b8a6949d55b5bb27c3c6839,794682529.7692477
33f1a7739cb556a78af083de,1126080557.6754332
39c6bd862f908b7e8088f0dd,1012019589.5234243
ae556ff5f318b73d3b29142d,699204236.3213692
e2fed68e0b614e65c05200b7,716344066.3162555
c62a4288a4a0336b1436132e,841112668.7338204
f23b32fa4894b6d59f73c151,970261950.761775
4ac4fbcacef08524ccbf3623,305742557.1911671
5b5bb8156b98eb51a58e73bd,861656685.7336587
53fbed4f9680917f0615ae7e,508443297.431954
730b528617c2841eea5addaf,789036211.7086542
13d08f7e14471fcf517c204a,348476640.27037853
da273cee807e254fc9aabb9d,721928451.0599399
b8f7bd85b61951ce83d7f57b,1402560568.2652442
4954ce465ba712543bdf34fb,507314700.1145732
b7483c951d2c19de665f07b6,432103673.55441797
913cdfdd62e35472522d0a6a,624013788.7959113
be28b90a71e2922437f25110,616050631.1287088
b71857f1cc385219f114035c,571266435.5334687
a72041a40ca87928c695b2f8,623218849.7727947
65a626faaed9d9e3b172415d,624013788.7959113
229bcf400e309619268dda31,623218849.7727947
367bc4fef78a9800f8616d02,623218849.7727947
dc0ac888f1e87924e3994b4e,579846044.9943918
6996e88c10a94d9ee7d05357,442032842.6262824
cb8fbae1b4141461127c97da,1315545708.588715
d2de34876a7a6914c2dc479e,1138934129.3568273
c666974c4303d43b87714c62,693025903.8896635
e8491a7994738d098a7aede1,1282124339.9558122
9a6440e5318b2de28b180a2a,728464103.8656167
9ebe11eba1a88fcb24fcd141,585846357.2477179
78b0f0bd0494fba0293eb0c3,626377073.8414751
047b0ded64dcae203a3015eb,641125263.8593849
7b95396ef4d0e97de8fb4986,948127417.6846931
08f1c136d5a456c0215ebea4,756311597.4928573
0880b703bf2064f59f2bf20f,863919713.1673179
cfc069bd55e152e40b3a1391,837713529.1678691
0a00771ee714a2f3f96c31a3,876640527.2929428
06acca3d0ef4685dc055ffa5,418028987.06272507
f802b026db4bf9d68cf00b16,255251580.1364671
4aebacb9ecd0a117307c7841,1119290641.6291728
81ccb7e0255eee6274f5d930,1214368138.120901
cd17bb739ac79f80d6f651a8,1212764442.728948
917829a0aba571cbe794838d,586415972.082847
5b83b73ec31031582aabc527,370073161.262765
5e18ac352e3f3119f5f9197a,1087014805.6449335
b7eb15346797508f47ae094f,669312294.0948547
5ac98c971b9293bc6a8a6aae,1084404874.3033943
e196b7cdeab1468d5d4e07c5,1236366366.9746735
0ea201bfd515584bbf72f902,1161090556.7659597
d2e6ab3b3106f36f2c3fc119,716299198.3533746
59db28ba77489750903261d5,900231570.8305861
b348c76e55613f53c8bbc94b,1123893718.090975
a1e38854d6725e9c48c128b1,400883786.7452102
b86c526fed01211fdbb62815,990421562.5249817
1d2b83d973547da8c168f743,543182103.0557135
0fe3dbfdf25d4b013b842b51,967162837.2749865
71a20a4daea6d31de942b2ce,1297539562.058918
35352b370a31d01748616b01,1132925246.2921233
27942219389ecffbce2e1d9e,1159908913.9041889
62fbacd4e172983a2a998daf,1107306282.227372
00c1165df93a4cfe679f54e2,1154330936.6671114
207f669778ed0db0e619ed40,615913473.1557761
5ca0586ab7d20dce5e9ca8a0,775394470.0915134
cc27435df779f16e6a62b0c2,1128548428.4978466
7a94d3d31471ae313659aeae,745925403.528463
efebd19fc5a2ab30f2ccedcf,1041743981.2922881
8037e40c0c8b20ab6e0d4b78,451886631.4646168
5ae3359bfe2a704de00e8801,693499664.2609186
a5587c93c012375dee920f71,650665060.6388959
ee7f7d547af56773a4b0afaa,1044432371.4521198
9ed988dd6739eb7ad7aa5a06,1132324026.587491
26c08d7331ae19e1934a22da,812770863.4367228
767024c66d3a88bb18407b6d,1211804638.0609965
6afa85ee6594d1c8296f04b2,643332416.8268187
551ca6ad1ecfc7ac21f8ef0d,1205302971.5309565
1f79204a8f62c29b0a1b29d5,410652789.2054638
3dc0fa238745fbc31ba88853,426796216.3832524
4bc3f597867c6844e9b47fc9,614385851.6369835
53973c17ea7e89fbee5e6cf4,328058260.44213676
05397b2087e5cf381809f169,761090762.0705736
584990ea9718bb5598495061,370962657.2837749
2e7c6a89d2cf2d835839f5f1,897755867.3360577
5c02d79c59fb636ca4cbe86e,495206270.4879552
114436e00c03b44096823522,856252867.8601261
60caee98c3cc8526d16d7f44,612432560.3024603
8207612808b5947f2802d2a6,742858329.4194698
31a73382ae20331521bf2e6f,782146553.9292367
c58947cd4f238cfdc0007bf7,1440632846.9917789
a7ee02ad2a4fa122799a2dfa,1216668156.936349
c77a63e92b9f727034913d8f,694984720.7261267
56c6bf831d3c6737e3844969,948650303.8689007
73ec6f4da3c277958cd2c228,1089946211.333797
7dcd1916c0485e0b80f9eeb4,1154448599.4117322
cafa94c4a56c23ec73ee9071,1359464073.865341
d5ccfaaaa739b2bb2b3d46f7,396057324.3931668
e6d2e862f58445084b2980bb,1256961776.2226954
62f96ed5c1e5f28117949a23,502585360.2622029
20d8980a4fa8e094b7a5f00c,502585360.2622029
0172678cb0737e21a317eda4,399657088.60696685
6254ee88812e303bdedb8767,1490516238.6255436
a812ed43db71868625b351bb,1023658034.0843775
2bd1c70db60a44d4400847ca,1143106321.7185419
b057dd8a9c2082d1a78cba88,350438495.6401067
2fb149a70fa14ac05582ae69,829546979.3822658
47e282cb12ae01243d713178,614044272.3918903
ae47cf27964393fd56a52d7e,936003652.6617682
21642991a20d6b0d17dea2bb,784639463.4228028
43b10ad2660d7552ab6c3b10,648328501.92545
64e5093d6bae57e8b4298123,901106943.3690486
9d8d3e6fb432174770c74e71,737807408.9627725
9f2498c12d7b41c213bec0ff,524037415.4393927
6461c0a03ad3ecf2f8112759,670741108.6577972
09b15382686c42fd89b24285,1247258213.8609834
da846b08fe2205d2e2a3dc71,504748052.1731343
2a89ac6511416d0920f1b9a2,1168547884.933772
3e9083411c44213130b2ece8,899109469.645515
0f0df5694eb388d843e1f17c,712917511.5095975
ee6a288e644183bb191a6526,574840318.9527587
8f570610ef199a3ecc49a0a5,715401061.2860385
3115e2391cc3a078b5e6066f,706568240.8039331
c7e45098251c687efe670815,652854789.6627352
8a3b7f5a8da339fe19e8f138,1056847368.4405587
2f801cf48edb712627196b2c,642107796.1832802
a147a8c29757c5d0c592d347,512246775.7751374
86b0aa633bb16582bab5640f,639004459.4324746
c9620e3e2dce92bf95c57c6d,856097955.9280742
b746e4a5c9d04cf4dbf887da,915472120.1928228
915842a8a03914c08a6607c3,367854136.5767164
e9e6e054c1d09a22b7efa20a,690430897.4487782
4b6fb9b705d80ff350bd620e,567096785.2886939
9a51784f33b0cdfce8312163,959106045.9538422
176c9a90fcbceb91569fa3e2,1077232295.0161622
c97e70a767a3661c4869bf86,866029671.2359719
a6bdb6221b88a24c9f8381b0,947575115.0290203
0a1e6a95a0f9598150c121ce,1135059329.027461
37d12acc69d0e3e92420e62d,731555974.7065575
d433ad6c3cdbd707e6839082,1044863946.2715228
36bec92975612d091a3c78b1,885720359.6882361
3eb97ecf8069775b9104af85,971451376.2961992
9aeed339b2d916cc89f38bc3,697464541.6193578
f404deec9ec16a8460397815,622759149.827532
8a0114372706f30bf6867a2e,880853977.9891163
681e772045fbee930fcc9ff3,1304456214.9770637
0816f29a68aa35abd5978e7c,804897366.4213209
670fe8f7b8ebe006885b2777,819520567.3820825
d36dd340e5875df6cba999ad,1181967863.626519
8ae869c5033c248f881ac313,1258032106.9064498
294b04da3eaabadd55da9c20,1014103194.2088668
17b360d57782208f5afdfe4b,1178072396.526116
88ed5ebb575d026f8d440c60,594015753.2488875
e611a37562f88ebe07bb28d3,497661575.80438316
e685650979374c571dea2ec1,550303144.466631
10d47d2c73f0ccbc97979bcd,646685004.1626477
fe96a7d758a874b1f0c42145,555394244.1354712
a7634531887e969c9c5469d8,409347268.1026975
42f38b1b2dc077c88a746c1e,611998326.9207809
25e832098d9e6e7c2f9afe2c,1070433753.9875187
b7dc47c641b46ca99fb83a0e,1134065460.7332556
0391d158ab104c5cdba31872,811899356.8100486
a3c4d0ba7b85b9a6370e131a,1229797145.5505772
27721beb237824844adbc289,908008868.4338082
6e807e25b64bf0de81f51c12,1451155848.9142964
d2637d64e4022075c8f539e1,948241583.9875259
faedbe92e3296977872a4aeb,1265867696.727155
5bbc190cdc5ff3296801ac0a,830651943.9028152
9b0abbbbfe0bc85686304ad6,823327756.5346534
f8263893418eb0752dae48f3,300261159.26950896
1e73d6064abab2cccdb6610c,308242876.9493063
c0155096575af5fc8db843cf,300587069.6617975
9c7f7b0ebe440f60d3bd478e,300261159.26950896
25187d9f4cfe89a525ef2493,325177214.31911063
85815a09bde2a30e296f65bf,297361569.9135285
fd45b984efcdb0b434033fd9,573261203.3932874
5dac2d2027b6c81c1b7ee3a4,307148830.87412685
7df538c0c831520e6d36e39f,421912412.21655107
14b81320fc31c7a513242171,306586195.08234686
8026e480ba395cfe1e09cec6,303387067.399601
80bbc51dd90d131d091521a0,725949290.8395172
ae6ac510d3e46a50ef24896e,299197789.4331108
06b90d41ad3ce1d0d389fea9,1004205211.0267466
8d911c1a195567dae3cad99e,635356189.4010496
2876aa9ef0b44e43084393fa,424733330.06015277
76556774906f9e12b319c232,308022018.0795324
9662cce3c4b92d1c99849899,1202779885.5947866
de3d078e5d524d8a7b65841c,1037817616.5490139
547c8638128424b89d602f50,1144642072.4415193
c8a3dc3654c53cf66953de0e,840114469.7684388
21c8b93e50ac884e63514f10,1101883779.3717673
49a0715897795017ee0de843,538564819.351974
5d646ababb10f51c141e0d8a,684740297.9646934
da598f8a82b1ad1b02961cd1,701373663.5659063
84d8f7109615519f2ab0a48c,756771135.0706844
0d027b81f8391d73fe0046aa,1025290911.8669504
079bc331430e94ee76f8097e,685466756.5040474
61055e6eb1910507640ce6b4,951845011.8220123
3f6effb8881ea683838437be,1233826612.1337605
92c8d6ee8496b91821d7ba3e,655093311.9745469
78a08f21f7d7c51ff4d5b8ac,1092799282.3593693
f7ee7282cb9edc77740f392b,936544236.7550323
694b0a500f1619c4ac4c85fb,986311549.7862297
13d43933e04c3c7a9e5071cd,914472319.978649
5abb555cb9d65db8e6c28201,743349687.9607835
ee8103b958673c589b9cb27b,1006392662.6886196
5b3a467a3b0feb8ed81be1b7,1318414797.2777529
e570a5157e02d440a78ca008,909421522.9096807
70298b5e8fbd66aee975ff14,802693992.149963
2b552d7b1a1488dfd618b120,346110224.9691094
f4ea9c80fe71a1bd0b692475,742818847.4768447
e6a9d5c9a82ba73e76817a81,868809504.1615046
9b58b5c993540ec3ab1e4a0c,969803741.597369
00858277a3cf4f31b8e3f738,840397636.1785654
d937ac866f671e4a0c090879,998589378.2190304
7d02b3479cb2d89d55bd4fe7,1138245230.5095127
bf79649b531e876c5f03883b,599388442.5130882
66a2ec5aac8969b2be538c1c,1138245230.5095127
7637c251618135e082a9e2b8,872220576.5884919
e8c9070ca596f88bc2e0868a,606960117.7302439
64adcb2941e9553ee394caee,558297669.2641263
0bc8475715e42b752649b4e6,867675321.7242138
956ad3b1dcbe8f236efe2d2b,597015359.4898262
dc81900a751b64dedcb4ac39,806264261.6063223
02e52d3895522d9be85c4544,565490977.4151913
49d6752dd196e7dd583baf44,651078966.2312609
8364aa431b2e267e41efabc2,807805643.2668065
1b59d33f9000d2e1aad46239,544774136.3723822
74a791baebeffcb7e7b917d0,690857666.4012345
0a3911a1a9284f2ff81689e6,645152439.8900112
6276bb8ceb13d174b8e405f0,508317092.12616384
d573d2caf8c67aa32bbe592b,579270092.6768961
57cafce17dc4de3bf8a9ba90,1081895714.4764905
1dc9e5c684c831b204d21585,1230952722.78538
48df432642971a97d3d4bd45,550628178.1969345
4902ccbe8456d3f0a29e5059,602462650.4000843
3a810dc80d3a63f8cf106717,948980146.3595955
c9859204696f3440cdb541c3,1124065865.0683572
349fa9cfa15d8f8bdcbe863a,1300310534.9562058
d0bdb51c8020a37fe8344650,967690996.8390021
7b037e6e5d110999e51b79c9,1049132443.6054583
f677c51266f5ada9e23f20eb,342709927.2003411
1b85d69a0f8ce1d6ac4d4475,808872510.3789119
4570a3ca0571c70657b4a1c6,1007511568.0668832
de32ca7785b71dbcc76a50a1,973723045.5830266
4e3cce6b581e74879c2dbc4f,489058685.8204092
09c4d4b5d1c0118d877d5734,918059303.3567446
b9809baae395914981a9296f,893037012.2802281
fa56058283c975be76d7c990,998133673.959986
7b32938ebf0b1b167a3d2d20,782589747.7049851
bb38c1c17612ce593e5ae7bd,274545215.160494
bf0485c2e267d06b9b1d90c6,978745248.7697037
0357d0ee6e0646113ea543cf,982469761.2412428
ddf5182c482fca7d881fcba4,871345907.468452
47e6a61fd652a3dd37556ddf,781670226.705875
a9054883a22542257c7e778f,254393343.0006991
d7c70d831e88d552da09ff29,1209608122.3277225
d4d138bbc80a0b29ed28a4d6,546515817.3786757
dc9119767bf4f21fcccdcc69,995376449.8242204
e8caed8cd754b0e3d43e6954,925551790.2677901
033307467830cb865a785e3e,691127871.5576895
5498b3e3ca091bb81be87166,682917152.5381174
bcaded180edb36336c2f5b96,1047987822.8988087
ee4377ff95580b93e80ae08c,848292493.0457878
c25e1e289cac1bbbee489122,1049005552.1366154
7e41d90a838048eda035fb27,925770639.0190985
f418efb887a15127cf2563b1,451296165.7285396
93b27fa67eae8cdfcb846772,655034738.2348516
6a42271a0b03bf9a856d1acf,838518154.0728126
2af9e271765438a47fa7e7a9,438568796.62405574
11429e0923f804d7dc5d27b6,1213003741.0531573
c218434cb0b05ebcef935e5b,1015920768.0197285
a98e4f4db7afb8a6c9f69400,738960735.1879153
3c35c8993bb937164ae4a880,1013066431.1334758
c23a1372c81ba03e6dabb0df,553108908.7090604
cb332695a296899d1c798426,767529236.2478797
2ace3da2fc4e0c022f7a8755,1179649182.5539775
14f1bf9aa68aee1ac094097c,864435975.9028629
649a2784beb9b821d36179af,943120281.4906037
6bbb8f89bae38eff88c89c46,501499388.51716334
1905b860a8d463c3048b4e46,615282056.8986461
3ec50faceb434f716d73613c,1315296726.1465058
99543a17b33ab955d03adfef,1072742686.1853161
edbafba81b92efa9b1400987,1172697209.3035355
9b3846c7abf642e0a6220e7a,756187852.9814776
691c35e98d0d5780aa82aa06,604274937.592773
395fbdeb9f0c0586a2b20edc,590918765.0378008
4803a3aedb6c20eb194469c1,576752812.9072717
bf95acc88b60a3d531fbd42e,553509281.1106228
b936e36ecacd7cbc3498cee4,705350197.4036366
293c8a0a4a358fe7554a4ae1,1124383015.495535
5a72e2a62121158efe59069d,664147665.4422405
605276b332b5e5984b83ea8d,371604120.0854789
d3de7e975a9215d04567e467,526797979.7128023
44b623f7fca1a306560172ac,681509647.2736596
9a6a8802cbf3549870c55031,548580236.3745402
f43c684b789900c58c8b5fd4,526797979.7128023
dd7ec9d7dfad5364dd303f49,625726806.1836106
506f2b1ff3e4e7e43a5596f2,961695532.3162851
090d371309090bf83b6fe0f1,746937728.779566
886be9a1881866ab1f300533,496436293.8037679
ef34f331871e8ca6573981e1,455539740.6811567
53bbf1d3345eabc2a8b7f5ff,734300016.3101296
5bb87c8d49ba8ae67a659b52,815171341.1956146
21dd47ac3c4e1d6bd0ed2485,669174537.8157562
f59686ef2740247394547078,1333056286.7099514
8fac177c5a8b4faa21b33138,331092681.47153467
b2bc172a3ab25b8caef50189,1029754447.8571055
a10055de743532d7b7bd29a0,608217271.2418622
c344e3be381326a1b6cb5989,751235428.9421544
3fa4ef366575bc72ca5a0582,783552629.54859
e9205b722e624eba0fd36145,1135021001.100731
e75699a7693c678786ced75c,636490667.7428846
23208132621583ce4a46de77,1343918688.41603
558d9e4b57fbe6c7e0a09a95,1239051261.8040862
1a6ecf722b2eed8cdc19ba20,1013168935.648323
11734add51785f1ddb999c5e,702725336.1181645
82c9ce0d018c1d620b7a6689,576748775.7426608
80d95b058cb11ec829b5ec96,704087993.3291326
cd89201cfe3fa19a4eb14bf1,669174537.8157562
d0a5f33f0689445e22db6626,432636625.03728044
c7c99ae9259b34bf9b8ba799,508878403.84580576
73806685dec82cf637f19384,512129860.85468143
83007c444fa52b34482ed55e,899052559.3909352
e08561df5747246d74136dc4,446215691.0835062
5b0219cdbb8ed527aec91659,1119914666.432242
119805b72aeb50f05d3a5bd9,996128262.358101
fd20cc372715855081e24eae,1023921423.1104805
e4a021b625f4ffbed391c6e7,950286192.342362
902d4fc2c44ae5ca2703426e,754498132.8729656
71aacbd62d72d3eb29a744dc,840006831.7117834
7290697f96d8e2101089984a,717215581.92389
314153750510e92ddcecf33c,1183309139.2514737
9d576cf721ad30ab1a4fd554,354439693.07900864
50160783a9a0503df5a38dee,638738264.1787701
0f4abd70b68453d3500eebb5,370909591.71099776
42cde300d741cb134a529031,429069245.8838731
1e9cb258a0b7e08244d7fcb1,683244835.5286688
febc9a1b054671445d756cec,673846192.6144263
39351adf139f820864dfe8f4,1022139702.6967461
b4fac45659e67d4e91fe65ff,255094910.6026131
fbe555f6bd0edc1bc950d9ea,1066735390.6228038
67308f6bb80d2a203e306104,448857645.8015671
799cb909791d43a1eb305eaf,968125702.3564441
4354c1b6b27a87c451ddaf36,575366511.1088437
0b937a3ea4864896b744108e,393897291.67218673
b96d8b77fb5ba71ebce2fb26,771559369.0750468
f4b1645da3f4286e39f2fe4a,760876941.7689505
a2d1de4211aff373009809ec,579075088.5056409
50b619ba3e0b2a4c6512bc97,952546884.9697514
3d57abd322b0077efa1091df,1048430104.5960076
652793275729ff3b69e86072,638101599.719213
1e2270f9f49aaf3be01dab49,1491822800.8297975
99970db787f55a4d1963942e,414909243.95893043
801d821fd6ab7ee01b62a800,878880761.2642453
2abd46909a251b8ebbd37133,603257037.5526162
20a783884d6bcf1aa5697772,636520744.878372
2fc38ab2689eb24f63e32efc,1028602430.4694583
1f592cc4ed728909040f953d,1177608326.351408
d1dca15e36fcc5ec14dfd870,1177608326.351408
54f7aab6b91b48272a81fb47,1136301259.9131315
b6d84e7d569d8d0f0d0c9066,1106798239.6071365
54d10cb2a44179fd4d726f1b,1185124037.6755772
341c307eedfce3f735f4a63f,814295780.3638915
1e057cf20757627d1b006141,475802212.4418124
798bf22408ef6814759da1f5,998074670.3103232
9ef3691cdc2bcece41b47e78,1015185481.3606147
fd5793113661540ee34b8cb8,998153510.4950206
9c4ce4e9f12764544cc8bded,687957138.3654908
542b5322e59a3273e10dcda9,1088412048.2813659
af578bfec5d84cc2f4ffb8bd,838564897.6638148
a310528e34207b5dd813df8f,761616711.235499
ecf5c9bd618e3976ceb5697f,1116276673.8524785
d342a1ae299065045a957767,1446083350.4026184
f5dcdfdcc8f414cb7a38309f,617275931.8980768
4090c1b86074c8e769cc72fd,549201181.5562652
7ef2d4777310765d0c8121af,1101000034.1014
39222ab30001b3cf45b7de65,651030639.9856668
91a73bedc30e0c2acd95d6eb,924313040.0802456
d1e6d6900eebd9ace65d6c36,644512231.8228738
592c9c45c07388359f663219,633384016.4421296
738111512f5e5052927468d9,1159838651.1809926
0db51d4771623f5fc1026d74,566073210.0878602
82c9556e19072558cbe3a7ff,479983712.12173843
c1e51ab95336a51885b4c672,931129349.0805278
0eda675541a035b1f620ccc8,1058137541.6915598
cf379b41b70374ac4cf82dc4,571209440.4211617
d90c961aa01e51d63e50a2de,1087059700.3219693
990379c9f9f210206c6f1916,1295578843.8384295
f8189811dc639d760937df95,609784874.3397226
3d1deb639d94b292552a123c,671489189.3687625
43041a793a13a4171f22e492,668650795.7707348
052d00805b2602cac76fed4d,928127314.7249649
c76207e622cf8a208910707a,706048336.3166969
ebe33bde2abbecd6d1fb0cfc,629053555.177463
2e23ee2beaf5293f57a5c504,532697450.763648
abbd422c412c2d57f5df62ba,460402637.4312566
648217f4d8b5e0e65dea066c,932182787.5769273
52e7657a539be5f36f48bed8,1202189293.0747342
3a276f0df8c12422e14107c5,1007316204.4242887
dc537b5973d2b94acf6f23df,1057002819.250916
0a41279a5ea9b92bf8cb79c0,1319804776.1827087
80ed77aff62d4c57ede6ba94,695505648.0624133
1fbc660f780245bd72015f07,964990874.609632
df1f513009808ebd46ec0847,713844128.2705761
58708fd9e83147daf1a80c48,541851013.4953703
52b699f9900d81ae85ddc7d6,831281005.8252165
98c5b154ec80083bf6f51835,1096664952.0110765
588400f7829874f9de919e39,581391945.7741731
46a2a88ef09b2aab932ea02a,982898586.6119869
31474c62a8f39e250fb2882b,1163736093.3494215
b40873d316de1c295f2a97ec,743553605.4848202
bf4b8b23cd87377169684e98,948998108.904392
a34b3b037805f2ec489a95fc,675986586.4593931
963985c57392ed0423d74caf,722595357.9137967
a93a37e4cc75c069e14ffa00,750730676.5246257
071f284d07719a3517c55567,821855572.3154073
5d030db414b00948ec10d18f,448601608.99124694
6e57de8c4ec2e42832cd4b09,1003128454.2248513
d9ee40ccf461ce3e9ebb815c,722873271.1574092
ee13d186a24af238d06e0c2b,755053672.9337215
f27397321c007765244e56e3,1005951926.1084678
959397711c3f452486ae591c,868657870.4928887
a41222195e5c7d7987dc3c7e,524492679.72420144
ad14cc63c36789bfc1bac0ef,430521733.8133318
79ea72e7b03cfd4fdb5219b3,597754837.2003392
cf68e05962a41395844e9c80,642784026.6579088
4a20d03d09fb9d0ee5565ec9,487586080.1406529
734c9446d0674b8d6545bfef,1063835398.1644778
d9706de7190ae64c83e65769,701470319.7474995
b778282fc4b9c43055629e44,1104276415.7880526
a4d4d6480b56d6198c0120d4,687713146.0780313
7557a9bc12cf0f2901c00264,950942713.5230143
41376f69b086937257387f1d,756706278.6460834
2910f3631d1db77e4b61f8b5,601448660.2058625
3a8a506c99ede47ae2257e87,872241902.4960494
25d89911e830697217d460f5,800522212.4384966
365a227184022e99f1d2a816,722996960.68797
c6e34cb4e79a729a5df4183a,1019397304.5518539
c5c3f06bbf812593d1b95a40,1012747466.9047025
acd6ad0081960c0f17b144dc,1053928804.4010037
344a104d2210954497a5a388,735530125.7654595
c0109086d0f49aac6c3f3f18,606240050.5068766
c42c99f5da3248e7bcc73fa7,825512450.0035726
8e1e9ae57400052cbbaed9dc,1371501530.9575775
8cdd55d191f206b0841e56eb,1041919568.9538939
c1e0b47866cf4a0120e4b3d6,628167918.4200809
45a033d121ca5afef24161ba,607089445.5486735
bc834280fb45fb308d957640,558633680.7127442
9ddc14c8e7fe7ffb078e0019,1053215782.4514915
7d66238672def6f73c25247a,547150211.485912
2c12cbaa1f14553c1d41b958,507636925.7595555
196969a98960a68088266261,831281005.8252165
a5a3cab55661982b7d30bc78,636521605.4194361
6464d5cc161ac659dd963897,538908838.4403918
e9f44786cf982100af0984e4,1076466407.11006
6302e608d8f37e63f4e5cc27,467161192.01833844
ab614a5008d68aebe34aa201,920991951.7462788
06bfbccfb3ec0b1f65f4b351,1093033222.1786227
f7f46ac9158f0a1edd01709e,844514140.6583798
6e233ae6294318baaeebb59b,1207438836.1301782
bf6e713a689f574b532edd4c,1031431436.3072261
a7e97bdf2d4f2f62f9889c3b,631545998.0913306
784822ba0060eac9358cce22,365146719.24488616
13c51ea93d19df6c273a1502,677811436.2208637
176e00102fb65cba56279287,700284804.9329565
52e5904902e4d75ad87afde7,771219479.103762
728ce22c8db9bd0abe3f20a8,1101304391.181233
e8bf121ec117e383c843bc51,1507751681.4678626
878ff8ef3c862929bbb19ebc,864487834.9640704
ed80ba018de35d5d76d50db4,1160693240.3840013
9267fcc93ae3b6df8c12d9fb,530751521.1063772
babe27dc477f5e1b7e438422,706197881.1943867
a4173461aa676e09227559fc,506608799.31146485
f0b2a0602bb5a83f0827ac75,864214399.4182001
2da346c00d6fc39268f12b82,749924957.7254349
9ec5fbf8767dd0d2744a79b4,697264792.7694237
c85e9bd6e20ee2a883d0a7d9,404573084.3778841
191cb509fd44e580ee32486f,1114225293.2734945
053d37bf1d988505b5e91809,714572409.6568885
4d3a66e028dc8f3e9ad9e9cf,683349671.4101553
c75b265c0eb946ce77e32ce7,961480711.5137782
d233eb8af3ef7e325f6c8f9f,443262497.2240745
7f7f5313341b3ca499968716,618059578.1279869
4fa51848638f4437a3e31682,925361257.5083439
9090236db3ef719edf72a330,1351316896.4947932
4dacc190eae91b059dacbb00,1219394546.4046655
ccd2f6ec8e9841f1068b7c76,846839876.2702382
a354cdbaff42acd1a0b5d82d,905371715.4186118
da8d3092ed0e085a83a7d67a,799299340.0747623
1181e18553eafcf5edf6fa05,1141754806.6175752
5b146f1914acf2ae78360fec,1128624991.3852386
a0fa0aca2f6c2ae65a98ccbc,801311798.5787988
038bb35043651579f443c481,796072540.062925
430c46358b85ad4a741c7187,282380271.0809062
4becfb041b0439429f2cffb4,536883303.5390393
feb87029d5a2e8125e165bef,470668133.7260061
61ffbbc24b30698ab8f735c0,600167174.1094549
0e3067f71dfb9dc2e03bba59,762601735.6562407
b8ec643c66478da376153333,757823593.8662575
c8bccdccc9186136a332e995,905247556.5066462
0f4765c8929a87746217e957,1264230563.75673
68c145df0ef91fb4d14d001b,483839963.8794668
e5b92a0c67c506ca6e92315a,512509218.09753186
a482103965890c922a66eedf,851540623.2490444
1d917f9f5a3cd44cc4dc8d2e,489751789.2643881
4cc968db25c2cf03991c0041,876836355.3941501
91ba0c5b21b52734d1e244f0,651371952.4604566
d6a8f4abcb02142c6dd15b30,525844706.52226895
0587e7e1f03af8ea6c46290e,660022584.8410723
61e1e0c49f3aafee6ec9179d,738890812.8790027
797da4e993a993ef80277108,808157569.748969
b8acc8e72f2c498fede3fefb,795314130.8877832
ef2ae24039bf2cff1caa4340,708845256.075762
cfb8d15c6b0c0e6ee4b92109,797760937.9059229
05aecff6fd8d866c6c157a9a,1002119068.4178939
b2e37eb7cde5cf4290649ad3,943429161.2091782
b7ecbd35179a7658f3c11b41,925767802.5296959
699095150a7f3f32c40454fe,1212100411.123935
989a4fc1590097414d7c3fa3,466437692.2287234
b6853999c45e21646a0d1b20,254225730.03970587
6ddb6863958ded0d72fcc6a9,358412006.3318064
f6fc3807b54d8c69459c4f64,560769254.5556631
6528ca87df8bb477f4b6b8c7,698992033.3404785
7bba885503ea7716ffea503c,517104911.02570206
846e6f1ba1c94966314345d8,780279794.8327731
04e6a79dd3e4d8d17c8b5387,1318134042.6749468
4d60db10157fd0b5eab9a23f,1124753950.3846884
0d7d434afcc5e93050e0b86d,1117400714.408881
bb9ffa04d913d06846d082a7,1126077295.4614058
80abc4c356813c1e4ead1e1e,512310220.71797675
df8979b26c9971dd7c3500d8,1046901942.5484935
6ea18874ea84b5b4840f9b85,601149983.9888062
aa75ed5781e6e8584143daa4,733292465.0813468
c8c8d083c9b9600059a8b8d1,482313331.1726366
5c8f3b7ccb4340263c255d00,678341364.3369863
79b943894c4dd68bfd8cde7f,611956987.3450698
64f36d32a3a64853227fa69b,1117258762.5622778
d7080c3742cd9d72e9d0ae48,552795951.7549009
8333d32b98625a2742cfabd6,702706785.7876729
bddcc7fb72bb973f84b864dd,1047137898.0659988
5a80dd0f68dc2cf9fb1b0c03,493780332.29397744
5d82060575bdb7be33e63ecb,1062641008.1256447
de416f239b27327e0f78b862,1061030150.1217635
816f93a2e035e4fcf61ee4c9,1032774739.9300008
aca1776ef24acabe172d573f,1055500342.7295599
af32aa018cdfd081a81bbc80,630430986.7324951
7d133cde943d189c9abbb6e4,1094422535.181272
80035ad5b3b4a948469800bb,721882314.8309016
95bdebef7fdc2ac0e9541c51,1075925163.2512512
d038e5695b32bdc6fff1f72d,1087528147.6490245
2979f2d91d649a8c14f5453c,783848019.7983326
a0be286778d94153d3b22ccb,920560407.394243
57e8ea351ecd1ff0825b1324,1123888133.9530036
c84f96cf4570158c3832c3f3,872772258.1486617
93ab279de0b7b414ce758153,698864622.240015
2018131ad3f6e5aa8f4be704,1054093761.9842749
eb055771816b45213df3ff3b,417348001.02593803
8e3700ec731701361d7bb7c9,564995838.9298143
422e994aaca85628ff759004,862227577.1307687
569e2cad5c18a5f393f80a8d,970946352.646991
7b4ca3a8d09968e48c185260,845519913.5781275
12785f791e04b3a49547fbc6,1161420716.8275323
02ea72128a99862e9537718e,923883604.8468179
fd77ee8ca0551b5b614b40e1,1104030632.3947415
ffbf6a54fb00029ba24dd3ad,472746544.7159964
a295b12b773127f15e83e174,744220481.5986177
90f0cf22cf9c8fcc290e495d,419934219.3569821
220d466e3737f1f2a8ed06ae,350019124.6877927
235c56f4afd6d87f1b3e199b,652474693.088851
eb0f3b14782c9a484408c606,767011870.0212564
4188712d431ba996cd59fbe5,778813073.9147983
3dfd7e954d6f7f40af60bc9d,490492455.8049334
00e80be4feb1e8593b7713fe,548170604.5725548
eabdd1bad2bc4351ba4a2635,806180879.1574777
850342685ececa472945f7ed,602394556.989814
ecc4d05489c5ffc8164d5469,424981664.520793
2406d47133763272a965ef51,436552831.77531564
b9430e8c145c2a0d7efab2a4,677276943.2283152
4f8dfb8de411b8a05c55dbbb,615939259.5221735
574b6bef16abb21fd67db401,578952844.4876353
e7ef0d61e27de15f10b0d643,801231058.3735455
647ec3f486cedf045cdd3b68,590196697.7785844
69d83d8492db7ade6c37c3de,547981760.748657
6c07175274fba6a0dc467cbe,640489977.8255594
a5a71962df1b8bc45bf5547e,797039734.3570516
ff61abc1e7843e20b1bf8656,490412201.59751743
540c4d7a79864885d73cca95,468603939.3899728
17d0f69ae2c4f1aaa1aca9c7,645395135.7527276
80de6a9303eedbfd1c69601f,824644017.9902639
7cf573f273b14a6cfafa3ec8,587784379.2593546
eb9ab213defc2de5d878653f,617524611.0676581
69f7ab8608b5328f106b42e5,815042677.9302454
9daaca90887e5144c35daeff,526910374.37884516
2bd08c0964ef4a95295db843,906715454.6420653
34f0542a538cee9f3624d897,454623023.5341229
847a7fbd4425fd2fbc4b3edf,1293187029.4595416
22428154baf95870f1d83fdc,684673309.4898673
18e89f083fdbce3da0a82a4a,998044507.6760991
63674e7ddf6f2b4d7c6d5c1b,446618414.74718726
0e97f66cf4208c1a57d1fb17,468776398.54407334
a90f7cd68b662c87d9fc2d5e,664539418.7416279
2086639384041f3a9b519140,733525122.852063
d38353aaffa4af168518c6c5,680076182.0375288
d994f3919c3c8fe0ebd538ad,1179394731.070728
ea9d6dc517c77ff8bffd596b,1190330825.314797
ff83788b9f8db0297f6c0148,1094302713.8122673
9d9564415e52518c2817f66f,583735106.6234187
9362189c5d784741c9b0f8e7,885115862.7616578
ffb510bd3f847f4ede255fbb,438040417.8832438
7d3e4ead63a869bae978027e,859567138.913306
5dc404d1c214abd2d45b2a0a,1176150816.1871738
64335f6d4c1a7514377be77d,583603054.7803472
b81801f02a73feb1db7f5e83,1247996008.4180043
b5d6fe84ee7c6a703891112d,1210168951.166697
af0502ae1fe341c2ce1b5325,564400577.2712424
ec43b2789c9cc266a8e0d1f6,509269159.5335752
7ff8b0b5ab4fd12f3be399ce,750922317.6606716
d5c8073e3ceefbfbb547eee3,811333513.3545747
66379c5752189c150954b4f0,451599478.64551526
6a3f9046cfdbf4eefca3ca69,572104747.3658501
b549a72c938d767ed504bd83,814458264.9641352
f48e503ebd3908838c1f2ae6,514692480.7929636
e58ba64bfa5280630bfcfa97,701036667.5327581
07edd16680605925192efcf1,631838560.6656209
70b821bc1c7dd846a8be343c,475237705.45747626
d84d7edc4a4896c4a8722328,557858594.4755158
6d592a69209ef3356e656c44,504828633.24861133
ca9b2ef10b512905af6be620,806328379.6708584
bbf16146922556095f53b5ea,926170784.7072732
86e80098f5a3e7dbd635838d,709036192.0779816
dad46c20f9f7d834e522fdd1,1129284516.6512802
e2dcb036931bf4b2aa030036,1111001896.4551518
aa7a25411bc0f9f93dcc40df,574374527.0974845
e192181121fe58a8bf94aecf,602159937.6027889
5aa715bbe2b178ad0c9e4b08,948854845.5673251
43b5b5a9a1615eba48ab8b66,611832105.0752372
dc91e3fe1b190fd8cf2584c9,518854858.73863494
1014341bbcd2fd5775631f78,509959735.0492915
7f2e9d302a6ed1770db9f7cf,780259614.5000067
73f4074e5e09e52e0e03598f,943421904.5239304
0460eacc73398bb95f0518e2,1179136407.4275484
5a44be6fad8878eb2c394ca9,1150872423.4458241
936cdcce007bce08a72112b7,652180147.8091972
8334a4cc7db8ed5c0071fe95,600193827.9471189
e3e9d1d073b129c697c1e9e9,619759323.2837561
dd9a60c3d502ca3cc98d9b73,715319652.1796556
949184accb5878f82fd5c10f,1106659481.7221317
bbc675f7edfa0425c78c15ea,781317877.4644605
7436750d73f2e56b4f29e98f,920558861.8751806
cf81103f31f74edfe0453de8,936595081.2833884
620e467297aed5c47e22735a,362510866.8880124
41037a3f8625082544979179,551889460.9828855
6a2db40e5f210a31b2f7119e,658979671.762031
0083ef74db679d22463a1afe,941705398.326083
b19be1ad7f60717a943ff0f7,394749010.33354753
0906b6a88fb1eb0d7bfb6bb5,507635089.3777646
f82adf71d17c261b41a5231a,1008477336.5107572
bdda694c42c52ba4803d482f,981179885.9862332
80f633154b6f94b8fa24f213,626206260.7859495
f69aa18a64d8b8494fd9fe3f,400848218.8499972
3146f3ec9b237fa0944cec7b,641116732.567371
5db3d671b5aa03dc33f258dc,400007577.48048127
d5239537894ce7f2a9cb5a49,580684672.5472467
bc28e66374356a4fcf9b62d7,770486933.6843889
3697e556be961a16a621f3e5,495956996.95127267
bb6f66493fbafa76d70b0a34,900263956.5091009
e78a4111d943044a9a32ed80,1009684578.6362454
044e2daf937c0d8373f2e914,842250248.8162974
77668d4325802de9d63609a9,727677589.9650698
a85ba83751915d8d5d1a0e09,930708561.0242845
429460d5f5c5381e945cf449,787778770.2973871
a53dc5c58f7384729ba37a21,748951862.8384182
a4dba76865fbd14aa19c0286,1203161946.1393356
7573c18a79e5e3ee0610d7cc,913825571.3486663
f13f72c1cb469db92b25c2fb,1078038986.043972
45dd7eee4488e88d71d46783,1195782290.7915978
dd4fd04b9fd80818bd543f9d,945765116.9925646
500a3c5953f89b431184fead,1133438793.602745
d2e737461b916ba78030c76f,980040874.2246373
e1e69b5a90431b8a44265487,562663634.5916594
49cc8164d94a2afe8b750af4,607310777.1021186
e9b054016b281140d2566d88,1341323290.2784815
32161228e9c502d2c21beaa3,573786451.9818847
9017accdd4fe3229fc45280b,333648525.3024248
17fed4a312a9b773f64861d3,447055570.30258274
8632f5681d04d9c934675409,1194488352.0943518
8356123e4d10a479a12e98bb,761474080.4327277
70463649ffbda5fdf3c10ec8,734327133.8777922
1414ec3cdd3f6ab772fc7584,937763641.1323819
937708417ef2642b7d05abad,1139133617.8126462
afbe90d764c1821cdb26e38a,505265639.1629777
14331a3db021936067b15890,545314194.2029539
793efc460dd25b67c644e92f,667977630.4157403
0a9e4dd0eec86037a36fe769,623467412.7303092
e5168779de76d99010e37c7c,1039077474.3449836
016dd08801ad1a1e7f6e695b,1214890821.0803418
ce509ce153f452ff8a997538,1018074690.6959457
66d8ce8e6aad18a4963275fc,867581180.2977324
8398e3b96d1311c7264f6603,1220349740.5990853
e9081115ab418ef1031326c3,537048612.486468
5c8240a1ebf6138f81dac715,981841910.255491
18cb1adb2078fef29a613a96,650858353.83648
4167fdc804227ed43224a32c,980022865.9763105
b5d0ae257748ea92c47d8fc2,334177578.13926625
1d17f0ff708e6f0b93a990ec,837615504.8372997
764f506bb2aa1ac4de918a71,772779976.4676093
7a861f1e3af4dbbf55b2c301,501301916.85571396
1562a23a312478d7a05a33dd,861749663.8709933
0a040fd24e23a77f0c58495c,735400870.0021427
7f0f5931fe148f6187ebf512,962100618.0711719
9fcdcb2be94744d00e734a3a,1093576905.2255852
f181f74e96a93820a23bc0a0,535877340.7905136
5193b43c32a2bfb3aac6b2af,1176004391.2482076
6cc7718e834ba47a429d6874,772858195.5923762
b8d06f4ce0d6e71ba0fddc26,583857336.5934345
30a30e4ab286fd822c68ab5a,671498770.8446964
f99bdff027d28ceca0caacd1,989442676.1320534
f46f5e911c6c595efb5b7ab5,937119449.8896691
a7f0c831d82505044f370b1a,494816800.2646426
17069e9f4ba45c93738b109a,558908014.8105186
dd5c910c2a3d63b8fa92096f,809515739.8523942
a33329c9ed11ee8b87aad6b4,492045320.52289534
925b457b5df270a68b84753b,402018441.9915406
d206aafc71e8aec2afc3f8ee,554085301.514261
f8232717e74332384075dde8,447943924.5342684
f60d9f0751a14efe41be383b,319884038.2689365
13adc7946bd4e6e3e4416e52,470897671.71152556
230cdc90e6c825d391d5025d,490313371.1236214
e98cb170e4383546988c6829,809515739.8523942
5bc46671989de2534553ae49,835908833.1870675
3b98c8e46cf8477a1968244f,919043599.166543
f9f5fa4ad495197a5c9b492c,403121873.7702111
0bd42f8ee9d36dae4cf35886,326117049.3150073
567ca46ac91cc53e3b479547,410201634.3676282
f0ebddf2bd5aac661e4945ce,769799340.185244
eee841bc785b1824b6419a73,934974227.2528626
004776514ad269b380581066,549960189.9522344
bd3edc7854cffd6b6debfb98,874770085.6304283
0b42bbe66e438fa81a2ff77a,687821201.51686
a33bfa6cf99e26bd9c49f8d8,691292422.3010182
8b45db8a4f2c0f772c8d44cf,305658322.1766943
262b5b0bb408d7cf53073832,511903298.22687036
5844c83fecdf7e09b188c2f0,653599562.7891333
9cc3c05f0e81b8f6454b80ea,499385003.6688106
07c46b493733d74c4f384b79,817555001.3564088
932ce2fe93b8e1ec0e7bbc8f,345963758.6138233
559fabe06aaee537322d0af8,486906437.165853
f4da2c8dd901cca9cdd51025,653804962.3156698
84eb4861db0816bc8722f379,691083949.3759397
d0dc69570223bce949a4c17e,655358775.6721296
abc2ff9d0e7848169fca170f,447402956.9300682
3e3880088f0df7c447e27840,606401195.0867965
3580dcbd0a6d7d6d3546dad6,977886313.2615737
f123231ff18912a3dfd7cae7,542710106.4304821
78a7eac41dd672cd1863e3b4,1065479687.7937036
97def72de478566ad58020a3,1004119636.1818583
e3e2e3080cc309d34014e8fd,617866279.8152293
71be583d473084bc0608d066,846660376.3670629
ac6a4c672dfbe20f5bafbd89,691446415.0261458
f4fc081a112f5ee1b3a09e70,950424327.1947687
d8add8f5e0aa562a63c894d7,979509631.5912527
88ab887e18e38d0b8315286e,1045409964.5844803
07c8af84608e6c9206ad6961,692092801.1630849
2b352d996677e67156391e25,628105333.7987274
ced624c6debaa01c732e9f60,961316628.4382484
ef92f63b46f27ccd2151a21c,740328338.0631133
f4022026c279a9b77a894ee2,687438932.7821313
e2e2218086e6ef5377c01b68,974841387.2831502
4af83eb7718f5823ae69fe47,910481271.4478782
ee98e745afca6de4550fe570,688754709.5937599
bd1fda425d792fb0de7b4499,623788168.69303906
86b2d3ad1dacb372734f810e,606401195.0867965
98abd5139cc3ea136faf7c8c,945134873.5891876
4582ec985de48290c5f1f5e1,699726985.6078724
312a6b2a57dc6947f95213a5,356805518.0016414
86a47522586da2884181f128,657624473.396779
b41edc115f6b439caf392941,507213675.5946708
fac682b61b813044a3e3ad01,972920049.4415619
63f4e57fb2cc22659e80d6fc,312916552.2246612
4310c7a552b20afd46f930d9,904440345.9873302
4f18341de355d2cf57a03983,510105670.6863315
a418dbb6d04e505c133c6c1c,890005643.3149009
afce1d7c5576dc49c80bdabf,623799407.9279265
5ec12159380f4d1a85e8b0ef,531543371.8765633
78d10967c36cbf346bd58f63,679214850.2038853
f995364cc33c431b3c93db45,935291329.8078868
99b31d0b5d5ab75a2653b1a1,552468781.0697006
42d42ad031a2c62be9b5cdca,691445894.7942386
73d09646de4e0ab46feaceba,519955400.4506235
bef4759bfc25c7d44a8112af,653599562.7891333
c038742e427830aef3ac1c17,487293109.5044576
e96a7f5424558193663ef6f4,890231672.357888
1af243eb63d893b1251f44dd,740328338.0631133
a083fd17c5e7c9d33540b922,422633683.6740835
549024cda1c093c9f8bc2ea3,521779224.96228474
164cf5fb9a759f2e4be67b6e,929098954.0314025
65ff6cef76efb4c83ac0611e,568996277.9656247
784b1db005d39c2f57666efb,850136107.4476898
a2f06081983f748fcd74652d,509033337.4156873
66e4f010db2febff23b4a4f5,579846044.9943918
9702cf3039b86f97c003e20c,704573430.4044248
48de5d43e88caea594ccd27c,949790339.7037697
6732c28a236aa1ccc0cb2c86,1162156990.1958718
8a1d1f70adbdeb233ed3ec3a,611401253.7572215
c775d4f60fea55d5511da4d4,606551913.9566618
1f4109e1a4b47a9b11c2c019,1040835208.0001409
31ef69bed8e54b5e1fb245aa,709686065.35293
882907ccf178b23a02ce262e,405521228.1790143
2868ac4225657a13f6149e6e,716281343.0519885
cf6f0a3cc030024f4e9ad06d,688115895.6646066
0a1cdd0d5c3c8b973ab1a98c,1102706292.625579
0d099b1e1a314dfd9aee5293,572997399.9352764
898d1eb301c92ab6603e0b81,627913622.7099104
9fdf7d85fc65849cda3afda7,758012132.2515522
f5ee97750fd4e04eafa9d1d7,779039612.0258241
ef9cf29f71434be184a4ebd9,789891832.6308932
e4559824c3390efd6282960a,644654113.5731988
f8dc73052c66ab334cb7be14,721914592.9734144
2e992370de3eed4ec1271589,737070705.9189023
e2bbe9221780d01a265e2ef4,974387451.6428947
b65a2a140ad5fc6e3e26b6e3,407237627.8423459
3dea0748459a295fcbd2f0b6,558677308.2354444
7a1cb1f751cd36bdb6412ba2,726458605.7557836
1381c0399ebbf19db3a11820,407237627.8423459
479b2c9c12602551bbd0212a,577607223.9159247
d463fae95232d30e0f78f93f,392669674.980243
d0df2748d371d98d76408d66,531853498.69594395
9551dc6098b721dd495e5c57,1121420477.3814778
fa736ec3f2f066cba4328908,719197074.5492225
37fc4ce5dfff7faba6bebf8c,926938736.2665143
f336d60e41c8bfee91d58728,757563970.7950788
65e1a61d984712e76829c821,1086590280.1618593
65eaf65f8dccb8e49a93b753,736937030.001122
36eb8139a5ca1b8459eb52c1,770132516.5814759
c357cc3d2f4b45ca3e1250d2,600956961.630953
4b75f2b374e8674e8b55eceb,1106809500.4532404
9c20784acde0823e9479be2f,764603080.4992653
0f2aa0d9fdcfe894caa8fddc,857714456.9040434
23374ef76774d4f95f022473,1172039178.8983092
4224e69acf9fb071d4cab498,1057555698.0194653
a41d05f2ae3e022c16088bd0,1153744451.8366742
9b30c679d7da9169580773a1,944071707.1159171
2795cdb2f4d568a782dcfc3f,1116788211.0948515
5399af7ea98c97b5906efe1d,844488842.1705008
5e93ed2a9b36625c4450b5bd,803508090.5326415
d04d42ff91707e3957b4a29c,1148270085.3398538
f32ea78bc5ea15d700d3c118,688668109.5131406
8ce2d6e505ad1da079f34a8d,1055635024.0248258
014799b9ef7d5244fb6640ff,1134914033.9426217
f50a72cfa82f3742189b7fc0,1193415202.7252378
8876b38f90f5571639b7d879,1080708921.7096243
239a2dd25f604c730136c720,1138216114.2510943
db297b6ab332cbbba338e7a0,602862878.6182317
5aaed76349fc95f6c12ced7b,1362786619.1761696
10c94f25ce3f7532bf4f3152,1036007910.0637972
d0ac1f63c75987c92038bd30,805633184.9898658
db5ea791b33be91840a6d045,1004264539.5936707
8627562772d9d63bac507fcd,890163092.6947645
b1ecdceb6ac00b6b047c241b,927441567.6542363
f499c1513abf0b05aa1f460e,1261511585.4649534
0d8b0ca08838d1dac052d51c,932643138.8954419
c54a573c9aef013dfa2abeff,1037716670.4017035
f02865ea64b156bf4cf4cfa4,1334910998.4094782
087b564ba475edbea431d4e4,738646856.4200026
2d3236cf646f19a25932676a,984847856.9234805
68b547621c25c7418cfdf5dc,971598122.2239084
097a1a08a389439cc2c760f8,361041710.6478418
e9c905ff64c7e2f8c21b0a9c,392737624.4441388
464039bbcabc650d659f6683,894026264.2292492
93c24fa31fa780d28ecbc318,838663117.93582
a73206cd21136b209f25c7cc,483961341.6965585
852a11f12646f0a1121824c2,465713339.6810884
61953f4c9bac7cac5ddda5d9,908500986.4232802
5a5377f2d087b7bb183783bb,741009475.9319472
0a85c354c48921e0ca202d15,1285671983.2396407
12f9d50fad58e4e40a187d98,866582730.369961
45ac018012e7dd91d41a5876,603623206.8388504
28f905e91295a47d106a3214,1202804859.8980353
395e3718423aeac3d40494a7,656283991.3979487
1fd7e9b1e717578f751c21c7,727637236.7253569
e8bdc4a088a6b99a538a6f0a,515228672.5143936
45b894a8b028be29ed137f1e,1422303470.2570362
f5c866d489889ab2f124799c,1028820090.7672232
3d0de71d822da8a999bb6222,658478976.3870537
ecd0b4bfd66fe04c278dd4ae,692982903.618022
9a61bfe6ba2b8364a92e5a97,831568804.0938408
e8b8d0c4cb87efc13344bcd2,1240438678.697001
1f39ea319382fb0e41ead713,1201200742.6996062
d61700c4ecc128290bc42d3f,393618851.9204402
d87cbdc4896e0e0160999520,639050437.5868044
d1281c9f037ea5c4fa683b84,742441411.2040826
310e768d2e8836432f8b3e97,439098313.0965536
c5498cdddd7856e99d21f52b,571757960.262287
d3169d4a467cb7eac41849ff,616330741.2760553
2eeb4b0d7afa57b63778b69f,1291309864.9068704
7b3621124731bcd2e543562c,833970608.8040521
5703b4ab6e77d88f751bc6e7,900874055.9303181
2c567face144ca714454abf2,1169234354.192473
7169b5a3b9a796162de685cf,1109057159.7227023
fd19e1b2e61f5efde879f6dd,814991002.5958785
55f0e95dc857256aec65ec1a,1375965605.209971
ab03c034e2a420f395ca094a,789649982.4376414
ee3c0c7fe3fe73ad0449870c,1438967099.6349459
e59afca092e0ddaf60c9419c,679509545.1210859
99e48a46a1a599471d3260e0,311034965.5407071
419398139a3aa2ca2be3f941,485322874.660805
54c33befb89cc873771c3be6,858828462.9851974
cb29bd3ae3d5da88c99d3db5,787691784.5031132
24258361a4ba8f772a83ba7c,772023234.6014796
539c12d2fe8cbf950b75a0fd,460175734.4149387
7b81996f3abd287b50adf8da,1219746668.0224543
0d9e73c14529fa3f1ec8a56f,669663475.5705484
dd178fd542fc716e32b4136a,579418134.171551
9aad22f3d25e46538e1558fb,1012348744.6183307
93df4118ec3536b312822d90,1086252754.7358885
7c6319c04025c4ed6aa3f051,669663475.5705484
98e04fd660ca1276d1510a72,700803294.638414
4a8eaccbde5a4a6747818d29,682564559.0727075
9f6ae3eaafbdfd8d5c0e64c8,1093911115.633891
5929c81cfde8ae068a8b822c,1037262808.0586858
b94ea2b8b847a47140d04008,1224021205.3131557
ac1b644a8d2ec042ca91f89c,961358911.4457783
8df9256029f526ca313202b7,1061215731.5828342
e029511780468f4cfbd10d3e,679435788.016206
0878fd8b66aeb22f6af2d7af,600212143.2052995
76258b7b7e8778cd60d3435a,672722363.788648
d64a2ad3297e2fad8ce66197,744249132.6624237
8af6bb75c85a2789156b3696,304541435.79470795
40db880aba8951909e6e4ef6,998948979.8632008
c9e20cadac540faa59d9aa3f,449716600.90562266
7d5459e48101349c75d43aec,648119978.1706259
fb0664d59b6333ae1861f343,867295597.9955223
bc6b57600fa9edfe13fb3118,790073574.0724391
d309cdb5688ff7bdbb682d17,807250827.8310837
d17ba799e68d7775f2104b3a,928350681.0803022
2baa6afba131b74487c94d74,700485922.0937212
0b7c8732558fc04f4fc51ec1,986366483.0970438
0d8cda2859d9903f6202af54,525641959.6060281
0f2913c5aa681a2bd45a5484,759676889.3168645
de6010c57fe78d975be38c2b,716768422.4251378
54b474bc7cb126bfe8e6c144,1006101410.4453533
b1dea7d384760535b770311a,669388779.9485683
9e90e02c8ed3ad137e4c3abc,539045650.0556457
b59711a5971a3b482db4d9f7,923883604.8468179
2c37a1280b18e095b43e19f5,755033017.354124
fcd7c10d81aff25d9233214d,811500987.8560915
c3b8bbc492a7d7bdd63da22f,947480181.5220687
42aaf6521fdf1dc9bc50f88e,506419277.0886449
3c268e9119b8027f78f91954,716730225.5731319
c8d5a0e9614dcf96a500206f,699731861.8565458
6c778557da9b5d99f90b1238,888671087.392101
4514844d15690b7331fdb6cb,690164487.2357019
d8e981acf77bb46a9dbd3109,806827241.9968323
b940ba03ea60d4cdc5d2d429,586720998.2550099
4fab4e66ead1948498d2a4dd,720389274.5617357
a5620899d410af623a3ff4a9,1188406774.152629
f45e3be8500d7bd91cc8855a,540340391.9709259
4b82eef445edeae7a55fd019,628827035.7412044
29881785ae39aec014c4982c,1100702025.2073002
0d9f91cbcc9339146bf75bba,748630184.4518327
b839e76df5d73e7d53691707,983255937.4394953
7ac96f16bdc50ee7619f3548,1254602845.333033
a102a0a268840439c2c8f4c6,637721255.2046403
e1132006785632e4ec5deb02,713096796.5122943
a041ed3fc0b60fc4ce3cf847,968981776.5796942
84b758716f47bb0f4e4a2bed,882563891.7304995
84394774ab45e0c8b733bed2,592749776.1651653
2c1c91f2bb4d9dae38a44360,847981866.9948033
8ba9304ea7b8d2b071bb0699,796795108.2155179
9a76cc7c650230c670e703e7,861778872.2197897
9b0833992397c6e50b54715f,761798245.675713
6f192e6a537c1509521e1e8a,899887730.6748405
d1668e2d35a939ed126a3f8e,918998710.4672656
a17807447696896bb61ef8ab,1041904534.3749323
d043d368d2584ae95ad3672c,846684612.4254996
7f2e3f2eb5abf86b56897250,869363617.9567368
fdb1cffa6b7346fde667d72c,549571870.917003
58a3a9f44bc7846ae26413e5,595573968.7660601
af230af0c73a5f2b72787c1b,1093059813.8471456
3cd5562115870363ed5d7558,1101427670.7144723
cb9d8fe7c18dba6827836403,734732919.5183549
742fd57dd463c1b5cb79f63e,564851079.9635565
0d30768d188b6bb53d599ea1,797584060.0160036
c455b8a15dbfff94c2909f37,559856462.5874413
8541eec88f0dd8229b4fb041,823974939.1814439
54aad3aa4a166d2d50df48cb,1075344511.8413024
eb9a59d4e85a3f124e866f47,798133485.1625198
d65946f9c27e417e6bc60057,483754614.4531272
dfbb0ed74ed85bd186f40ccc,337085761.8434714
84b05da6a859ff5384f37ee7,379441487.88750565
e2da7c1bb33be76b86b9a07a,443277260.34795326
456243bb3fab3e74df21b5a0,441280159.9295889
a947c2ea296f1da3d10b0a06,384726073.8532144
3929df6d73b3ba01bc018476,330108469.732287
ce44699aeddaeb77f23c9b9c,1202032948.386507
3cd3537b5f9475657060cae8,1332708479.9362347
4520ceed2e5fe3458850a805,1181442345.3552816
00dea98fbfbfeae74c513bb6,1187909743.4171505
16da41b1128c039ff8f83919,632613285.7985151
111d509185303ed970d710c7,1253536430.781296
83ad1ce7ef6d70842ec986f2,603186134.4164037
74f8ffe35e8d3bc9be725d7a,587340268.3154969
f5e7ab7c2edf566fa22501b9,1040684426.544055
2e1f3fb2323fa16150f8bc88,668521821.3245174
f8bf37a8f81a310e299385a5,659077785.8491045
7b71229680a50bc26677a427,719316953.4924018
1f7daef9ba898c4d8ac1c81b,662770814.5252807
415b68c7a5cfb073676c443b,671190494.2736211
856559e93205dd1561d8ada3,803961493.0923887
6d534e4baa1740d7839664eb,631225898.0327176
9ea78159ad117bd9c0b04291,571866222.5317631
38faca2d6e338d328428f986,600636849.38901
fcc6c3c10bb52776accaf06f,846985444.1013559
9120f0e5a6f505a2553bfd58,830962231.4024973
583a8d8c5d7fa63125f62155,761027068.9670095
3d04304c8644c81114c36f98,1006877509.0286365
21fcb5c7e497f0580b820379,1048713087.7321215
6542b39cc8d2d13dc828772d,1032140628.9966648
091f6342ad934f4e7f84045d,1269072035.9944513
fe8305e287f6a8e7899c9459,964892038.0485058
d4492ffc4aaa4ca9c4dd2357,1043547285.8909523
319b9accf9980ef2ef81099b,1044450293.7469463
fa84c07cc90e2a2058b57c9e,872492687.575279
c4749eb8f59cca469236df01,478193389.39747846
b8a5928cf1f7e704e9933bed,622506793.942927
c2ffdd10fe424afa1b09f31d,573208838.564575
f221dd5d745def063eeb7258,1046416646.2726823
319ba1ec06c9b6ca6990f4c1,1151625770.727877
29e7796eabea247af4e8a0f7,951975374.3934904
ddbca69ad74877086c4110e6,989757914.4172229
c858f0f3f5594e7bb0f3b6a4,1175004870.273118
88ae3f4a8ef76675c66e925f,1295533150.4486768
27e0810a702796d97878c34c,538811611.3305007
7450139ad1b39b2a380472fa,1149719223.6044953
35ae7661d8191507cf9e7cdf,550035911.8534875
93b8ea95ca1c1ff3881d91d2,647549644.5755342
8e4709859d50a75dd08b03e5,515223683.21402574
7026113e0cd7b2d17f8a3459,572219520.8277128
9af956dd8d83bc715592b97a,435532071.9788685
df10ecb67d79e645f77a90a6,669916018.1069038
14feeb619f409386e6eaeda5,514481042.65941584
1a6b9a6d92ec5e905ac97cce,772468745.3242278
057585ba19d6144408d4e2da,622847837.7766329
72699647b590d11ed9b2f2e8,470724471.0559778
cbc99d6202cd3a31e1c14a16,500475610.1331921
ce1d63bc4411a615b816a76c,1009084079.3267663
04f0fd25e2456759753bd2bc,889476220.9473467
8c0154eb5be437746213aec8,1128930911.6360807
e23017438478050a655f6d67,743668748.9903965
8f0b6d6dd914911c7e90d302,1109360938.5676532
4b38595746dcb78fbb459781,523460190.70371807
95aebb36dc0b4ea86db49492,1177824450.1705823
f900f7a9c5e2ea51689e8992,1151706412.4663165
3fa0d9e247f28968a5bf8476,493535386.73350835
1240f50cf2d8ef1d8713e671,481041463.33861685
14a55e5887af840860b41ddf,496694334.1814363
3ffefb3f453c54585fa6ef22,883177448.6853696
c3b357d17afd631df02dc39a,1018041068.2935072
a15aced0fffc97e219f99545,401079545.7173884
cf707785919dbb92cfc7b5f6,1281861230.1036024
70ebbf6a402f0f707b893979,645828990.9519007
aefb3cb6ad2de9ffa90b9534,551011577.8940744
b2809471a0164e3d41b8fa60,1211212260.125286
6d11001f164d81734a82ec1d,520092820.13736606
ad71acd782a4fce4d9af04be,805304641.6789383
ca86f53a857c23b15eef428a,1036680228.0413285
580452a616b4f5170eb628d0,647871609.3685409
7dc609a3c7a3ab1f9a3146e6,887744337.4366418
e8fc9a1fd4b39f946b914398,374915930.48691165
0d3bc6532812ea618d154bdc,860031845.1606079
1ee436f045a0662037f9d2cf,659661565.206702
8697b1d337145af0ef8e4619,1349758316.8527117
9a08127164a0bb61cefb3680,584631254.664219
e08e1f260e5c3231c49e5a96,449088107.0954653
b96502e30fecdfae7796f1d6,607258348.669993
a0b178016cd26a1d2072e7fc,498578373.8706844
5e3d7da3cfe55ad1fe609579,851753195.6271428
30f77637dd52e728efaddd6d,1032340848.1658785
2202c5c9a16b771d1e242c18,787604205.9420688
3dc8277f29d0a2406fa25ce1,739799389.2508867
a0f86ac00934b57d85b44dde,738579955.6973102
9168a08b1fac4c5448626ff0,764442163.3890241
cec8daf847f52cb2845a9f58,882240862.8204095
ab7559b75b340275587e50b7,1323592599.8262331
a392f7f9ace844d712ab2b4a,969885083.3601751
dd21c6799a32ce6ef27f5281,831599193.2388093
275ec6bd936600c7eceac599,1328067761.6134014
978195f1745ab7e3d69e1f50,1088105179.5881698
0e3f82238c54e85ca4229977,773014132.5376403
bc168cfefe964762cdf8755b,826190553.4358089
d22d5776b6305308c9e774d7,684861844.5037001
94d3fe901550dd4ba77ffbaf,959737360.2165625
63717ed97f95e32b2ca321f3,750797271.1869065
a7df0496d6ce217fadfad10d,764301799.0551902
51a696388218fc2e412f8806,751116994.1181762
a918c218ff761315988c6335,1019025515.1350089
d3609eabe59175fcb4441ac2,1237423189.9720535
8af2e264b801b3e155e52be8,1175165414.2938166
76e4ebad138d50c690f0aec1,398426615.8675355
9a9553eb431458a3e30fc672,950273760.9012277
117f37774a78d65f9e68f906,716641912.0085629
0c8b133effcdbcd49d52add5,729280826.042248
5e8b2528c1c0a5c12a476919,1044642227.7297916
38d6842c2807d54f386bdb5c,855238502.4209853
55f747145222c070fdd50175,1031160647.8057784
ca7d715827b39c417e5b75ad,829678386.8523172
b219848e66fb065d4d2441bc,1032598744.3127236
a04d3f4eb8810a346fd29ab5,1139975637.5400598
0b06da0ceff947975cf8951e,1049419710.9427829
3f35c44229ba13940d8a705d,1173855613.3661275
8bdebb8914fbcaad625b1764,733795331.2089578
f4635193372f669612744011,978167468.397142
611a369172eb6e3e2e4bdbfb,1299669681.4260817
6689af92cae5d7c9c3e2f215,988418723.1876339
e382002b0685aabb01891743,627544244.251416
edbb6dd10f8c9e7596368225,705630720.8562473
89b0592a715c9e135967f947,658686781.7139852
a67c6f6400a176e0a07d6772,1097264243.0111175
5c6e6dae74e39d33621c7119,1126050291.9855604
0e1c100d8e57de8296363d6f,486742756.8780252
e2e639b53456889ab5350ba0,599632329.1683605
93acd9176ff299221e0d2152,814996667.3729173
cb482d76b3b4904c595f2dc1,602934370.2139957
a0e15809e0a284fde27b16ee,955778006.5020032
9a958690c3947f5a8f05cc80,845314765.3896645
889bd77c8271961a6e4925ea,774494677.5327314
dc082fe46a714afd43b9dc19,1100940205.1103778
99f8eedcdc31cc0ff6fda7a6,476215693.108197
dfa744f733abef97d82dbb32,750961806.1652305
d50b80d68eb3b928e4bb4317,666961041.7982987
a58acad50184e66794d8d704,583839966.3598375
52871480f7bdf5ac3d785630,656386209.2194124
8b083d7ac086f52fd2942a82,1021874584.7227839
301ce25214ddb4b5144373ef,1149324608.7048872
6d76a22793aa9b571da64572,868727609.6164746
d7c48db0385bdbf7ecb7088f,1358317004.1438217
874e2c6f3e9f90db80d243d0,486421898.83810455
249667af8d0835c9830e2b37,548077591.4761921
75d3c9e0da9a24f4849f2078,519272296.2282977
9e45b127ea0303f973bac9d1,409398770.2556416
daa0be53e7a1d7ff76f32955,753702338.701271
bf7463534babd284da6ca671,429960920.00097424
0283890ab76b10547b27e634,611000995.055157
5fd213a5236154ae5206c372,1176260358.0906575
317e95fad7d399673719537e,759561830.6727835
fb14ddcaa459b49a3b30eb3a,827902607.2467579
4cb5e4aa83c476a5b71d77ce,821985947.0554545
f54d358d26af89636906f686,944725367.3051567
f002603a6990ec405d82cc47,858828462.9851974
e3b7dc4e8990f3cd436bf738,559906900.4019742
97c799300453ab511bd06361,716529849.0235605
3c1ee7e502c6bfb20873b47c,806161585.1644604
cf7741583fc5315ba70b70f1,917080209.2820994
36a0a1f0432c954604825b6e,902312520.647205
9836bf9b64f27104c7863b79,793852193.1167898
68a3f9ac977f56cd39a6a1b9,1021614070.73715
b676ed2d0af6807cc2b28ac8,1379605953.7010412
430112bf4fa9324f0149a879,525294790.3068767
fa00e05d83ee890a38c3a686,615526902.7022858
7d503f126b5863fa0626d4bb,928760610.4170835
ec03a01c961659f2cfd9c973,860709347.6826913
6a112af84d5a81f3d16dfc32,1256840800.632619
4c5d3dd8802acb9ee22ab912,674603884.9020886
d029158b36963961fdcc3974,687483730.7258052
c2071e85fbffa3d2c2168319,575150943.5173495
60a04215bee81d26f20cf0c3,651288607.8263091
6d4a961e099de1939adc6496,739256661.100258
2383b8bc2cd3d307caba34ba,564353886.2530155
d9357452fcd193b6c5284bc8,1046450741.7632251
863f8f2aeda01a9fea1cb3e0,897884324.3469818
d1a6132098a4bd640321c7d3,571157206.6384528
6edd2530070918074c8e7d07,687020195.827573
1cfe7df5431f3dc6a9289551,908133219.7035123
c617d1f15d294f0b0aea8ed8,846862382.9618144
bbdd78a7ed332e679c8e526b,432730099.9708823
45969f25857aa7263927b400,831244355.2337942
cdacddfdb6ce41a3eb752496,540110058.9149963
3f87d08afecc4aba03587848,1057697641.670769
f21d2c0802e3858d493c1984,943926830.5139887
660f3f9ed9a72d8875a9efcd,729331107.1671882
04e29dbe2175919265c82463,788494026.2874258
e4082fa99f92fc7a89092fff,795892535.1760641
05402dd344c77623fa053ffa,704808451.3004749
c5f7f0323f554a7419f78359,688920240.1925489
501193fb57014ffbd7bf218f,605446356.3013849
0922cc27581d9058e55a2239,611930780.8265489
4dcaaac494053749f30875fa,822195755.7298235
506763d35b04358fb0e967ff,701815445.5569338
8c40078231bf7af2f3a06457,527371480.20941365
53e14e867f8b02c6043ae02a,320665535.25900173
2364014bfd851a68a824d1da,879965275.9761505
f788ac4a8b2a6dc11c458c90,691341987.0386728
093c849ad2bea8292c4d15f9,1223263051.99153
71a8b68f38fccf71a229df76,850872771.2503476
ebacfa0a8e569ab603cccd11,383715508.3531602
c963faee3ac527dfab08f61c,812494057.7000563
ce3deac5963eeb96826c14f1,596086851.6579417
5607cef08511dbbf3288a5bd,585701414.4778274
8a9e6d0839f9fabad2fc3214,643450437.036548
ff03a8cc833d067d439b9903,740189235.3299588
d3e119e8fa4d96abaa8c43c2,871373252.1200058
25b893f6073bd66258a9cf03,1106256172.883001
0d70ceba3aea278cb4a2082a,933788862.7754025
07f9017eb4b8c169eb9de536,1303190679.9001179
7cad62cfb4fc3ad9acb09f1f,576128552.4765717
41d174db6f695472063ceef3,999863793.5052097
4ecf579a5d5e70d3b4314ef7,852310888.5576042
41df29e27c0bbb52aa8ffe49,607787719.1826313
cd77cb445eb0f72df89b9fb7,903091450.0661774
65766c8572b629744f00b45c,635075706.4866045
946eb4523f76bb23d0348309,694697729.9735755
453202a234f5b370ae9e586f,868751613.4147528
4e1b5798dcbed1842f260b17,654082735.3663979
f1cb3c0b97ae1c6819fb86e0,1392324700.6059692
24a89527a6744456750baf54,566072958.593587
a281d59b685eda4978e0c84c,1046469322.9597409
6cc9d912370da36c38ac2cbc,885940654.6293776
10563c278e7ce8eb2066d398,954536601.069973
a1b0b8d18cd78b7cd555dd55,930950314.2658632
3cf9282136fad24af0f7ebb1,744816558.0914237
077659c14c3cebbe192f8247,815033132.7815585
c372834e8e7a4279f861aa4c,793055223.2460765
29daf0d5008fa9e3f0f30132,532859739.92086995
08e1ad8d1f0be0287a395ef6,558147988.552394
19c07fc2b01a0edec4784e64,1030442465.8421245
c2b5216a8050ea0fe4008f59,1038520955.3395529
29cc054742b256e6fbc6da1c,912511879.3434268
755a3e09dba04bb6ba6c9851,712443907.9301965
c98157c582392cb895071f28,720545081.3175014
84f47e531a916b7f7dc1f1b3,702831207.7627665
231688922448e4d64622120e,610236303.0597131
9c7c68df14c238ce0b497dd2,711326099.7856499
d5e29042106130114cf3694c,512658297.5320823
08d4fa42a34c74c94db5080b,1263243275.6299615
e89fbcbd4d3414e30c30fc29,656054518.2748134
22af7bb676cb4c9ffe014506,472896249.52276206
b20d6ca58e91ae70b6e0a1a5,887170403.165925
5c372bd1e01f3243256e27ca,478152044.24000823
1242d7e61857ba8ad285b6f4,895269914.320731
196ac46f656726bcb8087ba9,717528650.321696
ae513b65e06b69e1ff2ad8ec,454866748.9719951
bb26b45df6a70b6414958912,451208340.7884387
9425283b41165156aacfd43b,527944761.6671617
689b510fa99bda54284cfe7e,595133667.9777608
c57d333e383039db0fcd2620,763262876.1307722
86e98ed0bd2565b661b81ef4,778192684.9377782
0e694269bbff1e45395190d6,846983895.7567348
6511180e3128e083bbbb6940,785407578.3569679
59b271bf9e2d29ed35352f5e,457407694.5789515
a4c324b1353d2f7ea3ae9727,457407694.5789515
193ff8d291a9f163a4f3301b,569449599.0814207
8ee4a7cef562d388b8444c29,433000425.1123134
53bdf5c3cd800459acca551c,442835324.152279
35ef99962cd5984ca87bd326,593967659.3566406
dc33d5ffcd2aa2b7d56d2ad3,664414771.6777635
05c47739fa4c4f00285a2c48,875642211.8894128
a51d415712d8d6c8add7009b,920032347.4902554
71493c81121558b8ba18c1c8,451208340.7884387
853a14b680761098d4bf6136,827370094.0416421
c9d5c08973c493f3acdef892,652895657.0591635
7dcbeb0aef2e2cac0d73315a,397225158.0694626
ae5a4da0000f79f12142e2a7,970002082.311104
1f6050fd5261a2d21d5a178e,254225730.03970587
e3f39c6e4a41fbdc4bc30e0f,936555234.994415
9d157878dbb41c14b52a956f,749043656.1731114
e1fdbdecc84b991f582a2e00,629536030.5417991
3a26efe201689493724ba464,606633524.1976551
6670cde3fbc11c263c6c3163,590873587.7891778
780ae52ac9eae675f6fdb312,541232997.8128992
24f22d76b86498d5c3563288,1069614945.9112321
fda25a0b6b9f62f92e3ea6b8,884844519.5074683
678ba0c80536dd27e385b31f,436841181.34371
ba0d0663943a118228fd12bf,471970029.95374215
81ba4b47e9222c15c4102992,517104911.02570206
d9ec26c1c3e1811e38f070b2,527588472.0259205
aa850af0c6203104e6ed02fa,550230678.2936741
c697ec00214cad882d5e9812,543419319.7318668
4b193d78ea6e3740bf37b36a,543419319.7318668
08c61259a756e617d976e8b8,719770239.7372441
c1c1dc8df6996a94ef3c7d33,474382464.41231406
3fdfa23ac43d1df0503ccf1e,926544593.4407077
bd4526ea5b404df442892788,503878655.41256887
1062419f9cf94418ba88b6b8,577129112.6455569
1102f91444b8e1abb636f1bc,1026468088.0785372
b96b4bf38bdbd61d4dd0bde5,844868120.194792
45ee2db87e9ca0a1a9faf050,650775055.8195246
556cb23459a9007127b3ad46,1064766197.6583102
a613b18945052b4576595c4c,994314272.5217376
fce385656705a8f4389cbb6a,1029317274.3147542
bdac560af3e155db33d13d57,790228415.8239348
fedc2418db2353b7c97a260d,1137888010.9416442
4565bcc95c54bf0c8d376eb0,1038433470.3014154
5fc559104e0ba1112ce00f5d,1067571926.381818
74fdeb4c56b29662f13aa8ca,902110650.7028481
fbaf74ce4c2c6e88950d3fdb,1085944680.2324796
5de0f045039122af0052c544,1019107822.2414231
e18337bbdfb106a3f1739960,779106357.6115333
e1b9ae3e0ce3da16f18e1079,1073500128.5908945
a57435d71ccc5f032baee302,644513171.1399972
fc5e8e45dd0a338ab5835428,741526747.6273754
918bec54bd7587daafff66e9,700336787.308786
86137b9624049333f7e0315a,714412304.0584952
0fca6767d8f442da1f8bc6d2,484826219.70595556
3ea5478270517f299b20bd06,739858568.2182299
dfff73eccd591bb26453eec5,658738199.2831441
e2dad5c148ecc797018439b3,729867578.834312
b5a62d480bc544f891fd8521,800027660.6607475
cb09a84a1d7b929607d01ee5,704039128.9734874
af067a8546e1177eefe24916,737236548.4313477
d6f9abcb58befa3d05373a72,1034756464.7267419
ec2f16aabd36fd9ee2203276,1200870754.7606978
dcafab7adc7b763bb934496b,1188085329.2998466
ede43dcb1715b959ba34a37d,739894710.1726563
40dd67aeb6e9979211c9345d,720834776.0363677
31f630c44db4be5360a57640,688187600.4737318
ee8651631861c1b94283a953,1090714301.2896063
b7d245742eef110adc91b5fa,600067220.4034212
ffc49242bb0edf3e22076501,858628316.2824352
5c5963c17bafef1a1bfd5e03,1138051064.190128
6c589b7e6a3cfad34e98bd87,1167623508.6035974
71ab3644da08b8cb0a0b34b3,792251919.7514186
aa668782ae5d0c16e57193fe,900046773.1751049
46673c69814a0b3f25818dee,1061649255.80633
b2a417a8d2440f9124fd2ee8,771126048.506415
3e0ccd899ad73579898fe73c,1353041637.6317983
e6f2c7d7317fd433e26878e4,1207991312.3687935
2d91b3a8c62b890fd246183c,1285837418.8505068
fa653848d69ce620a41a73ac,1162494873.6629217
3b6c94e3e3684eac73b3e7f6,1407086819.8675647
a6a07d35b3834bc6f81beb6d,981791013.2904323
a39617b7adfeb6ae7d5ee5f0,1185427347.16782
95e5e774dac6f0159e8afc0d,640685957.8199798
995362e3fea8e54538ac135c,867343186.634571
42525c57e13abbfafe9bb395,1212176004.366196
1ae6fd60628e7d186a5e0174,806655326.0896492
082293a465231208059c5d53,781384695.929257
732615f6d1526ec9bd519eda,578699096.03757
99e9c4f8fd7fb7929da10a20,458229460.2639321
1a75e436fc23e7f48e639b9c,489167241.45182997
54cdeb67ca9ea56205e4e533,1126406258.3819304
c412ab869616d6576cbb8309,441586105.44578195
b17840ce59c9d9619b46534d,841259151.3577778
a14f071d8e5c338d9ebed23c,464020180.5730467
84d8504f0e860b0760c3592d,925265050.7659239
a3d03a25f84f4d50d2a308b0,830120017.6973028
bcdcce01d86d648c4502d42f,558573544.8308471
33379968a83c8a90c23e77dc,528439218.3802583
ecc36a3a4610829ee3f88993,457886106.28689003
f4eca80958b7a22922b0efa1,455378948.55124456
3b4ce006ef95420847da20b9,451706626.95320356
4fb644a95cc04f7bc6cda786,433490588.489575
f8fad48343ee5134dbae918f,433490588.489575
6e8e08e09da8dc598b8a8b2b,457886106.28689003
56ff1f7e81fda0c8491c354d,455378948.55124456
444f102b4d54503044154ff5,451706626.95320356
e0eae2174807cc7ada38c726,525773200.20077294
afde90f91b01b0282bb94335,564852846.2226654
1d35c364daa0f021ef263c60,433083891.9026381
8c47395a28f8177923d7b75b,725223116.1160223
98c98982020ba42198aeb45d,643970139.2779163
ff424474d2d10a2c2a1c1892,540465344.144242
971a322e9087b67650689ea0,945008195.1706448
45a7517c4d29f5bc7787dedf,651699642.7727878
74a51274abc8358d628ecfe4,675043081.9493083
11dc32d92ac579720303c019,670132855.5851374
4c25d939eb3ec218403dc4ce,615840542.1237177
55597a7b8637f24198415ed8,778919686.840096
eb7173223a27076d16b87f33,605650287.9639007
709d17b62bc95253601f243c,688215919.1546474
fdcf0e439ae8b2ff5730680d,705394588.6295699
2524e62e917e8a1aec5c9c26,608196951.421483
ba601c13d20602c988d57246,656560746.158933
397a7d1cfb809e34797f2bb4,692145964.5905747
b54d3ce25f3f03cf3fa0127f,320861009.4081761
d51bcf03d649839ca803c357,505418027.85854435
e9fac47a0f02f27abc96d568,876991667.0010242
a52bd93aa6b0d965914f1101,687802559.1322037
16601a92574531c1fd57a359,665118447.1478473
0e64230b70f4a227b444115e,789229156.103757
ba2118c330e19baf4f3ecf94,823359190.8560095
055e29f236bb61603d4ce9eb,932309694.5697005
7c5c0f2d9a0e355069fe1c64,872412093.324064
e781547cf6f8cb4ec0742b5c,745627314.1389878
8caab74ced535ec5e75acdfd,442957979.0789894
9d64345229b60ad1853d94ce,594309078.5281414
d128186867f91603af4fa481,729958170.9717066
f8fb6d1b0dafc28920393dab,740780668.0883603
33b92225cef255b0e4b4edf9,638299263.6676946
7eb78d4dea434674a230caa6,955475858.3931814
833bd3c8ef9d4da2f304a94a,934893818.5987802
331f0957d55d7f03df7fdc4b,896307417.5776241
cee124f4b9031f59c4fbef47,808841355.3511324
8a9663cb622a55f2a1a8e3b4,711969006.8340814
25d4a0ec9301ba5d53deb780,847454730.2098417
38d4b1837c595b6d9a23e994,823497433.516937
a21923caba05da05449d60f6,730137955.1770701
63cff4b5ebb2b6528ad34cd6,760745014.2338142
948c392520e1cb3a030ce86c,881076261.8221114
b2e7fd7bcd93309664cd225e,921051879.853169
9d6be7123f2c6e610971374e,1047820951.513334
3676e34e4824101f3fd9aa2c,702593573.34894
f849ad486e84a82190675b89,595536236.7512895
2fb8b2990751692b8ef1ab6e,689538399.2720562
5155f70c7f8978e487e71479,832334449.6090328
4f076c220dad47bd9bf248a6,763908667.2256279
480041bbef3a540df2a36ea2,778728963.5875822
4ca66e564ed478d06c471357,575584344.1849132
454e4126257189bcce9b681b,1343790082.3239949
10ce9c7a0a58aad19778e5f2,1258082661.4861307
dfe8e2542755d41d920e28b8,348531374.41595954
5115b0da9c95559dcee9e58d,1126473366.8491623
8a0053376ffdc75d0bdde77a,1201508668.0824523
5688288ee38f1a69894ac77a,718158838.1250298
1fe514ada76363511cc79105,1114007216.25179
885a312d9a5bfa8a8db5279a,563439478.5621805
c716d4dfb5a3c2e1120bd84f,912140146.8569978
689aafdc12fd1610c2393a6c,787149340.3124002
c0c4ecc8d3aefc53c4c06a38,910067426.9572902
30091c32a5046d563597bbf4,528681362.4628685
2e58c9b6fbe9c57c83bc0aed,789971822.3608358
3f7c5d8304fc650bf97247ee,872843154.2319043
56334a9db3ccc24faf138edf,852888289.369877
6d0680692396c07afc1a260c,688108659.0147772
9e07dd563b6ff4572f5d9031,1080300295.624819
1278c9fd86258bcb435e7127,818425606.683096
acf0f98cd8f8c8ce06f30ab9,1183536617.976923
5e3785bd517f4faa2bcf43d6,1105450626.7418735
cfc61dd41ee5f5dcb76bacfc,602054397.0702058
2f171883b97d9c02b90f93a9,265183830.92391264
46aa67b5e0abe39dae442d76,265183830.92391264
50cb49d65d04a5d166f96e3c,788227450.7197042
06c1673c4a7444e7aa80abb7,476332458.2820091
53881f29c7a6bef0ab537466,379226065.7133799
2b028932adc74c961170a4ce,949252237.6271114
f3a1bbe01d265470a2d7332a,457306108.9816824
b42d5b5b38686929eadd56d9,686961847.129149
bafc63f23f097c24d36c76fd,926125371.5778911
f164514211012e3a1686b148,494105647.09929353
82b90288bffe8c1c0b5a1259,607930985.9523829
2fe64bad1bc8a43fedfe0700,786586691.736758
da5b958667b31f4f9a1d84a9,988234441.0846181
b3bc9a04a3ebc1b911326735,1121172580.7099867
9ff3acb07666d53f00d1f1db,1123548714.0108662
13a44ce5066ce00846b59ae3,1101706934.2635436
bb45c98dbab56e5abe20ac0d,1209491480.5573668
f88bade1cb7ee0fa643f31ad,801531341.994032
e9ab6916a79b4d5182d33bf5,1127932235.967245
144162ecfcba71bf09048dae,1036576816.7245455
19466034c2ce19c24a179fe6,708653344.1427088
3787f6da3e961c0e10d30e6d,1352919396.315751
908330b0d2651093c0bb6719,802621124.631527
66b7baef9c6c3c7ad24636e1,1217762896.2655082
69cb0f3d422c2c78373c2e0c,1006714589.5876479
1e866483995b30ec7f79d9e8,755818228.328825
866f2a55f42cf30c4105631b,755818228.328825
fede7e1a7a6f23338af6f40e,1225753015.760786
7447156f2967391975d335f0,708653344.1427088
08451af5a81fd6a63c4012cd,678384006.5582689
f63608198bfcc858abe1ab0a,693615750.0257826
e9a0dff7ae48bd3fa2ecfcfc,855564632.3168272
cc97f62e2fb9d3e31ef1c00f,799905498.8135633
ed40f198ace8a4405cce7a1a,1072853779.6322846
bf17b59bf2ac2d06894bd786,1135516641.225452
e118b149654cca1c0b3a58a2,1279369804.2449474
7f9bdd2157f6c3d488c77ddf,1118829212.470957
9350225547486ad75c0b5ab3,1349120392.7933145
d1166776fca47427c77fa8e1,1273057682.5138035
f719b387fac4f688b57dc646,1456458278.5602665
6ce8991a39ec7b9883f85000,1458335378.6244218
353743db4334fee80ac08d0b,1307461633.7971582
372a3934e8179422b5cf5729,925722868.0919411
81516aa72c98ded9223db098,1247764492.0470915
9e80db4c35139bbb18775644,1378786558.4772568
12ed2c22a923c840ef616a3c,1311193562.6373851
7bc57b136bcec053cbd073f3,1000386747.6298301
77a06084509952c6cfe8f501,531745022.64887035
73578b4214e2eca83b1e70ac,1037484250.1661329
527e571030a7d8fbbf1a41c4,1018929093.5255373
961baf163a07179bceba67a2,1093580981.2269053
76b41682fa6953a3b20d3f27,1068217296.3912692
cceb25e83ecf22252aa92d2e,1151220022.625333
210ff5d4404ee8578a5ecf9f,993665492.1936963
398274b1c46fd88151420c6e,576468981.6005158
5b328b80dd844db2e946302b,588141514.1840751
4195fdfe50e42e9981fa2f4f,958287091.2145469
2d4031f171f965d7dbce0ef6,664753352.3993591
fc1b713d5605b0030421d5a2,1041341629.6963758
cf6092df1f22a7c4b8ff9d50,616993741.6563859
8dbdd7c8971a514eb7cb4d3f,1050386168.4633769
c197faa8bdbd51c075a6d3bc,1023198180.6366382
1985a2a5c3b2b0c7eca22afe,810474495.9289563
92a1a8b617b6d2c3669167a6,804340765.4277918
2a330fdcebb247d6a6fdea23,1028534685.3379467
c3dd975d0aed59a65a784e47,842762445.0422349
608a2339d558a6cea9478756,1037964477.0806756
c0ccf6d535d1316e37e1024e,879462369.0322459
229a7640d41a8b8d6d2f8f83,1093703565.7039752
e3950ce025371da2b4ad9db6,1077456600.6990366
a7e41393473834db30f2c1da,855221076.1959221
7dcd1597e11f83093cbfd7a5,1174097387.557387
71235a69058912dec1d355a0,1210103958.7408333
349602317da0e456d88fe24f,1003870212.1890305
ddccad3e5a4eaf791ce3a7c9,757825385.140215
776d7d1326576f07762ab3c7,1095693972.444451
1b88c06bb3c1bc2bb39d1b86,790792978.7145458
1c5c4f4c731545aa3388c554,712249985.081224
aaa67089a753d255215c15be,748481336.9586954
d6d5717a4b7e2edaef162b6a,844418920.698554
0ba20e953e8e76add161cd6c,439804883.2815919
13c39860029403ea94b5439a,1292666245.144402
d5436eeef04e1a8e51a38912,444237074.8222123
21f00ad1214253dd5bb97817,1012699755.7061424
5a3119efc021fd0f102ab958,499235823.4709579
331c515e7f0dbb4460810999,673600515.3313047
9e360588b18cb15aec3b6609,558150435.0120194
a7cc7d2ceedf4d69664dc734,437081133.1004373
4e78cffaea2008f3919ba0ae,490448807.6527258
452e0518f7164287e47e6354,766245523.6682823
74286242739391c4eaecefbe,489544203.5326346
df06b65985649c7107b794a4,581601416.2592715
b6a21387674a509514fa5518,1173193740.4296427
6752fcf8f1af18d61124e32c,817863698.5560501
a7e40088cf53acfc65f4b3f5,1318867316.793333
61b9307a25be3119effbd0d2,695675503.6618336
3061729865dd2d68858600b1,571239398.1019509
ad38d5660b6f1eef23b76039,474481415.74906254
1d493f3954b15e84c41afc82,539492264.3525051
57744cb947a923584fc6bcc4,457870629.85718673
16f60cac352cc0d668d226d0,351099991.51225823
accf7bdeeff29ec7a209c509,430584170.22267437
a694b9ab05641a6325764e63,956713142.3475409
bdeddd3f84cb0ffdd1fc27bd,864012412.2998433
de9ab30042562789601833f6,512162323.65086186
1a95522f43288e32addff2ba,408896453.12305176
3cc722d5c764ac261611c2b0,537970957.867553
aba85a8a7ea2def1fdd18587,534882640.24442714
b272c1025cf5c1e1df47042c,652956136.1570497
5c449356b8b2d7e0928cce59,997296594.0839627
a56d3b5bc13c9849cf676750,991211216.2685444
942c934c0d41ab822d60c795,595689556.630933
b0fe09d086490092f1690fc2,605500977.8267814
7abc8a11d3d6c905de3f567e,525029849.9290042
16716773b2a43df0332622bb,553027664.8984982
98fdd3fc6c9447d0f05eb1c0,688795920.7167065
a59f39373ee368259b441de6,549170391.6867847
cb778195c5d61a7c4185424c,1227259655.5842571
c0277899d5f185cc78fc4a79,1073440979.3685169
44effc9574c74ea4ad98ede4,764336323.0602571
e2d00e4fd93a02ea81895355,728467643.2266401
ab405cd390c0681c3c67836e,536406531.181955
86db204f7ef6e0e0e6687246,760057363.7018844
97b791fd94b2339ba115a75a,1019581252.5331502
3897d9b5fe3a0cfaed7c18a6,450340285.9776412
ce206b82f2de3793156baadd,823545746.779058
2c924b9d45667f7168bae6ee,742065446.5010768
358eb586d9649d20dca9bfcd,1038567271.0846757
71b1fe15c5bffb750c99f648,701537596.9329782
eca500b92ff96f10ccd45e54,1085377484.4039586
7b63445c5e1ce95bd12c31ee,712324467.5128444
97d64459dfb368b1f6067ab2,725609964.44084
1b09874d5a3e4c9e0d544198,907716683.6415131
54fb79bb019bfd10e5481ec9,759481658.9626044
b3b63d292523ce0a925b871c,737444759.0563333
09759befd8899fc1e359935f,857911405.9597192
62e0110b1c8dda16cc7da89c,789473627.5235206
d98ba43504fb49a4f0bd9c05,1120133015.3608909
48815b454dfb64fe60e2cde4,514151254.9046883
40a65310ce666e80a9611d4c,1128118954.705802
a8c5674b5d110d99a1e097af,954577297.9811983
ee9e7dcede0ffc20442b4407,789320056.0404003
9e858250fcb7320b65bed9c7,1138689582.0780356
bc76b078832a3a81b6d637f8,946321014.0211867
b06d3ee14ccf3d46fe2431fb,813849674.9573498
87332a7e03cb851342667b98,915442399.7477778
faa37a79a1d72e4b8b0c80a6,915442399.7477778
0821109831351eb2501e362b,1210336108.9606872
8d01d6561223272181235c69,749105902.2896787
a0f1c94cd34fcba92f59a59a,751348442.2785606
f6a5c88d1bca87c1e89d8084,1196799255.6507401
55118881731616058c929b1a,1155052263.4558516
bed1fbafde11c156b655e04f,715909675.2243326
819d2a7c3330480b7217577d,1089590900.4900887
e1967b56ab8ecd035bf39534,868727483.7495892
08d0615cff29645ee70e20e9,1027516605.5236083
2e8af16a155fe18c8c6730a2,955865002.7846904
882e8e77fa1a71288f6b61cf,1180556625.2254355
7930bb0822caea5f6451bfa6,1045002981.5436568
993a18ae04d78d374f854262,922994553.0544691
e5527bb25c85988e00da339d,1120367170.7915943
07bd45129563bd2fd974deeb,485682648.34368336
83727953ecffc17bed632d94,458884128.7247566
2e2d3f42f4f8369733b3bcb9,627044003.8709606
3b23a71bf40e800a66bdeab2,373434971.57123923
894f346e0ad39c57fc0f369f,1062520113.2969956
d1fcd31555048d043cf084be,793285433.072445
8d48f73816b248d1166a09db,744436250.0973942
32d5a20c542a8194a6aae965,937763641.1323819
53870de54350a8cd7c13f014,894415904.2149748
31cdb68dc6476128c4bb2f5c,869281837.8878068
4be6d93d8ae1375156444f05,606133373.7844217
33a7f6aebc3e2d480d287199,1052069131.9788699
e1e188d3f9940f9dad98488c,1017289056.4262738
76167f6ca3d2c404104b77fd,1000115430.5545871
9297c340db8a74e10dbba148,780888594.3097503
0e001ee8f27e1a2fffaa0225,1087519682.4236405
ae3868ac8c44128b8a955829,712018518.9594758
bcbd20cfc50e2f032b174b56,612686438.3684531
253560c855216bd9eb102595,519492782.15027934
c9c769e7ccc99016f61269d0,600999152.7255754
7c07ba1982289ca3abcbece3,668988040.8798976
c5c024d11b3ebb2cd088bf6a,1325123656.4105425
f0a8fb06fcdf8997bcdcb03d,626897541.4181621
806f9ab2a016e774689ce2b9,392491211.3806226
4491bda913188aad3c66ef20,667057844.0300534
0c37c0d27631960f9e0fda1d,733968846.2328557
b50b45bda0905a116f238c1d,799311756.8754075
f0f8e755058d48542b9cc4e3,707050326.2152289
b3005057f48c1794b7974f4f,870975649.6569886
e1e5b0bd721a67318a3848ed,465535830.4771416
d96155b72c02bfa04f7ea98f,824583481.6085031
3825ce5030d951ef0fc2f7c5,482056906.8342906
99587dcb4237fe90acb15b5e,465208848.5537547
452ae373210337b8008ea2a3,1368839318.215681
09ae7df5577582ce7e7b0aa7,969224021.6766584
b98967876009fab4290736f1,737202426.3716114
24a4a43ae4c687bda1066227,1319183746.2906594
c509f2036a11b7132c633d2a,769183315.5564296
bda914dbacd42b2b7c6c5179,816104158.503223
5a681060eeb2fc8f1b3261da,595877755.9191738
016bb199b12846ccb0b03191,855359204.8551549
ba94676bc0385678ce3780a3,742660268.980284
b2183e5bca67574df7d5985b,382027781.06538886
baae43ea29f7e419bbecf998,581320416.4175686
ff1a7adf260e637bf316812f,409803177.79053193
8e56b5dbc4cf628ac12e5bef,1121348827.7755063
c8941b8d7626f7b33628158f,1605829713.4515548
d504ed869ece1b1d6e724452,385602637.1361364
1acb5576ccae1f0534f614df,831787804.9228624
ff228869121d053ca7bbe431,832651420.7879884
ee4dea05e93581750d613c59,917370131.7050738
5d507cdfb7c233cf96dc6a83,796070302.1131264
faae4324336f1211ce4c7809,627663243.8478574
9a8e471c8f4488c3799483ba,626433041.8595759
d040e15e50d655f4d19bff54,415984838.3718515
efc7e89ddf3de559154d8e0c,1185149859.9515848
e91598736dbb7319952f0dfc,714983173.2400203
4046ebeeb7ab85affcfe337c,1241305112.0722096
d12059af22bc7d6ff170430f,1351614397.4124823
99d39d72083d7485e8944a3e,498504286.50160325
b9ab2dcd8d1855e4bdd540c4,1116553221.653995
97106114a8d353ffebbd07b7,773594508.76532
d5c950db90c92be5fe753189,833053026.2210057
119833a13f3f7df22d2b270a,533519870.34294116
b2078743e33e1acc49c2d2ca,793525323.2985413
fb9371f86ca6f4e62ae374c3,552268305.6333145
6a39a747417143f0cd24f3bd,951787652.1788294
7bc0c9e2760e4b1488522768,1210488583.4017305
3898683e5d24bab9eea24d30,1045280620.6594787
be0e466ca7d6942282c8626d,791481003.4187353
2d65980024ded46854c25260,1322308143.0041518
87aa28825a5b8ffbac5f2e2f,649524394.5699694
918b0d900ead8267aab4cdf7,622919721.2915308
0c85506b301862fb58b467cb,752470478.9351634
4bd031478b15017efd41b2bf,1111288545.371137
48bee96c1f65b8e283d67483,561908129.976886
7618cb8d215425c931f47886,499185724.48486817
a7a219e7cd18f3c4b83649e0,546519652.1827592
9d3f5b59b9735da05588b3d5,743944652.9414641
6ac5f5f52cfeed2f0ac9d018,632207404.6904547
d885902c923752eab7b619e5,457797930.8642509
b183e2562cc4816244ce0e1e,761323906.2370523
88622b66e6c47cc62c3824c1,923241536.7959394
01230eede2a4a74ec4ee5105,1057529377.9761908
060451a9e3e0416ff41d253d,780963149.2624686
3ca0e7723afebbf53e390297,910700960.9445715
e2ecbfaacf11ed16fd71abcd,571202802.2922269
1f0d83013ea5e4c3f4beb583,749329508.8004199
450c4eff7e37a271fc24ce3b,850358446.2914677
a70d331be751cdc3bd0aab29,303201605.54138654
41ac76d4fa450fe0c377a0e5,329994493.41952187
2ef8a530db816223dcf474a1,813354829.2073351
d09c1af87ddad4ad11b82626,570998131.6083701
35b1cd8020e7efbb9ba5adde,850093007.6306931
6714f846f2fa3527641ad96c,831739863.9354377
4cd5338bcf246ebf263baa35,524393527.29983336
0878a639ab8e6b6e69a3df41,1018632356.4580747
f4c118396d781c140d8c9b08,524648129.44312584
27151512d4b592014137ac1f,1013089702.0432494
8e5123f5ef1da66571ccb600,1305627075.9206548
c491a13a87fa1ef595b35826,1002375080.0736398
52d6c4bcb442eebdab338116,1106887527.2248344
e23d93ade25e73614d7bcd77,1288799712.667439
43059ceabe98412315566838,1387705885.5053344
93b7fc7c4f07a7f117e687a4,540043908.3210238
09caddf25db3ac8e1a98565b,1036698208.1921599
e3034ebf243b024cbef83cc9,512083606.73296523
63cc884a9c5c888de176461a,918451124.8184326
069fb1f8d0f06ac2fee87314,680108060.3757737
059aaea3859c4b9662ab4df8,508846999.8296473
148b157ece514d99be0a7f93,247320804.63855755
9c4f397c093dde7de5d485cb,890837399.8683829
e28d8dac5c1c75d295a9eb3f,508846999.8296473
a804849802cc0820d25f955b,508846999.8296473
fc43df7f26644fa464ecb090,836887567.9293864
608b26adceba64d9ebc5486d,508846999.8296473
be8bbf40db0dde8ed4cf338c,508846999.8296473
d255f73d4066fe559065266f,553874475.111897
c552cfa8e6b8c8be2c963ae8,476158417.46110976
5ee020d4adc767b3b16fffdb,563447462.5096222
2a01945c2ce528c02b391c61,822359271.7470076
dd7ee555ce0b2d58dbd8a9ea,463500196.4312537
a732aefa7ea4715325e9e80e,777128288.4651685
c6faa40acaccc1603c29df96,836887567.9293864
fd8caba10cd4d1df27605358,450647604.88084406
788c49c17df556bce0abf6ce,856609552.8668962
2d0d803cdbeaec6e2626eebb,600436796.0884714
0872074f7bd512dbd4609c85,445378283.14053404
3f97341f90b11e6a7a7f7c2c,917313280.37373
2bfa301ea435f929e6c0d1ba,914999814.9107182
1d029020622a600aad4c2991,918518924.140192
8a100bd7f5da66664a2680e8,648927819.1493487
1441a28c376a20c90d72cfac,607505766.8922561
495eeef459e80680720a0ec8,624812378.7223203
df81d07cc6e8fb0a01c0f404,911756204.4517503
e23ae41983b9f112f05bb703,669236611.936328
a2ba273b099221390bee92a9,609186355.4690324
63dfd58a5c43cc7c0a468209,302683715.82751757
27aa789e29e52ef8d78b9bf5,1063264474.6385087
fbd613ac06b6bf20d76822db,731430013.8823062
2a805135d8030b614d9df9aa,938217846.4802928
22c9b57a67cbef0920d09174,351037642.42222315
fb76da6072bea5801e407990,462719565.8764634
9050b1061469970ce28742a7,376753454.42129976
96f5db1dd0f36d1087172fcf,1013628620.6091741
38cccc333e2c38bd608e1880,976820013.5134532
efede59a47d17737f90f4bcb,1108789931.2528243
bca5301e6460eb859b7ef34a,596106291.9363638
a23a13e43f3e08ab82c6ef82,383938195.0966341
8437a42a8e7ebca46eb088cd,499299704.55817854
6e3cbc252c449fd4b758b97b,526721265.9255228
6cc6b0672aaccb8909f3a751,590598301.9864451
c60c2efec3c12959d86fe3c8,566513133.6399362
d0e45d520227ef8a1f53ba28,652548292.8212655
e45293f1e6ceb2fe79f6e0d5,635984508.1810797
4202dc3f8255586e1ccfff46,650012360.3809953
1d04d5450762d664fcfab674,920112542.0654712
a3f969063f78dbd95e6ee795,579085630.5661948
2e3fc1d628f6727880d3d4e6,527713054.0517087
22ea31eadbd3a54216443137,302683715.82751757
6490a1eff73727bf62458b0c,969600788.1764777
49721aafec7123f6ff4d8010,876275059.4202007
bce608b4629b6c8512ea2fde,687113302.1250378
a7ba3ccc4831ae7e539f0cfa,492188929.0200513
959b2293af0ee4f7c9fea7c0,634201040.7450352
bbbf74a3abf9cd8718384a65,568572636.3161521
680a71ef7ec15bd919c06320,1000977101.2936049
0bcdef6d56052acd2afad93d,619204721.0287447
1bb885a07f57936b919629b9,570338349.2325215
8a222af682e2d7796643ccf7,620771621.358303
3370a48ec22302456c41ded9,568572636.3161521
46fb04e7578da5741f6da4b8,506163061.4362917
e9da7f2549d914aab6a30e10,648752276.6168456
10d0506d84d778da572ec635,915049521.3413706
966e8fc9af08e76f8b276245,524779570.62457514
0da2a849e0f83b17b006e50b,972358779.0099747
f7101a05db93cbefd6a3b31f,352521068.4093648
b74fd7f7db38ec233c6ad71f,457822912.79676354
0d63e52a47fa884e36f10810,625090907.6596173
77fa49bcb52539888d481ab1,630568319.3668069
6f412fbb33519fdd31e741c4,638122791.8618039
6615da422a3864d415b28fe9,603773929.0468738
f258fdece395f0c4f4da6a96,1004875898.0998787
c54c645c340f59dd5f47bea4,352814746.9195582
bdd287e9de82903f210878d6,657568455.7408979
e110abe74ba0ad062c9b575f,648769156.4364625
47e5ea8cb7f5ab6703803690,941919812.9442406
e71c6f7437c633e2d9da643e,772219932.8645107
783161faf2e3501c38c0aaaa,512796386.2564201
5fc3de15eb0cd87be5ed2e6f,622543081.9823878
4066155e224520530ce985eb,576478607.3411338
7745863791b5cc6d49f84c8b,390919936.61777264
aa7551be1b8d6278d38fbb00,998379687.6391457
d654c9bbda61c4c0ee1ae2cc,611140118.7936898
d224080523a2bf2e81698d15,547304602.1020892
5f8d0a2ab1f9136de446528a,976224423.9738896
405fec98d5a3c8981173311c,696410165.9503477
2a9e77fd00aaaf773d130914,473487535.5205883
279b76adc4bc9f8dd86759b1,843740717.2197576
f815ec1a63e980717c9c3290,617078743.9638993
a8fc825e34bd9bd56ec5331f,680768014.8276944
248ed6abe6e528dedde951a3,598543466.4249501
2bce6544d58b6970192a1838,638964065.6489506
352a76b301243d22d1b31f79,619459892.8178604
bb9991da696d6e1f13a32d0f,372231343.2652811
8e88e6cc55ca769e472aadfe,630164610.0074482
339ca7bc687766f517ab3274,380866924.3454533
93375efb2e74f4913d21d94f,605592973.256592
17d7e6d321bb7394546e6b7b,496007680.98253787
0f601f5ee798174ea9d52caf,566442319.9839103
8ec8cac469f2448654312aaf,1094951192.4773803
affb62139f02e524692ebc5b,504655514.25070775
c01199a4b2fbf0f6cbdf2a65,805738025.2656357
4d1f49443787c874ba19f968,965824247.7495942
035c61042b7dbc7ef888d1a7,1076910225.1398678
0fc7d98f75bc1c0b782a328e,1052541638.9331713
b1924a5697dfe829b5b8ad76,439683096.64448786
d0100c18dba3c334327b29e1,710941385.8142434
add1a20e8bba47aad2edec69,1029177766.0864553
fe8a78de9ba7b59a112e0046,594829046.0995022
b319d049a3a8e4a095940106,766197812.383435
303dc73dc1130de9aa2f70f3,661039827.9142903
e471b2ef30c388893119a010,1028734907.142434
9309d812688d0d2bdd33d830,773976047.8432673
fdb192e57e3e48f70a492b87,663559029.9018655
c514c9a35632e5a9c0476a31,868524065.4739285
3bee8a9981a1e9e13a05cafd,677204547.8664963
9c942287410db3d0739e182e,639204816.5065441
f59b9c03bcd4e0e06d23fb47,760100346.7042557
4c11f4ebc622483532c24a06,721325202.7082002
1f53612f7029a21e2e9f74e1,881328870.9693464
1f4b6eaf52fb940e666c1c93,810407273.0874256
dc65f0bafddf39c6c4b2c9f2,675358255.3648818
344823ba2777540ffa2a8fbc,1113223679.7516494
8cef9b18f20e9c5a32e7ccc9,973754128.8129358
413d6e4fb772beff60f73e2b,1012470769.3183289
15d3ae51558bfeef80b9e97b,809743742.9923059
b81c26f2ea6b66c8315d1146,1025009937.6851441
c3786f81345d39fd8b353da3,1119456250.3139708
6c568d2287dcf12b2aacd388,1094184225.1695704
e6482f3b6184515453d16bf2,919460583.7840726
32c7b848ef60432d98f415c5,750567701.1063007
1689c3e3982382e27a4ae074,753198712.9508964
3d0cc51b7a2392f3be3b1666,699871014.2375549
1dbec7879e793ba9685741b4,768307485.4778626
82ff2a63a863c089ea90bb5d,925138107.0906254
3d9856c3ee0a4b5a833c69ab,454486637.25509787
6f293451319bae38c71b8266,759680964.923151
dfc817b569fd71d2dd47e980,1152669370.2333705
c34d46d83e76f54d53cadcb2,700742253.1408771
e08ed8c82d05dc3cad8cd2c1,1078322368.9348085
e21f2a8d9c641e45d442686a,1122787888.3631654
f1793973b462cdbffb1ad648,1015227416.1220385
b15bcd6248958d98867ea585,767861849.4814653
e640424f3b7d1db403c36ba0,1089678391.9104972
658c0b009a09339a3f312145,808295447.789508
f01fa45466e2730f935a4128,665173331.0935888
b4d69c7bc93efb3790eb1422,1083036678.9612956
c2242a77d30c0abbed667ce4,1088891319.0086098
39542105a7c46ded0cc373a7,1171177816.51325
13f42390057bd294cd787822,757468146.9555658
183d99d88d1e7d995180918c,619456982.8746915
60dd7dc49139e7816dd8b143,796031972.9794765
6d2ec752890a2f1c4094044d,920530294.796025
0e776964ba3733f3ac18a7a0,1043107436.948794
92369f73435d1ac3fa95f185,736153540.3916564
8db285eda04ca37b86dc9724,995208117.7190804
a7b14faa46e7b73ee4e95ee6,791788373.9155624
010e676743f6afc01fd0838b,1047052295.2557058
987199d3a23c08ca887b301d,784519744.6982038
4fd8643e1c43ce9a0c18a19e,724304032.4459679
4d0985935e1432b3916d45be,854711838.9645697
4623317e8c9044e314ccc4e8,755961413.8908194
ef8430c4d15e5887b8103bc3,1010255978.8249873
cd6ecb0f77acd93cc1c9038e,1012248051.0240448
b0962bfdb6a2c79a0ca84e48,690881650.1970178
7bf592c5c34bfe6a5df3dd40,886050582.1990654
9337becb0628955b47e45b98,1010255978.8249873
9ed0bcdb62b2223d716d40d3,833376214.97188
4255eae670033d9c9e9a6e3c,726661219.0194455
c5346c37454ac2b13b92240e,1082804758.6929908
94fd4bb5f41087921ca12b58,654697072.2829359
ded674ba9c7b76cda404bac6,717097611.595206
ce25e9fd3bce9b75050aef5d,1117929112.625761
4e7d3cbe3c62123fa7e2d969,1009254421.5049057
dcf5b42ecb23800a458562e9,1155801540.9147217
0d53bfcecf0397ca27e5f78c,905809444.8041772
f4ecb15ef992a677e8b4fee7,573649575.2128496
46eeb8f186f86f7859274d4d,1095764380.9426777
b5a7d4288dc7a7868678b9e4,952124381.374114
34f99327fe595ba6e32d89a1,738962684.9102225
9a53016fdce3d3b5c2baf3fa,1017002456.3974762
26be10d0ce8b763e9b457e76,740746769.9107034
2e111ff939191cc6df2c59bd,647687612.9846146
ddcce0b9776593e3ef3ce21b,646712455.840354
937c0b6350beb0f51e53ff8c,596621361.5742412
f50941445773dd62e87e0416,1028734907.142434
93a1aefcc4ccafe4866bfc76,610477096.4288924
70c0a72b31dbc1b97c102c13,1026656079.6941376
8aa9e1e89993aa49c5c3eced,677565226.043204
2a5ecebe40fc09b45d6ee5fc,450405506.3486289
5f798656baebb094a3c83793,1157516127.681155
596b6f435f76058493a16cd6,992243591.0449793
1c510a71734e955f75187106,780260431.9631054
07de14db9dcc2d4f9eac0dd2,1261368110.7459345
29503210dfd57bfef8f16802,664634596.284302
89575a90c7b9b960c8f4e052,792563193.9826733
bb5a6045d18e19613325dffd,816434414.9542744
f984d34c8f27e3cdb7c2a44a,787139627.1979803
90822d4e3a369948cdc4d998,673932762.4212137
5b9a21a42d5f50ed4b10581c,934402011.438061
1be01d052c6a65c5ed286bf4,885144141.636271
b73d317e1e8ddc3d5d0743ef,984051558.320148
bcd302e3b5342ecd8cc056bd,1162366272.8608136
eb8956f0c4a885619bf1ff79,783545905.1553838
d5b950c5510c19ccb926e7c8,1052661260.3291047
1e37ea0918a00bcfaded3453,731910651.2708378
1d55f4694f3e000ee3ce47b3,876783837.3162105
cdc3e114698984145df842c7,971471353.9096723
9c611e246a612ac6906abe8e,1181182463.0449445
c0c820463dfec602a6118ed6,858791602.7127959
6302d4fff078a118c3211794,1076696383.9504008
c98807fc596bb2f505b4da9b,1159940481.5327113
cdde8657b5a215915a04126d,1178162099.209124
3b2fa7905fd8fcb3e11ebcf2,858791602.7127959
59764968800501c68631aea3,928740621.9155707
9eab02171cb5f15963670172,1143669784.4920478
61f84e5a07f37865c31d4a07,1081046214.4421911
1494f223c9d3ffba26e42738,1307930026.1573167
ba137cbd10757ad20e5991c4,925232221.8842466
d2fb81a477ef3690cb11c93f,1337244297.2096457
ec4f7794cb756b995d5d207f,906250831.4239383
ea4add08aa912717cd42f9f7,1235130402.9219027
f11d7627e2f18c9a75595501,1239668161.4020853
8095589d5e1a55a76281e13b,1114525389.6395285
f5add08cb615eb18b3153bf2,1144821841.5892322
1894346a27970572aa703cd2,877132725.25706
805a491334f865f06ff42329,1062150260.0747044
062d5544f5c96db90fa3a526,1267026244.8029926
332201e2583141f3a02dcca4,1106995800.7066796
4baf1bfced8e85013eca94b9,858791602.7127959
8bc002e1f02beb4d83a6f6ae,809166470.7492926
adebafcf3eb0d34ae31718ef,1348420404.187055
60b5b0aa0c1319557cd0cc85,1420630295.58524
3393fece8a6ed311ad865e66,770245215.4815394
df4a1968046eed5326119599,1168386941.9800615
b044b9a587b2c6ca00447177,1206424129.4725223
005ab848b35907e42aa0f4f2,1303075727.181069
140a0002732574ecc516e9a8,1221391462.6054559
bd850d1ccfc4b21a72f3ec44,1039120934.5407751
c6dc8c201ce38ff2ea49cd68,1069895760.3023217
572ae40f693551547e13a196,1162904219.2381282
b39d1b2637dd8e307c8ba13f,949953584.8580747
2ad02d6d56b95ff3382b53b6,1108318879.7921748
5201393754f4a5f2a476ef0e,1061794829.6556327
72a66bc6d15390eb05a5c688,1152715786.8708198
1f1f3e47f3593e4b2824e628,521093191.65350807
bb7e14611ea6b5e4abb5b89c,766387260.9995799
b82f8abc8001cd6731c4ef45,747952122.9782873
6228854021e72af611d2e59a,927531109.8323783
6d21e1de9c880bfbb17350cd,778120980.1177113
7cfa0c98191ef9b7c45f0520,358621063.44869435
a739d80c3fb6b166a2c2182b,510637419.6136384
36f85981124e858c157f83df,922261762.1589401
3d6d51ca99f2747d6b92dd19,916505159.1219753
092b7b5bafe25bf485de37a4,795198632.6559955
f2e0163fa07f89820739dfcf,1147108796.128638
ba47346e7a53412e78363ac4,654145807.5424311
f86e80b2a831572b85b04e55,584290962.7773751
199a6f7df516a685f086dfa2,592709614.5466254
81f6d6790aca5e9270c3d1a1,429634397.59948575
74f099ca0d949c8042569d51,323009372.1449817
4df3717406f9852284576caa,525156724.239992
5246f7d8023a4c178af6d10c,664053603.3292469
69d9908e13bf7c8ac4c30531,373517618.57247794
e336d9d892441c7ad886a98d,611610128.718545
f82e1c70884ee1285e1bc491,310825490.8301051
0ffbcf7d58378c85b4103c7a,878882298.692822
3679e1844a35c0c87fffefeb,505563311.8870397
955a15a734e56eb287555307,382474351.52730924
722f262a44b2bb6fc05ec35a,458887676.8139886
48c346042d9cb826a3714466,339171203.14648324
bc4b7bbf5df92f476b6be103,325195561.52034116
667685f89a61aa2ad5c9ac7d,479615026.70426345
8be5fca8f4339712c6f3e29e,430012106.2191974
09a5fd22f920267b464e2a00,651520340.8183666
f6d2d31af94a6a73912dd9f5,815682940.9067286
0e9a5ea81f6d91038d8711d9,717805957.0221913
8b2d8edfa6788ddc0c7b3eba,725981731.9175543
2f48a73bfcc91272161afd39,1070849754.9261471
a78417c74b8c99279912e427,794991742.9339906
4d69f7c7e0e837879abbdf78,414167312.6172831
926a7b18e48cdbf6ac3b396b,601466509.0215925
a06733f7b3ba964c20ae2698,735071794.4426017
02d598a32d864c289e3ba6b0,759837585.5947151
3977cf1326ff502251f78f66,911888080.8200736
c3cdfd0733404ec885eb3edd,965394839.165278
a28bb09e30bca82627e595c2,1123958702.3011622
0a2f8c8ca6094e6626d4e8b1,735593252.5910089
ac9baabfd96d58e376149a7e,881498415.9069954
700a052900adbfa149dd5b6c,1112456081.7673974
4b30968cdae59b4ef3298f19,839075421.5911912
c673d94552bc3e451672939f,904645823.6129609
75392e8381e1c891377fcb29,868571684.7561909
a55d7074220aa6a750297c08,861695256.8334222
81eea19e7c12d65d21e23648,1088038329.262803
69df7bc1d82d9723c70eca70,880530894.1287104
815cfcc4d26738f74cbb67ae,639917699.7456362
5ea150753f8d07c71af45cd9,766165741.6744764
f851b02d18e74610a900bf14,951916249.8390849
76b9af8036e38d5d30ac4c7a,1286888899.2443848
4ec5ab39cae4afc3b0e69438,1112682928.4243312
c74020c85c9fcb2a2cb3ac74,1050694361.0563426
6d6ad5e3ebaba1c11dec0f16,797597098.2910075
acbe4eb98668ff4967a8cb86,674031210.5380135
16a40e3dbfbb9c703e04028e,689157651.6455584
ee5fa0932e098cba28d950b1,780184243.9337901
5f9fa56b99677a489a9966bf,766387260.9995799
4045e30cced205e8c5b2373c,707959385.3681389
eb2c7a973d4d6ce8e6ae87a0,1052691694.8511248
99c69eeb96e1016a7e53b33f,1048421875.3099254
aa7f56d05ed29183b825d61d,605414682.1761445
4630a9af58fb79c0008e5fa1,613930040.3195807
ac003932eba3a174c5b998ee,592791450.670169
56a7470ed14454665aaef75a,1407086819.8675647
a4e4f56336e07304cb946b1c,1064766197.6583102
00ce045307538da1b0bb7972,590873587.7891778
cad720be1395e2ab5869807c,755244279.8976429
344be03236aed65e74b14a2f,454376220.742671
58a86bf535b4c16b50dfca06,342541208.4065703
d52c3915fd7d2ef8c92a22fe,432714619.4033232
8a4b7e86a90a296e10a49ea3,510291141.75079143
e1717a317481b0765a7a6a0d,600706166.743445
97fc10f5ce4a6fd7357381a6,454376220.742671
428f4bc76d4cd315ba8f89e9,549829924.9949014
4d882ac2b82569f74aa08824,311126981.9069861
948ba87dfd7993460c967cb4,450688346.83255315
1bee6a5aed5417181a3db77f,526955848.2409691
63cdd73026431f5566fe246e,792049570.8852195
013e2a07f94a99323b64d370,1022567239.8401358
ff56b24cf15289dc6d14800f,718854017.144008
7bdb94165857bcd37206cf18,593238158.5462774
1d1e29d9601aa0eddb4d6c2c,792582069.7616646
a8c9489973c54b93737dfe20,650291255.2731671
254892c6b84c59ff5ac4f354,526053818.4170971
c6e9772058edb2268434d7cf,784682841.341962
916a413537580440c4ac6028,559426165.0351796
bab8e472424cd57faab87ff2,614213325.9471592
eae5eecfa2fe828afbc94b0a,510109209.5594951
da26059a2cf36e02b8702320,525354731.55362004
e18fecb7e40bbcaf26c863cb,792789632.3425854
a55906464634558b94d9298e,565470091.8071643
3032ae39e739fe46e9e198e5,1005045472.3642092
663e062b85f16c2419f8456b,581634731.6339424
aad0e527c4bf6283f76b5bed,920834723.0406933
32fbc0f1934f7325a404a2eb,776738681.1331433
07d1137c1f0aaecbbad32f7b,689594382.7176962
3058b792e3f6781e438a2e9b,871452985.1555761
33d6b1bbab4524c3aa03756c,494279294.80009985
c75d43b8089321e359e14264,684173802.5026878
29ea1796aede16cab8a50497,343838898.1197784
bed21c41b31a3bf2095aa273,998218370.856853
ec232a7ee3aeac713516614b,693345286.3481033
bb7c68c2652c7e124d88631c,575449829.8978747
697b6c6f7666391fc689cfb9,678138594.0946
d912e45dda1a3a628fdf50d6,1028348879.360069
96fa88a07329d3988b6b41b3,792459690.6059496
66019487c37339e9354ca999,867667535.6882354
fd2dcbcb8a31e97f31d22a53,1044727352.7440674
1a309175498997e1b8f0aae7,844577659.044661
e83119808dd08ca090f5ed85,875632425.5944381
1a26960e24de046588ca7837,707220779.6859783
379c4fce87557848548b0944,476637330.03787863
b2d7355eb2aa975900776275,968106842.5841075
3b05e06aa0bc40b9db16416e,471375843.45015955
4a5405b1e181f5b10fec35a6,857563006.3162206
aff22625564f00844ea2610b,657074812.4022034
b40addfc0da42b0e530503f0,565739761.6353278
9200d647b6ce9aea67ff8ac7,594328530.4307015
3057660e38fb757dbc8bd898,701555328.899124
799be2171dae4763df530e4d,981454786.4796476
819265a930d32a97533d132d,797834302.5525743
9ba689b29d0696fb7ebc44d5,1174325473.3145654
0f7e28b6efb9d550ba28a1e0,670432840.1897874
57551742fefae23bb32571f4,713283331.4969239
9569a50febeb4163e28c192c,761898773.1840949
1d03efada56f8a70bdae6aea,605471140.6594634
bfa56d6230b858591743473e,805673358.3544145
ca54914a1cf1028b9c8b681f,624217400.3044215
54304b6117b797791d266cc0,652945418.9302329
166ae8e3d0704209d6715240,785352262.209676
b56659e70367566a4ddb81b2,958776459.6151676
2641f220611056a1f5616dae,1311063404.461857
08a82bb9fbe4b7abb50cece1,702228930.9199328
b40a9888ec0379fbf85516a3,856568749.8708276
d35462df6c686296a3c7bb23,677589579.1319585
db244703ce223e6acacbe85d,909866041.0391798
a90df94f959030227fa015b0,705811191.4903587
d97d462ac4f5d9cbbf04e9ca,735622485.8761656
7fe6ac57e87b8126ac4f8530,871542778.7382402
69c28dce8eeaa86605143419,977072777.179838
2bd6682ad8343b69fae1a59e,870240565.5219622
2e6fb29cbc1ccc3d97c92c72,977740694.7030332
9eabba4531191127ee91621b,1010872227.7668421
d0c411218ffa7c3ebc10783e,681329799.1465297
0c61a011d7fe0227be2b3575,711182378.1477612
2c47c3ef9e139d8c4513a090,912563232.0718288
f6503aab62a68ca16eba3fec,1389898088.9073145
e7dc05756684b070b36d681f,769535953.3306892
17484950b143d0395907ae6d,650444638.8746234
3d997123b33373024bd2cbe1,1036440862.9242022
ddba305c2a3ad29db24a0658,940892745.8770204
b65efc402cfddc0aed4e1d76,721329092.934955
4a7ecb05c9886bc35f6b9160,723818217.0314789
b4e14604b888c994b64f94ba,792821945.2229682
ab37764e5f4e00097eac947a,1132834746.697869
764da64c41700da5ee80b8c7,691955485.8626896
8a84a073b855e37a12327357,916321185.0531332
5a6878f8a47f1fa2fc1d600d,1252224637.4439359
505f3d545ce83d0c848f828d,1209145207.7690735
6687a2299f38c15598d11eef,1073530178.1856564
533134592237b2748915eed8,866200028.4209275
daae80933675e767b50bdd17,923887752.4895612
945f85a061dc4e95e779e27e,1086292470.566359
62dc69d80cd6ea9fb7fe52db,966799645.4385614
153436858070f7e724f0cbc1,823778713.9722517
7f9875a5336a32d73df2402c,947264132.4055061
ac11141115d391be44e6426c,744094500.1007847
f8243b7b679dfe8303180d73,1340096272.1833057
1376106ebc19c929df27bb62,797061229.0664523
f591597c9a1ddd9852eb3cfd,1020619762.7017896
a748841236a7a7fb33138845,503772187.1293459
6ef43ab43841696400d91859,594139700.0725669
601310d800d88f0d387235e4,1161422365.1126688
db81ec58863dcc5d12839883,537035691.4221597
68d35dadc6d0dea61bf4b513,628085793.3407568
ba9be0b67571b1e9242664e1,631838560.6656209
1690af2e30b05da545f1576f,1121219524.8947184
fc72ebf9381496067101da61,432522962.29157424
3a2e95f5eddda4df84b2e2b3,594639872.9205523
a660d5809085b4823e287a5e,821779962.0517383
799301c01a3e7fc2af5a14a9,888970232.1575906
824cad597aae34d7d59ac939,711653420.7166637
23cfc154896b93bce4356ae6,373696236.1362857
a9b96d2a23ed155043085e87,961155036.8047781
f5d529ff6a35fa78ab14de21,578715233.2691209
9b337cb1451a8fb078dc9a07,706658730.6215533
cd1fc7362660bce494b5117a,721520985.2802299
26454cbe44a07cd0df12ca07,992251836.3566089
cc5563550bebb29c83ae3054,1127946003.143868
109bb36f29b223a81dbfa340,811936119.4573152
31081c78ce92e1d8dbb315b9,976882554.4506162
502aca1a1097438b32eb362e,1130771340.5475564
4c90ce573f1d61d11294d05c,1169254869.7926495
87f1e9ca16a7ea48de04fa73,1249129430.6858184
224f6e839dcbd91491f3f1ac,386697595.7122943
8ee7d2e0692e49bf9d308b4b,873450934.5281223
a3ff6a1fe37a1bb736b1100d,730549603.730108
97d49e61c1ef55451e52c8e7,741372100.8467622
b6514cdb1e2cf37e3ff8090e,1299931848.503078
